Client partition: 100 clients, min=30, max=1447, mean=500.00, std=220.72
Evaluation protocol: full server test set evaluated every round (10000 samples).
VGG16(
  (features): Sequential(
    (0): Conv2d(3, 64, kernel_size=(3, 3), stride=(1, 1), padding=(1, 1))
    (1): BatchNorm2d(64, eps=1e-05, momentum=0.1, affine=True, track_running_stats=True)
    (2): ReLU(inplace=True)
    (3): Conv2d(64, 64, kernel_size=(3, 3), stride=(1, 1), padding=(1, 1))
    (4): BatchNorm2d(64, eps=1e-05, momentum=0.1, affine=True, track_running_stats=True)
    (5): ReLU(inplace=True)
    (6): MaxPool2d(kernel_size=2, stride=2, padding=0, dilation=1, ceil_mode=False)
    (7): Conv2d(64, 128, kernel_size=(3, 3), stride=(1, 1), padding=(1, 1))
    (8): BatchNorm2d(128, eps=1e-05, momentum=0.1, affine=True, track_running_stats=True)
    (9): ReLU(inplace=True)
    (10): Conv2d(128, 128, kernel_size=(3, 3), stride=(1, 1), padding=(1, 1))
    (11): BatchNorm2d(128, eps=1e-05, momentum=0.1, affine=True, track_running_stats=True)
    (12): ReLU(inplace=True)
    (13): MaxPool2d(kernel_size=2, stride=2, padding=0, dilation=1, ceil_mode=False)
    (14): Conv2d(128, 256, kernel_size=(3, 3), stride=(1, 1), padding=(1, 1))
    (15): BatchNorm2d(256, eps=1e-05, momentum=0.1, affine=True, track_running_stats=True)
    (16): ReLU(inplace=True)
    (17): Conv2d(256, 256, kernel_size=(3, 3), stride=(1, 1), padding=(1, 1))
    (18): BatchNorm2d(256, eps=1e-05, momentum=0.1, affine=True, track_running_stats=True)
    (19): ReLU(inplace=True)
    (20): Conv2d(256, 256, kernel_size=(3, 3), stride=(1, 1), padding=(1, 1))
    (21): BatchNorm2d(256, eps=1e-05, momentum=0.1, affine=True, track_running_stats=True)
    (22): ReLU(inplace=True)
    (23): MaxPool2d(kernel_size=2, stride=2, padding=0, dilation=1, ceil_mode=False)
    (24): Conv2d(256, 512, kernel_size=(3, 3), stride=(1, 1), padding=(1, 1))
    (25): BatchNorm2d(512, eps=1e-05, momentum=0.1, affine=True, track_running_stats=True)
    (26): ReLU(inplace=True)
    (27): Conv2d(512, 512, kernel_size=(3, 3), stride=(1, 1), padding=(1, 1))
    (28): BatchNorm2d(512, eps=1e-05, momentum=0.1, affine=True, track_running_stats=True)
    (29): ReLU(inplace=True)
    (30): Conv2d(512, 512, kernel_size=(3, 3), stride=(1, 1), padding=(1, 1))
    (31): BatchNorm2d(512, eps=1e-05, momentum=0.1, affine=True, track_running_stats=True)
    (32): ReLU(inplace=True)
    (33): MaxPool2d(kernel_size=2, stride=2, padding=0, dilation=1, ceil_mode=False)
    (34): Conv2d(512, 512, kernel_size=(3, 3), stride=(1, 1), padding=(1, 1))
    (35): BatchNorm2d(512, eps=1e-05, momentum=0.1, affine=True, track_running_stats=True)
    (36): ReLU(inplace=True)
    (37): Conv2d(512, 512, kernel_size=(3, 3), stride=(1, 1), padding=(1, 1))
    (38): BatchNorm2d(512, eps=1e-05, momentum=0.1, affine=True, track_running_stats=True)
    (39): ReLU(inplace=True)
    (40): Conv2d(512, 512, kernel_size=(3, 3), stride=(1, 1), padding=(1, 1))
    (41): BatchNorm2d(512, eps=1e-05, momentum=0.1, affine=True, track_running_stats=True)
    (42): ReLU(inplace=True)
    (43): MaxPool2d(kernel_size=2, stride=2, padding=0, dilation=1, ceil_mode=False)
    (44): AdaptiveAvgPool2d(output_size=(1, 1))
  )
  (classifier): Sequential(
    (0): Linear(in_features=512, out_features=4096, bias=True)
    (1): ReLU(inplace=True)
    (2): Dropout(p=0.5, inplace=False)
    (3): Linear(in_features=4096, out_features=4096, bias=True)
    (4): ReLU(inplace=True)
    (5): Dropout(p=0.5, inplace=False)
  )
  (fc): Linear(in_features=4096, out_features=10, bias=True)
)
********************************************************************************
Round   0
ROUND_ACCURACY method=FedPhoenixRG-Persistent round=1 accuracy=10.000000
********************************************************************************
Round   1
ROUND_ACCURACY method=FedPhoenixRG-Persistent round=2 accuracy=13.230000
********************************************************************************
Round   2
ROUND_ACCURACY method=FedPhoenixRG-Persistent round=3 accuracy=12.230000
********************************************************************************
Round   3
ROUND_ACCURACY method=FedPhoenixRG-Persistent round=4 accuracy=16.290001
********************************************************************************
Round   4
ROUND_ACCURACY method=FedPhoenixRG-Persistent round=5 accuracy=32.419998
********************************************************************************
Round   5
ROUND_ACCURACY method=FedPhoenixRG-Persistent round=6 accuracy=17.620001
********************************************************************************
Round   6
ROUND_ACCURACY method=FedPhoenixRG-Persistent round=7 accuracy=24.139999
********************************************************************************
Round   7
ROUND_ACCURACY method=FedPhoenixRG-Persistent round=8 accuracy=23.680000
********************************************************************************
Round   8
ROUND_ACCURACY method=FedPhoenixRG-Persistent round=9 accuracy=30.129999
********************************************************************************
Round   9
ROUND_ACCURACY method=FedPhoenixRG-Persistent round=10 accuracy=29.730000
********************************************************************************
Round  10
ROUND_ACCURACY method=FedPhoenixRG-Persistent round=11 accuracy=38.230000
********************************************************************************
Round  11
ROUND_ACCURACY method=FedPhoenixRG-Persistent round=12 accuracy=36.910000
********************************************************************************
Round  12
ROUND_ACCURACY method=FedPhoenixRG-Persistent round=13 accuracy=38.220001
********************************************************************************
Round  13
ROUND_ACCURACY method=FedPhoenixRG-Persistent round=14 accuracy=46.650002
********************************************************************************
Round  14
ROUND_ACCURACY method=FedPhoenixRG-Persistent round=15 accuracy=45.459999
********************************************************************************
Round  15
ROUND_ACCURACY method=FedPhoenixRG-Persistent round=16 accuracy=46.720001
********************************************************************************
Round  16
ROUND_ACCURACY method=FedPhoenixRG-Persistent round=17 accuracy=45.529999
********************************************************************************
Round  17
ROUND_ACCURACY method=FedPhoenixRG-Persistent round=18 accuracy=35.709999
********************************************************************************
Round  18
ROUND_ACCURACY method=FedPhoenixRG-Persistent round=19 accuracy=44.220001
********************************************************************************
Round  19
RG_SCORE round=20 layer=features.0 mean_q=0.081847 max_q=0.267023 fraction_q_positive=0.828125 sampling_entropy=3.960480 uniform_entropy=4.158883 entropy_gap=0.198403 max_probability_over_uniform=2.696858 min_probability_over_uniform=0.250000
RG_REMAP_SCORE round=20 layer=features.0 mode=persistent mean_q_current=0.081847 mean_q_previous=none mean_persistent_score=0.081847 sampling_entropy=3.960480
RG_SCORE round=20 layer=features.3 mean_q=0.059730 max_q=0.116280 fraction_q_positive=1.000000 sampling_entropy=4.113614 uniform_entropy=4.158883 entropy_gap=0.045269 max_probability_over_uniform=1.710082 min_probability_over_uniform=0.418985
RG_REMAP_SCORE round=20 layer=features.3 mode=persistent mean_q_current=0.059730 mean_q_previous=none mean_persistent_score=0.059730 sampling_entropy=4.113614
RG_SCORE round=20 layer=features.7 mean_q=0.049782 max_q=0.101558 fraction_q_positive=0.992188 sampling_entropy=4.820838 uniform_entropy=4.852030 entropy_gap=0.031192 max_probability_over_uniform=1.780039 min_probability_over_uniform=0.250000
RG_REMAP_SCORE round=20 layer=features.7 mode=persistent mean_q_current=0.049782 mean_q_previous=none mean_persistent_score=0.049782 sampling_entropy=4.820838
RG_SCORE round=20 layer=features.10 mean_q=0.043774 max_q=0.087141 fraction_q_positive=1.000000 sampling_entropy=4.828476 uniform_entropy=4.852030 entropy_gap=0.023554 max_probability_over_uniform=1.743026 min_probability_over_uniform=0.417044
RG_REMAP_SCORE round=20 layer=features.10 mode=persistent mean_q_current=0.043774 mean_q_previous=none mean_persistent_score=0.043774 sampling_entropy=4.828476
RG_SCORE round=20 layer=features.14 mean_q=0.040955 max_q=0.081388 fraction_q_positive=1.000000 sampling_entropy=5.517949 uniform_entropy=5.545177 entropy_gap=0.027228 max_probability_over_uniform=1.740433 min_probability_over_uniform=0.493658
RG_REMAP_SCORE round=20 layer=features.14 mode=persistent mean_q_current=0.040955 mean_q_previous=none mean_persistent_score=0.040955 sampling_entropy=5.517949
RG_SCORE round=20 layer=features.17 mean_q=0.039022 max_q=0.066574 fraction_q_positive=1.000000 sampling_entropy=5.530565 uniform_entropy=5.545177 entropy_gap=0.014612 max_probability_over_uniform=1.529546 min_probability_over_uniform=0.475188
RG_REMAP_SCORE round=20 layer=features.17 mode=persistent mean_q_current=0.039022 mean_q_previous=none mean_persistent_score=0.039022 sampling_entropy=5.530565
RG_SCORE round=20 layer=features.20 mean_q=0.039846 max_q=0.061646 fraction_q_positive=1.000000 sampling_entropy=5.534711 uniform_entropy=5.545177 entropy_gap=0.010467 max_probability_over_uniform=1.410321 min_probability_over_uniform=0.644390
RG_REMAP_SCORE round=20 layer=features.20 mode=persistent mean_q_current=0.039846 mean_q_previous=none mean_persistent_score=0.039846 sampling_entropy=5.534711
RG_SCORE round=20 layer=features.24 mean_q=0.041173 max_q=0.078098 fraction_q_positive=1.000000 sampling_entropy=6.211638 uniform_entropy=6.238325 entropy_gap=0.026687 max_probability_over_uniform=1.672632 min_probability_over_uniform=0.330413
RG_REMAP_SCORE round=20 layer=features.24 mode=persistent mean_q_current=0.041173 mean_q_previous=none mean_persistent_score=0.041173 sampling_entropy=6.211638
RG_SCORE round=20 layer=features.27 mean_q=0.037594 max_q=0.080712 fraction_q_positive=1.000000 sampling_entropy=6.220241 uniform_entropy=6.238325 entropy_gap=0.018084 max_probability_over_uniform=1.860205 min_probability_over_uniform=0.530624
RG_REMAP_SCORE round=20 layer=features.27 mode=persistent mean_q_current=0.037594 mean_q_previous=none mean_persistent_score=0.037594 sampling_entropy=6.220241
RG_SCORE round=20 layer=features.30 mean_q=0.037160 max_q=0.072138 fraction_q_positive=1.000000 sampling_entropy=6.212488 uniform_entropy=6.238325 entropy_gap=0.025836 max_probability_over_uniform=1.705957 min_probability_over_uniform=0.257568
RG_REMAP_SCORE round=20 layer=features.30 mode=persistent mean_q_current=0.037160 mean_q_previous=none mean_persistent_score=0.037160 sampling_entropy=6.212488
RG_SCORE round=20 layer=features.34 mean_q=0.057084 max_q=0.134792 fraction_q_positive=0.992188 sampling_entropy=6.190251 uniform_entropy=6.238325 entropy_gap=0.048074 max_probability_over_uniform=2.020960 min_probability_over_uniform=0.250000
RG_REMAP_SCORE round=20 layer=features.34 mode=persistent mean_q_current=0.057084 mean_q_previous=none mean_persistent_score=0.057084 sampling_entropy=6.190251
RG_SCORE round=20 layer=features.37 mean_q=0.063538 max_q=0.129223 fraction_q_positive=1.000000 sampling_entropy=6.206990 uniform_entropy=6.238325 entropy_gap=0.031334 max_probability_over_uniform=1.775338 min_probability_over_uniform=0.437227
RG_REMAP_SCORE round=20 layer=features.37 mode=persistent mean_q_current=0.063538 mean_q_previous=none mean_persistent_score=0.063538 sampling_entropy=6.206990
RG_SCORE round=20 layer=features.40 mean_q=0.082664 max_q=0.183493 fraction_q_positive=1.000000 sampling_entropy=6.179332 uniform_entropy=6.238325 entropy_gap=0.058993 max_probability_over_uniform=1.914812 min_probability_over_uniform=0.306321
RG_REMAP_SCORE round=20 layer=features.40 mode=persistent mean_q_current=0.082664 mean_q_previous=none mean_persistent_score=0.082664 sampling_entropy=6.179332
ROUND_ACCURACY method=FedPhoenixRG-Persistent round=20 accuracy=45.060001
********************************************************************************
Round  20
ROUND_ACCURACY method=FedPhoenixRG-Persistent round=21 accuracy=51.549999
********************************************************************************
Round  21
ROUND_ACCURACY method=FedPhoenixRG-Persistent round=22 accuracy=55.709999
********************************************************************************
Round  22
ROUND_ACCURACY method=FedPhoenixRG-Persistent round=23 accuracy=46.830002
********************************************************************************
Round  23
ROUND_ACCURACY method=FedPhoenixRG-Persistent round=24 accuracy=52.770000
********************************************************************************
Round  24
ROUND_ACCURACY method=FedPhoenixRG-Persistent round=25 accuracy=53.630001
********************************************************************************
Round  25
ROUND_ACCURACY method=FedPhoenixRG-Persistent round=26 accuracy=51.180000
********************************************************************************
Round  26
ROUND_ACCURACY method=FedPhoenixRG-Persistent round=27 accuracy=54.279999
********************************************************************************
Round  27
ROUND_ACCURACY method=FedPhoenixRG-Persistent round=28 accuracy=50.610001
********************************************************************************
Round  28
ROUND_ACCURACY method=FedPhoenixRG-Persistent round=29 accuracy=45.430000
********************************************************************************
Round  29
ROUND_ACCURACY method=FedPhoenixRG-Persistent round=30 accuracy=56.060001
********************************************************************************
Round  30
ROUND_ACCURACY method=FedPhoenixRG-Persistent round=31 accuracy=57.099998
********************************************************************************
Round  31
ROUND_ACCURACY method=FedPhoenixRG-Persistent round=32 accuracy=58.470001
********************************************************************************
Round  32
ROUND_ACCURACY method=FedPhoenixRG-Persistent round=33 accuracy=58.500000
********************************************************************************
Round  33
ROUND_ACCURACY method=FedPhoenixRG-Persistent round=34 accuracy=65.550003
********************************************************************************
Round  34
ROUND_ACCURACY method=FedPhoenixRG-Persistent round=35 accuracy=53.500000
********************************************************************************
Round  35
ROUND_ACCURACY method=FedPhoenixRG-Persistent round=36 accuracy=52.959999
********************************************************************************
Round  36
ROUND_ACCURACY method=FedPhoenixRG-Persistent round=37 accuracy=61.939999
********************************************************************************
Round  37
ROUND_ACCURACY method=FedPhoenixRG-Persistent round=38 accuracy=58.490002
********************************************************************************
Round  38
ROUND_ACCURACY method=FedPhoenixRG-Persistent round=39 accuracy=61.119999
********************************************************************************
Round  39
RG_SCORE round=40 layer=features.0 mean_q=0.178524 max_q=0.310149 fraction_q_positive=1.000000 sampling_entropy=4.027180 uniform_entropy=4.158883 entropy_gap=0.131703 max_probability_over_uniform=2.398238 min_probability_over_uniform=0.250000
RG_REMAP_SCORE round=40 layer=features.0 mode=persistent mean_q_current=0.178524 mean_q_previous=0.081847 mean_persistent_score=0.100470 sampling_entropy=4.027180
RG_SCORE round=40 layer=features.3 mean_q=0.163910 max_q=0.198439 fraction_q_positive=1.000000 sampling_entropy=4.143146 uniform_entropy=4.158883 entropy_gap=0.015737 max_probability_over_uniform=1.386770 min_probability_over_uniform=0.570724
RG_REMAP_SCORE round=40 layer=features.3 mode=persistent mean_q_current=0.163910 mean_q_previous=0.059730 mean_persistent_score=0.096681 sampling_entropy=4.143146
RG_SCORE round=40 layer=features.7 mean_q=0.142032 max_q=0.195572 fraction_q_positive=1.000000 sampling_entropy=4.839545 uniform_entropy=4.852030 entropy_gap=0.012485 max_probability_over_uniform=1.383753 min_probability_over_uniform=0.250000
RG_REMAP_SCORE round=40 layer=features.7 mode=persistent mean_q_current=0.142032 mean_q_previous=0.049782 mean_persistent_score=0.082660 sampling_entropy=4.839545
RG_SCORE round=40 layer=features.10 mean_q=0.133905 max_q=0.185048 fraction_q_positive=1.000000 sampling_entropy=4.843191 uniform_entropy=4.852030 entropy_gap=0.008839 max_probability_over_uniform=1.341642 min_probability_over_uniform=0.637363
RG_REMAP_SCORE round=40 layer=features.10 mode=persistent mean_q_current=0.133905 mean_q_previous=0.043774 mean_persistent_score=0.075702 sampling_entropy=4.843191
RG_SCORE round=40 layer=features.14 mean_q=0.128530 max_q=0.191092 fraction_q_positive=1.000000 sampling_entropy=5.535078 uniform_entropy=5.545177 entropy_gap=0.010100 max_probability_over_uniform=1.482144 min_probability_over_uniform=0.687289
RG_REMAP_SCORE round=40 layer=features.14 mode=persistent mean_q_current=0.128530 mean_q_previous=0.040955 mean_persistent_score=0.071678 sampling_entropy=5.535078
RG_SCORE round=40 layer=features.17 mean_q=0.121043 max_q=0.160726 fraction_q_positive=1.000000 sampling_entropy=5.539243 uniform_entropy=5.545177 entropy_gap=0.005934 max_probability_over_uniform=1.378779 min_probability_over_uniform=0.665373
RG_REMAP_SCORE round=40 layer=features.17 mode=persistent mean_q_current=0.121043 mean_q_previous=0.039022 mean_persistent_score=0.068324 sampling_entropy=5.539243
RG_SCORE round=40 layer=features.20 mean_q=0.124501 max_q=0.165964 fraction_q_positive=1.000000 sampling_entropy=5.540231 uniform_entropy=5.545177 entropy_gap=0.004946 max_probability_over_uniform=1.322365 min_probability_over_uniform=0.755076
RG_REMAP_SCORE round=40 layer=features.20 mode=persistent mean_q_current=0.124501 mean_q_previous=0.039846 mean_persistent_score=0.070135 sampling_entropy=5.540231
RG_SCORE round=40 layer=features.24 mean_q=0.119368 max_q=0.175262 fraction_q_positive=1.000000 sampling_entropy=6.227879 uniform_entropy=6.238325 entropy_gap=0.010446 max_probability_over_uniform=1.437529 min_probability_over_uniform=0.494171
RG_REMAP_SCORE round=40 layer=features.24 mode=persistent mean_q_current=0.119368 mean_q_previous=0.041173 mean_persistent_score=0.069116 sampling_entropy=6.227879
RG_SCORE round=40 layer=features.27 mean_q=0.099542 max_q=0.150593 fraction_q_positive=1.000000 sampling_entropy=6.229083 uniform_entropy=6.238325 entropy_gap=0.009242 max_probability_over_uniform=1.556369 min_probability_over_uniform=0.627732
RG_REMAP_SCORE round=40 layer=features.27 mode=persistent mean_q_current=0.099542 mean_q_previous=0.037594 mean_persistent_score=0.060750 sampling_entropy=6.229083
RG_SCORE round=40 layer=features.30 mean_q=0.091693 max_q=0.146450 fraction_q_positive=1.000000 sampling_entropy=6.220980 uniform_entropy=6.238325 entropy_gap=0.017345 max_probability_over_uniform=1.522316 min_probability_over_uniform=0.316661
RG_REMAP_SCORE round=40 layer=features.30 mode=persistent mean_q_current=0.091693 mean_q_previous=0.037160 mean_persistent_score=0.057735 sampling_entropy=6.220980
RG_SCORE round=40 layer=features.34 mean_q=0.131518 max_q=0.355996 fraction_q_positive=0.937500 sampling_entropy=6.173789 uniform_entropy=6.238325 entropy_gap=0.064536 max_probability_over_uniform=1.778853 min_probability_over_uniform=0.250000
RG_REMAP_SCORE round=40 layer=features.34 mode=persistent mean_q_current=0.131518 mean_q_previous=0.057084 mean_persistent_score=0.080106 sampling_entropy=6.173789
RG_SCORE round=40 layer=features.37 mean_q=0.112119 max_q=0.256866 fraction_q_positive=0.929688 sampling_entropy=6.172411 uniform_entropy=6.238325 entropy_gap=0.065913 max_probability_over_uniform=1.825679 min_probability_over_uniform=0.250000
RG_REMAP_SCORE round=40 layer=features.37 mode=persistent mean_q_current=0.112119 mean_q_previous=0.063538 mean_persistent_score=0.077556 sampling_entropy=6.172411
RG_SCORE round=40 layer=features.40 mean_q=0.130038 max_q=0.358129 fraction_q_positive=0.935547 sampling_entropy=6.156390 uniform_entropy=6.238325 entropy_gap=0.081935 max_probability_over_uniform=2.071414 min_probability_over_uniform=0.250000
RG_REMAP_SCORE round=40 layer=features.40 mode=persistent mean_q_current=0.130038 mean_q_previous=0.082664 mean_persistent_score=0.095472 sampling_entropy=6.156390
ROUND_ACCURACY method=FedPhoenixRG-Persistent round=40 accuracy=66.150002
********************************************************************************
Round  40
ROUND_ACCURACY method=FedPhoenixRG-Persistent round=41 accuracy=67.849998
********************************************************************************
Round  41
ROUND_ACCURACY method=FedPhoenixRG-Persistent round=42 accuracy=61.340000
********************************************************************************
Round  42
ROUND_ACCURACY method=FedPhoenixRG-Persistent round=43 accuracy=62.910000
********************************************************************************
Round  43
ROUND_ACCURACY method=FedPhoenixRG-Persistent round=44 accuracy=61.139999
********************************************************************************
Round  44
ROUND_ACCURACY method=FedPhoenixRG-Persistent round=45 accuracy=56.470001
********************************************************************************
Round  45
ROUND_ACCURACY method=FedPhoenixRG-Persistent round=46 accuracy=66.440002
********************************************************************************
Round  46
ROUND_ACCURACY method=FedPhoenixRG-Persistent round=47 accuracy=58.419998
********************************************************************************
Round  47
ROUND_ACCURACY method=FedPhoenixRG-Persistent round=48 accuracy=61.000000
********************************************************************************
Round  48
ROUND_ACCURACY method=FedPhoenixRG-Persistent round=49 accuracy=60.360001
********************************************************************************
Round  49
ROUND_ACCURACY method=FedPhoenixRG-Persistent round=50 accuracy=62.950001
********************************************************************************
Round  50
ROUND_ACCURACY method=FedPhoenixRG-Persistent round=51 accuracy=56.590000
********************************************************************************
Round  51
ROUND_ACCURACY method=FedPhoenixRG-Persistent round=52 accuracy=68.199997
********************************************************************************
Round  52
ROUND_ACCURACY method=FedPhoenixRG-Persistent round=53 accuracy=60.049999
********************************************************************************
Round  53
ROUND_ACCURACY method=FedPhoenixRG-Persistent round=54 accuracy=49.189999
********************************************************************************
Round  54
ROUND_ACCURACY method=FedPhoenixRG-Persistent round=55 accuracy=66.580002
********************************************************************************
Round  55
ROUND_ACCURACY method=FedPhoenixRG-Persistent round=56 accuracy=67.220001
********************************************************************************
Round  56
ROUND_ACCURACY method=FedPhoenixRG-Persistent round=57 accuracy=61.290001
********************************************************************************
Round  57
ROUND_ACCURACY method=FedPhoenixRG-Persistent round=58 accuracy=58.869999
********************************************************************************
Round  58
ROUND_ACCURACY method=FedPhoenixRG-Persistent round=59 accuracy=62.369999
********************************************************************************
Round  59
RG_SCORE round=60 layer=features.0 mean_q=0.159490 max_q=0.322034 fraction_q_positive=0.953125 sampling_entropy=4.105088 uniform_entropy=4.158883 entropy_gap=0.053795 max_probability_over_uniform=1.586964 min_probability_over_uniform=0.250000
RG_REMAP_SCORE round=60 layer=features.0 mode=persistent mean_q_current=0.159490 mean_q_previous=0.178524 mean_persistent_score=0.157185 sampling_entropy=4.105088
RG_SCORE round=60 layer=features.3 mean_q=0.171069 max_q=0.257832 fraction_q_positive=1.000000 sampling_entropy=4.154832 uniform_entropy=4.158883 entropy_gap=0.004051 max_probability_over_uniform=1.210283 min_probability_over_uniform=0.753979
RG_REMAP_SCORE round=60 layer=features.3 mode=persistent mean_q_current=0.171069 mean_q_previous=0.163910 mean_persistent_score=0.166609 sampling_entropy=4.154832
RG_SCORE round=60 layer=features.7 mean_q=0.169214 max_q=0.226493 fraction_q_positive=1.000000 sampling_entropy=4.848760 uniform_entropy=4.852030 entropy_gap=0.003270 max_probability_over_uniform=1.258842 min_probability_over_uniform=0.807981
RG_REMAP_SCORE round=60 layer=features.7 mode=persistent mean_q_current=0.169214 mean_q_previous=0.142032 mean_persistent_score=0.154501 sampling_entropy=4.848760
RG_SCORE round=60 layer=features.10 mean_q=0.163094 max_q=0.207255 fraction_q_positive=1.000000 sampling_entropy=4.849360 uniform_entropy=4.852030 entropy_gap=0.002671 max_probability_over_uniform=1.218916 min_probability_over_uniform=0.831522
RG_REMAP_SCORE round=60 layer=features.10 mode=persistent mean_q_current=0.163094 mean_q_previous=0.133905 mean_persistent_score=0.147537 sampling_entropy=4.849360
RG_SCORE round=60 layer=features.14 mean_q=0.160667 max_q=0.241348 fraction_q_positive=1.000000 sampling_entropy=5.542193 uniform_entropy=5.545177 entropy_gap=0.002985 max_probability_over_uniform=1.372965 min_probability_over_uniform=0.801038
RG_REMAP_SCORE round=60 layer=features.14 mode=persistent mean_q_current=0.160667 mean_q_previous=0.128530 mean_persistent_score=0.143429 sampling_entropy=5.542193
RG_SCORE round=60 layer=features.17 mean_q=0.151850 max_q=0.189001 fraction_q_positive=1.000000 sampling_entropy=5.542973 uniform_entropy=5.545177 entropy_gap=0.002204 max_probability_over_uniform=1.198361 min_probability_over_uniform=0.824591
RG_REMAP_SCORE round=60 layer=features.17 mode=persistent mean_q_current=0.151850 mean_q_previous=0.121043 mean_persistent_score=0.135454 sampling_entropy=5.542973
RG_SCORE round=60 layer=features.20 mean_q=0.158264 max_q=0.205061 fraction_q_positive=1.000000 sampling_entropy=5.542906 uniform_entropy=5.545177 entropy_gap=0.002271 max_probability_over_uniform=1.236733 min_probability_over_uniform=0.812153
RG_REMAP_SCORE round=60 layer=features.20 mode=persistent mean_q_current=0.158264 mean_q_previous=0.124501 mean_persistent_score=0.140220 sampling_entropy=5.542906
RG_SCORE round=60 layer=features.24 mean_q=0.157000 max_q=0.205905 fraction_q_positive=1.000000 sampling_entropy=6.234366 uniform_entropy=6.238325 entropy_gap=0.003958 max_probability_over_uniform=1.287638 min_probability_over_uniform=0.721742
RG_REMAP_SCORE round=60 layer=features.24 mode=persistent mean_q_current=0.157000 mean_q_previous=0.119368 mean_persistent_score=0.136510 sampling_entropy=6.234366
RG_SCORE round=60 layer=features.27 mean_q=0.133058 max_q=0.184115 fraction_q_positive=1.000000 sampling_entropy=6.233907 uniform_entropy=6.238325 entropy_gap=0.004418 max_probability_over_uniform=1.329332 min_probability_over_uniform=0.670293
RG_REMAP_SCORE round=60 layer=features.27 mode=persistent mean_q_current=0.133058 mean_q_previous=0.099542 mean_persistent_score=0.114851 sampling_entropy=6.233907
RG_SCORE round=60 layer=features.30 mean_q=0.130263 max_q=0.180846 fraction_q_positive=1.000000 sampling_entropy=6.228972 uniform_entropy=6.238325 entropy_gap=0.009353 max_probability_over_uniform=1.329088 min_probability_over_uniform=0.457032
RG_REMAP_SCORE round=60 layer=features.30 mode=persistent mean_q_current=0.130263 mean_q_previous=0.091693 mean_persistent_score=0.108742 sampling_entropy=6.228972
RG_SCORE round=60 layer=features.34 mean_q=0.231326 max_q=0.354431 fraction_q_positive=1.000000 sampling_entropy=6.191245 uniform_entropy=6.238325 entropy_gap=0.047079 max_probability_over_uniform=1.537509 min_probability_over_uniform=0.250000
RG_REMAP_SCORE round=60 layer=features.34 mode=persistent mean_q_current=0.231326 mean_q_previous=0.131518 mean_persistent_score=0.164131 sampling_entropy=6.191245
RG_SCORE round=60 layer=features.37 mean_q=0.256733 max_q=0.375605 fraction_q_positive=1.000000 sampling_entropy=6.179423 uniform_entropy=6.238325 entropy_gap=0.058901 max_probability_over_uniform=1.593334 min_probability_over_uniform=0.250000
RG_REMAP_SCORE round=60 layer=features.37 mode=persistent mean_q_current=0.256733 mean_q_previous=0.112119 mean_persistent_score=0.157244 sampling_entropy=6.179423
RG_SCORE round=60 layer=features.40 mean_q=0.276144 max_q=0.547407 fraction_q_positive=0.994141 sampling_entropy=6.156789 uniform_entropy=6.238325 entropy_gap=0.081536 max_probability_over_uniform=1.910632 min_probability_over_uniform=0.250000
RG_REMAP_SCORE round=60 layer=features.40 mode=persistent mean_q_current=0.276144 mean_q_previous=0.130038 mean_persistent_score=0.175407 sampling_entropy=6.156789
ROUND_ACCURACY method=FedPhoenixRG-Persistent round=60 accuracy=64.720001
********************************************************************************
Round  60
ROUND_ACCURACY method=FedPhoenixRG-Persistent round=61 accuracy=66.489998
********************************************************************************
Round  61
ROUND_ACCURACY method=FedPhoenixRG-Persistent round=62 accuracy=65.230003
********************************************************************************
Round  62
ROUND_ACCURACY method=FedPhoenixRG-Persistent round=63 accuracy=65.059998
********************************************************************************
Round  63
ROUND_ACCURACY method=FedPhoenixRG-Persistent round=64 accuracy=65.959999
********************************************************************************
Round  64
ROUND_ACCURACY method=FedPhoenixRG-Persistent round=65 accuracy=67.419998
********************************************************************************
Round  65
ROUND_ACCURACY method=FedPhoenixRG-Persistent round=66 accuracy=66.250000
********************************************************************************
Round  66
ROUND_ACCURACY method=FedPhoenixRG-Persistent round=67 accuracy=62.060001
********************************************************************************
Round  67
ROUND_ACCURACY method=FedPhoenixRG-Persistent round=68 accuracy=58.770000
********************************************************************************
Round  68
ROUND_ACCURACY method=FedPhoenixRG-Persistent round=69 accuracy=69.820000
********************************************************************************
Round  69
ROUND_ACCURACY method=FedPhoenixRG-Persistent round=70 accuracy=61.650002
********************************************************************************
Round  70
ROUND_ACCURACY method=FedPhoenixRG-Persistent round=71 accuracy=61.349998
********************************************************************************
Round  71
ROUND_ACCURACY method=FedPhoenixRG-Persistent round=72 accuracy=61.380001
********************************************************************************
Round  72
ROUND_ACCURACY method=FedPhoenixRG-Persistent round=73 accuracy=66.849998
********************************************************************************
Round  73
ROUND_ACCURACY method=FedPhoenixRG-Persistent round=74 accuracy=69.419998
********************************************************************************
Round  74
ROUND_ACCURACY method=FedPhoenixRG-Persistent round=75 accuracy=72.500000
********************************************************************************
Round  75
ROUND_ACCURACY method=FedPhoenixRG-Persistent round=76 accuracy=65.769997
********************************************************************************
Round  76
ROUND_ACCURACY method=FedPhoenixRG-Persistent round=77 accuracy=66.480003
********************************************************************************
Round  77
ROUND_ACCURACY method=FedPhoenixRG-Persistent round=78 accuracy=65.269997
********************************************************************************
Round  78
ROUND_ACCURACY method=FedPhoenixRG-Persistent round=79 accuracy=69.750000
********************************************************************************
Round  79
RG_SCORE round=80 layer=features.0 mean_q=0.164512 max_q=0.349828 fraction_q_positive=0.984375 sampling_entropy=4.086855 uniform_entropy=4.158883 entropy_gap=0.072028 max_probability_over_uniform=1.837203 min_probability_over_uniform=0.250000
RG_REMAP_SCORE round=80 layer=features.0 mode=persistent mean_q_current=0.164512 mean_q_previous=0.159490 mean_persistent_score=0.150610 sampling_entropy=4.086855
RG_SCORE round=80 layer=features.3 mean_q=0.182274 max_q=0.233443 fraction_q_positive=1.000000 sampling_entropy=4.154777 uniform_entropy=4.158883 entropy_gap=0.004106 max_probability_over_uniform=1.204927 min_probability_over_uniform=0.732409
RG_REMAP_SCORE round=80 layer=features.3 mode=persistent mean_q_current=0.182274 mean_q_previous=0.171069 mean_persistent_score=0.175913 sampling_entropy=4.154777
RG_SCORE round=80 layer=features.7 mean_q=0.185963 max_q=0.236203 fraction_q_positive=1.000000 sampling_entropy=4.849891 uniform_entropy=4.852030 entropy_gap=0.002139 max_probability_over_uniform=1.172856 min_probability_over_uniform=0.820290
RG_REMAP_SCORE round=80 layer=features.7 mode=persistent mean_q_current=0.185963 mean_q_previous=0.169214 mean_persistent_score=0.176842 sampling_entropy=4.849891
RG_SCORE round=80 layer=features.10 mean_q=0.181750 max_q=0.215838 fraction_q_positive=1.000000 sampling_entropy=4.850375 uniform_entropy=4.852030 entropy_gap=0.001655 max_probability_over_uniform=1.172229 min_probability_over_uniform=0.858865
RG_REMAP_SCORE round=80 layer=features.10 mode=persistent mean_q_current=0.181750 mean_q_previous=0.163094 mean_persistent_score=0.172004 sampling_entropy=4.850375
RG_SCORE round=80 layer=features.14 mean_q=0.186028 max_q=0.229832 fraction_q_positive=1.000000 sampling_entropy=5.542844 uniform_entropy=5.545177 entropy_gap=0.002334 max_probability_over_uniform=1.270391 min_probability_over_uniform=0.840929
RG_REMAP_SCORE round=80 layer=features.14 mode=persistent mean_q_current=0.186028 mean_q_previous=0.160667 mean_persistent_score=0.172689 sampling_entropy=5.542844
RG_SCORE round=80 layer=features.17 mean_q=0.174321 max_q=0.213627 fraction_q_positive=1.000000 sampling_entropy=5.543430 uniform_entropy=5.545177 entropy_gap=0.001747 max_probability_over_uniform=1.170380 min_probability_over_uniform=0.839081
RG_REMAP_SCORE round=80 layer=features.17 mode=persistent mean_q_current=0.174321 mean_q_previous=0.151850 mean_persistent_score=0.162588 sampling_entropy=5.543430
RG_SCORE round=80 layer=features.20 mean_q=0.180524 max_q=0.207912 fraction_q_positive=1.000000 sampling_entropy=5.543988 uniform_entropy=5.545177 entropy_gap=0.001190 max_probability_over_uniform=1.139770 min_probability_over_uniform=0.843731
RG_REMAP_SCORE round=80 layer=features.20 mode=persistent mean_q_current=0.180524 mean_q_previous=0.158264 mean_persistent_score=0.168903 sampling_entropy=5.543988
RG_SCORE round=80 layer=features.24 mean_q=0.185907 max_q=0.235293 fraction_q_positive=1.000000 sampling_entropy=6.235883 uniform_entropy=6.238325 entropy_gap=0.002442 max_probability_over_uniform=1.209540 min_probability_over_uniform=0.781400
RG_REMAP_SCORE round=80 layer=features.24 mode=persistent mean_q_current=0.185907 mean_q_previous=0.157000 mean_persistent_score=0.170653 sampling_entropy=6.235883
RG_SCORE round=80 layer=features.27 mean_q=0.159770 max_q=0.208906 fraction_q_positive=1.000000 sampling_entropy=6.235727 uniform_entropy=6.238325 entropy_gap=0.002598 max_probability_over_uniform=1.234872 min_probability_over_uniform=0.813715
RG_REMAP_SCORE round=80 layer=features.27 mode=persistent mean_q_current=0.159770 mean_q_previous=0.133058 mean_persistent_score=0.145697 sampling_entropy=6.235727
RG_SCORE round=80 layer=features.30 mean_q=0.158093 max_q=0.206383 fraction_q_positive=1.000000 sampling_entropy=6.234378 uniform_entropy=6.238325 entropy_gap=0.003947 max_probability_over_uniform=1.225788 min_probability_over_uniform=0.737735
RG_REMAP_SCORE round=80 layer=features.30 mode=persistent mean_q_current=0.158093 mean_q_previous=0.130263 mean_persistent_score=0.143346 sampling_entropy=6.234378
RG_SCORE round=80 layer=features.34 mean_q=0.304045 max_q=0.408425 fraction_q_positive=1.000000 sampling_entropy=6.234847 uniform_entropy=6.238325 entropy_gap=0.003478 max_probability_over_uniform=1.238589 min_probability_over_uniform=0.778234
RG_REMAP_SCORE round=80 layer=features.34 mode=persistent mean_q_current=0.304045 mean_q_previous=0.231326 mean_persistent_score=0.264381 sampling_entropy=6.234847
RG_SCORE round=80 layer=features.37 mean_q=0.343006 max_q=0.494885 fraction_q_positive=1.000000 sampling_entropy=6.233023 uniform_entropy=6.238325 entropy_gap=0.005302 max_probability_over_uniform=1.323524 min_probability_over_uniform=0.583111
RG_REMAP_SCORE round=80 layer=features.37 mode=persistent mean_q_current=0.343006 mean_q_previous=0.256733 mean_persistent_score=0.295841 sampling_entropy=6.233023
RG_SCORE round=80 layer=features.40 mean_q=0.333502 max_q=0.586417 fraction_q_positive=1.000000 sampling_entropy=6.195005 uniform_entropy=6.238325 entropy_gap=0.043320 max_probability_over_uniform=1.645659 min_probability_over_uniform=0.250000
RG_REMAP_SCORE round=80 layer=features.40 mode=persistent mean_q_current=0.333502 mean_q_previous=0.276144 mean_persistent_score=0.296881 sampling_entropy=6.195005
ROUND_ACCURACY method=FedPhoenixRG-Persistent round=80 accuracy=66.599998
********************************************************************************
Round  80
ROUND_ACCURACY method=FedPhoenixRG-Persistent round=81 accuracy=64.150002
********************************************************************************
Round  81
ROUND_ACCURACY method=FedPhoenixRG-Persistent round=82 accuracy=67.790001
********************************************************************************
Round  82
ROUND_ACCURACY method=FedPhoenixRG-Persistent round=83 accuracy=69.650002
********************************************************************************
Round  83
ROUND_ACCURACY method=FedPhoenixRG-Persistent round=84 accuracy=63.880001
********************************************************************************
Round  84
ROUND_ACCURACY method=FedPhoenixRG-Persistent round=85 accuracy=69.930000
********************************************************************************
Round  85
ROUND_ACCURACY method=FedPhoenixRG-Persistent round=86 accuracy=68.720001
********************************************************************************
Round  86
ROUND_ACCURACY method=FedPhoenixRG-Persistent round=87 accuracy=69.410004
********************************************************************************
Round  87
ROUND_ACCURACY method=FedPhoenixRG-Persistent round=88 accuracy=68.940002
********************************************************************************
Round  88
ROUND_ACCURACY method=FedPhoenixRG-Persistent round=89 accuracy=71.669998
********************************************************************************
Round  89
ROUND_ACCURACY method=FedPhoenixRG-Persistent round=90 accuracy=71.029999
********************************************************************************
Round  90
ROUND_ACCURACY method=FedPhoenixRG-Persistent round=91 accuracy=70.000000
********************************************************************************
Round  91
ROUND_ACCURACY method=FedPhoenixRG-Persistent round=92 accuracy=65.660004
********************************************************************************
Round  92
ROUND_ACCURACY method=FedPhoenixRG-Persistent round=93 accuracy=68.349998
********************************************************************************
Round  93
ROUND_ACCURACY method=FedPhoenixRG-Persistent round=94 accuracy=69.260002
********************************************************************************
Round  94
ROUND_ACCURACY method=FedPhoenixRG-Persistent round=95 accuracy=70.080002
********************************************************************************
Round  95
ROUND_ACCURACY method=FedPhoenixRG-Persistent round=96 accuracy=68.589996
********************************************************************************
Round  96
ROUND_ACCURACY method=FedPhoenixRG-Persistent round=97 accuracy=65.879997
********************************************************************************
Round  97
ROUND_ACCURACY method=FedPhoenixRG-Persistent round=98 accuracy=63.299999
********************************************************************************
Round  98
ROUND_ACCURACY method=FedPhoenixRG-Persistent round=99 accuracy=61.919998
********************************************************************************
Round  99
RG_SCORE round=100 layer=features.0 mean_q=0.151333 max_q=0.398223 fraction_q_positive=0.937500 sampling_entropy=4.071259 uniform_entropy=4.158883 entropy_gap=0.087624 max_probability_over_uniform=1.866696 min_probability_over_uniform=0.250000
RG_REMAP_SCORE round=100 layer=features.0 mode=persistent mean_q_current=0.151333 mean_q_previous=0.164512 mean_persistent_score=0.141170 sampling_entropy=4.071259
RG_SCORE round=100 layer=features.3 mean_q=0.183789 max_q=0.225081 fraction_q_positive=1.000000 sampling_entropy=4.155847 uniform_entropy=4.158883 entropy_gap=0.003036 max_probability_over_uniform=1.171539 min_probability_over_uniform=0.813712
RG_REMAP_SCORE round=100 layer=features.3 mode=persistent mean_q_current=0.183789 mean_q_previous=0.182274 mean_persistent_score=0.182605 sampling_entropy=4.155847
RG_SCORE round=100 layer=features.7 mean_q=0.183489 max_q=0.244894 fraction_q_positive=1.000000 sampling_entropy=4.848152 uniform_entropy=4.852030 entropy_gap=0.003879 max_probability_over_uniform=1.195324 min_probability_over_uniform=0.650153
RG_REMAP_SCORE round=100 layer=features.7 mode=persistent mean_q_current=0.183489 mean_q_previous=0.185963 mean_persistent_score=0.183445 sampling_entropy=4.848152
RG_SCORE round=100 layer=features.10 mean_q=0.180437 max_q=0.224212 fraction_q_positive=1.000000 sampling_entropy=4.850666 uniform_entropy=4.852030 entropy_gap=0.001364 max_probability_over_uniform=1.109557 min_probability_over_uniform=0.823897
RG_REMAP_SCORE round=100 layer=features.10 mode=persistent mean_q_current=0.180437 mean_q_previous=0.181750 mean_persistent_score=0.180816 sampling_entropy=4.850666
RG_SCORE round=100 layer=features.14 mean_q=0.189475 max_q=0.242118 fraction_q_positive=1.000000 sampling_entropy=5.543313 uniform_entropy=5.545177 entropy_gap=0.001865 max_probability_over_uniform=1.162591 min_probability_over_uniform=0.839726
RG_REMAP_SCORE round=100 layer=features.14 mode=persistent mean_q_current=0.189475 mean_q_previous=0.186028 mean_persistent_score=0.187534 sampling_entropy=5.543313
RG_SCORE round=100 layer=features.17 mean_q=0.180475 max_q=0.220571 fraction_q_positive=1.000000 sampling_entropy=5.543528 uniform_entropy=5.545177 entropy_gap=0.001650 max_probability_over_uniform=1.145937 min_probability_over_uniform=0.846168
RG_REMAP_SCORE round=100 layer=features.17 mode=persistent mean_q_current=0.180475 mean_q_previous=0.174321 mean_persistent_score=0.177258 sampling_entropy=5.543528
RG_SCORE round=100 layer=features.20 mean_q=0.188675 max_q=0.225505 fraction_q_positive=1.000000 sampling_entropy=5.544182 uniform_entropy=5.545177 entropy_gap=0.000995 max_probability_over_uniform=1.116417 min_probability_over_uniform=0.818719
RG_REMAP_SCORE round=100 layer=features.20 mode=persistent mean_q_current=0.188675 mean_q_previous=0.180524 mean_persistent_score=0.184440 sampling_entropy=5.544182
RG_SCORE round=100 layer=features.24 mean_q=0.200422 max_q=0.255480 fraction_q_positive=1.000000 sampling_entropy=6.236408 uniform_entropy=6.238325 entropy_gap=0.001917 max_probability_over_uniform=1.190523 min_probability_over_uniform=0.794421
RG_REMAP_SCORE round=100 layer=features.24 mode=persistent mean_q_current=0.200422 mean_q_previous=0.185907 mean_persistent_score=0.192859 sampling_entropy=6.236408
RG_SCORE round=100 layer=features.27 mean_q=0.174941 max_q=0.220452 fraction_q_positive=1.000000 sampling_entropy=6.236143 uniform_entropy=6.238325 entropy_gap=0.002181 max_probability_over_uniform=1.181012 min_probability_over_uniform=0.821536
RG_REMAP_SCORE round=100 layer=features.27 mode=persistent mean_q_current=0.174941 mean_q_previous=0.159770 mean_persistent_score=0.167078 sampling_entropy=6.236143
RG_SCORE round=100 layer=features.30 mean_q=0.170833 max_q=0.224469 fraction_q_positive=1.000000 sampling_entropy=6.235511 uniform_entropy=6.238325 entropy_gap=0.002813 max_probability_over_uniform=1.193037 min_probability_over_uniform=0.789746
RG_REMAP_SCORE round=100 layer=features.30 mode=persistent mean_q_current=0.170833 mean_q_previous=0.158093 mean_persistent_score=0.164211 sampling_entropy=6.235511
RG_SCORE round=100 layer=features.34 mean_q=0.325039 max_q=0.475519 fraction_q_positive=1.000000 sampling_entropy=6.235115 uniform_entropy=6.238325 entropy_gap=0.003210 max_probability_over_uniform=1.303362 min_probability_over_uniform=0.749619
RG_REMAP_SCORE round=100 layer=features.34 mode=persistent mean_q_current=0.325039 mean_q_previous=0.304045 mean_persistent_score=0.313779 sampling_entropy=6.235115
RG_SCORE round=100 layer=features.37 mean_q=0.358663 max_q=0.491697 fraction_q_positive=1.000000 sampling_entropy=6.233267 uniform_entropy=6.238325 entropy_gap=0.005058 max_probability_over_uniform=1.259357 min_probability_over_uniform=0.439015
RG_REMAP_SCORE round=100 layer=features.37 mode=persistent mean_q_current=0.358663 mean_q_previous=0.343006 mean_persistent_score=0.349542 sampling_entropy=6.233267
RG_SCORE round=100 layer=features.40 mean_q=0.312663 max_q=0.556708 fraction_q_positive=0.998047 sampling_entropy=6.199844 uniform_entropy=6.238325 entropy_gap=0.038480 max_probability_over_uniform=1.601344 min_probability_over_uniform=0.250000
RG_REMAP_SCORE round=100 layer=features.40 mode=persistent mean_q_current=0.312663 mean_q_previous=0.333502 mean_persistent_score=0.317083 sampling_entropy=6.199844
ROUND_ACCURACY method=FedPhoenixRG-Persistent round=100 accuracy=64.250000
********************************************************************************
Round 100
ROUND_ACCURACY method=FedPhoenixRG-Persistent round=101 accuracy=69.300003
********************************************************************************
Round 101
ROUND_ACCURACY method=FedPhoenixRG-Persistent round=102 accuracy=72.820000
********************************************************************************
Round 102
ROUND_ACCURACY method=FedPhoenixRG-Persistent round=103 accuracy=73.360001
********************************************************************************
Round 103
ROUND_ACCURACY method=FedPhoenixRG-Persistent round=104 accuracy=69.779999
********************************************************************************
Round 104
ROUND_ACCURACY method=FedPhoenixRG-Persistent round=105 accuracy=69.570000
********************************************************************************
Round 105
ROUND_ACCURACY method=FedPhoenixRG-Persistent round=106 accuracy=69.760002
********************************************************************************
Round 106
ROUND_ACCURACY method=FedPhoenixRG-Persistent round=107 accuracy=53.709999
********************************************************************************
Round 107
ROUND_ACCURACY method=FedPhoenixRG-Persistent round=108 accuracy=72.260002
********************************************************************************
Round 108
ROUND_ACCURACY method=FedPhoenixRG-Persistent round=109 accuracy=73.650002
********************************************************************************
Round 109
ROUND_ACCURACY method=FedPhoenixRG-Persistent round=110 accuracy=72.699997
********************************************************************************
Round 110
ROUND_ACCURACY method=FedPhoenixRG-Persistent round=111 accuracy=72.839996
********************************************************************************
Round 111
ROUND_ACCURACY method=FedPhoenixRG-Persistent round=112 accuracy=72.330002
********************************************************************************
Round 112
ROUND_ACCURACY method=FedPhoenixRG-Persistent round=113 accuracy=69.199997
********************************************************************************
Round 113
ROUND_ACCURACY method=FedPhoenixRG-Persistent round=114 accuracy=69.209999
********************************************************************************
Round 114
ROUND_ACCURACY method=FedPhoenixRG-Persistent round=115 accuracy=68.050003
********************************************************************************
Round 115
ROUND_ACCURACY method=FedPhoenixRG-Persistent round=116 accuracy=73.639999
********************************************************************************
Round 116
ROUND_ACCURACY method=FedPhoenixRG-Persistent round=117 accuracy=67.239998
********************************************************************************
Round 117
ROUND_ACCURACY method=FedPhoenixRG-Persistent round=118 accuracy=70.730003
********************************************************************************
Round 118
ROUND_ACCURACY method=FedPhoenixRG-Persistent round=119 accuracy=71.440002
********************************************************************************
Round 119
RG_SCORE round=120 layer=features.0 mean_q=0.168005 max_q=0.364104 fraction_q_positive=1.000000 sampling_entropy=4.069407 uniform_entropy=4.158883 entropy_gap=0.089476 max_probability_over_uniform=2.050589 min_probability_over_uniform=0.250000
RG_REMAP_SCORE round=120 layer=features.0 mode=persistent mean_q_current=0.168005 mean_q_previous=0.151333 mean_persistent_score=0.148304 sampling_entropy=4.069407
RG_SCORE round=120 layer=features.3 mean_q=0.199225 max_q=0.237868 fraction_q_positive=1.000000 sampling_entropy=4.156041 uniform_entropy=4.158883 entropy_gap=0.002842 max_probability_over_uniform=1.144962 min_probability_over_uniform=0.800883
RG_REMAP_SCORE round=120 layer=features.3 mode=persistent mean_q_current=0.199225 mean_q_previous=0.183789 mean_persistent_score=0.190899 sampling_entropy=4.156041
RG_SCORE round=120 layer=features.7 mean_q=0.193393 max_q=0.262536 fraction_q_positive=1.000000 sampling_entropy=4.847756 uniform_entropy=4.852030 entropy_gap=0.004275 max_probability_over_uniform=1.216442 min_probability_over_uniform=0.608618
RG_REMAP_SCORE round=120 layer=features.7 mode=persistent mean_q_current=0.193393 mean_q_previous=0.183489 mean_persistent_score=0.187260 sampling_entropy=4.847756
RG_SCORE round=120 layer=features.10 mean_q=0.184770 max_q=0.221716 fraction_q_positive=1.000000 sampling_entropy=4.850841 uniform_entropy=4.852030 entropy_gap=0.001190 max_probability_over_uniform=1.104589 min_probability_over_uniform=0.844704
RG_REMAP_SCORE round=120 layer=features.10 mode=persistent mean_q_current=0.184770 mean_q_previous=0.180437 mean_persistent_score=0.182263 sampling_entropy=4.850841
RG_SCORE round=120 layer=features.14 mean_q=0.192755 max_q=0.237602 fraction_q_positive=1.000000 sampling_entropy=5.543528 uniform_entropy=5.545177 entropy_gap=0.001649 max_probability_over_uniform=1.182766 min_probability_over_uniform=0.818254
RG_REMAP_SCORE round=120 layer=features.14 mode=persistent mean_q_current=0.192755 mean_q_previous=0.189475 mean_persistent_score=0.190916 sampling_entropy=5.543528
RG_SCORE round=120 layer=features.17 mean_q=0.181638 max_q=0.243148 fraction_q_positive=1.000000 sampling_entropy=5.543459 uniform_entropy=5.545177 entropy_gap=0.001719 max_probability_over_uniform=1.191698 min_probability_over_uniform=0.856063
RG_REMAP_SCORE round=120 layer=features.17 mode=persistent mean_q_current=0.181638 mean_q_previous=0.180475 mean_persistent_score=0.180945 sampling_entropy=5.543459
RG_SCORE round=120 layer=features.20 mean_q=0.185991 max_q=0.218061 fraction_q_positive=1.000000 sampling_entropy=5.544258 uniform_entropy=5.545177 entropy_gap=0.000920 max_probability_over_uniform=1.105841 min_probability_over_uniform=0.869805
RG_REMAP_SCORE round=120 layer=features.20 mode=persistent mean_q_current=0.185991 mean_q_previous=0.188675 mean_persistent_score=0.187203 sampling_entropy=5.544258
RG_SCORE round=120 layer=features.24 mean_q=0.199130 max_q=0.255737 fraction_q_positive=1.000000 sampling_entropy=6.236584 uniform_entropy=6.238325 entropy_gap=0.001741 max_probability_over_uniform=1.175763 min_probability_over_uniform=0.818987
RG_REMAP_SCORE round=120 layer=features.24 mode=persistent mean_q_current=0.199130 mean_q_previous=0.200422 mean_persistent_score=0.199598 sampling_entropy=6.236584
RG_SCORE round=120 layer=features.27 mean_q=0.175621 max_q=0.233909 fraction_q_positive=1.000000 sampling_entropy=6.236451 uniform_entropy=6.238325 entropy_gap=0.001873 max_probability_over_uniform=1.221617 min_probability_over_uniform=0.786298
RG_REMAP_SCORE round=120 layer=features.27 mode=persistent mean_q_current=0.175621 mean_q_previous=0.174941 mean_persistent_score=0.175155 sampling_entropy=6.236451
RG_SCORE round=120 layer=features.30 mean_q=0.165433 max_q=0.216405 fraction_q_positive=1.000000 sampling_entropy=6.235700 uniform_entropy=6.238325 entropy_gap=0.002625 max_probability_over_uniform=1.192389 min_probability_over_uniform=0.812936
RG_REMAP_SCORE round=120 layer=features.30 mode=persistent mean_q_current=0.165433 mean_q_previous=0.170833 mean_persistent_score=0.167927 sampling_entropy=6.235700
RG_SCORE round=120 layer=features.34 mean_q=0.285165 max_q=0.390566 fraction_q_positive=1.000000 sampling_entropy=6.233011 uniform_entropy=6.238325 entropy_gap=0.005314 max_probability_over_uniform=1.229271 min_probability_over_uniform=0.487326
RG_REMAP_SCORE round=120 layer=features.34 mode=persistent mean_q_current=0.285165 mean_q_previous=0.325039 mean_persistent_score=0.302658 sampling_entropy=6.233011
RG_SCORE round=120 layer=features.37 mean_q=0.221450 max_q=0.408045 fraction_q_positive=0.998047 sampling_entropy=6.223064 uniform_entropy=6.238325 entropy_gap=0.015261 max_probability_over_uniform=1.413739 min_probability_over_uniform=0.250000
RG_REMAP_SCORE round=120 layer=features.37 mode=persistent mean_q_current=0.221450 mean_q_previous=0.358663 mean_persistent_score=0.276102 sampling_entropy=6.223064
RG_SCORE round=120 layer=features.40 mean_q=0.153122 max_q=0.392046 fraction_q_positive=0.974609 sampling_entropy=6.170270 uniform_entropy=6.238325 entropy_gap=0.068055 max_probability_over_uniform=1.954108 min_probability_over_uniform=0.250000
RG_REMAP_SCORE round=120 layer=features.40 mode=persistent mean_q_current=0.153122 mean_q_previous=0.312663 mean_persistent_score=0.205592 sampling_entropy=6.170270
ROUND_ACCURACY method=FedPhoenixRG-Persistent round=120 accuracy=70.470001
********************************************************************************
Round 120
ROUND_ACCURACY method=FedPhoenixRG-Persistent round=121 accuracy=74.000000
********************************************************************************
Round 121
ROUND_ACCURACY method=FedPhoenixRG-Persistent round=122 accuracy=69.949997
********************************************************************************
Round 122
ROUND_ACCURACY method=FedPhoenixRG-Persistent round=123 accuracy=70.930000
********************************************************************************
Round 123
ROUND_ACCURACY method=FedPhoenixRG-Persistent round=124 accuracy=64.750000
********************************************************************************
Round 124
ROUND_ACCURACY method=FedPhoenixRG-Persistent round=125 accuracy=66.550003
********************************************************************************
Round 125
ROUND_ACCURACY method=FedPhoenixRG-Persistent round=126 accuracy=64.720001
********************************************************************************
Round 126
ROUND_ACCURACY method=FedPhoenixRG-Persistent round=127 accuracy=72.410004
********************************************************************************
Round 127
ROUND_ACCURACY method=FedPhoenixRG-Persistent round=128 accuracy=69.220001
********************************************************************************
Round 128
ROUND_ACCURACY method=FedPhoenixRG-Persistent round=129 accuracy=74.889999
********************************************************************************
Round 129
ROUND_ACCURACY method=FedPhoenixRG-Persistent round=130 accuracy=65.339996
********************************************************************************
Round 130
ROUND_ACCURACY method=FedPhoenixRG-Persistent round=131 accuracy=65.830002
********************************************************************************
Round 131
ROUND_ACCURACY method=FedPhoenixRG-Persistent round=132 accuracy=75.620003
********************************************************************************
Round 132
ROUND_ACCURACY method=FedPhoenixRG-Persistent round=133 accuracy=71.360001
********************************************************************************
Round 133
ROUND_ACCURACY method=FedPhoenixRG-Persistent round=134 accuracy=73.260002
********************************************************************************
Round 134
ROUND_ACCURACY method=FedPhoenixRG-Persistent round=135 accuracy=66.070000
********************************************************************************
Round 135
ROUND_ACCURACY method=FedPhoenixRG-Persistent round=136 accuracy=66.519997
********************************************************************************
Round 136
ROUND_ACCURACY method=FedPhoenixRG-Persistent round=137 accuracy=69.660004
********************************************************************************
Round 137
ROUND_ACCURACY method=FedPhoenixRG-Persistent round=138 accuracy=74.209999
********************************************************************************
Round 138
ROUND_ACCURACY method=FedPhoenixRG-Persistent round=139 accuracy=71.419998
********************************************************************************
Round 139
RG_SCORE round=140 layer=features.0 mean_q=0.162020 max_q=0.367281 fraction_q_positive=0.968750 sampling_entropy=4.092069 uniform_entropy=4.158883 entropy_gap=0.066814 max_probability_over_uniform=1.719854 min_probability_over_uniform=0.250000
RG_REMAP_SCORE round=140 layer=features.0 mode=persistent mean_q_current=0.162020 mean_q_previous=0.168005 mean_persistent_score=0.154322 sampling_entropy=4.092069
RG_SCORE round=140 layer=features.3 mean_q=0.198661 max_q=0.237743 fraction_q_positive=1.000000 sampling_entropy=4.156652 uniform_entropy=4.158883 entropy_gap=0.002231 max_probability_over_uniform=1.125874 min_probability_over_uniform=0.792235
RG_REMAP_SCORE round=140 layer=features.3 mode=persistent mean_q_current=0.198661 mean_q_previous=0.199225 mean_persistent_score=0.198451 sampling_entropy=4.156652
RG_SCORE round=140 layer=features.7 mean_q=0.194018 max_q=0.237465 fraction_q_positive=1.000000 sampling_entropy=4.850465 uniform_entropy=4.852030 entropy_gap=0.001565 max_probability_over_uniform=1.177995 min_probability_over_uniform=0.875602
RG_REMAP_SCORE round=140 layer=features.7 mode=persistent mean_q_current=0.194018 mean_q_previous=0.193393 mean_persistent_score=0.193263 sampling_entropy=4.850465
RG_SCORE round=140 layer=features.10 mean_q=0.184497 max_q=0.213354 fraction_q_positive=1.000000 sampling_entropy=4.851047 uniform_entropy=4.852030 entropy_gap=0.000983 max_probability_over_uniform=1.090184 min_probability_over_uniform=0.850724
RG_REMAP_SCORE round=140 layer=features.10 mode=persistent mean_q_current=0.184497 mean_q_previous=0.184770 mean_persistent_score=0.184377 sampling_entropy=4.851047
RG_SCORE round=140 layer=features.14 mean_q=0.193129 max_q=0.236942 fraction_q_positive=1.000000 sampling_entropy=5.543579 uniform_entropy=5.545177 entropy_gap=0.001598 max_probability_over_uniform=1.162311 min_probability_over_uniform=0.823889
RG_REMAP_SCORE round=140 layer=features.14 mode=persistent mean_q_current=0.193129 mean_q_previous=0.192755 mean_persistent_score=0.192786 sampling_entropy=5.543579
RG_SCORE round=140 layer=features.17 mean_q=0.184739 max_q=0.236541 fraction_q_positive=1.000000 sampling_entropy=5.543271 uniform_entropy=5.545177 entropy_gap=0.001907 max_probability_over_uniform=1.194584 min_probability_over_uniform=0.851477
RG_REMAP_SCORE round=140 layer=features.17 mode=persistent mean_q_current=0.184739 mean_q_previous=0.181638 mean_persistent_score=0.183080 sampling_entropy=5.543271
RG_SCORE round=140 layer=features.20 mean_q=0.186698 max_q=0.222785 fraction_q_positive=1.000000 sampling_entropy=5.544285 uniform_entropy=5.545177 entropy_gap=0.000893 max_probability_over_uniform=1.097712 min_probability_over_uniform=0.878283
RG_REMAP_SCORE round=140 layer=features.20 mode=persistent mean_q_current=0.186698 mean_q_previous=0.185991 mean_persistent_score=0.186229 sampling_entropy=5.544285
RG_SCORE round=140 layer=features.24 mean_q=0.201899 max_q=0.260713 fraction_q_positive=1.000000 sampling_entropy=6.236747 uniform_entropy=6.238325 entropy_gap=0.001578 max_probability_over_uniform=1.189099 min_probability_over_uniform=0.852710
RG_REMAP_SCORE round=140 layer=features.24 mode=persistent mean_q_current=0.201899 mean_q_previous=0.199130 mean_persistent_score=0.200346 sampling_entropy=6.236747
RG_SCORE round=140 layer=features.27 mean_q=0.185175 max_q=0.244058 fraction_q_positive=1.000000 sampling_entropy=6.236408 uniform_entropy=6.238325 entropy_gap=0.001916 max_probability_over_uniform=1.244251 min_probability_over_uniform=0.839173
RG_REMAP_SCORE round=140 layer=features.27 mode=persistent mean_q_current=0.185175 mean_q_previous=0.175621 mean_persistent_score=0.180222 sampling_entropy=6.236408
RG_SCORE round=140 layer=features.30 mean_q=0.172668 max_q=0.215175 fraction_q_positive=1.000000 sampling_entropy=6.235991 uniform_entropy=6.238325 entropy_gap=0.002334 max_probability_over_uniform=1.178067 min_probability_over_uniform=0.788542
RG_REMAP_SCORE round=140 layer=features.30 mode=persistent mean_q_current=0.172668 mean_q_previous=0.165433 mean_persistent_score=0.168838 sampling_entropy=6.235991
RG_SCORE round=140 layer=features.34 mean_q=0.305446 max_q=0.436455 fraction_q_positive=1.000000 sampling_entropy=6.230182 uniform_entropy=6.238325 entropy_gap=0.008143 max_probability_over_uniform=1.282649 min_probability_over_uniform=0.388882
RG_REMAP_SCORE round=140 layer=features.34 mode=persistent mean_q_current=0.305446 mean_q_previous=0.285165 mean_persistent_score=0.292455 sampling_entropy=6.230182
RG_SCORE round=140 layer=features.37 mean_q=0.234373 max_q=0.497144 fraction_q_positive=0.996094 sampling_entropy=6.208458 uniform_entropy=6.238325 entropy_gap=0.029867 max_probability_over_uniform=1.562298 min_probability_over_uniform=0.250000
RG_REMAP_SCORE round=140 layer=features.37 mode=persistent mean_q_current=0.234373 mean_q_previous=0.221450 mean_persistent_score=0.219808 sampling_entropy=6.208458
RG_SCORE round=140 layer=features.40 mean_q=0.156262 max_q=0.407432 fraction_q_positive=0.970703 sampling_entropy=6.145415 uniform_entropy=6.238325 entropy_gap=0.092910 max_probability_over_uniform=2.218540 min_probability_over_uniform=0.250000
RG_REMAP_SCORE round=140 layer=features.40 mode=persistent mean_q_current=0.156262 mean_q_previous=0.153122 mean_persistent_score=0.139520 sampling_entropy=6.145415
ROUND_ACCURACY method=FedPhoenixRG-Persistent round=140 accuracy=73.809998
********************************************************************************
Round 140
ROUND_ACCURACY method=FedPhoenixRG-Persistent round=141 accuracy=75.849998
********************************************************************************
Round 141
ROUND_ACCURACY method=FedPhoenixRG-Persistent round=142 accuracy=66.519997
********************************************************************************
Round 142
ROUND_ACCURACY method=FedPhoenixRG-Persistent round=143 accuracy=64.000000
********************************************************************************
Round 143
ROUND_ACCURACY method=FedPhoenixRG-Persistent round=144 accuracy=75.129997
********************************************************************************
Round 144
ROUND_ACCURACY method=FedPhoenixRG-Persistent round=145 accuracy=67.940002
********************************************************************************
Round 145
ROUND_ACCURACY method=FedPhoenixRG-Persistent round=146 accuracy=67.660004
********************************************************************************
Round 146
ROUND_ACCURACY method=FedPhoenixRG-Persistent round=147 accuracy=72.480003
********************************************************************************
Round 147
ROUND_ACCURACY method=FedPhoenixRG-Persistent round=148 accuracy=70.769997
********************************************************************************
Round 148
ROUND_ACCURACY method=FedPhoenixRG-Persistent round=149 accuracy=70.769997
********************************************************************************
Round 149
ROUND_ACCURACY method=FedPhoenixRG-Persistent round=150 accuracy=75.419998
********************************************************************************
Round 150
ROUND_ACCURACY method=FedPhoenixRG-Persistent round=151 accuracy=58.529999
********************************************************************************
Round 151
ROUND_ACCURACY method=FedPhoenixRG-Persistent round=152 accuracy=67.779999
********************************************************************************
Round 152
ROUND_ACCURACY method=FedPhoenixRG-Persistent round=153 accuracy=75.430000
********************************************************************************
Round 153
ROUND_ACCURACY method=FedPhoenixRG-Persistent round=154 accuracy=73.220001
********************************************************************************
Round 154
ROUND_ACCURACY method=FedPhoenixRG-Persistent round=155 accuracy=70.250000
********************************************************************************
Round 155
ROUND_ACCURACY method=FedPhoenixRG-Persistent round=156 accuracy=73.160004
********************************************************************************
Round 156
ROUND_ACCURACY method=FedPhoenixRG-Persistent round=157 accuracy=68.099998
********************************************************************************
Round 157
ROUND_ACCURACY method=FedPhoenixRG-Persistent round=158 accuracy=66.820000
********************************************************************************
Round 158
ROUND_ACCURACY method=FedPhoenixRG-Persistent round=159 accuracy=69.250000
********************************************************************************
Round 159
RG_SCORE round=160 layer=features.0 mean_q=0.152139 max_q=0.327385 fraction_q_positive=0.984375 sampling_entropy=4.090030 uniform_entropy=4.158883 entropy_gap=0.068853 max_probability_over_uniform=1.857051 min_probability_over_uniform=0.250000
RG_REMAP_SCORE round=160 layer=features.0 mode=persistent mean_q_current=0.152139 mean_q_previous=0.162020 mean_persistent_score=0.143257 sampling_entropy=4.090030
RG_SCORE round=160 layer=features.3 mean_q=0.183535 max_q=0.225767 fraction_q_positive=1.000000 sampling_entropy=4.157356 uniform_entropy=4.158883 entropy_gap=0.001527 max_probability_over_uniform=1.131205 min_probability_over_uniform=0.859590
RG_REMAP_SCORE round=160 layer=features.3 mode=persistent mean_q_current=0.183535 mean_q_previous=0.198661 mean_persistent_score=0.190476 sampling_entropy=4.157356
RG_SCORE round=160 layer=features.7 mean_q=0.182125 max_q=0.237275 fraction_q_positive=1.000000 sampling_entropy=4.850229 uniform_entropy=4.852030 entropy_gap=0.001801 max_probability_over_uniform=1.172248 min_probability_over_uniform=0.875990
RG_REMAP_SCORE round=160 layer=features.7 mode=persistent mean_q_current=0.182125 mean_q_previous=0.194018 mean_persistent_score=0.187582 sampling_entropy=4.850229
RG_SCORE round=160 layer=features.10 mean_q=0.175107 max_q=0.211043 fraction_q_positive=1.000000 sampling_entropy=4.850868 uniform_entropy=4.852030 entropy_gap=0.001162 max_probability_over_uniform=1.090441 min_probability_over_uniform=0.840443
RG_REMAP_SCORE round=160 layer=features.10 mode=persistent mean_q_current=0.175107 mean_q_previous=0.184497 mean_persistent_score=0.179557 sampling_entropy=4.850868
RG_SCORE round=160 layer=features.14 mean_q=0.186626 max_q=0.235194 fraction_q_positive=1.000000 sampling_entropy=5.543708 uniform_entropy=5.545177 entropy_gap=0.001470 max_probability_over_uniform=1.157608 min_probability_over_uniform=0.861862
RG_REMAP_SCORE round=160 layer=features.14 mode=persistent mean_q_current=0.186626 mean_q_previous=0.193129 mean_persistent_score=0.189679 sampling_entropy=5.543708
RG_SCORE round=160 layer=features.17 mean_q=0.178611 max_q=0.220947 fraction_q_positive=1.000000 sampling_entropy=5.543387 uniform_entropy=5.545177 entropy_gap=0.001790 max_probability_over_uniform=1.164093 min_probability_over_uniform=0.855325
RG_REMAP_SCORE round=160 layer=features.17 mode=persistent mean_q_current=0.178611 mean_q_previous=0.184739 mean_persistent_score=0.181545 sampling_entropy=5.543387
RG_SCORE round=160 layer=features.20 mean_q=0.180658 max_q=0.208788 fraction_q_positive=1.000000 sampling_entropy=5.544343 uniform_entropy=5.545177 entropy_gap=0.000834 max_probability_over_uniform=1.096348 min_probability_over_uniform=0.863497
RG_REMAP_SCORE round=160 layer=features.20 mode=persistent mean_q_current=0.180658 mean_q_previous=0.186698 mean_persistent_score=0.183537 sampling_entropy=5.544343
RG_SCORE round=160 layer=features.24 mean_q=0.197128 max_q=0.245469 fraction_q_positive=1.000000 sampling_entropy=6.236961 uniform_entropy=6.238325 entropy_gap=0.001364 max_probability_over_uniform=1.172259 min_probability_over_uniform=0.848791
RG_REMAP_SCORE round=160 layer=features.24 mode=persistent mean_q_current=0.197128 mean_q_previous=0.201899 mean_persistent_score=0.199339 sampling_entropy=6.236961
RG_SCORE round=160 layer=features.27 mean_q=0.183227 max_q=0.242263 fraction_q_positive=1.000000 sampling_entropy=6.236503 uniform_entropy=6.238325 entropy_gap=0.001822 max_probability_over_uniform=1.230711 min_probability_over_uniform=0.829792
RG_REMAP_SCORE round=160 layer=features.27 mode=persistent mean_q_current=0.183227 mean_q_previous=0.185175 mean_persistent_score=0.184066 sampling_entropy=6.236503
RG_SCORE round=160 layer=features.30 mean_q=0.166955 max_q=0.225398 fraction_q_positive=1.000000 sampling_entropy=6.236231 uniform_entropy=6.238325 entropy_gap=0.002093 max_probability_over_uniform=1.196161 min_probability_over_uniform=0.830013
RG_REMAP_SCORE round=160 layer=features.30 mode=persistent mean_q_current=0.166955 mean_q_previous=0.172668 mean_persistent_score=0.169603 sampling_entropy=6.236231
RG_SCORE round=160 layer=features.34 mean_q=0.292185 max_q=0.438112 fraction_q_positive=0.996094 sampling_entropy=6.228475 uniform_entropy=6.238325 entropy_gap=0.009850 max_probability_over_uniform=1.305193 min_probability_over_uniform=0.250000
RG_REMAP_SCORE round=160 layer=features.34 mode=persistent mean_q_current=0.292185 mean_q_previous=0.305446 mean_persistent_score=0.295319 sampling_entropy=6.228475
RG_SCORE round=160 layer=features.37 mean_q=0.242926 max_q=0.469946 fraction_q_positive=0.992188 sampling_entropy=6.207446 uniform_entropy=6.238325 entropy_gap=0.030879 max_probability_over_uniform=1.757078 min_probability_over_uniform=0.250000
RG_REMAP_SCORE round=160 layer=features.37 mode=persistent mean_q_current=0.242926 mean_q_previous=0.234373 mean_persistent_score=0.229492 sampling_entropy=6.207446
RG_SCORE round=160 layer=features.40 mean_q=0.124844 max_q=0.393795 fraction_q_positive=0.937500 sampling_entropy=6.124002 uniform_entropy=6.238325 entropy_gap=0.114322 max_probability_over_uniform=2.344202 min_probability_over_uniform=0.250000
RG_REMAP_SCORE round=160 layer=features.40 mode=persistent mean_q_current=0.124844 mean_q_previous=0.156262 mean_persistent_score=0.123860 sampling_entropy=6.124002
ROUND_ACCURACY method=FedPhoenixRG-Persistent round=160 accuracy=69.680000
********************************************************************************
Round 160
ROUND_ACCURACY method=FedPhoenixRG-Persistent round=161 accuracy=75.599998
********************************************************************************
Round 161
ROUND_ACCURACY method=FedPhoenixRG-Persistent round=162 accuracy=72.629997
********************************************************************************
Round 162
ROUND_ACCURACY method=FedPhoenixRG-Persistent round=163 accuracy=74.220001
********************************************************************************
Round 163
ROUND_ACCURACY method=FedPhoenixRG-Persistent round=164 accuracy=69.029999
********************************************************************************
Round 164
ROUND_ACCURACY method=FedPhoenixRG-Persistent round=165 accuracy=73.400002
********************************************************************************
Round 165
ROUND_ACCURACY method=FedPhoenixRG-Persistent round=166 accuracy=71.239998
********************************************************************************
Round 166
ROUND_ACCURACY method=FedPhoenixRG-Persistent round=167 accuracy=68.360001
********************************************************************************
Round 167
ROUND_ACCURACY method=FedPhoenixRG-Persistent round=168 accuracy=65.620003
********************************************************************************
Round 168
ROUND_ACCURACY method=FedPhoenixRG-Persistent round=169 accuracy=70.430000
********************************************************************************
Round 169
ROUND_ACCURACY method=FedPhoenixRG-Persistent round=170 accuracy=62.930000
********************************************************************************
Round 170
ROUND_ACCURACY method=FedPhoenixRG-Persistent round=171 accuracy=68.339996
********************************************************************************
Round 171
ROUND_ACCURACY method=FedPhoenixRG-Persistent round=172 accuracy=67.919998
********************************************************************************
Round 172
ROUND_ACCURACY method=FedPhoenixRG-Persistent round=173 accuracy=65.800003
********************************************************************************
Round 173
ROUND_ACCURACY method=FedPhoenixRG-Persistent round=174 accuracy=70.360001
********************************************************************************
Round 174
ROUND_ACCURACY method=FedPhoenixRG-Persistent round=175 accuracy=74.279999
********************************************************************************
Round 175
ROUND_ACCURACY method=FedPhoenixRG-Persistent round=176 accuracy=74.790001
********************************************************************************
Round 176
ROUND_ACCURACY method=FedPhoenixRG-Persistent round=177 accuracy=70.470001
********************************************************************************
Round 177
ROUND_ACCURACY method=FedPhoenixRG-Persistent round=178 accuracy=62.740002
********************************************************************************
Round 178
ROUND_ACCURACY method=FedPhoenixRG-Persistent round=179 accuracy=75.510002
********************************************************************************
Round 179
RG_SCORE round=180 layer=features.0 mean_q=0.137397 max_q=0.372133 fraction_q_positive=0.906250 sampling_entropy=4.070662 uniform_entropy=4.158883 entropy_gap=0.088221 max_probability_over_uniform=1.965705 min_probability_over_uniform=0.250000
RG_REMAP_SCORE round=180 layer=features.0 mode=persistent mean_q_current=0.137397 mean_q_previous=0.152139 mean_persistent_score=0.124971 sampling_entropy=4.070662
RG_SCORE round=180 layer=features.3 mean_q=0.162317 max_q=0.218999 fraction_q_positive=1.000000 sampling_entropy=4.155667 uniform_entropy=4.158883 entropy_gap=0.003216 max_probability_over_uniform=1.143703 min_probability_over_uniform=0.766069
RG_REMAP_SCORE round=180 layer=features.3 mode=persistent mean_q_current=0.162317 mean_q_previous=0.183535 mean_persistent_score=0.171815 sampling_entropy=4.155667
RG_SCORE round=180 layer=features.7 mean_q=0.166472 max_q=0.252628 fraction_q_positive=1.000000 sampling_entropy=4.848028 uniform_entropy=4.852030 entropy_gap=0.004003 max_probability_over_uniform=1.220705 min_probability_over_uniform=0.634090
RG_REMAP_SCORE round=180 layer=features.7 mode=persistent mean_q_current=0.166472 mean_q_previous=0.182125 mean_persistent_score=0.173310 sampling_entropy=4.848028
RG_SCORE round=180 layer=features.10 mean_q=0.159207 max_q=0.216025 fraction_q_positive=1.000000 sampling_entropy=4.850552 uniform_entropy=4.852030 entropy_gap=0.001478 max_probability_over_uniform=1.157399 min_probability_over_uniform=0.877504
RG_REMAP_SCORE round=180 layer=features.10 mode=persistent mean_q_current=0.159207 mean_q_previous=0.175107 mean_persistent_score=0.166687 sampling_entropy=4.850552
RG_SCORE round=180 layer=features.14 mean_q=0.163348 max_q=0.223843 fraction_q_positive=1.000000 sampling_entropy=5.543254 uniform_entropy=5.545177 entropy_gap=0.001923 max_probability_over_uniform=1.199701 min_probability_over_uniform=0.835005
RG_REMAP_SCORE round=180 layer=features.14 mode=persistent mean_q_current=0.163348 mean_q_previous=0.186626 mean_persistent_score=0.174302 sampling_entropy=5.543254
RG_SCORE round=180 layer=features.17 mean_q=0.157523 max_q=0.207651 fraction_q_positive=1.000000 sampling_entropy=5.542913 uniform_entropy=5.545177 entropy_gap=0.002264 max_probability_over_uniform=1.197581 min_probability_over_uniform=0.828567
RG_REMAP_SCORE round=180 layer=features.17 mode=persistent mean_q_current=0.157523 mean_q_previous=0.178611 mean_persistent_score=0.167546 sampling_entropy=5.542913
RG_SCORE round=180 layer=features.20 mean_q=0.160745 max_q=0.199591 fraction_q_positive=1.000000 sampling_entropy=5.544009 uniform_entropy=5.545177 entropy_gap=0.001169 max_probability_over_uniform=1.113549 min_probability_over_uniform=0.847825
RG_REMAP_SCORE round=180 layer=features.20 mode=persistent mean_q_current=0.160745 mean_q_previous=0.180658 mean_persistent_score=0.170220 sampling_entropy=5.544009
RG_SCORE round=180 layer=features.24 mean_q=0.171457 max_q=0.225294 fraction_q_positive=1.000000 sampling_entropy=6.235928 uniform_entropy=6.238325 entropy_gap=0.002397 max_probability_over_uniform=1.196137 min_probability_over_uniform=0.802909
RG_REMAP_SCORE round=180 layer=features.24 mode=persistent mean_q_current=0.171457 mean_q_previous=0.197128 mean_persistent_score=0.183431 sampling_entropy=6.235928
RG_SCORE round=180 layer=features.27 mean_q=0.158267 max_q=0.244109 fraction_q_positive=1.000000 sampling_entropy=6.235011 uniform_entropy=6.238325 entropy_gap=0.003314 max_probability_over_uniform=1.324010 min_probability_over_uniform=0.573431
RG_REMAP_SCORE round=180 layer=features.27 mode=persistent mean_q_current=0.158267 mean_q_previous=0.183227 mean_persistent_score=0.169820 sampling_entropy=6.235011
RG_SCORE round=180 layer=features.30 mean_q=0.138895 max_q=0.214065 fraction_q_positive=1.000000 sampling_entropy=6.234184 uniform_entropy=6.238325 entropy_gap=0.004140 max_probability_over_uniform=1.272796 min_probability_over_uniform=0.637139
RG_REMAP_SCORE round=180 layer=features.30 mode=persistent mean_q_current=0.138895 mean_q_previous=0.166955 mean_persistent_score=0.151637 sampling_entropy=6.234184
RG_SCORE round=180 layer=features.34 mean_q=0.259867 max_q=0.410263 fraction_q_positive=0.994141 sampling_entropy=6.221502 uniform_entropy=6.238325 entropy_gap=0.016822 max_probability_over_uniform=1.380426 min_probability_over_uniform=0.250000
RG_REMAP_SCORE round=180 layer=features.34 mode=persistent mean_q_current=0.259867 mean_q_previous=0.292185 mean_persistent_score=0.270070 sampling_entropy=6.221502
RG_SCORE round=180 layer=features.37 mean_q=0.225278 max_q=0.437321 fraction_q_positive=0.996094 sampling_entropy=6.203883 uniform_entropy=6.238325 entropy_gap=0.034442 max_probability_over_uniform=1.618429 min_probability_over_uniform=0.250000
RG_REMAP_SCORE round=180 layer=features.37 mode=persistent mean_q_current=0.225278 mean_q_previous=0.242926 mean_persistent_score=0.225072 sampling_entropy=6.203883
RG_SCORE round=180 layer=features.40 mean_q=0.135887 max_q=0.489354 fraction_q_positive=0.929688 sampling_entropy=6.104112 uniform_entropy=6.238325 entropy_gap=0.134213 max_probability_over_uniform=2.780711 min_probability_over_uniform=0.250000
RG_REMAP_SCORE round=180 layer=features.40 mode=persistent mean_q_current=0.135887 mean_q_previous=0.124844 mean_persistent_score=0.111344 sampling_entropy=6.104112
ROUND_ACCURACY method=FedPhoenixRG-Persistent round=180 accuracy=70.610001
********************************************************************************
Round 180
ROUND_ACCURACY method=FedPhoenixRG-Persistent round=181 accuracy=75.220001
********************************************************************************
Round 181
ROUND_ACCURACY method=FedPhoenixRG-Persistent round=182 accuracy=65.669998
********************************************************************************
Round 182
ROUND_ACCURACY method=FedPhoenixRG-Persistent round=183 accuracy=74.669998
********************************************************************************
Round 183
ROUND_ACCURACY method=FedPhoenixRG-Persistent round=184 accuracy=73.769997
********************************************************************************
Round 184
ROUND_ACCURACY method=FedPhoenixRG-Persistent round=185 accuracy=76.410004
********************************************************************************
Round 185
ROUND_ACCURACY method=FedPhoenixRG-Persistent round=186 accuracy=72.610001
********************************************************************************
Round 186
ROUND_ACCURACY method=FedPhoenixRG-Persistent round=187 accuracy=66.669998
********************************************************************************
Round 187
ROUND_ACCURACY method=FedPhoenixRG-Persistent round=188 accuracy=75.430000
********************************************************************************
Round 188
ROUND_ACCURACY method=FedPhoenixRG-Persistent round=189 accuracy=67.230003
********************************************************************************
Round 189
ROUND_ACCURACY method=FedPhoenixRG-Persistent round=190 accuracy=69.330002
********************************************************************************
Round 190
ROUND_ACCURACY method=FedPhoenixRG-Persistent round=191 accuracy=60.130001
********************************************************************************
Round 191
ROUND_ACCURACY method=FedPhoenixRG-Persistent round=192 accuracy=71.559998
********************************************************************************
Round 192
ROUND_ACCURACY method=FedPhoenixRG-Persistent round=193 accuracy=73.870003
********************************************************************************
Round 193
ROUND_ACCURACY method=FedPhoenixRG-Persistent round=194 accuracy=68.970001
********************************************************************************
Round 194
ROUND_ACCURACY method=FedPhoenixRG-Persistent round=195 accuracy=74.440002
********************************************************************************
Round 195
ROUND_ACCURACY method=FedPhoenixRG-Persistent round=196 accuracy=76.860001
********************************************************************************
Round 196
ROUND_ACCURACY method=FedPhoenixRG-Persistent round=197 accuracy=61.369999
********************************************************************************
Round 197
ROUND_ACCURACY method=FedPhoenixRG-Persistent round=198 accuracy=70.320000
********************************************************************************
Round 198
ROUND_ACCURACY method=FedPhoenixRG-Persistent round=199 accuracy=63.049999
********************************************************************************
Round 199
RG_SCORE round=200 layer=features.0 mean_q=0.162657 max_q=0.328038 fraction_q_positive=1.000000 sampling_entropy=4.060567 uniform_entropy=4.158883 entropy_gap=0.098316 max_probability_over_uniform=2.099151 min_probability_over_uniform=0.250000
RG_REMAP_SCORE round=200 layer=features.0 mode=persistent mean_q_current=0.162657 mean_q_previous=0.137397 mean_persistent_score=0.132944 sampling_entropy=4.060567
RG_SCORE round=200 layer=features.3 mean_q=0.174121 max_q=0.215703 fraction_q_positive=1.000000 sampling_entropy=4.155111 uniform_entropy=4.158883 entropy_gap=0.003772 max_probability_over_uniform=1.208827 min_probability_over_uniform=0.744891
RG_REMAP_SCORE round=200 layer=features.3 mode=persistent mean_q_current=0.174121 mean_q_previous=0.162317 mean_persistent_score=0.167387 sampling_entropy=4.155111
RG_SCORE round=200 layer=features.7 mean_q=0.177561 max_q=0.223684 fraction_q_positive=1.000000 sampling_entropy=4.848012 uniform_entropy=4.852030 entropy_gap=0.004018 max_probability_over_uniform=1.216832 min_probability_over_uniform=0.637323
RG_REMAP_SCORE round=200 layer=features.7 mode=persistent mean_q_current=0.177561 mean_q_previous=0.166472 mean_persistent_score=0.171131 sampling_entropy=4.848012
RG_SCORE round=200 layer=features.10 mean_q=0.166379 max_q=0.193904 fraction_q_positive=1.000000 sampling_entropy=4.850548 uniform_entropy=4.852030 entropy_gap=0.001483 max_probability_over_uniform=1.172023 min_probability_over_uniform=0.878929
RG_REMAP_SCORE round=200 layer=features.10 mode=persistent mean_q_current=0.166379 mean_q_previous=0.159207 mean_persistent_score=0.162469 sampling_entropy=4.850548
RG_SCORE round=200 layer=features.14 mean_q=0.177053 max_q=0.213288 fraction_q_positive=1.000000 sampling_entropy=5.543196 uniform_entropy=5.545177 entropy_gap=0.001981 max_probability_over_uniform=1.179323 min_probability_over_uniform=0.828235
RG_REMAP_SCORE round=200 layer=features.14 mode=persistent mean_q_current=0.177053 mean_q_previous=0.163348 mean_persistent_score=0.169796 sampling_entropy=5.543196
RG_SCORE round=200 layer=features.17 mean_q=0.171431 max_q=0.211471 fraction_q_positive=1.000000 sampling_entropy=5.542697 uniform_entropy=5.545177 entropy_gap=0.002481 max_probability_over_uniform=1.176514 min_probability_over_uniform=0.827697
RG_REMAP_SCORE round=200 layer=features.17 mode=persistent mean_q_current=0.171431 mean_q_previous=0.157523 mean_persistent_score=0.164127 sampling_entropy=5.542697
RG_SCORE round=200 layer=features.20 mean_q=0.171318 max_q=0.209390 fraction_q_positive=1.000000 sampling_entropy=5.543919 uniform_entropy=5.545177 entropy_gap=0.001258 max_probability_over_uniform=1.160808 min_probability_over_uniform=0.854316
RG_REMAP_SCORE round=200 layer=features.20 mode=persistent mean_q_current=0.171318 mean_q_previous=0.160745 mean_persistent_score=0.165751 sampling_entropy=5.543919
RG_SCORE round=200 layer=features.24 mean_q=0.188088 max_q=0.258627 fraction_q_positive=1.000000 sampling_entropy=6.235432 uniform_entropy=6.238325 entropy_gap=0.002892 max_probability_over_uniform=1.208899 min_probability_over_uniform=0.776990
RG_REMAP_SCORE round=200 layer=features.24 mode=persistent mean_q_current=0.188088 mean_q_previous=0.171457 mean_persistent_score=0.179155 sampling_entropy=6.235432
RG_SCORE round=200 layer=features.27 mean_q=0.178143 max_q=0.237715 fraction_q_positive=1.000000 sampling_entropy=6.234667 uniform_entropy=6.238325 entropy_gap=0.003658 max_probability_over_uniform=1.329581 min_probability_over_uniform=0.582229
RG_REMAP_SCORE round=200 layer=features.27 mode=persistent mean_q_current=0.178143 mean_q_previous=0.158267 mean_persistent_score=0.167350 sampling_entropy=6.234667
RG_SCORE round=200 layer=features.30 mean_q=0.155883 max_q=0.214363 fraction_q_positive=1.000000 sampling_entropy=6.234095 uniform_entropy=6.238325 entropy_gap=0.004229 max_probability_over_uniform=1.210048 min_probability_over_uniform=0.636547
RG_REMAP_SCORE round=200 layer=features.30 mode=persistent mean_q_current=0.155883 mean_q_previous=0.138895 mean_persistent_score=0.146362 sampling_entropy=6.234095
RG_SCORE round=200 layer=features.34 mean_q=0.278090 max_q=0.431219 fraction_q_positive=0.996094 sampling_entropy=6.218643 uniform_entropy=6.238325 entropy_gap=0.019682 max_probability_over_uniform=1.416274 min_probability_over_uniform=0.250000
RG_REMAP_SCORE round=200 layer=features.34 mode=persistent mean_q_current=0.278090 mean_q_previous=0.259867 mean_persistent_score=0.261771 sampling_entropy=6.218643
RG_SCORE round=200 layer=features.37 mean_q=0.216324 max_q=0.409111 fraction_q_positive=0.996094 sampling_entropy=6.203233 uniform_entropy=6.238325 entropy_gap=0.035092 max_probability_over_uniform=1.711683 min_probability_over_uniform=0.250000
RG_REMAP_SCORE round=200 layer=features.37 mode=persistent mean_q_current=0.216324 mean_q_previous=0.225278 mean_persistent_score=0.209878 sampling_entropy=6.203233
RG_SCORE round=200 layer=features.40 mean_q=0.115401 max_q=0.334740 fraction_q_positive=0.939453 sampling_entropy=6.108853 uniform_entropy=6.238325 entropy_gap=0.129472 max_probability_over_uniform=2.398601 min_probability_over_uniform=0.250000
RG_REMAP_SCORE round=200 layer=features.40 mode=persistent mean_q_current=0.115401 mean_q_previous=0.135887 mean_persistent_score=0.108572 sampling_entropy=6.108853
ROUND_ACCURACY method=FedPhoenixRG-Persistent round=200 accuracy=56.250000
********************************************************************************
Round 200
ROUND_ACCURACY method=FedPhoenixRG-Persistent round=201 accuracy=69.230003
********************************************************************************
Round 201
ROUND_ACCURACY method=FedPhoenixRG-Persistent round=202 accuracy=72.930000
********************************************************************************
Round 202
ROUND_ACCURACY method=FedPhoenixRG-Persistent round=203 accuracy=63.480000
********************************************************************************
Round 203
ROUND_ACCURACY method=FedPhoenixRG-Persistent round=204 accuracy=55.630001
********************************************************************************
Round 204
ROUND_ACCURACY method=FedPhoenixRG-Persistent round=205 accuracy=71.599998
********************************************************************************
Round 205
ROUND_ACCURACY method=FedPhoenixRG-Persistent round=206 accuracy=74.730003
********************************************************************************
Round 206
ROUND_ACCURACY method=FedPhoenixRG-Persistent round=207 accuracy=75.190002
********************************************************************************
Round 207
ROUND_ACCURACY method=FedPhoenixRG-Persistent round=208 accuracy=73.849998
********************************************************************************
Round 208
ROUND_ACCURACY method=FedPhoenixRG-Persistent round=209 accuracy=71.129997
********************************************************************************
Round 209
ROUND_ACCURACY method=FedPhoenixRG-Persistent round=210 accuracy=75.300003
********************************************************************************
Round 210
ROUND_ACCURACY method=FedPhoenixRG-Persistent round=211 accuracy=62.560001
********************************************************************************
Round 211
ROUND_ACCURACY method=FedPhoenixRG-Persistent round=212 accuracy=78.300003
********************************************************************************
Round 212
ROUND_ACCURACY method=FedPhoenixRG-Persistent round=213 accuracy=70.120003
********************************************************************************
Round 213
ROUND_ACCURACY method=FedPhoenixRG-Persistent round=214 accuracy=75.419998
********************************************************************************
Round 214
ROUND_ACCURACY method=FedPhoenixRG-Persistent round=215 accuracy=75.550003
********************************************************************************
Round 215
ROUND_ACCURACY method=FedPhoenixRG-Persistent round=216 accuracy=72.970001
********************************************************************************
Round 216
ROUND_ACCURACY method=FedPhoenixRG-Persistent round=217 accuracy=55.250000
********************************************************************************
Round 217
ROUND_ACCURACY method=FedPhoenixRG-Persistent round=218 accuracy=77.510002
********************************************************************************
Round 218
ROUND_ACCURACY method=FedPhoenixRG-Persistent round=219 accuracy=72.949997
********************************************************************************
Round 219
RG_SCORE round=220 layer=features.0 mean_q=0.160289 max_q=0.394413 fraction_q_positive=0.968750 sampling_entropy=4.085497 uniform_entropy=4.158883 entropy_gap=0.073386 max_probability_over_uniform=1.836821 min_probability_over_uniform=0.250000
RG_REMAP_SCORE round=220 layer=features.0 mode=persistent mean_q_current=0.160289 mean_q_previous=0.162657 mean_persistent_score=0.149478 sampling_entropy=4.085497
RG_SCORE round=220 layer=features.3 mean_q=0.155901 max_q=0.209859 fraction_q_positive=1.000000 sampling_entropy=4.156216 uniform_entropy=4.158883 entropy_gap=0.002667 max_probability_over_uniform=1.174705 min_probability_over_uniform=0.739799
RG_REMAP_SCORE round=220 layer=features.3 mode=persistent mean_q_current=0.155901 mean_q_previous=0.174121 mean_persistent_score=0.164071 sampling_entropy=4.156216
RG_SCORE round=220 layer=features.7 mean_q=0.153361 max_q=0.231087 fraction_q_positive=1.000000 sampling_entropy=4.849278 uniform_entropy=4.852030 entropy_gap=0.002752 max_probability_over_uniform=1.156348 min_probability_over_uniform=0.752555
RG_REMAP_SCORE round=220 layer=features.7 mode=persistent mean_q_current=0.153361 mean_q_previous=0.177561 mean_persistent_score=0.164152 sampling_entropy=4.849278
RG_SCORE round=220 layer=features.10 mean_q=0.139599 max_q=0.186707 fraction_q_positive=1.000000 sampling_entropy=4.850385 uniform_entropy=4.852030 entropy_gap=0.001645 max_probability_over_uniform=1.132605 min_probability_over_uniform=0.830545
RG_REMAP_SCORE round=220 layer=features.10 mode=persistent mean_q_current=0.139599 mean_q_previous=0.166379 mean_persistent_score=0.151987 sampling_entropy=4.850385
RG_SCORE round=220 layer=features.14 mean_q=0.148110 max_q=0.222302 fraction_q_positive=1.000000 sampling_entropy=5.543106 uniform_entropy=5.545177 entropy_gap=0.002071 max_probability_over_uniform=1.214980 min_probability_over_uniform=0.841053
RG_REMAP_SCORE round=220 layer=features.14 mode=persistent mean_q_current=0.148110 mean_q_previous=0.177053 mean_persistent_score=0.161570 sampling_entropy=5.543106
RG_SCORE round=220 layer=features.17 mean_q=0.141985 max_q=0.189828 fraction_q_positive=1.000000 sampling_entropy=5.542832 uniform_entropy=5.545177 entropy_gap=0.002346 max_probability_over_uniform=1.195331 min_probability_over_uniform=0.842196
RG_REMAP_SCORE round=220 layer=features.17 mode=persistent mean_q_current=0.141985 mean_q_previous=0.171431 mean_persistent_score=0.155711 sampling_entropy=5.542832
RG_SCORE round=220 layer=features.20 mean_q=0.143157 max_q=0.176748 fraction_q_positive=1.000000 sampling_entropy=5.543899 uniform_entropy=5.545177 entropy_gap=0.001278 max_probability_over_uniform=1.154462 min_probability_over_uniform=0.801831
RG_REMAP_SCORE round=220 layer=features.20 mode=persistent mean_q_current=0.143157 mean_q_previous=0.171318 mean_persistent_score=0.156339 sampling_entropy=5.543899
RG_SCORE round=220 layer=features.24 mean_q=0.157851 max_q=0.224869 fraction_q_positive=1.000000 sampling_entropy=6.234756 uniform_entropy=6.238325 entropy_gap=0.003569 max_probability_over_uniform=1.242113 min_probability_over_uniform=0.676047
RG_REMAP_SCORE round=220 layer=features.24 mode=persistent mean_q_current=0.157851 mean_q_previous=0.188088 mean_persistent_score=0.171693 sampling_entropy=6.234756
RG_SCORE round=220 layer=features.27 mean_q=0.150983 max_q=0.217774 fraction_q_positive=1.000000 sampling_entropy=6.233932 uniform_entropy=6.238325 entropy_gap=0.004392 max_probability_over_uniform=1.295672 min_probability_over_uniform=0.713081
RG_REMAP_SCORE round=220 layer=features.27 mode=persistent mean_q_current=0.150983 mean_q_previous=0.178143 mean_persistent_score=0.163191 sampling_entropy=6.233932
RG_SCORE round=220 layer=features.30 mean_q=0.137702 max_q=0.205547 fraction_q_positive=1.000000 sampling_entropy=6.234519 uniform_entropy=6.238325 entropy_gap=0.003805 max_probability_over_uniform=1.241506 min_probability_over_uniform=0.735204
RG_REMAP_SCORE round=220 layer=features.30 mode=persistent mean_q_current=0.137702 mean_q_previous=0.155883 mean_persistent_score=0.145799 sampling_entropy=6.234519
RG_SCORE round=220 layer=features.34 mean_q=0.261303 max_q=0.437100 fraction_q_positive=0.998047 sampling_entropy=6.220980 uniform_entropy=6.238325 entropy_gap=0.017345 max_probability_over_uniform=1.421688 min_probability_over_uniform=0.250000
RG_REMAP_SCORE round=220 layer=features.34 mode=persistent mean_q_current=0.261303 mean_q_previous=0.278090 mean_persistent_score=0.262636 sampling_entropy=6.220980
RG_SCORE round=220 layer=features.37 mean_q=0.258656 max_q=0.476931 fraction_q_positive=0.996094 sampling_entropy=6.209990 uniform_entropy=6.238325 entropy_gap=0.028334 max_probability_over_uniform=1.603900 min_probability_over_uniform=0.250000
RG_REMAP_SCORE round=220 layer=features.37 mode=persistent mean_q_current=0.258656 mean_q_previous=0.216324 mean_persistent_score=0.226054 sampling_entropy=6.209990
RG_SCORE round=220 layer=features.40 mean_q=0.161902 max_q=0.446369 fraction_q_positive=0.917969 sampling_entropy=6.105631 uniform_entropy=6.238325 entropy_gap=0.132693 max_probability_over_uniform=2.519450 min_probability_over_uniform=0.250000
RG_REMAP_SCORE round=220 layer=features.40 mode=persistent mean_q_current=0.161902 mean_q_previous=0.115401 mean_persistent_score=0.118288 sampling_entropy=6.105631
ROUND_ACCURACY method=FedPhoenixRG-Persistent round=220 accuracy=70.440002
********************************************************************************
Round 220
ROUND_ACCURACY method=FedPhoenixRG-Persistent round=221 accuracy=73.070000
********************************************************************************
Round 221
ROUND_ACCURACY method=FedPhoenixRG-Persistent round=222 accuracy=70.449997
********************************************************************************
Round 222
ROUND_ACCURACY method=FedPhoenixRG-Persistent round=223 accuracy=76.769997
********************************************************************************
Round 223
ROUND_ACCURACY method=FedPhoenixRG-Persistent round=224 accuracy=76.209999
********************************************************************************
Round 224
ROUND_ACCURACY method=FedPhoenixRG-Persistent round=225 accuracy=73.559998
********************************************************************************
Round 225
ROUND_ACCURACY method=FedPhoenixRG-Persistent round=226 accuracy=62.900002
********************************************************************************
Round 226
ROUND_ACCURACY method=FedPhoenixRG-Persistent round=227 accuracy=74.419998
********************************************************************************
Round 227
ROUND_ACCURACY method=FedPhoenixRG-Persistent round=228 accuracy=69.389999
********************************************************************************
Round 228
ROUND_ACCURACY method=FedPhoenixRG-Persistent round=229 accuracy=64.599998
********************************************************************************
Round 229
ROUND_ACCURACY method=FedPhoenixRG-Persistent round=230 accuracy=77.589996
********************************************************************************
Round 230
ROUND_ACCURACY method=FedPhoenixRG-Persistent round=231 accuracy=73.070000
********************************************************************************
Round 231
ROUND_ACCURACY method=FedPhoenixRG-Persistent round=232 accuracy=75.989998
********************************************************************************
Round 232
ROUND_ACCURACY method=FedPhoenixRG-Persistent round=233 accuracy=70.510002
********************************************************************************
Round 233
ROUND_ACCURACY method=FedPhoenixRG-Persistent round=234 accuracy=70.949997
********************************************************************************
Round 234
ROUND_ACCURACY method=FedPhoenixRG-Persistent round=235 accuracy=62.610001
********************************************************************************
Round 235
ROUND_ACCURACY method=FedPhoenixRG-Persistent round=236 accuracy=75.949997
********************************************************************************
Round 236
ROUND_ACCURACY method=FedPhoenixRG-Persistent round=237 accuracy=68.500000
********************************************************************************
Round 237
ROUND_ACCURACY method=FedPhoenixRG-Persistent round=238 accuracy=69.389999
********************************************************************************
Round 238
ROUND_ACCURACY method=FedPhoenixRG-Persistent round=239 accuracy=74.570000
********************************************************************************
Round 239
RG_SCORE round=240 layer=features.0 mean_q=0.128946 max_q=0.347681 fraction_q_positive=0.875000 sampling_entropy=4.023563 uniform_entropy=4.158883 entropy_gap=0.135320 max_probability_over_uniform=2.063262 min_probability_over_uniform=0.250000
RG_REMAP_SCORE round=240 layer=features.0 mode=persistent mean_q_current=0.128946 mean_q_previous=0.160289 mean_persistent_score=0.119255 sampling_entropy=4.023563
RG_SCORE round=240 layer=features.3 mean_q=0.169821 max_q=0.226747 fraction_q_positive=1.000000 sampling_entropy=4.155264 uniform_entropy=4.158883 entropy_gap=0.003619 max_probability_over_uniform=1.185851 min_probability_over_uniform=0.758779
RG_REMAP_SCORE round=240 layer=features.3 mode=persistent mean_q_current=0.169821 mean_q_previous=0.155901 mean_persistent_score=0.162097 sampling_entropy=4.155264
RG_SCORE round=240 layer=features.7 mean_q=0.172827 max_q=0.228563 fraction_q_positive=1.000000 sampling_entropy=4.848354 uniform_entropy=4.852030 entropy_gap=0.003676 max_probability_over_uniform=1.267171 min_probability_over_uniform=0.716533
RG_REMAP_SCORE round=240 layer=features.7 mode=persistent mean_q_current=0.172827 mean_q_previous=0.153361 mean_persistent_score=0.162111 sampling_entropy=4.848354
RG_SCORE round=240 layer=features.10 mean_q=0.165551 max_q=0.213661 fraction_q_positive=1.000000 sampling_entropy=4.850198 uniform_entropy=4.852030 entropy_gap=0.001832 max_probability_over_uniform=1.200859 min_probability_over_uniform=0.851409
RG_REMAP_SCORE round=240 layer=features.10 mode=persistent mean_q_current=0.165551 mean_q_previous=0.139599 mean_persistent_score=0.151588 sampling_entropy=4.850198
RG_SCORE round=240 layer=features.14 mean_q=0.173241 max_q=0.236290 fraction_q_positive=1.000000 sampling_entropy=5.542793 uniform_entropy=5.545177 entropy_gap=0.002385 max_probability_over_uniform=1.288236 min_probability_over_uniform=0.814791
RG_REMAP_SCORE round=240 layer=features.14 mode=persistent mean_q_current=0.173241 mean_q_previous=0.148110 mean_persistent_score=0.159807 sampling_entropy=5.542793
RG_SCORE round=240 layer=features.17 mean_q=0.167348 max_q=0.215211 fraction_q_positive=1.000000 sampling_entropy=5.542777 uniform_entropy=5.545177 entropy_gap=0.002401 max_probability_over_uniform=1.211763 min_probability_over_uniform=0.810817
RG_REMAP_SCORE round=240 layer=features.17 mode=persistent mean_q_current=0.167348 mean_q_previous=0.141985 mean_persistent_score=0.153838 sampling_entropy=5.542777
RG_SCORE round=240 layer=features.20 mean_q=0.167263 max_q=0.196563 fraction_q_positive=1.000000 sampling_entropy=5.543897 uniform_entropy=5.545177 entropy_gap=0.001280 max_probability_over_uniform=1.136871 min_probability_over_uniform=0.849186
RG_REMAP_SCORE round=240 layer=features.20 mode=persistent mean_q_current=0.167263 mean_q_previous=0.143157 mean_persistent_score=0.154471 sampling_entropy=5.543897
RG_SCORE round=240 layer=features.24 mean_q=0.184320 max_q=0.255038 fraction_q_positive=1.000000 sampling_entropy=6.234826 uniform_entropy=6.238325 entropy_gap=0.003499 max_probability_over_uniform=1.230193 min_probability_over_uniform=0.674638
RG_REMAP_SCORE round=240 layer=features.24 mode=persistent mean_q_current=0.184320 mean_q_previous=0.157851 mean_persistent_score=0.169897 sampling_entropy=6.234826
RG_SCORE round=240 layer=features.27 mean_q=0.175903 max_q=0.241692 fraction_q_positive=1.000000 sampling_entropy=6.233853 uniform_entropy=6.238325 entropy_gap=0.004472 max_probability_over_uniform=1.259788 min_probability_over_uniform=0.709969
RG_REMAP_SCORE round=240 layer=features.27 mode=persistent mean_q_current=0.175903 mean_q_previous=0.150983 mean_persistent_score=0.162136 sampling_entropy=6.233853
RG_SCORE round=240 layer=features.30 mean_q=0.154794 max_q=0.217422 fraction_q_positive=1.000000 sampling_entropy=6.234190 uniform_entropy=6.238325 entropy_gap=0.004134 max_probability_over_uniform=1.250477 min_probability_over_uniform=0.711776
RG_REMAP_SCORE round=240 layer=features.30 mode=persistent mean_q_current=0.154794 mean_q_previous=0.137702 mean_persistent_score=0.145273 sampling_entropy=6.234190
RG_SCORE round=240 layer=features.34 mean_q=0.289563 max_q=0.448834 fraction_q_positive=0.992188 sampling_entropy=6.218314 uniform_entropy=6.238325 entropy_gap=0.020010 max_probability_over_uniform=1.403412 min_probability_over_uniform=0.250000
RG_REMAP_SCORE round=240 layer=features.34 mode=persistent mean_q_current=0.289563 mean_q_previous=0.261303 mean_persistent_score=0.269225 sampling_entropy=6.218314
RG_SCORE round=240 layer=features.37 mean_q=0.246110 max_q=0.466350 fraction_q_positive=0.982422 sampling_entropy=6.201576 uniform_entropy=6.238325 entropy_gap=0.036749 max_probability_over_uniform=1.618409 min_probability_over_uniform=0.250000
RG_REMAP_SCORE round=240 layer=features.37 mode=persistent mean_q_current=0.246110 mean_q_previous=0.258656 mean_persistent_score=0.239536 sampling_entropy=6.201576
RG_SCORE round=240 layer=features.40 mean_q=0.143355 max_q=0.468736 fraction_q_positive=0.892578 sampling_entropy=6.084443 uniform_entropy=6.238325 entropy_gap=0.153881 max_probability_over_uniform=2.675303 min_probability_over_uniform=0.250000
RG_REMAP_SCORE round=240 layer=features.40 mode=persistent mean_q_current=0.143355 mean_q_previous=0.161902 mean_persistent_score=0.127697 sampling_entropy=6.084443
ROUND_ACCURACY method=FedPhoenixRG-Persistent round=240 accuracy=67.160004
********************************************************************************
Round 240
ROUND_ACCURACY method=FedPhoenixRG-Persistent round=241 accuracy=75.300003
********************************************************************************
Round 241
ROUND_ACCURACY method=FedPhoenixRG-Persistent round=242 accuracy=74.360001
********************************************************************************
Round 242
ROUND_ACCURACY method=FedPhoenixRG-Persistent round=243 accuracy=72.800003
********************************************************************************
Round 243
ROUND_ACCURACY method=FedPhoenixRG-Persistent round=244 accuracy=73.519997
********************************************************************************
Round 244
ROUND_ACCURACY method=FedPhoenixRG-Persistent round=245 accuracy=74.870003
********************************************************************************
Round 245
ROUND_ACCURACY method=FedPhoenixRG-Persistent round=246 accuracy=75.230003
********************************************************************************
Round 246
ROUND_ACCURACY method=FedPhoenixRG-Persistent round=247 accuracy=54.610001
********************************************************************************
Round 247
ROUND_ACCURACY method=FedPhoenixRG-Persistent round=248 accuracy=72.320000
********************************************************************************
Round 248
ROUND_ACCURACY method=FedPhoenixRG-Persistent round=249 accuracy=71.199997
********************************************************************************
Round 249
ROUND_ACCURACY method=FedPhoenixRG-Persistent round=250 accuracy=71.750000
********************************************************************************
Round 250
ROUND_ACCURACY method=FedPhoenixRG-Persistent round=251 accuracy=77.680000
********************************************************************************
Round 251
ROUND_ACCURACY method=FedPhoenixRG-Persistent round=252 accuracy=72.860001
********************************************************************************
Round 252
ROUND_ACCURACY method=FedPhoenixRG-Persistent round=253 accuracy=70.059998
********************************************************************************
Round 253
ROUND_ACCURACY method=FedPhoenixRG-Persistent round=254 accuracy=68.139999
********************************************************************************
Round 254
ROUND_ACCURACY method=FedPhoenixRG-Persistent round=255 accuracy=78.389999
********************************************************************************
Round 255
ROUND_ACCURACY method=FedPhoenixRG-Persistent round=256 accuracy=68.250000
********************************************************************************
Round 256
ROUND_ACCURACY method=FedPhoenixRG-Persistent round=257 accuracy=76.279999
********************************************************************************
Round 257
ROUND_ACCURACY method=FedPhoenixRG-Persistent round=258 accuracy=73.660004
********************************************************************************
Round 258
ROUND_ACCURACY method=FedPhoenixRG-Persistent round=259 accuracy=75.570000
********************************************************************************
Round 259
RG_SCORE round=260 layer=features.0 mean_q=0.146352 max_q=0.355139 fraction_q_positive=0.968750 sampling_entropy=4.014783 uniform_entropy=4.158883 entropy_gap=0.144100 max_probability_over_uniform=2.248152 min_probability_over_uniform=0.250000
RG_REMAP_SCORE round=260 layer=features.0 mode=persistent mean_q_current=0.146352 mean_q_previous=0.128946 mean_persistent_score=0.119033 sampling_entropy=4.014783
RG_SCORE round=260 layer=features.3 mean_q=0.183868 max_q=0.235600 fraction_q_positive=1.000000 sampling_entropy=4.155851 uniform_entropy=4.158883 entropy_gap=0.003032 max_probability_over_uniform=1.156083 min_probability_over_uniform=0.787000
RG_REMAP_SCORE round=260 layer=features.3 mode=persistent mean_q_current=0.183868 mean_q_previous=0.169821 mean_persistent_score=0.176057 sampling_entropy=4.155851
RG_SCORE round=260 layer=features.7 mean_q=0.187559 max_q=0.244946 fraction_q_positive=1.000000 sampling_entropy=4.849801 uniform_entropy=4.852030 entropy_gap=0.002229 max_probability_over_uniform=1.195340 min_probability_over_uniform=0.847117
RG_REMAP_SCORE round=260 layer=features.7 mode=persistent mean_q_current=0.187559 mean_q_previous=0.172827 mean_persistent_score=0.179583 sampling_entropy=4.849801
RG_SCORE round=260 layer=features.10 mean_q=0.178338 max_q=0.207886 fraction_q_positive=1.000000 sampling_entropy=4.850834 uniform_entropy=4.852030 entropy_gap=0.001196 max_probability_over_uniform=1.140652 min_probability_over_uniform=0.895859
RG_REMAP_SCORE round=260 layer=features.10 mode=persistent mean_q_current=0.178338 mean_q_previous=0.165551 mean_persistent_score=0.171599 sampling_entropy=4.850834
RG_SCORE round=260 layer=features.14 mean_q=0.179612 max_q=0.233820 fraction_q_positive=1.000000 sampling_entropy=5.543402 uniform_entropy=5.545177 entropy_gap=0.001775 max_probability_over_uniform=1.221823 min_probability_over_uniform=0.807791
RG_REMAP_SCORE round=260 layer=features.14 mode=persistent mean_q_current=0.179612 mean_q_previous=0.173241 mean_persistent_score=0.176177 sampling_entropy=5.543402
RG_SCORE round=260 layer=features.17 mean_q=0.174373 max_q=0.215342 fraction_q_positive=1.000000 sampling_entropy=5.543059 uniform_entropy=5.545177 entropy_gap=0.002118 max_probability_over_uniform=1.165753 min_probability_over_uniform=0.836644
RG_REMAP_SCORE round=260 layer=features.17 mode=persistent mean_q_current=0.174373 mean_q_previous=0.167348 mean_persistent_score=0.170682 sampling_entropy=5.543059
RG_SCORE round=260 layer=features.20 mean_q=0.173382 max_q=0.205364 fraction_q_positive=1.000000 sampling_entropy=5.544287 uniform_entropy=5.545177 entropy_gap=0.000890 max_probability_over_uniform=1.116000 min_probability_over_uniform=0.841611
RG_REMAP_SCORE round=260 layer=features.20 mode=persistent mean_q_current=0.173382 mean_q_previous=0.167263 mean_persistent_score=0.170155 sampling_entropy=5.544287
RG_SCORE round=260 layer=features.24 mean_q=0.194672 max_q=0.250962 fraction_q_positive=1.000000 sampling_entropy=6.236392 uniform_entropy=6.238325 entropy_gap=0.001932 max_probability_over_uniform=1.181550 min_probability_over_uniform=0.837913
RG_REMAP_SCORE round=260 layer=features.24 mode=persistent mean_q_current=0.194672 mean_q_previous=0.184320 mean_persistent_score=0.189185 sampling_entropy=6.236392
RG_SCORE round=260 layer=features.27 mean_q=0.192685 max_q=0.256261 fraction_q_positive=1.000000 sampling_entropy=6.236106 uniform_entropy=6.238325 entropy_gap=0.002218 max_probability_over_uniform=1.222444 min_probability_over_uniform=0.748001
RG_REMAP_SCORE round=260 layer=features.27 mode=persistent mean_q_current=0.192685 mean_q_previous=0.175903 mean_persistent_score=0.183831 sampling_entropy=6.236106
RG_SCORE round=260 layer=features.30 mean_q=0.172872 max_q=0.226689 fraction_q_positive=1.000000 sampling_entropy=6.235850 uniform_entropy=6.238325 entropy_gap=0.002475 max_probability_over_uniform=1.270068 min_probability_over_uniform=0.759019
RG_REMAP_SCORE round=260 layer=features.30 mode=persistent mean_q_current=0.172872 mean_q_previous=0.154794 mean_persistent_score=0.163230 sampling_entropy=6.235850
RG_SCORE round=260 layer=features.34 mean_q=0.351162 max_q=0.458444 fraction_q_positive=1.000000 sampling_entropy=6.225969 uniform_entropy=6.238325 entropy_gap=0.012355 max_probability_over_uniform=1.286620 min_probability_over_uniform=0.250000
RG_REMAP_SCORE round=260 layer=features.34 mode=persistent mean_q_current=0.351162 mean_q_previous=0.289563 mean_persistent_score=0.314223 sampling_entropy=6.225969
RG_SCORE round=260 layer=features.37 mean_q=0.398828 max_q=0.520784 fraction_q_positive=1.000000 sampling_entropy=6.213186 uniform_entropy=6.238325 entropy_gap=0.025139 max_probability_over_uniform=1.426148 min_probability_over_uniform=0.250000
RG_REMAP_SCORE round=260 layer=features.37 mode=persistent mean_q_current=0.398828 mean_q_previous=0.246110 mean_persistent_score=0.303028 sampling_entropy=6.213186
RG_SCORE round=260 layer=features.40 mean_q=0.313213 max_q=0.600972 fraction_q_positive=0.998047 sampling_entropy=6.138445 uniform_entropy=6.238325 entropy_gap=0.099880 max_probability_over_uniform=2.055356 min_probability_over_uniform=0.250000
RG_REMAP_SCORE round=260 layer=features.40 mode=persistent mean_q_current=0.313213 mean_q_previous=0.143355 mean_persistent_score=0.188430 sampling_entropy=6.138445
ROUND_ACCURACY method=FedPhoenixRG-Persistent round=260 accuracy=77.330002
********************************************************************************
Round 260
ROUND_ACCURACY method=FedPhoenixRG-Persistent round=261 accuracy=77.989998
********************************************************************************
Round 261
ROUND_ACCURACY method=FedPhoenixRG-Persistent round=262 accuracy=74.940002
********************************************************************************
Round 262
ROUND_ACCURACY method=FedPhoenixRG-Persistent round=263 accuracy=70.029999
********************************************************************************
Round 263
ROUND_ACCURACY method=FedPhoenixRG-Persistent round=264 accuracy=73.690002
********************************************************************************
Round 264
ROUND_ACCURACY method=FedPhoenixRG-Persistent round=265 accuracy=75.820000
********************************************************************************
Round 265
ROUND_ACCURACY method=FedPhoenixRG-Persistent round=266 accuracy=75.940002
********************************************************************************
Round 266
ROUND_ACCURACY method=FedPhoenixRG-Persistent round=267 accuracy=73.849998
********************************************************************************
Round 267
ROUND_ACCURACY method=FedPhoenixRG-Persistent round=268 accuracy=53.009998
********************************************************************************
Round 268
ROUND_ACCURACY method=FedPhoenixRG-Persistent round=269 accuracy=72.919998
********************************************************************************
Round 269
ROUND_ACCURACY method=FedPhoenixRG-Persistent round=270 accuracy=70.110001
********************************************************************************
Round 270
ROUND_ACCURACY method=FedPhoenixRG-Persistent round=271 accuracy=72.599998
********************************************************************************
Round 271
ROUND_ACCURACY method=FedPhoenixRG-Persistent round=272 accuracy=63.150002
********************************************************************************
Round 272
ROUND_ACCURACY method=FedPhoenixRG-Persistent round=273 accuracy=66.820000
********************************************************************************
Round 273
ROUND_ACCURACY method=FedPhoenixRG-Persistent round=274 accuracy=54.529999
********************************************************************************
Round 274
ROUND_ACCURACY method=FedPhoenixRG-Persistent round=275 accuracy=76.410004
********************************************************************************
Round 275
ROUND_ACCURACY method=FedPhoenixRG-Persistent round=276 accuracy=66.440002
********************************************************************************
Round 276
ROUND_ACCURACY method=FedPhoenixRG-Persistent round=277 accuracy=77.320000
********************************************************************************
Round 277
ROUND_ACCURACY method=FedPhoenixRG-Persistent round=278 accuracy=68.510002
********************************************************************************
Round 278
ROUND_ACCURACY method=FedPhoenixRG-Persistent round=279 accuracy=77.040001
********************************************************************************
Round 279
RG_SCORE round=280 layer=features.0 mean_q=0.121260 max_q=0.286823 fraction_q_positive=0.984375 sampling_entropy=4.089637 uniform_entropy=4.158883 entropy_gap=0.069246 max_probability_over_uniform=1.842998 min_probability_over_uniform=0.250000
RG_REMAP_SCORE round=280 layer=features.0 mode=persistent mean_q_current=0.121260 mean_q_previous=0.146352 mean_persistent_score=0.121323 sampling_entropy=4.089637
RG_SCORE round=280 layer=features.3 mean_q=0.165089 max_q=0.217659 fraction_q_positive=1.000000 sampling_entropy=4.154856 uniform_entropy=4.158883 entropy_gap=0.004027 max_probability_over_uniform=1.196048 min_probability_over_uniform=0.772720
RG_REMAP_SCORE round=280 layer=features.3 mode=persistent mean_q_current=0.165089 mean_q_previous=0.183868 mean_persistent_score=0.173756 sampling_entropy=4.154856
RG_SCORE round=280 layer=features.7 mean_q=0.169779 max_q=0.221913 fraction_q_positive=1.000000 sampling_entropy=4.849514 uniform_entropy=4.852030 entropy_gap=0.002516 max_probability_over_uniform=1.215757 min_probability_over_uniform=0.852674
RG_REMAP_SCORE round=280 layer=features.7 mode=persistent mean_q_current=0.169779 mean_q_previous=0.187559 mean_persistent_score=0.178073 sampling_entropy=4.849514
RG_SCORE round=280 layer=features.10 mean_q=0.164842 max_q=0.198013 fraction_q_positive=1.000000 sampling_entropy=4.850984 uniform_entropy=4.852030 entropy_gap=0.001046 max_probability_over_uniform=1.118523 min_probability_over_uniform=0.868420
RG_REMAP_SCORE round=280 layer=features.10 mode=persistent mean_q_current=0.164842 mean_q_previous=0.178338 mean_persistent_score=0.171285 sampling_entropy=4.850984
RG_SCORE round=280 layer=features.14 mean_q=0.164303 max_q=0.232628 fraction_q_positive=1.000000 sampling_entropy=5.543185 uniform_entropy=5.545177 entropy_gap=0.001992 max_probability_over_uniform=1.242293 min_probability_over_uniform=0.846772
RG_REMAP_SCORE round=280 layer=features.14 mode=persistent mean_q_current=0.164303 mean_q_previous=0.179612 mean_persistent_score=0.171607 sampling_entropy=5.543185
RG_SCORE round=280 layer=features.17 mean_q=0.156892 max_q=0.207699 fraction_q_positive=1.000000 sampling_entropy=5.542901 uniform_entropy=5.545177 entropy_gap=0.002277 max_probability_over_uniform=1.186868 min_probability_over_uniform=0.814136
RG_REMAP_SCORE round=280 layer=features.17 mode=persistent mean_q_current=0.156892 mean_q_previous=0.174373 mean_persistent_score=0.165294 sampling_entropy=5.542901
RG_SCORE round=280 layer=features.20 mean_q=0.155722 max_q=0.185838 fraction_q_positive=1.000000 sampling_entropy=5.544196 uniform_entropy=5.545177 entropy_gap=0.000982 max_probability_over_uniform=1.103228 min_probability_over_uniform=0.824736
RG_REMAP_SCORE round=280 layer=features.20 mode=persistent mean_q_current=0.155722 mean_q_previous=0.173382 mean_persistent_score=0.164152 sampling_entropy=5.544196
RG_SCORE round=280 layer=features.24 mean_q=0.170952 max_q=0.223992 fraction_q_positive=1.000000 sampling_entropy=6.236364 uniform_entropy=6.238325 entropy_gap=0.001961 max_probability_over_uniform=1.182111 min_probability_over_uniform=0.820624
RG_REMAP_SCORE round=280 layer=features.24 mode=persistent mean_q_current=0.170952 mean_q_previous=0.194672 mean_persistent_score=0.182210 sampling_entropy=6.236364
RG_SCORE round=280 layer=features.27 mean_q=0.164079 max_q=0.229306 fraction_q_positive=1.000000 sampling_entropy=6.236027 uniform_entropy=6.238325 entropy_gap=0.002297 max_probability_over_uniform=1.252192 min_probability_over_uniform=0.770257
RG_REMAP_SCORE round=280 layer=features.27 mode=persistent mean_q_current=0.164079 mean_q_previous=0.192685 mean_persistent_score=0.177531 sampling_entropy=6.236027
RG_SCORE round=280 layer=features.30 mean_q=0.141662 max_q=0.193078 fraction_q_positive=1.000000 sampling_entropy=6.235820 uniform_entropy=6.238325 entropy_gap=0.002505 max_probability_over_uniform=1.211855 min_probability_over_uniform=0.743840
RG_REMAP_SCORE round=280 layer=features.30 mode=persistent mean_q_current=0.141662 mean_q_previous=0.172872 mean_persistent_score=0.156086 sampling_entropy=6.235820
RG_SCORE round=280 layer=features.34 mean_q=0.253081 max_q=0.408570 fraction_q_positive=0.998047 sampling_entropy=6.228121 uniform_entropy=6.238325 entropy_gap=0.010203 max_probability_over_uniform=1.275338 min_probability_over_uniform=0.250000
RG_REMAP_SCORE round=280 layer=features.34 mode=persistent mean_q_current=0.253081 mean_q_previous=0.351162 mean_persistent_score=0.294381 sampling_entropy=6.228121
RG_SCORE round=280 layer=features.37 mean_q=0.228007 max_q=0.429488 fraction_q_positive=1.000000 sampling_entropy=6.225481 uniform_entropy=6.238325 entropy_gap=0.012843 max_probability_over_uniform=1.370313 min_probability_over_uniform=0.291584
RG_REMAP_SCORE round=280 layer=features.37 mode=persistent mean_q_current=0.228007 mean_q_previous=0.398828 mean_persistent_score=0.296902 sampling_entropy=6.225481
RG_SCORE round=280 layer=features.40 mean_q=0.121911 max_q=0.361584 fraction_q_positive=0.984375 sampling_entropy=6.179379 uniform_entropy=6.238325 entropy_gap=0.058946 max_probability_over_uniform=1.960636 min_probability_over_uniform=0.250000
RG_REMAP_SCORE round=280 layer=features.40 mode=persistent mean_q_current=0.121911 mean_q_previous=0.313213 mean_persistent_score=0.185127 sampling_entropy=6.179379
ROUND_ACCURACY method=FedPhoenixRG-Persistent round=280 accuracy=74.139999
********************************************************************************
Round 280
ROUND_ACCURACY method=FedPhoenixRG-Persistent round=281 accuracy=68.099998
********************************************************************************
Round 281
ROUND_ACCURACY method=FedPhoenixRG-Persistent round=282 accuracy=63.310001
********************************************************************************
Round 282
ROUND_ACCURACY method=FedPhoenixRG-Persistent round=283 accuracy=74.440002
********************************************************************************
Round 283
ROUND_ACCURACY method=FedPhoenixRG-Persistent round=284 accuracy=74.769997
********************************************************************************
Round 284
ROUND_ACCURACY method=FedPhoenixRG-Persistent round=285 accuracy=75.309998
********************************************************************************
Round 285
ROUND_ACCURACY method=FedPhoenixRG-Persistent round=286 accuracy=69.949997
********************************************************************************
Round 286
ROUND_ACCURACY method=FedPhoenixRG-Persistent round=287 accuracy=74.529999
********************************************************************************
Round 287
ROUND_ACCURACY method=FedPhoenixRG-Persistent round=288 accuracy=72.550003
********************************************************************************
Round 288
ROUND_ACCURACY method=FedPhoenixRG-Persistent round=289 accuracy=76.519997
********************************************************************************
Round 289
ROUND_ACCURACY method=FedPhoenixRG-Persistent round=290 accuracy=76.790001
********************************************************************************
Round 290
ROUND_ACCURACY method=FedPhoenixRG-Persistent round=291 accuracy=75.680000
********************************************************************************
Round 291
ROUND_ACCURACY method=FedPhoenixRG-Persistent round=292 accuracy=69.809998
********************************************************************************
Round 292
ROUND_ACCURACY method=FedPhoenixRG-Persistent round=293 accuracy=73.690002
********************************************************************************
Round 293
ROUND_ACCURACY method=FedPhoenixRG-Persistent round=294 accuracy=73.070000
********************************************************************************
Round 294
ROUND_ACCURACY method=FedPhoenixRG-Persistent round=295 accuracy=73.000000
********************************************************************************
Round 295
ROUND_ACCURACY method=FedPhoenixRG-Persistent round=296 accuracy=75.849998
********************************************************************************
Round 296
ROUND_ACCURACY method=FedPhoenixRG-Persistent round=297 accuracy=75.230003
********************************************************************************
Round 297
ROUND_ACCURACY method=FedPhoenixRG-Persistent round=298 accuracy=66.239998
********************************************************************************
Round 298
ROUND_ACCURACY method=FedPhoenixRG-Persistent round=299 accuracy=71.540001
********************************************************************************
Round 299
RG_SCORE round=300 layer=features.0 mean_q=0.126000 max_q=0.303414 fraction_q_positive=0.937500 sampling_entropy=4.072495 uniform_entropy=4.158883 entropy_gap=0.086388 max_probability_over_uniform=1.858648 min_probability_over_uniform=0.250000
RG_REMAP_SCORE round=300 layer=features.0 mode=persistent mean_q_current=0.126000 mean_q_previous=0.121260 mean_persistent_score=0.113982 sampling_entropy=4.072495
RG_SCORE round=300 layer=features.3 mean_q=0.156580 max_q=0.198111 fraction_q_positive=1.000000 sampling_entropy=4.156337 uniform_entropy=4.158883 entropy_gap=0.002546 max_probability_over_uniform=1.208902 min_probability_over_uniform=0.846373
RG_REMAP_SCORE round=300 layer=features.3 mode=persistent mean_q_current=0.156580 mean_q_previous=0.165089 mean_persistent_score=0.160185 sampling_entropy=4.156337
RG_SCORE round=300 layer=features.7 mean_q=0.164895 max_q=0.215241 fraction_q_positive=1.000000 sampling_entropy=4.850108 uniform_entropy=4.852030 entropy_gap=0.001922 max_probability_over_uniform=1.151829 min_probability_over_uniform=0.843456
RG_REMAP_SCORE round=300 layer=features.7 mode=persistent mean_q_current=0.164895 mean_q_previous=0.169779 mean_persistent_score=0.166836 sampling_entropy=4.850108
RG_SCORE round=300 layer=features.10 mean_q=0.159960 max_q=0.203871 fraction_q_positive=1.000000 sampling_entropy=4.851046 uniform_entropy=4.852030 entropy_gap=0.000985 max_probability_over_uniform=1.104375 min_probability_over_uniform=0.880260
RG_REMAP_SCORE round=300 layer=features.10 mode=persistent mean_q_current=0.159960 mean_q_previous=0.164842 mean_persistent_score=0.162206 sampling_entropy=4.851046
RG_SCORE round=300 layer=features.14 mean_q=0.159354 max_q=0.213736 fraction_q_positive=1.000000 sampling_entropy=5.542926 uniform_entropy=5.545177 entropy_gap=0.002252 max_probability_over_uniform=1.260838 min_probability_over_uniform=0.833509
RG_REMAP_SCORE round=300 layer=features.14 mode=persistent mean_q_current=0.159354 mean_q_previous=0.164303 mean_persistent_score=0.161622 sampling_entropy=5.542926
RG_SCORE round=300 layer=features.17 mean_q=0.152221 max_q=0.194445 fraction_q_positive=1.000000 sampling_entropy=5.542791 uniform_entropy=5.545177 entropy_gap=0.002386 max_probability_over_uniform=1.192812 min_probability_over_uniform=0.835783
RG_REMAP_SCORE round=300 layer=features.17 mode=persistent mean_q_current=0.152221 mean_q_previous=0.156892 mean_persistent_score=0.154395 sampling_entropy=5.542791
RG_SCORE round=300 layer=features.20 mean_q=0.151200 max_q=0.181060 fraction_q_positive=1.000000 sampling_entropy=5.544060 uniform_entropy=5.545177 entropy_gap=0.001117 max_probability_over_uniform=1.145152 min_probability_over_uniform=0.846884
RG_REMAP_SCORE round=300 layer=features.20 mode=persistent mean_q_current=0.151200 mean_q_previous=0.155722 mean_persistent_score=0.153297 sampling_entropy=5.544060
RG_SCORE round=300 layer=features.24 mean_q=0.170703 max_q=0.220925 fraction_q_positive=1.000000 sampling_entropy=6.236119 uniform_entropy=6.238325 entropy_gap=0.002206 max_probability_over_uniform=1.227913 min_probability_over_uniform=0.801528
RG_REMAP_SCORE round=300 layer=features.24 mode=persistent mean_q_current=0.170703 mean_q_previous=0.170952 mean_persistent_score=0.170608 sampling_entropy=6.236119
RG_SCORE round=300 layer=features.27 mean_q=0.167617 max_q=0.224420 fraction_q_positive=1.000000 sampling_entropy=6.235643 uniform_entropy=6.238325 entropy_gap=0.002681 max_probability_over_uniform=1.234863 min_probability_over_uniform=0.756800
RG_REMAP_SCORE round=300 layer=features.27 mode=persistent mean_q_current=0.167617 mean_q_previous=0.164079 mean_persistent_score=0.165519 sampling_entropy=6.235643
RG_SCORE round=300 layer=features.30 mean_q=0.146550 max_q=0.197944 fraction_q_positive=1.000000 sampling_entropy=6.235472 uniform_entropy=6.238325 entropy_gap=0.002853 max_probability_over_uniform=1.192297 min_probability_over_uniform=0.748125
RG_REMAP_SCORE round=300 layer=features.30 mode=persistent mean_q_current=0.146550 mean_q_previous=0.141662 mean_persistent_score=0.143637 sampling_entropy=6.235472
RG_SCORE round=300 layer=features.34 mean_q=0.264279 max_q=0.459351 fraction_q_positive=0.998047 sampling_entropy=6.221584 uniform_entropy=6.238325 entropy_gap=0.016741 max_probability_over_uniform=1.438958 min_probability_over_uniform=0.250000
RG_REMAP_SCORE round=300 layer=features.34 mode=persistent mean_q_current=0.264279 mean_q_previous=0.253081 mean_persistent_score=0.252607 sampling_entropy=6.221584
RG_SCORE round=300 layer=features.37 mean_q=0.235200 max_q=0.429204 fraction_q_positive=1.000000 sampling_entropy=6.214913 uniform_entropy=6.238325 entropy_gap=0.023412 max_probability_over_uniform=1.517533 min_probability_over_uniform=0.300151
RG_REMAP_SCORE round=300 layer=features.37 mode=persistent mean_q_current=0.235200 mean_q_previous=0.228007 mean_persistent_score=0.224413 sampling_entropy=6.214913
RG_SCORE round=300 layer=features.40 mean_q=0.113499 max_q=0.327409 fraction_q_positive=0.939453 sampling_entropy=6.130686 uniform_entropy=6.238325 entropy_gap=0.107639 max_probability_over_uniform=2.304568 min_probability_over_uniform=0.250000
RG_REMAP_SCORE round=300 layer=features.40 mode=persistent mean_q_current=0.113499 mean_q_previous=0.121911 mean_persistent_score=0.106245 sampling_entropy=6.130686
ROUND_ACCURACY method=FedPhoenixRG-Persistent round=300 accuracy=75.360001
********************************************************************************
Round 300
ROUND_ACCURACY method=FedPhoenixRG-Persistent round=301 accuracy=77.709999
********************************************************************************
Round 301
ROUND_ACCURACY method=FedPhoenixRG-Persistent round=302 accuracy=65.330002
********************************************************************************
Round 302
ROUND_ACCURACY method=FedPhoenixRG-Persistent round=303 accuracy=75.690002
********************************************************************************
Round 303
ROUND_ACCURACY method=FedPhoenixRG-Persistent round=304 accuracy=71.260002
********************************************************************************
Round 304
ROUND_ACCURACY method=FedPhoenixRG-Persistent round=305 accuracy=77.430000
********************************************************************************
Round 305
ROUND_ACCURACY method=FedPhoenixRG-Persistent round=306 accuracy=73.949997
********************************************************************************
Round 306
ROUND_ACCURACY method=FedPhoenixRG-Persistent round=307 accuracy=74.430000
********************************************************************************
Round 307
ROUND_ACCURACY method=FedPhoenixRG-Persistent round=308 accuracy=73.129997
********************************************************************************
Round 308
ROUND_ACCURACY method=FedPhoenixRG-Persistent round=309 accuracy=77.430000
********************************************************************************
Round 309
ROUND_ACCURACY method=FedPhoenixRG-Persistent round=310 accuracy=77.669998
********************************************************************************
Round 310
ROUND_ACCURACY method=FedPhoenixRG-Persistent round=311 accuracy=75.830002
********************************************************************************
Round 311
ROUND_ACCURACY method=FedPhoenixRG-Persistent round=312 accuracy=76.599998
********************************************************************************
Round 312
ROUND_ACCURACY method=FedPhoenixRG-Persistent round=313 accuracy=75.500000
********************************************************************************
Round 313
ROUND_ACCURACY method=FedPhoenixRG-Persistent round=314 accuracy=76.650002
********************************************************************************
Round 314
ROUND_ACCURACY method=FedPhoenixRG-Persistent round=315 accuracy=72.919998
********************************************************************************
Round 315
ROUND_ACCURACY method=FedPhoenixRG-Persistent round=316 accuracy=73.099998
********************************************************************************
Round 316
ROUND_ACCURACY method=FedPhoenixRG-Persistent round=317 accuracy=69.650002
********************************************************************************
Round 317
ROUND_ACCURACY method=FedPhoenixRG-Persistent round=318 accuracy=67.199997
********************************************************************************
Round 318
ROUND_ACCURACY method=FedPhoenixRG-Persistent round=319 accuracy=67.589996
********************************************************************************
Round 319
RG_SCORE round=320 layer=features.0 mean_q=0.141716 max_q=0.340771 fraction_q_positive=0.968750 sampling_entropy=4.049248 uniform_entropy=4.158883 entropy_gap=0.109635 max_probability_over_uniform=2.252452 min_probability_over_uniform=0.250000
RG_REMAP_SCORE round=320 layer=features.0 mode=persistent mean_q_current=0.141716 mean_q_previous=0.126000 mean_persistent_score=0.116113 sampling_entropy=4.049248
RG_SCORE round=320 layer=features.3 mean_q=0.155194 max_q=0.200856 fraction_q_positive=1.000000 sampling_entropy=4.155872 uniform_entropy=4.158883 entropy_gap=0.003012 max_probability_over_uniform=1.172762 min_probability_over_uniform=0.818399
RG_REMAP_SCORE round=320 layer=features.3 mode=persistent mean_q_current=0.155194 mean_q_previous=0.156580 mean_persistent_score=0.155144 sampling_entropy=4.155872
RG_SCORE round=320 layer=features.7 mean_q=0.156437 max_q=0.199691 fraction_q_positive=1.000000 sampling_entropy=4.850197 uniform_entropy=4.852030 entropy_gap=0.001833 max_probability_over_uniform=1.135262 min_probability_over_uniform=0.887517
RG_REMAP_SCORE round=320 layer=features.7 mode=persistent mean_q_current=0.156437 mean_q_previous=0.164895 mean_persistent_score=0.160103 sampling_entropy=4.850197
RG_SCORE round=320 layer=features.10 mean_q=0.147186 max_q=0.179646 fraction_q_positive=1.000000 sampling_entropy=4.850646 uniform_entropy=4.852030 entropy_gap=0.001384 max_probability_over_uniform=1.136534 min_probability_over_uniform=0.868902
RG_REMAP_SCORE round=320 layer=features.10 mode=persistent mean_q_current=0.147186 mean_q_previous=0.159960 mean_persistent_score=0.153218 sampling_entropy=4.850646
RG_SCORE round=320 layer=features.14 mean_q=0.145800 max_q=0.210498 fraction_q_positive=1.000000 sampling_entropy=5.542223 uniform_entropy=5.545177 entropy_gap=0.002955 max_probability_over_uniform=1.264119 min_probability_over_uniform=0.797434
RG_REMAP_SCORE round=320 layer=features.14 mode=persistent mean_q_current=0.145800 mean_q_previous=0.159354 mean_persistent_score=0.152146 sampling_entropy=5.542223
RG_SCORE round=320 layer=features.17 mean_q=0.137007 max_q=0.182339 fraction_q_positive=1.000000 sampling_entropy=5.541932 uniform_entropy=5.545177 entropy_gap=0.003245 max_probability_over_uniform=1.226286 min_probability_over_uniform=0.771320
RG_REMAP_SCORE round=320 layer=features.17 mode=persistent mean_q_current=0.137007 mean_q_previous=0.152221 mean_persistent_score=0.144185 sampling_entropy=5.541932
RG_SCORE round=320 layer=features.20 mean_q=0.134496 max_q=0.177436 fraction_q_positive=1.000000 sampling_entropy=5.543621 uniform_entropy=5.545177 entropy_gap=0.001556 max_probability_over_uniform=1.156800 min_probability_over_uniform=0.825323
RG_REMAP_SCORE round=320 layer=features.20 mode=persistent mean_q_current=0.134496 mean_q_previous=0.151200 mean_persistent_score=0.142397 sampling_entropy=5.543621
RG_SCORE round=320 layer=features.24 mean_q=0.147187 max_q=0.219075 fraction_q_positive=1.000000 sampling_entropy=6.233747 uniform_entropy=6.238325 entropy_gap=0.004577 max_probability_over_uniform=1.294854 min_probability_over_uniform=0.526275
RG_REMAP_SCORE round=320 layer=features.24 mode=persistent mean_q_current=0.147187 mean_q_previous=0.170703 mean_persistent_score=0.157916 sampling_entropy=6.233747
RG_SCORE round=320 layer=features.27 mean_q=0.138482 max_q=0.225002 fraction_q_positive=1.000000 sampling_entropy=6.232746 uniform_entropy=6.238325 entropy_gap=0.005579 max_probability_over_uniform=1.348666 min_probability_over_uniform=0.580067
RG_REMAP_SCORE round=320 layer=features.27 mode=persistent mean_q_current=0.138482 mean_q_previous=0.167617 mean_persistent_score=0.151696 sampling_entropy=6.232746
RG_SCORE round=320 layer=features.30 mean_q=0.120661 max_q=0.181050 fraction_q_positive=1.000000 sampling_entropy=6.232819 uniform_entropy=6.238325 entropy_gap=0.005506 max_probability_over_uniform=1.277736 min_probability_over_uniform=0.618217
RG_REMAP_SCORE round=320 layer=features.30 mode=persistent mean_q_current=0.120661 mean_q_previous=0.146550 mean_persistent_score=0.132347 sampling_entropy=6.232819
RG_SCORE round=320 layer=features.34 mean_q=0.232760 max_q=0.432752 fraction_q_positive=0.964844 sampling_entropy=6.199000 uniform_entropy=6.238325 entropy_gap=0.039324 max_probability_over_uniform=1.611872 min_probability_over_uniform=0.250000
RG_REMAP_SCORE round=320 layer=features.34 mode=persistent mean_q_current=0.232760 mean_q_previous=0.264279 mean_persistent_score=0.236758 sampling_entropy=6.199000
RG_SCORE round=320 layer=features.37 mean_q=0.240421 max_q=0.458842 fraction_q_positive=0.984375 sampling_entropy=6.205034 uniform_entropy=6.238325 entropy_gap=0.033291 max_probability_over_uniform=1.577652 min_probability_over_uniform=0.250000
RG_REMAP_SCORE round=320 layer=features.37 mode=persistent mean_q_current=0.240421 mean_q_previous=0.235200 mean_persistent_score=0.228378 sampling_entropy=6.205034
RG_SCORE round=320 layer=features.40 mean_q=0.148874 max_q=0.434674 fraction_q_positive=0.898438 sampling_entropy=6.089974 uniform_entropy=6.238325 entropy_gap=0.148351 max_probability_over_uniform=2.396381 min_probability_over_uniform=0.250000
RG_REMAP_SCORE round=320 layer=features.40 mode=persistent mean_q_current=0.148874 mean_q_previous=0.113499 mean_persistent_score=0.111254 sampling_entropy=6.089974
ROUND_ACCURACY method=FedPhoenixRG-Persistent round=320 accuracy=76.320000
********************************************************************************
Round 320
ROUND_ACCURACY method=FedPhoenixRG-Persistent round=321 accuracy=69.820000
********************************************************************************
Round 321
ROUND_ACCURACY method=FedPhoenixRG-Persistent round=322 accuracy=74.139999
********************************************************************************
Round 322
ROUND_ACCURACY method=FedPhoenixRG-Persistent round=323 accuracy=73.419998
********************************************************************************
Round 323
ROUND_ACCURACY method=FedPhoenixRG-Persistent round=324 accuracy=72.570000
********************************************************************************
Round 324
ROUND_ACCURACY method=FedPhoenixRG-Persistent round=325 accuracy=76.800003
********************************************************************************
Round 325
ROUND_ACCURACY method=FedPhoenixRG-Persistent round=326 accuracy=76.650002
********************************************************************************
Round 326
ROUND_ACCURACY method=FedPhoenixRG-Persistent round=327 accuracy=76.320000
********************************************************************************
Round 327
ROUND_ACCURACY method=FedPhoenixRG-Persistent round=328 accuracy=69.470001
********************************************************************************
Round 328
ROUND_ACCURACY method=FedPhoenixRG-Persistent round=329 accuracy=78.239998
********************************************************************************
Round 329
ROUND_ACCURACY method=FedPhoenixRG-Persistent round=330 accuracy=74.440002
********************************************************************************
Round 330
ROUND_ACCURACY method=FedPhoenixRG-Persistent round=331 accuracy=63.230000
********************************************************************************
Round 331
ROUND_ACCURACY method=FedPhoenixRG-Persistent round=332 accuracy=72.230003
********************************************************************************
Round 332
ROUND_ACCURACY method=FedPhoenixRG-Persistent round=333 accuracy=76.000000
********************************************************************************
Round 333
ROUND_ACCURACY method=FedPhoenixRG-Persistent round=334 accuracy=76.070000
********************************************************************************
Round 334
ROUND_ACCURACY method=FedPhoenixRG-Persistent round=335 accuracy=78.839996
********************************************************************************
Round 335
ROUND_ACCURACY method=FedPhoenixRG-Persistent round=336 accuracy=75.620003
********************************************************************************
Round 336
ROUND_ACCURACY method=FedPhoenixRG-Persistent round=337 accuracy=72.779999
********************************************************************************
Round 337
ROUND_ACCURACY method=FedPhoenixRG-Persistent round=338 accuracy=79.430000
********************************************************************************
Round 338
ROUND_ACCURACY method=FedPhoenixRG-Persistent round=339 accuracy=73.809998
********************************************************************************
Round 339
RG_SCORE round=340 layer=features.0 mean_q=0.129778 max_q=0.318168 fraction_q_positive=0.937500 sampling_entropy=4.049582 uniform_entropy=4.158883 entropy_gap=0.109301 max_probability_over_uniform=2.166724 min_probability_over_uniform=0.250000
RG_REMAP_SCORE round=340 layer=features.0 mode=persistent mean_q_current=0.129778 mean_q_previous=0.141716 mean_persistent_score=0.119832 sampling_entropy=4.049582
RG_SCORE round=340 layer=features.3 mean_q=0.162666 max_q=0.218943 fraction_q_positive=1.000000 sampling_entropy=4.154444 uniform_entropy=4.158883 entropy_gap=0.004439 max_probability_over_uniform=1.164002 min_probability_over_uniform=0.724602
RG_REMAP_SCORE round=340 layer=features.3 mode=persistent mean_q_current=0.162666 mean_q_previous=0.155194 mean_persistent_score=0.158094 sampling_entropy=4.154444
RG_SCORE round=340 layer=features.7 mean_q=0.170754 max_q=0.221481 fraction_q_positive=1.000000 sampling_entropy=4.849985 uniform_entropy=4.852030 entropy_gap=0.002045 max_probability_over_uniform=1.176457 min_probability_over_uniform=0.818526
RG_REMAP_SCORE round=340 layer=features.7 mode=persistent mean_q_current=0.170754 mean_q_previous=0.156437 mean_persistent_score=0.162869 sampling_entropy=4.849985
RG_SCORE round=340 layer=features.10 mean_q=0.161698 max_q=0.185134 fraction_q_positive=1.000000 sampling_entropy=4.850684 uniform_entropy=4.852030 entropy_gap=0.001347 max_probability_over_uniform=1.125413 min_probability_over_uniform=0.874001
RG_REMAP_SCORE round=340 layer=features.10 mode=persistent mean_q_current=0.161698 mean_q_previous=0.147186 mean_persistent_score=0.154053 sampling_entropy=4.850684
RG_SCORE round=340 layer=features.14 mean_q=0.166923 max_q=0.218230 fraction_q_positive=1.000000 sampling_entropy=5.542699 uniform_entropy=5.545177 entropy_gap=0.002478 max_probability_over_uniform=1.245912 min_probability_over_uniform=0.844661
RG_REMAP_SCORE round=340 layer=features.14 mode=persistent mean_q_current=0.166923 mean_q_previous=0.145800 mean_persistent_score=0.155677 sampling_entropy=5.542699
RG_SCORE round=340 layer=features.17 mean_q=0.155022 max_q=0.197783 fraction_q_positive=1.000000 sampling_entropy=5.541823 uniform_entropy=5.545177 entropy_gap=0.003354 max_probability_over_uniform=1.200265 min_probability_over_uniform=0.804616
RG_REMAP_SCORE round=340 layer=features.17 mode=persistent mean_q_current=0.155022 mean_q_previous=0.137007 mean_persistent_score=0.145481 sampling_entropy=5.541823
RG_SCORE round=340 layer=features.20 mean_q=0.152496 max_q=0.185000 fraction_q_positive=1.000000 sampling_entropy=5.543324 uniform_entropy=5.545177 entropy_gap=0.001854 max_probability_over_uniform=1.166543 min_probability_over_uniform=0.796989
RG_REMAP_SCORE round=340 layer=features.20 mode=persistent mean_q_current=0.152496 mean_q_previous=0.134496 mean_persistent_score=0.142988 sampling_entropy=5.543324
RG_SCORE round=340 layer=features.24 mean_q=0.166971 max_q=0.235861 fraction_q_positive=1.000000 sampling_entropy=6.233597 uniform_entropy=6.238325 entropy_gap=0.004728 max_probability_over_uniform=1.285307 min_probability_over_uniform=0.529804
RG_REMAP_SCORE round=340 layer=features.24 mode=persistent mean_q_current=0.166971 mean_q_previous=0.147187 mean_persistent_score=0.156067 sampling_entropy=6.233597
RG_SCORE round=340 layer=features.27 mean_q=0.164298 max_q=0.229750 fraction_q_positive=1.000000 sampling_entropy=6.233051 uniform_entropy=6.238325 entropy_gap=0.005273 max_probability_over_uniform=1.323375 min_probability_over_uniform=0.617048
RG_REMAP_SCORE round=340 layer=features.27 mode=persistent mean_q_current=0.164298 mean_q_previous=0.138482 mean_persistent_score=0.149956 sampling_entropy=6.233051
RG_SCORE round=340 layer=features.30 mean_q=0.144099 max_q=0.195627 fraction_q_positive=1.000000 sampling_entropy=6.232963 uniform_entropy=6.238325 entropy_gap=0.005362 max_probability_over_uniform=1.246729 min_probability_over_uniform=0.645081
RG_REMAP_SCORE round=340 layer=features.30 mode=persistent mean_q_current=0.144099 mean_q_previous=0.120661 mean_persistent_score=0.131062 sampling_entropy=6.232963
RG_SCORE round=340 layer=features.34 mean_q=0.273977 max_q=0.391074 fraction_q_positive=1.000000 sampling_entropy=6.201233 uniform_entropy=6.238325 entropy_gap=0.037091 max_probability_over_uniform=1.441124 min_probability_over_uniform=0.250000
RG_REMAP_SCORE round=340 layer=features.34 mode=persistent mean_q_current=0.273977 mean_q_previous=0.232760 mean_persistent_score=0.240573 sampling_entropy=6.201233
RG_SCORE round=340 layer=features.37 mean_q=0.258189 max_q=0.416143 fraction_q_positive=1.000000 sampling_entropy=6.210274 uniform_entropy=6.238325 entropy_gap=0.028051 max_probability_over_uniform=1.485640 min_probability_over_uniform=0.250000
RG_REMAP_SCORE round=340 layer=features.37 mode=persistent mean_q_current=0.258189 mean_q_previous=0.240421 mean_persistent_score=0.239810 sampling_entropy=6.210274
RG_SCORE round=340 layer=features.40 mean_q=0.152244 max_q=0.405634 fraction_q_positive=0.976562 sampling_entropy=6.118343 uniform_entropy=6.238325 entropy_gap=0.119982 max_probability_over_uniform=2.571051 min_probability_over_uniform=0.250000
RG_REMAP_SCORE round=340 layer=features.40 mode=persistent mean_q_current=0.152244 mean_q_previous=0.148874 mean_persistent_score=0.132651 sampling_entropy=6.118343
ROUND_ACCURACY method=FedPhoenixRG-Persistent round=340 accuracy=73.690002
********************************************************************************
Round 340
ROUND_ACCURACY method=FedPhoenixRG-Persistent round=341 accuracy=67.800003
********************************************************************************
Round 341
ROUND_ACCURACY method=FedPhoenixRG-Persistent round=342 accuracy=76.540001
********************************************************************************
Round 342
ROUND_ACCURACY method=FedPhoenixRG-Persistent round=343 accuracy=65.120003
********************************************************************************
Round 343
ROUND_ACCURACY method=FedPhoenixRG-Persistent round=344 accuracy=74.309998
********************************************************************************
Round 344
ROUND_ACCURACY method=FedPhoenixRG-Persistent round=345 accuracy=74.599998
********************************************************************************
Round 345
ROUND_ACCURACY method=FedPhoenixRG-Persistent round=346 accuracy=77.500000
********************************************************************************
Round 346
ROUND_ACCURACY method=FedPhoenixRG-Persistent round=347 accuracy=60.990002
********************************************************************************
Round 347
ROUND_ACCURACY method=FedPhoenixRG-Persistent round=348 accuracy=63.810001
********************************************************************************
Round 348
ROUND_ACCURACY method=FedPhoenixRG-Persistent round=349 accuracy=77.070000
********************************************************************************
Round 349
ROUND_ACCURACY method=FedPhoenixRG-Persistent round=350 accuracy=79.059998
********************************************************************************
Round 350
ROUND_ACCURACY method=FedPhoenixRG-Persistent round=351 accuracy=74.860001
********************************************************************************
Round 351
ROUND_ACCURACY method=FedPhoenixRG-Persistent round=352 accuracy=78.589996
********************************************************************************
Round 352
ROUND_ACCURACY method=FedPhoenixRG-Persistent round=353 accuracy=71.699997
********************************************************************************
Round 353
ROUND_ACCURACY method=FedPhoenixRG-Persistent round=354 accuracy=70.019997
********************************************************************************
Round 354
ROUND_ACCURACY method=FedPhoenixRG-Persistent round=355 accuracy=66.620003
********************************************************************************
Round 355
ROUND_ACCURACY method=FedPhoenixRG-Persistent round=356 accuracy=75.669998
********************************************************************************
Round 356
ROUND_ACCURACY method=FedPhoenixRG-Persistent round=357 accuracy=78.919998
********************************************************************************
Round 357
ROUND_ACCURACY method=FedPhoenixRG-Persistent round=358 accuracy=79.239998
********************************************************************************
Round 358
ROUND_ACCURACY method=FedPhoenixRG-Persistent round=359 accuracy=70.980003
********************************************************************************
Round 359
RG_SCORE round=360 layer=features.0 mean_q=0.124682 max_q=0.293667 fraction_q_positive=0.953125 sampling_entropy=4.050215 uniform_entropy=4.158883 entropy_gap=0.108668 max_probability_over_uniform=2.175862 min_probability_over_uniform=0.250000
RG_REMAP_SCORE round=360 layer=features.0 mode=persistent mean_q_current=0.124682 mean_q_previous=0.129778 mean_persistent_score=0.109093 sampling_entropy=4.050215
RG_SCORE round=360 layer=features.3 mean_q=0.144184 max_q=0.199166 fraction_q_positive=1.000000 sampling_entropy=4.154772 uniform_entropy=4.158883 entropy_gap=0.004111 max_probability_over_uniform=1.158512 min_probability_over_uniform=0.671364
RG_REMAP_SCORE round=360 layer=features.3 mode=persistent mean_q_current=0.144184 mean_q_previous=0.162666 mean_persistent_score=0.152513 sampling_entropy=4.154772
RG_SCORE round=360 layer=features.7 mean_q=0.156138 max_q=0.188576 fraction_q_positive=1.000000 sampling_entropy=4.850085 uniform_entropy=4.852030 entropy_gap=0.001945 max_probability_over_uniform=1.136982 min_probability_over_uniform=0.847891
RG_REMAP_SCORE round=360 layer=features.7 mode=persistent mean_q_current=0.156138 mean_q_previous=0.170754 mean_persistent_score=0.162895 sampling_entropy=4.850085
RG_SCORE round=360 layer=features.10 mean_q=0.148092 max_q=0.179174 fraction_q_positive=1.000000 sampling_entropy=4.851070 uniform_entropy=4.852030 entropy_gap=0.000960 max_probability_over_uniform=1.087485 min_probability_over_uniform=0.891094
RG_REMAP_SCORE round=360 layer=features.10 mode=persistent mean_q_current=0.148092 mean_q_previous=0.161698 mean_persistent_score=0.154530 sampling_entropy=4.851070
RG_SCORE round=360 layer=features.14 mean_q=0.151804 max_q=0.204117 fraction_q_positive=1.000000 sampling_entropy=5.543035 uniform_entropy=5.545177 entropy_gap=0.002143 max_probability_over_uniform=1.193470 min_probability_over_uniform=0.843157
RG_REMAP_SCORE round=360 layer=features.14 mode=persistent mean_q_current=0.151804 mean_q_previous=0.166923 mean_persistent_score=0.158949 sampling_entropy=5.543035
RG_SCORE round=360 layer=features.17 mean_q=0.139131 max_q=0.191808 fraction_q_positive=1.000000 sampling_entropy=5.542292 uniform_entropy=5.545177 entropy_gap=0.002886 max_probability_over_uniform=1.216665 min_probability_over_uniform=0.802158
RG_REMAP_SCORE round=360 layer=features.17 mode=persistent mean_q_current=0.139131 mean_q_previous=0.155022 mean_persistent_score=0.146658 sampling_entropy=5.542292
RG_SCORE round=360 layer=features.20 mean_q=0.137757 max_q=0.193385 fraction_q_positive=1.000000 sampling_entropy=5.543473 uniform_entropy=5.545177 entropy_gap=0.001705 max_probability_over_uniform=1.228607 min_probability_over_uniform=0.765001
RG_REMAP_SCORE round=360 layer=features.20 mode=persistent mean_q_current=0.137757 mean_q_previous=0.152496 mean_persistent_score=0.144753 sampling_entropy=5.543473
RG_SCORE round=360 layer=features.24 mean_q=0.160725 max_q=0.214955 fraction_q_positive=1.000000 sampling_entropy=6.235724 uniform_entropy=6.238325 entropy_gap=0.002600 max_probability_over_uniform=1.238848 min_probability_over_uniform=0.774301
RG_REMAP_SCORE round=360 layer=features.24 mode=persistent mean_q_current=0.160725 mean_q_previous=0.166971 mean_persistent_score=0.163510 sampling_entropy=6.235724
RG_SCORE round=360 layer=features.27 mean_q=0.163479 max_q=0.229726 fraction_q_positive=1.000000 sampling_entropy=6.235210 uniform_entropy=6.238325 entropy_gap=0.003115 max_probability_over_uniform=1.253534 min_probability_over_uniform=0.738290
RG_REMAP_SCORE round=360 layer=features.27 mode=persistent mean_q_current=0.163479 mean_q_previous=0.164298 mean_persistent_score=0.163574 sampling_entropy=6.235210
RG_SCORE round=360 layer=features.30 mean_q=0.147444 max_q=0.192527 fraction_q_positive=1.000000 sampling_entropy=6.235605 uniform_entropy=6.238325 entropy_gap=0.002720 max_probability_over_uniform=1.197426 min_probability_over_uniform=0.744007
RG_REMAP_SCORE round=360 layer=features.30 mode=persistent mean_q_current=0.147444 mean_q_previous=0.144099 mean_persistent_score=0.145445 sampling_entropy=6.235605
RG_SCORE round=360 layer=features.34 mean_q=0.314193 max_q=0.432954 fraction_q_positive=1.000000 sampling_entropy=6.229561 uniform_entropy=6.238325 entropy_gap=0.008764 max_probability_over_uniform=1.281320 min_probability_over_uniform=0.374313
RG_REMAP_SCORE round=360 layer=features.34 mode=persistent mean_q_current=0.314193 mean_q_previous=0.273977 mean_persistent_score=0.290287 sampling_entropy=6.229561
RG_SCORE round=360 layer=features.37 mean_q=0.339473 max_q=0.482676 fraction_q_positive=1.000000 sampling_entropy=6.226920 uniform_entropy=6.238325 entropy_gap=0.011404 max_probability_over_uniform=1.400131 min_probability_over_uniform=0.486068
RG_REMAP_SCORE round=360 layer=features.37 mode=persistent mean_q_current=0.339473 mean_q_previous=0.258189 mean_persistent_score=0.292256 sampling_entropy=6.226920
RG_SCORE round=360 layer=features.40 mean_q=0.258629 max_q=0.526083 fraction_q_positive=0.992188 sampling_entropy=6.180615 uniform_entropy=6.238325 entropy_gap=0.057709 max_probability_over_uniform=1.941434 min_probability_over_uniform=0.250000
RG_REMAP_SCORE round=360 layer=features.40 mode=persistent mean_q_current=0.258629 mean_q_previous=0.152244 mean_persistent_score=0.186443 sampling_entropy=6.180615
ROUND_ACCURACY method=FedPhoenixRG-Persistent round=360 accuracy=74.790001
********************************************************************************
Round 360
ROUND_ACCURACY method=FedPhoenixRG-Persistent round=361 accuracy=69.589996
********************************************************************************
Round 361
ROUND_ACCURACY method=FedPhoenixRG-Persistent round=362 accuracy=66.570000
********************************************************************************
Round 362
ROUND_ACCURACY method=FedPhoenixRG-Persistent round=363 accuracy=64.339996
********************************************************************************
Round 363
ROUND_ACCURACY method=FedPhoenixRG-Persistent round=364 accuracy=63.110001
********************************************************************************
Round 364
ROUND_ACCURACY method=FedPhoenixRG-Persistent round=365 accuracy=68.989998
********************************************************************************
Round 365
ROUND_ACCURACY method=FedPhoenixRG-Persistent round=366 accuracy=73.870003
********************************************************************************
Round 366
ROUND_ACCURACY method=FedPhoenixRG-Persistent round=367 accuracy=71.940002
********************************************************************************
Round 367
ROUND_ACCURACY method=FedPhoenixRG-Persistent round=368 accuracy=71.110001
********************************************************************************
Round 368
ROUND_ACCURACY method=FedPhoenixRG-Persistent round=369 accuracy=74.309998
********************************************************************************
Round 369
ROUND_ACCURACY method=FedPhoenixRG-Persistent round=370 accuracy=67.510002
********************************************************************************
Round 370
ROUND_ACCURACY method=FedPhoenixRG-Persistent round=371 accuracy=78.360001
********************************************************************************
Round 371
ROUND_ACCURACY method=FedPhoenixRG-Persistent round=372 accuracy=67.879997
********************************************************************************
Round 372
ROUND_ACCURACY method=FedPhoenixRG-Persistent round=373 accuracy=69.099998
********************************************************************************
Round 373
ROUND_ACCURACY method=FedPhoenixRG-Persistent round=374 accuracy=75.629997
********************************************************************************
Round 374
ROUND_ACCURACY method=FedPhoenixRG-Persistent round=375 accuracy=73.300003
********************************************************************************
Round 375
ROUND_ACCURACY method=FedPhoenixRG-Persistent round=376 accuracy=76.489998
********************************************************************************
Round 376
ROUND_ACCURACY method=FedPhoenixRG-Persistent round=377 accuracy=51.709999
********************************************************************************
Round 377
ROUND_ACCURACY method=FedPhoenixRG-Persistent round=378 accuracy=73.470001
********************************************************************************
Round 378
ROUND_ACCURACY method=FedPhoenixRG-Persistent round=379 accuracy=77.970001
********************************************************************************
Round 379
RG_SCORE round=380 layer=features.0 mean_q=0.121622 max_q=0.416621 fraction_q_positive=0.921875 sampling_entropy=4.046670 uniform_entropy=4.158883 entropy_gap=0.112213 max_probability_over_uniform=2.257159 min_probability_over_uniform=0.250000
RG_REMAP_SCORE round=380 layer=features.0 mode=persistent mean_q_current=0.121622 mean_q_previous=0.124682 mean_persistent_score=0.101384 sampling_entropy=4.046670
RG_SCORE round=380 layer=features.3 mean_q=0.148171 max_q=0.202991 fraction_q_positive=1.000000 sampling_entropy=4.155622 uniform_entropy=4.158883 entropy_gap=0.003262 max_probability_over_uniform=1.184550 min_probability_over_uniform=0.787979
RG_REMAP_SCORE round=380 layer=features.3 mode=persistent mean_q_current=0.148171 mean_q_previous=0.144184 mean_persistent_score=0.145545 sampling_entropy=4.155622
RG_SCORE round=380 layer=features.7 mean_q=0.154687 max_q=0.216887 fraction_q_positive=1.000000 sampling_entropy=4.849810 uniform_entropy=4.852030 entropy_gap=0.002221 max_probability_over_uniform=1.193704 min_probability_over_uniform=0.834992
RG_REMAP_SCORE round=380 layer=features.7 mode=persistent mean_q_current=0.154687 mean_q_previous=0.156138 mean_persistent_score=0.154943 sampling_entropy=4.849810
RG_SCORE round=380 layer=features.10 mean_q=0.145167 max_q=0.174175 fraction_q_positive=1.000000 sampling_entropy=4.850933 uniform_entropy=4.852030 entropy_gap=0.001097 max_probability_over_uniform=1.139236 min_probability_over_uniform=0.877439
RG_REMAP_SCORE round=380 layer=features.10 mode=persistent mean_q_current=0.145167 mean_q_previous=0.148092 mean_persistent_score=0.146352 sampling_entropy=4.850933
RG_SCORE round=380 layer=features.14 mean_q=0.145056 max_q=0.210472 fraction_q_positive=1.000000 sampling_entropy=5.542683 uniform_entropy=5.545177 entropy_gap=0.002495 max_probability_over_uniform=1.238395 min_probability_over_uniform=0.812806
RG_REMAP_SCORE round=380 layer=features.14 mode=persistent mean_q_current=0.145056 mean_q_previous=0.151804 mean_persistent_score=0.148078 sampling_entropy=5.542683
RG_SCORE round=380 layer=features.17 mean_q=0.131919 max_q=0.182468 fraction_q_positive=1.000000 sampling_entropy=5.542251 uniform_entropy=5.545177 entropy_gap=0.002927 max_probability_over_uniform=1.210830 min_probability_over_uniform=0.814446
RG_REMAP_SCORE round=380 layer=features.17 mode=persistent mean_q_current=0.131919 mean_q_previous=0.139131 mean_persistent_score=0.135229 sampling_entropy=5.542251
RG_SCORE round=380 layer=features.20 mean_q=0.130747 max_q=0.158983 fraction_q_positive=1.000000 sampling_entropy=5.543533 uniform_entropy=5.545177 entropy_gap=0.001645 max_probability_over_uniform=1.187227 min_probability_over_uniform=0.842590
RG_REMAP_SCORE round=380 layer=features.20 mode=persistent mean_q_current=0.130747 mean_q_previous=0.137757 mean_persistent_score=0.133945 sampling_entropy=5.543533
RG_SCORE round=380 layer=features.24 mean_q=0.148142 max_q=0.203655 fraction_q_positive=1.000000 sampling_entropy=6.235592 uniform_entropy=6.238325 entropy_gap=0.002733 max_probability_over_uniform=1.215066 min_probability_over_uniform=0.750539
RG_REMAP_SCORE round=380 layer=features.24 mode=persistent mean_q_current=0.148142 mean_q_previous=0.160725 mean_persistent_score=0.153854 sampling_entropy=6.235592
RG_SCORE round=380 layer=features.27 mean_q=0.143675 max_q=0.228679 fraction_q_positive=1.000000 sampling_entropy=6.234454 uniform_entropy=6.238325 entropy_gap=0.003871 max_probability_over_uniform=1.287282 min_probability_over_uniform=0.685129
RG_REMAP_SCORE round=380 layer=features.27 mode=persistent mean_q_current=0.143675 mean_q_previous=0.163479 mean_persistent_score=0.152675 sampling_entropy=6.234454
RG_SCORE round=380 layer=features.30 mean_q=0.123811 max_q=0.244617 fraction_q_positive=1.000000 sampling_entropy=6.234421 uniform_entropy=6.238325 entropy_gap=0.003904 max_probability_over_uniform=1.454812 min_probability_over_uniform=0.665459
RG_REMAP_SCORE round=380 layer=features.30 mode=persistent mean_q_current=0.123811 mean_q_previous=0.147444 mean_persistent_score=0.134232 sampling_entropy=6.234421
RG_SCORE round=380 layer=features.34 mean_q=0.272225 max_q=0.414205 fraction_q_positive=1.000000 sampling_entropy=6.231891 uniform_entropy=6.238325 entropy_gap=0.006433 max_probability_over_uniform=1.280759 min_probability_over_uniform=0.387647
RG_REMAP_SCORE round=380 layer=features.34 mode=persistent mean_q_current=0.272225 mean_q_previous=0.314193 mean_persistent_score=0.290226 sampling_entropy=6.231891
RG_SCORE round=380 layer=features.37 mean_q=0.301275 max_q=0.447042 fraction_q_positive=1.000000 sampling_entropy=6.232149 uniform_entropy=6.238325 entropy_gap=0.006176 max_probability_over_uniform=1.324213 min_probability_over_uniform=0.628037
RG_REMAP_SCORE round=380 layer=features.37 mode=persistent mean_q_current=0.301275 mean_q_previous=0.339473 mean_persistent_score=0.318247 sampling_entropy=6.232149
RG_SCORE round=380 layer=features.40 mean_q=0.239384 max_q=0.454527 fraction_q_positive=0.996094 sampling_entropy=6.203319 uniform_entropy=6.238325 entropy_gap=0.035005 max_probability_over_uniform=1.644307 min_probability_over_uniform=0.250000
RG_REMAP_SCORE round=380 layer=features.40 mode=persistent mean_q_current=0.239384 mean_q_previous=0.258629 mean_persistent_score=0.242506 sampling_entropy=6.203319
ROUND_ACCURACY method=FedPhoenixRG-Persistent round=380 accuracy=79.870003
********************************************************************************
Round 380
ROUND_ACCURACY method=FedPhoenixRG-Persistent round=381 accuracy=74.169998
********************************************************************************
Round 381
ROUND_ACCURACY method=FedPhoenixRG-Persistent round=382 accuracy=76.540001
********************************************************************************
Round 382
ROUND_ACCURACY method=FedPhoenixRG-Persistent round=383 accuracy=68.080002
********************************************************************************
Round 383
ROUND_ACCURACY method=FedPhoenixRG-Persistent round=384 accuracy=72.639999
********************************************************************************
Round 384
ROUND_ACCURACY method=FedPhoenixRG-Persistent round=385 accuracy=74.970001
********************************************************************************
Round 385
ROUND_ACCURACY method=FedPhoenixRG-Persistent round=386 accuracy=78.050003
********************************************************************************
Round 386
ROUND_ACCURACY method=FedPhoenixRG-Persistent round=387 accuracy=77.370003
********************************************************************************
Round 387
ROUND_ACCURACY method=FedPhoenixRG-Persistent round=388 accuracy=75.269997
********************************************************************************
Round 388
ROUND_ACCURACY method=FedPhoenixRG-Persistent round=389 accuracy=79.029999
********************************************************************************
Round 389
ROUND_ACCURACY method=FedPhoenixRG-Persistent round=390 accuracy=68.739998
********************************************************************************
Round 390
ROUND_ACCURACY method=FedPhoenixRG-Persistent round=391 accuracy=70.300003
********************************************************************************
Round 391
ROUND_ACCURACY method=FedPhoenixRG-Persistent round=392 accuracy=72.110001
********************************************************************************
Round 392
ROUND_ACCURACY method=FedPhoenixRG-Persistent round=393 accuracy=75.559998
********************************************************************************
Round 393
ROUND_ACCURACY method=FedPhoenixRG-Persistent round=394 accuracy=69.910004
********************************************************************************
Round 394
ROUND_ACCURACY method=FedPhoenixRG-Persistent round=395 accuracy=68.370003
********************************************************************************
Round 395
ROUND_ACCURACY method=FedPhoenixRG-Persistent round=396 accuracy=66.870003
********************************************************************************
Round 396
ROUND_ACCURACY method=FedPhoenixRG-Persistent round=397 accuracy=79.339996
********************************************************************************
Round 397
ROUND_ACCURACY method=FedPhoenixRG-Persistent round=398 accuracy=76.970001
********************************************************************************
Round 398
ROUND_ACCURACY method=FedPhoenixRG-Persistent round=399 accuracy=72.120003
********************************************************************************
Round 399
RG_SCORE round=400 layer=features.0 mean_q=0.104611 max_q=0.258939 fraction_q_positive=0.953125 sampling_entropy=4.036692 uniform_entropy=4.158883 entropy_gap=0.122191 max_probability_over_uniform=1.998897 min_probability_over_uniform=0.250000
RG_REMAP_SCORE round=400 layer=features.0 mode=persistent mean_q_current=0.104611 mean_q_previous=0.121622 mean_persistent_score=0.095745 sampling_entropy=4.036692
RG_SCORE round=400 layer=features.3 mean_q=0.127120 max_q=0.162035 fraction_q_positive=1.000000 sampling_entropy=4.155950 uniform_entropy=4.158883 entropy_gap=0.002933 max_probability_over_uniform=1.167485 min_probability_over_uniform=0.770341
RG_REMAP_SCORE round=400 layer=features.3 mode=persistent mean_q_current=0.127120 mean_q_previous=0.148171 mean_persistent_score=0.136703 sampling_entropy=4.155950
RG_SCORE round=400 layer=features.7 mean_q=0.134448 max_q=0.186201 fraction_q_positive=1.000000 sampling_entropy=4.849168 uniform_entropy=4.852030 entropy_gap=0.002863 max_probability_over_uniform=1.256518 min_probability_over_uniform=0.785283
RG_REMAP_SCORE round=400 layer=features.7 mode=persistent mean_q_current=0.134448 mean_q_previous=0.154687 mean_persistent_score=0.143588 sampling_entropy=4.849168
RG_SCORE round=400 layer=features.10 mean_q=0.133100 max_q=0.163901 fraction_q_positive=1.000000 sampling_entropy=4.850795 uniform_entropy=4.852030 entropy_gap=0.001235 max_probability_over_uniform=1.123936 min_probability_over_uniform=0.866429
RG_REMAP_SCORE round=400 layer=features.10 mode=persistent mean_q_current=0.133100 mean_q_previous=0.145167 mean_persistent_score=0.138781 sampling_entropy=4.850795
RG_SCORE round=400 layer=features.14 mean_q=0.134129 max_q=0.183869 fraction_q_positive=1.000000 sampling_entropy=5.542840 uniform_entropy=5.545177 entropy_gap=0.002337 max_probability_over_uniform=1.211503 min_probability_over_uniform=0.854778
RG_REMAP_SCORE round=400 layer=features.14 mode=persistent mean_q_current=0.134129 mean_q_previous=0.145056 mean_persistent_score=0.139194 sampling_entropy=5.542840
RG_SCORE round=400 layer=features.17 mean_q=0.128244 max_q=0.172309 fraction_q_positive=1.000000 sampling_entropy=5.542403 uniform_entropy=5.545177 entropy_gap=0.002775 max_probability_over_uniform=1.242152 min_probability_over_uniform=0.817907
RG_REMAP_SCORE round=400 layer=features.17 mode=persistent mean_q_current=0.128244 mean_q_previous=0.131919 mean_persistent_score=0.129843 sampling_entropy=5.542403
RG_SCORE round=400 layer=features.20 mean_q=0.122852 max_q=0.156897 fraction_q_positive=1.000000 sampling_entropy=5.543371 uniform_entropy=5.545177 entropy_gap=0.001806 max_probability_over_uniform=1.153017 min_probability_over_uniform=0.846701
RG_REMAP_SCORE round=400 layer=features.20 mode=persistent mean_q_current=0.122852 mean_q_previous=0.130747 mean_persistent_score=0.126510 sampling_entropy=5.543371
RG_SCORE round=400 layer=features.24 mean_q=0.138524 max_q=0.197471 fraction_q_positive=1.000000 sampling_entropy=6.234962 uniform_entropy=6.238325 entropy_gap=0.003363 max_probability_over_uniform=1.263492 min_probability_over_uniform=0.739193
RG_REMAP_SCORE round=400 layer=features.24 mode=persistent mean_q_current=0.138524 mean_q_previous=0.148142 mean_persistent_score=0.142836 sampling_entropy=6.234962
RG_SCORE round=400 layer=features.27 mean_q=0.141683 max_q=0.218597 fraction_q_positive=1.000000 sampling_entropy=6.233531 uniform_entropy=6.238325 entropy_gap=0.004793 max_probability_over_uniform=1.372805 min_probability_over_uniform=0.702614
RG_REMAP_SCORE round=400 layer=features.27 mode=persistent mean_q_current=0.141683 mean_q_previous=0.143675 mean_persistent_score=0.142116 sampling_entropy=6.233531
RG_SCORE round=400 layer=features.30 mean_q=0.128765 max_q=0.174570 fraction_q_positive=1.000000 sampling_entropy=6.234050 uniform_entropy=6.238325 entropy_gap=0.004275 max_probability_over_uniform=1.410598 min_probability_over_uniform=0.696099
RG_REMAP_SCORE round=400 layer=features.30 mode=persistent mean_q_current=0.128765 mean_q_previous=0.123811 mean_persistent_score=0.125416 sampling_entropy=6.234050
RG_SCORE round=400 layer=features.34 mean_q=0.284735 max_q=0.389858 fraction_q_positive=1.000000 sampling_entropy=6.231806 uniform_entropy=6.238325 entropy_gap=0.006519 max_probability_over_uniform=1.272799 min_probability_over_uniform=0.397618
RG_REMAP_SCORE round=400 layer=features.34 mode=persistent mean_q_current=0.284735 mean_q_previous=0.272225 mean_persistent_score=0.276363 sampling_entropy=6.231806
RG_SCORE round=400 layer=features.37 mean_q=0.318309 max_q=0.464345 fraction_q_positive=1.000000 sampling_entropy=6.232360 uniform_entropy=6.238325 entropy_gap=0.005965 max_probability_over_uniform=1.323459 min_probability_over_uniform=0.672594
RG_REMAP_SCORE round=400 layer=features.37 mode=persistent mean_q_current=0.318309 mean_q_previous=0.301275 mean_persistent_score=0.308472 sampling_entropy=6.232360
RG_SCORE round=400 layer=features.40 mean_q=0.243069 max_q=0.508158 fraction_q_positive=1.000000 sampling_entropy=6.206472 uniform_entropy=6.238325 entropy_gap=0.031853 max_probability_over_uniform=1.608223 min_probability_over_uniform=0.250000
RG_REMAP_SCORE round=400 layer=features.40 mode=persistent mean_q_current=0.243069 mean_q_previous=0.239384 mean_persistent_score=0.236968 sampling_entropy=6.206472
ROUND_ACCURACY method=FedPhoenixRG-Persistent round=400 accuracy=74.800003
********************************************************************************
Round 400
ROUND_ACCURACY method=FedPhoenixRG-Persistent round=401 accuracy=77.830002
********************************************************************************
Round 401
ROUND_ACCURACY method=FedPhoenixRG-Persistent round=402 accuracy=66.809998
********************************************************************************
Round 402
ROUND_ACCURACY method=FedPhoenixRG-Persistent round=403 accuracy=71.500000
********************************************************************************
Round 403
ROUND_ACCURACY method=FedPhoenixRG-Persistent round=404 accuracy=75.389999
********************************************************************************
Round 404
ROUND_ACCURACY method=FedPhoenixRG-Persistent round=405 accuracy=72.309998
********************************************************************************
Round 405
ROUND_ACCURACY method=FedPhoenixRG-Persistent round=406 accuracy=77.570000
********************************************************************************
Round 406
ROUND_ACCURACY method=FedPhoenixRG-Persistent round=407 accuracy=74.889999
********************************************************************************
Round 407
ROUND_ACCURACY method=FedPhoenixRG-Persistent round=408 accuracy=68.800003
********************************************************************************
Round 408
ROUND_ACCURACY method=FedPhoenixRG-Persistent round=409 accuracy=78.540001
********************************************************************************
Round 409
ROUND_ACCURACY method=FedPhoenixRG-Persistent round=410 accuracy=67.650002
********************************************************************************
Round 410
ROUND_ACCURACY method=FedPhoenixRG-Persistent round=411 accuracy=70.339996
********************************************************************************
Round 411
ROUND_ACCURACY method=FedPhoenixRG-Persistent round=412 accuracy=64.169998
********************************************************************************
Round 412
ROUND_ACCURACY method=FedPhoenixRG-Persistent round=413 accuracy=75.279999
********************************************************************************
Round 413
ROUND_ACCURACY method=FedPhoenixRG-Persistent round=414 accuracy=75.570000
********************************************************************************
Round 414
ROUND_ACCURACY method=FedPhoenixRG-Persistent round=415 accuracy=78.379997
********************************************************************************
Round 415
ROUND_ACCURACY method=FedPhoenixRG-Persistent round=416 accuracy=73.480003
********************************************************************************
Round 416
ROUND_ACCURACY method=FedPhoenixRG-Persistent round=417 accuracy=76.260002
********************************************************************************
Round 417
ROUND_ACCURACY method=FedPhoenixRG-Persistent round=418 accuracy=69.830002
********************************************************************************
Round 418
ROUND_ACCURACY method=FedPhoenixRG-Persistent round=419 accuracy=71.120003
********************************************************************************
Round 419
RG_SCORE round=420 layer=features.0 mean_q=0.110321 max_q=0.356589 fraction_q_positive=0.828125 sampling_entropy=3.982863 uniform_entropy=4.158883 entropy_gap=0.176020 max_probability_over_uniform=2.319934 min_probability_over_uniform=0.250000
RG_REMAP_SCORE round=420 layer=features.0 mode=persistent mean_q_current=0.110321 mean_q_previous=0.104611 mean_persistent_score=0.085394 sampling_entropy=3.982863
RG_SCORE round=420 layer=features.3 mean_q=0.148337 max_q=0.267153 fraction_q_positive=1.000000 sampling_entropy=4.152482 uniform_entropy=4.158883 entropy_gap=0.006401 max_probability_over_uniform=1.364216 min_probability_over_uniform=0.735895
RG_REMAP_SCORE round=420 layer=features.3 mode=persistent mean_q_current=0.148337 mean_q_previous=0.127120 mean_persistent_score=0.136297 sampling_entropy=4.152482
RG_SCORE round=420 layer=features.7 mean_q=0.141486 max_q=0.217880 fraction_q_positive=1.000000 sampling_entropy=4.845901 uniform_entropy=4.852030 entropy_gap=0.006129 max_probability_over_uniform=1.291071 min_probability_over_uniform=0.653203
RG_REMAP_SCORE round=420 layer=features.7 mode=persistent mean_q_current=0.141486 mean_q_previous=0.134448 mean_persistent_score=0.136658 sampling_entropy=4.845901
RG_SCORE round=420 layer=features.10 mean_q=0.141481 max_q=0.186004 fraction_q_positive=1.000000 sampling_entropy=4.850410 uniform_entropy=4.852030 entropy_gap=0.001621 max_probability_over_uniform=1.138370 min_probability_over_uniform=0.852189
RG_REMAP_SCORE round=420 layer=features.10 mode=persistent mean_q_current=0.141481 mean_q_previous=0.133100 mean_persistent_score=0.136826 sampling_entropy=4.850410
RG_SCORE round=420 layer=features.14 mean_q=0.145797 max_q=0.215593 fraction_q_positive=1.000000 sampling_entropy=5.542349 uniform_entropy=5.545177 entropy_gap=0.002829 max_probability_over_uniform=1.281481 min_probability_over_uniform=0.727630
RG_REMAP_SCORE round=420 layer=features.14 mode=persistent mean_q_current=0.145797 mean_q_previous=0.134129 mean_persistent_score=0.139313 sampling_entropy=5.542349
RG_SCORE round=420 layer=features.17 mean_q=0.144654 max_q=0.204499 fraction_q_positive=1.000000 sampling_entropy=5.541815 uniform_entropy=5.545177 entropy_gap=0.003363 max_probability_over_uniform=1.252166 min_probability_over_uniform=0.799637
RG_REMAP_SCORE round=420 layer=features.17 mode=persistent mean_q_current=0.144654 mean_q_previous=0.128244 mean_persistent_score=0.135912 sampling_entropy=5.541815
RG_SCORE round=420 layer=features.20 mean_q=0.129706 max_q=0.166989 fraction_q_positive=1.000000 sampling_entropy=5.543338 uniform_entropy=5.545177 entropy_gap=0.001840 max_probability_over_uniform=1.204686 min_probability_over_uniform=0.836527
RG_REMAP_SCORE round=420 layer=features.20 mode=persistent mean_q_current=0.129706 mean_q_previous=0.122852 mean_persistent_score=0.125995 sampling_entropy=5.543338
RG_SCORE round=420 layer=features.24 mean_q=0.146736 max_q=0.204011 fraction_q_positive=1.000000 sampling_entropy=6.234944 uniform_entropy=6.238325 entropy_gap=0.003380 max_probability_over_uniform=1.274309 min_probability_over_uniform=0.720528
RG_REMAP_SCORE round=420 layer=features.24 mode=persistent mean_q_current=0.146736 mean_q_previous=0.138524 mean_persistent_score=0.142116 sampling_entropy=6.234944
RG_SCORE round=420 layer=features.27 mean_q=0.140387 max_q=0.216230 fraction_q_positive=1.000000 sampling_entropy=6.233489 uniform_entropy=6.238325 entropy_gap=0.004835 max_probability_over_uniform=1.339614 min_probability_over_uniform=0.727246
RG_REMAP_SCORE round=420 layer=features.27 mode=persistent mean_q_current=0.140387 mean_q_previous=0.141683 mean_persistent_score=0.140347 sampling_entropy=6.233489
RG_SCORE round=420 layer=features.30 mean_q=0.124541 max_q=0.183975 fraction_q_positive=1.000000 sampling_entropy=6.234407 uniform_entropy=6.238325 entropy_gap=0.003917 max_probability_over_uniform=1.264044 min_probability_over_uniform=0.724189
RG_REMAP_SCORE round=420 layer=features.30 mode=persistent mean_q_current=0.124541 mean_q_previous=0.128765 mean_persistent_score=0.126041 sampling_entropy=6.234407
RG_SCORE round=420 layer=features.34 mean_q=0.249651 max_q=0.416700 fraction_q_positive=0.998047 sampling_entropy=6.226533 uniform_entropy=6.238325 entropy_gap=0.011791 max_probability_over_uniform=1.342677 min_probability_over_uniform=0.250000
RG_REMAP_SCORE round=420 layer=features.34 mode=persistent mean_q_current=0.249651 mean_q_previous=0.284735 mean_persistent_score=0.263099 sampling_entropy=6.226533
RG_SCORE round=420 layer=features.37 mean_q=0.232080 max_q=0.452796 fraction_q_positive=0.994141 sampling_entropy=6.221353 uniform_entropy=6.238325 entropy_gap=0.016971 max_probability_over_uniform=1.424785 min_probability_over_uniform=0.250000
RG_REMAP_SCORE round=420 layer=features.37 mode=persistent mean_q_current=0.232080 mean_q_previous=0.318309 mean_persistent_score=0.266397 sampling_entropy=6.221353
RG_SCORE round=420 layer=features.40 mean_q=0.137515 max_q=0.399860 fraction_q_positive=0.900391 sampling_entropy=6.151640 uniform_entropy=6.238325 entropy_gap=0.086684 max_probability_over_uniform=2.056792 min_probability_over_uniform=0.250000
RG_REMAP_SCORE round=420 layer=features.40 mode=persistent mean_q_current=0.137515 mean_q_previous=0.243069 mean_persistent_score=0.165163 sampling_entropy=6.151640
ROUND_ACCURACY method=FedPhoenixRG-Persistent round=420 accuracy=77.980003
********************************************************************************
Round 420
ROUND_ACCURACY method=FedPhoenixRG-Persistent round=421 accuracy=76.370003
********************************************************************************
Round 421
ROUND_ACCURACY method=FedPhoenixRG-Persistent round=422 accuracy=70.930000
********************************************************************************
Round 422
ROUND_ACCURACY method=FedPhoenixRG-Persistent round=423 accuracy=74.820000
********************************************************************************
Round 423
ROUND_ACCURACY method=FedPhoenixRG-Persistent round=424 accuracy=75.610001
********************************************************************************
Round 424
ROUND_ACCURACY method=FedPhoenixRG-Persistent round=425 accuracy=78.970001
********************************************************************************
Round 425
ROUND_ACCURACY method=FedPhoenixRG-Persistent round=426 accuracy=67.120003
********************************************************************************
Round 426
ROUND_ACCURACY method=FedPhoenixRG-Persistent round=427 accuracy=70.410004
********************************************************************************
Round 427
ROUND_ACCURACY method=FedPhoenixRG-Persistent round=428 accuracy=72.650002
********************************************************************************
Round 428
ROUND_ACCURACY method=FedPhoenixRG-Persistent round=429 accuracy=70.779999
********************************************************************************
Round 429
ROUND_ACCURACY method=FedPhoenixRG-Persistent round=430 accuracy=74.779999
********************************************************************************
Round 430
ROUND_ACCURACY method=FedPhoenixRG-Persistent round=431 accuracy=73.540001
********************************************************************************
Round 431
ROUND_ACCURACY method=FedPhoenixRG-Persistent round=432 accuracy=73.790001
********************************************************************************
Round 432
ROUND_ACCURACY method=FedPhoenixRG-Persistent round=433 accuracy=74.669998
********************************************************************************
Round 433
ROUND_ACCURACY method=FedPhoenixRG-Persistent round=434 accuracy=76.220001
********************************************************************************
Round 434
ROUND_ACCURACY method=FedPhoenixRG-Persistent round=435 accuracy=75.570000
********************************************************************************
Round 435
ROUND_ACCURACY method=FedPhoenixRG-Persistent round=436 accuracy=71.510002
********************************************************************************
Round 436
ROUND_ACCURACY method=FedPhoenixRG-Persistent round=437 accuracy=71.750000
********************************************************************************
Round 437
ROUND_ACCURACY method=FedPhoenixRG-Persistent round=438 accuracy=76.080002
********************************************************************************
Round 438
ROUND_ACCURACY method=FedPhoenixRG-Persistent round=439 accuracy=76.209999
********************************************************************************
Round 439
RG_SCORE round=440 layer=features.0 mean_q=0.142198 max_q=0.327644 fraction_q_positive=0.953125 sampling_entropy=3.995323 uniform_entropy=4.158883 entropy_gap=0.163560 max_probability_over_uniform=2.724060 min_probability_over_uniform=0.250000
RG_REMAP_SCORE round=440 layer=features.0 mode=persistent mean_q_current=0.142198 mean_q_previous=0.110321 mean_persistent_score=0.103618 sampling_entropy=3.995323
RG_SCORE round=440 layer=features.3 mean_q=0.149814 max_q=0.183137 fraction_q_positive=1.000000 sampling_entropy=4.153371 uniform_entropy=4.158883 entropy_gap=0.005512 max_probability_over_uniform=1.305678 min_probability_over_uniform=0.778195
RG_REMAP_SCORE round=440 layer=features.3 mode=persistent mean_q_current=0.149814 mean_q_previous=0.148337 mean_persistent_score=0.147922 sampling_entropy=4.153371
RG_SCORE round=440 layer=features.7 mean_q=0.157041 max_q=0.216152 fraction_q_positive=1.000000 sampling_entropy=4.845706 uniform_entropy=4.852030 entropy_gap=0.006324 max_probability_over_uniform=1.253415 min_probability_over_uniform=0.655433
RG_REMAP_SCORE round=440 layer=features.7 mode=persistent mean_q_current=0.157041 mean_q_previous=0.141486 mean_persistent_score=0.148002 sampling_entropy=4.845706
RG_SCORE round=440 layer=features.10 mean_q=0.149708 max_q=0.192912 fraction_q_positive=1.000000 sampling_entropy=4.850195 uniform_entropy=4.852030 entropy_gap=0.001835 max_probability_over_uniform=1.181392 min_probability_over_uniform=0.856709
RG_REMAP_SCORE round=440 layer=features.10 mode=persistent mean_q_current=0.149708 mean_q_previous=0.141481 mean_persistent_score=0.145192 sampling_entropy=4.850195
RG_SCORE round=440 layer=features.14 mean_q=0.151148 max_q=0.196001 fraction_q_positive=1.000000 sampling_entropy=5.542371 uniform_entropy=5.545177 entropy_gap=0.002807 max_probability_over_uniform=1.270389 min_probability_over_uniform=0.720118
RG_REMAP_SCORE round=440 layer=features.14 mode=persistent mean_q_current=0.151148 mean_q_previous=0.145797 mean_persistent_score=0.147975 sampling_entropy=5.542371
RG_SCORE round=440 layer=features.17 mean_q=0.148267 max_q=0.201379 fraction_q_positive=1.000000 sampling_entropy=5.541621 uniform_entropy=5.545177 entropy_gap=0.003557 max_probability_over_uniform=1.227710 min_probability_over_uniform=0.789780
RG_REMAP_SCORE round=440 layer=features.17 mode=persistent mean_q_current=0.148267 mean_q_previous=0.144654 mean_persistent_score=0.146177 sampling_entropy=5.541621
RG_SCORE round=440 layer=features.20 mean_q=0.131367 max_q=0.161393 fraction_q_positive=1.000000 sampling_entropy=5.543674 uniform_entropy=5.545177 entropy_gap=0.001503 max_probability_over_uniform=1.175227 min_probability_over_uniform=0.824846
RG_REMAP_SCORE round=440 layer=features.20 mode=persistent mean_q_current=0.131367 mean_q_previous=0.129706 mean_persistent_score=0.130276 sampling_entropy=5.543674
RG_SCORE round=440 layer=features.24 mean_q=0.162232 max_q=0.217397 fraction_q_positive=1.000000 sampling_entropy=6.235649 uniform_entropy=6.238325 entropy_gap=0.002675 max_probability_over_uniform=1.230033 min_probability_over_uniform=0.805438
RG_REMAP_SCORE round=440 layer=features.24 mode=persistent mean_q_current=0.162232 mean_q_previous=0.146736 mean_persistent_score=0.153870 sampling_entropy=6.235649
RG_SCORE round=440 layer=features.27 mean_q=0.173848 max_q=0.231789 fraction_q_positive=1.000000 sampling_entropy=6.234241 uniform_entropy=6.238325 entropy_gap=0.004084 max_probability_over_uniform=1.328655 min_probability_over_uniform=0.658695
RG_REMAP_SCORE round=440 layer=features.27 mode=persistent mean_q_current=0.173848 mean_q_previous=0.140387 mean_persistent_score=0.155662 sampling_entropy=6.234241
RG_SCORE round=440 layer=features.30 mean_q=0.157671 max_q=0.205991 fraction_q_positive=1.000000 sampling_entropy=6.234497 uniform_entropy=6.238325 entropy_gap=0.003827 max_probability_over_uniform=1.233592 min_probability_over_uniform=0.725720
RG_REMAP_SCORE round=440 layer=features.30 mode=persistent mean_q_current=0.157671 mean_q_previous=0.124541 mean_persistent_score=0.139604 sampling_entropy=6.234497
RG_SCORE round=440 layer=features.34 mean_q=0.353880 max_q=0.444863 fraction_q_positive=1.000000 sampling_entropy=6.228747 uniform_entropy=6.238325 entropy_gap=0.009577 max_probability_over_uniform=1.319227 min_probability_over_uniform=0.250000
RG_REMAP_SCORE round=440 layer=features.34 mode=persistent mean_q_current=0.353880 mean_q_previous=0.249651 mean_persistent_score=0.293417 sampling_entropy=6.228747
RG_SCORE round=440 layer=features.37 mean_q=0.379969 max_q=0.505866 fraction_q_positive=1.000000 sampling_entropy=6.223474 uniform_entropy=6.238325 entropy_gap=0.014851 max_probability_over_uniform=1.378627 min_probability_over_uniform=0.250000
RG_REMAP_SCORE round=440 layer=features.37 mode=persistent mean_q_current=0.379969 mean_q_previous=0.232080 mean_persistent_score=0.290869 sampling_entropy=6.223474
RG_SCORE round=440 layer=features.40 mean_q=0.316912 max_q=0.555713 fraction_q_positive=1.000000 sampling_entropy=6.154372 uniform_entropy=6.238325 entropy_gap=0.083953 max_probability_over_uniform=1.925048 min_probability_over_uniform=0.250000
RG_REMAP_SCORE round=440 layer=features.40 mode=persistent mean_q_current=0.316912 mean_q_previous=0.137515 mean_persistent_score=0.188387 sampling_entropy=6.154372
ROUND_ACCURACY method=FedPhoenixRG-Persistent round=440 accuracy=70.980003
********************************************************************************
Round 440
ROUND_ACCURACY method=FedPhoenixRG-Persistent round=441 accuracy=79.570000
********************************************************************************
Round 441
ROUND_ACCURACY method=FedPhoenixRG-Persistent round=442 accuracy=77.300003
********************************************************************************
Round 442
ROUND_ACCURACY method=FedPhoenixRG-Persistent round=443 accuracy=74.580002
********************************************************************************
Round 443
ROUND_ACCURACY method=FedPhoenixRG-Persistent round=444 accuracy=71.169998
********************************************************************************
Round 444
ROUND_ACCURACY method=FedPhoenixRG-Persistent round=445 accuracy=75.589996
********************************************************************************
Round 445
ROUND_ACCURACY method=FedPhoenixRG-Persistent round=446 accuracy=76.000000
********************************************************************************
Round 446
ROUND_ACCURACY method=FedPhoenixRG-Persistent round=447 accuracy=76.860001
********************************************************************************
Round 447
ROUND_ACCURACY method=FedPhoenixRG-Persistent round=448 accuracy=76.029999
********************************************************************************
Round 448
ROUND_ACCURACY method=FedPhoenixRG-Persistent round=449 accuracy=68.830002
********************************************************************************
Round 449
ROUND_ACCURACY method=FedPhoenixRG-Persistent round=450 accuracy=76.139999
********************************************************************************
Round 450
ROUND_ACCURACY method=FedPhoenixRG-Persistent round=451 accuracy=69.610001
********************************************************************************
Round 451
ROUND_ACCURACY method=FedPhoenixRG-Persistent round=452 accuracy=79.339996
********************************************************************************
Round 452
ROUND_ACCURACY method=FedPhoenixRG-Persistent round=453 accuracy=78.440002
********************************************************************************
Round 453
ROUND_ACCURACY method=FedPhoenixRG-Persistent round=454 accuracy=79.709999
********************************************************************************
Round 454
ROUND_ACCURACY method=FedPhoenixRG-Persistent round=455 accuracy=77.860001
********************************************************************************
Round 455
ROUND_ACCURACY method=FedPhoenixRG-Persistent round=456 accuracy=78.459999
********************************************************************************
Round 456
ROUND_ACCURACY method=FedPhoenixRG-Persistent round=457 accuracy=76.160004
********************************************************************************
Round 457
ROUND_ACCURACY method=FedPhoenixRG-Persistent round=458 accuracy=70.029999
********************************************************************************
Round 458
ROUND_ACCURACY method=FedPhoenixRG-Persistent round=459 accuracy=80.190002
********************************************************************************
Round 459
RG_SCORE round=460 layer=features.0 mean_q=0.150325 max_q=0.329508 fraction_q_positive=1.000000 sampling_entropy=4.098895 uniform_entropy=4.158883 entropy_gap=0.059988 max_probability_over_uniform=2.025500 min_probability_over_uniform=0.250000
RG_REMAP_SCORE round=460 layer=features.0 mode=persistent mean_q_current=0.150325 mean_q_previous=0.142198 mean_persistent_score=0.132948 sampling_entropy=4.098895
RG_SCORE round=460 layer=features.3 mean_q=0.156699 max_q=0.188606 fraction_q_positive=1.000000 sampling_entropy=4.156814 uniform_entropy=4.158883 entropy_gap=0.002069 max_probability_over_uniform=1.155442 min_probability_over_uniform=0.866865
RG_REMAP_SCORE round=460 layer=features.3 mode=persistent mean_q_current=0.156699 mean_q_previous=0.149814 mean_persistent_score=0.152892 sampling_entropy=4.156814
RG_SCORE round=460 layer=features.7 mean_q=0.159236 max_q=0.219836 fraction_q_positive=1.000000 sampling_entropy=4.849859 uniform_entropy=4.852030 entropy_gap=0.002171 max_probability_over_uniform=1.169903 min_probability_over_uniform=0.847804
RG_REMAP_SCORE round=460 layer=features.7 mode=persistent mean_q_current=0.159236 mean_q_previous=0.157041 mean_persistent_score=0.157711 sampling_entropy=4.849859
RG_SCORE round=460 layer=features.10 mean_q=0.152817 max_q=0.175036 fraction_q_positive=1.000000 sampling_entropy=4.851136 uniform_entropy=4.852030 entropy_gap=0.000895 max_probability_over_uniform=1.142463 min_probability_over_uniform=0.902737
RG_REMAP_SCORE round=460 layer=features.10 mode=persistent mean_q_current=0.152817 mean_q_previous=0.149708 mean_persistent_score=0.151056 sampling_entropy=4.851136
RG_SCORE round=460 layer=features.14 mean_q=0.155085 max_q=0.198324 fraction_q_positive=1.000000 sampling_entropy=5.543345 uniform_entropy=5.545177 entropy_gap=0.001833 max_probability_over_uniform=1.214123 min_probability_over_uniform=0.872228
RG_REMAP_SCORE round=460 layer=features.14 mode=persistent mean_q_current=0.155085 mean_q_previous=0.151148 mean_persistent_score=0.152882 sampling_entropy=5.543345
RG_SCORE round=460 layer=features.17 mean_q=0.153932 max_q=0.199886 fraction_q_positive=1.000000 sampling_entropy=5.542425 uniform_entropy=5.545177 entropy_gap=0.002752 max_probability_over_uniform=1.190244 min_probability_over_uniform=0.814066
RG_REMAP_SCORE round=460 layer=features.17 mode=persistent mean_q_current=0.153932 mean_q_previous=0.148267 mean_persistent_score=0.150927 sampling_entropy=5.542425
RG_SCORE round=460 layer=features.20 mean_q=0.135120 max_q=0.168914 fraction_q_positive=1.000000 sampling_entropy=5.543815 uniform_entropy=5.545177 entropy_gap=0.001363 max_probability_over_uniform=1.164190 min_probability_over_uniform=0.862557
RG_REMAP_SCORE round=460 layer=features.20 mode=persistent mean_q_current=0.135120 mean_q_previous=0.131367 mean_persistent_score=0.133063 sampling_entropy=5.543815
RG_SCORE round=460 layer=features.24 mean_q=0.161031 max_q=0.207275 fraction_q_positive=1.000000 sampling_entropy=6.236330 uniform_entropy=6.238325 entropy_gap=0.001995 max_probability_over_uniform=1.214523 min_probability_over_uniform=0.822690
RG_REMAP_SCORE round=460 layer=features.24 mode=persistent mean_q_current=0.161031 mean_q_previous=0.162232 mean_persistent_score=0.161432 sampling_entropy=6.236330
RG_SCORE round=460 layer=features.27 mean_q=0.167083 max_q=0.231504 fraction_q_positive=1.000000 sampling_entropy=6.236081 uniform_entropy=6.238325 entropy_gap=0.002243 max_probability_over_uniform=1.243945 min_probability_over_uniform=0.813568
RG_REMAP_SCORE round=460 layer=features.27 mode=persistent mean_q_current=0.167083 mean_q_previous=0.173848 mean_persistent_score=0.170249 sampling_entropy=6.236081
RG_SCORE round=460 layer=features.30 mean_q=0.152356 max_q=0.192520 fraction_q_positive=1.000000 sampling_entropy=6.236189 uniform_entropy=6.238325 entropy_gap=0.002136 max_probability_over_uniform=1.214845 min_probability_over_uniform=0.784775
RG_REMAP_SCORE round=460 layer=features.30 mode=persistent mean_q_current=0.152356 mean_q_previous=0.157671 mean_persistent_score=0.154798 sampling_entropy=6.236189
RG_SCORE round=460 layer=features.34 mean_q=0.334419 max_q=0.442136 fraction_q_positive=1.000000 sampling_entropy=6.235624 uniform_entropy=6.238325 entropy_gap=0.002701 max_probability_over_uniform=1.195264 min_probability_over_uniform=0.723441
RG_REMAP_SCORE round=460 layer=features.34 mode=persistent mean_q_current=0.334419 mean_q_previous=0.353880 mean_persistent_score=0.343531 sampling_entropy=6.235624
RG_SCORE round=460 layer=features.37 mean_q=0.353822 max_q=0.462967 fraction_q_positive=1.000000 sampling_entropy=6.235678 uniform_entropy=6.238325 entropy_gap=0.002647 max_probability_over_uniform=1.211874 min_probability_over_uniform=0.705260
RG_REMAP_SCORE round=460 layer=features.37 mode=persistent mean_q_current=0.353822 mean_q_previous=0.379969 mean_persistent_score=0.366104 sampling_entropy=6.235678
RG_SCORE round=460 layer=features.40 mean_q=0.285606 max_q=0.550217 fraction_q_positive=1.000000 sampling_entropy=6.210968 uniform_entropy=6.238325 entropy_gap=0.027357 max_probability_over_uniform=1.646988 min_probability_over_uniform=0.328913
RG_REMAP_SCORE round=460 layer=features.40 mode=persistent mean_q_current=0.285606 mean_q_previous=0.316912 mean_persistent_score=0.296866 sampling_entropy=6.210968
ROUND_ACCURACY method=FedPhoenixRG-Persistent round=460 accuracy=66.930000
********************************************************************************
Round 460
ROUND_ACCURACY method=FedPhoenixRG-Persistent round=461 accuracy=79.449997
********************************************************************************
Round 461
ROUND_ACCURACY method=FedPhoenixRG-Persistent round=462 accuracy=76.589996
********************************************************************************
Round 462
ROUND_ACCURACY method=FedPhoenixRG-Persistent round=463 accuracy=79.250000
********************************************************************************
Round 463
ROUND_ACCURACY method=FedPhoenixRG-Persistent round=464 accuracy=71.709999
********************************************************************************
Round 464
ROUND_ACCURACY method=FedPhoenixRG-Persistent round=465 accuracy=75.589996
********************************************************************************
Round 465
ROUND_ACCURACY method=FedPhoenixRG-Persistent round=466 accuracy=78.809998
********************************************************************************
Round 466
ROUND_ACCURACY method=FedPhoenixRG-Persistent round=467 accuracy=71.330002
********************************************************************************
Round 467
ROUND_ACCURACY method=FedPhoenixRG-Persistent round=468 accuracy=72.970001
********************************************************************************
Round 468
ROUND_ACCURACY method=FedPhoenixRG-Persistent round=469 accuracy=75.269997
********************************************************************************
Round 469
ROUND_ACCURACY method=FedPhoenixRG-Persistent round=470 accuracy=74.769997
********************************************************************************
Round 470
ROUND_ACCURACY method=FedPhoenixRG-Persistent round=471 accuracy=72.739998
********************************************************************************
Round 471
ROUND_ACCURACY method=FedPhoenixRG-Persistent round=472 accuracy=79.169998
********************************************************************************
Round 472
ROUND_ACCURACY method=FedPhoenixRG-Persistent round=473 accuracy=75.500000
********************************************************************************
Round 473
ROUND_ACCURACY method=FedPhoenixRG-Persistent round=474 accuracy=72.540001
********************************************************************************
Round 474
ROUND_ACCURACY method=FedPhoenixRG-Persistent round=475 accuracy=70.129997
********************************************************************************
Round 475
ROUND_ACCURACY method=FedPhoenixRG-Persistent round=476 accuracy=74.879997
********************************************************************************
Round 476
ROUND_ACCURACY method=FedPhoenixRG-Persistent round=477 accuracy=71.910004
********************************************************************************
Round 477
ROUND_ACCURACY method=FedPhoenixRG-Persistent round=478 accuracy=66.879997
********************************************************************************
Round 478
ROUND_ACCURACY method=FedPhoenixRG-Persistent round=479 accuracy=79.220001
********************************************************************************
Round 479
RG_SCORE round=480 layer=features.0 mean_q=0.107863 max_q=0.292000 fraction_q_positive=0.828125 sampling_entropy=4.017221 uniform_entropy=4.158883 entropy_gap=0.141662 max_probability_over_uniform=1.932299 min_probability_over_uniform=0.250000
RG_REMAP_SCORE round=480 layer=features.0 mode=persistent mean_q_current=0.107863 mean_q_previous=0.150325 mean_persistent_score=0.104815 sampling_entropy=4.017221
RG_SCORE round=480 layer=features.3 mean_q=0.128424 max_q=0.201087 fraction_q_positive=1.000000 sampling_entropy=4.152754 uniform_entropy=4.158883 entropy_gap=0.006129 max_probability_over_uniform=1.272236 min_probability_over_uniform=0.772771
RG_REMAP_SCORE round=480 layer=features.3 mode=persistent mean_q_current=0.128424 mean_q_previous=0.156699 mean_persistent_score=0.140910 sampling_entropy=4.152754
RG_SCORE round=480 layer=features.7 mean_q=0.132908 max_q=0.199120 fraction_q_positive=1.000000 sampling_entropy=4.846733 uniform_entropy=4.852030 entropy_gap=0.005298 max_probability_over_uniform=1.261792 min_probability_over_uniform=0.764815
RG_REMAP_SCORE round=480 layer=features.7 mode=persistent mean_q_current=0.132908 mean_q_previous=0.159236 mean_persistent_score=0.144413 sampling_entropy=4.846733
RG_SCORE round=480 layer=features.10 mean_q=0.128629 max_q=0.170454 fraction_q_positive=1.000000 sampling_entropy=4.850072 uniform_entropy=4.852030 entropy_gap=0.001958 max_probability_over_uniform=1.129142 min_probability_over_uniform=0.864501
RG_REMAP_SCORE round=480 layer=features.10 mode=persistent mean_q_current=0.128629 mean_q_previous=0.152817 mean_persistent_score=0.139806 sampling_entropy=4.850072
RG_SCORE round=480 layer=features.14 mean_q=0.130378 max_q=0.176137 fraction_q_positive=1.000000 sampling_entropy=5.542419 uniform_entropy=5.545177 entropy_gap=0.002758 max_probability_over_uniform=1.196585 min_probability_over_uniform=0.772995
RG_REMAP_SCORE round=480 layer=features.14 mode=persistent mean_q_current=0.130378 mean_q_previous=0.155085 mean_persistent_score=0.141796 sampling_entropy=5.542419
RG_SCORE round=480 layer=features.17 mean_q=0.126628 max_q=0.189397 fraction_q_positive=1.000000 sampling_entropy=5.541998 uniform_entropy=5.545177 entropy_gap=0.003180 max_probability_over_uniform=1.242150 min_probability_over_uniform=0.818756
RG_REMAP_SCORE round=480 layer=features.17 mode=persistent mean_q_current=0.126628 mean_q_previous=0.153932 mean_persistent_score=0.139341 sampling_entropy=5.541998
RG_SCORE round=480 layer=features.20 mean_q=0.117953 max_q=0.161892 fraction_q_positive=1.000000 sampling_entropy=5.543043 uniform_entropy=5.545177 entropy_gap=0.002134 max_probability_over_uniform=1.155548 min_probability_over_uniform=0.807864
RG_REMAP_SCORE round=480 layer=features.20 mode=persistent mean_q_current=0.117953 mean_q_previous=0.135120 mean_persistent_score=0.125914 sampling_entropy=5.543043
RG_SCORE round=480 layer=features.24 mean_q=0.134723 max_q=0.186974 fraction_q_positive=1.000000 sampling_entropy=6.235470 uniform_entropy=6.238325 entropy_gap=0.002855 max_probability_over_uniform=1.211309 min_probability_over_uniform=0.638056
RG_REMAP_SCORE round=480 layer=features.24 mode=persistent mean_q_current=0.134723 mean_q_previous=0.161031 mean_persistent_score=0.146845 sampling_entropy=6.235470
RG_SCORE round=480 layer=features.27 mean_q=0.140558 max_q=0.222771 fraction_q_positive=1.000000 sampling_entropy=6.234765 uniform_entropy=6.238325 entropy_gap=0.003560 max_probability_over_uniform=1.303242 min_probability_over_uniform=0.690851
RG_REMAP_SCORE round=480 layer=features.27 mode=persistent mean_q_current=0.140558 mean_q_previous=0.167083 mean_persistent_score=0.152772 sampling_entropy=6.234765
RG_SCORE round=480 layer=features.30 mean_q=0.124600 max_q=0.194050 fraction_q_positive=1.000000 sampling_entropy=6.234729 uniform_entropy=6.238325 entropy_gap=0.003596 max_probability_over_uniform=1.303423 min_probability_over_uniform=0.616673
RG_REMAP_SCORE round=480 layer=features.30 mode=persistent mean_q_current=0.124600 mean_q_previous=0.152356 mean_persistent_score=0.137240 sampling_entropy=6.234729
RG_SCORE round=480 layer=features.34 mean_q=0.264369 max_q=0.420387 fraction_q_positive=1.000000 sampling_entropy=6.232791 uniform_entropy=6.238325 entropy_gap=0.005534 max_probability_over_uniform=1.276083 min_probability_over_uniform=0.536720
RG_REMAP_SCORE round=480 layer=features.34 mode=persistent mean_q_current=0.264369 mean_q_previous=0.334419 mean_persistent_score=0.295480 sampling_entropy=6.232791
RG_SCORE round=480 layer=features.37 mean_q=0.284191 max_q=0.426063 fraction_q_positive=1.000000 sampling_entropy=6.232865 uniform_entropy=6.238325 entropy_gap=0.005460 max_probability_over_uniform=1.275943 min_probability_over_uniform=0.385436
RG_REMAP_SCORE round=480 layer=features.37 mode=persistent mean_q_current=0.284191 mean_q_previous=0.353822 mean_persistent_score=0.315273 sampling_entropy=6.232865
RG_SCORE round=480 layer=features.40 mean_q=0.212492 max_q=0.491945 fraction_q_positive=0.980469 sampling_entropy=6.195645 uniform_entropy=6.238325 entropy_gap=0.042679 max_probability_over_uniform=1.820192 min_probability_over_uniform=0.250000
RG_REMAP_SCORE round=480 layer=features.40 mode=persistent mean_q_current=0.212492 mean_q_previous=0.285606 mean_persistent_score=0.239422 sampling_entropy=6.195645
ROUND_ACCURACY method=FedPhoenixRG-Persistent round=480 accuracy=78.959999
********************************************************************************
Round 480
ROUND_ACCURACY method=FedPhoenixRG-Persistent round=481 accuracy=77.449997
********************************************************************************
Round 481
ROUND_ACCURACY method=FedPhoenixRG-Persistent round=482 accuracy=77.050003
********************************************************************************
Round 482
ROUND_ACCURACY method=FedPhoenixRG-Persistent round=483 accuracy=77.230003
********************************************************************************
Round 483
ROUND_ACCURACY method=FedPhoenixRG-Persistent round=484 accuracy=74.930000
********************************************************************************
Round 484
ROUND_ACCURACY method=FedPhoenixRG-Persistent round=485 accuracy=74.750000
********************************************************************************
Round 485
ROUND_ACCURACY method=FedPhoenixRG-Persistent round=486 accuracy=66.930000
********************************************************************************
Round 486
ROUND_ACCURACY method=FedPhoenixRG-Persistent round=487 accuracy=74.540001
********************************************************************************
Round 487
ROUND_ACCURACY method=FedPhoenixRG-Persistent round=488 accuracy=80.320000
********************************************************************************
Round 488
ROUND_ACCURACY method=FedPhoenixRG-Persistent round=489 accuracy=78.820000
********************************************************************************
Round 489
ROUND_ACCURACY method=FedPhoenixRG-Persistent round=490 accuracy=78.209999
********************************************************************************
Round 490
ROUND_ACCURACY method=FedPhoenixRG-Persistent round=491 accuracy=69.970001
********************************************************************************
Round 491
ROUND_ACCURACY method=FedPhoenixRG-Persistent round=492 accuracy=71.919998
********************************************************************************
Round 492
ROUND_ACCURACY method=FedPhoenixRG-Persistent round=493 accuracy=77.709999
********************************************************************************
Round 493
ROUND_ACCURACY method=FedPhoenixRG-Persistent round=494 accuracy=75.860001
********************************************************************************
Round 494
ROUND_ACCURACY method=FedPhoenixRG-Persistent round=495 accuracy=73.580002
********************************************************************************
Round 495
ROUND_ACCURACY method=FedPhoenixRG-Persistent round=496 accuracy=68.779999
********************************************************************************
Round 496
ROUND_ACCURACY method=FedPhoenixRG-Persistent round=497 accuracy=70.339996
********************************************************************************
Round 497
ROUND_ACCURACY method=FedPhoenixRG-Persistent round=498 accuracy=79.519997
********************************************************************************
Round 498
ROUND_ACCURACY method=FedPhoenixRG-Persistent round=499 accuracy=72.269997
********************************************************************************
Round 499
RG_SCORE round=500 layer=features.0 mean_q=0.073178 max_q=0.217799 fraction_q_positive=0.843750 sampling_entropy=3.920390 uniform_entropy=4.158883 entropy_gap=0.238493 max_probability_over_uniform=2.642817 min_probability_over_uniform=0.250000
RG_REMAP_SCORE round=500 layer=features.0 mode=persistent mean_q_current=0.073178 mean_q_previous=0.107863 mean_persistent_score=0.068096 sampling_entropy=3.920390
RG_SCORE round=500 layer=features.3 mean_q=0.100919 max_q=0.162155 fraction_q_positive=1.000000 sampling_entropy=4.149359 uniform_entropy=4.158883 entropy_gap=0.009524 max_probability_over_uniform=1.308879 min_probability_over_uniform=0.608067
RG_REMAP_SCORE round=500 layer=features.3 mode=persistent mean_q_current=0.100919 mean_q_previous=0.128424 mean_persistent_score=0.112097 sampling_entropy=4.149359
RG_SCORE round=500 layer=features.7 mean_q=0.107203 max_q=0.170846 fraction_q_positive=1.000000 sampling_entropy=4.844135 uniform_entropy=4.852030 entropy_gap=0.007895 max_probability_over_uniform=1.347424 min_probability_over_uniform=0.759351
RG_REMAP_SCORE round=500 layer=features.7 mode=persistent mean_q_current=0.107203 mean_q_previous=0.132908 mean_persistent_score=0.118326 sampling_entropy=4.844135
RG_SCORE round=500 layer=features.10 mean_q=0.107904 max_q=0.142965 fraction_q_positive=1.000000 sampling_entropy=4.848900 uniform_entropy=4.852030 entropy_gap=0.003130 max_probability_over_uniform=1.213068 min_probability_over_uniform=0.837777
RG_REMAP_SCORE round=500 layer=features.10 mode=persistent mean_q_current=0.107904 mean_q_previous=0.128629 mean_persistent_score=0.117323 sampling_entropy=4.848900
RG_SCORE round=500 layer=features.14 mean_q=0.111693 max_q=0.157007 fraction_q_positive=1.000000 sampling_entropy=5.542055 uniform_entropy=5.545177 entropy_gap=0.003122 max_probability_over_uniform=1.205462 min_probability_over_uniform=0.804880
RG_REMAP_SCORE round=500 layer=features.14 mode=persistent mean_q_current=0.111693 mean_q_previous=0.130378 mean_persistent_score=0.120104 sampling_entropy=5.542055
RG_SCORE round=500 layer=features.17 mean_q=0.107862 max_q=0.173833 fraction_q_positive=1.000000 sampling_entropy=5.541029 uniform_entropy=5.545177 entropy_gap=0.004148 max_probability_over_uniform=1.396174 min_probability_over_uniform=0.747432
RG_REMAP_SCORE round=500 layer=features.17 mode=persistent mean_q_current=0.107862 mean_q_previous=0.126628 mean_persistent_score=0.116424 sampling_entropy=5.541029
RG_SCORE round=500 layer=features.20 mean_q=0.097705 max_q=0.156998 fraction_q_positive=1.000000 sampling_entropy=5.541126 uniform_entropy=5.545177 entropy_gap=0.004052 max_probability_over_uniform=1.222759 min_probability_over_uniform=0.745069
RG_REMAP_SCORE round=500 layer=features.20 mode=persistent mean_q_current=0.097705 mean_q_previous=0.117953 mean_persistent_score=0.106928 sampling_entropy=5.541126
RG_SCORE round=500 layer=features.24 mean_q=0.106896 max_q=0.167684 fraction_q_positive=1.000000 sampling_entropy=6.231672 uniform_entropy=6.238325 entropy_gap=0.006653 max_probability_over_uniform=1.348983 min_probability_over_uniform=0.617898
RG_REMAP_SCORE round=500 layer=features.24 mode=persistent mean_q_current=0.106896 mean_q_previous=0.134723 mean_persistent_score=0.118992 sampling_entropy=6.231672
RG_SCORE round=500 layer=features.27 mean_q=0.109728 max_q=0.188823 fraction_q_positive=1.000000 sampling_entropy=6.229259 uniform_entropy=6.238325 entropy_gap=0.009065 max_probability_over_uniform=1.365278 min_probability_over_uniform=0.602129
RG_REMAP_SCORE round=500 layer=features.27 mode=persistent mean_q_current=0.109728 mean_q_previous=0.140558 mean_persistent_score=0.123174 sampling_entropy=6.229259
RG_SCORE round=500 layer=features.30 mean_q=0.091925 max_q=0.162214 fraction_q_positive=1.000000 sampling_entropy=6.226989 uniform_entropy=6.238325 entropy_gap=0.011336 max_probability_over_uniform=1.346115 min_probability_over_uniform=0.369386
RG_REMAP_SCORE round=500 layer=features.30 mode=persistent mean_q_current=0.091925 mean_q_previous=0.124600 mean_persistent_score=0.105619 sampling_entropy=6.226989
RG_SCORE round=500 layer=features.34 mean_q=0.192717 max_q=0.344223 fraction_q_positive=0.994141 sampling_entropy=6.219306 uniform_entropy=6.238325 entropy_gap=0.019018 max_probability_over_uniform=1.454749 min_probability_over_uniform=0.250000
RG_REMAP_SCORE round=500 layer=features.34 mode=persistent mean_q_current=0.192717 mean_q_previous=0.264369 mean_persistent_score=0.219769 sampling_entropy=6.219306
RG_SCORE round=500 layer=features.37 mean_q=0.172407 max_q=0.352205 fraction_q_positive=0.998047 sampling_entropy=6.219917 uniform_entropy=6.238325 entropy_gap=0.018408 max_probability_over_uniform=1.564324 min_probability_over_uniform=0.250000
RG_REMAP_SCORE round=500 layer=features.37 mode=persistent mean_q_current=0.172407 mean_q_previous=0.284191 mean_persistent_score=0.215387 sampling_entropy=6.219917
RG_SCORE round=500 layer=features.40 mean_q=0.101770 max_q=0.332717 fraction_q_positive=0.949219 sampling_entropy=6.151027 uniform_entropy=6.238325 entropy_gap=0.087298 max_probability_over_uniform=2.327263 min_probability_over_uniform=0.250000
RG_REMAP_SCORE round=500 layer=features.40 mode=persistent mean_q_current=0.101770 mean_q_previous=0.212492 mean_persistent_score=0.134450 sampling_entropy=6.151027
ROUND_ACCURACY method=FedPhoenixRG-Persistent round=500 accuracy=80.400002
********************************************************************************
Round 500
ROUND_ACCURACY method=FedPhoenixRG-Persistent round=501 accuracy=75.800003
********************************************************************************
Round 501
ROUND_ACCURACY method=FedPhoenixRG-Persistent round=502 accuracy=77.019997
********************************************************************************
Round 502
ROUND_ACCURACY method=FedPhoenixRG-Persistent round=503 accuracy=75.650002
********************************************************************************
Round 503
ROUND_ACCURACY method=FedPhoenixRG-Persistent round=504 accuracy=77.660004
********************************************************************************
Round 504
ROUND_ACCURACY method=FedPhoenixRG-Persistent round=505 accuracy=78.099998
********************************************************************************
Round 505
ROUND_ACCURACY method=FedPhoenixRG-Persistent round=506 accuracy=62.480000
********************************************************************************
Round 506
ROUND_ACCURACY method=FedPhoenixRG-Persistent round=507 accuracy=73.559998
********************************************************************************
Round 507
ROUND_ACCURACY method=FedPhoenixRG-Persistent round=508 accuracy=73.440002
********************************************************************************
Round 508
ROUND_ACCURACY method=FedPhoenixRG-Persistent round=509 accuracy=73.559998
********************************************************************************
Round 509
ROUND_ACCURACY method=FedPhoenixRG-Persistent round=510 accuracy=77.309998
********************************************************************************
Round 510
ROUND_ACCURACY method=FedPhoenixRG-Persistent round=511 accuracy=73.550003
********************************************************************************
Round 511
ROUND_ACCURACY method=FedPhoenixRG-Persistent round=512 accuracy=67.589996
********************************************************************************
Round 512
ROUND_ACCURACY method=FedPhoenixRG-Persistent round=513 accuracy=70.099998
********************************************************************************
Round 513
ROUND_ACCURACY method=FedPhoenixRG-Persistent round=514 accuracy=74.839996
********************************************************************************
Round 514
ROUND_ACCURACY method=FedPhoenixRG-Persistent round=515 accuracy=78.849998
********************************************************************************
Round 515
ROUND_ACCURACY method=FedPhoenixRG-Persistent round=516 accuracy=78.459999
********************************************************************************
Round 516
ROUND_ACCURACY method=FedPhoenixRG-Persistent round=517 accuracy=77.129997
********************************************************************************
Round 517
ROUND_ACCURACY method=FedPhoenixRG-Persistent round=518 accuracy=70.849998
********************************************************************************
Round 518
ROUND_ACCURACY method=FedPhoenixRG-Persistent round=519 accuracy=74.370003
********************************************************************************
Round 519
RG_SCORE round=520 layer=features.0 mean_q=0.108268 max_q=0.350896 fraction_q_positive=0.843750 sampling_entropy=3.939534 uniform_entropy=4.158883 entropy_gap=0.219349 max_probability_over_uniform=2.276560 min_probability_over_uniform=0.250000
RG_REMAP_SCORE round=520 layer=features.0 mode=persistent mean_q_current=0.108268 mean_q_previous=0.073178 mean_persistent_score=0.065294 sampling_entropy=3.939534
RG_SCORE round=520 layer=features.3 mean_q=0.092147 max_q=0.160180 fraction_q_positive=1.000000 sampling_entropy=4.145186 uniform_entropy=4.158883 entropy_gap=0.013697 max_probability_over_uniform=1.422290 min_probability_over_uniform=0.621210
RG_REMAP_SCORE round=520 layer=features.3 mode=persistent mean_q_current=0.092147 mean_q_previous=0.100919 mean_persistent_score=0.094641 sampling_entropy=4.145186
RG_SCORE round=520 layer=features.7 mean_q=0.108418 max_q=0.214534 fraction_q_positive=1.000000 sampling_entropy=4.845122 uniform_entropy=4.852030 entropy_gap=0.006908 max_probability_over_uniform=1.419029 min_probability_over_uniform=0.757032
RG_REMAP_SCORE round=520 layer=features.7 mode=persistent mean_q_current=0.108418 mean_q_previous=0.107203 mean_persistent_score=0.106645 sampling_entropy=4.845122
RG_SCORE round=520 layer=features.10 mean_q=0.111714 max_q=0.148803 fraction_q_positive=1.000000 sampling_entropy=4.848683 uniform_entropy=4.852030 entropy_gap=0.003347 max_probability_over_uniform=1.213066 min_probability_over_uniform=0.795926
RG_REMAP_SCORE round=520 layer=features.10 mode=persistent mean_q_current=0.111714 mean_q_previous=0.107904 mean_persistent_score=0.109398 sampling_entropy=4.848683
RG_SCORE round=520 layer=features.14 mean_q=0.119841 max_q=0.174029 fraction_q_positive=1.000000 sampling_entropy=5.542047 uniform_entropy=5.545177 entropy_gap=0.003131 max_probability_over_uniform=1.292649 min_probability_over_uniform=0.789816
RG_REMAP_SCORE round=520 layer=features.14 mode=persistent mean_q_current=0.119841 mean_q_previous=0.111693 mean_persistent_score=0.115294 sampling_entropy=5.542047
RG_SCORE round=520 layer=features.17 mean_q=0.114395 max_q=0.165568 fraction_q_positive=1.000000 sampling_entropy=5.540221 uniform_entropy=5.545177 entropy_gap=0.004956 max_probability_over_uniform=1.393698 min_probability_over_uniform=0.752042
RG_REMAP_SCORE round=520 layer=features.17 mode=persistent mean_q_current=0.114395 mean_q_previous=0.107862 mean_persistent_score=0.110754 sampling_entropy=5.540221
RG_SCORE round=520 layer=features.20 mean_q=0.101590 max_q=0.142371 fraction_q_positive=1.000000 sampling_entropy=5.541113 uniform_entropy=5.545177 entropy_gap=0.004065 max_probability_over_uniform=1.319125 min_probability_over_uniform=0.755320
RG_REMAP_SCORE round=520 layer=features.20 mode=persistent mean_q_current=0.101590 mean_q_previous=0.097705 mean_persistent_score=0.099161 sampling_entropy=5.541113
RG_SCORE round=520 layer=features.24 mean_q=0.118404 max_q=0.183063 fraction_q_positive=1.000000 sampling_entropy=6.229314 uniform_entropy=6.238325 entropy_gap=0.009010 max_probability_over_uniform=1.360915 min_probability_over_uniform=0.427236
RG_REMAP_SCORE round=520 layer=features.24 mode=persistent mean_q_current=0.118404 mean_q_previous=0.106896 mean_persistent_score=0.111444 sampling_entropy=6.229314
RG_SCORE round=520 layer=features.27 mean_q=0.123953 max_q=0.201322 fraction_q_positive=1.000000 sampling_entropy=6.227099 uniform_entropy=6.238325 entropy_gap=0.011226 max_probability_over_uniform=1.412425 min_probability_over_uniform=0.465645
RG_REMAP_SCORE round=520 layer=features.27 mode=persistent mean_q_current=0.123953 mean_q_previous=0.109728 mean_persistent_score=0.115474 sampling_entropy=6.227099
RG_SCORE round=520 layer=features.30 mean_q=0.101842 max_q=0.162471 fraction_q_positive=0.998047 sampling_entropy=6.222395 uniform_entropy=6.238325 entropy_gap=0.015930 max_probability_over_uniform=1.432453 min_probability_over_uniform=0.250000
RG_REMAP_SCORE round=520 layer=features.30 mode=persistent mean_q_current=0.101842 mean_q_previous=0.091925 mean_persistent_score=0.095268 sampling_entropy=6.222395
RG_SCORE round=520 layer=features.34 mean_q=0.215472 max_q=0.421056 fraction_q_positive=0.962891 sampling_entropy=6.192570 uniform_entropy=6.238325 entropy_gap=0.045755 max_probability_over_uniform=1.553164 min_probability_over_uniform=0.250000
RG_REMAP_SCORE round=520 layer=features.34 mode=persistent mean_q_current=0.215472 mean_q_previous=0.192717 mean_persistent_score=0.193561 sampling_entropy=6.192570
RG_SCORE round=520 layer=features.37 mean_q=0.180470 max_q=0.414337 fraction_q_positive=0.976562 sampling_entropy=6.194013 uniform_entropy=6.238325 entropy_gap=0.044311 max_probability_over_uniform=1.660803 min_probability_over_uniform=0.250000
RG_REMAP_SCORE round=520 layer=features.37 mode=persistent mean_q_current=0.180470 mean_q_previous=0.172407 mean_persistent_score=0.167030 sampling_entropy=6.194013
RG_SCORE round=520 layer=features.40 mean_q=0.111277 max_q=0.355842 fraction_q_positive=0.882812 sampling_entropy=6.089969 uniform_entropy=6.238325 entropy_gap=0.148355 max_probability_over_uniform=2.601059 min_probability_over_uniform=0.250000
RG_REMAP_SCORE round=520 layer=features.40 mode=persistent mean_q_current=0.111277 mean_q_previous=0.101770 mean_persistent_score=0.089761 sampling_entropy=6.089969
ROUND_ACCURACY method=FedPhoenixRG-Persistent round=520 accuracy=78.360001
********************************************************************************
Round 520
ROUND_ACCURACY method=FedPhoenixRG-Persistent round=521 accuracy=75.110001
********************************************************************************
Round 521
ROUND_ACCURACY method=FedPhoenixRG-Persistent round=522 accuracy=73.309998
********************************************************************************
Round 522
ROUND_ACCURACY method=FedPhoenixRG-Persistent round=523 accuracy=61.689999
********************************************************************************
Round 523
ROUND_ACCURACY method=FedPhoenixRG-Persistent round=524 accuracy=75.620003
********************************************************************************
Round 524
ROUND_ACCURACY method=FedPhoenixRG-Persistent round=525 accuracy=75.199997
********************************************************************************
Round 525
ROUND_ACCURACY method=FedPhoenixRG-Persistent round=526 accuracy=75.760002
********************************************************************************
Round 526
ROUND_ACCURACY method=FedPhoenixRG-Persistent round=527 accuracy=69.199997
********************************************************************************
Round 527
ROUND_ACCURACY method=FedPhoenixRG-Persistent round=528 accuracy=70.349998
********************************************************************************
Round 528
ROUND_ACCURACY method=FedPhoenixRG-Persistent round=529 accuracy=77.419998
********************************************************************************
Round 529
ROUND_ACCURACY method=FedPhoenixRG-Persistent round=530 accuracy=77.919998
********************************************************************************
Round 530
ROUND_ACCURACY method=FedPhoenixRG-Persistent round=531 accuracy=63.990002
********************************************************************************
Round 531
ROUND_ACCURACY method=FedPhoenixRG-Persistent round=532 accuracy=72.510002
********************************************************************************
Round 532
ROUND_ACCURACY method=FedPhoenixRG-Persistent round=533 accuracy=67.430000
********************************************************************************
Round 533
ROUND_ACCURACY method=FedPhoenixRG-Persistent round=534 accuracy=75.080002
********************************************************************************
Round 534
ROUND_ACCURACY method=FedPhoenixRG-Persistent round=535 accuracy=76.199997
********************************************************************************
Round 535
ROUND_ACCURACY method=FedPhoenixRG-Persistent round=536 accuracy=77.239998
********************************************************************************
Round 536
ROUND_ACCURACY method=FedPhoenixRG-Persistent round=537 accuracy=77.239998
********************************************************************************
Round 537
ROUND_ACCURACY method=FedPhoenixRG-Persistent round=538 accuracy=79.959999
********************************************************************************
Round 538
ROUND_ACCURACY method=FedPhoenixRG-Persistent round=539 accuracy=81.389999
********************************************************************************
Round 539
RG_SCORE round=540 layer=features.0 mean_q=0.098730 max_q=0.240662 fraction_q_positive=0.890625 sampling_entropy=3.944045 uniform_entropy=4.158883 entropy_gap=0.214838 max_probability_over_uniform=2.472553 min_probability_over_uniform=0.250000
RG_REMAP_SCORE round=540 layer=features.0 mode=persistent mean_q_current=0.098730 mean_q_previous=0.108268 mean_persistent_score=0.076629 sampling_entropy=3.944045
RG_SCORE round=540 layer=features.3 mean_q=0.100722 max_q=0.158082 fraction_q_positive=1.000000 sampling_entropy=4.148866 uniform_entropy=4.158883 entropy_gap=0.010017 max_probability_over_uniform=1.358494 min_probability_over_uniform=0.665721
RG_REMAP_SCORE round=540 layer=features.3 mode=persistent mean_q_current=0.100722 mean_q_previous=0.092147 mean_persistent_score=0.094027 sampling_entropy=4.148866
RG_SCORE round=540 layer=features.7 mean_q=0.101051 max_q=0.160034 fraction_q_positive=1.000000 sampling_entropy=4.844916 uniform_entropy=4.852030 entropy_gap=0.007114 max_probability_over_uniform=1.427093 min_probability_over_uniform=0.742276
RG_REMAP_SCORE round=540 layer=features.7 mode=persistent mean_q_current=0.101051 mean_q_previous=0.108418 mean_persistent_score=0.103505 sampling_entropy=4.844916
RG_SCORE round=540 layer=features.10 mean_q=0.100927 max_q=0.137160 fraction_q_positive=1.000000 sampling_entropy=4.848828 uniform_entropy=4.852030 entropy_gap=0.003203 max_probability_over_uniform=1.230657 min_probability_over_uniform=0.789898
RG_REMAP_SCORE round=540 layer=features.10 mode=persistent mean_q_current=0.100927 mean_q_previous=0.111714 mean_persistent_score=0.105761 sampling_entropy=4.848828
RG_SCORE round=540 layer=features.14 mean_q=0.106557 max_q=0.159512 fraction_q_positive=1.000000 sampling_entropy=5.541825 uniform_entropy=5.545177 entropy_gap=0.003353 max_probability_over_uniform=1.279471 min_probability_over_uniform=0.777467
RG_REMAP_SCORE round=540 layer=features.14 mode=persistent mean_q_current=0.106557 mean_q_previous=0.119841 mean_persistent_score=0.112605 sampling_entropy=5.541825
RG_SCORE round=540 layer=features.17 mean_q=0.104990 max_q=0.155740 fraction_q_positive=1.000000 sampling_entropy=5.540960 uniform_entropy=5.545177 entropy_gap=0.004218 max_probability_over_uniform=1.268800 min_probability_over_uniform=0.713920
RG_REMAP_SCORE round=540 layer=features.17 mode=persistent mean_q_current=0.104990 mean_q_previous=0.114395 mean_persistent_score=0.109196 sampling_entropy=5.540960
RG_SCORE round=540 layer=features.20 mean_q=0.098316 max_q=0.130322 fraction_q_positive=1.000000 sampling_entropy=5.541907 uniform_entropy=5.545177 entropy_gap=0.003270 max_probability_over_uniform=1.230066 min_probability_over_uniform=0.770997
RG_REMAP_SCORE round=540 layer=features.20 mode=persistent mean_q_current=0.098316 mean_q_previous=0.101590 mean_persistent_score=0.099537 sampling_entropy=5.541907
RG_SCORE round=540 layer=features.24 mean_q=0.116892 max_q=0.171516 fraction_q_positive=1.000000 sampling_entropy=6.231864 uniform_entropy=6.238325 entropy_gap=0.006461 max_probability_over_uniform=1.380116 min_probability_over_uniform=0.430943
RG_REMAP_SCORE round=540 layer=features.24 mode=persistent mean_q_current=0.116892 mean_q_previous=0.118404 mean_persistent_score=0.116764 sampling_entropy=6.231864
RG_SCORE round=540 layer=features.27 mean_q=0.126795 max_q=0.191731 fraction_q_positive=1.000000 sampling_entropy=6.229006 uniform_entropy=6.238325 entropy_gap=0.009318 max_probability_over_uniform=1.435890 min_probability_over_uniform=0.556836
RG_REMAP_SCORE round=540 layer=features.27 mode=persistent mean_q_current=0.126795 mean_q_previous=0.123953 mean_persistent_score=0.124254 sampling_entropy=6.229006
RG_SCORE round=540 layer=features.30 mean_q=0.112025 max_q=0.175405 fraction_q_positive=1.000000 sampling_entropy=6.228737 uniform_entropy=6.238325 entropy_gap=0.009587 max_probability_over_uniform=1.341460 min_probability_over_uniform=0.250000
RG_REMAP_SCORE round=540 layer=features.30 mode=persistent mean_q_current=0.112025 mean_q_previous=0.101842 mean_persistent_score=0.105669 sampling_entropy=6.228737
RG_SCORE round=540 layer=features.34 mean_q=0.243799 max_q=0.366540 fraction_q_positive=1.000000 sampling_entropy=6.204623 uniform_entropy=6.238325 entropy_gap=0.033702 max_probability_over_uniform=1.420768 min_probability_over_uniform=0.250000
RG_REMAP_SCORE round=540 layer=features.34 mode=persistent mean_q_current=0.243799 mean_q_previous=0.215472 mean_persistent_score=0.219835 sampling_entropy=6.204623
RG_SCORE round=540 layer=features.37 mean_q=0.262350 max_q=0.391234 fraction_q_positive=1.000000 sampling_entropy=6.206167 uniform_entropy=6.238325 entropy_gap=0.032157 max_probability_over_uniform=1.696663 min_probability_over_uniform=0.250000
RG_REMAP_SCORE round=540 layer=features.37 mode=persistent mean_q_current=0.262350 mean_q_previous=0.180470 mean_persistent_score=0.208732 sampling_entropy=6.206167
RG_SCORE round=540 layer=features.40 mean_q=0.213564 max_q=0.467522 fraction_q_positive=1.000000 sampling_entropy=6.130270 uniform_entropy=6.238325 entropy_gap=0.108054 max_probability_over_uniform=2.145903 min_probability_over_uniform=0.250000
RG_REMAP_SCORE round=540 layer=features.40 mode=persistent mean_q_current=0.213564 mean_q_previous=0.111277 mean_persistent_score=0.134332 sampling_entropy=6.130270
ROUND_ACCURACY method=FedPhoenixRG-Persistent round=540 accuracy=69.260002
********************************************************************************
Round 540
ROUND_ACCURACY method=FedPhoenixRG-Persistent round=541 accuracy=68.389999
********************************************************************************
Round 541
ROUND_ACCURACY method=FedPhoenixRG-Persistent round=542 accuracy=72.790001
********************************************************************************
Round 542
ROUND_ACCURACY method=FedPhoenixRG-Persistent round=543 accuracy=73.070000
********************************************************************************
Round 543
ROUND_ACCURACY method=FedPhoenixRG-Persistent round=544 accuracy=69.919998
********************************************************************************
Round 544
ROUND_ACCURACY method=FedPhoenixRG-Persistent round=545 accuracy=77.139999
********************************************************************************
Round 545
ROUND_ACCURACY method=FedPhoenixRG-Persistent round=546 accuracy=77.489998
********************************************************************************
Round 546
ROUND_ACCURACY method=FedPhoenixRG-Persistent round=547 accuracy=69.529999
********************************************************************************
Round 547
ROUND_ACCURACY method=FedPhoenixRG-Persistent round=548 accuracy=67.750000
********************************************************************************
Round 548
ROUND_ACCURACY method=FedPhoenixRG-Persistent round=549 accuracy=64.889999
********************************************************************************
Round 549
ROUND_ACCURACY method=FedPhoenixRG-Persistent round=550 accuracy=78.089996
********************************************************************************
Round 550
ROUND_ACCURACY method=FedPhoenixRG-Persistent round=551 accuracy=77.059998
********************************************************************************
Round 551
ROUND_ACCURACY method=FedPhoenixRG-Persistent round=552 accuracy=79.620003
********************************************************************************
Round 552
ROUND_ACCURACY method=FedPhoenixRG-Persistent round=553 accuracy=79.400002
********************************************************************************
Round 553
ROUND_ACCURACY method=FedPhoenixRG-Persistent round=554 accuracy=75.820000
********************************************************************************
Round 554
ROUND_ACCURACY method=FedPhoenixRG-Persistent round=555 accuracy=77.959999
********************************************************************************
Round 555
ROUND_ACCURACY method=FedPhoenixRG-Persistent round=556 accuracy=75.510002
********************************************************************************
Round 556
ROUND_ACCURACY method=FedPhoenixRG-Persistent round=557 accuracy=74.150002
********************************************************************************
Round 557
ROUND_ACCURACY method=FedPhoenixRG-Persistent round=558 accuracy=79.110001
********************************************************************************
Round 558
ROUND_ACCURACY method=FedPhoenixRG-Persistent round=559 accuracy=77.519997
********************************************************************************
Round 559
RG_SCORE round=560 layer=features.0 mean_q=0.069124 max_q=0.247852 fraction_q_positive=0.812500 sampling_entropy=3.923879 uniform_entropy=4.158883 entropy_gap=0.235004 max_probability_over_uniform=2.575276 min_probability_over_uniform=0.250000
RG_REMAP_SCORE round=560 layer=features.0 mode=persistent mean_q_current=0.069124 mean_q_previous=0.098730 mean_persistent_score=0.058875 sampling_entropy=3.923879
RG_SCORE round=560 layer=features.3 mean_q=0.074526 max_q=0.136829 fraction_q_positive=1.000000 sampling_entropy=4.148269 uniform_entropy=4.158883 entropy_gap=0.010614 max_probability_over_uniform=1.306758 min_probability_over_uniform=0.621386
RG_REMAP_SCORE round=560 layer=features.3 mode=persistent mean_q_current=0.074526 mean_q_previous=0.100722 mean_persistent_score=0.084710 sampling_entropy=4.148269
RG_SCORE round=560 layer=features.7 mean_q=0.092465 max_q=0.142161 fraction_q_positive=1.000000 sampling_entropy=4.845449 uniform_entropy=4.852030 entropy_gap=0.006581 max_probability_over_uniform=1.367418 min_probability_over_uniform=0.716483
RG_REMAP_SCORE round=560 layer=features.7 mode=persistent mean_q_current=0.092465 mean_q_previous=0.101051 mean_persistent_score=0.095780 sampling_entropy=4.845449
RG_SCORE round=560 layer=features.10 mean_q=0.087744 max_q=0.121732 fraction_q_positive=1.000000 sampling_entropy=4.849139 uniform_entropy=4.852030 entropy_gap=0.002891 max_probability_over_uniform=1.213268 min_probability_over_uniform=0.807540
RG_REMAP_SCORE round=560 layer=features.10 mode=persistent mean_q_current=0.087744 mean_q_previous=0.100927 mean_persistent_score=0.093660 sampling_entropy=4.849139
RG_SCORE round=560 layer=features.14 mean_q=0.089558 max_q=0.128858 fraction_q_positive=1.000000 sampling_entropy=5.540607 uniform_entropy=5.545177 entropy_gap=0.004571 max_probability_over_uniform=1.304753 min_probability_over_uniform=0.610897
RG_REMAP_SCORE round=560 layer=features.14 mode=persistent mean_q_current=0.089558 mean_q_previous=0.106557 mean_persistent_score=0.097215 sampling_entropy=5.540607
RG_SCORE round=560 layer=features.17 mean_q=0.087186 max_q=0.137736 fraction_q_positive=1.000000 sampling_entropy=5.540246 uniform_entropy=5.545177 entropy_gap=0.004932 max_probability_over_uniform=1.285436 min_probability_over_uniform=0.769811
RG_REMAP_SCORE round=560 layer=features.17 mode=persistent mean_q_current=0.087186 mean_q_previous=0.104990 mean_persistent_score=0.095236 sampling_entropy=5.540246
RG_SCORE round=560 layer=features.20 mean_q=0.075716 max_q=0.119591 fraction_q_positive=1.000000 sampling_entropy=5.541192 uniform_entropy=5.545177 entropy_gap=0.003986 max_probability_over_uniform=1.275499 min_probability_over_uniform=0.801892
RG_REMAP_SCORE round=560 layer=features.20 mode=persistent mean_q_current=0.075716 mean_q_previous=0.098316 mean_persistent_score=0.085862 sampling_entropy=5.541192
RG_SCORE round=560 layer=features.24 mean_q=0.090200 max_q=0.157726 fraction_q_positive=1.000000 sampling_entropy=6.229955 uniform_entropy=6.238325 entropy_gap=0.008369 max_probability_over_uniform=1.364903 min_probability_over_uniform=0.641665
RG_REMAP_SCORE round=560 layer=features.24 mode=persistent mean_q_current=0.090200 mean_q_previous=0.116892 mean_persistent_score=0.101740 sampling_entropy=6.229955
RG_SCORE round=560 layer=features.27 mean_q=0.094316 max_q=0.162520 fraction_q_positive=1.000000 sampling_entropy=6.227588 uniform_entropy=6.238325 entropy_gap=0.010737 max_probability_over_uniform=1.419460 min_probability_over_uniform=0.538304
RG_REMAP_SCORE round=560 layer=features.27 mode=persistent mean_q_current=0.094316 mean_q_previous=0.126795 mean_persistent_score=0.108416 sampling_entropy=6.227588
RG_SCORE round=560 layer=features.30 mean_q=0.078986 max_q=0.137379 fraction_q_positive=1.000000 sampling_entropy=6.229069 uniform_entropy=6.238325 entropy_gap=0.009256 max_probability_over_uniform=1.419514 min_probability_over_uniform=0.571432
RG_REMAP_SCORE round=560 layer=features.30 mode=persistent mean_q_current=0.078986 mean_q_previous=0.112025 mean_persistent_score=0.093236 sampling_entropy=6.229069
RG_SCORE round=560 layer=features.34 mean_q=0.168807 max_q=0.316457 fraction_q_positive=0.994141 sampling_entropy=6.218188 uniform_entropy=6.238325 entropy_gap=0.020137 max_probability_over_uniform=1.477036 min_probability_over_uniform=0.250000
RG_REMAP_SCORE round=560 layer=features.34 mode=persistent mean_q_current=0.168807 mean_q_previous=0.243799 mean_persistent_score=0.198099 sampling_entropy=6.218188
RG_SCORE round=560 layer=features.37 mean_q=0.163962 max_q=0.313551 fraction_q_positive=0.996094 sampling_entropy=6.220179 uniform_entropy=6.238325 entropy_gap=0.018146 max_probability_over_uniform=1.473603 min_probability_over_uniform=0.250000
RG_REMAP_SCORE round=560 layer=features.37 mode=persistent mean_q_current=0.163962 mean_q_previous=0.262350 mean_persistent_score=0.202746 sampling_entropy=6.220179
RG_SCORE round=560 layer=features.40 mean_q=0.094569 max_q=0.272777 fraction_q_positive=0.968750 sampling_entropy=6.179817 uniform_entropy=6.238325 entropy_gap=0.058508 max_probability_over_uniform=1.859617 min_probability_over_uniform=0.250000
RG_REMAP_SCORE round=560 layer=features.40 mode=persistent mean_q_current=0.094569 mean_q_previous=0.213564 mean_persistent_score=0.134360 sampling_entropy=6.179817
ROUND_ACCURACY method=FedPhoenixRG-Persistent round=560 accuracy=70.660004
********************************************************************************
Round 560
ROUND_ACCURACY method=FedPhoenixRG-Persistent round=561 accuracy=78.970001
********************************************************************************
Round 561
ROUND_ACCURACY method=FedPhoenixRG-Persistent round=562 accuracy=77.519997
********************************************************************************
Round 562
ROUND_ACCURACY method=FedPhoenixRG-Persistent round=563 accuracy=73.019997
********************************************************************************
Round 563
ROUND_ACCURACY method=FedPhoenixRG-Persistent round=564 accuracy=76.529999
********************************************************************************
Round 564
ROUND_ACCURACY method=FedPhoenixRG-Persistent round=565 accuracy=80.279999
********************************************************************************
Round 565
ROUND_ACCURACY method=FedPhoenixRG-Persistent round=566 accuracy=73.949997
********************************************************************************
Round 566
ROUND_ACCURACY method=FedPhoenixRG-Persistent round=567 accuracy=75.889999
********************************************************************************
Round 567
ROUND_ACCURACY method=FedPhoenixRG-Persistent round=568 accuracy=69.300003
********************************************************************************
Round 568
ROUND_ACCURACY method=FedPhoenixRG-Persistent round=569 accuracy=68.050003
********************************************************************************
Round 569
ROUND_ACCURACY method=FedPhoenixRG-Persistent round=570 accuracy=81.029999
********************************************************************************
Round 570
ROUND_ACCURACY method=FedPhoenixRG-Persistent round=571 accuracy=65.849998
********************************************************************************
Round 571
ROUND_ACCURACY method=FedPhoenixRG-Persistent round=572 accuracy=68.500000
********************************************************************************
Round 572
ROUND_ACCURACY method=FedPhoenixRG-Persistent round=573 accuracy=80.459999
********************************************************************************
Round 573
ROUND_ACCURACY method=FedPhoenixRG-Persistent round=574 accuracy=81.779999
********************************************************************************
Round 574
ROUND_ACCURACY method=FedPhoenixRG-Persistent round=575 accuracy=69.209999
********************************************************************************
Round 575
ROUND_ACCURACY method=FedPhoenixRG-Persistent round=576 accuracy=70.940002
********************************************************************************
Round 576
ROUND_ACCURACY method=FedPhoenixRG-Persistent round=577 accuracy=80.260002
********************************************************************************
Round 577
ROUND_ACCURACY method=FedPhoenixRG-Persistent round=578 accuracy=72.989998
********************************************************************************
Round 578
ROUND_ACCURACY method=FedPhoenixRG-Persistent round=579 accuracy=61.130001
********************************************************************************
Round 579
RG_SCORE round=580 layer=features.0 mean_q=0.079725 max_q=0.258899 fraction_q_positive=0.859375 sampling_entropy=3.904855 uniform_entropy=4.158883 entropy_gap=0.254028 max_probability_over_uniform=2.587381 min_probability_over_uniform=0.250000
RG_REMAP_SCORE round=580 layer=features.0 mode=persistent mean_q_current=0.079725 mean_q_previous=0.069124 mean_persistent_score=0.054904 sampling_entropy=3.904855
RG_SCORE round=580 layer=features.3 mean_q=0.078393 max_q=0.122523 fraction_q_positive=1.000000 sampling_entropy=4.148107 uniform_entropy=4.158883 entropy_gap=0.010776 max_probability_over_uniform=1.299369 min_probability_over_uniform=0.648524
RG_REMAP_SCORE round=580 layer=features.3 mode=persistent mean_q_current=0.078393 mean_q_previous=0.074526 mean_persistent_score=0.074578 sampling_entropy=4.148107
RG_SCORE round=580 layer=features.7 mean_q=0.081355 max_q=0.143279 fraction_q_positive=1.000000 sampling_entropy=4.845912 uniform_entropy=4.852030 entropy_gap=0.006118 max_probability_over_uniform=1.401129 min_probability_over_uniform=0.734769
RG_REMAP_SCORE round=580 layer=features.7 mode=persistent mean_q_current=0.081355 mean_q_previous=0.092465 mean_persistent_score=0.085817 sampling_entropy=4.845912
RG_SCORE round=580 layer=features.10 mean_q=0.082953 max_q=0.122058 fraction_q_positive=1.000000 sampling_entropy=4.848650 uniform_entropy=4.852030 entropy_gap=0.003380 max_probability_over_uniform=1.226658 min_probability_over_uniform=0.760777
RG_REMAP_SCORE round=580 layer=features.10 mode=persistent mean_q_current=0.082953 mean_q_previous=0.087744 mean_persistent_score=0.084892 sampling_entropy=4.848650
RG_SCORE round=580 layer=features.14 mean_q=0.087366 max_q=0.137987 fraction_q_positive=1.000000 sampling_entropy=5.539839 uniform_entropy=5.545177 entropy_gap=0.005338 max_probability_over_uniform=1.369541 min_probability_over_uniform=0.633635
RG_REMAP_SCORE round=580 layer=features.14 mode=persistent mean_q_current=0.087366 mean_q_previous=0.089558 mean_persistent_score=0.087872 sampling_entropy=5.539839
RG_SCORE round=580 layer=features.17 mean_q=0.086986 max_q=0.144800 fraction_q_positive=1.000000 sampling_entropy=5.539067 uniform_entropy=5.545177 entropy_gap=0.006110 max_probability_over_uniform=1.400578 min_probability_over_uniform=0.772929
RG_REMAP_SCORE round=580 layer=features.17 mode=persistent mean_q_current=0.086986 mean_q_previous=0.087186 mean_persistent_score=0.086673 sampling_entropy=5.539067
RG_SCORE round=580 layer=features.20 mean_q=0.073295 max_q=0.105294 fraction_q_positive=1.000000 sampling_entropy=5.540039 uniform_entropy=5.545177 entropy_gap=0.005139 max_probability_over_uniform=1.343007 min_probability_over_uniform=0.677827
RG_REMAP_SCORE round=580 layer=features.20 mode=persistent mean_q_current=0.073295 mean_q_previous=0.075716 mean_persistent_score=0.073992 sampling_entropy=5.540039
RG_SCORE round=580 layer=features.24 mean_q=0.092823 max_q=0.161147 fraction_q_positive=1.000000 sampling_entropy=6.222910 uniform_entropy=6.238325 entropy_gap=0.015414 max_probability_over_uniform=1.486263 min_probability_over_uniform=0.468067
RG_REMAP_SCORE round=580 layer=features.24 mode=persistent mean_q_current=0.092823 mean_q_previous=0.090200 mean_persistent_score=0.089800 sampling_entropy=6.222910
RG_SCORE round=580 layer=features.27 mean_q=0.106916 max_q=0.201676 fraction_q_positive=1.000000 sampling_entropy=6.223691 uniform_entropy=6.238325 entropy_gap=0.014634 max_probability_over_uniform=1.487286 min_probability_over_uniform=0.499492
RG_REMAP_SCORE round=580 layer=features.27 mode=persistent mean_q_current=0.106916 mean_q_previous=0.094316 mean_persistent_score=0.098614 sampling_entropy=6.223691
RG_SCORE round=580 layer=features.30 mean_q=0.093763 max_q=0.156732 fraction_q_positive=1.000000 sampling_entropy=6.225885 uniform_entropy=6.238325 entropy_gap=0.012440 max_probability_over_uniform=1.451139 min_probability_over_uniform=0.590802
RG_REMAP_SCORE round=580 layer=features.30 mode=persistent mean_q_current=0.093763 mean_q_previous=0.078986 mean_persistent_score=0.084512 sampling_entropy=6.225885
RG_SCORE round=580 layer=features.34 mean_q=0.215260 max_q=0.388688 fraction_q_positive=1.000000 sampling_entropy=6.209471 uniform_entropy=6.238325 entropy_gap=0.028853 max_probability_over_uniform=1.567595 min_probability_over_uniform=0.250000
RG_REMAP_SCORE round=580 layer=features.34 mode=persistent mean_q_current=0.215260 mean_q_previous=0.168807 mean_persistent_score=0.184340 sampling_entropy=6.209471
RG_SCORE round=580 layer=features.37 mean_q=0.191648 max_q=0.362467 fraction_q_positive=0.992188 sampling_entropy=6.206054 uniform_entropy=6.238325 entropy_gap=0.032271 max_probability_over_uniform=1.585444 min_probability_over_uniform=0.250000
RG_REMAP_SCORE round=580 layer=features.37 mode=persistent mean_q_current=0.191648 mean_q_previous=0.163962 mean_persistent_score=0.169665 sampling_entropy=6.206054
RG_SCORE round=580 layer=features.40 mean_q=0.114955 max_q=0.356294 fraction_q_positive=0.919922 sampling_entropy=6.128296 uniform_entropy=6.238325 entropy_gap=0.110028 max_probability_over_uniform=2.409979 min_probability_over_uniform=0.250000
RG_REMAP_SCORE round=580 layer=features.40 mode=persistent mean_q_current=0.114955 mean_q_previous=0.094569 mean_persistent_score=0.092484 sampling_entropy=6.128296
ROUND_ACCURACY method=FedPhoenixRG-Persistent round=580 accuracy=80.180000
********************************************************************************
Round 580
ROUND_ACCURACY method=FedPhoenixRG-Persistent round=581 accuracy=80.150002
********************************************************************************
Round 581
ROUND_ACCURACY method=FedPhoenixRG-Persistent round=582 accuracy=78.000000
********************************************************************************
Round 582
ROUND_ACCURACY method=FedPhoenixRG-Persistent round=583 accuracy=76.360001
********************************************************************************
Round 583
ROUND_ACCURACY method=FedPhoenixRG-Persistent round=584 accuracy=77.879997
********************************************************************************
Round 584
ROUND_ACCURACY method=FedPhoenixRG-Persistent round=585 accuracy=78.239998
********************************************************************************
Round 585
ROUND_ACCURACY method=FedPhoenixRG-Persistent round=586 accuracy=78.250000
********************************************************************************
Round 586
ROUND_ACCURACY method=FedPhoenixRG-Persistent round=587 accuracy=66.599998
********************************************************************************
Round 587
ROUND_ACCURACY method=FedPhoenixRG-Persistent round=588 accuracy=67.720001
********************************************************************************
Round 588
ROUND_ACCURACY method=FedPhoenixRG-Persistent round=589 accuracy=77.680000
********************************************************************************
Round 589
ROUND_ACCURACY method=FedPhoenixRG-Persistent round=590 accuracy=78.209999
********************************************************************************
Round 590
ROUND_ACCURACY method=FedPhoenixRG-Persistent round=591 accuracy=61.610001
********************************************************************************
Round 591
ROUND_ACCURACY method=FedPhoenixRG-Persistent round=592 accuracy=64.419998
********************************************************************************
Round 592
ROUND_ACCURACY method=FedPhoenixRG-Persistent round=593 accuracy=80.279999
********************************************************************************
Round 593
ROUND_ACCURACY method=FedPhoenixRG-Persistent round=594 accuracy=73.470001
********************************************************************************
Round 594
ROUND_ACCURACY method=FedPhoenixRG-Persistent round=595 accuracy=78.459999
********************************************************************************
Round 595
ROUND_ACCURACY method=FedPhoenixRG-Persistent round=596 accuracy=77.559998
********************************************************************************
Round 596
ROUND_ACCURACY method=FedPhoenixRG-Persistent round=597 accuracy=77.629997
********************************************************************************
Round 597
ROUND_ACCURACY method=FedPhoenixRG-Persistent round=598 accuracy=68.250000
********************************************************************************
Round 598
ROUND_ACCURACY method=FedPhoenixRG-Persistent round=599 accuracy=75.169998
********************************************************************************
Round 599
RG_SCORE round=600 layer=features.0 mean_q=0.096399 max_q=0.316576 fraction_q_positive=0.843750 sampling_entropy=3.906486 uniform_entropy=4.158883 entropy_gap=0.252397 max_probability_over_uniform=2.523564 min_probability_over_uniform=0.250000
RG_REMAP_SCORE round=600 layer=features.0 mode=persistent mean_q_current=0.096399 mean_q_previous=0.079725 mean_persistent_score=0.060943 sampling_entropy=3.906486
RG_SCORE round=600 layer=features.3 mean_q=0.078720 max_q=0.167430 fraction_q_positive=0.968750 sampling_entropy=4.121213 uniform_entropy=4.158883 entropy_gap=0.037670 max_probability_over_uniform=1.532938 min_probability_over_uniform=0.250000
RG_REMAP_SCORE round=600 layer=features.3 mode=persistent mean_q_current=0.078720 mean_q_previous=0.078393 mean_persistent_score=0.074199 sampling_entropy=4.121213
RG_SCORE round=600 layer=features.7 mean_q=0.082939 max_q=0.165665 fraction_q_positive=0.976562 sampling_entropy=4.825671 uniform_entropy=4.852030 entropy_gap=0.026359 max_probability_over_uniform=1.475994 min_probability_over_uniform=0.250000
RG_REMAP_SCORE round=600 layer=features.7 mode=persistent mean_q_current=0.082939 mean_q_previous=0.081355 mean_persistent_score=0.079618 sampling_entropy=4.825671
RG_SCORE round=600 layer=features.10 mean_q=0.079111 max_q=0.138539 fraction_q_positive=0.992188 sampling_entropy=4.838203 uniform_entropy=4.852030 entropy_gap=0.013827 max_probability_over_uniform=1.350397 min_probability_over_uniform=0.250000
RG_REMAP_SCORE round=600 layer=features.10 mode=persistent mean_q_current=0.079111 mean_q_previous=0.082953 mean_persistent_score=0.079491 sampling_entropy=4.838203
RG_SCORE round=600 layer=features.14 mean_q=0.084668 max_q=0.150129 fraction_q_positive=1.000000 sampling_entropy=5.535657 uniform_entropy=5.545177 entropy_gap=0.009521 max_probability_over_uniform=1.452415 min_probability_over_uniform=0.543971
RG_REMAP_SCORE round=600 layer=features.14 mode=persistent mean_q_current=0.084668 mean_q_previous=0.087366 mean_persistent_score=0.084698 sampling_entropy=5.535657
RG_SCORE round=600 layer=features.17 mean_q=0.084444 max_q=0.154097 fraction_q_positive=0.996094 sampling_entropy=5.533018 uniform_entropy=5.545177 entropy_gap=0.012160 max_probability_over_uniform=1.417704 min_probability_over_uniform=0.250000
RG_REMAP_SCORE round=600 layer=features.17 mode=persistent mean_q_current=0.084444 mean_q_previous=0.086986 mean_persistent_score=0.084478 sampling_entropy=5.533018
RG_SCORE round=600 layer=features.20 mean_q=0.075360 max_q=0.118358 fraction_q_positive=0.992188 sampling_entropy=5.534211 uniform_entropy=5.545177 entropy_gap=0.010966 max_probability_over_uniform=1.308678 min_probability_over_uniform=0.250000
RG_REMAP_SCORE round=600 layer=features.20 mode=persistent mean_q_current=0.075360 mean_q_previous=0.073295 mean_persistent_score=0.073088 sampling_entropy=5.534211
RG_SCORE round=600 layer=features.24 mean_q=0.104973 max_q=0.188474 fraction_q_positive=0.998047 sampling_entropy=6.221791 uniform_entropy=6.238325 entropy_gap=0.016534 max_probability_over_uniform=1.530157 min_probability_over_uniform=0.250000
RG_REMAP_SCORE round=600 layer=features.24 mode=persistent mean_q_current=0.104973 mean_q_previous=0.092823 mean_persistent_score=0.096388 sampling_entropy=6.221791
RG_SCORE round=600 layer=features.27 mean_q=0.111587 max_q=0.187285 fraction_q_positive=0.996094 sampling_entropy=6.216160 uniform_entropy=6.238325 entropy_gap=0.022165 max_probability_over_uniform=1.446681 min_probability_over_uniform=0.250000
RG_REMAP_SCORE round=600 layer=features.27 mode=persistent mean_q_current=0.111587 mean_q_previous=0.106916 mean_persistent_score=0.106396 sampling_entropy=6.216160
RG_SCORE round=600 layer=features.30 mean_q=0.095703 max_q=0.178373 fraction_q_positive=0.992188 sampling_entropy=6.215320 uniform_entropy=6.238325 entropy_gap=0.023005 max_probability_over_uniform=1.572674 min_probability_over_uniform=0.250000
RG_REMAP_SCORE round=600 layer=features.30 mode=persistent mean_q_current=0.095703 mean_q_previous=0.093763 mean_persistent_score=0.091810 sampling_entropy=6.215320
RG_SCORE round=600 layer=features.34 mean_q=0.214461 max_q=0.379057 fraction_q_positive=0.972656 sampling_entropy=6.199265 uniform_entropy=6.238325 entropy_gap=0.039060 max_probability_over_uniform=1.541084 min_probability_over_uniform=0.250000
RG_REMAP_SCORE round=600 layer=features.34 mode=persistent mean_q_current=0.214461 mean_q_previous=0.215260 mean_persistent_score=0.203209 sampling_entropy=6.199265
RG_SCORE round=600 layer=features.37 mean_q=0.206272 max_q=0.351351 fraction_q_positive=0.984375 sampling_entropy=6.199501 uniform_entropy=6.238325 entropy_gap=0.038823 max_probability_over_uniform=1.517399 min_probability_over_uniform=0.250000
RG_REMAP_SCORE round=600 layer=features.37 mode=persistent mean_q_current=0.206272 mean_q_previous=0.191648 mean_persistent_score=0.189938 sampling_entropy=6.199501
RG_SCORE round=600 layer=features.40 mean_q=0.180573 max_q=0.398124 fraction_q_positive=0.958984 sampling_entropy=6.133820 uniform_entropy=6.238325 entropy_gap=0.104505 max_probability_over_uniform=2.080471 min_probability_over_uniform=0.250000
RG_REMAP_SCORE round=600 layer=features.40 mode=persistent mean_q_current=0.180573 mean_q_previous=0.114955 mean_persistent_score=0.128218 sampling_entropy=6.133820
ROUND_ACCURACY method=FedPhoenixRG-Persistent round=600 accuracy=77.639999
********************************************************************************
Round 600
ROUND_ACCURACY method=FedPhoenixRG-Persistent round=601 accuracy=77.300003
********************************************************************************
Round 601
ROUND_ACCURACY method=FedPhoenixRG-Persistent round=602 accuracy=80.290001
********************************************************************************
Round 602
ROUND_ACCURACY method=FedPhoenixRG-Persistent round=603 accuracy=80.230003
********************************************************************************
Round 603
ROUND_ACCURACY method=FedPhoenixRG-Persistent round=604 accuracy=80.339996
********************************************************************************
Round 604
ROUND_ACCURACY method=FedPhoenixRG-Persistent round=605 accuracy=73.279999
********************************************************************************
Round 605
ROUND_ACCURACY method=FedPhoenixRG-Persistent round=606 accuracy=79.610001
********************************************************************************
Round 606
ROUND_ACCURACY method=FedPhoenixRG-Persistent round=607 accuracy=69.139999
********************************************************************************
Round 607
ROUND_ACCURACY method=FedPhoenixRG-Persistent round=608 accuracy=76.160004
********************************************************************************
Round 608
ROUND_ACCURACY method=FedPhoenixRG-Persistent round=609 accuracy=81.070000
********************************************************************************
Round 609
ROUND_ACCURACY method=FedPhoenixRG-Persistent round=610 accuracy=72.269997
********************************************************************************
Round 610
ROUND_ACCURACY method=FedPhoenixRG-Persistent round=611 accuracy=80.589996
********************************************************************************
Round 611
ROUND_ACCURACY method=FedPhoenixRG-Persistent round=612 accuracy=75.980003
********************************************************************************
Round 612
ROUND_ACCURACY method=FedPhoenixRG-Persistent round=613 accuracy=76.290001
********************************************************************************
Round 613
ROUND_ACCURACY method=FedPhoenixRG-Persistent round=614 accuracy=71.580002
********************************************************************************
Round 614
ROUND_ACCURACY method=FedPhoenixRG-Persistent round=615 accuracy=67.050003
********************************************************************************
Round 615
ROUND_ACCURACY method=FedPhoenixRG-Persistent round=616 accuracy=77.320000
********************************************************************************
Round 616
ROUND_ACCURACY method=FedPhoenixRG-Persistent round=617 accuracy=77.860001
********************************************************************************
Round 617
ROUND_ACCURACY method=FedPhoenixRG-Persistent round=618 accuracy=77.660004
********************************************************************************
Round 618
ROUND_ACCURACY method=FedPhoenixRG-Persistent round=619 accuracy=75.790001
********************************************************************************
Round 619
RG_SCORE round=620 layer=features.0 mean_q=0.080201 max_q=0.261461 fraction_q_positive=0.859375 sampling_entropy=3.916211 uniform_entropy=4.158883 entropy_gap=0.242672 max_probability_over_uniform=2.898786 min_probability_over_uniform=0.250000
RG_REMAP_SCORE round=620 layer=features.0 mode=persistent mean_q_current=0.080201 mean_q_previous=0.096399 mean_persistent_score=0.065462 sampling_entropy=3.916211
RG_SCORE round=620 layer=features.3 mean_q=0.086446 max_q=0.148551 fraction_q_positive=1.000000 sampling_entropy=4.119267 uniform_entropy=4.158883 entropy_gap=0.039616 max_probability_over_uniform=1.529592 min_probability_over_uniform=0.250000
RG_REMAP_SCORE round=620 layer=features.3 mode=persistent mean_q_current=0.086446 mean_q_previous=0.078720 mean_persistent_score=0.077696 sampling_entropy=4.119267
RG_SCORE round=620 layer=features.7 mean_q=0.091304 max_q=0.165329 fraction_q_positive=1.000000 sampling_entropy=4.826092 uniform_entropy=4.852030 entropy_gap=0.025938 max_probability_over_uniform=1.507177 min_probability_over_uniform=0.250000
RG_REMAP_SCORE round=620 layer=features.7 mode=persistent mean_q_current=0.091304 mean_q_previous=0.082939 mean_persistent_score=0.083974 sampling_entropy=4.826092
RG_SCORE round=620 layer=features.10 mean_q=0.091623 max_q=0.131440 fraction_q_positive=1.000000 sampling_entropy=4.838919 uniform_entropy=4.852030 entropy_gap=0.013111 max_probability_over_uniform=1.359229 min_probability_over_uniform=0.250000
RG_REMAP_SCORE round=620 layer=features.10 mode=persistent mean_q_current=0.091623 mean_q_previous=0.079111 mean_persistent_score=0.083586 sampling_entropy=4.838919
RG_SCORE round=620 layer=features.14 mean_q=0.100842 max_q=0.146938 fraction_q_positive=1.000000 sampling_entropy=5.536325 uniform_entropy=5.545177 entropy_gap=0.008852 max_probability_over_uniform=1.354914 min_probability_over_uniform=0.519788
RG_REMAP_SCORE round=620 layer=features.14 mode=persistent mean_q_current=0.100842 mean_q_previous=0.084668 mean_persistent_score=0.091242 sampling_entropy=5.536325
RG_SCORE round=620 layer=features.17 mean_q=0.102357 max_q=0.138725 fraction_q_positive=1.000000 sampling_entropy=5.534915 uniform_entropy=5.545177 entropy_gap=0.010262 max_probability_over_uniform=1.380858 min_probability_over_uniform=0.250000
RG_REMAP_SCORE round=620 layer=features.17 mode=persistent mean_q_current=0.102357 mean_q_previous=0.084444 mean_persistent_score=0.091670 sampling_entropy=5.534915
RG_SCORE round=620 layer=features.20 mean_q=0.089410 max_q=0.119261 fraction_q_positive=1.000000 sampling_entropy=5.535622 uniform_entropy=5.545177 entropy_gap=0.009556 max_probability_over_uniform=1.284735 min_probability_over_uniform=0.250000
RG_REMAP_SCORE round=620 layer=features.20 mode=persistent mean_q_current=0.089410 mean_q_previous=0.075360 mean_persistent_score=0.080936 sampling_entropy=5.535622
RG_SCORE round=620 layer=features.24 mean_q=0.122133 max_q=0.168987 fraction_q_positive=1.000000 sampling_entropy=6.229166 uniform_entropy=6.238325 entropy_gap=0.009158 max_probability_over_uniform=1.331969 min_probability_over_uniform=0.250000
RG_REMAP_SCORE round=620 layer=features.24 mode=persistent mean_q_current=0.122133 mean_q_previous=0.104973 mean_persistent_score=0.111772 sampling_entropy=6.229166
RG_SCORE round=620 layer=features.27 mean_q=0.134378 max_q=0.188380 fraction_q_positive=1.000000 sampling_entropy=6.225693 uniform_entropy=6.238325 entropy_gap=0.012631 max_probability_over_uniform=1.319798 min_probability_over_uniform=0.250000
RG_REMAP_SCORE round=620 layer=features.27 mode=persistent mean_q_current=0.134378 mean_q_previous=0.111587 mean_persistent_score=0.120096 sampling_entropy=6.225693
RG_SCORE round=620 layer=features.30 mean_q=0.118280 max_q=0.178265 fraction_q_positive=1.000000 sampling_entropy=6.220953 uniform_entropy=6.238325 entropy_gap=0.017371 max_probability_over_uniform=1.430099 min_probability_over_uniform=0.250000
RG_REMAP_SCORE round=620 layer=features.30 mode=persistent mean_q_current=0.118280 mean_q_previous=0.095703 mean_persistent_score=0.103797 sampling_entropy=6.220953
RG_SCORE round=620 layer=features.34 mean_q=0.253703 max_q=0.399722 fraction_q_positive=0.998047 sampling_entropy=6.204452 uniform_entropy=6.238325 entropy_gap=0.033873 max_probability_over_uniform=1.464268 min_probability_over_uniform=0.250000
RG_REMAP_SCORE round=620 layer=features.34 mode=persistent mean_q_current=0.253703 mean_q_previous=0.214461 mean_persistent_score=0.223152 sampling_entropy=6.204452
RG_SCORE round=620 layer=features.37 mean_q=0.214752 max_q=0.372135 fraction_q_positive=0.994141 sampling_entropy=6.206606 uniform_entropy=6.238325 entropy_gap=0.031719 max_probability_over_uniform=1.454015 min_probability_over_uniform=0.250000
RG_REMAP_SCORE round=620 layer=features.37 mode=persistent mean_q_current=0.214752 mean_q_previous=0.206272 mean_persistent_score=0.200249 sampling_entropy=6.206606
RG_SCORE round=620 layer=features.40 mean_q=0.135631 max_q=0.453918 fraction_q_positive=0.927734 sampling_entropy=6.135354 uniform_entropy=6.238325 entropy_gap=0.102971 max_probability_over_uniform=2.277696 min_probability_over_uniform=0.250000
RG_REMAP_SCORE round=620 layer=features.40 mode=persistent mean_q_current=0.135631 mean_q_previous=0.180573 mean_persistent_score=0.138021 sampling_entropy=6.135354
ROUND_ACCURACY method=FedPhoenixRG-Persistent round=620 accuracy=66.889999
********************************************************************************
Round 620
ROUND_ACCURACY method=FedPhoenixRG-Persistent round=621 accuracy=69.059998
********************************************************************************
Round 621
ROUND_ACCURACY method=FedPhoenixRG-Persistent round=622 accuracy=79.669998
********************************************************************************
Round 622
ROUND_ACCURACY method=FedPhoenixRG-Persistent round=623 accuracy=21.980000
********************************************************************************
Round 623
ROUND_ACCURACY method=FedPhoenixRG-Persistent round=624 accuracy=60.209999
********************************************************************************
Round 624
ROUND_ACCURACY method=FedPhoenixRG-Persistent round=625 accuracy=72.269997
********************************************************************************
Round 625
ROUND_ACCURACY method=FedPhoenixRG-Persistent round=626 accuracy=65.900002
********************************************************************************
Round 626
ROUND_ACCURACY method=FedPhoenixRG-Persistent round=627 accuracy=75.889999
********************************************************************************
Round 627
ROUND_ACCURACY method=FedPhoenixRG-Persistent round=628 accuracy=73.589996
********************************************************************************
Round 628
ROUND_ACCURACY method=FedPhoenixRG-Persistent round=629 accuracy=78.169998
********************************************************************************
Round 629
ROUND_ACCURACY method=FedPhoenixRG-Persistent round=630 accuracy=78.669998
********************************************************************************
Round 630
ROUND_ACCURACY method=FedPhoenixRG-Persistent round=631 accuracy=79.010002
********************************************************************************
Round 631
ROUND_ACCURACY method=FedPhoenixRG-Persistent round=632 accuracy=70.599998
********************************************************************************
Round 632
ROUND_ACCURACY method=FedPhoenixRG-Persistent round=633 accuracy=67.980003
********************************************************************************
Round 633
ROUND_ACCURACY method=FedPhoenixRG-Persistent round=634 accuracy=78.559998
********************************************************************************
Round 634
ROUND_ACCURACY method=FedPhoenixRG-Persistent round=635 accuracy=75.070000
********************************************************************************
Round 635
ROUND_ACCURACY method=FedPhoenixRG-Persistent round=636 accuracy=78.779999
********************************************************************************
Round 636
ROUND_ACCURACY method=FedPhoenixRG-Persistent round=637 accuracy=81.019997
********************************************************************************
Round 637
ROUND_ACCURACY method=FedPhoenixRG-Persistent round=638 accuracy=76.480003
********************************************************************************
Round 638
ROUND_ACCURACY method=FedPhoenixRG-Persistent round=639 accuracy=66.089996
********************************************************************************
Round 639
RG_SCORE round=640 layer=features.0 mean_q=0.053575 max_q=0.218175 fraction_q_positive=0.703125 sampling_entropy=3.818905 uniform_entropy=4.158883 entropy_gap=0.339978 max_probability_over_uniform=3.790524 min_probability_over_uniform=0.250000
RG_REMAP_SCORE round=640 layer=features.0 mode=persistent mean_q_current=0.053575 mean_q_previous=0.080201 mean_persistent_score=0.046488 sampling_entropy=3.818905
RG_SCORE round=640 layer=features.3 mean_q=0.027559 max_q=0.087029 fraction_q_positive=0.859375 sampling_entropy=4.052102 uniform_entropy=4.158883 entropy_gap=0.106781 max_probability_over_uniform=1.723523 min_probability_over_uniform=0.250000
RG_REMAP_SCORE round=640 layer=features.3 mode=persistent mean_q_current=0.027559 mean_q_previous=0.086446 mean_persistent_score=0.042173 sampling_entropy=4.052102
RG_SCORE round=640 layer=features.7 mean_q=0.025366 max_q=0.079821 fraction_q_positive=0.929688 sampling_entropy=4.783307 uniform_entropy=4.852030 entropy_gap=0.068724 max_probability_over_uniform=1.898897 min_probability_over_uniform=0.250000
RG_REMAP_SCORE round=640 layer=features.7 mode=persistent mean_q_current=0.025366 mean_q_previous=0.091304 mean_persistent_score=0.043862 sampling_entropy=4.783307
RG_SCORE round=640 layer=features.10 mean_q=0.028376 max_q=0.070693 fraction_q_positive=0.984375 sampling_entropy=4.820875 uniform_entropy=4.852030 entropy_gap=0.031155 max_probability_over_uniform=1.570480 min_probability_over_uniform=0.250000
RG_REMAP_SCORE round=640 layer=features.10 mode=persistent mean_q_current=0.028376 mean_q_previous=0.091623 mean_persistent_score=0.048775 sampling_entropy=4.820875
RG_SCORE round=640 layer=features.14 mean_q=0.036577 max_q=0.109034 fraction_q_positive=1.000000 sampling_entropy=5.519168 uniform_entropy=5.545177 entropy_gap=0.026009 max_probability_over_uniform=1.765399 min_probability_over_uniform=0.371108
RG_REMAP_SCORE round=640 layer=features.14 mode=persistent mean_q_current=0.036577 mean_q_previous=0.100842 mean_persistent_score=0.058278 sampling_entropy=5.519168
RG_SCORE round=640 layer=features.17 mean_q=0.040385 max_q=0.129406 fraction_q_positive=1.000000 sampling_entropy=5.522984 uniform_entropy=5.545177 entropy_gap=0.022194 max_probability_over_uniform=1.678512 min_probability_over_uniform=0.342505
RG_REMAP_SCORE round=640 layer=features.17 mode=persistent mean_q_current=0.040385 mean_q_previous=0.102357 mean_persistent_score=0.062125 sampling_entropy=5.522984
RG_SCORE round=640 layer=features.20 mean_q=0.037832 max_q=0.096677 fraction_q_positive=1.000000 sampling_entropy=5.521018 uniform_entropy=5.545177 entropy_gap=0.024159 max_probability_over_uniform=1.618503 min_probability_over_uniform=0.310828
RG_REMAP_SCORE round=640 layer=features.20 mode=persistent mean_q_current=0.037832 mean_q_previous=0.089410 mean_persistent_score=0.055865 sampling_entropy=5.521018
RG_SCORE round=640 layer=features.24 mean_q=0.058600 max_q=0.165656 fraction_q_positive=1.000000 sampling_entropy=6.206301 uniform_entropy=6.238325 entropy_gap=0.032023 max_probability_over_uniform=1.615533 min_probability_over_uniform=0.307006
RG_REMAP_SCORE round=640 layer=features.24 mode=persistent mean_q_current=0.058600 mean_q_previous=0.122133 mean_persistent_score=0.080493 sampling_entropy=6.206301
RG_SCORE round=640 layer=features.27 mean_q=0.083597 max_q=0.197512 fraction_q_positive=1.000000 sampling_entropy=6.215882 uniform_entropy=6.238325 entropy_gap=0.022443 max_probability_over_uniform=1.614249 min_probability_over_uniform=0.495344
RG_REMAP_SCORE round=640 layer=features.27 mode=persistent mean_q_current=0.083597 mean_q_previous=0.134378 mean_persistent_score=0.102335 sampling_entropy=6.215882
RG_SCORE round=640 layer=features.30 mean_q=0.070291 max_q=0.138331 fraction_q_positive=0.988281 sampling_entropy=6.214415 uniform_entropy=6.238325 entropy_gap=0.023909 max_probability_over_uniform=1.480707 min_probability_over_uniform=0.250000
RG_REMAP_SCORE round=640 layer=features.30 mode=persistent mean_q_current=0.070291 mean_q_previous=0.118280 mean_persistent_score=0.087999 sampling_entropy=6.214415
RG_SCORE round=640 layer=features.34 mean_q=0.192802 max_q=0.347740 fraction_q_positive=1.000000 sampling_entropy=6.220105 uniform_entropy=6.238325 entropy_gap=0.018219 max_probability_over_uniform=1.434118 min_probability_over_uniform=0.250000
RG_REMAP_SCORE round=640 layer=features.34 mode=persistent mean_q_current=0.192802 mean_q_previous=0.253703 mean_persistent_score=0.215833 sampling_entropy=6.220105
RG_SCORE round=640 layer=features.37 mean_q=0.178084 max_q=0.372307 fraction_q_positive=0.994141 sampling_entropy=6.206876 uniform_entropy=6.238325 entropy_gap=0.031448 max_probability_over_uniform=1.555312 min_probability_over_uniform=0.250000
RG_REMAP_SCORE round=640 layer=features.37 mode=persistent mean_q_current=0.178084 mean_q_previous=0.214752 mean_persistent_score=0.188366 sampling_entropy=6.206876
RG_SCORE round=640 layer=features.40 mean_q=0.111204 max_q=0.372775 fraction_q_positive=0.914062 sampling_entropy=6.104163 uniform_entropy=6.238325 entropy_gap=0.134161 max_probability_over_uniform=2.544150 min_probability_over_uniform=0.250000
RG_REMAP_SCORE round=640 layer=features.40 mode=persistent mean_q_current=0.111204 mean_q_previous=0.135631 mean_persistent_score=0.104063 sampling_entropy=6.104163
ROUND_ACCURACY method=FedPhoenixRG-Persistent round=640 accuracy=78.949997
********************************************************************************
Round 640
ROUND_ACCURACY method=FedPhoenixRG-Persistent round=641 accuracy=78.279999
********************************************************************************
Round 641
ROUND_ACCURACY method=FedPhoenixRG-Persistent round=642 accuracy=76.300003
********************************************************************************
Round 642
ROUND_ACCURACY method=FedPhoenixRG-Persistent round=643 accuracy=67.730003
********************************************************************************
Round 643
ROUND_ACCURACY method=FedPhoenixRG-Persistent round=644 accuracy=67.199997
********************************************************************************
Round 644
ROUND_ACCURACY method=FedPhoenixRG-Persistent round=645 accuracy=73.330002
********************************************************************************
Round 645
ROUND_ACCURACY method=FedPhoenixRG-Persistent round=646 accuracy=72.089996
********************************************************************************
Round 646
ROUND_ACCURACY method=FedPhoenixRG-Persistent round=647 accuracy=79.839996
********************************************************************************
Round 647
ROUND_ACCURACY method=FedPhoenixRG-Persistent round=648 accuracy=79.680000
********************************************************************************
Round 648
ROUND_ACCURACY method=FedPhoenixRG-Persistent round=649 accuracy=80.489998
********************************************************************************
Round 649
ROUND_ACCURACY method=FedPhoenixRG-Persistent round=650 accuracy=79.919998
********************************************************************************
Round 650
ROUND_ACCURACY method=FedPhoenixRG-Persistent round=651 accuracy=79.650002
********************************************************************************
Round 651
ROUND_ACCURACY method=FedPhoenixRG-Persistent round=652 accuracy=74.500000
********************************************************************************
Round 652
ROUND_ACCURACY method=FedPhoenixRG-Persistent round=653 accuracy=75.309998
********************************************************************************
Round 653
ROUND_ACCURACY method=FedPhoenixRG-Persistent round=654 accuracy=79.970001
********************************************************************************
Round 654
ROUND_ACCURACY method=FedPhoenixRG-Persistent round=655 accuracy=80.139999
********************************************************************************
Round 655
ROUND_ACCURACY method=FedPhoenixRG-Persistent round=656 accuracy=73.709999
********************************************************************************
Round 656
ROUND_ACCURACY method=FedPhoenixRG-Persistent round=657 accuracy=81.000000
********************************************************************************
Round 657
ROUND_ACCURACY method=FedPhoenixRG-Persistent round=658 accuracy=78.110001
********************************************************************************
Round 658
ROUND_ACCURACY method=FedPhoenixRG-Persistent round=659 accuracy=77.959999
********************************************************************************
Round 659
RG_SCORE round=660 layer=features.0 mean_q=0.094252 max_q=0.325385 fraction_q_positive=0.859375 sampling_entropy=3.796001 uniform_entropy=4.158883 entropy_gap=0.362882 max_probability_over_uniform=3.676730 min_probability_over_uniform=0.250000
RG_REMAP_SCORE round=660 layer=features.0 mode=persistent mean_q_current=0.094252 mean_q_previous=0.053575 mean_persistent_score=0.047185 sampling_entropy=3.796001
RG_SCORE round=660 layer=features.3 mean_q=0.086390 max_q=0.158762 fraction_q_positive=1.000000 sampling_entropy=4.039517 uniform_entropy=4.158883 entropy_gap=0.119366 max_probability_over_uniform=1.965192 min_probability_over_uniform=0.250000
RG_REMAP_SCORE round=660 layer=features.3 mode=persistent mean_q_current=0.086390 mean_q_previous=0.027559 mean_persistent_score=0.042955 sampling_entropy=4.039517
RG_SCORE round=660 layer=features.7 mean_q=0.092000 max_q=0.172398 fraction_q_positive=1.000000 sampling_entropy=4.780837 uniform_entropy=4.852030 entropy_gap=0.071193 max_probability_over_uniform=1.894469 min_probability_over_uniform=0.250000
RG_REMAP_SCORE round=660 layer=features.7 mode=persistent mean_q_current=0.092000 mean_q_previous=0.025366 mean_persistent_score=0.043852 sampling_entropy=4.780837
RG_SCORE round=660 layer=features.10 mean_q=0.084114 max_q=0.121504 fraction_q_positive=1.000000 sampling_entropy=4.819087 uniform_entropy=4.852030 entropy_gap=0.032943 max_probability_over_uniform=1.526145 min_probability_over_uniform=0.250000
RG_REMAP_SCORE round=660 layer=features.10 mode=persistent mean_q_current=0.084114 mean_q_previous=0.028376 mean_persistent_score=0.046697 sampling_entropy=4.819087
RG_SCORE round=660 layer=features.14 mean_q=0.087693 max_q=0.153669 fraction_q_positive=1.000000 sampling_entropy=5.516299 uniform_entropy=5.545177 entropy_gap=0.028879 max_probability_over_uniform=1.977401 min_probability_over_uniform=0.366354
RG_REMAP_SCORE round=660 layer=features.14 mode=persistent mean_q_current=0.087693 mean_q_previous=0.036577 mean_persistent_score=0.054226 sampling_entropy=5.516299
RG_SCORE round=660 layer=features.17 mean_q=0.087766 max_q=0.149427 fraction_q_positive=1.000000 sampling_entropy=5.517793 uniform_entropy=5.545177 entropy_gap=0.027385 max_probability_over_uniform=2.060054 min_probability_over_uniform=0.318878
RG_REMAP_SCORE round=660 layer=features.17 mode=persistent mean_q_current=0.087766 mean_q_previous=0.040385 mean_persistent_score=0.057619 sampling_entropy=5.517793
RG_SCORE round=660 layer=features.20 mean_q=0.077843 max_q=0.121706 fraction_q_positive=1.000000 sampling_entropy=5.515760 uniform_entropy=5.545177 entropy_gap=0.029417 max_probability_over_uniform=1.704949 min_probability_over_uniform=0.307933
RG_REMAP_SCORE round=660 layer=features.20 mode=persistent mean_q_current=0.077843 mean_q_previous=0.037832 mean_persistent_score=0.051761 sampling_entropy=5.515760
RG_SCORE round=660 layer=features.24 mean_q=0.103523 max_q=0.175537 fraction_q_positive=0.998047 sampling_entropy=6.195602 uniform_entropy=6.238325 entropy_gap=0.042722 max_probability_over_uniform=1.821242 min_probability_over_uniform=0.250000
RG_REMAP_SCORE round=660 layer=features.24 mode=persistent mean_q_current=0.103523 mean_q_previous=0.058600 mean_persistent_score=0.073490 sampling_entropy=6.195602
RG_SCORE round=660 layer=features.27 mean_q=0.133191 max_q=0.221018 fraction_q_positive=1.000000 sampling_entropy=6.204853 uniform_entropy=6.238325 entropy_gap=0.033471 max_probability_over_uniform=1.728228 min_probability_over_uniform=0.417021
RG_REMAP_SCORE round=660 layer=features.27 mode=persistent mean_q_current=0.133191 mean_q_previous=0.083597 mean_persistent_score=0.101700 sampling_entropy=6.204853
RG_SCORE round=660 layer=features.30 mean_q=0.112176 max_q=0.181413 fraction_q_positive=1.000000 sampling_entropy=6.210284 uniform_entropy=6.238325 entropy_gap=0.028040 max_probability_over_uniform=1.469258 min_probability_over_uniform=0.250000
RG_REMAP_SCORE round=660 layer=features.30 mode=persistent mean_q_current=0.112176 mean_q_previous=0.070291 mean_persistent_score=0.085542 sampling_entropy=6.210284
RG_SCORE round=660 layer=features.34 mean_q=0.264116 max_q=0.409230 fraction_q_positive=1.000000 sampling_entropy=6.217333 uniform_entropy=6.238325 entropy_gap=0.020992 max_probability_over_uniform=1.494099 min_probability_over_uniform=0.330034
RG_REMAP_SCORE round=660 layer=features.34 mode=persistent mean_q_current=0.264116 mean_q_previous=0.192802 mean_persistent_score=0.219311 sampling_entropy=6.217333
RG_SCORE round=660 layer=features.37 mean_q=0.282007 max_q=0.437415 fraction_q_positive=1.000000 sampling_entropy=6.217253 uniform_entropy=6.238325 entropy_gap=0.021072 max_probability_over_uniform=1.537266 min_probability_over_uniform=0.250000
RG_REMAP_SCORE round=660 layer=features.37 mode=persistent mean_q_current=0.282007 mean_q_previous=0.178084 mean_persistent_score=0.218022 sampling_entropy=6.217253
RG_SCORE round=660 layer=features.40 mean_q=0.237740 max_q=0.400499 fraction_q_positive=0.996094 sampling_entropy=6.158087 uniform_entropy=6.238325 entropy_gap=0.080238 max_probability_over_uniform=1.903434 min_probability_over_uniform=0.250000
RG_REMAP_SCORE round=660 layer=features.40 mode=persistent mean_q_current=0.237740 mean_q_previous=0.111204 mean_persistent_score=0.146405 sampling_entropy=6.158087
ROUND_ACCURACY method=FedPhoenixRG-Persistent round=660 accuracy=69.470001
********************************************************************************
Round 660
ROUND_ACCURACY method=FedPhoenixRG-Persistent round=661 accuracy=78.680000
********************************************************************************
Round 661
ROUND_ACCURACY method=FedPhoenixRG-Persistent round=662 accuracy=74.720001
********************************************************************************
Round 662
ROUND_ACCURACY method=FedPhoenixRG-Persistent round=663 accuracy=77.949997
********************************************************************************
Round 663
ROUND_ACCURACY method=FedPhoenixRG-Persistent round=664 accuracy=80.440002
********************************************************************************
Round 664
ROUND_ACCURACY method=FedPhoenixRG-Persistent round=665 accuracy=79.830002
********************************************************************************
Round 665
ROUND_ACCURACY method=FedPhoenixRG-Persistent round=666 accuracy=80.570000
********************************************************************************
Round 666
ROUND_ACCURACY method=FedPhoenixRG-Persistent round=667 accuracy=79.580002
********************************************************************************
Round 667
ROUND_ACCURACY method=FedPhoenixRG-Persistent round=668 accuracy=78.019997
********************************************************************************
Round 668
ROUND_ACCURACY method=FedPhoenixRG-Persistent round=669 accuracy=81.180000
********************************************************************************
Round 669
ROUND_ACCURACY method=FedPhoenixRG-Persistent round=670 accuracy=70.769997
********************************************************************************
Round 670
ROUND_ACCURACY method=FedPhoenixRG-Persistent round=671 accuracy=71.160004
********************************************************************************
Round 671
ROUND_ACCURACY method=FedPhoenixRG-Persistent round=672 accuracy=71.160004
********************************************************************************
Round 672
ROUND_ACCURACY method=FedPhoenixRG-Persistent round=673 accuracy=78.089996
********************************************************************************
Round 673
ROUND_ACCURACY method=FedPhoenixRG-Persistent round=674 accuracy=74.250000
********************************************************************************
Round 674
ROUND_ACCURACY method=FedPhoenixRG-Persistent round=675 accuracy=74.139999
********************************************************************************
Round 675
ROUND_ACCURACY method=FedPhoenixRG-Persistent round=676 accuracy=79.120003
********************************************************************************
Round 676
ROUND_ACCURACY method=FedPhoenixRG-Persistent round=677 accuracy=78.279999
********************************************************************************
Round 677
ROUND_ACCURACY method=FedPhoenixRG-Persistent round=678 accuracy=76.440002
********************************************************************************
Round 678
ROUND_ACCURACY method=FedPhoenixRG-Persistent round=679 accuracy=64.650002
********************************************************************************
Round 679
RG_SCORE round=680 layer=features.0 mean_q=0.079567 max_q=0.255471 fraction_q_positive=0.781250 sampling_entropy=3.897922 uniform_entropy=4.158883 entropy_gap=0.260961 max_probability_over_uniform=2.577751 min_probability_over_uniform=0.250000
RG_REMAP_SCORE round=680 layer=features.0 mode=persistent mean_q_current=0.079567 mean_q_previous=0.094252 mean_persistent_score=0.059891 sampling_entropy=3.897922
RG_SCORE round=680 layer=features.3 mean_q=0.086898 max_q=0.136411 fraction_q_positive=1.000000 sampling_entropy=4.144649 uniform_entropy=4.158883 entropy_gap=0.014234 max_probability_over_uniform=1.308591 min_probability_over_uniform=0.425388
RG_REMAP_SCORE round=680 layer=features.3 mode=persistent mean_q_current=0.086898 mean_q_previous=0.086390 mean_persistent_score=0.084099 sampling_entropy=4.144649
RG_SCORE round=680 layer=features.7 mean_q=0.089919 max_q=0.134748 fraction_q_positive=1.000000 sampling_entropy=4.842056 uniform_entropy=4.852030 entropy_gap=0.009974 max_probability_over_uniform=1.336704 min_probability_over_uniform=0.587803
RG_REMAP_SCORE round=680 layer=features.7 mode=persistent mean_q_current=0.089919 mean_q_previous=0.092000 mean_persistent_score=0.089770 sampling_entropy=4.842056
RG_SCORE round=680 layer=features.10 mean_q=0.084813 max_q=0.130118 fraction_q_positive=1.000000 sampling_entropy=4.847406 uniform_entropy=4.852030 entropy_gap=0.004624 max_probability_over_uniform=1.259228 min_probability_over_uniform=0.762687
RG_REMAP_SCORE round=680 layer=features.10 mode=persistent mean_q_current=0.084813 mean_q_previous=0.084114 mean_persistent_score=0.083823 sampling_entropy=4.847406
RG_SCORE round=680 layer=features.14 mean_q=0.092690 max_q=0.146985 fraction_q_positive=1.000000 sampling_entropy=5.538647 uniform_entropy=5.545177 entropy_gap=0.006531 max_probability_over_uniform=1.459124 min_probability_over_uniform=0.664624
RG_REMAP_SCORE round=680 layer=features.14 mode=persistent mean_q_current=0.092690 mean_q_previous=0.087693 mean_persistent_score=0.089485 sampling_entropy=5.538647
RG_SCORE round=680 layer=features.17 mean_q=0.088500 max_q=0.136471 fraction_q_positive=1.000000 sampling_entropy=5.538369 uniform_entropy=5.545177 entropy_gap=0.006808 max_probability_over_uniform=1.393413 min_probability_over_uniform=0.700737
RG_REMAP_SCORE round=680 layer=features.17 mode=persistent mean_q_current=0.088500 mean_q_previous=0.087766 mean_persistent_score=0.087300 sampling_entropy=5.538369
RG_SCORE round=680 layer=features.20 mean_q=0.080353 max_q=0.119677 fraction_q_positive=1.000000 sampling_entropy=5.538608 uniform_entropy=5.545177 entropy_gap=0.006569 max_probability_over_uniform=1.281170 min_probability_over_uniform=0.331774
RG_REMAP_SCORE round=680 layer=features.20 mode=persistent mean_q_current=0.080353 mean_q_previous=0.077843 mean_persistent_score=0.077731 sampling_entropy=5.538608
RG_SCORE round=680 layer=features.24 mean_q=0.110838 max_q=0.231249 fraction_q_positive=1.000000 sampling_entropy=6.225416 uniform_entropy=6.238325 entropy_gap=0.012908 max_probability_over_uniform=1.583712 min_probability_over_uniform=0.250000
RG_REMAP_SCORE round=680 layer=features.24 mode=persistent mean_q_current=0.110838 mean_q_previous=0.103523 mean_persistent_score=0.104367 sampling_entropy=6.225416
RG_SCORE round=680 layer=features.27 mean_q=0.139312 max_q=0.215845 fraction_q_positive=1.000000 sampling_entropy=6.227445 uniform_entropy=6.238325 entropy_gap=0.010880 max_probability_over_uniform=1.432866 min_probability_over_uniform=0.602806
RG_REMAP_SCORE round=680 layer=features.27 mode=persistent mean_q_current=0.139312 mean_q_previous=0.133191 mean_persistent_score=0.132926 sampling_entropy=6.227445
RG_SCORE round=680 layer=features.30 mean_q=0.113535 max_q=0.196854 fraction_q_positive=1.000000 sampling_entropy=6.230875 uniform_entropy=6.238325 entropy_gap=0.007450 max_probability_over_uniform=1.361094 min_probability_over_uniform=0.587281
RG_REMAP_SCORE round=680 layer=features.30 mode=persistent mean_q_current=0.113535 mean_q_previous=0.112176 mean_persistent_score=0.111245 sampling_entropy=6.230875
RG_SCORE round=680 layer=features.34 mean_q=0.246926 max_q=0.366210 fraction_q_positive=1.000000 sampling_entropy=6.227398 uniform_entropy=6.238325 entropy_gap=0.010927 max_probability_over_uniform=1.337015 min_probability_over_uniform=0.571055
RG_REMAP_SCORE round=680 layer=features.34 mode=persistent mean_q_current=0.246926 mean_q_previous=0.264116 mean_persistent_score=0.250458 sampling_entropy=6.227398
RG_SCORE round=680 layer=features.37 mean_q=0.227978 max_q=0.332029 fraction_q_positive=1.000000 sampling_entropy=6.231435 uniform_entropy=6.238325 entropy_gap=0.006890 max_probability_over_uniform=1.275374 min_probability_over_uniform=0.475019
RG_REMAP_SCORE round=680 layer=features.37 mode=persistent mean_q_current=0.227978 mean_q_previous=0.282007 mean_persistent_score=0.251334 sampling_entropy=6.231435
RG_SCORE round=680 layer=features.40 mean_q=0.165953 max_q=0.361550 fraction_q_positive=0.998047 sampling_entropy=6.209807 uniform_entropy=6.238325 entropy_gap=0.028518 max_probability_over_uniform=1.574361 min_probability_over_uniform=0.250000
RG_REMAP_SCORE round=680 layer=features.40 mode=persistent mean_q_current=0.165953 mean_q_previous=0.237740 mean_persistent_score=0.193359 sampling_entropy=6.209807
ROUND_ACCURACY method=FedPhoenixRG-Persistent round=680 accuracy=70.779999
********************************************************************************
Round 680
ROUND_ACCURACY method=FedPhoenixRG-Persistent round=681 accuracy=72.900002
********************************************************************************
Round 681
ROUND_ACCURACY method=FedPhoenixRG-Persistent round=682 accuracy=76.970001
********************************************************************************
Round 682
ROUND_ACCURACY method=FedPhoenixRG-Persistent round=683 accuracy=80.410004
********************************************************************************
Round 683
ROUND_ACCURACY method=FedPhoenixRG-Persistent round=684 accuracy=80.459999
********************************************************************************
Round 684
ROUND_ACCURACY method=FedPhoenixRG-Persistent round=685 accuracy=71.620003
********************************************************************************
Round 685
ROUND_ACCURACY method=FedPhoenixRG-Persistent round=686 accuracy=74.870003
********************************************************************************
Round 686
ROUND_ACCURACY method=FedPhoenixRG-Persistent round=687 accuracy=73.620003
********************************************************************************
Round 687
ROUND_ACCURACY method=FedPhoenixRG-Persistent round=688 accuracy=74.040001
********************************************************************************
Round 688
ROUND_ACCURACY method=FedPhoenixRG-Persistent round=689 accuracy=77.989998
********************************************************************************
Round 689
ROUND_ACCURACY method=FedPhoenixRG-Persistent round=690 accuracy=74.589996
********************************************************************************
Round 690
ROUND_ACCURACY method=FedPhoenixRG-Persistent round=691 accuracy=72.230003
********************************************************************************
Round 691
ROUND_ACCURACY method=FedPhoenixRG-Persistent round=692 accuracy=63.529999
********************************************************************************
Round 692
ROUND_ACCURACY method=FedPhoenixRG-Persistent round=693 accuracy=79.860001
********************************************************************************
Round 693
ROUND_ACCURACY method=FedPhoenixRG-Persistent round=694 accuracy=61.250000
********************************************************************************
Round 694
ROUND_ACCURACY method=FedPhoenixRG-Persistent round=695 accuracy=76.010002
********************************************************************************
Round 695
ROUND_ACCURACY method=FedPhoenixRG-Persistent round=696 accuracy=74.580002
********************************************************************************
Round 696
ROUND_ACCURACY method=FedPhoenixRG-Persistent round=697 accuracy=68.910004
********************************************************************************
Round 697
ROUND_ACCURACY method=FedPhoenixRG-Persistent round=698 accuracy=80.750000
********************************************************************************
Round 698
ROUND_ACCURACY method=FedPhoenixRG-Persistent round=699 accuracy=77.680000
********************************************************************************
Round 699
RG_SCORE round=700 layer=features.0 mean_q=0.061518 max_q=0.281947 fraction_q_positive=0.640625 sampling_entropy=3.755653 uniform_entropy=4.158883 entropy_gap=0.403231 max_probability_over_uniform=3.753299 min_probability_over_uniform=0.250000
RG_REMAP_SCORE round=700 layer=features.0 mode=persistent mean_q_current=0.061518 mean_q_previous=0.079567 mean_persistent_score=0.049952 sampling_entropy=3.755653
RG_SCORE round=700 layer=features.3 mean_q=0.049829 max_q=0.098907 fraction_q_positive=0.968750 sampling_entropy=4.117113 uniform_entropy=4.158883 entropy_gap=0.041770 max_probability_over_uniform=1.627901 min_probability_over_uniform=0.250000
RG_REMAP_SCORE round=700 layer=features.3 mode=persistent mean_q_current=0.049829 mean_q_previous=0.086898 mean_persistent_score=0.061898 sampling_entropy=4.117113
RG_SCORE round=700 layer=features.7 mean_q=0.056734 max_q=0.127634 fraction_q_positive=1.000000 sampling_entropy=4.834199 uniform_entropy=4.852030 entropy_gap=0.017831 max_probability_over_uniform=1.559785 min_probability_over_uniform=0.488707
RG_REMAP_SCORE round=700 layer=features.7 mode=persistent mean_q_current=0.056734 mean_q_previous=0.089919 mean_persistent_score=0.069945 sampling_entropy=4.834199
RG_SCORE round=700 layer=features.10 mean_q=0.057872 max_q=0.099262 fraction_q_positive=1.000000 sampling_entropy=4.841811 uniform_entropy=4.852030 entropy_gap=0.010219 max_probability_over_uniform=1.377328 min_probability_over_uniform=0.546709
RG_REMAP_SCORE round=700 layer=features.10 mode=persistent mean_q_current=0.057872 mean_q_previous=0.084813 mean_persistent_score=0.069075 sampling_entropy=4.841811
RG_SCORE round=700 layer=features.14 mean_q=0.061169 max_q=0.124000 fraction_q_positive=1.000000 sampling_entropy=5.533338 uniform_entropy=5.545177 entropy_gap=0.011839 max_probability_over_uniform=1.592668 min_probability_over_uniform=0.466284
RG_REMAP_SCORE round=700 layer=features.14 mode=persistent mean_q_current=0.061169 mean_q_previous=0.092690 mean_persistent_score=0.074396 sampling_entropy=5.533338
RG_SCORE round=700 layer=features.17 mean_q=0.059592 max_q=0.116740 fraction_q_positive=1.000000 sampling_entropy=5.534849 uniform_entropy=5.545177 entropy_gap=0.010329 max_probability_over_uniform=1.497776 min_probability_over_uniform=0.690175
RG_REMAP_SCORE round=700 layer=features.17 mode=persistent mean_q_current=0.059592 mean_q_previous=0.088500 mean_persistent_score=0.071805 sampling_entropy=5.534849
RG_SCORE round=700 layer=features.20 mean_q=0.054158 max_q=0.109880 fraction_q_positive=1.000000 sampling_entropy=5.538696 uniform_entropy=5.545177 entropy_gap=0.006481 max_probability_over_uniform=1.423360 min_probability_over_uniform=0.707369
RG_REMAP_SCORE round=700 layer=features.20 mode=persistent mean_q_current=0.054158 mean_q_previous=0.080353 mean_persistent_score=0.065123 sampling_entropy=5.538696
RG_SCORE round=700 layer=features.24 mean_q=0.088395 max_q=0.169183 fraction_q_positive=1.000000 sampling_entropy=6.224554 uniform_entropy=6.238325 entropy_gap=0.013771 max_probability_over_uniform=1.667204 min_probability_over_uniform=0.552172
RG_REMAP_SCORE round=700 layer=features.24 mode=persistent mean_q_current=0.088395 mean_q_previous=0.110838 mean_persistent_score=0.096978 sampling_entropy=6.224554
RG_SCORE round=700 layer=features.27 mean_q=0.121639 max_q=0.194331 fraction_q_positive=1.000000 sampling_entropy=6.229772 uniform_entropy=6.238325 entropy_gap=0.008552 max_probability_over_uniform=1.405003 min_probability_over_uniform=0.628630
RG_REMAP_SCORE round=700 layer=features.27 mode=persistent mean_q_current=0.121639 mean_q_previous=0.139312 mean_persistent_score=0.128123 sampling_entropy=6.229772
RG_SCORE round=700 layer=features.30 mean_q=0.102992 max_q=0.165679 fraction_q_positive=1.000000 sampling_entropy=6.230509 uniform_entropy=6.238325 entropy_gap=0.007816 max_probability_over_uniform=1.448342 min_probability_over_uniform=0.650939
RG_REMAP_SCORE round=700 layer=features.30 mode=persistent mean_q_current=0.102992 mean_q_previous=0.113535 mean_persistent_score=0.106960 sampling_entropy=6.230509
RG_SCORE round=700 layer=features.34 mean_q=0.269956 max_q=0.372882 fraction_q_positive=1.000000 sampling_entropy=6.231058 uniform_entropy=6.238325 entropy_gap=0.007266 max_probability_over_uniform=1.317635 min_probability_over_uniform=0.603373
RG_REMAP_SCORE round=700 layer=features.34 mode=persistent mean_q_current=0.269956 mean_q_previous=0.246926 mean_persistent_score=0.255803 sampling_entropy=6.231058
RG_SCORE round=700 layer=features.37 mean_q=0.265127 max_q=0.386984 fraction_q_positive=1.000000 sampling_entropy=6.231394 uniform_entropy=6.238325 entropy_gap=0.006931 max_probability_over_uniform=1.303400 min_probability_over_uniform=0.479860
RG_REMAP_SCORE round=700 layer=features.37 mode=persistent mean_q_current=0.265127 mean_q_previous=0.227978 mean_persistent_score=0.243938 sampling_entropy=6.231394
RG_SCORE round=700 layer=features.40 mean_q=0.215232 max_q=0.385283 fraction_q_positive=0.998047 sampling_entropy=6.211269 uniform_entropy=6.238325 entropy_gap=0.027056 max_probability_over_uniform=1.735713 min_probability_over_uniform=0.250000
RG_REMAP_SCORE round=700 layer=features.40 mode=persistent mean_q_current=0.215232 mean_q_previous=0.165953 mean_persistent_score=0.183362 sampling_entropy=6.211269
ROUND_ACCURACY method=FedPhoenixRG-Persistent round=700 accuracy=80.269997
********************************************************************************
Round 700
ROUND_ACCURACY method=FedPhoenixRG-Persistent round=701 accuracy=78.699997
********************************************************************************
Round 701
ROUND_ACCURACY method=FedPhoenixRG-Persistent round=702 accuracy=71.040001
********************************************************************************
Round 702
ROUND_ACCURACY method=FedPhoenixRG-Persistent round=703 accuracy=59.439999
********************************************************************************
Round 703
ROUND_ACCURACY method=FedPhoenixRG-Persistent round=704 accuracy=79.349998
********************************************************************************
Round 704
ROUND_ACCURACY method=FedPhoenixRG-Persistent round=705 accuracy=79.879997
********************************************************************************
Round 705
ROUND_ACCURACY method=FedPhoenixRG-Persistent round=706 accuracy=81.760002
********************************************************************************
Round 706
ROUND_ACCURACY method=FedPhoenixRG-Persistent round=707 accuracy=80.550003
********************************************************************************
Round 707
ROUND_ACCURACY method=FedPhoenixRG-Persistent round=708 accuracy=80.970001
********************************************************************************
Round 708
ROUND_ACCURACY method=FedPhoenixRG-Persistent round=709 accuracy=76.940002
********************************************************************************
Round 709
ROUND_ACCURACY method=FedPhoenixRG-Persistent round=710 accuracy=80.889999
********************************************************************************
Round 710
ROUND_ACCURACY method=FedPhoenixRG-Persistent round=711 accuracy=79.199997
********************************************************************************
Round 711
ROUND_ACCURACY method=FedPhoenixRG-Persistent round=712 accuracy=69.050003
********************************************************************************
Round 712
ROUND_ACCURACY method=FedPhoenixRG-Persistent round=713 accuracy=80.209999
********************************************************************************
Round 713
ROUND_ACCURACY method=FedPhoenixRG-Persistent round=714 accuracy=77.739998
********************************************************************************
Round 714
ROUND_ACCURACY method=FedPhoenixRG-Persistent round=715 accuracy=78.680000
********************************************************************************
Round 715
ROUND_ACCURACY method=FedPhoenixRG-Persistent round=716 accuracy=77.000000
********************************************************************************
Round 716
ROUND_ACCURACY method=FedPhoenixRG-Persistent round=717 accuracy=77.690002
********************************************************************************
Round 717
ROUND_ACCURACY method=FedPhoenixRG-Persistent round=718 accuracy=73.750000
********************************************************************************
Round 718
ROUND_ACCURACY method=FedPhoenixRG-Persistent round=719 accuracy=80.239998
********************************************************************************
Round 719
RG_SCORE round=720 layer=features.0 mean_q=0.074752 max_q=0.243482 fraction_q_positive=0.828125 sampling_entropy=3.764932 uniform_entropy=4.158883 entropy_gap=0.393951 max_probability_over_uniform=3.346369 min_probability_over_uniform=0.250000
RG_REMAP_SCORE round=720 layer=features.0 mode=persistent mean_q_current=0.074752 mean_q_previous=0.061518 mean_persistent_score=0.040034 sampling_entropy=3.764932
RG_SCORE round=720 layer=features.3 mean_q=0.042156 max_q=0.103972 fraction_q_positive=0.937500 sampling_entropy=4.064814 uniform_entropy=4.158883 entropy_gap=0.094069 max_probability_over_uniform=1.760523 min_probability_over_uniform=0.250000
RG_REMAP_SCORE round=720 layer=features.3 mode=persistent mean_q_current=0.042156 mean_q_previous=0.049829 mean_persistent_score=0.041503 sampling_entropy=4.064814
RG_SCORE round=720 layer=features.7 mean_q=0.046835 max_q=0.100390 fraction_q_positive=0.976562 sampling_entropy=4.818123 uniform_entropy=4.852030 entropy_gap=0.033908 max_probability_over_uniform=1.665257 min_probability_over_uniform=0.250000
RG_REMAP_SCORE round=720 layer=features.7 mode=persistent mean_q_current=0.046835 mean_q_previous=0.056734 mean_persistent_score=0.048818 sampling_entropy=4.818123
RG_SCORE round=720 layer=features.10 mean_q=0.049347 max_q=0.101191 fraction_q_positive=1.000000 sampling_entropy=4.834671 uniform_entropy=4.852030 entropy_gap=0.017359 max_probability_over_uniform=1.631600 min_probability_over_uniform=0.494254
RG_REMAP_SCORE round=720 layer=features.10 mode=persistent mean_q_current=0.049347 mean_q_previous=0.057872 mean_persistent_score=0.052075 sampling_entropy=4.834671
RG_SCORE round=720 layer=features.14 mean_q=0.052820 max_q=0.145894 fraction_q_positive=1.000000 sampling_entropy=5.524214 uniform_entropy=5.545177 entropy_gap=0.020963 max_probability_over_uniform=2.036945 min_probability_over_uniform=0.424046
RG_REMAP_SCORE round=720 layer=features.14 mode=persistent mean_q_current=0.052820 mean_q_previous=0.061169 mean_persistent_score=0.055692 sampling_entropy=5.524214
RG_SCORE round=720 layer=features.17 mean_q=0.051533 max_q=0.124321 fraction_q_positive=1.000000 sampling_entropy=5.526153 uniform_entropy=5.545177 entropy_gap=0.019024 max_probability_over_uniform=1.906010 min_probability_over_uniform=0.579766
RG_REMAP_SCORE round=720 layer=features.17 mode=persistent mean_q_current=0.051533 mean_q_previous=0.059592 mean_persistent_score=0.054561 sampling_entropy=5.526153
RG_SCORE round=720 layer=features.20 mean_q=0.044847 max_q=0.095080 fraction_q_positive=1.000000 sampling_entropy=5.529734 uniform_entropy=5.545177 entropy_gap=0.015443 max_probability_over_uniform=1.680517 min_probability_over_uniform=0.536179
RG_REMAP_SCORE round=720 layer=features.20 mode=persistent mean_q_current=0.044847 mean_q_previous=0.054158 mean_persistent_score=0.048497 sampling_entropy=5.529734
RG_SCORE round=720 layer=features.24 mean_q=0.071712 max_q=0.151544 fraction_q_positive=0.996094 sampling_entropy=6.214196 uniform_entropy=6.238325 entropy_gap=0.024129 max_probability_over_uniform=1.727067 min_probability_over_uniform=0.250000
RG_REMAP_SCORE round=720 layer=features.24 mode=persistent mean_q_current=0.071712 mean_q_previous=0.088395 mean_persistent_score=0.077454 sampling_entropy=6.214196
RG_SCORE round=720 layer=features.27 mean_q=0.091425 max_q=0.171669 fraction_q_positive=0.998047 sampling_entropy=6.221206 uniform_entropy=6.238325 entropy_gap=0.017119 max_probability_over_uniform=1.485984 min_probability_over_uniform=0.250000
RG_REMAP_SCORE round=720 layer=features.27 mode=persistent mean_q_current=0.091425 mean_q_previous=0.121639 mean_persistent_score=0.103412 sampling_entropy=6.221206
RG_SCORE round=720 layer=features.30 mean_q=0.078448 max_q=0.185654 fraction_q_positive=0.994141 sampling_entropy=6.218835 uniform_entropy=6.238325 entropy_gap=0.019490 max_probability_over_uniform=1.408437 min_probability_over_uniform=0.250000
RG_REMAP_SCORE round=720 layer=features.30 mode=persistent mean_q_current=0.078448 mean_q_previous=0.102992 mean_persistent_score=0.087872 sampling_entropy=6.218835
RG_SCORE round=720 layer=features.34 mean_q=0.170088 max_q=0.412311 fraction_q_positive=0.978516 sampling_entropy=6.209348 uniform_entropy=6.238325 entropy_gap=0.028976 max_probability_over_uniform=1.469526 min_probability_over_uniform=0.250000
RG_REMAP_SCORE round=720 layer=features.34 mode=persistent mean_q_current=0.170088 mean_q_previous=0.269956 mean_persistent_score=0.205649 sampling_entropy=6.209348
RG_SCORE round=720 layer=features.37 mean_q=0.141541 max_q=0.310713 fraction_q_positive=0.964844 sampling_entropy=6.200351 uniform_entropy=6.238325 entropy_gap=0.037973 max_probability_over_uniform=1.598407 min_probability_over_uniform=0.250000
RG_REMAP_SCORE round=720 layer=features.37 mode=persistent mean_q_current=0.141541 mean_q_previous=0.265127 mean_persistent_score=0.184174 sampling_entropy=6.200351
RG_SCORE round=720 layer=features.40 mean_q=0.078925 max_q=0.376415 fraction_q_positive=0.779297 sampling_entropy=6.073491 uniform_entropy=6.238325 entropy_gap=0.164834 max_probability_over_uniform=2.552111 min_probability_over_uniform=0.250000
RG_REMAP_SCORE round=720 layer=features.40 mode=persistent mean_q_current=0.078925 mean_q_previous=0.215232 mean_persistent_score=0.106733 sampling_entropy=6.073491
ROUND_ACCURACY method=FedPhoenixRG-Persistent round=720 accuracy=78.260002
********************************************************************************
Round 720
ROUND_ACCURACY method=FedPhoenixRG-Persistent round=721 accuracy=76.589996
********************************************************************************
Round 721
ROUND_ACCURACY method=FedPhoenixRG-Persistent round=722 accuracy=71.190002
********************************************************************************
Round 722
ROUND_ACCURACY method=FedPhoenixRG-Persistent round=723 accuracy=79.510002
********************************************************************************
Round 723
ROUND_ACCURACY method=FedPhoenixRG-Persistent round=724 accuracy=78.029999
********************************************************************************
Round 724
ROUND_ACCURACY method=FedPhoenixRG-Persistent round=725 accuracy=78.699997
********************************************************************************
Round 725
ROUND_ACCURACY method=FedPhoenixRG-Persistent round=726 accuracy=74.760002
********************************************************************************
Round 726
ROUND_ACCURACY method=FedPhoenixRG-Persistent round=727 accuracy=79.970001
********************************************************************************
Round 727
ROUND_ACCURACY method=FedPhoenixRG-Persistent round=728 accuracy=81.650002
********************************************************************************
Round 728
ROUND_ACCURACY method=FedPhoenixRG-Persistent round=729 accuracy=77.180000
********************************************************************************
Round 729
ROUND_ACCURACY method=FedPhoenixRG-Persistent round=730 accuracy=78.349998
********************************************************************************
Round 730
ROUND_ACCURACY method=FedPhoenixRG-Persistent round=731 accuracy=77.349998
********************************************************************************
Round 731
ROUND_ACCURACY method=FedPhoenixRG-Persistent round=732 accuracy=75.849998
********************************************************************************
Round 732
ROUND_ACCURACY method=FedPhoenixRG-Persistent round=733 accuracy=53.660000
********************************************************************************
Round 733
ROUND_ACCURACY method=FedPhoenixRG-Persistent round=734 accuracy=72.040001
********************************************************************************
Round 734
ROUND_ACCURACY method=FedPhoenixRG-Persistent round=735 accuracy=66.419998
********************************************************************************
Round 735
ROUND_ACCURACY method=FedPhoenixRG-Persistent round=736 accuracy=70.360001
********************************************************************************
Round 736
ROUND_ACCURACY method=FedPhoenixRG-Persistent round=737 accuracy=76.129997
********************************************************************************
Round 737
ROUND_ACCURACY method=FedPhoenixRG-Persistent round=738 accuracy=74.250000
********************************************************************************
Round 738
ROUND_ACCURACY method=FedPhoenixRG-Persistent round=739 accuracy=80.809998
********************************************************************************
Round 739
RG_SCORE round=740 layer=features.0 mean_q=0.054458 max_q=0.235904 fraction_q_positive=0.640625 sampling_entropy=3.720167 uniform_entropy=4.158883 entropy_gap=0.438716 max_probability_over_uniform=3.326347 min_probability_over_uniform=0.250000
RG_REMAP_SCORE round=740 layer=features.0 mode=persistent mean_q_current=0.054458 mean_q_previous=0.074752 mean_persistent_score=0.038143 sampling_entropy=3.720167
RG_SCORE round=740 layer=features.3 mean_q=0.038133 max_q=0.084186 fraction_q_positive=0.937500 sampling_entropy=4.059957 uniform_entropy=4.158883 entropy_gap=0.098926 max_probability_over_uniform=1.789213 min_probability_over_uniform=0.250000
RG_REMAP_SCORE round=740 layer=features.3 mode=persistent mean_q_current=0.038133 mean_q_previous=0.042156 mean_persistent_score=0.034038 sampling_entropy=4.059957
RG_SCORE round=740 layer=features.7 mean_q=0.040066 max_q=0.082251 fraction_q_positive=0.953125 sampling_entropy=4.791443 uniform_entropy=4.852030 entropy_gap=0.060587 max_probability_over_uniform=1.685827 min_probability_over_uniform=0.250000
RG_REMAP_SCORE round=740 layer=features.7 mode=persistent mean_q_current=0.040066 mean_q_previous=0.046835 mean_persistent_score=0.039369 sampling_entropy=4.791443
RG_SCORE round=740 layer=features.10 mean_q=0.044027 max_q=0.079019 fraction_q_positive=0.992188 sampling_entropy=4.829326 uniform_entropy=4.852030 entropy_gap=0.022705 max_probability_over_uniform=1.424133 min_probability_over_uniform=0.250000
RG_REMAP_SCORE round=740 layer=features.10 mode=persistent mean_q_current=0.044027 mean_q_previous=0.049347 mean_persistent_score=0.045043 sampling_entropy=4.829326
RG_SCORE round=740 layer=features.14 mean_q=0.051620 max_q=0.107412 fraction_q_positive=1.000000 sampling_entropy=5.523683 uniform_entropy=5.545177 entropy_gap=0.021495 max_probability_over_uniform=1.869933 min_probability_over_uniform=0.445565
RG_REMAP_SCORE round=740 layer=features.14 mode=persistent mean_q_current=0.051620 mean_q_previous=0.052820 mean_persistent_score=0.051089 sampling_entropy=5.523683
RG_SCORE round=740 layer=features.17 mean_q=0.056270 max_q=0.120328 fraction_q_positive=1.000000 sampling_entropy=5.527325 uniform_entropy=5.545177 entropy_gap=0.017852 max_probability_over_uniform=1.791040 min_probability_over_uniform=0.532949
RG_REMAP_SCORE round=740 layer=features.17 mode=persistent mean_q_current=0.056270 mean_q_previous=0.051533 mean_persistent_score=0.052996 sampling_entropy=5.527325
RG_SCORE round=740 layer=features.20 mean_q=0.050360 max_q=0.095509 fraction_q_positive=1.000000 sampling_entropy=5.528258 uniform_entropy=5.545177 entropy_gap=0.016920 max_probability_over_uniform=1.778931 min_probability_over_uniform=0.409629
RG_REMAP_SCORE round=740 layer=features.20 mode=persistent mean_q_current=0.050360 mean_q_previous=0.044847 mean_persistent_score=0.046646 sampling_entropy=5.528258
RG_SCORE round=740 layer=features.24 mean_q=0.085843 max_q=0.158010 fraction_q_positive=1.000000 sampling_entropy=6.217131 uniform_entropy=6.238325 entropy_gap=0.021194 max_probability_over_uniform=1.758653 min_probability_over_uniform=0.250000
RG_REMAP_SCORE round=740 layer=features.24 mode=persistent mean_q_current=0.085843 mean_q_previous=0.071712 mean_persistent_score=0.076213 sampling_entropy=6.217131
RG_SCORE round=740 layer=features.27 mean_q=0.114560 max_q=0.180430 fraction_q_positive=1.000000 sampling_entropy=6.223180 uniform_entropy=6.238325 entropy_gap=0.015145 max_probability_over_uniform=1.458937 min_probability_over_uniform=0.250000
RG_REMAP_SCORE round=740 layer=features.27 mode=persistent mean_q_current=0.114560 mean_q_previous=0.091425 mean_persistent_score=0.100080 sampling_entropy=6.223180
RG_SCORE round=740 layer=features.30 mean_q=0.106680 max_q=0.165059 fraction_q_positive=1.000000 sampling_entropy=6.221401 uniform_entropy=6.238325 entropy_gap=0.016924 max_probability_over_uniform=1.394880 min_probability_over_uniform=0.250000
RG_REMAP_SCORE round=740 layer=features.30 mode=persistent mean_q_current=0.106680 mean_q_previous=0.078448 mean_persistent_score=0.089247 sampling_entropy=6.221401
RG_SCORE round=740 layer=features.34 mean_q=0.254374 max_q=0.363615 fraction_q_positive=1.000000 sampling_entropy=6.209358 uniform_entropy=6.238325 entropy_gap=0.028967 max_probability_over_uniform=1.472101 min_probability_over_uniform=0.250000
RG_REMAP_SCORE round=740 layer=features.34 mode=persistent mean_q_current=0.254374 mean_q_previous=0.170088 mean_persistent_score=0.199907 sampling_entropy=6.209358
RG_SCORE round=740 layer=features.37 mean_q=0.258576 max_q=0.371909 fraction_q_positive=1.000000 sampling_entropy=6.200023 uniform_entropy=6.238325 entropy_gap=0.038301 max_probability_over_uniform=1.587218 min_probability_over_uniform=0.250000
RG_REMAP_SCORE round=740 layer=features.37 mode=persistent mean_q_current=0.258576 mean_q_previous=0.141541 mean_persistent_score=0.182021 sampling_entropy=6.200023
RG_SCORE round=740 layer=features.40 mean_q=0.184564 max_q=0.342450 fraction_q_positive=1.000000 sampling_entropy=6.071646 uniform_entropy=6.238325 entropy_gap=0.166678 max_probability_over_uniform=2.504396 min_probability_over_uniform=0.250000
RG_REMAP_SCORE round=740 layer=features.40 mode=persistent mean_q_current=0.184564 mean_q_previous=0.078925 mean_persistent_score=0.098586 sampling_entropy=6.071646
ROUND_ACCURACY method=FedPhoenixRG-Persistent round=740 accuracy=58.860001
********************************************************************************
Round 740
ROUND_ACCURACY method=FedPhoenixRG-Persistent round=741 accuracy=70.860001
********************************************************************************
Round 741
ROUND_ACCURACY method=FedPhoenixRG-Persistent round=742 accuracy=64.400002
********************************************************************************
Round 742
ROUND_ACCURACY method=FedPhoenixRG-Persistent round=743 accuracy=76.570000
********************************************************************************
Round 743
ROUND_ACCURACY method=FedPhoenixRG-Persistent round=744 accuracy=80.849998
********************************************************************************
Round 744
ROUND_ACCURACY method=FedPhoenixRG-Persistent round=745 accuracy=79.919998
********************************************************************************
Round 745
ROUND_ACCURACY method=FedPhoenixRG-Persistent round=746 accuracy=74.769997
********************************************************************************
Round 746
ROUND_ACCURACY method=FedPhoenixRG-Persistent round=747 accuracy=78.699997
********************************************************************************
Round 747
ROUND_ACCURACY method=FedPhoenixRG-Persistent round=748 accuracy=78.059998
********************************************************************************
Round 748
ROUND_ACCURACY method=FedPhoenixRG-Persistent round=749 accuracy=79.930000
********************************************************************************
Round 749
ROUND_ACCURACY method=FedPhoenixRG-Persistent round=750 accuracy=80.139999
********************************************************************************
Round 750
ROUND_ACCURACY method=FedPhoenixRG-Persistent round=751 accuracy=80.489998
********************************************************************************
Round 751
ROUND_ACCURACY method=FedPhoenixRG-Persistent round=752 accuracy=77.660004
********************************************************************************
Round 752
ROUND_ACCURACY method=FedPhoenixRG-Persistent round=753 accuracy=80.690002
********************************************************************************
Round 753
ROUND_ACCURACY method=FedPhoenixRG-Persistent round=754 accuracy=77.370003
********************************************************************************
Round 754
ROUND_ACCURACY method=FedPhoenixRG-Persistent round=755 accuracy=79.650002
********************************************************************************
Round 755
ROUND_ACCURACY method=FedPhoenixRG-Persistent round=756 accuracy=82.279999
********************************************************************************
Round 756
ROUND_ACCURACY method=FedPhoenixRG-Persistent round=757 accuracy=78.309998
********************************************************************************
Round 757
ROUND_ACCURACY method=FedPhoenixRG-Persistent round=758 accuracy=78.070000
********************************************************************************
Round 758
ROUND_ACCURACY method=FedPhoenixRG-Persistent round=759 accuracy=76.690002
********************************************************************************
Round 759
RG_SCORE round=760 layer=features.0 mean_q=0.058707 max_q=0.212593 fraction_q_positive=0.718750 sampling_entropy=3.662330 uniform_entropy=4.158883 entropy_gap=0.496553 max_probability_over_uniform=4.600690 min_probability_over_uniform=0.250000
RG_REMAP_SCORE round=760 layer=features.0 mode=persistent mean_q_current=0.058707 mean_q_previous=0.054458 mean_persistent_score=0.030397 sampling_entropy=3.662330
RG_SCORE round=760 layer=features.3 mean_q=0.059697 max_q=0.129284 fraction_q_positive=0.953125 sampling_entropy=4.051452 uniform_entropy=4.158883 entropy_gap=0.107431 max_probability_over_uniform=1.809736 min_probability_over_uniform=0.250000
RG_REMAP_SCORE round=760 layer=features.3 mode=persistent mean_q_current=0.059697 mean_q_previous=0.038133 mean_persistent_score=0.043092 sampling_entropy=4.051452
RG_SCORE round=760 layer=features.7 mean_q=0.061267 max_q=0.128776 fraction_q_positive=1.000000 sampling_entropy=4.803724 uniform_entropy=4.852030 entropy_gap=0.048306 max_probability_over_uniform=1.608221 min_probability_over_uniform=0.250000
RG_REMAP_SCORE round=760 layer=features.7 mode=persistent mean_q_current=0.061267 mean_q_previous=0.040066 mean_persistent_score=0.045894 sampling_entropy=4.803724
RG_SCORE round=760 layer=features.10 mean_q=0.058814 max_q=0.097430 fraction_q_positive=1.000000 sampling_entropy=4.831678 uniform_entropy=4.852030 entropy_gap=0.020352 max_probability_over_uniform=1.438758 min_probability_over_uniform=0.250000
RG_REMAP_SCORE round=760 layer=features.10 mode=persistent mean_q_current=0.058814 mean_q_previous=0.044027 mean_persistent_score=0.049652 sampling_entropy=4.831678
RG_SCORE round=760 layer=features.14 mean_q=0.063677 max_q=0.132243 fraction_q_positive=1.000000 sampling_entropy=5.526268 uniform_entropy=5.545177 entropy_gap=0.018910 max_probability_over_uniform=1.655108 min_probability_over_uniform=0.539691
RG_REMAP_SCORE round=760 layer=features.14 mode=persistent mean_q_current=0.063677 mean_q_previous=0.051620 mean_persistent_score=0.056086 sampling_entropy=5.526268
RG_SCORE round=760 layer=features.17 mean_q=0.060315 max_q=0.112801 fraction_q_positive=1.000000 sampling_entropy=5.527467 uniform_entropy=5.545177 entropy_gap=0.017710 max_probability_over_uniform=1.754004 min_probability_over_uniform=0.528107
RG_REMAP_SCORE round=760 layer=features.17 mode=persistent mean_q_current=0.060315 mean_q_previous=0.056270 mean_persistent_score=0.057269 sampling_entropy=5.527467
RG_SCORE round=760 layer=features.20 mean_q=0.050100 max_q=0.092849 fraction_q_positive=0.988281 sampling_entropy=5.521928 uniform_entropy=5.545177 entropy_gap=0.023249 max_probability_over_uniform=1.697431 min_probability_over_uniform=0.250000
RG_REMAP_SCORE round=760 layer=features.20 mode=persistent mean_q_current=0.050100 mean_q_previous=0.050360 mean_persistent_score=0.048691 sampling_entropy=5.521928
RG_SCORE round=760 layer=features.24 mean_q=0.076799 max_q=0.162633 fraction_q_positive=0.984375 sampling_entropy=6.206374 uniform_entropy=6.238325 entropy_gap=0.031951 max_probability_over_uniform=1.736174 min_probability_over_uniform=0.250000
RG_REMAP_SCORE round=760 layer=features.24 mode=persistent mean_q_current=0.076799 mean_q_previous=0.085843 mean_persistent_score=0.078352 sampling_entropy=6.206374
RG_SCORE round=760 layer=features.27 mean_q=0.082816 max_q=0.180941 fraction_q_positive=0.919922 sampling_entropy=6.179538 uniform_entropy=6.238325 entropy_gap=0.058787 max_probability_over_uniform=1.674044 min_probability_over_uniform=0.250000
RG_REMAP_SCORE round=760 layer=features.27 mode=persistent mean_q_current=0.082816 mean_q_previous=0.114560 mean_persistent_score=0.090477 sampling_entropy=6.179538
RG_SCORE round=760 layer=features.30 mean_q=0.056785 max_q=0.159384 fraction_q_positive=0.816406 sampling_entropy=6.115772 uniform_entropy=6.238325 entropy_gap=0.122553 max_probability_over_uniform=1.899707 min_probability_over_uniform=0.250000
RG_REMAP_SCORE round=760 layer=features.30 mode=persistent mean_q_current=0.056785 mean_q_previous=0.106680 mean_persistent_score=0.067314 sampling_entropy=6.115772
RG_SCORE round=760 layer=features.34 mean_q=0.145985 max_q=0.400059 fraction_q_positive=0.826172 sampling_entropy=6.121383 uniform_entropy=6.238325 entropy_gap=0.116942 max_probability_over_uniform=1.826988 min_probability_over_uniform=0.250000
RG_REMAP_SCORE round=760 layer=features.34 mode=persistent mean_q_current=0.145985 mean_q_previous=0.254374 mean_persistent_score=0.167351 sampling_entropy=6.121383
RG_SCORE round=760 layer=features.37 mean_q=0.129944 max_q=0.343354 fraction_q_positive=0.892578 sampling_entropy=6.150731 uniform_entropy=6.238325 entropy_gap=0.087594 max_probability_over_uniform=1.682691 min_probability_over_uniform=0.250000
RG_REMAP_SCORE round=760 layer=features.37 mode=persistent mean_q_current=0.129944 mean_q_previous=0.258576 mean_persistent_score=0.163737 sampling_entropy=6.150731
RG_SCORE round=760 layer=features.40 mean_q=0.108058 max_q=0.360692 fraction_q_positive=0.804688 sampling_entropy=6.102291 uniform_entropy=6.238325 entropy_gap=0.136033 max_probability_over_uniform=2.290518 min_probability_over_uniform=0.250000
RG_REMAP_SCORE round=760 layer=features.40 mode=persistent mean_q_current=0.108058 mean_q_previous=0.184564 mean_persistent_score=0.118521 sampling_entropy=6.102291
ROUND_ACCURACY method=FedPhoenixRG-Persistent round=760 accuracy=80.110001
********************************************************************************
Round 760
ROUND_ACCURACY method=FedPhoenixRG-Persistent round=761 accuracy=80.860001
********************************************************************************
Round 761
ROUND_ACCURACY method=FedPhoenixRG-Persistent round=762 accuracy=77.820000
********************************************************************************
Round 762
ROUND_ACCURACY method=FedPhoenixRG-Persistent round=763 accuracy=79.739998
********************************************************************************
Round 763
ROUND_ACCURACY method=FedPhoenixRG-Persistent round=764 accuracy=76.180000
********************************************************************************
Round 764
ROUND_ACCURACY method=FedPhoenixRG-Persistent round=765 accuracy=81.470001
********************************************************************************
Round 765
ROUND_ACCURACY method=FedPhoenixRG-Persistent round=766 accuracy=79.559998
********************************************************************************
Round 766
ROUND_ACCURACY method=FedPhoenixRG-Persistent round=767 accuracy=81.050003
********************************************************************************
Round 767
ROUND_ACCURACY method=FedPhoenixRG-Persistent round=768 accuracy=73.449997
********************************************************************************
Round 768
ROUND_ACCURACY method=FedPhoenixRG-Persistent round=769 accuracy=76.889999
********************************************************************************
Round 769
ROUND_ACCURACY method=FedPhoenixRG-Persistent round=770 accuracy=81.589996
********************************************************************************
Round 770
ROUND_ACCURACY method=FedPhoenixRG-Persistent round=771 accuracy=73.129997
********************************************************************************
Round 771
ROUND_ACCURACY method=FedPhoenixRG-Persistent round=772 accuracy=73.570000
********************************************************************************
Round 772
ROUND_ACCURACY method=FedPhoenixRG-Persistent round=773 accuracy=71.459999
********************************************************************************
Round 773
ROUND_ACCURACY method=FedPhoenixRG-Persistent round=774 accuracy=73.860001
********************************************************************************
Round 774
ROUND_ACCURACY method=FedPhoenixRG-Persistent round=775 accuracy=70.419998
********************************************************************************
Round 775
ROUND_ACCURACY method=FedPhoenixRG-Persistent round=776 accuracy=72.570000
********************************************************************************
Round 776
ROUND_ACCURACY method=FedPhoenixRG-Persistent round=777 accuracy=80.330002
********************************************************************************
Round 777
ROUND_ACCURACY method=FedPhoenixRG-Persistent round=778 accuracy=68.820000
********************************************************************************
Round 778
ROUND_ACCURACY method=FedPhoenixRG-Persistent round=779 accuracy=69.500000
********************************************************************************
Round 779
RG_SCORE round=780 layer=features.0 mean_q=0.042214 max_q=0.131299 fraction_q_positive=0.765625 sampling_entropy=3.798307 uniform_entropy=4.158883 entropy_gap=0.360576 max_probability_over_uniform=3.074086 min_probability_over_uniform=0.250000
RG_REMAP_SCORE round=780 layer=features.0 mode=persistent mean_q_current=0.042214 mean_q_previous=0.058707 mean_persistent_score=0.032761 sampling_entropy=3.798307
RG_SCORE round=780 layer=features.3 mean_q=0.042373 max_q=0.097033 fraction_q_positive=1.000000 sampling_entropy=4.102222 uniform_entropy=4.158883 entropy_gap=0.056662 max_probability_over_uniform=1.635686 min_probability_over_uniform=0.250000
RG_REMAP_SCORE round=780 layer=features.3 mode=persistent mean_q_current=0.042373 mean_q_previous=0.059697 mean_persistent_score=0.046397 sampling_entropy=4.102222
RG_SCORE round=780 layer=features.7 mean_q=0.041042 max_q=0.075567 fraction_q_positive=1.000000 sampling_entropy=4.826210 uniform_entropy=4.852030 entropy_gap=0.025820 max_probability_over_uniform=1.666424 min_probability_over_uniform=0.515784
RG_REMAP_SCORE round=780 layer=features.7 mode=persistent mean_q_current=0.041042 mean_q_previous=0.061267 mean_persistent_score=0.048802 sampling_entropy=4.826210
RG_SCORE round=780 layer=features.10 mean_q=0.042210 max_q=0.072531 fraction_q_positive=1.000000 sampling_entropy=4.840797 uniform_entropy=4.852030 entropy_gap=0.011234 max_probability_over_uniform=1.531547 min_probability_over_uniform=0.561756
RG_REMAP_SCORE round=780 layer=features.10 mode=persistent mean_q_current=0.042210 mean_q_previous=0.058814 mean_persistent_score=0.049196 sampling_entropy=4.840797
RG_SCORE round=780 layer=features.14 mean_q=0.046889 max_q=0.105796 fraction_q_positive=1.000000 sampling_entropy=5.528131 uniform_entropy=5.545177 entropy_gap=0.017047 max_probability_over_uniform=1.659678 min_probability_over_uniform=0.559303
RG_REMAP_SCORE round=780 layer=features.14 mode=persistent mean_q_current=0.046889 mean_q_previous=0.063677 mean_persistent_score=0.053831 sampling_entropy=5.528131
RG_SCORE round=780 layer=features.17 mean_q=0.045056 max_q=0.096864 fraction_q_positive=1.000000 sampling_entropy=5.527138 uniform_entropy=5.545177 entropy_gap=0.018040 max_probability_over_uniform=1.690357 min_probability_over_uniform=0.545143
RG_REMAP_SCORE round=780 layer=features.17 mode=persistent mean_q_current=0.045056 mean_q_previous=0.060315 mean_persistent_score=0.051368 sampling_entropy=5.527138
RG_SCORE round=780 layer=features.20 mean_q=0.038971 max_q=0.067785 fraction_q_positive=1.000000 sampling_entropy=5.524945 uniform_entropy=5.545177 entropy_gap=0.020233 max_probability_over_uniform=1.546081 min_probability_over_uniform=0.250000
RG_REMAP_SCORE round=780 layer=features.20 mode=persistent mean_q_current=0.038971 mean_q_previous=0.050100 mean_persistent_score=0.042950 sampling_entropy=5.524945
RG_SCORE round=780 layer=features.24 mean_q=0.065666 max_q=0.150788 fraction_q_positive=1.000000 sampling_entropy=6.208461 uniform_entropy=6.238325 entropy_gap=0.029864 max_probability_over_uniform=1.952291 min_probability_over_uniform=0.250000
RG_REMAP_SCORE round=780 layer=features.24 mode=persistent mean_q_current=0.065666 mean_q_previous=0.076799 mean_persistent_score=0.068465 sampling_entropy=6.208461
RG_SCORE round=780 layer=features.27 mean_q=0.089446 max_q=0.150975 fraction_q_positive=1.000000 sampling_entropy=6.179229 uniform_entropy=6.238325 entropy_gap=0.059095 max_probability_over_uniform=1.790474 min_probability_over_uniform=0.250000
RG_REMAP_SCORE round=780 layer=features.27 mode=persistent mean_q_current=0.089446 mean_q_previous=0.082816 mean_persistent_score=0.079727 sampling_entropy=6.179229
RG_SCORE round=780 layer=features.30 mean_q=0.077170 max_q=0.125431 fraction_q_positive=1.000000 sampling_entropy=6.114504 uniform_entropy=6.238325 entropy_gap=0.123821 max_probability_over_uniform=2.053125 min_probability_over_uniform=0.250000
RG_REMAP_SCORE round=780 layer=features.30 mode=persistent mean_q_current=0.077170 mean_q_previous=0.056785 mean_persistent_score=0.057074 sampling_entropy=6.114504
RG_SCORE round=780 layer=features.34 mean_q=0.185302 max_q=0.325347 fraction_q_positive=1.000000 sampling_entropy=6.119235 uniform_entropy=6.238325 entropy_gap=0.119090 max_probability_over_uniform=1.954718 min_probability_over_uniform=0.250000
RG_REMAP_SCORE round=780 layer=features.34 mode=persistent mean_q_current=0.185302 mean_q_previous=0.145985 mean_persistent_score=0.142139 sampling_entropy=6.119235
RG_SCORE round=780 layer=features.37 mean_q=0.198318 max_q=0.321447 fraction_q_positive=0.996094 sampling_entropy=6.146403 uniform_entropy=6.238325 entropy_gap=0.091922 max_probability_over_uniform=1.814140 min_probability_over_uniform=0.250000
RG_REMAP_SCORE round=780 layer=features.37 mode=persistent mean_q_current=0.198318 mean_q_previous=0.129944 mean_persistent_score=0.143080 sampling_entropy=6.146403
RG_SCORE round=780 layer=features.40 mean_q=0.139602 max_q=0.326629 fraction_q_positive=0.962891 sampling_entropy=6.074580 uniform_entropy=6.238325 entropy_gap=0.163745 max_probability_over_uniform=2.401037 min_probability_over_uniform=0.250000
RG_REMAP_SCORE round=780 layer=features.40 mode=persistent mean_q_current=0.139602 mean_q_previous=0.108058 mean_persistent_score=0.100674 sampling_entropy=6.074580
ROUND_ACCURACY method=FedPhoenixRG-Persistent round=780 accuracy=78.949997
********************************************************************************
Round 780
ROUND_ACCURACY method=FedPhoenixRG-Persistent round=781 accuracy=72.089996
********************************************************************************
Round 781
ROUND_ACCURACY method=FedPhoenixRG-Persistent round=782 accuracy=81.919998
********************************************************************************
Round 782
ROUND_ACCURACY method=FedPhoenixRG-Persistent round=783 accuracy=81.529999
********************************************************************************
Round 783
ROUND_ACCURACY method=FedPhoenixRG-Persistent round=784 accuracy=78.699997
********************************************************************************
Round 784
ROUND_ACCURACY method=FedPhoenixRG-Persistent round=785 accuracy=78.110001
********************************************************************************
Round 785
ROUND_ACCURACY method=FedPhoenixRG-Persistent round=786 accuracy=69.629997
********************************************************************************
Round 786
ROUND_ACCURACY method=FedPhoenixRG-Persistent round=787 accuracy=77.879997
********************************************************************************
Round 787
ROUND_ACCURACY method=FedPhoenixRG-Persistent round=788 accuracy=80.639999
********************************************************************************
Round 788
ROUND_ACCURACY method=FedPhoenixRG-Persistent round=789 accuracy=79.639999
********************************************************************************
Round 789
ROUND_ACCURACY method=FedPhoenixRG-Persistent round=790 accuracy=80.410004
********************************************************************************
Round 790
ROUND_ACCURACY method=FedPhoenixRG-Persistent round=791 accuracy=82.160004
********************************************************************************
Round 791
ROUND_ACCURACY method=FedPhoenixRG-Persistent round=792 accuracy=76.459999
********************************************************************************
Round 792
ROUND_ACCURACY method=FedPhoenixRG-Persistent round=793 accuracy=78.750000
********************************************************************************
Round 793
ROUND_ACCURACY method=FedPhoenixRG-Persistent round=794 accuracy=77.949997
********************************************************************************
Round 794
ROUND_ACCURACY method=FedPhoenixRG-Persistent round=795 accuracy=80.650002
********************************************************************************
Round 795
ROUND_ACCURACY method=FedPhoenixRG-Persistent round=796 accuracy=79.129997
********************************************************************************
Round 796
ROUND_ACCURACY method=FedPhoenixRG-Persistent round=797 accuracy=75.120003
********************************************************************************
Round 797
ROUND_ACCURACY method=FedPhoenixRG-Persistent round=798 accuracy=80.190002
********************************************************************************
Round 798
ROUND_ACCURACY method=FedPhoenixRG-Persistent round=799 accuracy=82.940002
********************************************************************************
Round 799
RG_SCORE round=800 layer=features.0 mean_q=0.068741 max_q=0.219091 fraction_q_positive=0.734375 sampling_entropy=3.818613 uniform_entropy=4.158883 entropy_gap=0.340270 max_probability_over_uniform=3.255095 min_probability_over_uniform=0.250000
RG_REMAP_SCORE round=800 layer=features.0 mode=persistent mean_q_current=0.068741 mean_q_previous=0.042214 mean_persistent_score=0.038010 sampling_entropy=3.818613
RG_SCORE round=800 layer=features.3 mean_q=0.059295 max_q=0.109282 fraction_q_positive=1.000000 sampling_entropy=4.138174 uniform_entropy=4.158883 entropy_gap=0.020709 max_probability_over_uniform=1.388177 min_probability_over_uniform=0.506599
RG_REMAP_SCORE round=800 layer=features.3 mode=persistent mean_q_current=0.059295 mean_q_previous=0.042373 mean_persistent_score=0.048075 sampling_entropy=4.138174
RG_SCORE round=800 layer=features.7 mean_q=0.062164 max_q=0.130419 fraction_q_positive=1.000000 sampling_entropy=4.832477 uniform_entropy=4.852030 entropy_gap=0.019553 max_probability_over_uniform=1.551178 min_probability_over_uniform=0.472861
RG_REMAP_SCORE round=800 layer=features.7 mode=persistent mean_q_current=0.062164 mean_q_previous=0.041042 mean_persistent_score=0.049450 sampling_entropy=4.832477
RG_SCORE round=800 layer=features.10 mean_q=0.059356 max_q=0.102696 fraction_q_positive=1.000000 sampling_entropy=4.844047 uniform_entropy=4.852030 entropy_gap=0.007983 max_probability_over_uniform=1.507958 min_probability_over_uniform=0.729959
RG_REMAP_SCORE round=800 layer=features.10 mode=persistent mean_q_current=0.059356 mean_q_previous=0.042210 mean_persistent_score=0.049627 sampling_entropy=4.844047
RG_SCORE round=800 layer=features.14 mean_q=0.068817 max_q=0.143640 fraction_q_positive=1.000000 sampling_entropy=5.531717 uniform_entropy=5.545177 entropy_gap=0.013460 max_probability_over_uniform=1.728853 min_probability_over_uniform=0.708812
RG_REMAP_SCORE round=800 layer=features.14 mode=persistent mean_q_current=0.068817 mean_q_previous=0.046889 mean_persistent_score=0.056298 sampling_entropy=5.531717
RG_SCORE round=800 layer=features.17 mean_q=0.066930 max_q=0.112391 fraction_q_positive=1.000000 sampling_entropy=5.532383 uniform_entropy=5.545177 entropy_gap=0.012795 max_probability_over_uniform=1.641053 min_probability_over_uniform=0.680306
RG_REMAP_SCORE round=800 layer=features.17 mode=persistent mean_q_current=0.066930 mean_q_previous=0.045056 mean_persistent_score=0.054530 sampling_entropy=5.532383
RG_SCORE round=800 layer=features.20 mean_q=0.058708 max_q=0.099949 fraction_q_positive=1.000000 sampling_entropy=5.538495 uniform_entropy=5.545177 entropy_gap=0.006682 max_probability_over_uniform=1.503718 min_probability_over_uniform=0.761777
RG_REMAP_SCORE round=800 layer=features.20 mode=persistent mean_q_current=0.058708 mean_q_previous=0.038971 mean_persistent_score=0.047494 sampling_entropy=5.538495
RG_SCORE round=800 layer=features.24 mean_q=0.102112 max_q=0.183908 fraction_q_positive=1.000000 sampling_entropy=6.225940 uniform_entropy=6.238325 entropy_gap=0.012385 max_probability_over_uniform=1.585690 min_probability_over_uniform=0.621934
RG_REMAP_SCORE round=800 layer=features.24 mode=persistent mean_q_current=0.102112 mean_q_previous=0.065666 mean_persistent_score=0.081077 sampling_entropy=6.225940
RG_SCORE round=800 layer=features.27 mean_q=0.140607 max_q=0.219516 fraction_q_positive=1.000000 sampling_entropy=6.231361 uniform_entropy=6.238325 entropy_gap=0.006963 max_probability_over_uniform=1.377722 min_probability_over_uniform=0.608555
RG_REMAP_SCORE round=800 layer=features.27 mode=persistent mean_q_current=0.140607 mean_q_previous=0.089446 mean_persistent_score=0.111153 sampling_entropy=6.231361
RG_SCORE round=800 layer=features.30 mean_q=0.112543 max_q=0.173373 fraction_q_positive=1.000000 sampling_entropy=6.232458 uniform_entropy=6.238325 entropy_gap=0.005866 max_probability_over_uniform=1.381843 min_probability_over_uniform=0.713598
RG_REMAP_SCORE round=800 layer=features.30 mode=persistent mean_q_current=0.112543 mean_q_previous=0.077170 mean_persistent_score=0.092423 sampling_entropy=6.232458
RG_SCORE round=800 layer=features.34 mean_q=0.277452 max_q=0.387669 fraction_q_positive=1.000000 sampling_entropy=6.231055 uniform_entropy=6.238325 entropy_gap=0.007270 max_probability_over_uniform=1.376736 min_probability_over_uniform=0.558191
RG_REMAP_SCORE round=800 layer=features.34 mode=persistent mean_q_current=0.277452 mean_q_previous=0.185302 mean_persistent_score=0.224408 sampling_entropy=6.231055
RG_SCORE round=800 layer=features.37 mean_q=0.243116 max_q=0.372736 fraction_q_positive=1.000000 sampling_entropy=6.227413 uniform_entropy=6.238325 entropy_gap=0.010911 max_probability_over_uniform=1.351837 min_probability_over_uniform=0.250000
RG_REMAP_SCORE round=800 layer=features.37 mode=persistent mean_q_current=0.243116 mean_q_previous=0.198318 mean_persistent_score=0.216924 sampling_entropy=6.227413
RG_SCORE round=800 layer=features.40 mean_q=0.145316 max_q=0.411442 fraction_q_positive=0.984375 sampling_entropy=6.163838 uniform_entropy=6.238325 entropy_gap=0.074487 max_probability_over_uniform=2.136646 min_probability_over_uniform=0.250000
RG_REMAP_SCORE round=800 layer=features.40 mode=persistent mean_q_current=0.145316 mean_q_previous=0.139602 mean_persistent_score=0.131553 sampling_entropy=6.163838
ROUND_ACCURACY method=FedPhoenixRG-Persistent round=800 accuracy=78.750000
********************************************************************************
Round 800
ROUND_ACCURACY method=FedPhoenixRG-Persistent round=801 accuracy=77.449997
********************************************************************************
Round 801
ROUND_ACCURACY method=FedPhoenixRG-Persistent round=802 accuracy=79.470001
********************************************************************************
Round 802
ROUND_ACCURACY method=FedPhoenixRG-Persistent round=803 accuracy=81.440002
********************************************************************************
Round 803
ROUND_ACCURACY method=FedPhoenixRG-Persistent round=804 accuracy=75.529999
********************************************************************************
Round 804
ROUND_ACCURACY method=FedPhoenixRG-Persistent round=805 accuracy=73.540001
********************************************************************************
Round 805
ROUND_ACCURACY method=FedPhoenixRG-Persistent round=806 accuracy=78.570000
********************************************************************************
Round 806
ROUND_ACCURACY method=FedPhoenixRG-Persistent round=807 accuracy=65.830002
********************************************************************************
Round 807
ROUND_ACCURACY method=FedPhoenixRG-Persistent round=808 accuracy=60.360001
********************************************************************************
Round 808
ROUND_ACCURACY method=FedPhoenixRG-Persistent round=809 accuracy=77.629997
********************************************************************************
Round 809
ROUND_ACCURACY method=FedPhoenixRG-Persistent round=810 accuracy=81.419998
********************************************************************************
Round 810
ROUND_ACCURACY method=FedPhoenixRG-Persistent round=811 accuracy=79.669998
********************************************************************************
Round 811
ROUND_ACCURACY method=FedPhoenixRG-Persistent round=812 accuracy=79.870003
********************************************************************************
Round 812
ROUND_ACCURACY method=FedPhoenixRG-Persistent round=813 accuracy=78.629997
********************************************************************************
Round 813
ROUND_ACCURACY method=FedPhoenixRG-Persistent round=814 accuracy=71.440002
********************************************************************************
Round 814
ROUND_ACCURACY method=FedPhoenixRG-Persistent round=815 accuracy=77.809998
********************************************************************************
Round 815
ROUND_ACCURACY method=FedPhoenixRG-Persistent round=816 accuracy=80.099998
********************************************************************************
Round 816
ROUND_ACCURACY method=FedPhoenixRG-Persistent round=817 accuracy=78.949997
********************************************************************************
Round 817
ROUND_ACCURACY method=FedPhoenixRG-Persistent round=818 accuracy=80.370003
********************************************************************************
Round 818
ROUND_ACCURACY method=FedPhoenixRG-Persistent round=819 accuracy=81.029999
********************************************************************************
Round 819
RG_SCORE round=820 layer=features.0 mean_q=0.058291 max_q=0.222932 fraction_q_positive=0.656250 sampling_entropy=3.693761 uniform_entropy=4.158883 entropy_gap=0.465122 max_probability_over_uniform=3.903423 min_probability_over_uniform=0.250000
RG_REMAP_SCORE round=820 layer=features.0 mode=persistent mean_q_current=0.058291 mean_q_previous=0.068741 mean_persistent_score=0.039391 sampling_entropy=3.693761
RG_SCORE round=820 layer=features.3 mean_q=0.051671 max_q=0.134859 fraction_q_positive=0.984375 sampling_entropy=4.114418 uniform_entropy=4.158883 entropy_gap=0.044465 max_probability_over_uniform=1.656681 min_probability_over_uniform=0.250000
RG_REMAP_SCORE round=820 layer=features.3 mode=persistent mean_q_current=0.051671 mean_q_previous=0.059295 mean_persistent_score=0.051314 sampling_entropy=4.114418
RG_SCORE round=820 layer=features.7 mean_q=0.055362 max_q=0.119024 fraction_q_positive=0.984375 sampling_entropy=4.818758 uniform_entropy=4.852030 entropy_gap=0.033272 max_probability_over_uniform=1.626422 min_probability_over_uniform=0.250000
RG_REMAP_SCORE round=820 layer=features.7 mode=persistent mean_q_current=0.055362 mean_q_previous=0.062164 mean_persistent_score=0.056348 sampling_entropy=4.818758
RG_SCORE round=820 layer=features.10 mean_q=0.050403 max_q=0.099891 fraction_q_positive=0.992188 sampling_entropy=4.833864 uniform_entropy=4.852030 entropy_gap=0.018166 max_probability_over_uniform=1.668804 min_probability_over_uniform=0.250000
RG_REMAP_SCORE round=820 layer=features.10 mode=persistent mean_q_current=0.050403 mean_q_previous=0.059356 mean_persistent_score=0.053540 sampling_entropy=4.833864
RG_SCORE round=820 layer=features.14 mean_q=0.054074 max_q=0.124940 fraction_q_positive=0.992188 sampling_entropy=5.523112 uniform_entropy=5.545177 entropy_gap=0.022066 max_probability_over_uniform=1.764585 min_probability_over_uniform=0.250000
RG_REMAP_SCORE round=820 layer=features.14 mode=persistent mean_q_current=0.054074 mean_q_previous=0.068817 mean_persistent_score=0.059737 sampling_entropy=5.523112
RG_SCORE round=820 layer=features.17 mean_q=0.050366 max_q=0.121305 fraction_q_positive=0.988281 sampling_entropy=5.520972 uniform_entropy=5.545177 entropy_gap=0.024206 max_probability_over_uniform=1.794122 min_probability_over_uniform=0.250000
RG_REMAP_SCORE round=820 layer=features.17 mode=persistent mean_q_current=0.050366 mean_q_previous=0.066930 mean_persistent_score=0.056713 sampling_entropy=5.520972
RG_SCORE round=820 layer=features.20 mean_q=0.044557 max_q=0.082172 fraction_q_positive=0.992188 sampling_entropy=5.527790 uniform_entropy=5.545177 entropy_gap=0.017387 max_probability_over_uniform=1.562913 min_probability_over_uniform=0.250000
RG_REMAP_SCORE round=820 layer=features.20 mode=persistent mean_q_current=0.044557 mean_q_previous=0.058708 mean_persistent_score=0.050150 sampling_entropy=5.527790
RG_SCORE round=820 layer=features.24 mean_q=0.076015 max_q=0.177301 fraction_q_positive=0.972656 sampling_entropy=6.206779 uniform_entropy=6.238325 entropy_gap=0.031546 max_probability_over_uniform=1.760223 min_probability_over_uniform=0.250000
RG_REMAP_SCORE round=820 layer=features.24 mode=persistent mean_q_current=0.076015 mean_q_previous=0.102112 mean_persistent_score=0.084700 sampling_entropy=6.206779
RG_SCORE round=820 layer=features.27 mean_q=0.097369 max_q=0.191648 fraction_q_positive=0.957031 sampling_entropy=6.200107 uniform_entropy=6.238325 entropy_gap=0.038218 max_probability_over_uniform=1.491806 min_probability_over_uniform=0.250000
RG_REMAP_SCORE round=820 layer=features.27 mode=persistent mean_q_current=0.097369 mean_q_previous=0.140607 mean_persistent_score=0.111477 sampling_entropy=6.200107
RG_SCORE round=820 layer=features.30 mean_q=0.070450 max_q=0.138251 fraction_q_positive=0.978516 sampling_entropy=6.213424 uniform_entropy=6.238325 entropy_gap=0.024901 max_probability_over_uniform=1.595072 min_probability_over_uniform=0.250000
RG_REMAP_SCORE round=820 layer=features.30 mode=persistent mean_q_current=0.070450 mean_q_previous=0.112543 mean_persistent_score=0.086326 sampling_entropy=6.213424
RG_SCORE round=820 layer=features.34 mean_q=0.193852 max_q=0.366927 fraction_q_positive=0.980469 sampling_entropy=6.210776 uniform_entropy=6.238325 entropy_gap=0.027548 max_probability_over_uniform=1.489174 min_probability_over_uniform=0.250000
RG_REMAP_SCORE round=820 layer=features.34 mode=persistent mean_q_current=0.193852 mean_q_previous=0.277452 mean_persistent_score=0.223201 sampling_entropy=6.210776
RG_SCORE round=820 layer=features.37 mean_q=0.191863 max_q=0.327128 fraction_q_positive=0.990234 sampling_entropy=6.218990 uniform_entropy=6.238325 entropy_gap=0.019335 max_probability_over_uniform=1.487533 min_probability_over_uniform=0.250000
RG_REMAP_SCORE round=820 layer=features.37 mode=persistent mean_q_current=0.191863 mean_q_previous=0.243116 mean_persistent_score=0.211181 sampling_entropy=6.218990
RG_SCORE round=820 layer=features.40 mean_q=0.155921 max_q=0.318744 fraction_q_positive=0.974609 sampling_entropy=6.177677 uniform_entropy=6.238325 entropy_gap=0.060648 max_probability_over_uniform=1.882950 min_probability_over_uniform=0.250000
RG_REMAP_SCORE round=820 layer=features.40 mode=persistent mean_q_current=0.155921 mean_q_previous=0.145316 mean_persistent_score=0.138216 sampling_entropy=6.177677
ROUND_ACCURACY method=FedPhoenixRG-Persistent round=820 accuracy=80.279999
********************************************************************************
Round 820
ROUND_ACCURACY method=FedPhoenixRG-Persistent round=821 accuracy=79.650002
********************************************************************************
Round 821
ROUND_ACCURACY method=FedPhoenixRG-Persistent round=822 accuracy=75.519997
********************************************************************************
Round 822
ROUND_ACCURACY method=FedPhoenixRG-Persistent round=823 accuracy=63.740002
********************************************************************************
Round 823
ROUND_ACCURACY method=FedPhoenixRG-Persistent round=824 accuracy=45.119999
********************************************************************************
Round 824
ROUND_ACCURACY method=FedPhoenixRG-Persistent round=825 accuracy=76.480003
********************************************************************************
Round 825
ROUND_ACCURACY method=FedPhoenixRG-Persistent round=826 accuracy=72.849998
********************************************************************************
Round 826
ROUND_ACCURACY method=FedPhoenixRG-Persistent round=827 accuracy=65.980003
********************************************************************************
Round 827
ROUND_ACCURACY method=FedPhoenixRG-Persistent round=828 accuracy=63.340000
********************************************************************************
Round 828
ROUND_ACCURACY method=FedPhoenixRG-Persistent round=829 accuracy=78.169998
********************************************************************************
Round 829
ROUND_ACCURACY method=FedPhoenixRG-Persistent round=830 accuracy=70.320000
********************************************************************************
Round 830
ROUND_ACCURACY method=FedPhoenixRG-Persistent round=831 accuracy=77.029999
********************************************************************************
Round 831
ROUND_ACCURACY method=FedPhoenixRG-Persistent round=832 accuracy=81.529999
********************************************************************************
Round 832
ROUND_ACCURACY method=FedPhoenixRG-Persistent round=833 accuracy=77.730003
********************************************************************************
Round 833
ROUND_ACCURACY method=FedPhoenixRG-Persistent round=834 accuracy=81.260002
********************************************************************************
Round 834
ROUND_ACCURACY method=FedPhoenixRG-Persistent round=835 accuracy=82.269997
********************************************************************************
Round 835
ROUND_ACCURACY method=FedPhoenixRG-Persistent round=836 accuracy=80.199997
********************************************************************************
Round 836
ROUND_ACCURACY method=FedPhoenixRG-Persistent round=837 accuracy=79.580002
********************************************************************************
Round 837
ROUND_ACCURACY method=FedPhoenixRG-Persistent round=838 accuracy=81.059998
********************************************************************************
Round 838
ROUND_ACCURACY method=FedPhoenixRG-Persistent round=839 accuracy=78.730003
********************************************************************************
Round 839
RG_SCORE round=840 layer=features.0 mean_q=0.051277 max_q=0.195686 fraction_q_positive=0.796875 sampling_entropy=3.751554 uniform_entropy=4.158883 entropy_gap=0.407329 max_probability_over_uniform=3.268798 min_probability_over_uniform=0.250000
RG_REMAP_SCORE round=840 layer=features.0 mode=persistent mean_q_current=0.051277 mean_q_previous=0.058291 mean_persistent_score=0.031514 sampling_entropy=3.751554
RG_SCORE round=840 layer=features.3 mean_q=0.045878 max_q=0.098754 fraction_q_positive=1.000000 sampling_entropy=4.107885 uniform_entropy=4.158883 entropy_gap=0.050998 max_probability_over_uniform=1.996710 min_probability_over_uniform=0.250000
RG_REMAP_SCORE round=840 layer=features.3 mode=persistent mean_q_current=0.045878 mean_q_previous=0.051671 mean_persistent_score=0.045505 sampling_entropy=4.107885
RG_SCORE round=840 layer=features.7 mean_q=0.053002 max_q=0.105513 fraction_q_positive=1.000000 sampling_entropy=4.822440 uniform_entropy=4.852030 entropy_gap=0.029591 max_probability_over_uniform=1.615772 min_probability_over_uniform=0.250000
RG_REMAP_SCORE round=840 layer=features.7 mode=persistent mean_q_current=0.053002 mean_q_previous=0.055362 mean_persistent_score=0.051762 sampling_entropy=4.822440
RG_SCORE round=840 layer=features.10 mean_q=0.052040 max_q=0.089285 fraction_q_positive=1.000000 sampling_entropy=4.834731 uniform_entropy=4.852030 entropy_gap=0.017299 max_probability_over_uniform=1.664026 min_probability_over_uniform=0.250000
RG_REMAP_SCORE round=840 layer=features.10 mode=persistent mean_q_current=0.052040 mean_q_previous=0.050403 mean_persistent_score=0.050091 sampling_entropy=4.834731
RG_SCORE round=840 layer=features.14 mean_q=0.057753 max_q=0.105569 fraction_q_positive=1.000000 sampling_entropy=5.523937 uniform_entropy=5.545177 entropy_gap=0.021241 max_probability_over_uniform=1.705239 min_probability_over_uniform=0.250000
RG_REMAP_SCORE round=840 layer=features.14 mode=persistent mean_q_current=0.057753 mean_q_previous=0.054074 mean_persistent_score=0.054659 sampling_entropy=5.523937
RG_SCORE round=840 layer=features.17 mean_q=0.055461 max_q=0.091391 fraction_q_positive=1.000000 sampling_entropy=5.521565 uniform_entropy=5.545177 entropy_gap=0.023612 max_probability_over_uniform=1.761641 min_probability_over_uniform=0.250000
RG_REMAP_SCORE round=840 layer=features.17 mode=persistent mean_q_current=0.055461 mean_q_previous=0.050366 mean_persistent_score=0.051497 sampling_entropy=5.521565
RG_SCORE round=840 layer=features.20 mean_q=0.048576 max_q=0.082247 fraction_q_positive=1.000000 sampling_entropy=5.528093 uniform_entropy=5.545177 entropy_gap=0.017085 max_probability_over_uniform=1.545653 min_probability_over_uniform=0.250000
RG_REMAP_SCORE round=840 layer=features.20 mode=persistent mean_q_current=0.048576 mean_q_previous=0.044557 mean_persistent_score=0.045463 sampling_entropy=5.528093
RG_SCORE round=840 layer=features.24 mean_q=0.077993 max_q=0.165067 fraction_q_positive=0.998047 sampling_entropy=6.203033 uniform_entropy=6.238325 entropy_gap=0.035291 max_probability_over_uniform=1.702228 min_probability_over_uniform=0.250000
RG_REMAP_SCORE round=840 layer=features.24 mode=persistent mean_q_current=0.077993 mean_q_previous=0.076015 mean_persistent_score=0.073602 sampling_entropy=6.203033
RG_SCORE round=840 layer=features.27 mean_q=0.110286 max_q=0.191405 fraction_q_positive=1.000000 sampling_entropy=6.196629 uniform_entropy=6.238325 entropy_gap=0.041695 max_probability_over_uniform=1.699644 min_probability_over_uniform=0.250000
RG_REMAP_SCORE round=840 layer=features.27 mode=persistent mean_q_current=0.110286 mean_q_previous=0.097369 mean_persistent_score=0.097726 sampling_entropy=6.196629
RG_SCORE round=840 layer=features.30 mean_q=0.083278 max_q=0.135283 fraction_q_positive=1.000000 sampling_entropy=6.212080 uniform_entropy=6.238325 entropy_gap=0.026245 max_probability_over_uniform=1.540092 min_probability_over_uniform=0.250000
RG_REMAP_SCORE round=840 layer=features.30 mode=persistent mean_q_current=0.083278 mean_q_previous=0.070450 mean_persistent_score=0.073465 sampling_entropy=6.212080
RG_SCORE round=840 layer=features.34 mean_q=0.202996 max_q=0.369627 fraction_q_positive=1.000000 sampling_entropy=6.206785 uniform_entropy=6.238325 entropy_gap=0.031540 max_probability_over_uniform=1.502598 min_probability_over_uniform=0.250000
RG_REMAP_SCORE round=840 layer=features.34 mode=persistent mean_q_current=0.202996 mean_q_previous=0.193852 mean_persistent_score=0.188153 sampling_entropy=6.206785
RG_SCORE round=840 layer=features.37 mean_q=0.174221 max_q=0.315343 fraction_q_positive=1.000000 sampling_entropy=6.211677 uniform_entropy=6.238325 entropy_gap=0.026648 max_probability_over_uniform=1.553175 min_probability_over_uniform=0.250000
RG_REMAP_SCORE round=840 layer=features.37 mode=persistent mean_q_current=0.174221 mean_q_previous=0.191863 mean_persistent_score=0.176306 sampling_entropy=6.211677
RG_SCORE round=840 layer=features.40 mean_q=0.109319 max_q=0.311027 fraction_q_positive=0.970703 sampling_entropy=6.174567 uniform_entropy=6.238325 entropy_gap=0.063758 max_probability_over_uniform=1.853272 min_probability_over_uniform=0.250000
RG_REMAP_SCORE round=840 layer=features.40 mode=persistent mean_q_current=0.109319 mean_q_previous=0.155921 mean_persistent_score=0.120865 sampling_entropy=6.174567
ROUND_ACCURACY method=FedPhoenixRG-Persistent round=840 accuracy=67.440002
********************************************************************************
Round 840
ROUND_ACCURACY method=FedPhoenixRG-Persistent round=841 accuracy=77.669998
********************************************************************************
Round 841
ROUND_ACCURACY method=FedPhoenixRG-Persistent round=842 accuracy=75.910004
********************************************************************************
Round 842
ROUND_ACCURACY method=FedPhoenixRG-Persistent round=843 accuracy=82.050003
********************************************************************************
Round 843
ROUND_ACCURACY method=FedPhoenixRG-Persistent round=844 accuracy=81.989998
********************************************************************************
Round 844
ROUND_ACCURACY method=FedPhoenixRG-Persistent round=845 accuracy=81.680000
********************************************************************************
Round 845
ROUND_ACCURACY method=FedPhoenixRG-Persistent round=846 accuracy=73.580002
********************************************************************************
Round 846
ROUND_ACCURACY method=FedPhoenixRG-Persistent round=847 accuracy=71.639999
********************************************************************************
Round 847
ROUND_ACCURACY method=FedPhoenixRG-Persistent round=848 accuracy=82.040001
********************************************************************************
Round 848
ROUND_ACCURACY method=FedPhoenixRG-Persistent round=849 accuracy=70.389999
********************************************************************************
Round 849
ROUND_ACCURACY method=FedPhoenixRG-Persistent round=850 accuracy=64.199997
********************************************************************************
Round 850
ROUND_ACCURACY method=FedPhoenixRG-Persistent round=851 accuracy=76.529999
********************************************************************************
Round 851
ROUND_ACCURACY method=FedPhoenixRG-Persistent round=852 accuracy=80.239998
********************************************************************************
Round 852
ROUND_ACCURACY method=FedPhoenixRG-Persistent round=853 accuracy=75.809998
********************************************************************************
Round 853
ROUND_ACCURACY method=FedPhoenixRG-Persistent round=854 accuracy=67.620003
********************************************************************************
Round 854
ROUND_ACCURACY method=FedPhoenixRG-Persistent round=855 accuracy=68.680000
********************************************************************************
Round 855
ROUND_ACCURACY method=FedPhoenixRG-Persistent round=856 accuracy=73.959999
********************************************************************************
Round 856
ROUND_ACCURACY method=FedPhoenixRG-Persistent round=857 accuracy=79.199997
********************************************************************************
Round 857
ROUND_ACCURACY method=FedPhoenixRG-Persistent round=858 accuracy=80.720001
********************************************************************************
Round 858
ROUND_ACCURACY method=FedPhoenixRG-Persistent round=859 accuracy=80.519997
********************************************************************************
Round 859
RG_SCORE round=860 layer=features.0 mean_q=0.037960 max_q=0.120392 fraction_q_positive=0.718750 sampling_entropy=3.802109 uniform_entropy=4.158883 entropy_gap=0.356775 max_probability_over_uniform=3.798754 min_probability_over_uniform=0.250000
RG_REMAP_SCORE round=860 layer=features.0 mode=persistent mean_q_current=0.037960 mean_q_previous=0.051277 mean_persistent_score=0.029078 sampling_entropy=3.802109
RG_SCORE round=860 layer=features.3 mean_q=0.016781 max_q=0.072686 fraction_q_positive=0.578125 sampling_entropy=3.840494 uniform_entropy=4.158883 entropy_gap=0.318390 max_probability_over_uniform=2.891141 min_probability_over_uniform=0.250000
RG_REMAP_SCORE round=860 layer=features.3 mode=persistent mean_q_current=0.016781 mean_q_previous=0.045878 mean_persistent_score=0.019087 sampling_entropy=3.840494
RG_SCORE round=860 layer=features.7 mean_q=0.022472 max_q=0.074860 fraction_q_positive=0.859375 sampling_entropy=4.750468 uniform_entropy=4.852030 entropy_gap=0.101562 max_probability_over_uniform=1.860391 min_probability_over_uniform=0.250000
RG_REMAP_SCORE round=860 layer=features.7 mode=persistent mean_q_current=0.022472 mean_q_previous=0.053002 mean_persistent_score=0.030240 sampling_entropy=4.750468
RG_SCORE round=860 layer=features.10 mean_q=0.018719 max_q=0.051048 fraction_q_positive=0.921875 sampling_entropy=4.778196 uniform_entropy=4.852030 entropy_gap=0.073834 max_probability_over_uniform=1.723723 min_probability_over_uniform=0.250000
RG_REMAP_SCORE round=860 layer=features.10 mode=persistent mean_q_current=0.018719 mean_q_previous=0.052040 mean_persistent_score=0.028075 sampling_entropy=4.778196
RG_SCORE round=860 layer=features.14 mean_q=0.023629 max_q=0.071669 fraction_q_positive=0.964844 sampling_entropy=5.485416 uniform_entropy=5.545177 entropy_gap=0.059762 max_probability_over_uniform=1.961060 min_probability_over_uniform=0.250000
RG_REMAP_SCORE round=860 layer=features.14 mode=persistent mean_q_current=0.023629 mean_q_previous=0.057753 mean_persistent_score=0.034381 sampling_entropy=5.485416
RG_SCORE round=860 layer=features.17 mean_q=0.022230 max_q=0.073363 fraction_q_positive=0.980469 sampling_entropy=5.507242 uniform_entropy=5.545177 entropy_gap=0.037935 max_probability_over_uniform=1.786425 min_probability_over_uniform=0.250000
RG_REMAP_SCORE round=860 layer=features.17 mode=persistent mean_q_current=0.022230 mean_q_previous=0.055461 mean_persistent_score=0.033600 sampling_entropy=5.507242
RG_SCORE round=860 layer=features.20 mean_q=0.017854 max_q=0.047983 fraction_q_positive=0.949219 sampling_entropy=5.494545 uniform_entropy=5.545177 entropy_gap=0.050633 max_probability_over_uniform=1.968024 min_probability_over_uniform=0.250000
RG_REMAP_SCORE round=860 layer=features.20 mode=persistent mean_q_current=0.017854 mean_q_previous=0.048576 mean_persistent_score=0.027424 sampling_entropy=5.494545
RG_SCORE round=860 layer=features.24 mean_q=0.039727 max_q=0.136273 fraction_q_positive=0.958984 sampling_entropy=6.168569 uniform_entropy=6.238325 entropy_gap=0.069756 max_probability_over_uniform=2.200338 min_probability_over_uniform=0.250000
RG_REMAP_SCORE round=860 layer=features.24 mode=persistent mean_q_current=0.039727 mean_q_previous=0.077993 mean_persistent_score=0.050924 sampling_entropy=6.168569
RG_SCORE round=860 layer=features.27 mean_q=0.066042 max_q=0.172178 fraction_q_positive=0.994141 sampling_entropy=6.201855 uniform_entropy=6.238325 entropy_gap=0.036470 max_probability_over_uniform=1.851352 min_probability_over_uniform=0.250000
RG_REMAP_SCORE round=860 layer=features.27 mode=persistent mean_q_current=0.066042 mean_q_previous=0.110286 mean_persistent_score=0.081278 sampling_entropy=6.201855
RG_SCORE round=860 layer=features.30 mean_q=0.045860 max_q=0.117638 fraction_q_positive=0.984375 sampling_entropy=6.201262 uniform_entropy=6.238325 entropy_gap=0.037062 max_probability_over_uniform=1.702782 min_probability_over_uniform=0.250000
RG_REMAP_SCORE round=860 layer=features.30 mode=persistent mean_q_current=0.045860 mean_q_previous=0.083278 mean_persistent_score=0.059416 sampling_entropy=6.201262
RG_SCORE round=860 layer=features.34 mean_q=0.135886 max_q=0.352975 fraction_q_positive=0.957031 sampling_entropy=6.179398 uniform_entropy=6.238325 entropy_gap=0.058927 max_probability_over_uniform=1.753149 min_probability_over_uniform=0.250000
RG_REMAP_SCORE round=860 layer=features.34 mode=persistent mean_q_current=0.135886 mean_q_previous=0.202996 mean_persistent_score=0.153573 sampling_entropy=6.179398
RG_SCORE round=860 layer=features.37 mean_q=0.126891 max_q=0.276758 fraction_q_positive=0.955078 sampling_entropy=6.183149 uniform_entropy=6.238325 entropy_gap=0.055176 max_probability_over_uniform=1.732670 min_probability_over_uniform=0.250000
RG_REMAP_SCORE round=860 layer=features.37 mode=persistent mean_q_current=0.126891 mean_q_previous=0.174221 mean_persistent_score=0.137746 sampling_entropy=6.183149
RG_SCORE round=860 layer=features.40 mean_q=0.084597 max_q=0.294373 fraction_q_positive=0.916016 sampling_entropy=6.128364 uniform_entropy=6.238325 entropy_gap=0.109960 max_probability_over_uniform=2.345329 min_probability_over_uniform=0.250000
RG_REMAP_SCORE round=860 layer=features.40 mode=persistent mean_q_current=0.084597 mean_q_previous=0.109319 mean_persistent_score=0.083428 sampling_entropy=6.128364
ROUND_ACCURACY method=FedPhoenixRG-Persistent round=860 accuracy=77.860001
********************************************************************************
Round 860
ROUND_ACCURACY method=FedPhoenixRG-Persistent round=861 accuracy=76.519997
********************************************************************************
Round 861
ROUND_ACCURACY method=FedPhoenixRG-Persistent round=862 accuracy=81.089996
********************************************************************************
Round 862
ROUND_ACCURACY method=FedPhoenixRG-Persistent round=863 accuracy=73.580002
********************************************************************************
Round 863
ROUND_ACCURACY method=FedPhoenixRG-Persistent round=864 accuracy=78.519997
********************************************************************************
Round 864
ROUND_ACCURACY method=FedPhoenixRG-Persistent round=865 accuracy=80.250000
********************************************************************************
Round 865
ROUND_ACCURACY method=FedPhoenixRG-Persistent round=866 accuracy=76.129997
********************************************************************************
Round 866
ROUND_ACCURACY method=FedPhoenixRG-Persistent round=867 accuracy=78.339996
********************************************************************************
Round 867
ROUND_ACCURACY method=FedPhoenixRG-Persistent round=868 accuracy=74.050003
********************************************************************************
Round 868
ROUND_ACCURACY method=FedPhoenixRG-Persistent round=869 accuracy=82.070000
********************************************************************************
Round 869
ROUND_ACCURACY method=FedPhoenixRG-Persistent round=870 accuracy=80.389999
********************************************************************************
Round 870
ROUND_ACCURACY method=FedPhoenixRG-Persistent round=871 accuracy=82.300003
********************************************************************************
Round 871
ROUND_ACCURACY method=FedPhoenixRG-Persistent round=872 accuracy=82.220001
********************************************************************************
Round 872
ROUND_ACCURACY method=FedPhoenixRG-Persistent round=873 accuracy=82.139999
********************************************************************************
Round 873
ROUND_ACCURACY method=FedPhoenixRG-Persistent round=874 accuracy=78.720001
********************************************************************************
Round 874
ROUND_ACCURACY method=FedPhoenixRG-Persistent round=875 accuracy=72.970001
********************************************************************************
Round 875
ROUND_ACCURACY method=FedPhoenixRG-Persistent round=876 accuracy=81.480003
********************************************************************************
Round 876
ROUND_ACCURACY method=FedPhoenixRG-Persistent round=877 accuracy=75.949997
********************************************************************************
Round 877
ROUND_ACCURACY method=FedPhoenixRG-Persistent round=878 accuracy=76.519997
********************************************************************************
Round 878
ROUND_ACCURACY method=FedPhoenixRG-Persistent round=879 accuracy=61.290001
********************************************************************************
Round 879
RG_SCORE round=880 layer=features.0 mean_q=0.054036 max_q=0.201137 fraction_q_positive=0.750000 sampling_entropy=3.786580 uniform_entropy=4.158883 entropy_gap=0.372303 max_probability_over_uniform=3.010249 min_probability_over_uniform=0.250000
RG_REMAP_SCORE round=880 layer=features.0 mode=persistent mean_q_current=0.054036 mean_q_previous=0.037960 mean_persistent_score=0.026611 sampling_entropy=3.786580
RG_SCORE round=880 layer=features.3 mean_q=0.058052 max_q=0.105782 fraction_q_positive=1.000000 sampling_entropy=3.822156 uniform_entropy=4.158883 entropy_gap=0.336727 max_probability_over_uniform=2.768853 min_probability_over_uniform=0.250000
RG_REMAP_SCORE round=880 layer=features.3 mode=persistent mean_q_current=0.058052 mean_q_previous=0.016781 mean_persistent_score=0.022526 sampling_entropy=3.822156
RG_SCORE round=880 layer=features.7 mean_q=0.060287 max_q=0.103880 fraction_q_positive=1.000000 sampling_entropy=4.747100 uniform_entropy=4.852030 entropy_gap=0.104930 max_probability_over_uniform=2.110240 min_probability_over_uniform=0.250000
RG_REMAP_SCORE round=880 layer=features.7 mode=persistent mean_q_current=0.060287 mean_q_previous=0.022472 mean_persistent_score=0.031908 sampling_entropy=4.747100
RG_SCORE round=880 layer=features.10 mean_q=0.055526 max_q=0.091359 fraction_q_positive=1.000000 sampling_entropy=4.775065 uniform_entropy=4.852030 entropy_gap=0.076965 max_probability_over_uniform=1.750656 min_probability_over_uniform=0.250000
RG_REMAP_SCORE round=880 layer=features.10 mode=persistent mean_q_current=0.055526 mean_q_previous=0.018719 mean_persistent_score=0.029094 sampling_entropy=4.775065
RG_SCORE round=880 layer=features.14 mean_q=0.062612 max_q=0.122541 fraction_q_positive=1.000000 sampling_entropy=5.485924 uniform_entropy=5.545177 entropy_gap=0.059253 max_probability_over_uniform=2.067360 min_probability_over_uniform=0.250000
RG_REMAP_SCORE round=880 layer=features.14 mode=persistent mean_q_current=0.062612 mean_q_previous=0.023629 mean_persistent_score=0.035808 sampling_entropy=5.485924
RG_SCORE round=880 layer=features.17 mean_q=0.062374 max_q=0.117757 fraction_q_positive=1.000000 sampling_entropy=5.507951 uniform_entropy=5.545177 entropy_gap=0.037226 max_probability_over_uniform=1.785503 min_probability_over_uniform=0.250000
RG_REMAP_SCORE round=880 layer=features.17 mode=persistent mean_q_current=0.062374 mean_q_previous=0.022230 mean_persistent_score=0.035592 sampling_entropy=5.507951
RG_SCORE round=880 layer=features.20 mean_q=0.052835 max_q=0.086551 fraction_q_positive=1.000000 sampling_entropy=5.494844 uniform_entropy=5.545177 entropy_gap=0.050333 max_probability_over_uniform=1.702013 min_probability_over_uniform=0.250000
RG_REMAP_SCORE round=880 layer=features.20 mode=persistent mean_q_current=0.052835 mean_q_previous=0.017854 mean_persistent_score=0.028685 sampling_entropy=5.494844
RG_SCORE round=880 layer=features.24 mean_q=0.100332 max_q=0.189481 fraction_q_positive=1.000000 sampling_entropy=6.170943 uniform_entropy=6.238325 entropy_gap=0.067382 max_probability_over_uniform=2.151007 min_probability_over_uniform=0.250000
RG_REMAP_SCORE round=880 layer=features.24 mode=persistent mean_q_current=0.100332 mean_q_previous=0.039727 mean_persistent_score=0.058300 sampling_entropy=6.170943
RG_SCORE round=880 layer=features.27 mean_q=0.148211 max_q=0.206739 fraction_q_positive=1.000000 sampling_entropy=6.206547 uniform_entropy=6.238325 entropy_gap=0.031778 max_probability_over_uniform=1.687382 min_probability_over_uniform=0.250000
RG_REMAP_SCORE round=880 layer=features.27 mode=persistent mean_q_current=0.148211 mean_q_previous=0.066042 mean_persistent_score=0.094805 sampling_entropy=6.206547
RG_SCORE round=880 layer=features.30 mean_q=0.115922 max_q=0.159909 fraction_q_positive=1.000000 sampling_entropy=6.207932 uniform_entropy=6.238325 entropy_gap=0.030392 max_probability_over_uniform=1.580307 min_probability_over_uniform=0.250000
RG_REMAP_SCORE round=880 layer=features.30 mode=persistent mean_q_current=0.115922 mean_q_previous=0.045860 mean_persistent_score=0.069807 sampling_entropy=6.207932
RG_SCORE round=880 layer=features.34 mean_q=0.300993 max_q=0.385898 fraction_q_positive=1.000000 sampling_entropy=6.186182 uniform_entropy=6.238325 entropy_gap=0.052142 max_probability_over_uniform=1.675621 min_probability_over_uniform=0.250000
RG_REMAP_SCORE round=880 layer=features.34 mode=persistent mean_q_current=0.300993 mean_q_previous=0.135886 mean_persistent_score=0.188934 sampling_entropy=6.186182
RG_SCORE round=880 layer=features.37 mean_q=0.293132 max_q=0.384642 fraction_q_positive=1.000000 sampling_entropy=6.193980 uniform_entropy=6.238325 entropy_gap=0.044344 max_probability_over_uniform=1.488286 min_probability_over_uniform=0.250000
RG_REMAP_SCORE round=880 layer=features.37 mode=persistent mean_q_current=0.293132 mean_q_previous=0.126891 mean_persistent_score=0.181760 sampling_entropy=6.193980
RG_SCORE round=880 layer=features.40 mean_q=0.197511 max_q=0.379537 fraction_q_positive=0.996094 sampling_entropy=6.161243 uniform_entropy=6.238325 entropy_gap=0.077081 max_probability_over_uniform=2.264539 min_probability_over_uniform=0.250000
RG_REMAP_SCORE round=880 layer=features.40 mode=persistent mean_q_current=0.197511 mean_q_previous=0.084597 mean_persistent_score=0.116699 sampling_entropy=6.161243
ROUND_ACCURACY method=FedPhoenixRG-Persistent round=880 accuracy=80.589996
********************************************************************************
Round 880
ROUND_ACCURACY method=FedPhoenixRG-Persistent round=881 accuracy=74.620003
********************************************************************************
Round 881
ROUND_ACCURACY method=FedPhoenixRG-Persistent round=882 accuracy=79.720001
********************************************************************************
Round 882
ROUND_ACCURACY method=FedPhoenixRG-Persistent round=883 accuracy=75.040001
********************************************************************************
Round 883
ROUND_ACCURACY method=FedPhoenixRG-Persistent round=884 accuracy=80.349998
********************************************************************************
Round 884
ROUND_ACCURACY method=FedPhoenixRG-Persistent round=885 accuracy=78.820000
********************************************************************************
Round 885
ROUND_ACCURACY method=FedPhoenixRG-Persistent round=886 accuracy=80.739998
********************************************************************************
Round 886
ROUND_ACCURACY method=FedPhoenixRG-Persistent round=887 accuracy=68.809998
********************************************************************************
Round 887
ROUND_ACCURACY method=FedPhoenixRG-Persistent round=888 accuracy=81.410004
********************************************************************************
Round 888
ROUND_ACCURACY method=FedPhoenixRG-Persistent round=889 accuracy=82.570000
********************************************************************************
Round 889
ROUND_ACCURACY method=FedPhoenixRG-Persistent round=890 accuracy=81.889999
********************************************************************************
Round 890
ROUND_ACCURACY method=FedPhoenixRG-Persistent round=891 accuracy=82.180000
********************************************************************************
Round 891
ROUND_ACCURACY method=FedPhoenixRG-Persistent round=892 accuracy=75.599998
********************************************************************************
Round 892
ROUND_ACCURACY method=FedPhoenixRG-Persistent round=893 accuracy=80.809998
********************************************************************************
Round 893
ROUND_ACCURACY method=FedPhoenixRG-Persistent round=894 accuracy=77.790001
********************************************************************************
Round 894
ROUND_ACCURACY method=FedPhoenixRG-Persistent round=895 accuracy=72.330002
********************************************************************************
Round 895
ROUND_ACCURACY method=FedPhoenixRG-Persistent round=896 accuracy=72.050003
********************************************************************************
Round 896
ROUND_ACCURACY method=FedPhoenixRG-Persistent round=897 accuracy=72.879997
********************************************************************************
Round 897
ROUND_ACCURACY method=FedPhoenixRG-Persistent round=898 accuracy=73.459999
********************************************************************************
Round 898
ROUND_ACCURACY method=FedPhoenixRG-Persistent round=899 accuracy=80.300003
********************************************************************************
Round 899
RG_SCORE round=900 layer=features.0 mean_q=0.049198 max_q=0.219653 fraction_q_positive=0.750000 sampling_entropy=3.837192 uniform_entropy=4.158883 entropy_gap=0.321691 max_probability_over_uniform=2.916080 min_probability_over_uniform=0.250000
RG_REMAP_SCORE round=900 layer=features.0 mode=persistent mean_q_current=0.049198 mean_q_previous=0.054036 mean_persistent_score=0.032432 sampling_entropy=3.837192
RG_SCORE round=900 layer=features.3 mean_q=0.030754 max_q=0.066467 fraction_q_positive=0.984375 sampling_entropy=4.118615 uniform_entropy=4.158883 entropy_gap=0.040268 max_probability_over_uniform=1.592237 min_probability_over_uniform=0.250000
RG_REMAP_SCORE round=900 layer=features.3 mode=persistent mean_q_current=0.030754 mean_q_previous=0.058052 mean_persistent_score=0.040295 sampling_entropy=4.118615
RG_SCORE round=900 layer=features.7 mean_q=0.027019 max_q=0.067108 fraction_q_positive=0.968750 sampling_entropy=4.805045 uniform_entropy=4.852030 entropy_gap=0.046985 max_probability_over_uniform=1.886373 min_probability_over_uniform=0.250000
RG_REMAP_SCORE round=900 layer=features.7 mode=persistent mean_q_current=0.027019 mean_q_previous=0.060287 mean_persistent_score=0.038028 sampling_entropy=4.805045
RG_SCORE round=900 layer=features.10 mean_q=0.027814 max_q=0.056501 fraction_q_positive=1.000000 sampling_entropy=4.836547 uniform_entropy=4.852030 entropy_gap=0.015483 max_probability_over_uniform=1.389950 min_probability_over_uniform=0.390599
RG_REMAP_SCORE round=900 layer=features.10 mode=persistent mean_q_current=0.027814 mean_q_previous=0.055526 mean_persistent_score=0.038525 sampling_entropy=4.836547
RG_SCORE round=900 layer=features.14 mean_q=0.034030 max_q=0.091138 fraction_q_positive=0.996094 sampling_entropy=5.526233 uniform_entropy=5.545177 entropy_gap=0.018944 max_probability_over_uniform=1.827878 min_probability_over_uniform=0.250000
RG_REMAP_SCORE round=900 layer=features.14 mode=persistent mean_q_current=0.034030 mean_q_previous=0.062612 mean_persistent_score=0.045361 sampling_entropy=5.526233
RG_SCORE round=900 layer=features.17 mean_q=0.034439 max_q=0.084272 fraction_q_positive=1.000000 sampling_entropy=5.526788 uniform_entropy=5.545177 entropy_gap=0.018390 max_probability_over_uniform=1.852321 min_probability_over_uniform=0.602000
RG_REMAP_SCORE round=900 layer=features.17 mode=persistent mean_q_current=0.034439 mean_q_previous=0.062374 mean_persistent_score=0.045869 sampling_entropy=5.526788
RG_SCORE round=900 layer=features.20 mean_q=0.030174 max_q=0.054998 fraction_q_positive=1.000000 sampling_entropy=5.536821 uniform_entropy=5.545177 entropy_gap=0.008356 max_probability_over_uniform=1.469988 min_probability_over_uniform=0.701446
RG_REMAP_SCORE round=900 layer=features.20 mode=persistent mean_q_current=0.030174 mean_q_previous=0.052835 mean_persistent_score=0.039471 sampling_entropy=5.536821
RG_SCORE round=900 layer=features.24 mean_q=0.056672 max_q=0.142671 fraction_q_positive=1.000000 sampling_entropy=6.218692 uniform_entropy=6.238325 entropy_gap=0.019633 max_probability_over_uniform=1.640274 min_probability_over_uniform=0.430588
RG_REMAP_SCORE round=900 layer=features.24 mode=persistent mean_q_current=0.056672 mean_q_previous=0.100332 mean_persistent_score=0.073701 sampling_entropy=6.218692
RG_SCORE round=900 layer=features.27 mean_q=0.083725 max_q=0.174924 fraction_q_positive=1.000000 sampling_entropy=6.226479 uniform_entropy=6.238325 entropy_gap=0.011845 max_probability_over_uniform=1.439432 min_probability_over_uniform=0.571105
RG_REMAP_SCORE round=900 layer=features.27 mode=persistent mean_q_current=0.083725 mean_q_previous=0.148211 mean_persistent_score=0.109002 sampling_entropy=6.226479
RG_SCORE round=900 layer=features.30 mean_q=0.060137 max_q=0.121255 fraction_q_positive=1.000000 sampling_entropy=6.231304 uniform_entropy=6.238325 entropy_gap=0.007020 max_probability_over_uniform=1.392315 min_probability_over_uniform=0.604574
RG_REMAP_SCORE round=900 layer=features.30 mode=persistent mean_q_current=0.060137 mean_q_previous=0.115922 mean_persistent_score=0.082140 sampling_entropy=6.231304
RG_SCORE round=900 layer=features.34 mean_q=0.188347 max_q=0.315479 fraction_q_positive=1.000000 sampling_entropy=6.227205 uniform_entropy=6.238325 entropy_gap=0.011119 max_probability_over_uniform=1.291769 min_probability_over_uniform=0.425106
RG_REMAP_SCORE round=900 layer=features.34 mode=persistent mean_q_current=0.188347 mean_q_previous=0.300993 mean_persistent_score=0.233618 sampling_entropy=6.227205
RG_SCORE round=900 layer=features.37 mean_q=0.222199 max_q=0.362233 fraction_q_positive=0.998047 sampling_entropy=6.230028 uniform_entropy=6.238325 entropy_gap=0.008296 max_probability_over_uniform=1.300377 min_probability_over_uniform=0.250000
RG_REMAP_SCORE round=900 layer=features.37 mode=persistent mean_q_current=0.222199 mean_q_previous=0.293132 mean_persistent_score=0.252061 sampling_entropy=6.230028
RG_SCORE round=900 layer=features.40 mean_q=0.136613 max_q=0.304117 fraction_q_positive=0.978516 sampling_entropy=6.198942 uniform_entropy=6.238325 entropy_gap=0.039383 max_probability_over_uniform=1.695903 min_probability_over_uniform=0.250000
RG_REMAP_SCORE round=900 layer=features.40 mode=persistent mean_q_current=0.136613 mean_q_previous=0.197511 mean_persistent_score=0.156915 sampling_entropy=6.198942
ROUND_ACCURACY method=FedPhoenixRG-Persistent round=900 accuracy=81.139999
********************************************************************************
Round 900
ROUND_ACCURACY method=FedPhoenixRG-Persistent round=901 accuracy=80.199997
********************************************************************************
Round 901
ROUND_ACCURACY method=FedPhoenixRG-Persistent round=902 accuracy=81.720001
********************************************************************************
Round 902
ROUND_ACCURACY method=FedPhoenixRG-Persistent round=903 accuracy=76.839996
********************************************************************************
Round 903
ROUND_ACCURACY method=FedPhoenixRG-Persistent round=904 accuracy=82.080002
********************************************************************************
Round 904
ROUND_ACCURACY method=FedPhoenixRG-Persistent round=905 accuracy=82.309998
********************************************************************************
Round 905
ROUND_ACCURACY method=FedPhoenixRG-Persistent round=906 accuracy=80.379997
********************************************************************************
Round 906
ROUND_ACCURACY method=FedPhoenixRG-Persistent round=907 accuracy=72.110001
********************************************************************************
Round 907
ROUND_ACCURACY method=FedPhoenixRG-Persistent round=908 accuracy=82.040001
********************************************************************************
Round 908
ROUND_ACCURACY method=FedPhoenixRG-Persistent round=909 accuracy=81.610001
********************************************************************************
Round 909
ROUND_ACCURACY method=FedPhoenixRG-Persistent round=910 accuracy=80.279999
********************************************************************************
Round 910
ROUND_ACCURACY method=FedPhoenixRG-Persistent round=911 accuracy=80.779999
********************************************************************************
Round 911
ROUND_ACCURACY method=FedPhoenixRG-Persistent round=912 accuracy=80.889999
********************************************************************************
Round 912
ROUND_ACCURACY method=FedPhoenixRG-Persistent round=913 accuracy=77.739998
********************************************************************************
Round 913
ROUND_ACCURACY method=FedPhoenixRG-Persistent round=914 accuracy=71.080002
********************************************************************************
Round 914
ROUND_ACCURACY method=FedPhoenixRG-Persistent round=915 accuracy=82.059998
********************************************************************************
Round 915
ROUND_ACCURACY method=FedPhoenixRG-Persistent round=916 accuracy=81.290001
********************************************************************************
Round 916
ROUND_ACCURACY method=FedPhoenixRG-Persistent round=917 accuracy=82.330002
********************************************************************************
Round 917
ROUND_ACCURACY method=FedPhoenixRG-Persistent round=918 accuracy=82.349998
********************************************************************************
Round 918
ROUND_ACCURACY method=FedPhoenixRG-Persistent round=919 accuracy=81.410004
********************************************************************************
Round 919
RG_SCORE round=920 layer=features.0 mean_q=0.042897 max_q=0.205771 fraction_q_positive=0.718750 sampling_entropy=3.779409 uniform_entropy=4.158883 entropy_gap=0.379474 max_probability_over_uniform=3.386114 min_probability_over_uniform=0.250000
RG_REMAP_SCORE round=920 layer=features.0 mode=persistent mean_q_current=0.042897 mean_q_previous=0.049198 mean_persistent_score=0.030339 sampling_entropy=3.779409
RG_SCORE round=920 layer=features.3 mean_q=0.026607 max_q=0.078374 fraction_q_positive=0.968750 sampling_entropy=4.088210 uniform_entropy=4.158883 entropy_gap=0.070673 max_probability_over_uniform=1.928905 min_probability_over_uniform=0.250000
RG_REMAP_SCORE round=920 layer=features.3 mode=persistent mean_q_current=0.026607 mean_q_previous=0.030754 mean_persistent_score=0.026041 sampling_entropy=4.088210
RG_SCORE round=920 layer=features.7 mean_q=0.028819 max_q=0.078997 fraction_q_positive=0.992188 sampling_entropy=4.781908 uniform_entropy=4.852030 entropy_gap=0.070123 max_probability_over_uniform=2.229809 min_probability_over_uniform=0.250000
RG_REMAP_SCORE round=920 layer=features.7 mode=persistent mean_q_current=0.028819 mean_q_previous=0.027019 mean_persistent_score=0.025997 sampling_entropy=4.781908
RG_SCORE round=920 layer=features.10 mean_q=0.025936 max_q=0.057252 fraction_q_positive=1.000000 sampling_entropy=4.829374 uniform_entropy=4.852030 entropy_gap=0.022657 max_probability_over_uniform=1.582518 min_probability_over_uniform=0.416674
RG_REMAP_SCORE round=920 layer=features.10 mode=persistent mean_q_current=0.025936 mean_q_previous=0.027814 mean_persistent_score=0.025768 sampling_entropy=4.829374
RG_SCORE round=920 layer=features.14 mean_q=0.028612 max_q=0.074413 fraction_q_positive=0.996094 sampling_entropy=5.516916 uniform_entropy=5.545177 entropy_gap=0.028261 max_probability_over_uniform=1.871088 min_probability_over_uniform=0.250000
RG_REMAP_SCORE round=920 layer=features.14 mode=persistent mean_q_current=0.028612 mean_q_previous=0.034030 mean_persistent_score=0.030206 sampling_entropy=5.516916
RG_SCORE round=920 layer=features.17 mean_q=0.028108 max_q=0.069938 fraction_q_positive=1.000000 sampling_entropy=5.516869 uniform_entropy=5.545177 entropy_gap=0.028308 max_probability_over_uniform=2.016635 min_probability_over_uniform=0.506364
RG_REMAP_SCORE round=920 layer=features.17 mode=persistent mean_q_current=0.028108 mean_q_previous=0.034439 mean_persistent_score=0.030458 sampling_entropy=5.516869
RG_SCORE round=920 layer=features.20 mean_q=0.023919 max_q=0.048785 fraction_q_positive=1.000000 sampling_entropy=5.528102 uniform_entropy=5.545177 entropy_gap=0.017076 max_probability_over_uniform=1.571208 min_probability_over_uniform=0.524543
RG_REMAP_SCORE round=920 layer=features.20 mode=persistent mean_q_current=0.023919 mean_q_previous=0.030174 mean_persistent_score=0.026223 sampling_entropy=5.528102
RG_SCORE round=920 layer=features.24 mean_q=0.045702 max_q=0.124557 fraction_q_positive=1.000000 sampling_entropy=6.204064 uniform_entropy=6.238325 entropy_gap=0.034261 max_probability_over_uniform=2.036073 min_probability_over_uniform=0.315472
RG_REMAP_SCORE round=920 layer=features.24 mode=persistent mean_q_current=0.045702 mean_q_previous=0.056672 mean_persistent_score=0.048752 sampling_entropy=6.204064
RG_SCORE round=920 layer=features.27 mean_q=0.061955 max_q=0.143992 fraction_q_positive=1.000000 sampling_entropy=6.210761 uniform_entropy=6.238325 entropy_gap=0.027563 max_probability_over_uniform=1.853262 min_probability_over_uniform=0.460960
RG_REMAP_SCORE round=920 layer=features.27 mode=persistent mean_q_current=0.061955 mean_q_previous=0.083725 mean_persistent_score=0.068892 sampling_entropy=6.210761
RG_SCORE round=920 layer=features.30 mean_q=0.042729 max_q=0.111361 fraction_q_positive=1.000000 sampling_entropy=6.214327 uniform_entropy=6.238325 entropy_gap=0.023997 max_probability_over_uniform=1.665884 min_probability_over_uniform=0.432519
RG_REMAP_SCORE round=920 layer=features.30 mode=persistent mean_q_current=0.042729 mean_q_previous=0.060137 mean_persistent_score=0.048734 sampling_entropy=6.214327
RG_SCORE round=920 layer=features.34 mean_q=0.147754 max_q=0.338233 fraction_q_positive=0.992188 sampling_entropy=6.188292 uniform_entropy=6.238325 entropy_gap=0.050033 max_probability_over_uniform=1.736437 min_probability_over_uniform=0.250000
RG_REMAP_SCORE round=920 layer=features.34 mode=persistent mean_q_current=0.147754 mean_q_previous=0.188347 mean_persistent_score=0.154473 sampling_entropy=6.188292
RG_SCORE round=920 layer=features.37 mean_q=0.205007 max_q=0.396679 fraction_q_positive=0.994141 sampling_entropy=6.204510 uniform_entropy=6.238325 entropy_gap=0.033815 max_probability_over_uniform=1.546162 min_probability_over_uniform=0.250000
RG_REMAP_SCORE round=920 layer=features.37 mode=persistent mean_q_current=0.205007 mean_q_previous=0.222199 mean_persistent_score=0.203295 sampling_entropy=6.204510
RG_SCORE round=920 layer=features.40 mean_q=0.153503 max_q=0.447053 fraction_q_positive=0.974609 sampling_entropy=6.172915 uniform_entropy=6.238325 entropy_gap=0.065409 max_probability_over_uniform=1.864493 min_probability_over_uniform=0.250000
RG_REMAP_SCORE round=920 layer=features.40 mode=persistent mean_q_current=0.153503 mean_q_previous=0.136613 mean_persistent_score=0.134414 sampling_entropy=6.172915
ROUND_ACCURACY method=FedPhoenixRG-Persistent round=920 accuracy=59.619999
********************************************************************************
Round 920
ROUND_ACCURACY method=FedPhoenixRG-Persistent round=921 accuracy=80.589996
********************************************************************************
Round 921
ROUND_ACCURACY method=FedPhoenixRG-Persistent round=922 accuracy=76.650002
********************************************************************************
Round 922
ROUND_ACCURACY method=FedPhoenixRG-Persistent round=923 accuracy=71.070000
********************************************************************************
Round 923
ROUND_ACCURACY method=FedPhoenixRG-Persistent round=924 accuracy=59.889999
********************************************************************************
Round 924
ROUND_ACCURACY method=FedPhoenixRG-Persistent round=925 accuracy=66.019997
********************************************************************************
Round 925
ROUND_ACCURACY method=FedPhoenixRG-Persistent round=926 accuracy=75.129997
********************************************************************************
Round 926
ROUND_ACCURACY method=FedPhoenixRG-Persistent round=927 accuracy=69.800003
********************************************************************************
Round 927
ROUND_ACCURACY method=FedPhoenixRG-Persistent round=928 accuracy=68.070000
********************************************************************************
Round 928
ROUND_ACCURACY method=FedPhoenixRG-Persistent round=929 accuracy=79.489998
********************************************************************************
Round 929
ROUND_ACCURACY method=FedPhoenixRG-Persistent round=930 accuracy=80.989998
********************************************************************************
Round 930
ROUND_ACCURACY method=FedPhoenixRG-Persistent round=931 accuracy=81.400002
********************************************************************************
Round 931
ROUND_ACCURACY method=FedPhoenixRG-Persistent round=932 accuracy=81.849998
********************************************************************************
Round 932
ROUND_ACCURACY method=FedPhoenixRG-Persistent round=933 accuracy=81.620003
********************************************************************************
Round 933
ROUND_ACCURACY method=FedPhoenixRG-Persistent round=934 accuracy=80.800003
********************************************************************************
Round 934
ROUND_ACCURACY method=FedPhoenixRG-Persistent round=935 accuracy=80.989998
********************************************************************************
Round 935
ROUND_ACCURACY method=FedPhoenixRG-Persistent round=936 accuracy=78.110001
********************************************************************************
Round 936
ROUND_ACCURACY method=FedPhoenixRG-Persistent round=937 accuracy=80.599998
********************************************************************************
Round 937
ROUND_ACCURACY method=FedPhoenixRG-Persistent round=938 accuracy=81.760002
********************************************************************************
Round 938
ROUND_ACCURACY method=FedPhoenixRG-Persistent round=939 accuracy=79.489998
********************************************************************************
Round 939
RG_SCORE round=940 layer=features.0 mean_q=0.039492 max_q=0.140344 fraction_q_positive=0.703125 sampling_entropy=3.770055 uniform_entropy=4.158883 entropy_gap=0.388828 max_probability_over_uniform=4.127597 min_probability_over_uniform=0.250000
RG_REMAP_SCORE round=940 layer=features.0 mode=persistent mean_q_current=0.039492 mean_q_previous=0.042897 mean_persistent_score=0.027219 sampling_entropy=3.770055
RG_SCORE round=940 layer=features.3 mean_q=0.020031 max_q=0.060551 fraction_q_positive=0.812500 sampling_entropy=3.983261 uniform_entropy=4.158883 entropy_gap=0.175622 max_probability_over_uniform=2.246552 min_probability_over_uniform=0.250000
RG_REMAP_SCORE round=940 layer=features.3 mode=persistent mean_q_current=0.020031 mean_q_previous=0.026607 mean_persistent_score=0.018113 sampling_entropy=3.983261
RG_SCORE round=940 layer=features.7 mean_q=0.023106 max_q=0.055754 fraction_q_positive=0.914062 sampling_entropy=4.762111 uniform_entropy=4.852030 entropy_gap=0.089920 max_probability_over_uniform=2.023787 min_probability_over_uniform=0.250000
RG_REMAP_SCORE round=940 layer=features.7 mode=persistent mean_q_current=0.023106 mean_q_previous=0.028819 mean_persistent_score=0.023403 sampling_entropy=4.762111
RG_SCORE round=940 layer=features.10 mean_q=0.021502 max_q=0.056094 fraction_q_positive=1.000000 sampling_entropy=4.813638 uniform_entropy=4.852030 entropy_gap=0.038392 max_probability_over_uniform=1.841701 min_probability_over_uniform=0.424852
RG_REMAP_SCORE round=940 layer=features.10 mode=persistent mean_q_current=0.021502 mean_q_previous=0.025936 mean_persistent_score=0.022487 sampling_entropy=4.813638
RG_SCORE round=940 layer=features.14 mean_q=0.024487 max_q=0.061199 fraction_q_positive=0.992188 sampling_entropy=5.507778 uniform_entropy=5.545177 entropy_gap=0.037399 max_probability_over_uniform=1.823244 min_probability_over_uniform=0.250000
RG_REMAP_SCORE round=940 layer=features.14 mode=persistent mean_q_current=0.024487 mean_q_previous=0.028612 mean_persistent_score=0.025464 sampling_entropy=5.507778
RG_SCORE round=940 layer=features.17 mean_q=0.022476 max_q=0.062106 fraction_q_positive=0.996094 sampling_entropy=5.511300 uniform_entropy=5.545177 entropy_gap=0.033877 max_probability_over_uniform=1.904023 min_probability_over_uniform=0.250000
RG_REMAP_SCORE round=940 layer=features.17 mode=persistent mean_q_current=0.022476 mean_q_previous=0.028108 mean_persistent_score=0.024457 sampling_entropy=5.511300
RG_SCORE round=940 layer=features.20 mean_q=0.019100 max_q=0.042617 fraction_q_positive=1.000000 sampling_entropy=5.519880 uniform_entropy=5.545177 entropy_gap=0.025297 max_probability_over_uniform=1.664568 min_probability_over_uniform=0.445054
RG_REMAP_SCORE round=940 layer=features.20 mode=persistent mean_q_current=0.019100 mean_q_previous=0.023919 mean_persistent_score=0.020612 sampling_entropy=5.519880
RG_SCORE round=940 layer=features.24 mean_q=0.035712 max_q=0.088917 fraction_q_positive=0.992188 sampling_entropy=6.194328 uniform_entropy=6.238325 entropy_gap=0.043996 max_probability_over_uniform=2.049208 min_probability_over_uniform=0.250000
RG_REMAP_SCORE round=940 layer=features.24 mode=persistent mean_q_current=0.035712 mean_q_previous=0.045702 mean_persistent_score=0.038584 sampling_entropy=6.194328
RG_SCORE round=940 layer=features.27 mean_q=0.056468 max_q=0.120000 fraction_q_positive=1.000000 sampling_entropy=6.208129 uniform_entropy=6.238325 entropy_gap=0.030196 max_probability_over_uniform=1.720898 min_probability_over_uniform=0.512797
RG_REMAP_SCORE round=940 layer=features.27 mode=persistent mean_q_current=0.056468 mean_q_previous=0.061955 mean_persistent_score=0.056725 sampling_entropy=6.208129
RG_SCORE round=940 layer=features.30 mean_q=0.043666 max_q=0.091564 fraction_q_positive=0.996094 sampling_entropy=6.205372 uniform_entropy=6.238325 entropy_gap=0.032953 max_probability_over_uniform=1.784756 min_probability_over_uniform=0.250000
RG_REMAP_SCORE round=940 layer=features.30 mode=persistent mean_q_current=0.043666 mean_q_previous=0.042729 mean_persistent_score=0.040801 sampling_entropy=6.205372
RG_SCORE round=940 layer=features.34 mean_q=0.130943 max_q=0.296912 fraction_q_positive=0.986328 sampling_entropy=6.164558 uniform_entropy=6.238325 entropy_gap=0.073766 max_probability_over_uniform=2.086256 min_probability_over_uniform=0.250000
RG_REMAP_SCORE round=940 layer=features.34 mode=persistent mean_q_current=0.130943 mean_q_previous=0.147754 mean_persistent_score=0.125403 sampling_entropy=6.164558
RG_SCORE round=940 layer=features.37 mean_q=0.109260 max_q=0.301476 fraction_q_positive=0.980469 sampling_entropy=6.166673 uniform_entropy=6.238325 entropy_gap=0.071651 max_probability_over_uniform=1.856568 min_probability_over_uniform=0.250000
RG_REMAP_SCORE round=940 layer=features.37 mode=persistent mean_q_current=0.109260 mean_q_previous=0.205007 mean_persistent_score=0.137230 sampling_entropy=6.166673
RG_SCORE round=940 layer=features.40 mean_q=0.052225 max_q=0.208356 fraction_q_positive=0.882812 sampling_entropy=6.101403 uniform_entropy=6.238325 entropy_gap=0.136921 max_probability_over_uniform=2.608476 min_probability_over_uniform=0.250000
RG_REMAP_SCORE round=940 layer=features.40 mode=persistent mean_q_current=0.052225 mean_q_previous=0.153503 mean_persistent_score=0.074703 sampling_entropy=6.101403
ROUND_ACCURACY method=FedPhoenixRG-Persistent round=940 accuracy=73.809998
********************************************************************************
Round 940
ROUND_ACCURACY method=FedPhoenixRG-Persistent round=941 accuracy=80.180000
********************************************************************************
Round 941
ROUND_ACCURACY method=FedPhoenixRG-Persistent round=942 accuracy=76.209999
********************************************************************************
Round 942
ROUND_ACCURACY method=FedPhoenixRG-Persistent round=943 accuracy=72.889999
********************************************************************************
Round 943
ROUND_ACCURACY method=FedPhoenixRG-Persistent round=944 accuracy=81.110001
********************************************************************************
Round 944
ROUND_ACCURACY method=FedPhoenixRG-Persistent round=945 accuracy=82.529999
********************************************************************************
Round 945
ROUND_ACCURACY method=FedPhoenixRG-Persistent round=946 accuracy=76.410004
********************************************************************************
Round 946
ROUND_ACCURACY method=FedPhoenixRG-Persistent round=947 accuracy=80.360001
********************************************************************************
Round 947
ROUND_ACCURACY method=FedPhoenixRG-Persistent round=948 accuracy=81.510002
********************************************************************************
Round 948
ROUND_ACCURACY method=FedPhoenixRG-Persistent round=949 accuracy=80.739998
********************************************************************************
Round 949
ROUND_ACCURACY method=FedPhoenixRG-Persistent round=950 accuracy=81.750000
********************************************************************************
Round 950
ROUND_ACCURACY method=FedPhoenixRG-Persistent round=951 accuracy=80.389999
********************************************************************************
Round 951
ROUND_ACCURACY method=FedPhoenixRG-Persistent round=952 accuracy=81.570000
********************************************************************************
Round 952
ROUND_ACCURACY method=FedPhoenixRG-Persistent round=953 accuracy=57.180000
********************************************************************************
Round 953
ROUND_ACCURACY method=FedPhoenixRG-Persistent round=954 accuracy=72.879997
********************************************************************************
Round 954
ROUND_ACCURACY method=FedPhoenixRG-Persistent round=955 accuracy=70.580002
********************************************************************************
Round 955
ROUND_ACCURACY method=FedPhoenixRG-Persistent round=956 accuracy=65.839996
********************************************************************************
Round 956
ROUND_ACCURACY method=FedPhoenixRG-Persistent round=957 accuracy=78.589996
********************************************************************************
Round 957
ROUND_ACCURACY method=FedPhoenixRG-Persistent round=958 accuracy=80.739998
********************************************************************************
Round 958
ROUND_ACCURACY method=FedPhoenixRG-Persistent round=959 accuracy=78.230003
********************************************************************************
Round 959
RG_SCORE round=960 layer=features.0 mean_q=0.048438 max_q=0.202290 fraction_q_positive=0.578125 sampling_entropy=3.594958 uniform_entropy=4.158883 entropy_gap=0.563925 max_probability_over_uniform=4.106541 min_probability_over_uniform=0.250000
RG_REMAP_SCORE round=960 layer=features.0 mode=persistent mean_q_current=0.048438 mean_q_previous=0.039492 mean_persistent_score=0.022668 sampling_entropy=3.594958
RG_SCORE round=960 layer=features.3 mean_q=0.031547 max_q=0.075364 fraction_q_positive=0.937500 sampling_entropy=3.975127 uniform_entropy=4.158883 entropy_gap=0.183756 max_probability_over_uniform=2.243526 min_probability_over_uniform=0.250000
RG_REMAP_SCORE round=960 layer=features.3 mode=persistent mean_q_current=0.031547 mean_q_previous=0.020031 mean_persistent_score=0.020256 sampling_entropy=3.975127
RG_SCORE round=960 layer=features.7 mean_q=0.037681 max_q=0.090611 fraction_q_positive=0.992188 sampling_entropy=4.770088 uniform_entropy=4.852030 entropy_gap=0.081943 max_probability_over_uniform=1.908536 min_probability_over_uniform=0.250000
RG_REMAP_SCORE round=960 layer=features.7 mode=persistent mean_q_current=0.037681 mean_q_previous=0.023106 mean_persistent_score=0.027037 sampling_entropy=4.770088
RG_SCORE round=960 layer=features.10 mean_q=0.037648 max_q=0.074832 fraction_q_positive=1.000000 sampling_entropy=4.821540 uniform_entropy=4.852030 entropy_gap=0.030490 max_probability_over_uniform=1.976206 min_probability_over_uniform=0.382691
RG_REMAP_SCORE round=960 layer=features.10 mode=persistent mean_q_current=0.037648 mean_q_previous=0.021502 mean_persistent_score=0.027377 sampling_entropy=4.821540
RG_SCORE round=960 layer=features.14 mean_q=0.038979 max_q=0.117253 fraction_q_positive=1.000000 sampling_entropy=5.512479 uniform_entropy=5.545177 entropy_gap=0.032699 max_probability_over_uniform=2.030433 min_probability_over_uniform=0.250000
RG_REMAP_SCORE round=960 layer=features.14 mode=persistent mean_q_current=0.038979 mean_q_previous=0.024487 mean_persistent_score=0.029809 sampling_entropy=5.512479
RG_SCORE round=960 layer=features.17 mean_q=0.038452 max_q=0.089610 fraction_q_positive=1.000000 sampling_entropy=5.515706 uniform_entropy=5.545177 entropy_gap=0.029471 max_probability_over_uniform=1.930331 min_probability_over_uniform=0.250000
RG_REMAP_SCORE round=960 layer=features.17 mode=persistent mean_q_current=0.038452 mean_q_previous=0.022476 mean_persistent_score=0.028723 sampling_entropy=5.515706
RG_SCORE round=960 layer=features.20 mean_q=0.035684 max_q=0.061429 fraction_q_positive=1.000000 sampling_entropy=5.526137 uniform_entropy=5.545177 entropy_gap=0.019040 max_probability_over_uniform=1.528881 min_probability_over_uniform=0.428171
RG_REMAP_SCORE round=960 layer=features.20 mode=persistent mean_q_current=0.035684 mean_q_previous=0.019100 mean_persistent_score=0.025356 sampling_entropy=5.526137
RG_SCORE round=960 layer=features.24 mean_q=0.065793 max_q=0.137805 fraction_q_positive=1.000000 sampling_entropy=6.206131 uniform_entropy=6.238325 entropy_gap=0.032194 max_probability_over_uniform=2.022515 min_probability_over_uniform=0.250000
RG_REMAP_SCORE round=960 layer=features.24 mode=persistent mean_q_current=0.065793 mean_q_previous=0.035712 mean_persistent_score=0.046838 sampling_entropy=6.206131
RG_SCORE round=960 layer=features.27 mean_q=0.096808 max_q=0.152964 fraction_q_positive=1.000000 sampling_entropy=6.218478 uniform_entropy=6.238325 entropy_gap=0.019846 max_probability_over_uniform=1.578301 min_probability_over_uniform=0.514484
RG_REMAP_SCORE round=960 layer=features.27 mode=persistent mean_q_current=0.096808 mean_q_previous=0.056468 mean_persistent_score=0.072262 sampling_entropy=6.218478
RG_SCORE round=960 layer=features.30 mean_q=0.072045 max_q=0.130329 fraction_q_positive=1.000000 sampling_entropy=6.211774 uniform_entropy=6.238325 entropy_gap=0.026551 max_probability_over_uniform=1.557619 min_probability_over_uniform=0.250000
RG_REMAP_SCORE round=960 layer=features.30 mode=persistent mean_q_current=0.072045 mean_q_previous=0.043666 mean_persistent_score=0.054746 sampling_entropy=6.211774
RG_SCORE round=960 layer=features.34 mean_q=0.208071 max_q=0.324901 fraction_q_positive=0.998047 sampling_entropy=6.198559 uniform_entropy=6.238325 entropy_gap=0.039766 max_probability_over_uniform=1.668522 min_probability_over_uniform=0.250000
RG_REMAP_SCORE round=960 layer=features.34 mode=persistent mean_q_current=0.208071 mean_q_previous=0.130943 mean_persistent_score=0.156927 sampling_entropy=6.198559
RG_SCORE round=960 layer=features.37 mean_q=0.218489 max_q=0.320000 fraction_q_positive=1.000000 sampling_entropy=6.190593 uniform_entropy=6.238325 entropy_gap=0.047731 max_probability_over_uniform=1.685652 min_probability_over_uniform=0.250000
RG_REMAP_SCORE round=960 layer=features.37 mode=persistent mean_q_current=0.218489 mean_q_previous=0.109260 mean_persistent_score=0.145813 sampling_entropy=6.190593
RG_SCORE round=960 layer=features.40 mean_q=0.171193 max_q=0.399633 fraction_q_positive=0.994141 sampling_entropy=6.129165 uniform_entropy=6.238325 entropy_gap=0.109160 max_probability_over_uniform=2.317629 min_probability_over_uniform=0.250000
RG_REMAP_SCORE round=960 layer=features.40 mode=persistent mean_q_current=0.171193 mean_q_previous=0.052225 mean_persistent_score=0.080099 sampling_entropy=6.129165
ROUND_ACCURACY method=FedPhoenixRG-Persistent round=960 accuracy=72.980003
********************************************************************************
Round 960
ROUND_ACCURACY method=FedPhoenixRG-Persistent round=961 accuracy=81.610001
********************************************************************************
Round 961
ROUND_ACCURACY method=FedPhoenixRG-Persistent round=962 accuracy=82.040001
********************************************************************************
Round 962
ROUND_ACCURACY method=FedPhoenixRG-Persistent round=963 accuracy=81.660004
********************************************************************************
Round 963
ROUND_ACCURACY method=FedPhoenixRG-Persistent round=964 accuracy=81.290001
********************************************************************************
Round 964
ROUND_ACCURACY method=FedPhoenixRG-Persistent round=965 accuracy=81.290001
********************************************************************************
Round 965
ROUND_ACCURACY method=FedPhoenixRG-Persistent round=966 accuracy=82.169998
********************************************************************************
Round 966
ROUND_ACCURACY method=FedPhoenixRG-Persistent round=967 accuracy=82.080002
********************************************************************************
Round 967
ROUND_ACCURACY method=FedPhoenixRG-Persistent round=968 accuracy=80.949997
********************************************************************************
Round 968
ROUND_ACCURACY method=FedPhoenixRG-Persistent round=969 accuracy=82.190002
********************************************************************************
Round 969
ROUND_ACCURACY method=FedPhoenixRG-Persistent round=970 accuracy=82.080002
********************************************************************************
Round 970
ROUND_ACCURACY method=FedPhoenixRG-Persistent round=971 accuracy=81.080002
********************************************************************************
Round 971
ROUND_ACCURACY method=FedPhoenixRG-Persistent round=972 accuracy=80.959999
********************************************************************************
Round 972
ROUND_ACCURACY method=FedPhoenixRG-Persistent round=973 accuracy=82.269997
********************************************************************************
Round 973
ROUND_ACCURACY method=FedPhoenixRG-Persistent round=974 accuracy=81.389999
********************************************************************************
Round 974
ROUND_ACCURACY method=FedPhoenixRG-Persistent round=975 accuracy=80.629997
********************************************************************************
Round 975
ROUND_ACCURACY method=FedPhoenixRG-Persistent round=976 accuracy=81.339996
********************************************************************************
Round 976
ROUND_ACCURACY method=FedPhoenixRG-Persistent round=977 accuracy=81.160004
********************************************************************************
Round 977
ROUND_ACCURACY method=FedPhoenixRG-Persistent round=978 accuracy=80.720001
********************************************************************************
Round 978
ROUND_ACCURACY method=FedPhoenixRG-Persistent round=979 accuracy=72.260002
********************************************************************************
Round 979
RG_SCORE round=980 layer=features.0 mean_q=0.074985 max_q=0.246155 fraction_q_positive=0.796875 sampling_entropy=3.692594 uniform_entropy=4.158883 entropy_gap=0.466289 max_probability_over_uniform=3.570311 min_probability_over_uniform=0.250000
RG_REMAP_SCORE round=980 layer=features.0 mode=persistent mean_q_current=0.074985 mean_q_previous=0.048438 mean_persistent_score=0.034420 sampling_entropy=3.692594
RG_SCORE round=980 layer=features.3 mean_q=0.047378 max_q=0.095930 fraction_q_positive=0.953125 sampling_entropy=4.047237 uniform_entropy=4.158883 entropy_gap=0.111646 max_probability_over_uniform=1.979497 min_probability_over_uniform=0.250000
RG_REMAP_SCORE round=980 layer=features.3 mode=persistent mean_q_current=0.047378 mean_q_previous=0.031547 mean_persistent_score=0.034947 sampling_entropy=4.047237
RG_SCORE round=980 layer=features.7 mean_q=0.045915 max_q=0.090300 fraction_q_positive=0.984375 sampling_entropy=4.811580 uniform_entropy=4.852030 entropy_gap=0.040451 max_probability_over_uniform=1.742183 min_probability_over_uniform=0.250000
RG_REMAP_SCORE round=980 layer=features.7 mode=persistent mean_q_current=0.045915 mean_q_previous=0.037681 mean_persistent_score=0.039805 sampling_entropy=4.811580
RG_SCORE round=980 layer=features.10 mean_q=0.047393 max_q=0.080694 fraction_q_positive=1.000000 sampling_entropy=4.836135 uniform_entropy=4.852030 entropy_gap=0.015895 max_probability_over_uniform=1.471474 min_probability_over_uniform=0.586441
RG_REMAP_SCORE round=980 layer=features.10 mode=persistent mean_q_current=0.047393 mean_q_previous=0.037648 mean_persistent_score=0.041468 sampling_entropy=4.836135
RG_SCORE round=980 layer=features.14 mean_q=0.052171 max_q=0.109185 fraction_q_positive=1.000000 sampling_entropy=5.524184 uniform_entropy=5.545177 entropy_gap=0.020993 max_probability_over_uniform=2.098540 min_probability_over_uniform=0.507711
RG_REMAP_SCORE round=980 layer=features.14 mode=persistent mean_q_current=0.052171 mean_q_previous=0.038979 mean_persistent_score=0.044274 sampling_entropy=5.524184
RG_SCORE round=980 layer=features.17 mean_q=0.047165 max_q=0.099036 fraction_q_positive=1.000000 sampling_entropy=5.523122 uniform_entropy=5.545177 entropy_gap=0.022056 max_probability_over_uniform=1.758761 min_probability_over_uniform=0.600403
RG_REMAP_SCORE round=980 layer=features.17 mode=persistent mean_q_current=0.047165 mean_q_previous=0.038452 mean_persistent_score=0.041928 sampling_entropy=5.523122
RG_SCORE round=980 layer=features.20 mean_q=0.041658 max_q=0.076625 fraction_q_positive=1.000000 sampling_entropy=5.531876 uniform_entropy=5.545177 entropy_gap=0.013301 max_probability_over_uniform=1.436320 min_probability_over_uniform=0.509541
RG_REMAP_SCORE round=980 layer=features.20 mode=persistent mean_q_current=0.041658 mean_q_previous=0.035684 mean_persistent_score=0.037914 sampling_entropy=5.531876
RG_SCORE round=980 layer=features.24 mean_q=0.065943 max_q=0.182489 fraction_q_positive=0.998047 sampling_entropy=6.214386 uniform_entropy=6.238325 entropy_gap=0.023938 max_probability_over_uniform=1.978944 min_probability_over_uniform=0.250000
RG_REMAP_SCORE round=980 layer=features.24 mode=persistent mean_q_current=0.065943 mean_q_previous=0.065793 mean_persistent_score=0.064553 sampling_entropy=6.214386
RG_SCORE round=980 layer=features.27 mean_q=0.078007 max_q=0.154526 fraction_q_positive=1.000000 sampling_entropy=6.223786 uniform_entropy=6.238325 entropy_gap=0.014539 max_probability_over_uniform=1.489900 min_probability_over_uniform=0.500138
RG_REMAP_SCORE round=980 layer=features.27 mode=persistent mean_q_current=0.078007 mean_q_previous=0.096808 mean_persistent_score=0.084868 sampling_entropy=6.223786
RG_SCORE round=980 layer=features.30 mean_q=0.044999 max_q=0.117469 fraction_q_positive=0.996094 sampling_entropy=6.212328 uniform_entropy=6.238325 entropy_gap=0.025997 max_probability_over_uniform=1.645691 min_probability_over_uniform=0.250000
RG_REMAP_SCORE round=980 layer=features.30 mode=persistent mean_q_current=0.044999 mean_q_previous=0.072045 mean_persistent_score=0.054855 sampling_entropy=6.212328
RG_SCORE round=980 layer=features.34 mean_q=0.115886 max_q=0.318259 fraction_q_positive=0.988281 sampling_entropy=6.192782 uniform_entropy=6.238325 entropy_gap=0.045542 max_probability_over_uniform=1.709545 min_probability_over_uniform=0.250000
RG_REMAP_SCORE round=980 layer=features.34 mode=persistent mean_q_current=0.115886 mean_q_previous=0.208071 mean_persistent_score=0.143254 sampling_entropy=6.192782
RG_SCORE round=980 layer=features.37 mean_q=0.093548 max_q=0.262795 fraction_q_positive=0.966797 sampling_entropy=6.186624 uniform_entropy=6.238325 entropy_gap=0.051701 max_probability_over_uniform=1.729551 min_probability_over_uniform=0.250000
RG_REMAP_SCORE round=980 layer=features.37 mode=persistent mean_q_current=0.093548 mean_q_previous=0.218489 mean_persistent_score=0.132990 sampling_entropy=6.186624
RG_SCORE round=980 layer=features.40 mean_q=0.077279 max_q=0.314193 fraction_q_positive=0.933594 sampling_entropy=6.148556 uniform_entropy=6.238325 entropy_gap=0.089769 max_probability_over_uniform=2.099648 min_probability_over_uniform=0.250000
RG_REMAP_SCORE round=980 layer=features.40 mode=persistent mean_q_current=0.077279 mean_q_previous=0.171193 mean_persistent_score=0.100641 sampling_entropy=6.148556
ROUND_ACCURACY method=FedPhoenixRG-Persistent round=980 accuracy=76.410004
********************************************************************************
Round 980
ROUND_ACCURACY method=FedPhoenixRG-Persistent round=981 accuracy=73.669998
********************************************************************************
Round 981
ROUND_ACCURACY method=FedPhoenixRG-Persistent round=982 accuracy=81.839996
********************************************************************************
Round 982
ROUND_ACCURACY method=FedPhoenixRG-Persistent round=983 accuracy=81.900002
********************************************************************************
Round 983
ROUND_ACCURACY method=FedPhoenixRG-Persistent round=984 accuracy=82.500000
********************************************************************************
Round 984
ROUND_ACCURACY method=FedPhoenixRG-Persistent round=985 accuracy=82.339996
********************************************************************************
Round 985
ROUND_ACCURACY method=FedPhoenixRG-Persistent round=986 accuracy=82.290001
********************************************************************************
Round 986
ROUND_ACCURACY method=FedPhoenixRG-Persistent round=987 accuracy=83.230003
********************************************************************************
Round 987
ROUND_ACCURACY method=FedPhoenixRG-Persistent round=988 accuracy=82.269997
********************************************************************************
Round 988
ROUND_ACCURACY method=FedPhoenixRG-Persistent round=989 accuracy=82.180000
********************************************************************************
Round 989
ROUND_ACCURACY method=FedPhoenixRG-Persistent round=990 accuracy=82.730003
********************************************************************************
Round 990
ROUND_ACCURACY method=FedPhoenixRG-Persistent round=991 accuracy=77.110001
********************************************************************************
Round 991
ROUND_ACCURACY method=FedPhoenixRG-Persistent round=992 accuracy=80.879997
********************************************************************************
Round 992
ROUND_ACCURACY method=FedPhoenixRG-Persistent round=993 accuracy=82.010002
********************************************************************************
Round 993
ROUND_ACCURACY method=FedPhoenixRG-Persistent round=994 accuracy=82.349998
********************************************************************************
Round 994
ROUND_ACCURACY method=FedPhoenixRG-Persistent round=995 accuracy=80.800003
********************************************************************************
Round 995
ROUND_ACCURACY method=FedPhoenixRG-Persistent round=996 accuracy=79.029999
********************************************************************************
Round 996
ROUND_ACCURACY method=FedPhoenixRG-Persistent round=997 accuracy=82.370003
********************************************************************************
Round 997
ROUND_ACCURACY method=FedPhoenixRG-Persistent round=998 accuracy=81.779999
********************************************************************************
Round 998
ROUND_ACCURACY method=FedPhoenixRG-Persistent round=999 accuracy=81.959999
********************************************************************************
Round 999
RG_SCORE round=1000 layer=features.0 mean_q=0.031739 max_q=0.164531 fraction_q_positive=0.531250 sampling_entropy=3.604852 uniform_entropy=4.158883 entropy_gap=0.554031 max_probability_over_uniform=4.781355 min_probability_over_uniform=0.250000
RG_REMAP_SCORE round=1000 layer=features.0 mode=persistent mean_q_current=0.031739 mean_q_previous=0.074985 mean_persistent_score=0.023724 sampling_entropy=3.604852
RG_SCORE round=1000 layer=features.3 mean_q=0.027004 max_q=0.087036 fraction_q_positive=0.890625 sampling_entropy=4.030116 uniform_entropy=4.158883 entropy_gap=0.128767 max_probability_over_uniform=2.234438 min_probability_over_uniform=0.250000
RG_REMAP_SCORE round=1000 layer=features.3 mode=persistent mean_q_current=0.027004 mean_q_previous=0.047378 mean_persistent_score=0.030543 sampling_entropy=4.030116
RG_SCORE round=1000 layer=features.7 mean_q=0.030368 max_q=0.080097 fraction_q_positive=0.953125 sampling_entropy=4.780605 uniform_entropy=4.852030 entropy_gap=0.071425 max_probability_over_uniform=1.846969 min_probability_over_uniform=0.250000
RG_REMAP_SCORE round=1000 layer=features.7 mode=persistent mean_q_current=0.030368 mean_q_previous=0.045915 mean_persistent_score=0.033751 sampling_entropy=4.780605
RG_SCORE round=1000 layer=features.10 mean_q=0.027831 max_q=0.063815 fraction_q_positive=0.984375 sampling_entropy=4.816643 uniform_entropy=4.852030 entropy_gap=0.035387 max_probability_over_uniform=1.582787 min_probability_over_uniform=0.250000
RG_REMAP_SCORE round=1000 layer=features.10 mode=persistent mean_q_current=0.027831 mean_q_previous=0.047393 mean_persistent_score=0.035026 sampling_entropy=4.816643
RG_SCORE round=1000 layer=features.14 mean_q=0.033735 max_q=0.087039 fraction_q_positive=1.000000 sampling_entropy=5.517124 uniform_entropy=5.545177 entropy_gap=0.028053 max_probability_over_uniform=1.754686 min_probability_over_uniform=0.408810
RG_REMAP_SCORE round=1000 layer=features.14 mode=persistent mean_q_current=0.033735 mean_q_previous=0.052171 mean_persistent_score=0.040820 sampling_entropy=5.517124
RG_SCORE round=1000 layer=features.17 mean_q=0.034020 max_q=0.080807 fraction_q_positive=0.996094 sampling_entropy=5.517112 uniform_entropy=5.545177 entropy_gap=0.028065 max_probability_over_uniform=1.878887 min_probability_over_uniform=0.250000
RG_REMAP_SCORE round=1000 layer=features.17 mode=persistent mean_q_current=0.034020 mean_q_previous=0.047165 mean_persistent_score=0.039262 sampling_entropy=5.517112
RG_SCORE round=1000 layer=features.20 mean_q=0.029340 max_q=0.055711 fraction_q_positive=1.000000 sampling_entropy=5.529220 uniform_entropy=5.545177 entropy_gap=0.015958 max_probability_over_uniform=1.573592 min_probability_over_uniform=0.446401
RG_REMAP_SCORE round=1000 layer=features.20 mode=persistent mean_q_current=0.029340 mean_q_previous=0.041658 mean_persistent_score=0.034108 sampling_entropy=5.529220
RG_SCORE round=1000 layer=features.24 mean_q=0.069389 max_q=0.154187 fraction_q_positive=1.000000 sampling_entropy=6.209013 uniform_entropy=6.238325 entropy_gap=0.029312 max_probability_over_uniform=1.977687 min_probability_over_uniform=0.250000
RG_REMAP_SCORE round=1000 layer=features.24 mode=persistent mean_q_current=0.069389 mean_q_previous=0.065943 mean_persistent_score=0.066098 sampling_entropy=6.209013
RG_SCORE round=1000 layer=features.27 mean_q=0.113631 max_q=0.189383 fraction_q_positive=1.000000 sampling_entropy=6.223215 uniform_entropy=6.238325 entropy_gap=0.015110 max_probability_over_uniform=1.525733 min_probability_over_uniform=0.561130
RG_REMAP_SCORE round=1000 layer=features.27 mode=persistent mean_q_current=0.113631 mean_q_previous=0.078007 mean_persistent_score=0.092374 sampling_entropy=6.223215
RG_SCORE round=1000 layer=features.30 mean_q=0.087943 max_q=0.161278 fraction_q_positive=1.000000 sampling_entropy=6.213100 uniform_entropy=6.238325 entropy_gap=0.025225 max_probability_over_uniform=1.594910 min_probability_over_uniform=0.250000
RG_REMAP_SCORE round=1000 layer=features.30 mode=persistent mean_q_current=0.087943 mean_q_previous=0.044999 mean_persistent_score=0.060954 sampling_entropy=6.213100
RG_SCORE round=1000 layer=features.34 mean_q=0.254057 max_q=0.368959 fraction_q_positive=1.000000 sampling_entropy=6.190258 uniform_entropy=6.238325 entropy_gap=0.048067 max_probability_over_uniform=1.827941 min_probability_over_uniform=0.250000
RG_REMAP_SCORE round=1000 layer=features.34 mode=persistent mean_q_current=0.254057 mean_q_previous=0.115886 mean_persistent_score=0.162168 sampling_entropy=6.190258
RG_SCORE round=1000 layer=features.37 mean_q=0.245597 max_q=0.391680 fraction_q_positive=0.998047 sampling_entropy=6.182977 uniform_entropy=6.238325 entropy_gap=0.055347 max_probability_over_uniform=1.659808 min_probability_over_uniform=0.250000
RG_REMAP_SCORE round=1000 layer=features.37 mode=persistent mean_q_current=0.245597 mean_q_previous=0.093548 mean_persistent_score=0.141276 sampling_entropy=6.182977
RG_SCORE round=1000 layer=features.40 mean_q=0.135914 max_q=0.418698 fraction_q_positive=0.945312 sampling_entropy=6.104006 uniform_entropy=6.238325 entropy_gap=0.134318 max_probability_over_uniform=2.674220 min_probability_over_uniform=0.250000
RG_REMAP_SCORE round=1000 layer=features.40 mode=persistent mean_q_current=0.135914 mean_q_previous=0.077279 mean_persistent_score=0.087110 sampling_entropy=6.104006
ROUND_ACCURACY method=FedPhoenixRG-Persistent round=1000 accuracy=73.959999
PEAK_ACCURACY method=FedPhoenixRG-Persistent round=987 accuracy=83.230003
Unified training metrics saved to C:\Users\admin\Desktop\need_do\new_paper_four\FedPhoenix-finish\results\training_metrics\cifar10_vgg_FedPhoenixRG-Persistent_seed1_original_FedPhoenixRG-Persistent_seed1_1000.csv
