round,algorithm,seed,test_accuracy,round_train_seconds,matching_seconds,selected_clients,assignments,task_seeds,guidance_active,guidance_refreshed
1,FedPhoenixRG-Excess,1,10.0,17.36003979999805,0.0,"[80, 84, 33, 81, 93, 17, 36, 82, 69, 65]","[{""client_id"": 80, ""task_id"": 0}, {""client_id"": 84, ""task_id"": 1}, {""client_id"": 33, ""task_id"": 2}, {""client_id"": 81, ""task_id"": 3}, {""client_id"": 93, ""task_id"": 4}, {""client_id"": 17, ""task_id"": 5}, {""client_id"": 36, ""task_id"": 6}, {""client_id"": 82, ""task_id"": 7}, {""client_id"": 69, ""task_id"": 8}, {""client_id"": 65, ""task_id"": 9}]","[200001, 200998, 201995, 202992, 203989, 204986, 205983, 206980, 207977, 208974]",0,0
2,FedPhoenixRG-Excess,1,13.229999542236328,9.905422799987718,0.0,"[44, 96, 1, 35, 26, 11, 38, 82, 87, 3]","[{""client_id"": 44, ""task_id"": 0}, {""client_id"": 96, ""task_id"": 1}, {""client_id"": 1, ""task_id"": 2}, {""client_id"": 35, ""task_id"": 3}, {""client_id"": 26, ""task_id"": 4}, {""client_id"": 11, ""task_id"": 5}, {""client_id"": 38, ""task_id"": 6}, {""client_id"": 82, ""task_id"": 7}, {""client_id"": 87, ""task_id"": 8}, {""client_id"": 3, ""task_id"": 9}]","[300004, 301001, 301998, 302995, 303992, 304989, 305986, 306983, 307980, 308977]",0,0
3,FedPhoenixRG-Excess,1,12.229999542236328,10.299964500009082,0.0,"[95, 67, 96, 71, 1, 80, 99, 45, 52, 27]","[{""client_id"": 95, ""task_id"": 0}, {""client_id"": 67, ""task_id"": 1}, {""client_id"": 96, ""task_id"": 2}, {""client_id"": 71, ""task_id"": 3}, {""client_id"": 1, ""task_id"": 4}, {""client_id"": 80, ""task_id"": 5}, {""client_id"": 99, ""task_id"": 6}, {""client_id"": 45, ""task_id"": 7}, {""client_id"": 52, ""task_id"": 8}, {""client_id"": 27, ""task_id"": 9}]","[400007, 401004, 402001, 402998, 403995, 404992, 405989, 406986, 407983, 408980]",0,0
4,FedPhoenixRG-Excess,1,16.290000915527344,11.16645239997888,0.0,"[40, 10, 96, 66, 89, 32, 95, 55, 25, 5]","[{""client_id"": 40, ""task_id"": 0}, {""client_id"": 10, ""task_id"": 1}, {""client_id"": 96, ""task_id"": 2}, {""client_id"": 66, ""task_id"": 3}, {""client_id"": 89, ""task_id"": 4}, {""client_id"": 32, ""task_id"": 5}, {""client_id"": 95, ""task_id"": 6}, {""client_id"": 55, ""task_id"": 7}, {""client_id"": 25, ""task_id"": 8}, {""client_id"": 5, ""task_id"": 9}]","[500010, 501007, 502004, 503001, 503998, 504995, 505992, 506989, 507986, 508983]",0,0
5,FedPhoenixRG-Excess,1,32.41999816894531,8.249415299971588,0.0,"[89, 99, 45, 96, 72, 9, 74, 88, 1, 38]","[{""client_id"": 89, ""task_id"": 0}, {""client_id"": 99, ""task_id"": 1}, {""client_id"": 45, ""task_id"": 2}, {""client_id"": 96, ""task_id"": 3}, {""client_id"": 72, ""task_id"": 4}, {""client_id"": 9, ""task_id"": 5}, {""client_id"": 74, ""task_id"": 6}, {""client_id"": 88, ""task_id"": 7}, {""client_id"": 1, ""task_id"": 8}, {""client_id"": 38, ""task_id"": 9}]","[600013, 601010, 602007, 603004, 604001, 604998, 605995, 606992, 607989, 608986]",0,0
6,FedPhoenixRG-Excess,1,17.6200008392334,11.696975599974394,0.0,"[0, 86, 4, 23, 24, 1, 62, 83, 66, 93]","[{""client_id"": 0, ""task_id"": 0}, {""client_id"": 86, ""task_id"": 1}, {""client_id"": 4, ""task_id"": 2}, {""client_id"": 23, ""task_id"": 3}, {""client_id"": 24, ""task_id"": 4}, {""client_id"": 1, ""task_id"": 5}, {""client_id"": 62, ""task_id"": 6}, {""client_id"": 83, ""task_id"": 7}, {""client_id"": 66, ""task_id"": 8}, {""client_id"": 93, ""task_id"": 9}]","[700016, 701013, 702010, 703007, 704004, 705001, 705998, 706995, 707992, 708989]",0,0
7,FedPhoenixRG-Excess,1,24.139999389648438,8.989439799974207,0.0,"[6, 59, 72, 30, 91, 43, 75, 76, 15, 61]","[{""client_id"": 6, ""task_id"": 0}, {""client_id"": 59, ""task_id"": 1}, {""client_id"": 72, ""task_id"": 2}, {""client_id"": 30, ""task_id"": 3}, {""client_id"": 91, ""task_id"": 4}, {""client_id"": 43, ""task_id"": 5}, {""client_id"": 75, ""task_id"": 6}, {""client_id"": 76, ""task_id"": 7}, {""client_id"": 15, ""task_id"": 8}, {""client_id"": 61, ""task_id"": 9}]","[800019, 801016, 802013, 803010, 804007, 805004, 806001, 806998, 807995, 808992]",0,0
8,FedPhoenixRG-Excess,1,23.68000030517578,9.499970200005919,0.0,"[44, 88, 74, 48, 59, 79, 25, 52, 45, 55]","[{""client_id"": 44, ""task_id"": 0}, {""client_id"": 88, ""task_id"": 1}, {""client_id"": 74, ""task_id"": 2}, {""client_id"": 48, ""task_id"": 3}, {""client_id"": 59, ""task_id"": 4}, {""client_id"": 79, ""task_id"": 5}, {""client_id"": 25, ""task_id"": 6}, {""client_id"": 52, ""task_id"": 7}, {""client_id"": 45, ""task_id"": 8}, {""client_id"": 55, ""task_id"": 9}]","[900022, 901019, 902016, 903013, 904010, 905007, 906004, 907001, 907998, 908995]",0,0
9,FedPhoenixRG-Excess,1,30.1299991607666,10.37710490002064,0.0,"[3, 60, 35, 33, 22, 66, 45, 68, 67, 75]","[{""client_id"": 3, ""task_id"": 0}, {""client_id"": 60, ""task_id"": 1}, {""client_id"": 35, ""task_id"": 2}, {""client_id"": 33, ""task_id"": 3}, {""client_id"": 22, ""task_id"": 4}, {""client_id"": 66, ""task_id"": 5}, {""client_id"": 45, ""task_id"": 6}, {""client_id"": 68, ""task_id"": 7}, {""client_id"": 67, ""task_id"": 8}, {""client_id"": 75, ""task_id"": 9}]","[1000025, 1001022, 1002019, 1003016, 1004013, 1005010, 1006007, 1007004, 1008001, 1008998]",0,0
10,FedPhoenixRG-Excess,1,29.729999542236328,12.117425300006289,0.0,"[64, 91, 12, 52, 16, 65, 50, 68, 33, 30]","[{""client_id"": 64, ""task_id"": 0}, {""client_id"": 91, ""task_id"": 1}, {""client_id"": 12, ""task_id"": 2}, {""client_id"": 52, ""task_id"": 3}, {""client_id"": 16, ""task_id"": 4}, {""client_id"": 65, ""task_id"": 5}, {""client_id"": 50, ""task_id"": 6}, {""client_id"": 68, ""task_id"": 7}, {""client_id"": 33, ""task_id"": 8}, {""client_id"": 30, ""task_id"": 9}]","[1100028, 1101025, 1102022, 1103019, 1104016, 1105013, 1106010, 1107007, 1108004, 1109001]",0,0
11,FedPhoenixRG-Excess,1,38.22999954223633,11.873255800048355,0.0,"[54, 27, 23, 37, 75, 33, 41, 46, 52, 24]","[{""client_id"": 54, ""task_id"": 0}, {""client_id"": 27, ""task_id"": 1}, {""client_id"": 23, ""task_id"": 2}, {""client_id"": 37, ""task_id"": 3}, {""client_id"": 75, ""task_id"": 4}, {""client_id"": 33, ""task_id"": 5}, {""client_id"": 41, ""task_id"": 6}, {""client_id"": 46, ""task_id"": 7}, {""client_id"": 52, ""task_id"": 8}, {""client_id"": 24, ""task_id"": 9}]","[1200031, 1201028, 1202025, 1203022, 1204019, 1205016, 1206013, 1207010, 1208007, 1209004]",0,0
12,FedPhoenixRG-Excess,1,36.90999984741211,9.405923899961635,0.0,"[54, 45, 28, 44, 15, 1, 93, 12, 88, 40]","[{""client_id"": 54, ""task_id"": 0}, {""client_id"": 45, ""task_id"": 1}, {""client_id"": 28, ""task_id"": 2}, {""client_id"": 44, ""task_id"": 3}, {""client_id"": 15, ""task_id"": 4}, {""client_id"": 1, ""task_id"": 5}, {""client_id"": 93, ""task_id"": 6}, {""client_id"": 12, ""task_id"": 7}, {""client_id"": 88, ""task_id"": 8}, {""client_id"": 40, ""task_id"": 9}]","[1300034, 1301031, 1302028, 1303025, 1304022, 1305019, 1306016, 1307013, 1308010, 1309007]",0,0
13,FedPhoenixRG-Excess,1,38.220001220703125,11.725872099981643,0.0,"[70, 75, 5, 68, 36, 79, 72, 78, 57, 44]","[{""client_id"": 70, ""task_id"": 0}, {""client_id"": 75, ""task_id"": 1}, {""client_id"": 5, ""task_id"": 2}, {""client_id"": 68, ""task_id"": 3}, {""client_id"": 36, ""task_id"": 4}, {""client_id"": 79, ""task_id"": 5}, {""client_id"": 72, ""task_id"": 6}, {""client_id"": 78, ""task_id"": 7}, {""client_id"": 57, ""task_id"": 8}, {""client_id"": 44, ""task_id"": 9}]","[1400037, 1401034, 1402031, 1403028, 1404025, 1405022, 1406019, 1407016, 1408013, 1409010]",0,0
14,FedPhoenixRG-Excess,1,46.650001525878906,9.698254999995697,0.0,"[41, 9, 30, 89, 40, 49, 3, 22, 8, 16]","[{""client_id"": 41, ""task_id"": 0}, {""client_id"": 9, ""task_id"": 1}, {""client_id"": 30, ""task_id"": 2}, {""client_id"": 89, ""task_id"": 3}, {""client_id"": 40, ""task_id"": 4}, {""client_id"": 49, ""task_id"": 5}, {""client_id"": 3, ""task_id"": 6}, {""client_id"": 22, ""task_id"": 7}, {""client_id"": 8, ""task_id"": 8}, {""client_id"": 16, ""task_id"": 9}]","[1500040, 1501037, 1502034, 1503031, 1504028, 1505025, 1506022, 1507019, 1508016, 1509013]",0,0
15,FedPhoenixRG-Excess,1,45.459999084472656,9.757651099993382,0.0,"[82, 28, 69, 81, 56, 71, 85, 27, 37, 66]","[{""client_id"": 82, ""task_id"": 0}, {""client_id"": 28, ""task_id"": 1}, {""client_id"": 69, ""task_id"": 2}, {""client_id"": 81, ""task_id"": 3}, {""client_id"": 56, ""task_id"": 4}, {""client_id"": 71, ""task_id"": 5}, {""client_id"": 85, ""task_id"": 6}, {""client_id"": 27, ""task_id"": 7}, {""client_id"": 37, ""task_id"": 8}, {""client_id"": 66, ""task_id"": 9}]","[1600043, 1601040, 1602037, 1603034, 1604031, 1605028, 1606025, 1607022, 1608019, 1609016]",0,0
16,FedPhoenixRG-Excess,1,46.720001220703125,8.583832899981644,0.0,"[60, 13, 26, 12, 1, 28, 88, 86, 11, 43]","[{""client_id"": 60, ""task_id"": 0}, {""client_id"": 13, ""task_id"": 1}, {""client_id"": 26, ""task_id"": 2}, {""client_id"": 12, ""task_id"": 3}, {""client_id"": 1, ""task_id"": 4}, {""client_id"": 28, ""task_id"": 5}, {""client_id"": 88, ""task_id"": 6}, {""client_id"": 86, ""task_id"": 7}, {""client_id"": 11, ""task_id"": 8}, {""client_id"": 43, ""task_id"": 9}]","[1700046, 1701043, 1702040, 1703037, 1704034, 1705031, 1706028, 1707025, 1708022, 1709019]",0,0
17,FedPhoenixRG-Excess,1,45.529998779296875,9.245171300019138,0.0,"[93, 16, 72, 75, 10, 4, 38, 71, 42, 62]","[{""client_id"": 93, ""task_id"": 0}, {""client_id"": 16, ""task_id"": 1}, {""client_id"": 72, ""task_id"": 2}, {""client_id"": 75, ""task_id"": 3}, {""client_id"": 10, ""task_id"": 4}, {""client_id"": 4, ""task_id"": 5}, {""client_id"": 38, ""task_id"": 6}, {""client_id"": 71, ""task_id"": 7}, {""client_id"": 42, ""task_id"": 8}, {""client_id"": 62, ""task_id"": 9}]","[1800049, 1801046, 1802043, 1803040, 1804037, 1805034, 1806031, 1807028, 1808025, 1809022]",0,0
18,FedPhoenixRG-Excess,1,35.709999084472656,9.706889900029637,0.0,"[36, 47, 1, 64, 57, 97, 29, 6, 67, 92]","[{""client_id"": 36, ""task_id"": 0}, {""client_id"": 47, ""task_id"": 1}, {""client_id"": 1, ""task_id"": 2}, {""client_id"": 64, ""task_id"": 3}, {""client_id"": 57, ""task_id"": 4}, {""client_id"": 97, ""task_id"": 5}, {""client_id"": 29, ""task_id"": 6}, {""client_id"": 6, ""task_id"": 7}, {""client_id"": 67, ""task_id"": 8}, {""client_id"": 92, ""task_id"": 9}]","[1900052, 1901049, 1902046, 1903043, 1904040, 1905037, 1906034, 1907031, 1908028, 1909025]",0,0
19,FedPhoenixRG-Excess,1,44.220001220703125,10.632889100001194,0.0,"[48, 87, 17, 57, 22, 81, 4, 51, 94, 63]","[{""client_id"": 48, ""task_id"": 0}, {""client_id"": 87, ""task_id"": 1}, {""client_id"": 17, ""task_id"": 2}, {""client_id"": 57, ""task_id"": 3}, {""client_id"": 22, ""task_id"": 4}, {""client_id"": 81, ""task_id"": 5}, {""client_id"": 4, ""task_id"": 6}, {""client_id"": 51, ""task_id"": 7}, {""client_id"": 94, ""task_id"": 8}, {""client_id"": 63, ""task_id"": 9}]","[2000055, 2001052, 2002049, 2003046, 2004043, 2005040, 2006037, 2007034, 2008031, 2009028]",0,0
20,FedPhoenixRG-Excess,1,45.060001373291016,11.220973199990112,0.0,"[9, 17, 59, 11, 2, 95, 68, 28, 60, 14]","[{""client_id"": 9, ""task_id"": 0}, {""client_id"": 17, ""task_id"": 1}, {""client_id"": 59, ""task_id"": 2}, {""client_id"": 11, ""task_id"": 3}, {""client_id"": 2, ""task_id"": 4}, {""client_id"": 95, ""task_id"": 5}, {""client_id"": 68, ""task_id"": 6}, {""client_id"": 28, ""task_id"": 7}, {""client_id"": 60, ""task_id"": 8}, {""client_id"": 14, ""task_id"": 9}]","[2100058, 2101055, 2102052, 2103049, 2104046, 2105043, 2106040, 2107037, 2108034, 2109031]",1,1
21,FedPhoenixRG-Excess,1,50.61000061035156,10.81208579998929,0.0,"[26, 25, 15, 93, 45, 54, 68, 90, 76, 10]","[{""client_id"": 26, ""task_id"": 0}, {""client_id"": 25, ""task_id"": 1}, {""client_id"": 15, ""task_id"": 2}, {""client_id"": 93, ""task_id"": 3}, {""client_id"": 45, ""task_id"": 4}, {""client_id"": 54, ""task_id"": 5}, {""client_id"": 68, ""task_id"": 6}, {""client_id"": 90, ""task_id"": 7}, {""client_id"": 76, ""task_id"": 8}, {""client_id"": 10, ""task_id"": 9}]","[2200061, 2201058, 2202055, 2203052, 2204049, 2205046, 2206043, 2207040, 2208037, 2209034]",1,0
22,FedPhoenixRG-Excess,1,54.04999923706055,9.858324499975424,0.0,"[84, 74, 93, 1, 48, 44, 29, 26, 94, 75]","[{""client_id"": 84, ""task_id"": 0}, {""client_id"": 74, ""task_id"": 1}, {""client_id"": 93, ""task_id"": 2}, {""client_id"": 1, ""task_id"": 3}, {""client_id"": 48, ""task_id"": 4}, {""client_id"": 44, ""task_id"": 5}, {""client_id"": 29, ""task_id"": 6}, {""client_id"": 26, ""task_id"": 7}, {""client_id"": 94, ""task_id"": 8}, {""client_id"": 75, ""task_id"": 9}]","[2300064, 2301061, 2302058, 2303055, 2304052, 2305049, 2306046, 2307043, 2308040, 2309037]",1,0
23,FedPhoenixRG-Excess,1,50.150001525878906,9.896028199989814,0.0,"[71, 58, 50, 22, 59, 84, 10, 70, 43, 67]","[{""client_id"": 71, ""task_id"": 0}, {""client_id"": 58, ""task_id"": 1}, {""client_id"": 50, ""task_id"": 2}, {""client_id"": 22, ""task_id"": 3}, {""client_id"": 59, ""task_id"": 4}, {""client_id"": 84, ""task_id"": 5}, {""client_id"": 10, ""task_id"": 6}, {""client_id"": 70, ""task_id"": 7}, {""client_id"": 43, ""task_id"": 8}, {""client_id"": 67, ""task_id"": 9}]","[2400067, 2401064, 2402061, 2403058, 2404055, 2405052, 2406049, 2407046, 2408043, 2409040]",1,0
24,FedPhoenixRG-Excess,1,49.95000076293945,12.778780900000129,0.0,"[70, 54, 33, 75, 31, 58, 17, 6, 3, 51]","[{""client_id"": 70, ""task_id"": 0}, {""client_id"": 54, ""task_id"": 1}, {""client_id"": 33, ""task_id"": 2}, {""client_id"": 75, ""task_id"": 3}, {""client_id"": 31, ""task_id"": 4}, {""client_id"": 58, ""task_id"": 5}, {""client_id"": 17, ""task_id"": 6}, {""client_id"": 6, ""task_id"": 7}, {""client_id"": 3, ""task_id"": 8}, {""client_id"": 51, ""task_id"": 9}]","[2500070, 2501067, 2502064, 2503061, 2504058, 2505055, 2506052, 2507049, 2508046, 2509043]",1,0
25,FedPhoenixRG-Excess,1,53.2400016784668,11.013451999984682,0.0,"[42, 87, 33, 36, 30, 84, 78, 98, 71, 75]","[{""client_id"": 42, ""task_id"": 0}, {""client_id"": 87, ""task_id"": 1}, {""client_id"": 33, ""task_id"": 2}, {""client_id"": 36, ""task_id"": 3}, {""client_id"": 30, ""task_id"": 4}, {""client_id"": 84, ""task_id"": 5}, {""client_id"": 78, ""task_id"": 6}, {""client_id"": 98, ""task_id"": 7}, {""client_id"": 71, ""task_id"": 8}, {""client_id"": 75, ""task_id"": 9}]","[2600073, 2601070, 2602067, 2603064, 2604061, 2605058, 2606055, 2607052, 2608049, 2609046]",1,0
26,FedPhoenixRG-Excess,1,48.869998931884766,10.561511599982623,0.0,"[41, 47, 34, 10, 51, 11, 50, 16, 86, 64]","[{""client_id"": 41, ""task_id"": 0}, {""client_id"": 47, ""task_id"": 1}, {""client_id"": 34, ""task_id"": 2}, {""client_id"": 10, ""task_id"": 3}, {""client_id"": 51, ""task_id"": 4}, {""client_id"": 11, ""task_id"": 5}, {""client_id"": 50, ""task_id"": 6}, {""client_id"": 16, ""task_id"": 7}, {""client_id"": 86, ""task_id"": 8}, {""client_id"": 64, ""task_id"": 9}]","[2700076, 2701073, 2702070, 2703067, 2704064, 2705061, 2706058, 2707055, 2708052, 2709049]",1,0
27,FedPhoenixRG-Excess,1,53.720001220703125,11.685463699977845,0.0,"[58, 82, 63, 50, 98, 84, 4, 46, 65, 88]","[{""client_id"": 58, ""task_id"": 0}, {""client_id"": 82, ""task_id"": 1}, {""client_id"": 63, ""task_id"": 2}, {""client_id"": 50, ""task_id"": 3}, {""client_id"": 98, ""task_id"": 4}, {""client_id"": 84, ""task_id"": 5}, {""client_id"": 4, ""task_id"": 6}, {""client_id"": 46, ""task_id"": 7}, {""client_id"": 65, ""task_id"": 8}, {""client_id"": 88, ""task_id"": 9}]","[2800079, 2801076, 2802073, 2803070, 2804067, 2805064, 2806061, 2807058, 2808055, 2809052]",1,0
28,FedPhoenixRG-Excess,1,50.88999938964844,8.693270399991889,0.0,"[99, 88, 69, 16, 46, 29, 90, 91, 4, 45]","[{""client_id"": 99, ""task_id"": 0}, {""client_id"": 88, ""task_id"": 1}, {""client_id"": 69, ""task_id"": 2}, {""client_id"": 16, ""task_id"": 3}, {""client_id"": 46, ""task_id"": 4}, {""client_id"": 29, ""task_id"": 5}, {""client_id"": 90, ""task_id"": 6}, {""client_id"": 91, ""task_id"": 7}, {""client_id"": 4, ""task_id"": 8}, {""client_id"": 45, ""task_id"": 9}]","[2900082, 2901079, 2902076, 2903073, 2904070, 2905067, 2906064, 2907061, 2908058, 2909055]",1,0
29,FedPhoenixRG-Excess,1,47.18000030517578,12.320635200012475,0.0,"[80, 73, 28, 34, 1, 10, 13, 65, 5, 49]","[{""client_id"": 80, ""task_id"": 0}, {""client_id"": 73, ""task_id"": 1}, {""client_id"": 28, ""task_id"": 2}, {""client_id"": 34, ""task_id"": 3}, {""client_id"": 1, ""task_id"": 4}, {""client_id"": 10, ""task_id"": 5}, {""client_id"": 13, ""task_id"": 6}, {""client_id"": 65, ""task_id"": 7}, {""client_id"": 5, ""task_id"": 8}, {""client_id"": 49, ""task_id"": 9}]","[3000085, 3001082, 3002079, 3003076, 3004073, 3005070, 3006067, 3007064, 3008061, 3009058]",1,0
30,FedPhoenixRG-Excess,1,54.220001220703125,10.156832400010899,0.0,"[62, 41, 74, 11, 99, 8, 75, 26, 81, 85]","[{""client_id"": 62, ""task_id"": 0}, {""client_id"": 41, ""task_id"": 1}, {""client_id"": 74, ""task_id"": 2}, {""client_id"": 11, ""task_id"": 3}, {""client_id"": 99, ""task_id"": 4}, {""client_id"": 8, ""task_id"": 5}, {""client_id"": 75, ""task_id"": 6}, {""client_id"": 26, ""task_id"": 7}, {""client_id"": 81, ""task_id"": 8}, {""client_id"": 85, ""task_id"": 9}]","[3100088, 3101085, 3102082, 3103079, 3104076, 3105073, 3106070, 3107067, 3108064, 3109061]",1,0
31,FedPhoenixRG-Excess,1,57.720001220703125,8.710908000008203,0.0,"[96, 81, 77, 83, 14, 50, 13, 67, 53, 91]","[{""client_id"": 96, ""task_id"": 0}, {""client_id"": 81, ""task_id"": 1}, {""client_id"": 77, ""task_id"": 2}, {""client_id"": 83, ""task_id"": 3}, {""client_id"": 14, ""task_id"": 4}, {""client_id"": 50, ""task_id"": 5}, {""client_id"": 13, ""task_id"": 6}, {""client_id"": 67, ""task_id"": 7}, {""client_id"": 53, ""task_id"": 8}, {""client_id"": 91, ""task_id"": 9}]","[3200091, 3201088, 3202085, 3203082, 3204079, 3205076, 3206073, 3207070, 3208067, 3209064]",1,0
32,FedPhoenixRG-Excess,1,54.63999938964844,11.39411699998891,0.0,"[40, 73, 70, 3, 6, 94, 1, 25, 20, 10]","[{""client_id"": 40, ""task_id"": 0}, {""client_id"": 73, ""task_id"": 1}, {""client_id"": 70, ""task_id"": 2}, {""client_id"": 3, ""task_id"": 3}, {""client_id"": 6, ""task_id"": 4}, {""client_id"": 94, ""task_id"": 5}, {""client_id"": 1, ""task_id"": 6}, {""client_id"": 25, ""task_id"": 7}, {""client_id"": 20, ""task_id"": 8}, {""client_id"": 10, ""task_id"": 9}]","[3300094, 3301091, 3302088, 3303085, 3304082, 3305079, 3306076, 3307073, 3308070, 3309067]",1,0
33,FedPhoenixRG-Excess,1,56.58000183105469,11.122319999965839,0.0,"[45, 16, 51, 88, 17, 78, 36, 44, 21, 62]","[{""client_id"": 45, ""task_id"": 0}, {""client_id"": 16, ""task_id"": 1}, {""client_id"": 51, ""task_id"": 2}, {""client_id"": 88, ""task_id"": 3}, {""client_id"": 17, ""task_id"": 4}, {""client_id"": 78, ""task_id"": 5}, {""client_id"": 36, ""task_id"": 6}, {""client_id"": 44, ""task_id"": 7}, {""client_id"": 21, ""task_id"": 8}, {""client_id"": 62, ""task_id"": 9}]","[3400097, 3401094, 3402091, 3403088, 3404085, 3405082, 3406079, 3407076, 3408073, 3409070]",1,0
34,FedPhoenixRG-Excess,1,64.55000305175781,8.407305200002156,0.0,"[92, 43, 97, 61, 58, 67, 1, 98, 30, 75]","[{""client_id"": 92, ""task_id"": 0}, {""client_id"": 43, ""task_id"": 1}, {""client_id"": 97, ""task_id"": 2}, {""client_id"": 61, ""task_id"": 3}, {""client_id"": 58, ""task_id"": 4}, {""client_id"": 67, ""task_id"": 5}, {""client_id"": 1, ""task_id"": 6}, {""client_id"": 98, ""task_id"": 7}, {""client_id"": 30, ""task_id"": 8}, {""client_id"": 75, ""task_id"": 9}]","[3500100, 3501097, 3502094, 3503091, 3504088, 3505085, 3506082, 3507079, 3508076, 3509073]",1,0
35,FedPhoenixRG-Excess,1,54.41999816894531,11.207844000018667,0.0,"[31, 89, 17, 66, 92, 23, 96, 9, 35, 20]","[{""client_id"": 31, ""task_id"": 0}, {""client_id"": 89, ""task_id"": 1}, {""client_id"": 17, ""task_id"": 2}, {""client_id"": 66, ""task_id"": 3}, {""client_id"": 92, ""task_id"": 4}, {""client_id"": 23, ""task_id"": 5}, {""client_id"": 96, ""task_id"": 6}, {""client_id"": 9, ""task_id"": 7}, {""client_id"": 35, ""task_id"": 8}, {""client_id"": 20, ""task_id"": 9}]","[3600103, 3601100, 3602097, 3603094, 3604091, 3605088, 3606085, 3607082, 3608079, 3609076]",1,0
36,FedPhoenixRG-Excess,1,51.790000915527344,13.675348399963696,0.0,"[72, 68, 65, 28, 23, 85, 16, 60, 73, 78]","[{""client_id"": 72, ""task_id"": 0}, {""client_id"": 68, ""task_id"": 1}, {""client_id"": 65, ""task_id"": 2}, {""client_id"": 28, ""task_id"": 3}, {""client_id"": 23, ""task_id"": 4}, {""client_id"": 85, ""task_id"": 5}, {""client_id"": 16, ""task_id"": 6}, {""client_id"": 60, ""task_id"": 7}, {""client_id"": 73, ""task_id"": 8}, {""client_id"": 78, ""task_id"": 9}]","[3700106, 3701103, 3702100, 3703097, 3704094, 3705091, 3706088, 3707085, 3708082, 3709079]",1,0
37,FedPhoenixRG-Excess,1,61.459999084472656,10.523729300010018,0.0,"[66, 49, 62, 9, 84, 68, 74, 3, 44, 71]","[{""client_id"": 66, ""task_id"": 0}, {""client_id"": 49, ""task_id"": 1}, {""client_id"": 62, ""task_id"": 2}, {""client_id"": 9, ""task_id"": 3}, {""client_id"": 84, ""task_id"": 4}, {""client_id"": 68, ""task_id"": 5}, {""client_id"": 74, ""task_id"": 6}, {""client_id"": 3, ""task_id"": 7}, {""client_id"": 44, ""task_id"": 8}, {""client_id"": 71, ""task_id"": 9}]","[3800109, 3801106, 3802103, 3803100, 3804097, 3805094, 3806091, 3807088, 3808085, 3809082]",1,0
38,FedPhoenixRG-Excess,1,58.40999984741211,8.394853200006764,0.0,"[50, 73, 27, 38, 8, 53, 21, 14, 28, 64]","[{""client_id"": 50, ""task_id"": 0}, {""client_id"": 73, ""task_id"": 1}, {""client_id"": 27, ""task_id"": 2}, {""client_id"": 38, ""task_id"": 3}, {""client_id"": 8, ""task_id"": 4}, {""client_id"": 53, ""task_id"": 5}, {""client_id"": 21, ""task_id"": 6}, {""client_id"": 14, ""task_id"": 7}, {""client_id"": 28, ""task_id"": 8}, {""client_id"": 64, ""task_id"": 9}]","[3900112, 3901109, 3902106, 3903103, 3904100, 3905097, 3906094, 3907091, 3908088, 3909085]",1,0
39,FedPhoenixRG-Excess,1,58.84000015258789,9.736574499984272,0.0,"[48, 87, 40, 59, 3, 10, 75, 35, 49, 89]","[{""client_id"": 48, ""task_id"": 0}, {""client_id"": 87, ""task_id"": 1}, {""client_id"": 40, ""task_id"": 2}, {""client_id"": 59, ""task_id"": 3}, {""client_id"": 3, ""task_id"": 4}, {""client_id"": 10, ""task_id"": 5}, {""client_id"": 75, ""task_id"": 6}, {""client_id"": 35, ""task_id"": 7}, {""client_id"": 49, ""task_id"": 8}, {""client_id"": 89, ""task_id"": 9}]","[4000115, 4001112, 4002109, 4003106, 4004103, 4005100, 4006097, 4007094, 4008091, 4009088]",1,0
40,FedPhoenixRG-Excess,1,64.12000274658203,9.4012985000154,0.0,"[83, 93, 34, 60, 90, 45, 42, 41, 91, 36]","[{""client_id"": 83, ""task_id"": 0}, {""client_id"": 93, ""task_id"": 1}, {""client_id"": 34, ""task_id"": 2}, {""client_id"": 60, ""task_id"": 3}, {""client_id"": 90, ""task_id"": 4}, {""client_id"": 45, ""task_id"": 5}, {""client_id"": 42, ""task_id"": 6}, {""client_id"": 41, ""task_id"": 7}, {""client_id"": 91, ""task_id"": 8}, {""client_id"": 36, ""task_id"": 9}]","[4100118, 4101115, 4102112, 4103109, 4104106, 4105103, 4106100, 4107097, 4108094, 4109091]",1,1
41,FedPhoenixRG-Excess,1,66.1500015258789,9.712342699989676,0.0,"[75, 52, 20, 80, 90, 93, 4, 51, 13, 98]","[{""client_id"": 75, ""task_id"": 0}, {""client_id"": 52, ""task_id"": 1}, {""client_id"": 20, ""task_id"": 2}, {""client_id"": 80, ""task_id"": 3}, {""client_id"": 90, ""task_id"": 4}, {""client_id"": 93, ""task_id"": 5}, {""client_id"": 4, ""task_id"": 6}, {""client_id"": 51, ""task_id"": 7}, {""client_id"": 13, ""task_id"": 8}, {""client_id"": 98, ""task_id"": 9}]","[4200121, 4201118, 4202115, 4203112, 4204109, 4205106, 4206103, 4207100, 4208097, 4209094]",1,0
42,FedPhoenixRG-Excess,1,59.029998779296875,10.419068499992136,0.0,"[98, 79, 17, 10, 3, 12, 29, 26, 54, 58]","[{""client_id"": 98, ""task_id"": 0}, {""client_id"": 79, ""task_id"": 1}, {""client_id"": 17, ""task_id"": 2}, {""client_id"": 10, ""task_id"": 3}, {""client_id"": 3, ""task_id"": 4}, {""client_id"": 12, ""task_id"": 5}, {""client_id"": 29, ""task_id"": 6}, {""client_id"": 26, ""task_id"": 7}, {""client_id"": 54, ""task_id"": 8}, {""client_id"": 58, ""task_id"": 9}]","[4300124, 4301121, 4302118, 4303115, 4304112, 4305109, 4306106, 4307103, 4308100, 4309097]",1,0
43,FedPhoenixRG-Excess,1,62.9900016784668,11.38014199997997,0.0,"[32, 15, 47, 9, 7, 16, 24, 57, 71, 28]","[{""client_id"": 32, ""task_id"": 0}, {""client_id"": 15, ""task_id"": 1}, {""client_id"": 47, ""task_id"": 2}, {""client_id"": 9, ""task_id"": 3}, {""client_id"": 7, ""task_id"": 4}, {""client_id"": 16, ""task_id"": 5}, {""client_id"": 24, ""task_id"": 6}, {""client_id"": 57, ""task_id"": 7}, {""client_id"": 71, ""task_id"": 8}, {""client_id"": 28, ""task_id"": 9}]","[4400127, 4401124, 4402121, 4403118, 4404115, 4405112, 4406109, 4407106, 4408103, 4409100]",1,0
44,FedPhoenixRG-Excess,1,60.20000076293945,9.33178330003284,0.0,"[76, 67, 81, 35, 44, 49, 32, 99, 69, 51]","[{""client_id"": 76, ""task_id"": 0}, {""client_id"": 67, ""task_id"": 1}, {""client_id"": 81, ""task_id"": 2}, {""client_id"": 35, ""task_id"": 3}, {""client_id"": 44, ""task_id"": 4}, {""client_id"": 49, ""task_id"": 5}, {""client_id"": 32, ""task_id"": 6}, {""client_id"": 99, ""task_id"": 7}, {""client_id"": 69, ""task_id"": 8}, {""client_id"": 51, ""task_id"": 9}]","[4500130, 4501127, 4502124, 4503121, 4504118, 4505115, 4506112, 4507109, 4508106, 4509103]",1,0
45,FedPhoenixRG-Excess,1,54.7599983215332,9.187365400022827,0.0,"[42, 4, 95, 71, 84, 22, 61, 5, 10, 28]","[{""client_id"": 42, ""task_id"": 0}, {""client_id"": 4, ""task_id"": 1}, {""client_id"": 95, ""task_id"": 2}, {""client_id"": 71, ""task_id"": 3}, {""client_id"": 84, ""task_id"": 4}, {""client_id"": 22, ""task_id"": 5}, {""client_id"": 61, ""task_id"": 6}, {""client_id"": 5, ""task_id"": 7}, {""client_id"": 10, ""task_id"": 8}, {""client_id"": 28, ""task_id"": 9}]","[4600133, 4601130, 4602127, 4603124, 4604121, 4605118, 4606115, 4607112, 4608109, 4609106]",1,0
46,FedPhoenixRG-Excess,1,66.48999786376953,10.673118399980012,0.0,"[61, 52, 80, 26, 37, 44, 85, 1, 99, 55]","[{""client_id"": 61, ""task_id"": 0}, {""client_id"": 52, ""task_id"": 1}, {""client_id"": 80, ""task_id"": 2}, {""client_id"": 26, ""task_id"": 3}, {""client_id"": 37, ""task_id"": 4}, {""client_id"": 44, ""task_id"": 5}, {""client_id"": 85, ""task_id"": 6}, {""client_id"": 1, ""task_id"": 7}, {""client_id"": 99, ""task_id"": 8}, {""client_id"": 55, ""task_id"": 9}]","[4700136, 4701133, 4702130, 4703127, 4704124, 4705121, 4706118, 4707115, 4708112, 4709109]",1,0
47,FedPhoenixRG-Excess,1,62.189998626708984,9.468522800016217,0.0,"[23, 10, 75, 28, 19, 22, 43, 13, 98, 85]","[{""client_id"": 23, ""task_id"": 0}, {""client_id"": 10, ""task_id"": 1}, {""client_id"": 75, ""task_id"": 2}, {""client_id"": 28, ""task_id"": 3}, {""client_id"": 19, ""task_id"": 4}, {""client_id"": 22, ""task_id"": 5}, {""client_id"": 43, ""task_id"": 6}, {""client_id"": 13, ""task_id"": 7}, {""client_id"": 98, ""task_id"": 8}, {""client_id"": 85, ""task_id"": 9}]","[4800139, 4801136, 4802133, 4803130, 4804127, 4805124, 4806121, 4807118, 4808115, 4809112]",1,0
48,FedPhoenixRG-Excess,1,58.41999816894531,8.48364930000389,0.0,"[18, 1, 96, 63, 59, 71, 88, 39, 97, 68]","[{""client_id"": 18, ""task_id"": 0}, {""client_id"": 1, ""task_id"": 1}, {""client_id"": 96, ""task_id"": 2}, {""client_id"": 63, ""task_id"": 3}, {""client_id"": 59, ""task_id"": 4}, {""client_id"": 71, ""task_id"": 5}, {""client_id"": 88, ""task_id"": 6}, {""client_id"": 39, ""task_id"": 7}, {""client_id"": 97, ""task_id"": 8}, {""client_id"": 68, ""task_id"": 9}]","[4900142, 4901139, 4902136, 4903133, 4904130, 4905127, 4906124, 4907121, 4908118, 4909115]",1,0
49,FedPhoenixRG-Excess,1,58.540000915527344,11.787780299957376,0.0,"[44, 11, 93, 47, 54, 9, 81, 94, 45, 65]","[{""client_id"": 44, ""task_id"": 0}, {""client_id"": 11, ""task_id"": 1}, {""client_id"": 93, ""task_id"": 2}, {""client_id"": 47, ""task_id"": 3}, {""client_id"": 54, ""task_id"": 4}, {""client_id"": 9, ""task_id"": 5}, {""client_id"": 81, ""task_id"": 6}, {""client_id"": 94, ""task_id"": 7}, {""client_id"": 45, ""task_id"": 8}, {""client_id"": 65, ""task_id"": 9}]","[5000145, 5001142, 5002139, 5003136, 5004133, 5005130, 5006127, 5007124, 5008121, 5009118]",1,0
50,FedPhoenixRG-Excess,1,61.599998474121094,8.53286770003615,0.0,"[48, 43, 51, 76, 99, 39, 38, 73, 89, 80]","[{""client_id"": 48, ""task_id"": 0}, {""client_id"": 43, ""task_id"": 1}, {""client_id"": 51, ""task_id"": 2}, {""client_id"": 76, ""task_id"": 3}, {""client_id"": 99, ""task_id"": 4}, {""client_id"": 39, ""task_id"": 5}, {""client_id"": 38, ""task_id"": 6}, {""client_id"": 73, ""task_id"": 7}, {""client_id"": 89, ""task_id"": 8}, {""client_id"": 80, ""task_id"": 9}]","[5100148, 5101145, 5102142, 5103139, 5104136, 5105133, 5106130, 5107127, 5108124, 5109121]",1,0
51,FedPhoenixRG-Excess,1,55.900001525878906,10.543029099993873,0.0,"[34, 16, 99, 17, 62, 58, 96, 29, 90, 30]","[{""client_id"": 34, ""task_id"": 0}, {""client_id"": 16, ""task_id"": 1}, {""client_id"": 99, ""task_id"": 2}, {""client_id"": 17, ""task_id"": 3}, {""client_id"": 62, ""task_id"": 4}, {""client_id"": 58, ""task_id"": 5}, {""client_id"": 96, ""task_id"": 6}, {""client_id"": 29, ""task_id"": 7}, {""client_id"": 90, ""task_id"": 8}, {""client_id"": 30, ""task_id"": 9}]","[5200151, 5201148, 5202145, 5203142, 5204139, 5205136, 5206133, 5207130, 5208127, 5209124]",1,0
52,FedPhoenixRG-Excess,1,65.30000305175781,8.994519800005946,0.0,"[8, 59, 78, 95, 25, 35, 99, 86, 54, 64]","[{""client_id"": 8, ""task_id"": 0}, {""client_id"": 59, ""task_id"": 1}, {""client_id"": 78, ""task_id"": 2}, {""client_id"": 95, ""task_id"": 3}, {""client_id"": 25, ""task_id"": 4}, {""client_id"": 35, ""task_id"": 5}, {""client_id"": 99, ""task_id"": 6}, {""client_id"": 86, ""task_id"": 7}, {""client_id"": 54, ""task_id"": 8}, {""client_id"": 64, ""task_id"": 9}]","[5300154, 5301151, 5302148, 5303145, 5304142, 5305139, 5306136, 5307133, 5308130, 5309127]",1,0
53,FedPhoenixRG-Excess,1,60.02000045776367,10.921801099961158,0.0,"[87, 42, 55, 74, 37, 10, 26, 23, 57, 62]","[{""client_id"": 87, ""task_id"": 0}, {""client_id"": 42, ""task_id"": 1}, {""client_id"": 55, ""task_id"": 2}, {""client_id"": 74, ""task_id"": 3}, {""client_id"": 37, ""task_id"": 4}, {""client_id"": 10, ""task_id"": 5}, {""client_id"": 26, ""task_id"": 6}, {""client_id"": 23, ""task_id"": 7}, {""client_id"": 57, ""task_id"": 8}, {""client_id"": 62, ""task_id"": 9}]","[5400157, 5401154, 5402151, 5403148, 5404145, 5405142, 5406139, 5407136, 5408133, 5409130]",1,0
54,FedPhoenixRG-Excess,1,50.34000015258789,8.44235300004948,0.0,"[84, 2, 76, 48, 68, 40, 92, 8, 42, 46]","[{""client_id"": 84, ""task_id"": 0}, {""client_id"": 2, ""task_id"": 1}, {""client_id"": 76, ""task_id"": 2}, {""client_id"": 48, ""task_id"": 3}, {""client_id"": 68, ""task_id"": 4}, {""client_id"": 40, ""task_id"": 5}, {""client_id"": 92, ""task_id"": 6}, {""client_id"": 8, ""task_id"": 7}, {""client_id"": 42, ""task_id"": 8}, {""client_id"": 46, ""task_id"": 9}]","[5500160, 5501157, 5502154, 5503151, 5504148, 5505145, 5506142, 5507139, 5508136, 5509133]",1,0
55,FedPhoenixRG-Excess,1,65.77999877929688,10.745790200016927,0.0,"[91, 70, 16, 58, 10, 35, 31, 86, 62, 54]","[{""client_id"": 91, ""task_id"": 0}, {""client_id"": 70, ""task_id"": 1}, {""client_id"": 16, ""task_id"": 2}, {""client_id"": 58, ""task_id"": 3}, {""client_id"": 10, ""task_id"": 4}, {""client_id"": 35, ""task_id"": 5}, {""client_id"": 31, ""task_id"": 6}, {""client_id"": 86, ""task_id"": 7}, {""client_id"": 62, ""task_id"": 8}, {""client_id"": 54, ""task_id"": 9}]","[5600163, 5601160, 5602157, 5603154, 5604151, 5605148, 5606145, 5607142, 5608139, 5609136]",1,0
56,FedPhoenixRG-Excess,1,65.58000183105469,10.810601799981669,0.0,"[32, 41, 20, 75, 69, 62, 74, 38, 80, 58]","[{""client_id"": 32, ""task_id"": 0}, {""client_id"": 41, ""task_id"": 1}, {""client_id"": 20, ""task_id"": 2}, {""client_id"": 75, ""task_id"": 3}, {""client_id"": 69, ""task_id"": 4}, {""client_id"": 62, ""task_id"": 5}, {""client_id"": 74, ""task_id"": 6}, {""client_id"": 38, ""task_id"": 7}, {""client_id"": 80, ""task_id"": 8}, {""client_id"": 58, ""task_id"": 9}]","[5700166, 5701163, 5702160, 5703157, 5704154, 5705151, 5706148, 5707145, 5708142, 5709139]",1,0
57,FedPhoenixRG-Excess,1,58.880001068115234,8.96981149999192,0.0,"[89, 0, 84, 16, 97, 67, 41, 38, 59, 60]","[{""client_id"": 89, ""task_id"": 0}, {""client_id"": 0, ""task_id"": 1}, {""client_id"": 84, ""task_id"": 2}, {""client_id"": 16, ""task_id"": 3}, {""client_id"": 97, ""task_id"": 4}, {""client_id"": 67, ""task_id"": 5}, {""client_id"": 41, ""task_id"": 6}, {""client_id"": 38, ""task_id"": 7}, {""client_id"": 59, ""task_id"": 8}, {""client_id"": 60, ""task_id"": 9}]","[5800169, 5801166, 5802163, 5803160, 5804157, 5805154, 5806151, 5807148, 5808145, 5809142]",1,0
58,FedPhoenixRG-Excess,1,40.189998626708984,8.798211699991953,0.0,"[59, 21, 34, 35, 95, 41, 9, 12, 47, 42]","[{""client_id"": 59, ""task_id"": 0}, {""client_id"": 21, ""task_id"": 1}, {""client_id"": 34, ""task_id"": 2}, {""client_id"": 35, ""task_id"": 3}, {""client_id"": 95, ""task_id"": 4}, {""client_id"": 41, ""task_id"": 5}, {""client_id"": 9, ""task_id"": 6}, {""client_id"": 12, ""task_id"": 7}, {""client_id"": 47, ""task_id"": 8}, {""client_id"": 42, ""task_id"": 9}]","[5900172, 5901169, 5902166, 5903163, 5904160, 5905157, 5906154, 5907151, 5908148, 5909145]",1,0
59,FedPhoenixRG-Excess,1,62.66999816894531,11.87757369998144,0.0,"[88, 78, 75, 43, 57, 63, 34, 79, 17, 93]","[{""client_id"": 88, ""task_id"": 0}, {""client_id"": 78, ""task_id"": 1}, {""client_id"": 75, ""task_id"": 2}, {""client_id"": 43, ""task_id"": 3}, {""client_id"": 57, ""task_id"": 4}, {""client_id"": 63, ""task_id"": 5}, {""client_id"": 34, ""task_id"": 6}, {""client_id"": 79, ""task_id"": 7}, {""client_id"": 17, ""task_id"": 8}, {""client_id"": 93, ""task_id"": 9}]","[6000175, 6001172, 6002169, 6003166, 6004163, 6005160, 6006157, 6007154, 6008151, 6009148]",1,0
60,FedPhoenixRG-Excess,1,65.69999694824219,9.631076799996663,0.0,"[76, 35, 9, 75, 32, 97, 53, 72, 27, 91]","[{""client_id"": 76, ""task_id"": 0}, {""client_id"": 35, ""task_id"": 1}, {""client_id"": 9, ""task_id"": 2}, {""client_id"": 75, ""task_id"": 3}, {""client_id"": 32, ""task_id"": 4}, {""client_id"": 97, ""task_id"": 5}, {""client_id"": 53, ""task_id"": 6}, {""client_id"": 72, ""task_id"": 7}, {""client_id"": 27, ""task_id"": 8}, {""client_id"": 91, ""task_id"": 9}]","[6100178, 6101175, 6102172, 6103169, 6104166, 6105163, 6106160, 6107157, 6108154, 6109151]",1,1
61,FedPhoenixRG-Excess,1,65.4800033569336,12.60039009997854,0.0,"[60, 14, 9, 43, 15, 68, 7, 44, 65, 89]","[{""client_id"": 60, ""task_id"": 0}, {""client_id"": 14, ""task_id"": 1}, {""client_id"": 9, ""task_id"": 2}, {""client_id"": 43, ""task_id"": 3}, {""client_id"": 15, ""task_id"": 4}, {""client_id"": 68, ""task_id"": 5}, {""client_id"": 7, ""task_id"": 6}, {""client_id"": 44, ""task_id"": 7}, {""client_id"": 65, ""task_id"": 8}, {""client_id"": 89, ""task_id"": 9}]","[6200181, 6201178, 6202175, 6203172, 6204169, 6205166, 6206163, 6207160, 6208157, 6209154]",1,0
62,FedPhoenixRG-Excess,1,63.4900016784668,10.305215500004124,0.0,"[56, 67, 28, 93, 30, 71, 78, 48, 25, 19]","[{""client_id"": 56, ""task_id"": 0}, {""client_id"": 67, ""task_id"": 1}, {""client_id"": 28, ""task_id"": 2}, {""client_id"": 93, ""task_id"": 3}, {""client_id"": 30, ""task_id"": 4}, {""client_id"": 71, ""task_id"": 5}, {""client_id"": 78, ""task_id"": 6}, {""client_id"": 48, ""task_id"": 7}, {""client_id"": 25, ""task_id"": 8}, {""client_id"": 19, ""task_id"": 9}]","[6300184, 6301181, 6302178, 6303175, 6304172, 6305169, 6306166, 6307163, 6308160, 6309157]",1,0
63,FedPhoenixRG-Excess,1,65.33000183105469,9.953763599973172,0.0,"[61, 18, 63, 89, 0, 99, 42, 76, 81, 9]","[{""client_id"": 61, ""task_id"": 0}, {""client_id"": 18, ""task_id"": 1}, {""client_id"": 63, ""task_id"": 2}, {""client_id"": 89, ""task_id"": 3}, {""client_id"": 0, ""task_id"": 4}, {""client_id"": 99, ""task_id"": 5}, {""client_id"": 42, ""task_id"": 6}, {""client_id"": 76, ""task_id"": 7}, {""client_id"": 81, ""task_id"": 8}, {""client_id"": 9, ""task_id"": 9}]","[6400187, 6401184, 6402181, 6403178, 6404175, 6405172, 6406169, 6407166, 6408163, 6409160]",1,0
64,FedPhoenixRG-Excess,1,64.11000061035156,11.028014599985909,0.0,"[14, 22, 8, 93, 29, 90, 73, 28, 57, 58]","[{""client_id"": 14, ""task_id"": 0}, {""client_id"": 22, ""task_id"": 1}, {""client_id"": 8, ""task_id"": 2}, {""client_id"": 93, ""task_id"": 3}, {""client_id"": 29, ""task_id"": 4}, {""client_id"": 90, ""task_id"": 5}, {""client_id"": 73, ""task_id"": 6}, {""client_id"": 28, ""task_id"": 7}, {""client_id"": 57, ""task_id"": 8}, {""client_id"": 58, ""task_id"": 9}]","[6500190, 6501187, 6502184, 6503181, 6504178, 6505175, 6506172, 6507169, 6508166, 6509163]",1,0
65,FedPhoenixRG-Excess,1,64.91000366210938,10.99009399994975,0.0,"[16, 90, 78, 23, 55, 61, 31, 0, 11, 82]","[{""client_id"": 16, ""task_id"": 0}, {""client_id"": 90, ""task_id"": 1}, {""client_id"": 78, ""task_id"": 2}, {""client_id"": 23, ""task_id"": 3}, {""client_id"": 55, ""task_id"": 4}, {""client_id"": 61, ""task_id"": 5}, {""client_id"": 31, ""task_id"": 6}, {""client_id"": 0, ""task_id"": 7}, {""client_id"": 11, ""task_id"": 8}, {""client_id"": 82, ""task_id"": 9}]","[6600193, 6601190, 6602187, 6603184, 6604181, 6605178, 6606175, 6607172, 6608169, 6609166]",1,0
66,FedPhoenixRG-Excess,1,64.2300033569336,12.089944300008938,0.0,"[28, 65, 16, 72, 11, 36, 19, 51, 81, 53]","[{""client_id"": 28, ""task_id"": 0}, {""client_id"": 65, ""task_id"": 1}, {""client_id"": 16, ""task_id"": 2}, {""client_id"": 72, ""task_id"": 3}, {""client_id"": 11, ""task_id"": 4}, {""client_id"": 36, ""task_id"": 5}, {""client_id"": 19, ""task_id"": 6}, {""client_id"": 51, ""task_id"": 7}, {""client_id"": 81, ""task_id"": 8}, {""client_id"": 53, ""task_id"": 9}]","[6700196, 6701193, 6702190, 6703187, 6704184, 6705181, 6706178, 6707175, 6708172, 6709169]",1,0
67,FedPhoenixRG-Excess,1,62.2599983215332,9.753195800003596,0.0,"[53, 63, 96, 28, 78, 90, 58, 73, 34, 4]","[{""client_id"": 53, ""task_id"": 0}, {""client_id"": 63, ""task_id"": 1}, {""client_id"": 96, ""task_id"": 2}, {""client_id"": 28, ""task_id"": 3}, {""client_id"": 78, ""task_id"": 4}, {""client_id"": 90, ""task_id"": 5}, {""client_id"": 58, ""task_id"": 6}, {""client_id"": 73, ""task_id"": 7}, {""client_id"": 34, ""task_id"": 8}, {""client_id"": 4, ""task_id"": 9}]","[6800199, 6801196, 6802193, 6803190, 6804187, 6805184, 6806181, 6807178, 6808175, 6809172]",1,0
68,FedPhoenixRG-Excess,1,55.11000061035156,9.834312899969518,0.0,"[38, 57, 22, 41, 70, 39, 10, 5, 17, 32]","[{""client_id"": 38, ""task_id"": 0}, {""client_id"": 57, ""task_id"": 1}, {""client_id"": 22, ""task_id"": 2}, {""client_id"": 41, ""task_id"": 3}, {""client_id"": 70, ""task_id"": 4}, {""client_id"": 39, ""task_id"": 5}, {""client_id"": 10, ""task_id"": 6}, {""client_id"": 5, ""task_id"": 7}, {""client_id"": 17, ""task_id"": 8}, {""client_id"": 32, ""task_id"": 9}]","[6900202, 6901199, 6902196, 6903193, 6904190, 6905187, 6906184, 6907181, 6908178, 6909175]",1,0
69,FedPhoenixRG-Excess,1,69.05000305175781,9.05811869999161,0.0,"[60, 67, 48, 59, 46, 94, 22, 29, 53, 97]","[{""client_id"": 60, ""task_id"": 0}, {""client_id"": 67, ""task_id"": 1}, {""client_id"": 48, ""task_id"": 2}, {""client_id"": 59, ""task_id"": 3}, {""client_id"": 46, ""task_id"": 4}, {""client_id"": 94, ""task_id"": 5}, {""client_id"": 22, ""task_id"": 6}, {""client_id"": 29, ""task_id"": 7}, {""client_id"": 53, ""task_id"": 8}, {""client_id"": 97, ""task_id"": 9}]","[7000205, 7001202, 7002199, 7003196, 7004193, 7005190, 7006187, 7007184, 7008181, 7009178]",1,0
70,FedPhoenixRG-Excess,1,60.83000183105469,8.84544599999208,0.0,"[61, 33, 76, 48, 37, 54, 38, 13, 8, 39]","[{""client_id"": 61, ""task_id"": 0}, {""client_id"": 33, ""task_id"": 1}, {""client_id"": 76, ""task_id"": 2}, {""client_id"": 48, ""task_id"": 3}, {""client_id"": 37, ""task_id"": 4}, {""client_id"": 54, ""task_id"": 5}, {""client_id"": 38, ""task_id"": 6}, {""client_id"": 13, ""task_id"": 7}, {""client_id"": 8, ""task_id"": 8}, {""client_id"": 39, ""task_id"": 9}]","[7100208, 7101205, 7102202, 7103199, 7104196, 7105193, 7106190, 7107187, 7108184, 7109181]",1,0
71,FedPhoenixRG-Excess,1,56.22999954223633,9.312091100029647,0.0,"[31, 88, 91, 25, 50, 95, 67, 45, 80, 70]","[{""client_id"": 31, ""task_id"": 0}, {""client_id"": 88, ""task_id"": 1}, {""client_id"": 91, ""task_id"": 2}, {""client_id"": 25, ""task_id"": 3}, {""client_id"": 50, ""task_id"": 4}, {""client_id"": 95, ""task_id"": 5}, {""client_id"": 67, ""task_id"": 6}, {""client_id"": 45, ""task_id"": 7}, {""client_id"": 80, ""task_id"": 8}, {""client_id"": 70, ""task_id"": 9}]","[7200211, 7201208, 7202205, 7203202, 7204199, 7205196, 7206193, 7207190, 7208187, 7209184]",1,0
72,FedPhoenixRG-Excess,1,62.779998779296875,10.600525900023058,0.0,"[3, 23, 17, 94, 61, 43, 63, 91, 37, 84]","[{""client_id"": 3, ""task_id"": 0}, {""client_id"": 23, ""task_id"": 1}, {""client_id"": 17, ""task_id"": 2}, {""client_id"": 94, ""task_id"": 3}, {""client_id"": 61, ""task_id"": 4}, {""client_id"": 43, ""task_id"": 5}, {""client_id"": 63, ""task_id"": 6}, {""client_id"": 91, ""task_id"": 7}, {""client_id"": 37, ""task_id"": 8}, {""client_id"": 84, ""task_id"": 9}]","[7300214, 7301211, 7302208, 7303205, 7304202, 7305199, 7306196, 7307193, 7308190, 7309187]",1,0
73,FedPhoenixRG-Excess,1,65.0,10.547284300031606,0.0,"[11, 73, 78, 47, 45, 83, 36, 75, 91, 57]","[{""client_id"": 11, ""task_id"": 0}, {""client_id"": 73, ""task_id"": 1}, {""client_id"": 78, ""task_id"": 2}, {""client_id"": 47, ""task_id"": 3}, {""client_id"": 45, ""task_id"": 4}, {""client_id"": 83, ""task_id"": 5}, {""client_id"": 36, ""task_id"": 6}, {""client_id"": 75, ""task_id"": 7}, {""client_id"": 91, ""task_id"": 8}, {""client_id"": 57, ""task_id"": 9}]","[7400217, 7401214, 7402211, 7403208, 7404205, 7405202, 7406199, 7407196, 7408193, 7409190]",1,0
74,FedPhoenixRG-Excess,1,66.93000030517578,10.09182700002566,0.0,"[46, 54, 66, 62, 96, 49, 24, 75, 60, 52]","[{""client_id"": 46, ""task_id"": 0}, {""client_id"": 54, ""task_id"": 1}, {""client_id"": 66, ""task_id"": 2}, {""client_id"": 62, ""task_id"": 3}, {""client_id"": 96, ""task_id"": 4}, {""client_id"": 49, ""task_id"": 5}, {""client_id"": 24, ""task_id"": 6}, {""client_id"": 75, ""task_id"": 7}, {""client_id"": 60, ""task_id"": 8}, {""client_id"": 52, ""task_id"": 9}]","[7500220, 7501217, 7502214, 7503211, 7504208, 7505205, 7506202, 7507199, 7508196, 7509193]",1,0
75,FedPhoenixRG-Excess,1,72.52999877929688,10.359019400028046,0.0,"[75, 51, 39, 89, 14, 54, 41, 30, 24, 80]","[{""client_id"": 75, ""task_id"": 0}, {""client_id"": 51, ""task_id"": 1}, {""client_id"": 39, ""task_id"": 2}, {""client_id"": 89, ""task_id"": 3}, {""client_id"": 14, ""task_id"": 4}, {""client_id"": 54, ""task_id"": 5}, {""client_id"": 41, ""task_id"": 6}, {""client_id"": 30, ""task_id"": 7}, {""client_id"": 24, ""task_id"": 8}, {""client_id"": 80, ""task_id"": 9}]","[7600223, 7601220, 7602217, 7603214, 7604211, 7605208, 7606205, 7607202, 7608199, 7609196]",1,0
76,FedPhoenixRG-Excess,1,65.0199966430664,9.597391900024377,0.0,"[67, 90, 45, 78, 32, 86, 50, 55, 33, 60]","[{""client_id"": 67, ""task_id"": 0}, {""client_id"": 90, ""task_id"": 1}, {""client_id"": 45, ""task_id"": 2}, {""client_id"": 78, ""task_id"": 3}, {""client_id"": 32, ""task_id"": 4}, {""client_id"": 86, ""task_id"": 5}, {""client_id"": 50, ""task_id"": 6}, {""client_id"": 55, ""task_id"": 7}, {""client_id"": 33, ""task_id"": 8}, {""client_id"": 60, ""task_id"": 9}]","[7700226, 7701223, 7702220, 7703217, 7704214, 7705211, 7706208, 7707205, 7708202, 7709199]",1,0
77,FedPhoenixRG-Excess,1,63.810001373291016,8.276931900007185,0.0,"[4, 16, 51, 33, 89, 30, 13, 77, 43, 85]","[{""client_id"": 4, ""task_id"": 0}, {""client_id"": 16, ""task_id"": 1}, {""client_id"": 51, ""task_id"": 2}, {""client_id"": 33, ""task_id"": 3}, {""client_id"": 89, ""task_id"": 4}, {""client_id"": 30, ""task_id"": 5}, {""client_id"": 13, ""task_id"": 6}, {""client_id"": 77, ""task_id"": 7}, {""client_id"": 43, ""task_id"": 8}, {""client_id"": 85, ""task_id"": 9}]","[7800229, 7801226, 7802223, 7803220, 7804217, 7805214, 7806211, 7807208, 7808205, 7809202]",1,0
78,FedPhoenixRG-Excess,1,65.70999908447266,10.118390599964187,0.0,"[97, 76, 96, 72, 42, 17, 33, 51, 24, 36]","[{""client_id"": 97, ""task_id"": 0}, {""client_id"": 76, ""task_id"": 1}, {""client_id"": 96, ""task_id"": 2}, {""client_id"": 72, ""task_id"": 3}, {""client_id"": 42, ""task_id"": 4}, {""client_id"": 17, ""task_id"": 5}, {""client_id"": 33, ""task_id"": 6}, {""client_id"": 51, ""task_id"": 7}, {""client_id"": 24, ""task_id"": 8}, {""client_id"": 36, ""task_id"": 9}]","[7900232, 7901229, 7902226, 7903223, 7904220, 7905217, 7906214, 7907211, 7908208, 7909205]",1,0
79,FedPhoenixRG-Excess,1,67.45999908447266,8.718357099976856,0.0,"[22, 47, 61, 27, 50, 96, 89, 97, 85, 30]","[{""client_id"": 22, ""task_id"": 0}, {""client_id"": 47, ""task_id"": 1}, {""client_id"": 61, ""task_id"": 2}, {""client_id"": 27, ""task_id"": 3}, {""client_id"": 50, ""task_id"": 4}, {""client_id"": 96, ""task_id"": 5}, {""client_id"": 89, ""task_id"": 6}, {""client_id"": 97, ""task_id"": 7}, {""client_id"": 85, ""task_id"": 8}, {""client_id"": 30, ""task_id"": 9}]","[8000235, 8001232, 8002229, 8003226, 8004223, 8005220, 8006217, 8007214, 8008211, 8009208]",1,0
80,FedPhoenixRG-Excess,1,67.69999694824219,9.350299899990205,0.0,"[44, 70, 23, 38, 74, 21, 82, 4, 88, 98]","[{""client_id"": 44, ""task_id"": 0}, {""client_id"": 70, ""task_id"": 1}, {""client_id"": 23, ""task_id"": 2}, {""client_id"": 38, ""task_id"": 3}, {""client_id"": 74, ""task_id"": 4}, {""client_id"": 21, ""task_id"": 5}, {""client_id"": 82, ""task_id"": 6}, {""client_id"": 4, ""task_id"": 7}, {""client_id"": 88, ""task_id"": 8}, {""client_id"": 98, ""task_id"": 9}]","[8100238, 8101235, 8102232, 8103229, 8104226, 8105223, 8106220, 8107217, 8108214, 8109211]",1,1
81,FedPhoenixRG-Excess,1,63.95000076293945,10.823805399995763,0.0,"[90, 72, 65, 50, 85, 56, 4, 80, 31, 17]","[{""client_id"": 90, ""task_id"": 0}, {""client_id"": 72, ""task_id"": 1}, {""client_id"": 65, ""task_id"": 2}, {""client_id"": 50, ""task_id"": 3}, {""client_id"": 85, ""task_id"": 4}, {""client_id"": 56, ""task_id"": 5}, {""client_id"": 4, ""task_id"": 6}, {""client_id"": 80, ""task_id"": 7}, {""client_id"": 31, ""task_id"": 8}, {""client_id"": 17, ""task_id"": 9}]","[8200241, 8201238, 8202235, 8203232, 8204229, 8205226, 8206223, 8207220, 8208217, 8209214]",1,0
82,FedPhoenixRG-Excess,1,67.55000305175781,8.479707499966025,0.0,"[61, 40, 41, 34, 97, 51, 50, 13, 22, 8]","[{""client_id"": 61, ""task_id"": 0}, {""client_id"": 40, ""task_id"": 1}, {""client_id"": 41, ""task_id"": 2}, {""client_id"": 34, ""task_id"": 3}, {""client_id"": 97, ""task_id"": 4}, {""client_id"": 51, ""task_id"": 5}, {""client_id"": 50, ""task_id"": 6}, {""client_id"": 13, ""task_id"": 7}, {""client_id"": 22, ""task_id"": 8}, {""client_id"": 8, ""task_id"": 9}]","[8300244, 8301241, 8302238, 8303235, 8304232, 8305229, 8306226, 8307223, 8308220, 8309217]",1,0
83,FedPhoenixRG-Excess,1,68.86000061035156,9.124250199995004,0.0,"[87, 54, 63, 83, 96, 26, 0, 59, 69, 14]","[{""client_id"": 87, ""task_id"": 0}, {""client_id"": 54, ""task_id"": 1}, {""client_id"": 63, ""task_id"": 2}, {""client_id"": 83, ""task_id"": 3}, {""client_id"": 96, ""task_id"": 4}, {""client_id"": 26, ""task_id"": 5}, {""client_id"": 0, ""task_id"": 6}, {""client_id"": 59, ""task_id"": 7}, {""client_id"": 69, ""task_id"": 8}, {""client_id"": 14, ""task_id"": 9}]","[8400247, 8401244, 8402241, 8403238, 8404235, 8405232, 8406229, 8407226, 8408223, 8409220]",1,0
84,FedPhoenixRG-Excess,1,66.4800033569336,10.17013909999514,0.0,"[58, 47, 83, 36, 8, 2, 56, 49, 10, 38]","[{""client_id"": 58, ""task_id"": 0}, {""client_id"": 47, ""task_id"": 1}, {""client_id"": 83, ""task_id"": 2}, {""client_id"": 36, ""task_id"": 3}, {""client_id"": 8, ""task_id"": 4}, {""client_id"": 2, ""task_id"": 5}, {""client_id"": 56, ""task_id"": 6}, {""client_id"": 49, ""task_id"": 7}, {""client_id"": 10, ""task_id"": 8}, {""client_id"": 38, ""task_id"": 9}]","[8500250, 8501247, 8502244, 8503241, 8504238, 8505235, 8506232, 8507229, 8508226, 8509223]",1,0
85,FedPhoenixRG-Excess,1,68.61000061035156,9.754329700022936,0.0,"[89, 90, 81, 54, 59, 4, 53, 47, 52, 19]","[{""client_id"": 89, ""task_id"": 0}, {""client_id"": 90, ""task_id"": 1}, {""client_id"": 81, ""task_id"": 2}, {""client_id"": 54, ""task_id"": 3}, {""client_id"": 59, ""task_id"": 4}, {""client_id"": 4, ""task_id"": 5}, {""client_id"": 53, ""task_id"": 6}, {""client_id"": 47, ""task_id"": 7}, {""client_id"": 52, ""task_id"": 8}, {""client_id"": 19, ""task_id"": 9}]","[8600253, 8601250, 8602247, 8603244, 8604241, 8605238, 8606235, 8607232, 8608229, 8609226]",1,0
86,FedPhoenixRG-Excess,1,67.48999786376953,10.041493500000797,0.0,"[24, 13, 81, 73, 19, 55, 40, 76, 57, 96]","[{""client_id"": 24, ""task_id"": 0}, {""client_id"": 13, ""task_id"": 1}, {""client_id"": 81, ""task_id"": 2}, {""client_id"": 73, ""task_id"": 3}, {""client_id"": 19, ""task_id"": 4}, {""client_id"": 55, ""task_id"": 5}, {""client_id"": 40, ""task_id"": 6}, {""client_id"": 76, ""task_id"": 7}, {""client_id"": 57, ""task_id"": 8}, {""client_id"": 96, ""task_id"": 9}]","[8700256, 8701253, 8702250, 8703247, 8704244, 8705241, 8706238, 8707235, 8708232, 8709229]",1,0
87,FedPhoenixRG-Excess,1,68.69000244140625,9.582463699975051,0.0,"[31, 75, 94, 20, 87, 26, 29, 70, 2, 50]","[{""client_id"": 31, ""task_id"": 0}, {""client_id"": 75, ""task_id"": 1}, {""client_id"": 94, ""task_id"": 2}, {""client_id"": 20, ""task_id"": 3}, {""client_id"": 87, ""task_id"": 4}, {""client_id"": 26, ""task_id"": 5}, {""client_id"": 29, ""task_id"": 6}, {""client_id"": 70, ""task_id"": 7}, {""client_id"": 2, ""task_id"": 8}, {""client_id"": 50, ""task_id"": 9}]","[8800259, 8801256, 8802253, 8803250, 8804247, 8805244, 8806241, 8807238, 8808235, 8809232]",1,0
88,FedPhoenixRG-Excess,1,68.95999908447266,9.454868900007568,0.0,"[0, 9, 46, 37, 72, 83, 73, 16, 55, 27]","[{""client_id"": 0, ""task_id"": 0}, {""client_id"": 9, ""task_id"": 1}, {""client_id"": 46, ""task_id"": 2}, {""client_id"": 37, ""task_id"": 3}, {""client_id"": 72, ""task_id"": 4}, {""client_id"": 83, ""task_id"": 5}, {""client_id"": 73, ""task_id"": 6}, {""client_id"": 16, ""task_id"": 7}, {""client_id"": 55, ""task_id"": 8}, {""client_id"": 27, ""task_id"": 9}]","[8900262, 8901259, 8902256, 8903253, 8904250, 8905247, 8906244, 8907241, 8908238, 8909235]",1,0
89,FedPhoenixRG-Excess,1,71.79000091552734,10.604384800011758,0.0,"[80, 29, 9, 50, 26, 81, 48, 82, 37, 15]","[{""client_id"": 80, ""task_id"": 0}, {""client_id"": 29, ""task_id"": 1}, {""client_id"": 9, ""task_id"": 2}, {""client_id"": 50, ""task_id"": 3}, {""client_id"": 26, ""task_id"": 4}, {""client_id"": 81, ""task_id"": 5}, {""client_id"": 48, ""task_id"": 6}, {""client_id"": 82, ""task_id"": 7}, {""client_id"": 37, ""task_id"": 8}, {""client_id"": 15, ""task_id"": 9}]","[9000265, 9001262, 9002259, 9003256, 9004253, 9005250, 9006247, 9007244, 9008241, 9009238]",1,0
90,FedPhoenixRG-Excess,1,66.08999633789062,9.023822800023481,0.0,"[82, 6, 87, 74, 29, 50, 62, 67, 12, 83]","[{""client_id"": 82, ""task_id"": 0}, {""client_id"": 6, ""task_id"": 1}, {""client_id"": 87, ""task_id"": 2}, {""client_id"": 74, ""task_id"": 3}, {""client_id"": 29, ""task_id"": 4}, {""client_id"": 50, ""task_id"": 5}, {""client_id"": 62, ""task_id"": 6}, {""client_id"": 67, ""task_id"": 7}, {""client_id"": 12, ""task_id"": 8}, {""client_id"": 83, ""task_id"": 9}]","[9100268, 9101265, 9102262, 9103259, 9104256, 9105253, 9106250, 9107247, 9108244, 9109241]",1,0
91,FedPhoenixRG-Excess,1,68.95999908447266,9.970640800020192,0.0,"[36, 75, 89, 43, 12, 21, 95, 72, 24, 63]","[{""client_id"": 36, ""task_id"": 0}, {""client_id"": 75, ""task_id"": 1}, {""client_id"": 89, ""task_id"": 2}, {""client_id"": 43, ""task_id"": 3}, {""client_id"": 12, ""task_id"": 4}, {""client_id"": 21, ""task_id"": 5}, {""client_id"": 95, ""task_id"": 6}, {""client_id"": 72, ""task_id"": 7}, {""client_id"": 24, ""task_id"": 8}, {""client_id"": 63, ""task_id"": 9}]","[9200271, 9201268, 9202265, 9203262, 9204259, 9205256, 9206253, 9207250, 9208247, 9209244]",1,0
92,FedPhoenixRG-Excess,1,68.62999725341797,10.56072090001544,0.0,"[34, 15, 31, 94, 46, 70, 19, 80, 6, 88]","[{""client_id"": 34, ""task_id"": 0}, {""client_id"": 15, ""task_id"": 1}, {""client_id"": 31, ""task_id"": 2}, {""client_id"": 94, ""task_id"": 3}, {""client_id"": 46, ""task_id"": 4}, {""client_id"": 70, ""task_id"": 5}, {""client_id"": 19, ""task_id"": 6}, {""client_id"": 80, ""task_id"": 7}, {""client_id"": 6, ""task_id"": 8}, {""client_id"": 88, ""task_id"": 9}]","[9300274, 9301271, 9302268, 9303265, 9304262, 9305259, 9306256, 9307253, 9308250, 9309247]",1,0
93,FedPhoenixRG-Excess,1,68.47000122070312,9.406269900035113,0.0,"[70, 92, 72, 77, 23, 53, 1, 12, 97, 93]","[{""client_id"": 70, ""task_id"": 0}, {""client_id"": 92, ""task_id"": 1}, {""client_id"": 72, ""task_id"": 2}, {""client_id"": 77, ""task_id"": 3}, {""client_id"": 23, ""task_id"": 4}, {""client_id"": 53, ""task_id"": 5}, {""client_id"": 1, ""task_id"": 6}, {""client_id"": 12, ""task_id"": 7}, {""client_id"": 97, ""task_id"": 8}, {""client_id"": 93, ""task_id"": 9}]","[9400277, 9401274, 9402271, 9403268, 9404265, 9405262, 9406259, 9407256, 9408253, 9409250]",1,0
94,FedPhoenixRG-Excess,1,69.52999877929688,10.214978399977554,0.0,"[13, 38, 36, 14, 57, 77, 66, 73, 3, 0]","[{""client_id"": 13, ""task_id"": 0}, {""client_id"": 38, ""task_id"": 1}, {""client_id"": 36, ""task_id"": 2}, {""client_id"": 14, ""task_id"": 3}, {""client_id"": 57, ""task_id"": 4}, {""client_id"": 77, ""task_id"": 5}, {""client_id"": 66, ""task_id"": 6}, {""client_id"": 73, ""task_id"": 7}, {""client_id"": 3, ""task_id"": 8}, {""client_id"": 0, ""task_id"": 9}]","[9500280, 9501277, 9502274, 9503271, 9504268, 9505265, 9506262, 9507259, 9508256, 9509253]",1,0
95,FedPhoenixRG-Excess,1,70.36000061035156,10.472624599991832,0.0,"[13, 19, 10, 24, 76, 57, 88, 23, 61, 31]","[{""client_id"": 13, ""task_id"": 0}, {""client_id"": 19, ""task_id"": 1}, {""client_id"": 10, ""task_id"": 2}, {""client_id"": 24, ""task_id"": 3}, {""client_id"": 76, ""task_id"": 4}, {""client_id"": 57, ""task_id"": 5}, {""client_id"": 88, ""task_id"": 6}, {""client_id"": 23, ""task_id"": 7}, {""client_id"": 61, ""task_id"": 8}, {""client_id"": 31, ""task_id"": 9}]","[9600283, 9601280, 9602277, 9603274, 9604271, 9605268, 9606265, 9607262, 9608259, 9609256]",1,0
96,FedPhoenixRG-Excess,1,67.27999877929688,8.949269100034144,0.0,"[18, 45, 94, 24, 56, 67, 10, 14, 13, 9]","[{""client_id"": 18, ""task_id"": 0}, {""client_id"": 45, ""task_id"": 1}, {""client_id"": 94, ""task_id"": 2}, {""client_id"": 24, ""task_id"": 3}, {""client_id"": 56, ""task_id"": 4}, {""client_id"": 67, ""task_id"": 5}, {""client_id"": 10, ""task_id"": 6}, {""client_id"": 14, ""task_id"": 7}, {""client_id"": 13, ""task_id"": 8}, {""client_id"": 9, ""task_id"": 9}]","[9700286, 9701283, 9702280, 9703277, 9704274, 9705271, 9706268, 9707265, 9708262, 9709259]",1,0
97,FedPhoenixRG-Excess,1,65.58000183105469,7.919106799992733,0.0,"[13, 48, 73, 93, 70, 1, 43, 77, 76, 88]","[{""client_id"": 13, ""task_id"": 0}, {""client_id"": 48, ""task_id"": 1}, {""client_id"": 73, ""task_id"": 2}, {""client_id"": 93, ""task_id"": 3}, {""client_id"": 70, ""task_id"": 4}, {""client_id"": 1, ""task_id"": 5}, {""client_id"": 43, ""task_id"": 6}, {""client_id"": 77, ""task_id"": 7}, {""client_id"": 76, ""task_id"": 8}, {""client_id"": 88, ""task_id"": 9}]","[9800289, 9801286, 9802283, 9803280, 9804277, 9805274, 9806271, 9807268, 9808265, 9809262]",1,0
98,FedPhoenixRG-Excess,1,64.80000305175781,9.699392100039404,0.0,"[21, 45, 83, 68, 75, 65, 96, 1, 77, 73]","[{""client_id"": 21, ""task_id"": 0}, {""client_id"": 45, ""task_id"": 1}, {""client_id"": 83, ""task_id"": 2}, {""client_id"": 68, ""task_id"": 3}, {""client_id"": 75, ""task_id"": 4}, {""client_id"": 65, ""task_id"": 5}, {""client_id"": 96, ""task_id"": 6}, {""client_id"": 1, ""task_id"": 7}, {""client_id"": 77, ""task_id"": 8}, {""client_id"": 73, ""task_id"": 9}]","[9900292, 9901289, 9902286, 9903283, 9904280, 9905277, 9906274, 9907271, 9908268, 9909265]",1,0
99,FedPhoenixRG-Excess,1,62.209999084472656,9.611579800024629,0.0,"[81, 84, 60, 18, 45, 47, 94, 83, 76, 22]","[{""client_id"": 81, ""task_id"": 0}, {""client_id"": 84, ""task_id"": 1}, {""client_id"": 60, ""task_id"": 2}, {""client_id"": 18, ""task_id"": 3}, {""client_id"": 45, ""task_id"": 4}, {""client_id"": 47, ""task_id"": 5}, {""client_id"": 94, ""task_id"": 6}, {""client_id"": 83, ""task_id"": 7}, {""client_id"": 76, ""task_id"": 8}, {""client_id"": 22, ""task_id"": 9}]","[10000295, 10001292, 10002289, 10003286, 10004283, 10005280, 10006277, 10007274, 10008271, 10009268]",1,0
100,FedPhoenixRG-Excess,1,65.06999969482422,12.724505399994086,0.0,"[21, 69, 47, 34, 65, 81, 93, 44, 30, 84]","[{""client_id"": 21, ""task_id"": 0}, {""client_id"": 69, ""task_id"": 1}, {""client_id"": 47, ""task_id"": 2}, {""client_id"": 34, ""task_id"": 3}, {""client_id"": 65, ""task_id"": 4}, {""client_id"": 81, ""task_id"": 5}, {""client_id"": 93, ""task_id"": 6}, {""client_id"": 44, ""task_id"": 7}, {""client_id"": 30, ""task_id"": 8}, {""client_id"": 84, ""task_id"": 9}]","[10100298, 10101295, 10102292, 10103289, 10104286, 10105283, 10106280, 10107277, 10108274, 10109271]",1,1
101,FedPhoenixRG-Excess,1,69.30000305175781,9.313490300031845,0.0,"[22, 38, 77, 15, 11, 61, 37, 34, 87, 3]","[{""client_id"": 22, ""task_id"": 0}, {""client_id"": 38, ""task_id"": 1}, {""client_id"": 77, ""task_id"": 2}, {""client_id"": 15, ""task_id"": 3}, {""client_id"": 11, ""task_id"": 4}, {""client_id"": 61, ""task_id"": 5}, {""client_id"": 37, ""task_id"": 6}, {""client_id"": 34, ""task_id"": 7}, {""client_id"": 87, ""task_id"": 8}, {""client_id"": 3, ""task_id"": 9}]","[10200301, 10201298, 10202295, 10203292, 10204289, 10205286, 10206283, 10207280, 10208277, 10209274]",1,0
102,FedPhoenixRG-Excess,1,73.31999969482422,9.312036100018304,0.0,"[96, 9, 26, 58, 69, 44, 13, 93, 61, 43]","[{""client_id"": 96, ""task_id"": 0}, {""client_id"": 9, ""task_id"": 1}, {""client_id"": 26, ""task_id"": 2}, {""client_id"": 58, ""task_id"": 3}, {""client_id"": 69, ""task_id"": 4}, {""client_id"": 44, ""task_id"": 5}, {""client_id"": 13, ""task_id"": 6}, {""client_id"": 93, ""task_id"": 7}, {""client_id"": 61, ""task_id"": 8}, {""client_id"": 43, ""task_id"": 9}]","[10300304, 10301301, 10302298, 10303295, 10304292, 10305289, 10306286, 10307283, 10308280, 10309277]",1,0
103,FedPhoenixRG-Excess,1,72.26000213623047,8.787560899974778,0.0,"[13, 34, 27, 16, 72, 98, 14, 19, 9, 46]","[{""client_id"": 13, ""task_id"": 0}, {""client_id"": 34, ""task_id"": 1}, {""client_id"": 27, ""task_id"": 2}, {""client_id"": 16, ""task_id"": 3}, {""client_id"": 72, ""task_id"": 4}, {""client_id"": 98, ""task_id"": 5}, {""client_id"": 14, ""task_id"": 6}, {""client_id"": 19, ""task_id"": 7}, {""client_id"": 9, ""task_id"": 8}, {""client_id"": 46, ""task_id"": 9}]","[10400307, 10401304, 10402301, 10403298, 10404295, 10405292, 10406289, 10407286, 10408283, 10409280]",1,0
104,FedPhoenixRG-Excess,1,71.52999877929688,11.357807099993806,0.0,"[29, 72, 81, 80, 68, 85, 14, 0, 93, 52]","[{""client_id"": 29, ""task_id"": 0}, {""client_id"": 72, ""task_id"": 1}, {""client_id"": 81, ""task_id"": 2}, {""client_id"": 80, ""task_id"": 3}, {""client_id"": 68, ""task_id"": 4}, {""client_id"": 85, ""task_id"": 5}, {""client_id"": 14, ""task_id"": 6}, {""client_id"": 0, ""task_id"": 7}, {""client_id"": 93, ""task_id"": 8}, {""client_id"": 52, ""task_id"": 9}]","[10500310, 10501307, 10502304, 10503301, 10504298, 10505295, 10506292, 10507289, 10508286, 10509283]",1,0
105,FedPhoenixRG-Excess,1,69.44000244140625,10.57922170002712,0.0,"[17, 69, 35, 86, 83, 84, 23, 56, 89, 60]","[{""client_id"": 17, ""task_id"": 0}, {""client_id"": 69, ""task_id"": 1}, {""client_id"": 35, ""task_id"": 2}, {""client_id"": 86, ""task_id"": 3}, {""client_id"": 83, ""task_id"": 4}, {""client_id"": 84, ""task_id"": 5}, {""client_id"": 23, ""task_id"": 6}, {""client_id"": 56, ""task_id"": 7}, {""client_id"": 89, ""task_id"": 8}, {""client_id"": 60, ""task_id"": 9}]","[10600313, 10601310, 10602307, 10603304, 10604301, 10605298, 10606295, 10607292, 10608289, 10609286]",1,0
106,FedPhoenixRG-Excess,1,70.41999816894531,10.182565900031477,0.0,"[94, 79, 36, 8, 19, 16, 13, 30, 25, 3]","[{""client_id"": 94, ""task_id"": 0}, {""client_id"": 79, ""task_id"": 1}, {""client_id"": 36, ""task_id"": 2}, {""client_id"": 8, ""task_id"": 3}, {""client_id"": 19, ""task_id"": 4}, {""client_id"": 16, ""task_id"": 5}, {""client_id"": 13, ""task_id"": 6}, {""client_id"": 30, ""task_id"": 7}, {""client_id"": 25, ""task_id"": 8}, {""client_id"": 3, ""task_id"": 9}]","[10700316, 10701313, 10702310, 10703307, 10704304, 10705301, 10706298, 10707295, 10708292, 10709289]",1,0
107,FedPhoenixRG-Excess,1,55.189998626708984,9.955746499996167,0.0,"[45, 82, 32, 52, 17, 96, 6, 57, 67, 74]","[{""client_id"": 45, ""task_id"": 0}, {""client_id"": 82, ""task_id"": 1}, {""client_id"": 32, ""task_id"": 2}, {""client_id"": 52, ""task_id"": 3}, {""client_id"": 17, ""task_id"": 4}, {""client_id"": 96, ""task_id"": 5}, {""client_id"": 6, ""task_id"": 6}, {""client_id"": 57, ""task_id"": 7}, {""client_id"": 67, ""task_id"": 8}, {""client_id"": 74, ""task_id"": 9}]","[10800319, 10801316, 10802313, 10803310, 10804307, 10805304, 10806301, 10807298, 10808295, 10809292]",1,0
108,FedPhoenixRG-Excess,1,72.33999633789062,8.464432700013276,0.0,"[61, 20, 59, 99, 39, 42, 73, 53, 45, 8]","[{""client_id"": 61, ""task_id"": 0}, {""client_id"": 20, ""task_id"": 1}, {""client_id"": 59, ""task_id"": 2}, {""client_id"": 99, ""task_id"": 3}, {""client_id"": 39, ""task_id"": 4}, {""client_id"": 42, ""task_id"": 5}, {""client_id"": 73, ""task_id"": 6}, {""client_id"": 53, ""task_id"": 7}, {""client_id"": 45, ""task_id"": 8}, {""client_id"": 8, ""task_id"": 9}]","[10900322, 10901319, 10902316, 10903313, 10904310, 10905307, 10906304, 10907301, 10908298, 10909295]",1,0
109,FedPhoenixRG-Excess,1,72.7300033569336,9.443105600017589,0.0,"[60, 38, 5, 54, 66, 33, 80, 83, 9, 4]","[{""client_id"": 60, ""task_id"": 0}, {""client_id"": 38, ""task_id"": 1}, {""client_id"": 5, ""task_id"": 2}, {""client_id"": 54, ""task_id"": 3}, {""client_id"": 66, ""task_id"": 4}, {""client_id"": 33, ""task_id"": 5}, {""client_id"": 80, ""task_id"": 6}, {""client_id"": 83, ""task_id"": 7}, {""client_id"": 9, ""task_id"": 8}, {""client_id"": 4, ""task_id"": 9}]","[11000325, 11001322, 11002319, 11003316, 11004313, 11005310, 11006307, 11007304, 11008301, 11009298]",1,0
110,FedPhoenixRG-Excess,1,71.69999694824219,9.052638199995272,0.0,"[39, 44, 62, 4, 42, 25, 0, 45, 29, 93]","[{""client_id"": 39, ""task_id"": 0}, {""client_id"": 44, ""task_id"": 1}, {""client_id"": 62, ""task_id"": 2}, {""client_id"": 4, ""task_id"": 3}, {""client_id"": 42, ""task_id"": 4}, {""client_id"": 25, ""task_id"": 5}, {""client_id"": 0, ""task_id"": 6}, {""client_id"": 45, ""task_id"": 7}, {""client_id"": 29, ""task_id"": 8}, {""client_id"": 93, ""task_id"": 9}]","[11100328, 11101325, 11102322, 11103319, 11104316, 11105313, 11106310, 11107307, 11108304, 11109301]",1,0
111,FedPhoenixRG-Excess,1,73.04000091552734,8.319349199999124,0.0,"[96, 54, 19, 97, 92, 31, 81, 2, 24, 9]","[{""client_id"": 96, ""task_id"": 0}, {""client_id"": 54, ""task_id"": 1}, {""client_id"": 19, ""task_id"": 2}, {""client_id"": 97, ""task_id"": 3}, {""client_id"": 92, ""task_id"": 4}, {""client_id"": 31, ""task_id"": 5}, {""client_id"": 81, ""task_id"": 6}, {""client_id"": 2, ""task_id"": 7}, {""client_id"": 24, ""task_id"": 8}, {""client_id"": 9, ""task_id"": 9}]","[11200331, 11201328, 11202325, 11203322, 11204319, 11205316, 11206313, 11207310, 11208307, 11209304]",1,0
112,FedPhoenixRG-Excess,1,70.80000305175781,10.595241100003477,0.0,"[9, 19, 7, 49, 45, 35, 80, 85, 40, 89]","[{""client_id"": 9, ""task_id"": 0}, {""client_id"": 19, ""task_id"": 1}, {""client_id"": 7, ""task_id"": 2}, {""client_id"": 49, ""task_id"": 3}, {""client_id"": 45, ""task_id"": 4}, {""client_id"": 35, ""task_id"": 5}, {""client_id"": 80, ""task_id"": 6}, {""client_id"": 85, ""task_id"": 7}, {""client_id"": 40, ""task_id"": 8}, {""client_id"": 89, ""task_id"": 9}]","[11300334, 11301331, 11302328, 11303325, 11304322, 11305319, 11306316, 11307313, 11308310, 11309307]",1,0
113,FedPhoenixRG-Excess,1,69.33999633789062,8.817831499967724,0.0,"[73, 66, 18, 74, 33, 2, 87, 29, 98, 91]","[{""client_id"": 73, ""task_id"": 0}, {""client_id"": 66, ""task_id"": 1}, {""client_id"": 18, ""task_id"": 2}, {""client_id"": 74, ""task_id"": 3}, {""client_id"": 33, ""task_id"": 4}, {""client_id"": 2, ""task_id"": 5}, {""client_id"": 87, ""task_id"": 6}, {""client_id"": 29, ""task_id"": 7}, {""client_id"": 98, ""task_id"": 8}, {""client_id"": 91, ""task_id"": 9}]","[11400337, 11401334, 11402331, 11403328, 11404325, 11405322, 11406319, 11407316, 11408313, 11409310]",1,0
114,FedPhoenixRG-Excess,1,67.30999755859375,9.709381799970288,0.0,"[40, 31, 27, 50, 71, 81, 99, 97, 73, 49]","[{""client_id"": 40, ""task_id"": 0}, {""client_id"": 31, ""task_id"": 1}, {""client_id"": 27, ""task_id"": 2}, {""client_id"": 50, ""task_id"": 3}, {""client_id"": 71, ""task_id"": 4}, {""client_id"": 81, ""task_id"": 5}, {""client_id"": 99, ""task_id"": 6}, {""client_id"": 97, ""task_id"": 7}, {""client_id"": 73, ""task_id"": 8}, {""client_id"": 49, ""task_id"": 9}]","[11500340, 11501337, 11502334, 11503331, 11504328, 11505325, 11506322, 11507319, 11508316, 11509313]",1,0
115,FedPhoenixRG-Excess,1,57.119998931884766,7.111832300026435,0.0,"[61, 64, 42, 88, 27, 95, 92, 50, 45, 85]","[{""client_id"": 61, ""task_id"": 0}, {""client_id"": 64, ""task_id"": 1}, {""client_id"": 42, ""task_id"": 2}, {""client_id"": 88, ""task_id"": 3}, {""client_id"": 27, ""task_id"": 4}, {""client_id"": 95, ""task_id"": 5}, {""client_id"": 92, ""task_id"": 6}, {""client_id"": 50, ""task_id"": 7}, {""client_id"": 45, ""task_id"": 8}, {""client_id"": 85, ""task_id"": 9}]","[11600343, 11601340, 11602337, 11603334, 11604331, 11605328, 11606325, 11607322, 11608319, 11609316]",1,0
116,FedPhoenixRG-Excess,1,73.29000091552734,7.916652500047348,0.0,"[27, 8, 49, 32, 15, 35, 70, 59, 31, 30]","[{""client_id"": 27, ""task_id"": 0}, {""client_id"": 8, ""task_id"": 1}, {""client_id"": 49, ""task_id"": 2}, {""client_id"": 32, ""task_id"": 3}, {""client_id"": 15, ""task_id"": 4}, {""client_id"": 35, ""task_id"": 5}, {""client_id"": 70, ""task_id"": 6}, {""client_id"": 59, ""task_id"": 7}, {""client_id"": 31, ""task_id"": 8}, {""client_id"": 30, ""task_id"": 9}]","[11700346, 11701343, 11702340, 11703337, 11704334, 11705331, 11706328, 11707325, 11708322, 11709319]",1,0
117,FedPhoenixRG-Excess,1,65.20999908447266,8.6131893999991,0.0,"[69, 35, 52, 51, 26, 15, 76, 48, 98, 12]","[{""client_id"": 69, ""task_id"": 0}, {""client_id"": 35, ""task_id"": 1}, {""client_id"": 52, ""task_id"": 2}, {""client_id"": 51, ""task_id"": 3}, {""client_id"": 26, ""task_id"": 4}, {""client_id"": 15, ""task_id"": 5}, {""client_id"": 76, ""task_id"": 6}, {""client_id"": 48, ""task_id"": 7}, {""client_id"": 98, ""task_id"": 8}, {""client_id"": 12, ""task_id"": 9}]","[11800349, 11801346, 11802343, 11803340, 11804337, 11805334, 11806331, 11807328, 11808325, 11809322]",1,0
118,FedPhoenixRG-Excess,1,71.4000015258789,11.281296900007874,0.0,"[46, 57, 0, 86, 26, 80, 73, 20, 63, 98]","[{""client_id"": 46, ""task_id"": 0}, {""client_id"": 57, ""task_id"": 1}, {""client_id"": 0, ""task_id"": 2}, {""client_id"": 86, ""task_id"": 3}, {""client_id"": 26, ""task_id"": 4}, {""client_id"": 80, ""task_id"": 5}, {""client_id"": 73, ""task_id"": 6}, {""client_id"": 20, ""task_id"": 7}, {""client_id"": 63, ""task_id"": 8}, {""client_id"": 98, ""task_id"": 9}]","[11900352, 11901349, 11902346, 11903343, 11904340, 11905337, 11906334, 11907331, 11908328, 11909325]",1,0
119,FedPhoenixRG-Excess,1,73.77999877929688,8.930374399991706,0.0,"[81, 6, 64, 84, 20, 2, 8, 4, 66, 92]","[{""client_id"": 81, ""task_id"": 0}, {""client_id"": 6, ""task_id"": 1}, {""client_id"": 64, ""task_id"": 2}, {""client_id"": 84, ""task_id"": 3}, {""client_id"": 20, ""task_id"": 4}, {""client_id"": 2, ""task_id"": 5}, {""client_id"": 8, ""task_id"": 6}, {""client_id"": 4, ""task_id"": 7}, {""client_id"": 66, ""task_id"": 8}, {""client_id"": 92, ""task_id"": 9}]","[12000355, 12001352, 12002349, 12003346, 12004343, 12005340, 12006337, 12007334, 12008331, 12009328]",1,0
120,FedPhoenixRG-Excess,1,69.23999786376953,9.099284500000067,0.0,"[61, 34, 64, 11, 96, 18, 82, 52, 72, 92]","[{""client_id"": 61, ""task_id"": 0}, {""client_id"": 34, ""task_id"": 1}, {""client_id"": 64, ""task_id"": 2}, {""client_id"": 11, ""task_id"": 3}, {""client_id"": 96, ""task_id"": 4}, {""client_id"": 18, ""task_id"": 5}, {""client_id"": 82, ""task_id"": 6}, {""client_id"": 52, ""task_id"": 7}, {""client_id"": 72, ""task_id"": 8}, {""client_id"": 92, ""task_id"": 9}]","[12100358, 12101355, 12102352, 12103349, 12104346, 12105343, 12106340, 12107337, 12108334, 12109331]",1,1
121,FedPhoenixRG-Excess,1,74.08000183105469,11.044206699996721,0.0,"[93, 68, 94, 13, 36, 11, 5, 1, 40, 7]","[{""client_id"": 93, ""task_id"": 0}, {""client_id"": 68, ""task_id"": 1}, {""client_id"": 94, ""task_id"": 2}, {""client_id"": 13, ""task_id"": 3}, {""client_id"": 36, ""task_id"": 4}, {""client_id"": 11, ""task_id"": 5}, {""client_id"": 5, ""task_id"": 6}, {""client_id"": 1, ""task_id"": 7}, {""client_id"": 40, ""task_id"": 8}, {""client_id"": 7, ""task_id"": 9}]","[12200361, 12201358, 12202355, 12203352, 12204349, 12205346, 12206343, 12207340, 12208337, 12209334]",1,0
122,FedPhoenixRG-Excess,1,70.36000061035156,9.059516499983147,0.0,"[73, 64, 37, 69, 31, 48, 77, 41, 53, 75]","[{""client_id"": 73, ""task_id"": 0}, {""client_id"": 64, ""task_id"": 1}, {""client_id"": 37, ""task_id"": 2}, {""client_id"": 69, ""task_id"": 3}, {""client_id"": 31, ""task_id"": 4}, {""client_id"": 48, ""task_id"": 5}, {""client_id"": 77, ""task_id"": 6}, {""client_id"": 41, ""task_id"": 7}, {""client_id"": 53, ""task_id"": 8}, {""client_id"": 75, ""task_id"": 9}]","[12300364, 12301361, 12302358, 12303355, 12304352, 12305349, 12306346, 12307343, 12308340, 12309337]",1,0
123,FedPhoenixRG-Excess,1,69.80999755859375,8.435785499983467,0.0,"[46, 43, 84, 11, 66, 92, 16, 19, 96, 37]","[{""client_id"": 46, ""task_id"": 0}, {""client_id"": 43, ""task_id"": 1}, {""client_id"": 84, ""task_id"": 2}, {""client_id"": 11, ""task_id"": 3}, {""client_id"": 66, ""task_id"": 4}, {""client_id"": 92, ""task_id"": 5}, {""client_id"": 16, ""task_id"": 6}, {""client_id"": 19, ""task_id"": 7}, {""client_id"": 96, ""task_id"": 8}, {""client_id"": 37, ""task_id"": 9}]","[12400367, 12401364, 12402361, 12403358, 12404355, 12405352, 12406349, 12407346, 12408343, 12409340]",1,0
124,FedPhoenixRG-Excess,1,64.19999694824219,7.93322080001235,0.0,"[43, 96, 9, 0, 74, 19, 1, 23, 38, 66]","[{""client_id"": 43, ""task_id"": 0}, {""client_id"": 96, ""task_id"": 1}, {""client_id"": 9, ""task_id"": 2}, {""client_id"": 0, ""task_id"": 3}, {""client_id"": 74, ""task_id"": 4}, {""client_id"": 19, ""task_id"": 5}, {""client_id"": 1, ""task_id"": 6}, {""client_id"": 23, ""task_id"": 7}, {""client_id"": 38, ""task_id"": 8}, {""client_id"": 66, ""task_id"": 9}]","[12500370, 12501367, 12502364, 12503361, 12504358, 12505355, 12506352, 12507349, 12508346, 12509343]",1,0
125,FedPhoenixRG-Excess,1,66.30000305175781,9.422842899977695,0.0,"[27, 62, 32, 10, 22, 72, 64, 25, 86, 60]","[{""client_id"": 27, ""task_id"": 0}, {""client_id"": 62, ""task_id"": 1}, {""client_id"": 32, ""task_id"": 2}, {""client_id"": 10, ""task_id"": 3}, {""client_id"": 22, ""task_id"": 4}, {""client_id"": 72, ""task_id"": 5}, {""client_id"": 64, ""task_id"": 6}, {""client_id"": 25, ""task_id"": 7}, {""client_id"": 86, ""task_id"": 8}, {""client_id"": 60, ""task_id"": 9}]","[12600373, 12601370, 12602367, 12603364, 12604361, 12605358, 12606355, 12607352, 12608349, 12609346]",1,0
126,FedPhoenixRG-Excess,1,65.83999633789062,9.75805240002228,0.0,"[84, 7, 64, 76, 15, 46, 27, 47, 40, 69]","[{""client_id"": 84, ""task_id"": 0}, {""client_id"": 7, ""task_id"": 1}, {""client_id"": 64, ""task_id"": 2}, {""client_id"": 76, ""task_id"": 3}, {""client_id"": 15, ""task_id"": 4}, {""client_id"": 46, ""task_id"": 5}, {""client_id"": 27, ""task_id"": 6}, {""client_id"": 47, ""task_id"": 7}, {""client_id"": 40, ""task_id"": 8}, {""client_id"": 69, ""task_id"": 9}]","[12700376, 12701373, 12702370, 12703367, 12704364, 12705361, 12706358, 12707355, 12708352, 12709349]",1,0
127,FedPhoenixRG-Excess,1,71.2300033569336,10.63315579999471,0.0,"[75, 97, 79, 87, 11, 7, 37, 92, 41, 12]","[{""client_id"": 75, ""task_id"": 0}, {""client_id"": 97, ""task_id"": 1}, {""client_id"": 79, ""task_id"": 2}, {""client_id"": 87, ""task_id"": 3}, {""client_id"": 11, ""task_id"": 4}, {""client_id"": 7, ""task_id"": 5}, {""client_id"": 37, ""task_id"": 6}, {""client_id"": 92, ""task_id"": 7}, {""client_id"": 41, ""task_id"": 8}, {""client_id"": 12, ""task_id"": 9}]","[12800379, 12801376, 12802373, 12803370, 12804367, 12805364, 12806361, 12807358, 12808355, 12809352]",1,0
128,FedPhoenixRG-Excess,1,67.19999694824219,9.551375299983192,0.0,"[78, 4, 17, 21, 76, 74, 19, 61, 45, 86]","[{""client_id"": 78, ""task_id"": 0}, {""client_id"": 4, ""task_id"": 1}, {""client_id"": 17, ""task_id"": 2}, {""client_id"": 21, ""task_id"": 3}, {""client_id"": 76, ""task_id"": 4}, {""client_id"": 74, ""task_id"": 5}, {""client_id"": 19, ""task_id"": 6}, {""client_id"": 61, ""task_id"": 7}, {""client_id"": 45, ""task_id"": 8}, {""client_id"": 86, ""task_id"": 9}]","[12900382, 12901379, 12902376, 12903373, 12904370, 12905367, 12906364, 12907361, 12908358, 12909355]",1,0
129,FedPhoenixRG-Excess,1,75.95999908447266,11.989365500048734,0.0,"[23, 41, 75, 36, 26, 49, 95, 16, 93, 72]","[{""client_id"": 23, ""task_id"": 0}, {""client_id"": 41, ""task_id"": 1}, {""client_id"": 75, ""task_id"": 2}, {""client_id"": 36, ""task_id"": 3}, {""client_id"": 26, ""task_id"": 4}, {""client_id"": 49, ""task_id"": 5}, {""client_id"": 95, ""task_id"": 6}, {""client_id"": 16, ""task_id"": 7}, {""client_id"": 93, ""task_id"": 8}, {""client_id"": 72, ""task_id"": 9}]","[13000385, 13001382, 13002379, 13003376, 13004373, 13005370, 13006367, 13007364, 13008361, 13009358]",1,0
130,FedPhoenixRG-Excess,1,67.56999969482422,10.876414400001522,0.0,"[59, 53, 65, 8, 68, 35, 13, 55, 23, 97]","[{""client_id"": 59, ""task_id"": 0}, {""client_id"": 53, ""task_id"": 1}, {""client_id"": 65, ""task_id"": 2}, {""client_id"": 8, ""task_id"": 3}, {""client_id"": 68, ""task_id"": 4}, {""client_id"": 35, ""task_id"": 5}, {""client_id"": 13, ""task_id"": 6}, {""client_id"": 55, ""task_id"": 7}, {""client_id"": 23, ""task_id"": 8}, {""client_id"": 97, ""task_id"": 9}]","[13100388, 13101385, 13102382, 13103379, 13104376, 13105373, 13106370, 13107367, 13108364, 13109361]",1,0
131,FedPhoenixRG-Excess,1,67.29000091552734,8.037221700011287,0.0,"[74, 98, 22, 45, 97, 87, 92, 71, 47, 79]","[{""client_id"": 74, ""task_id"": 0}, {""client_id"": 98, ""task_id"": 1}, {""client_id"": 22, ""task_id"": 2}, {""client_id"": 45, ""task_id"": 3}, {""client_id"": 97, ""task_id"": 4}, {""client_id"": 87, ""task_id"": 5}, {""client_id"": 92, ""task_id"": 6}, {""client_id"": 71, ""task_id"": 7}, {""client_id"": 47, ""task_id"": 8}, {""client_id"": 79, ""task_id"": 9}]","[13200391, 13201388, 13202385, 13203382, 13204379, 13205376, 13206373, 13207370, 13208367, 13209364]",1,0
132,FedPhoenixRG-Excess,1,75.61000061035156,9.672070600034203,0.0,"[35, 70, 59, 49, 36, 91, 82, 50, 26, 72]","[{""client_id"": 35, ""task_id"": 0}, {""client_id"": 70, ""task_id"": 1}, {""client_id"": 59, ""task_id"": 2}, {""client_id"": 49, ""task_id"": 3}, {""client_id"": 36, ""task_id"": 4}, {""client_id"": 91, ""task_id"": 5}, {""client_id"": 82, ""task_id"": 6}, {""client_id"": 50, ""task_id"": 7}, {""client_id"": 26, ""task_id"": 8}, {""client_id"": 72, ""task_id"": 9}]","[13300394, 13301391, 13302388, 13303385, 13304382, 13305379, 13306376, 13307373, 13308370, 13309367]",1,0
133,FedPhoenixRG-Excess,1,69.58000183105469,9.32109290000517,0.0,"[22, 83, 75, 29, 66, 48, 12, 10, 86, 1]","[{""client_id"": 22, ""task_id"": 0}, {""client_id"": 83, ""task_id"": 1}, {""client_id"": 75, ""task_id"": 2}, {""client_id"": 29, ""task_id"": 3}, {""client_id"": 66, ""task_id"": 4}, {""client_id"": 48, ""task_id"": 5}, {""client_id"": 12, ""task_id"": 6}, {""client_id"": 10, ""task_id"": 7}, {""client_id"": 86, ""task_id"": 8}, {""client_id"": 1, ""task_id"": 9}]","[13400397, 13401394, 13402391, 13403388, 13404385, 13405382, 13406379, 13407376, 13408373, 13409370]",1,0
134,FedPhoenixRG-Excess,1,73.44000244140625,12.812643399985973,0.0,"[76, 33, 40, 59, 65, 63, 73, 36, 99, 82]","[{""client_id"": 76, ""task_id"": 0}, {""client_id"": 33, ""task_id"": 1}, {""client_id"": 40, ""task_id"": 2}, {""client_id"": 59, ""task_id"": 3}, {""client_id"": 65, ""task_id"": 4}, {""client_id"": 63, ""task_id"": 5}, {""client_id"": 73, ""task_id"": 6}, {""client_id"": 36, ""task_id"": 7}, {""client_id"": 99, ""task_id"": 8}, {""client_id"": 82, ""task_id"": 9}]","[13500400, 13501397, 13502394, 13503391, 13504388, 13505385, 13506382, 13507379, 13508376, 13509373]",1,0
135,FedPhoenixRG-Excess,1,66.5999984741211,9.236693799961358,0.0,"[85, 88, 54, 40, 70, 67, 86, 38, 58, 42]","[{""client_id"": 85, ""task_id"": 0}, {""client_id"": 88, ""task_id"": 1}, {""client_id"": 54, ""task_id"": 2}, {""client_id"": 40, ""task_id"": 3}, {""client_id"": 70, ""task_id"": 4}, {""client_id"": 67, ""task_id"": 5}, {""client_id"": 86, ""task_id"": 6}, {""client_id"": 38, ""task_id"": 7}, {""client_id"": 58, ""task_id"": 8}, {""client_id"": 42, ""task_id"": 9}]","[13600403, 13601400, 13602397, 13603394, 13604391, 13605388, 13606385, 13607382, 13608379, 13609376]",1,0
136,FedPhoenixRG-Excess,1,66.33000183105469,8.765393700043205,0.0,"[89, 56, 12, 90, 94, 86, 19, 78, 92, 59]","[{""client_id"": 89, ""task_id"": 0}, {""client_id"": 56, ""task_id"": 1}, {""client_id"": 12, ""task_id"": 2}, {""client_id"": 90, ""task_id"": 3}, {""client_id"": 94, ""task_id"": 4}, {""client_id"": 86, ""task_id"": 5}, {""client_id"": 19, ""task_id"": 6}, {""client_id"": 78, ""task_id"": 7}, {""client_id"": 92, ""task_id"": 8}, {""client_id"": 59, ""task_id"": 9}]","[13700406, 13701403, 13702400, 13703397, 13704394, 13705391, 13706388, 13707385, 13708382, 13709379]",1,0
137,FedPhoenixRG-Excess,1,72.47000122070312,11.621427300036885,0.0,"[7, 94, 69, 44, 50, 26, 75, 24, 33, 18]","[{""client_id"": 7, ""task_id"": 0}, {""client_id"": 94, ""task_id"": 1}, {""client_id"": 69, ""task_id"": 2}, {""client_id"": 44, ""task_id"": 3}, {""client_id"": 50, ""task_id"": 4}, {""client_id"": 26, ""task_id"": 5}, {""client_id"": 75, ""task_id"": 6}, {""client_id"": 24, ""task_id"": 7}, {""client_id"": 33, ""task_id"": 8}, {""client_id"": 18, ""task_id"": 9}]","[13800409, 13801406, 13802403, 13803400, 13804397, 13805394, 13806391, 13807388, 13808385, 13809382]",1,0
138,FedPhoenixRG-Excess,1,75.47000122070312,9.658941100002266,0.0,"[89, 75, 84, 93, 35, 71, 19, 63, 59, 94]","[{""client_id"": 89, ""task_id"": 0}, {""client_id"": 75, ""task_id"": 1}, {""client_id"": 84, ""task_id"": 2}, {""client_id"": 93, ""task_id"": 3}, {""client_id"": 35, ""task_id"": 4}, {""client_id"": 71, ""task_id"": 5}, {""client_id"": 19, ""task_id"": 6}, {""client_id"": 63, ""task_id"": 7}, {""client_id"": 59, ""task_id"": 8}, {""client_id"": 94, ""task_id"": 9}]","[13900412, 13901409, 13902406, 13903403, 13904400, 13905397, 13906394, 13907391, 13908388, 13909385]",1,0
139,FedPhoenixRG-Excess,1,73.0199966430664,8.65590140002314,0.0,"[54, 66, 17, 43, 53, 40, 76, 1, 4, 81]","[{""client_id"": 54, ""task_id"": 0}, {""client_id"": 66, ""task_id"": 1}, {""client_id"": 17, ""task_id"": 2}, {""client_id"": 43, ""task_id"": 3}, {""client_id"": 53, ""task_id"": 4}, {""client_id"": 40, ""task_id"": 5}, {""client_id"": 76, ""task_id"": 6}, {""client_id"": 1, ""task_id"": 7}, {""client_id"": 4, ""task_id"": 8}, {""client_id"": 81, ""task_id"": 9}]","[14000415, 14001412, 14002409, 14003406, 14004403, 14005400, 14006397, 14007394, 14008391, 14009388]",1,0
140,FedPhoenixRG-Excess,1,73.55000305175781,10.282366700004786,0.0,"[52, 51, 97, 7, 41, 61, 29, 88, 49, 26]","[{""client_id"": 52, ""task_id"": 0}, {""client_id"": 51, ""task_id"": 1}, {""client_id"": 97, ""task_id"": 2}, {""client_id"": 7, ""task_id"": 3}, {""client_id"": 41, ""task_id"": 4}, {""client_id"": 61, ""task_id"": 5}, {""client_id"": 29, ""task_id"": 6}, {""client_id"": 88, ""task_id"": 7}, {""client_id"": 49, ""task_id"": 8}, {""client_id"": 26, ""task_id"": 9}]","[14100418, 14101415, 14102412, 14103409, 14104406, 14105403, 14106400, 14107397, 14108394, 14109391]",1,1
141,FedPhoenixRG-Excess,1,73.45999908447266,9.925459499994759,0.0,"[21, 47, 20, 59, 85, 2, 99, 70, 54, 50]","[{""client_id"": 21, ""task_id"": 0}, {""client_id"": 47, ""task_id"": 1}, {""client_id"": 20, ""task_id"": 2}, {""client_id"": 59, ""task_id"": 3}, {""client_id"": 85, ""task_id"": 4}, {""client_id"": 2, ""task_id"": 5}, {""client_id"": 99, ""task_id"": 6}, {""client_id"": 70, ""task_id"": 7}, {""client_id"": 54, ""task_id"": 8}, {""client_id"": 50, ""task_id"": 9}]","[14200421, 14201418, 14202415, 14203412, 14204409, 14205406, 14206403, 14207400, 14208397, 14209394]",1,0
142,FedPhoenixRG-Excess,1,66.66999816894531,12.78298989997711,0.0,"[65, 98, 79, 6, 58, 92, 19, 37, 33, 75]","[{""client_id"": 65, ""task_id"": 0}, {""client_id"": 98, ""task_id"": 1}, {""client_id"": 79, ""task_id"": 2}, {""client_id"": 6, ""task_id"": 3}, {""client_id"": 58, ""task_id"": 4}, {""client_id"": 92, ""task_id"": 5}, {""client_id"": 19, ""task_id"": 6}, {""client_id"": 37, ""task_id"": 7}, {""client_id"": 33, ""task_id"": 8}, {""client_id"": 75, ""task_id"": 9}]","[14300424, 14301421, 14302418, 14303415, 14304412, 14305409, 14306406, 14307403, 14308400, 14309397]",1,0
143,FedPhoenixRG-Excess,1,61.18000030517578,9.207559500006028,0.0,"[44, 84, 56, 0, 69, 15, 66, 78, 42, 95]","[{""client_id"": 44, ""task_id"": 0}, {""client_id"": 84, ""task_id"": 1}, {""client_id"": 56, ""task_id"": 2}, {""client_id"": 0, ""task_id"": 3}, {""client_id"": 69, ""task_id"": 4}, {""client_id"": 15, ""task_id"": 5}, {""client_id"": 66, ""task_id"": 6}, {""client_id"": 78, ""task_id"": 7}, {""client_id"": 42, ""task_id"": 8}, {""client_id"": 95, ""task_id"": 9}]","[14400427, 14401424, 14402421, 14403418, 14404415, 14405412, 14406409, 14407406, 14408403, 14409400]",1,0
144,FedPhoenixRG-Excess,1,74.83999633789062,11.333155699947383,0.0,"[36, 20, 53, 26, 80, 67, 25, 37, 39, 10]","[{""client_id"": 36, ""task_id"": 0}, {""client_id"": 20, ""task_id"": 1}, {""client_id"": 53, ""task_id"": 2}, {""client_id"": 26, ""task_id"": 3}, {""client_id"": 80, ""task_id"": 4}, {""client_id"": 67, ""task_id"": 5}, {""client_id"": 25, ""task_id"": 6}, {""client_id"": 37, ""task_id"": 7}, {""client_id"": 39, ""task_id"": 8}, {""client_id"": 10, ""task_id"": 9}]","[14500430, 14501427, 14502424, 14503421, 14504418, 14505415, 14506412, 14507409, 14508406, 14509403]",1,0
145,FedPhoenixRG-Excess,1,68.52999877929688,11.053326099994592,0.0,"[54, 62, 65, 69, 82, 46, 64, 70, 59, 11]","[{""client_id"": 54, ""task_id"": 0}, {""client_id"": 62, ""task_id"": 1}, {""client_id"": 65, ""task_id"": 2}, {""client_id"": 69, ""task_id"": 3}, {""client_id"": 82, ""task_id"": 4}, {""client_id"": 46, ""task_id"": 5}, {""client_id"": 64, ""task_id"": 6}, {""client_id"": 70, ""task_id"": 7}, {""client_id"": 59, ""task_id"": 8}, {""client_id"": 11, ""task_id"": 9}]","[14600433, 14601430, 14602427, 14603424, 14604421, 14605418, 14606415, 14607412, 14608409, 14609406]",1,0
146,FedPhoenixRG-Excess,1,67.45999908447266,9.523881300003268,0.0,"[78, 89, 64, 25, 85, 9, 57, 41, 97, 45]","[{""client_id"": 78, ""task_id"": 0}, {""client_id"": 89, ""task_id"": 1}, {""client_id"": 64, ""task_id"": 2}, {""client_id"": 25, ""task_id"": 3}, {""client_id"": 85, ""task_id"": 4}, {""client_id"": 9, ""task_id"": 5}, {""client_id"": 57, ""task_id"": 6}, {""client_id"": 41, ""task_id"": 7}, {""client_id"": 97, ""task_id"": 8}, {""client_id"": 45, ""task_id"": 9}]","[14700436, 14701433, 14702430, 14703427, 14704424, 14705421, 14706418, 14707415, 14708412, 14709409]",1,0
147,FedPhoenixRG-Excess,1,69.41000366210938,9.476679000013974,0.0,"[32, 8, 70, 41, 12, 19, 88, 20, 98, 33]","[{""client_id"": 32, ""task_id"": 0}, {""client_id"": 8, ""task_id"": 1}, {""client_id"": 70, ""task_id"": 2}, {""client_id"": 41, ""task_id"": 3}, {""client_id"": 12, ""task_id"": 4}, {""client_id"": 19, ""task_id"": 5}, {""client_id"": 88, ""task_id"": 6}, {""client_id"": 20, ""task_id"": 7}, {""client_id"": 98, ""task_id"": 8}, {""client_id"": 33, ""task_id"": 9}]","[14800439, 14801436, 14802433, 14803430, 14804427, 14805424, 14806421, 14807418, 14808415, 14809412]",1,0
148,FedPhoenixRG-Excess,1,70.97000122070312,10.673566100012977,0.0,"[50, 29, 81, 33, 44, 69, 2, 68, 93, 85]","[{""client_id"": 50, ""task_id"": 0}, {""client_id"": 29, ""task_id"": 1}, {""client_id"": 81, ""task_id"": 2}, {""client_id"": 33, ""task_id"": 3}, {""client_id"": 44, ""task_id"": 4}, {""client_id"": 69, ""task_id"": 5}, {""client_id"": 2, ""task_id"": 6}, {""client_id"": 68, ""task_id"": 7}, {""client_id"": 93, ""task_id"": 8}, {""client_id"": 85, ""task_id"": 9}]","[14900442, 14901439, 14902436, 14903433, 14904430, 14905427, 14906424, 14907421, 14908418, 14909415]",1,0
149,FedPhoenixRG-Excess,1,70.37000274658203,9.286870899959467,0.0,"[5, 84, 70, 73, 31, 62, 69, 13, 86, 74]","[{""client_id"": 5, ""task_id"": 0}, {""client_id"": 84, ""task_id"": 1}, {""client_id"": 70, ""task_id"": 2}, {""client_id"": 73, ""task_id"": 3}, {""client_id"": 31, ""task_id"": 4}, {""client_id"": 62, ""task_id"": 5}, {""client_id"": 69, ""task_id"": 6}, {""client_id"": 13, ""task_id"": 7}, {""client_id"": 86, ""task_id"": 8}, {""client_id"": 74, ""task_id"": 9}]","[15000445, 15001442, 15002439, 15003436, 15004433, 15005430, 15006427, 15007424, 15008421, 15009418]",1,0
150,FedPhoenixRG-Excess,1,75.70999908447266,9.518504899984691,0.0,"[69, 9, 41, 83, 76, 63, 34, 67, 36, 87]","[{""client_id"": 69, ""task_id"": 0}, {""client_id"": 9, ""task_id"": 1}, {""client_id"": 41, ""task_id"": 2}, {""client_id"": 83, ""task_id"": 3}, {""client_id"": 76, ""task_id"": 4}, {""client_id"": 63, ""task_id"": 5}, {""client_id"": 34, ""task_id"": 6}, {""client_id"": 67, ""task_id"": 7}, {""client_id"": 36, ""task_id"": 8}, {""client_id"": 87, ""task_id"": 9}]","[15100448, 15101445, 15102442, 15103439, 15104436, 15105433, 15106430, 15107427, 15108424, 15109421]",1,0
151,FedPhoenixRG-Excess,1,59.099998474121094,9.476048200041987,0.0,"[40, 77, 95, 52, 25, 38, 46, 47, 93, 88]","[{""client_id"": 40, ""task_id"": 0}, {""client_id"": 77, ""task_id"": 1}, {""client_id"": 95, ""task_id"": 2}, {""client_id"": 52, ""task_id"": 3}, {""client_id"": 25, ""task_id"": 4}, {""client_id"": 38, ""task_id"": 5}, {""client_id"": 46, ""task_id"": 6}, {""client_id"": 47, ""task_id"": 7}, {""client_id"": 93, ""task_id"": 8}, {""client_id"": 88, ""task_id"": 9}]","[15200451, 15201448, 15202445, 15203442, 15204439, 15205436, 15206433, 15207430, 15208427, 15209424]",1,0
152,FedPhoenixRG-Excess,1,68.30000305175781,11.025985199958086,0.0,"[14, 22, 87, 6, 15, 36, 37, 44, 48, 38]","[{""client_id"": 14, ""task_id"": 0}, {""client_id"": 22, ""task_id"": 1}, {""client_id"": 87, ""task_id"": 2}, {""client_id"": 6, ""task_id"": 3}, {""client_id"": 15, ""task_id"": 4}, {""client_id"": 36, ""task_id"": 5}, {""client_id"": 37, ""task_id"": 6}, {""client_id"": 44, ""task_id"": 7}, {""client_id"": 48, ""task_id"": 8}, {""client_id"": 38, ""task_id"": 9}]","[15300454, 15301451, 15302448, 15303445, 15304442, 15305439, 15306436, 15307433, 15308430, 15309427]",1,0
153,FedPhoenixRG-Excess,1,74.70999908447266,10.220479399955366,0.0,"[14, 66, 74, 62, 49, 45, 18, 79, 15, 68]","[{""client_id"": 14, ""task_id"": 0}, {""client_id"": 66, ""task_id"": 1}, {""client_id"": 74, ""task_id"": 2}, {""client_id"": 62, ""task_id"": 3}, {""client_id"": 49, ""task_id"": 4}, {""client_id"": 45, ""task_id"": 5}, {""client_id"": 18, ""task_id"": 6}, {""client_id"": 79, ""task_id"": 7}, {""client_id"": 15, ""task_id"": 8}, {""client_id"": 68, ""task_id"": 9}]","[15400457, 15401454, 15402451, 15403448, 15404445, 15405442, 15406439, 15407436, 15408433, 15409430]",1,0
154,FedPhoenixRG-Excess,1,73.54000091552734,8.205217499984428,0.0,"[92, 32, 77, 87, 27, 13, 14, 47, 22, 73]","[{""client_id"": 92, ""task_id"": 0}, {""client_id"": 32, ""task_id"": 1}, {""client_id"": 77, ""task_id"": 2}, {""client_id"": 87, ""task_id"": 3}, {""client_id"": 27, ""task_id"": 4}, {""client_id"": 13, ""task_id"": 5}, {""client_id"": 14, ""task_id"": 6}, {""client_id"": 47, ""task_id"": 7}, {""client_id"": 22, ""task_id"": 8}, {""client_id"": 73, ""task_id"": 9}]","[15500460, 15501457, 15502454, 15503451, 15504448, 15505445, 15506442, 15507439, 15508436, 15509433]",1,0
155,FedPhoenixRG-Excess,1,70.5999984741211,9.89082019997295,0.0,"[60, 31, 44, 3, 84, 25, 98, 73, 52, 82]","[{""client_id"": 60, ""task_id"": 0}, {""client_id"": 31, ""task_id"": 1}, {""client_id"": 44, ""task_id"": 2}, {""client_id"": 3, ""task_id"": 3}, {""client_id"": 84, ""task_id"": 4}, {""client_id"": 25, ""task_id"": 5}, {""client_id"": 98, ""task_id"": 6}, {""client_id"": 73, ""task_id"": 7}, {""client_id"": 52, ""task_id"": 8}, {""client_id"": 82, ""task_id"": 9}]","[15600463, 15601460, 15602457, 15603454, 15604451, 15605448, 15606445, 15607442, 15608439, 15609436]",1,0
156,FedPhoenixRG-Excess,1,72.36000061035156,10.238064499979373,0.0,"[66, 38, 74, 49, 46, 45, 12, 0, 81, 23]","[{""client_id"": 66, ""task_id"": 0}, {""client_id"": 38, ""task_id"": 1}, {""client_id"": 74, ""task_id"": 2}, {""client_id"": 49, ""task_id"": 3}, {""client_id"": 46, ""task_id"": 4}, {""client_id"": 45, ""task_id"": 5}, {""client_id"": 12, ""task_id"": 6}, {""client_id"": 0, ""task_id"": 7}, {""client_id"": 81, ""task_id"": 8}, {""client_id"": 23, ""task_id"": 9}]","[15700466, 15701463, 15702460, 15703457, 15704454, 15705451, 15706448, 15707445, 15708442, 15709439]",1,0
157,FedPhoenixRG-Excess,1,65.26000213623047,11.376495600037742,0.0,"[6, 14, 56, 8, 37, 71, 68, 53, 88, 65]","[{""client_id"": 6, ""task_id"": 0}, {""client_id"": 14, ""task_id"": 1}, {""client_id"": 56, ""task_id"": 2}, {""client_id"": 8, ""task_id"": 3}, {""client_id"": 37, ""task_id"": 4}, {""client_id"": 71, ""task_id"": 5}, {""client_id"": 68, ""task_id"": 6}, {""client_id"": 53, ""task_id"": 7}, {""client_id"": 88, ""task_id"": 8}, {""client_id"": 65, ""task_id"": 9}]","[15800469, 15801466, 15802463, 15803460, 15804457, 15805454, 15806451, 15807448, 15808445, 15809442]",1,0
158,FedPhoenixRG-Excess,1,71.13999938964844,8.736740300024394,0.0,"[76, 40, 68, 38, 91, 92, 18, 11, 69, 94]","[{""client_id"": 76, ""task_id"": 0}, {""client_id"": 40, ""task_id"": 1}, {""client_id"": 68, ""task_id"": 2}, {""client_id"": 38, ""task_id"": 3}, {""client_id"": 91, ""task_id"": 4}, {""client_id"": 92, ""task_id"": 5}, {""client_id"": 18, ""task_id"": 6}, {""client_id"": 11, ""task_id"": 7}, {""client_id"": 69, ""task_id"": 8}, {""client_id"": 94, ""task_id"": 9}]","[15900472, 15901469, 15902466, 15903463, 15904460, 15905457, 15906454, 15907451, 15908448, 15909445]",1,0
159,FedPhoenixRG-Excess,1,69.5999984741211,9.17556370003149,0.0,"[0, 23, 91, 83, 98, 64, 90, 32, 84, 36]","[{""client_id"": 0, ""task_id"": 0}, {""client_id"": 23, ""task_id"": 1}, {""client_id"": 91, ""task_id"": 2}, {""client_id"": 83, ""task_id"": 3}, {""client_id"": 98, ""task_id"": 4}, {""client_id"": 64, ""task_id"": 5}, {""client_id"": 90, ""task_id"": 6}, {""client_id"": 32, ""task_id"": 7}, {""client_id"": 84, ""task_id"": 8}, {""client_id"": 36, ""task_id"": 9}]","[16000475, 16001472, 16002469, 16003466, 16004463, 16005460, 16006457, 16007454, 16008451, 16009448]",1,0
160,FedPhoenixRG-Excess,1,69.75,10.141156100027729,0.0,"[15, 9, 95, 71, 80, 49, 39, 81, 30, 8]","[{""client_id"": 15, ""task_id"": 0}, {""client_id"": 9, ""task_id"": 1}, {""client_id"": 95, ""task_id"": 2}, {""client_id"": 71, ""task_id"": 3}, {""client_id"": 80, ""task_id"": 4}, {""client_id"": 49, ""task_id"": 5}, {""client_id"": 39, ""task_id"": 6}, {""client_id"": 81, ""task_id"": 7}, {""client_id"": 30, ""task_id"": 8}, {""client_id"": 8, ""task_id"": 9}]","[16100478, 16101475, 16102472, 16103469, 16104466, 16105463, 16106460, 16107457, 16108454, 16109451]",1,1
161,FedPhoenixRG-Excess,1,77.16000366210938,9.341243900009431,0.0,"[29, 87, 67, 36, 35, 96, 15, 61, 24, 62]","[{""client_id"": 29, ""task_id"": 0}, {""client_id"": 87, ""task_id"": 1}, {""client_id"": 67, ""task_id"": 2}, {""client_id"": 36, ""task_id"": 3}, {""client_id"": 35, ""task_id"": 4}, {""client_id"": 96, ""task_id"": 5}, {""client_id"": 15, ""task_id"": 6}, {""client_id"": 61, ""task_id"": 7}, {""client_id"": 24, ""task_id"": 8}, {""client_id"": 62, ""task_id"": 9}]","[16200481, 16201478, 16202475, 16203472, 16204469, 16205466, 16206463, 16207460, 16208457, 16209454]",1,0
162,FedPhoenixRG-Excess,1,71.37999725341797,10.284253899997566,0.0,"[13, 58, 87, 52, 50, 60, 3, 19, 35, 0]","[{""client_id"": 13, ""task_id"": 0}, {""client_id"": 58, ""task_id"": 1}, {""client_id"": 87, ""task_id"": 2}, {""client_id"": 52, ""task_id"": 3}, {""client_id"": 50, ""task_id"": 4}, {""client_id"": 60, ""task_id"": 5}, {""client_id"": 3, ""task_id"": 6}, {""client_id"": 19, ""task_id"": 7}, {""client_id"": 35, ""task_id"": 8}, {""client_id"": 0, ""task_id"": 9}]","[16300484, 16301481, 16302478, 16303475, 16304472, 16305469, 16306466, 16307463, 16308460, 16309457]",1,0
163,FedPhoenixRG-Excess,1,69.7699966430664,9.216898200043943,0.0,"[55, 46, 66, 67, 73, 12, 51, 1, 57, 90]","[{""client_id"": 55, ""task_id"": 0}, {""client_id"": 46, ""task_id"": 1}, {""client_id"": 66, ""task_id"": 2}, {""client_id"": 67, ""task_id"": 3}, {""client_id"": 73, ""task_id"": 4}, {""client_id"": 12, ""task_id"": 5}, {""client_id"": 51, ""task_id"": 6}, {""client_id"": 1, ""task_id"": 7}, {""client_id"": 57, ""task_id"": 8}, {""client_id"": 90, ""task_id"": 9}]","[16400487, 16401484, 16402481, 16403478, 16404475, 16405472, 16406469, 16407466, 16408463, 16409460]",1,0
164,FedPhoenixRG-Excess,1,69.2300033569336,9.62369530001888,0.0,"[40, 72, 92, 86, 89, 90, 16, 98, 73, 58]","[{""client_id"": 40, ""task_id"": 0}, {""client_id"": 72, ""task_id"": 1}, {""client_id"": 92, ""task_id"": 2}, {""client_id"": 86, ""task_id"": 3}, {""client_id"": 89, ""task_id"": 4}, {""client_id"": 90, ""task_id"": 5}, {""client_id"": 16, ""task_id"": 6}, {""client_id"": 98, ""task_id"": 7}, {""client_id"": 73, ""task_id"": 8}, {""client_id"": 58, ""task_id"": 9}]","[16500490, 16501487, 16502484, 16503481, 16504478, 16505475, 16506472, 16507469, 16508466, 16509463]",1,0
165,FedPhoenixRG-Excess,1,74.91999816894531,10.747676800005138,0.0,"[0, 58, 47, 44, 94, 66, 4, 7, 27, 2]","[{""client_id"": 0, ""task_id"": 0}, {""client_id"": 58, ""task_id"": 1}, {""client_id"": 47, ""task_id"": 2}, {""client_id"": 44, ""task_id"": 3}, {""client_id"": 94, ""task_id"": 4}, {""client_id"": 66, ""task_id"": 5}, {""client_id"": 4, ""task_id"": 6}, {""client_id"": 7, ""task_id"": 7}, {""client_id"": 27, ""task_id"": 8}, {""client_id"": 2, ""task_id"": 9}]","[16600493, 16601490, 16602487, 16603484, 16604481, 16605478, 16606475, 16607472, 16608469, 16609466]",1,0
166,FedPhoenixRG-Excess,1,71.68000030517578,10.926322100043762,0.0,"[58, 87, 14, 78, 40, 83, 73, 18, 52, 31]","[{""client_id"": 58, ""task_id"": 0}, {""client_id"": 87, ""task_id"": 1}, {""client_id"": 14, ""task_id"": 2}, {""client_id"": 78, ""task_id"": 3}, {""client_id"": 40, ""task_id"": 4}, {""client_id"": 83, ""task_id"": 5}, {""client_id"": 73, ""task_id"": 6}, {""client_id"": 18, ""task_id"": 7}, {""client_id"": 52, ""task_id"": 8}, {""client_id"": 31, ""task_id"": 9}]","[16700496, 16701493, 16702490, 16703487, 16704484, 16705481, 16706478, 16707475, 16708472, 16709469]",1,0
167,FedPhoenixRG-Excess,1,69.73999786376953,10.84053829999175,0.0,"[99, 22, 62, 86, 5, 20, 9, 51, 7, 54]","[{""client_id"": 99, ""task_id"": 0}, {""client_id"": 22, ""task_id"": 1}, {""client_id"": 62, ""task_id"": 2}, {""client_id"": 86, ""task_id"": 3}, {""client_id"": 5, ""task_id"": 4}, {""client_id"": 20, ""task_id"": 5}, {""client_id"": 9, ""task_id"": 6}, {""client_id"": 51, ""task_id"": 7}, {""client_id"": 7, ""task_id"": 8}, {""client_id"": 54, ""task_id"": 9}]","[16800499, 16801496, 16802493, 16803490, 16804487, 16805484, 16806481, 16807478, 16808475, 16809472]",1,0
168,FedPhoenixRG-Excess,1,68.27999877929688,9.944073199993,0.0,"[97, 37, 42, 7, 22, 5, 24, 56, 69, 12]","[{""client_id"": 97, ""task_id"": 0}, {""client_id"": 37, ""task_id"": 1}, {""client_id"": 42, ""task_id"": 2}, {""client_id"": 7, ""task_id"": 3}, {""client_id"": 22, ""task_id"": 4}, {""client_id"": 5, ""task_id"": 5}, {""client_id"": 24, ""task_id"": 6}, {""client_id"": 56, ""task_id"": 7}, {""client_id"": 69, ""task_id"": 8}, {""client_id"": 12, ""task_id"": 9}]","[16900502, 16901499, 16902496, 16903493, 16904490, 16905487, 16906484, 16907481, 16908478, 16909475]",1,0
169,FedPhoenixRG-Excess,1,72.0,9.27005759999156,0.0,"[96, 22, 76, 44, 59, 78, 12, 68, 94, 87]","[{""client_id"": 96, ""task_id"": 0}, {""client_id"": 22, ""task_id"": 1}, {""client_id"": 76, ""task_id"": 2}, {""client_id"": 44, ""task_id"": 3}, {""client_id"": 59, ""task_id"": 4}, {""client_id"": 78, ""task_id"": 5}, {""client_id"": 12, ""task_id"": 6}, {""client_id"": 68, ""task_id"": 7}, {""client_id"": 94, ""task_id"": 8}, {""client_id"": 87, ""task_id"": 9}]","[17000505, 17001502, 17002499, 17003496, 17004493, 17005490, 17006487, 17007484, 17008481, 17009478]",1,0
170,FedPhoenixRG-Excess,1,69.54000091552734,12.024113800027408,0.0,"[45, 7, 65, 19, 95, 16, 35, 23, 83, 88]","[{""client_id"": 45, ""task_id"": 0}, {""client_id"": 7, ""task_id"": 1}, {""client_id"": 65, ""task_id"": 2}, {""client_id"": 19, ""task_id"": 3}, {""client_id"": 95, ""task_id"": 4}, {""client_id"": 16, ""task_id"": 5}, {""client_id"": 35, ""task_id"": 6}, {""client_id"": 23, ""task_id"": 7}, {""client_id"": 83, ""task_id"": 8}, {""client_id"": 88, ""task_id"": 9}]","[17100508, 17101505, 17102502, 17103499, 17104496, 17105493, 17106490, 17107487, 17108484, 17109481]",1,0
171,FedPhoenixRG-Excess,1,69.51000213623047,9.674489400000311,0.0,"[12, 91, 4, 90, 47, 66, 33, 9, 61, 84]","[{""client_id"": 12, ""task_id"": 0}, {""client_id"": 91, ""task_id"": 1}, {""client_id"": 4, ""task_id"": 2}, {""client_id"": 90, ""task_id"": 3}, {""client_id"": 47, ""task_id"": 4}, {""client_id"": 66, ""task_id"": 5}, {""client_id"": 33, ""task_id"": 6}, {""client_id"": 9, ""task_id"": 7}, {""client_id"": 61, ""task_id"": 8}, {""client_id"": 84, ""task_id"": 9}]","[17200511, 17201508, 17202505, 17203502, 17204499, 17205496, 17206493, 17207490, 17208487, 17209484]",1,0
172,FedPhoenixRG-Excess,1,69.05999755859375,9.1910372999846,0.0,"[46, 60, 83, 2, 37, 70, 93, 29, 3, 43]","[{""client_id"": 46, ""task_id"": 0}, {""client_id"": 60, ""task_id"": 1}, {""client_id"": 83, ""task_id"": 2}, {""client_id"": 2, ""task_id"": 3}, {""client_id"": 37, ""task_id"": 4}, {""client_id"": 70, ""task_id"": 5}, {""client_id"": 93, ""task_id"": 6}, {""client_id"": 29, ""task_id"": 7}, {""client_id"": 3, ""task_id"": 8}, {""client_id"": 43, ""task_id"": 9}]","[17300514, 17301511, 17302508, 17303505, 17304502, 17305499, 17306496, 17307493, 17308490, 17309487]",1,0
173,FedPhoenixRG-Excess,1,62.150001525878906,8.316464599978644,0.0,"[27, 45, 49, 4, 31, 62, 9, 95, 69, 72]","[{""client_id"": 27, ""task_id"": 0}, {""client_id"": 45, ""task_id"": 1}, {""client_id"": 49, ""task_id"": 2}, {""client_id"": 4, ""task_id"": 3}, {""client_id"": 31, ""task_id"": 4}, {""client_id"": 62, ""task_id"": 5}, {""client_id"": 9, ""task_id"": 6}, {""client_id"": 95, ""task_id"": 7}, {""client_id"": 69, ""task_id"": 8}, {""client_id"": 72, ""task_id"": 9}]","[17400517, 17401514, 17402511, 17403508, 17404505, 17405502, 17406499, 17407496, 17408493, 17409490]",1,0
174,FedPhoenixRG-Excess,1,71.37000274658203,9.240164200018626,0.0,"[27, 28, 1, 92, 55, 48, 74, 7, 99, 62]","[{""client_id"": 27, ""task_id"": 0}, {""client_id"": 28, ""task_id"": 1}, {""client_id"": 1, ""task_id"": 2}, {""client_id"": 92, ""task_id"": 3}, {""client_id"": 55, ""task_id"": 4}, {""client_id"": 48, ""task_id"": 5}, {""client_id"": 74, ""task_id"": 6}, {""client_id"": 7, ""task_id"": 7}, {""client_id"": 99, ""task_id"": 8}, {""client_id"": 62, ""task_id"": 9}]","[17500520, 17501517, 17502514, 17503511, 17504508, 17505505, 17506502, 17507499, 17508496, 17509493]",1,0
175,FedPhoenixRG-Excess,1,73.31999969482422,9.761309499968775,0.0,"[24, 0, 9, 11, 31, 45, 58, 35, 69, 21]","[{""client_id"": 24, ""task_id"": 0}, {""client_id"": 0, ""task_id"": 1}, {""client_id"": 9, ""task_id"": 2}, {""client_id"": 11, ""task_id"": 3}, {""client_id"": 31, ""task_id"": 4}, {""client_id"": 45, ""task_id"": 5}, {""client_id"": 58, ""task_id"": 6}, {""client_id"": 35, ""task_id"": 7}, {""client_id"": 69, ""task_id"": 8}, {""client_id"": 21, ""task_id"": 9}]","[17600523, 17601520, 17602517, 17603514, 17604511, 17605508, 17606505, 17607502, 17608499, 17609496]",1,0
176,FedPhoenixRG-Excess,1,74.62999725341797,10.070923699997365,0.0,"[42, 98, 67, 21, 24, 81, 20, 75, 29, 36]","[{""client_id"": 42, ""task_id"": 0}, {""client_id"": 98, ""task_id"": 1}, {""client_id"": 67, ""task_id"": 2}, {""client_id"": 21, ""task_id"": 3}, {""client_id"": 24, ""task_id"": 4}, {""client_id"": 81, ""task_id"": 5}, {""client_id"": 20, ""task_id"": 6}, {""client_id"": 75, ""task_id"": 7}, {""client_id"": 29, ""task_id"": 8}, {""client_id"": 36, ""task_id"": 9}]","[17700526, 17701523, 17702520, 17703517, 17704514, 17705511, 17706508, 17707505, 17708502, 17709499]",1,0
177,FedPhoenixRG-Excess,1,71.44999694824219,10.768479300022591,0.0,"[49, 75, 33, 60, 42, 64, 69, 11, 47, 70]","[{""client_id"": 49, ""task_id"": 0}, {""client_id"": 75, ""task_id"": 1}, {""client_id"": 33, ""task_id"": 2}, {""client_id"": 60, ""task_id"": 3}, {""client_id"": 42, ""task_id"": 4}, {""client_id"": 64, ""task_id"": 5}, {""client_id"": 69, ""task_id"": 6}, {""client_id"": 11, ""task_id"": 7}, {""client_id"": 47, ""task_id"": 8}, {""client_id"": 70, ""task_id"": 9}]","[17800529, 17801526, 17802523, 17803520, 17804517, 17805514, 17806511, 17807508, 17808505, 17809502]",1,0
178,FedPhoenixRG-Excess,1,64.55000305175781,10.402030700002797,0.0,"[96, 60, 16, 70, 73, 40, 11, 24, 87, 93]","[{""client_id"": 96, ""task_id"": 0}, {""client_id"": 60, ""task_id"": 1}, {""client_id"": 16, ""task_id"": 2}, {""client_id"": 70, ""task_id"": 3}, {""client_id"": 73, ""task_id"": 4}, {""client_id"": 40, ""task_id"": 5}, {""client_id"": 11, ""task_id"": 6}, {""client_id"": 24, ""task_id"": 7}, {""client_id"": 87, ""task_id"": 8}, {""client_id"": 93, ""task_id"": 9}]","[17900532, 17901529, 17902526, 17903523, 17904520, 17905517, 17906514, 17907511, 17908508, 17909505]",1,0
179,FedPhoenixRG-Excess,1,76.12000274658203,9.733586699992884,0.0,"[37, 16, 85, 31, 69, 36, 54, 25, 32, 38]","[{""client_id"": 37, ""task_id"": 0}, {""client_id"": 16, ""task_id"": 1}, {""client_id"": 85, ""task_id"": 2}, {""client_id"": 31, ""task_id"": 3}, {""client_id"": 69, ""task_id"": 4}, {""client_id"": 36, ""task_id"": 5}, {""client_id"": 54, ""task_id"": 6}, {""client_id"": 25, ""task_id"": 7}, {""client_id"": 32, ""task_id"": 8}, {""client_id"": 38, ""task_id"": 9}]","[18000535, 18001532, 18002529, 18003526, 18004523, 18005520, 18006517, 18007514, 18008511, 18009508]",1,0
180,FedPhoenixRG-Excess,1,73.51000213623047,10.1755334000336,0.0,"[80, 92, 61, 76, 19, 28, 7, 73, 67, 38]","[{""client_id"": 80, ""task_id"": 0}, {""client_id"": 92, ""task_id"": 1}, {""client_id"": 61, ""task_id"": 2}, {""client_id"": 76, ""task_id"": 3}, {""client_id"": 19, ""task_id"": 4}, {""client_id"": 28, ""task_id"": 5}, {""client_id"": 7, ""task_id"": 6}, {""client_id"": 73, ""task_id"": 7}, {""client_id"": 67, ""task_id"": 8}, {""client_id"": 38, ""task_id"": 9}]","[18100538, 18101535, 18102532, 18103529, 18104526, 18105523, 18106520, 18107517, 18108514, 18109511]",1,1
181,FedPhoenixRG-Excess,1,75.69000244140625,9.183633799955714,0.0,"[78, 26, 35, 44, 29, 85, 64, 66, 97, 21]","[{""client_id"": 78, ""task_id"": 0}, {""client_id"": 26, ""task_id"": 1}, {""client_id"": 35, ""task_id"": 2}, {""client_id"": 44, ""task_id"": 3}, {""client_id"": 29, ""task_id"": 4}, {""client_id"": 85, ""task_id"": 5}, {""client_id"": 64, ""task_id"": 6}, {""client_id"": 66, ""task_id"": 7}, {""client_id"": 97, ""task_id"": 8}, {""client_id"": 21, ""task_id"": 9}]","[18200541, 18201538, 18202535, 18203532, 18204529, 18205526, 18206523, 18207520, 18208517, 18209514]",1,0
182,FedPhoenixRG-Excess,1,65.0999984741211,10.388666899991222,0.0,"[78, 73, 10, 52, 54, 24, 44, 70, 99, 90]","[{""client_id"": 78, ""task_id"": 0}, {""client_id"": 73, ""task_id"": 1}, {""client_id"": 10, ""task_id"": 2}, {""client_id"": 52, ""task_id"": 3}, {""client_id"": 54, ""task_id"": 4}, {""client_id"": 24, ""task_id"": 5}, {""client_id"": 44, ""task_id"": 6}, {""client_id"": 70, ""task_id"": 7}, {""client_id"": 99, ""task_id"": 8}, {""client_id"": 90, ""task_id"": 9}]","[18300544, 18301541, 18302538, 18303535, 18304532, 18305529, 18306526, 18307523, 18308520, 18309517]",1,0
183,FedPhoenixRG-Excess,1,77.05000305175781,8.530477499996778,0.0,"[96, 38, 1, 4, 36, 19, 77, 52, 41, 49]","[{""client_id"": 96, ""task_id"": 0}, {""client_id"": 38, ""task_id"": 1}, {""client_id"": 1, ""task_id"": 2}, {""client_id"": 4, ""task_id"": 3}, {""client_id"": 36, ""task_id"": 4}, {""client_id"": 19, ""task_id"": 5}, {""client_id"": 77, ""task_id"": 6}, {""client_id"": 52, ""task_id"": 7}, {""client_id"": 41, ""task_id"": 8}, {""client_id"": 49, ""task_id"": 9}]","[18400547, 18401544, 18402541, 18403538, 18404535, 18405532, 18406529, 18407526, 18408523, 18409520]",1,0
184,FedPhoenixRG-Excess,1,73.87000274658203,10.444801800011192,0.0,"[87, 55, 49, 7, 51, 67, 40, 21, 34, 0]","[{""client_id"": 87, ""task_id"": 0}, {""client_id"": 55, ""task_id"": 1}, {""client_id"": 49, ""task_id"": 2}, {""client_id"": 7, ""task_id"": 3}, {""client_id"": 51, ""task_id"": 4}, {""client_id"": 67, ""task_id"": 5}, {""client_id"": 40, ""task_id"": 6}, {""client_id"": 21, ""task_id"": 7}, {""client_id"": 34, ""task_id"": 8}, {""client_id"": 0, ""task_id"": 9}]","[18500550, 18501547, 18502544, 18503541, 18504538, 18505535, 18506532, 18507529, 18508526, 18509523]",1,0
185,FedPhoenixRG-Excess,1,76.0199966430664,8.49800859997049,0.0,"[74, 63, 39, 14, 96, 82, 21, 45, 88, 13]","[{""client_id"": 74, ""task_id"": 0}, {""client_id"": 63, ""task_id"": 1}, {""client_id"": 39, ""task_id"": 2}, {""client_id"": 14, ""task_id"": 3}, {""client_id"": 96, ""task_id"": 4}, {""client_id"": 82, ""task_id"": 5}, {""client_id"": 21, ""task_id"": 6}, {""client_id"": 45, ""task_id"": 7}, {""client_id"": 88, ""task_id"": 8}, {""client_id"": 13, ""task_id"": 9}]","[18600553, 18601550, 18602547, 18603544, 18604541, 18605538, 18606535, 18607532, 18608529, 18609526]",1,0
186,FedPhoenixRG-Excess,1,72.75,10.173170500027481,0.0,"[1, 26, 23, 59, 22, 57, 27, 60, 18, 69]","[{""client_id"": 1, ""task_id"": 0}, {""client_id"": 26, ""task_id"": 1}, {""client_id"": 23, ""task_id"": 2}, {""client_id"": 59, ""task_id"": 3}, {""client_id"": 22, ""task_id"": 4}, {""client_id"": 57, ""task_id"": 5}, {""client_id"": 27, ""task_id"": 6}, {""client_id"": 60, ""task_id"": 7}, {""client_id"": 18, ""task_id"": 8}, {""client_id"": 69, ""task_id"": 9}]","[18700556, 18701553, 18702550, 18703547, 18704544, 18705541, 18706538, 18707535, 18708532, 18709529]",1,0
187,FedPhoenixRG-Excess,1,69.3499984741211,8.69647070002975,0.0,"[34, 87, 43, 64, 27, 92, 78, 55, 68, 7]","[{""client_id"": 34, ""task_id"": 0}, {""client_id"": 87, ""task_id"": 1}, {""client_id"": 43, ""task_id"": 2}, {""client_id"": 64, ""task_id"": 3}, {""client_id"": 27, ""task_id"": 4}, {""client_id"": 92, ""task_id"": 5}, {""client_id"": 78, ""task_id"": 6}, {""client_id"": 55, ""task_id"": 7}, {""client_id"": 68, ""task_id"": 8}, {""client_id"": 7, ""task_id"": 9}]","[18800559, 18801556, 18802553, 18803550, 18804547, 18805544, 18806541, 18807538, 18808535, 18809532]",1,0
188,FedPhoenixRG-Excess,1,76.55000305175781,11.572546900017187,0.0,"[67, 20, 34, 69, 85, 14, 86, 81, 36, 76]","[{""client_id"": 67, ""task_id"": 0}, {""client_id"": 20, ""task_id"": 1}, {""client_id"": 34, ""task_id"": 2}, {""client_id"": 69, ""task_id"": 3}, {""client_id"": 85, ""task_id"": 4}, {""client_id"": 14, ""task_id"": 5}, {""client_id"": 86, ""task_id"": 6}, {""client_id"": 81, ""task_id"": 7}, {""client_id"": 36, ""task_id"": 8}, {""client_id"": 76, ""task_id"": 9}]","[18900562, 18901559, 18902556, 18903553, 18904550, 18905547, 18906544, 18907541, 18908538, 18909535]",1,0
189,FedPhoenixRG-Excess,1,67.70999908447266,12.668181099987123,0.0,"[57, 7, 53, 49, 74, 65, 76, 29, 78, 80]","[{""client_id"": 57, ""task_id"": 0}, {""client_id"": 7, ""task_id"": 1}, {""client_id"": 53, ""task_id"": 2}, {""client_id"": 49, ""task_id"": 3}, {""client_id"": 74, ""task_id"": 4}, {""client_id"": 65, ""task_id"": 5}, {""client_id"": 76, ""task_id"": 6}, {""client_id"": 29, ""task_id"": 7}, {""client_id"": 78, ""task_id"": 8}, {""client_id"": 80, ""task_id"": 9}]","[19000565, 19001562, 19002559, 19003556, 19004553, 19005550, 19006547, 19007544, 19008541, 19009538]",1,0
190,FedPhoenixRG-Excess,1,69.08999633789062,9.388289399968926,0.0,"[71, 25, 7, 77, 39, 51, 87, 5, 45, 11]","[{""client_id"": 71, ""task_id"": 0}, {""client_id"": 25, ""task_id"": 1}, {""client_id"": 7, ""task_id"": 2}, {""client_id"": 77, ""task_id"": 3}, {""client_id"": 39, ""task_id"": 4}, {""client_id"": 51, ""task_id"": 5}, {""client_id"": 87, ""task_id"": 6}, {""client_id"": 5, ""task_id"": 7}, {""client_id"": 45, ""task_id"": 8}, {""client_id"": 11, ""task_id"": 9}]","[19100568, 19101565, 19102562, 19103559, 19104556, 19105553, 19106550, 19107547, 19108544, 19109541]",1,0
191,FedPhoenixRG-Excess,1,64.51000213623047,10.6773987999768,0.0,"[60, 21, 34, 0, 98, 92, 44, 65, 66, 3]","[{""client_id"": 60, ""task_id"": 0}, {""client_id"": 21, ""task_id"": 1}, {""client_id"": 34, ""task_id"": 2}, {""client_id"": 0, ""task_id"": 3}, {""client_id"": 98, ""task_id"": 4}, {""client_id"": 92, ""task_id"": 5}, {""client_id"": 44, ""task_id"": 6}, {""client_id"": 65, ""task_id"": 7}, {""client_id"": 66, ""task_id"": 8}, {""client_id"": 3, ""task_id"": 9}]","[19200571, 19201568, 19202565, 19203562, 19204559, 19205556, 19206553, 19207550, 19208547, 19209544]",1,0
192,FedPhoenixRG-Excess,1,72.94999694824219,10.501008599996567,0.0,"[36, 59, 66, 20, 0, 16, 86, 71, 90, 56]","[{""client_id"": 36, ""task_id"": 0}, {""client_id"": 59, ""task_id"": 1}, {""client_id"": 66, ""task_id"": 2}, {""client_id"": 20, ""task_id"": 3}, {""client_id"": 0, ""task_id"": 4}, {""client_id"": 16, ""task_id"": 5}, {""client_id"": 86, ""task_id"": 6}, {""client_id"": 71, ""task_id"": 7}, {""client_id"": 90, ""task_id"": 8}, {""client_id"": 56, ""task_id"": 9}]","[19300574, 19301571, 19302568, 19303565, 19304562, 19305559, 19306556, 19307553, 19308550, 19309547]",1,0
193,FedPhoenixRG-Excess,1,75.77999877929688,8.711640399997123,0.0,"[19, 22, 51, 45, 91, 26, 14, 83, 15, 67]","[{""client_id"": 19, ""task_id"": 0}, {""client_id"": 22, ""task_id"": 1}, {""client_id"": 51, ""task_id"": 2}, {""client_id"": 45, ""task_id"": 3}, {""client_id"": 91, ""task_id"": 4}, {""client_id"": 26, ""task_id"": 5}, {""client_id"": 14, ""task_id"": 6}, {""client_id"": 83, ""task_id"": 7}, {""client_id"": 15, ""task_id"": 8}, {""client_id"": 67, ""task_id"": 9}]","[19400577, 19401574, 19402571, 19403568, 19404565, 19405562, 19406559, 19407556, 19408553, 19409550]",1,0
194,FedPhoenixRG-Excess,1,71.5999984741211,10.887212099973112,0.0,"[62, 14, 3, 92, 78, 33, 89, 48, 70, 31]","[{""client_id"": 62, ""task_id"": 0}, {""client_id"": 14, ""task_id"": 1}, {""client_id"": 3, ""task_id"": 2}, {""client_id"": 92, ""task_id"": 3}, {""client_id"": 78, ""task_id"": 4}, {""client_id"": 33, ""task_id"": 5}, {""client_id"": 89, ""task_id"": 6}, {""client_id"": 48, ""task_id"": 7}, {""client_id"": 70, ""task_id"": 8}, {""client_id"": 31, ""task_id"": 9}]","[19500580, 19501577, 19502574, 19503571, 19504568, 19505565, 19506562, 19507559, 19508556, 19509553]",1,0
195,FedPhoenixRG-Excess,1,72.58999633789062,9.546560399990994,0.0,"[37, 10, 88, 63, 53, 68, 2, 52, 26, 59]","[{""client_id"": 37, ""task_id"": 0}, {""client_id"": 10, ""task_id"": 1}, {""client_id"": 88, ""task_id"": 2}, {""client_id"": 63, ""task_id"": 3}, {""client_id"": 53, ""task_id"": 4}, {""client_id"": 68, ""task_id"": 5}, {""client_id"": 2, ""task_id"": 6}, {""client_id"": 52, ""task_id"": 7}, {""client_id"": 26, ""task_id"": 8}, {""client_id"": 59, ""task_id"": 9}]","[19600583, 19601580, 19602577, 19603574, 19604571, 19605568, 19606565, 19607562, 19608559, 19609556]",1,0
196,FedPhoenixRG-Excess,1,76.19000244140625,11.13766259996919,0.0,"[59, 71, 85, 49, 20, 10, 3, 86, 88, 33]","[{""client_id"": 59, ""task_id"": 0}, {""client_id"": 71, ""task_id"": 1}, {""client_id"": 85, ""task_id"": 2}, {""client_id"": 49, ""task_id"": 3}, {""client_id"": 20, ""task_id"": 4}, {""client_id"": 10, ""task_id"": 5}, {""client_id"": 3, ""task_id"": 6}, {""client_id"": 86, ""task_id"": 7}, {""client_id"": 88, ""task_id"": 8}, {""client_id"": 33, ""task_id"": 9}]","[19700586, 19701583, 19702580, 19703577, 19704574, 19705571, 19706568, 19707565, 19708562, 19709559]",1,0
197,FedPhoenixRG-Excess,1,67.30999755859375,9.286518700013403,0.0,"[9, 0, 18, 66, 44, 17, 92, 95, 64, 96]","[{""client_id"": 9, ""task_id"": 0}, {""client_id"": 0, ""task_id"": 1}, {""client_id"": 18, ""task_id"": 2}, {""client_id"": 66, ""task_id"": 3}, {""client_id"": 44, ""task_id"": 4}, {""client_id"": 17, ""task_id"": 5}, {""client_id"": 92, ""task_id"": 6}, {""client_id"": 95, ""task_id"": 7}, {""client_id"": 64, ""task_id"": 8}, {""client_id"": 96, ""task_id"": 9}]","[19800589, 19801586, 19802583, 19803580, 19804577, 19805574, 19806571, 19807568, 19808565, 19809562]",1,0
198,FedPhoenixRG-Excess,1,69.62000274658203,11.406684799992945,0.0,"[70, 58, 24, 57, 32, 19, 43, 65, 5, 88]","[{""client_id"": 70, ""task_id"": 0}, {""client_id"": 58, ""task_id"": 1}, {""client_id"": 24, ""task_id"": 2}, {""client_id"": 57, ""task_id"": 3}, {""client_id"": 32, ""task_id"": 4}, {""client_id"": 19, ""task_id"": 5}, {""client_id"": 43, ""task_id"": 6}, {""client_id"": 65, ""task_id"": 7}, {""client_id"": 5, ""task_id"": 8}, {""client_id"": 88, ""task_id"": 9}]","[19900592, 19901589, 19902586, 19903583, 19904580, 19905577, 19906574, 19907571, 19908568, 19909565]",1,0
199,FedPhoenixRG-Excess,1,62.72999954223633,9.185480699990876,0.0,"[61, 75, 68, 2, 6, 26, 1, 56, 78, 74]","[{""client_id"": 61, ""task_id"": 0}, {""client_id"": 75, ""task_id"": 1}, {""client_id"": 68, ""task_id"": 2}, {""client_id"": 2, ""task_id"": 3}, {""client_id"": 6, ""task_id"": 4}, {""client_id"": 26, ""task_id"": 5}, {""client_id"": 1, ""task_id"": 6}, {""client_id"": 56, ""task_id"": 7}, {""client_id"": 78, ""task_id"": 8}, {""client_id"": 74, ""task_id"": 9}]","[20000595, 20001592, 20002589, 20003586, 20004583, 20005580, 20006577, 20007574, 20008571, 20009568]",1,0
200,FedPhoenixRG-Excess,1,58.15999984741211,8.738239000027534,0.0,"[8, 57, 22, 90, 46, 9, 56, 99, 89, 4]","[{""client_id"": 8, ""task_id"": 0}, {""client_id"": 57, ""task_id"": 1}, {""client_id"": 22, ""task_id"": 2}, {""client_id"": 90, ""task_id"": 3}, {""client_id"": 46, ""task_id"": 4}, {""client_id"": 9, ""task_id"": 5}, {""client_id"": 56, ""task_id"": 6}, {""client_id"": 99, ""task_id"": 7}, {""client_id"": 89, ""task_id"": 8}, {""client_id"": 4, ""task_id"": 9}]","[20100598, 20101595, 20102592, 20103589, 20104586, 20105583, 20106580, 20107577, 20108574, 20109571]",1,1
201,FedPhoenixRG-Excess,1,69.5999984741211,9.702664299984463,0.0,"[83, 41, 69, 7, 63, 51, 78, 89, 43, 81]","[{""client_id"": 83, ""task_id"": 0}, {""client_id"": 41, ""task_id"": 1}, {""client_id"": 69, ""task_id"": 2}, {""client_id"": 7, ""task_id"": 3}, {""client_id"": 63, ""task_id"": 4}, {""client_id"": 51, ""task_id"": 5}, {""client_id"": 78, ""task_id"": 6}, {""client_id"": 89, ""task_id"": 7}, {""client_id"": 43, ""task_id"": 8}, {""client_id"": 81, ""task_id"": 9}]","[20200601, 20201598, 20202595, 20203592, 20204589, 20205586, 20206583, 20207580, 20208577, 20209574]",1,0
202,FedPhoenixRG-Excess,1,72.5199966430664,9.475901299971156,0.0,"[74, 76, 14, 98, 73, 37, 94, 68, 39, 11]","[{""client_id"": 74, ""task_id"": 0}, {""client_id"": 76, ""task_id"": 1}, {""client_id"": 14, ""task_id"": 2}, {""client_id"": 98, ""task_id"": 3}, {""client_id"": 73, ""task_id"": 4}, {""client_id"": 37, ""task_id"": 5}, {""client_id"": 94, ""task_id"": 6}, {""client_id"": 68, ""task_id"": 7}, {""client_id"": 39, ""task_id"": 8}, {""client_id"": 11, ""task_id"": 9}]","[20300604, 20301601, 20302598, 20303595, 20304592, 20305589, 20306586, 20307583, 20308580, 20309577]",1,0
203,FedPhoenixRG-Excess,1,61.369998931884766,8.349846999975853,0.0,"[38, 78, 17, 56, 90, 34, 42, 0, 1, 12]","[{""client_id"": 38, ""task_id"": 0}, {""client_id"": 78, ""task_id"": 1}, {""client_id"": 17, ""task_id"": 2}, {""client_id"": 56, ""task_id"": 3}, {""client_id"": 90, ""task_id"": 4}, {""client_id"": 34, ""task_id"": 5}, {""client_id"": 42, ""task_id"": 6}, {""client_id"": 0, ""task_id"": 7}, {""client_id"": 1, ""task_id"": 8}, {""client_id"": 12, ""task_id"": 9}]","[20400607, 20401604, 20402601, 20403598, 20404595, 20405592, 20406589, 20407586, 20408583, 20409580]",1,0
204,FedPhoenixRG-Excess,1,74.4000015258789,10.704640800016932,0.0,"[45, 36, 95, 8, 99, 75, 93, 4, 24, 58]","[{""client_id"": 45, ""task_id"": 0}, {""client_id"": 36, ""task_id"": 1}, {""client_id"": 95, ""task_id"": 2}, {""client_id"": 8, ""task_id"": 3}, {""client_id"": 99, ""task_id"": 4}, {""client_id"": 75, ""task_id"": 5}, {""client_id"": 93, ""task_id"": 6}, {""client_id"": 4, ""task_id"": 7}, {""client_id"": 24, ""task_id"": 8}, {""client_id"": 58, ""task_id"": 9}]","[20500610, 20501607, 20502604, 20503601, 20504598, 20505595, 20506592, 20507589, 20508586, 20509583]",1,0
205,FedPhoenixRG-Excess,1,72.30000305175781,10.813199100026395,0.0,"[66, 46, 89, 23, 4, 97, 78, 26, 79, 52]","[{""client_id"": 66, ""task_id"": 0}, {""client_id"": 46, ""task_id"": 1}, {""client_id"": 89, ""task_id"": 2}, {""client_id"": 23, ""task_id"": 3}, {""client_id"": 4, ""task_id"": 4}, {""client_id"": 97, ""task_id"": 5}, {""client_id"": 78, ""task_id"": 6}, {""client_id"": 26, ""task_id"": 7}, {""client_id"": 79, ""task_id"": 8}, {""client_id"": 52, ""task_id"": 9}]","[20600613, 20601610, 20602607, 20603604, 20604601, 20605598, 20606595, 20607592, 20608589, 20609586]",1,0
206,FedPhoenixRG-Excess,1,75.91999816894531,12.23388299997896,0.0,"[71, 79, 23, 7, 97, 86, 72, 57, 70, 64]","[{""client_id"": 71, ""task_id"": 0}, {""client_id"": 79, ""task_id"": 1}, {""client_id"": 23, ""task_id"": 2}, {""client_id"": 7, ""task_id"": 3}, {""client_id"": 97, ""task_id"": 4}, {""client_id"": 86, ""task_id"": 5}, {""client_id"": 72, ""task_id"": 6}, {""client_id"": 57, ""task_id"": 7}, {""client_id"": 70, ""task_id"": 8}, {""client_id"": 64, ""task_id"": 9}]","[20700616, 20701613, 20702610, 20703607, 20704604, 20705601, 20706598, 20707595, 20708592, 20709589]",1,0
207,FedPhoenixRG-Excess,1,74.48999786376953,9.22752799995942,0.0,"[55, 14, 21, 43, 5, 30, 35, 15, 28, 34]","[{""client_id"": 55, ""task_id"": 0}, {""client_id"": 14, ""task_id"": 1}, {""client_id"": 21, ""task_id"": 2}, {""client_id"": 43, ""task_id"": 3}, {""client_id"": 5, ""task_id"": 4}, {""client_id"": 30, ""task_id"": 5}, {""client_id"": 35, ""task_id"": 6}, {""client_id"": 15, ""task_id"": 7}, {""client_id"": 28, ""task_id"": 8}, {""client_id"": 34, ""task_id"": 9}]","[20800619, 20801616, 20802613, 20803610, 20804607, 20805604, 20806601, 20807598, 20808595, 20809592]",1,0
208,FedPhoenixRG-Excess,1,73.13999938964844,9.24275309999939,0.0,"[54, 51, 22, 85, 73, 90, 4, 69, 75, 6]","[{""client_id"": 54, ""task_id"": 0}, {""client_id"": 51, ""task_id"": 1}, {""client_id"": 22, ""task_id"": 2}, {""client_id"": 85, ""task_id"": 3}, {""client_id"": 73, ""task_id"": 4}, {""client_id"": 90, ""task_id"": 5}, {""client_id"": 4, ""task_id"": 6}, {""client_id"": 69, ""task_id"": 7}, {""client_id"": 75, ""task_id"": 8}, {""client_id"": 6, ""task_id"": 9}]","[20900622, 20901619, 20902616, 20903613, 20904610, 20905607, 20906604, 20907601, 20908598, 20909595]",1,0
209,FedPhoenixRG-Excess,1,72.56999969482422,10.108120399992913,0.0,"[78, 98, 48, 28, 76, 96, 97, 69, 66, 65]","[{""client_id"": 78, ""task_id"": 0}, {""client_id"": 98, ""task_id"": 1}, {""client_id"": 48, ""task_id"": 2}, {""client_id"": 28, ""task_id"": 3}, {""client_id"": 76, ""task_id"": 4}, {""client_id"": 96, ""task_id"": 5}, {""client_id"": 97, ""task_id"": 6}, {""client_id"": 69, ""task_id"": 7}, {""client_id"": 66, ""task_id"": 8}, {""client_id"": 65, ""task_id"": 9}]","[21000625, 21001622, 21002619, 21003616, 21004613, 21005610, 21006607, 21007604, 21008601, 21009598]",1,0
210,FedPhoenixRG-Excess,1,73.87000274658203,9.151702300005127,0.0,"[52, 54, 70, 39, 89, 14, 77, 74, 15, 88]","[{""client_id"": 52, ""task_id"": 0}, {""client_id"": 54, ""task_id"": 1}, {""client_id"": 70, ""task_id"": 2}, {""client_id"": 39, ""task_id"": 3}, {""client_id"": 89, ""task_id"": 4}, {""client_id"": 14, ""task_id"": 5}, {""client_id"": 77, ""task_id"": 6}, {""client_id"": 74, ""task_id"": 7}, {""client_id"": 15, ""task_id"": 8}, {""client_id"": 88, ""task_id"": 9}]","[21100628, 21101625, 21102622, 21103619, 21104616, 21105613, 21106610, 21107607, 21108604, 21109601]",1,0
211,FedPhoenixRG-Excess,1,68.37999725341797,11.400384400039911,0.0,"[58, 12, 87, 84, 91, 62, 82, 57, 6, 21]","[{""client_id"": 58, ""task_id"": 0}, {""client_id"": 12, ""task_id"": 1}, {""client_id"": 87, ""task_id"": 2}, {""client_id"": 84, ""task_id"": 3}, {""client_id"": 91, ""task_id"": 4}, {""client_id"": 62, ""task_id"": 5}, {""client_id"": 82, ""task_id"": 6}, {""client_id"": 57, ""task_id"": 7}, {""client_id"": 6, ""task_id"": 8}, {""client_id"": 21, ""task_id"": 9}]","[21200631, 21201628, 21202625, 21203622, 21204619, 21205616, 21206613, 21207610, 21208607, 21209604]",1,0
212,FedPhoenixRG-Excess,1,76.87000274658203,10.573151800024789,0.0,"[59, 99, 54, 55, 14, 63, 7, 88, 91, 52]","[{""client_id"": 59, ""task_id"": 0}, {""client_id"": 99, ""task_id"": 1}, {""client_id"": 54, ""task_id"": 2}, {""client_id"": 55, ""task_id"": 3}, {""client_id"": 14, ""task_id"": 4}, {""client_id"": 63, ""task_id"": 5}, {""client_id"": 7, ""task_id"": 6}, {""client_id"": 88, ""task_id"": 7}, {""client_id"": 91, ""task_id"": 8}, {""client_id"": 52, ""task_id"": 9}]","[21300634, 21301631, 21302628, 21303625, 21304622, 21305619, 21306616, 21307613, 21308610, 21309607]",1,0
213,FedPhoenixRG-Excess,1,71.47000122070312,9.323570200009272,0.0,"[44, 73, 39, 28, 18, 92, 52, 79, 54, 77]","[{""client_id"": 44, ""task_id"": 0}, {""client_id"": 73, ""task_id"": 1}, {""client_id"": 39, ""task_id"": 2}, {""client_id"": 28, ""task_id"": 3}, {""client_id"": 18, ""task_id"": 4}, {""client_id"": 92, ""task_id"": 5}, {""client_id"": 52, ""task_id"": 6}, {""client_id"": 79, ""task_id"": 7}, {""client_id"": 54, ""task_id"": 8}, {""client_id"": 77, ""task_id"": 9}]","[21400637, 21401634, 21402631, 21403628, 21404625, 21405622, 21406619, 21407616, 21408613, 21409610]",1,0
214,FedPhoenixRG-Excess,1,75.76000213623047,9.278422800009139,0.0,"[59, 70, 54, 27, 89, 21, 42, 25, 60, 49]","[{""client_id"": 59, ""task_id"": 0}, {""client_id"": 70, ""task_id"": 1}, {""client_id"": 54, ""task_id"": 2}, {""client_id"": 27, ""task_id"": 3}, {""client_id"": 89, ""task_id"": 4}, {""client_id"": 21, ""task_id"": 5}, {""client_id"": 42, ""task_id"": 6}, {""client_id"": 25, ""task_id"": 7}, {""client_id"": 60, ""task_id"": 8}, {""client_id"": 49, ""task_id"": 9}]","[21500640, 21501637, 21502634, 21503631, 21504628, 21505625, 21506622, 21507619, 21508616, 21509613]",1,0
215,FedPhoenixRG-Excess,1,73.7699966430664,9.315528299950529,0.0,"[2, 56, 59, 80, 62, 19, 42, 33, 72, 35]","[{""client_id"": 2, ""task_id"": 0}, {""client_id"": 56, ""task_id"": 1}, {""client_id"": 59, ""task_id"": 2}, {""client_id"": 80, ""task_id"": 3}, {""client_id"": 62, ""task_id"": 4}, {""client_id"": 19, ""task_id"": 5}, {""client_id"": 42, ""task_id"": 6}, {""client_id"": 33, ""task_id"": 7}, {""client_id"": 72, ""task_id"": 8}, {""client_id"": 35, ""task_id"": 9}]","[21600643, 21601640, 21602637, 21603634, 21604631, 21605628, 21606625, 21607622, 21608619, 21609616]",1,0
216,FedPhoenixRG-Excess,1,73.7300033569336,9.53257229999872,0.0,"[53, 17, 11, 78, 66, 39, 94, 4, 47, 90]","[{""client_id"": 53, ""task_id"": 0}, {""client_id"": 17, ""task_id"": 1}, {""client_id"": 11, ""task_id"": 2}, {""client_id"": 78, ""task_id"": 3}, {""client_id"": 66, ""task_id"": 4}, {""client_id"": 39, ""task_id"": 5}, {""client_id"": 94, ""task_id"": 6}, {""client_id"": 4, ""task_id"": 7}, {""client_id"": 47, ""task_id"": 8}, {""client_id"": 90, ""task_id"": 9}]","[21700646, 21701643, 21702640, 21703637, 21704634, 21705631, 21706628, 21707625, 21708622, 21709619]",1,0
217,FedPhoenixRG-Excess,1,63.90999984741211,7.703514399996493,0.0,"[48, 51, 34, 78, 92, 54, 96, 84, 88, 74]","[{""client_id"": 48, ""task_id"": 0}, {""client_id"": 51, ""task_id"": 1}, {""client_id"": 34, ""task_id"": 2}, {""client_id"": 78, ""task_id"": 3}, {""client_id"": 92, ""task_id"": 4}, {""client_id"": 54, ""task_id"": 5}, {""client_id"": 96, ""task_id"": 6}, {""client_id"": 84, ""task_id"": 7}, {""client_id"": 88, ""task_id"": 8}, {""client_id"": 74, ""task_id"": 9}]","[21800649, 21801646, 21802643, 21803640, 21804637, 21805634, 21806631, 21807628, 21808625, 21809622]",1,0
218,FedPhoenixRG-Excess,1,78.20999908447266,9.943738400004804,0.0,"[15, 25, 50, 89, 72, 20, 85, 47, 1, 3]","[{""client_id"": 15, ""task_id"": 0}, {""client_id"": 25, ""task_id"": 1}, {""client_id"": 50, ""task_id"": 2}, {""client_id"": 89, ""task_id"": 3}, {""client_id"": 72, ""task_id"": 4}, {""client_id"": 20, ""task_id"": 5}, {""client_id"": 85, ""task_id"": 6}, {""client_id"": 47, ""task_id"": 7}, {""client_id"": 1, ""task_id"": 8}, {""client_id"": 3, ""task_id"": 9}]","[21900652, 21901649, 21902646, 21903643, 21904640, 21905637, 21906634, 21907631, 21908628, 21909625]",1,0
219,FedPhoenixRG-Excess,1,69.58000183105469,9.549659000011161,0.0,"[91, 39, 11, 12, 93, 64, 30, 79, 29, 49]","[{""client_id"": 91, ""task_id"": 0}, {""client_id"": 39, ""task_id"": 1}, {""client_id"": 11, ""task_id"": 2}, {""client_id"": 12, ""task_id"": 3}, {""client_id"": 93, ""task_id"": 4}, {""client_id"": 64, ""task_id"": 5}, {""client_id"": 30, ""task_id"": 6}, {""client_id"": 79, ""task_id"": 7}, {""client_id"": 29, ""task_id"": 8}, {""client_id"": 49, ""task_id"": 9}]","[22000655, 22001652, 22002649, 22003646, 22004643, 22005640, 22006637, 22007634, 22008631, 22009628]",1,0
220,FedPhoenixRG-Excess,1,69.37000274658203,10.515266000002157,0.0,"[21, 88, 95, 65, 60, 8, 46, 31, 63, 72]","[{""client_id"": 21, ""task_id"": 0}, {""client_id"": 88, ""task_id"": 1}, {""client_id"": 95, ""task_id"": 2}, {""client_id"": 65, ""task_id"": 3}, {""client_id"": 60, ""task_id"": 4}, {""client_id"": 8, ""task_id"": 5}, {""client_id"": 46, ""task_id"": 6}, {""client_id"": 31, ""task_id"": 7}, {""client_id"": 63, ""task_id"": 8}, {""client_id"": 72, ""task_id"": 9}]","[22100658, 22101655, 22102652, 22103649, 22104646, 22105643, 22106640, 22107637, 22108634, 22109631]",1,1
221,FedPhoenixRG-Excess,1,74.70999908447266,9.884459600027185,0.0,"[96, 63, 58, 77, 95, 23, 61, 29, 91, 59]","[{""client_id"": 96, ""task_id"": 0}, {""client_id"": 63, ""task_id"": 1}, {""client_id"": 58, ""task_id"": 2}, {""client_id"": 77, ""task_id"": 3}, {""client_id"": 95, ""task_id"": 4}, {""client_id"": 23, ""task_id"": 5}, {""client_id"": 61, ""task_id"": 6}, {""client_id"": 29, ""task_id"": 7}, {""client_id"": 91, ""task_id"": 8}, {""client_id"": 59, ""task_id"": 9}]","[22200661, 22201658, 22202655, 22203652, 22204649, 22205646, 22206643, 22207640, 22208637, 22209634]",1,0
222,FedPhoenixRG-Excess,1,68.88999938964844,9.238144200004172,0.0,"[8, 69, 44, 89, 49, 36, 77, 19, 92, 72]","[{""client_id"": 8, ""task_id"": 0}, {""client_id"": 69, ""task_id"": 1}, {""client_id"": 44, ""task_id"": 2}, {""client_id"": 89, ""task_id"": 3}, {""client_id"": 49, ""task_id"": 4}, {""client_id"": 36, ""task_id"": 5}, {""client_id"": 77, ""task_id"": 6}, {""client_id"": 19, ""task_id"": 7}, {""client_id"": 92, ""task_id"": 8}, {""client_id"": 72, ""task_id"": 9}]","[22300664, 22301661, 22302658, 22303655, 22304652, 22305649, 22306646, 22307643, 22308640, 22309637]",1,0
223,FedPhoenixRG-Excess,1,76.12999725341797,8.48009720002301,0.0,"[47, 49, 1, 80, 27, 9, 83, 72, 76, 92]","[{""client_id"": 47, ""task_id"": 0}, {""client_id"": 49, ""task_id"": 1}, {""client_id"": 1, ""task_id"": 2}, {""client_id"": 80, ""task_id"": 3}, {""client_id"": 27, ""task_id"": 4}, {""client_id"": 9, ""task_id"": 5}, {""client_id"": 83, ""task_id"": 6}, {""client_id"": 72, ""task_id"": 7}, {""client_id"": 76, ""task_id"": 8}, {""client_id"": 92, ""task_id"": 9}]","[22400667, 22401664, 22402661, 22403658, 22404655, 22405652, 22406649, 22407646, 22408643, 22409640]",1,0
224,FedPhoenixRG-Excess,1,76.9800033569336,10.392194200016093,0.0,"[10, 57, 54, 1, 80, 76, 56, 39, 14, 20]","[{""client_id"": 10, ""task_id"": 0}, {""client_id"": 57, ""task_id"": 1}, {""client_id"": 54, ""task_id"": 2}, {""client_id"": 1, ""task_id"": 3}, {""client_id"": 80, ""task_id"": 4}, {""client_id"": 76, ""task_id"": 5}, {""client_id"": 56, ""task_id"": 6}, {""client_id"": 39, ""task_id"": 7}, {""client_id"": 14, ""task_id"": 8}, {""client_id"": 20, ""task_id"": 9}]","[22500670, 22501667, 22502664, 22503661, 22504658, 22505655, 22506652, 22507649, 22508646, 22509643]",1,0
225,FedPhoenixRG-Excess,1,74.7699966430664,10.46140229998855,0.0,"[6, 62, 31, 90, 3, 51, 24, 91, 23, 55]","[{""client_id"": 6, ""task_id"": 0}, {""client_id"": 62, ""task_id"": 1}, {""client_id"": 31, ""task_id"": 2}, {""client_id"": 90, ""task_id"": 3}, {""client_id"": 3, ""task_id"": 4}, {""client_id"": 51, ""task_id"": 5}, {""client_id"": 24, ""task_id"": 6}, {""client_id"": 91, ""task_id"": 7}, {""client_id"": 23, ""task_id"": 8}, {""client_id"": 55, ""task_id"": 9}]","[22600673, 22601670, 22602667, 22603664, 22604661, 22605658, 22606655, 22607652, 22608649, 22609646]",1,0
226,FedPhoenixRG-Excess,1,67.05000305175781,10.19553150003776,0.0,"[98, 18, 78, 89, 27, 80, 33, 86, 88, 15]","[{""client_id"": 98, ""task_id"": 0}, {""client_id"": 18, ""task_id"": 1}, {""client_id"": 78, ""task_id"": 2}, {""client_id"": 89, ""task_id"": 3}, {""client_id"": 27, ""task_id"": 4}, {""client_id"": 80, ""task_id"": 5}, {""client_id"": 33, ""task_id"": 6}, {""client_id"": 86, ""task_id"": 7}, {""client_id"": 88, ""task_id"": 8}, {""client_id"": 15, ""task_id"": 9}]","[22700676, 22701673, 22702670, 22703667, 22704664, 22705661, 22706658, 22707655, 22708652, 22709649]",1,0
227,FedPhoenixRG-Excess,1,74.23999786376953,10.91409079998266,0.0,"[85, 12, 59, 60, 73, 80, 0, 10, 23, 13]","[{""client_id"": 85, ""task_id"": 0}, {""client_id"": 12, ""task_id"": 1}, {""client_id"": 59, ""task_id"": 2}, {""client_id"": 60, ""task_id"": 3}, {""client_id"": 73, ""task_id"": 4}, {""client_id"": 80, ""task_id"": 5}, {""client_id"": 0, ""task_id"": 6}, {""client_id"": 10, ""task_id"": 7}, {""client_id"": 23, ""task_id"": 8}, {""client_id"": 13, ""task_id"": 9}]","[22800679, 22801676, 22802673, 22803670, 22804667, 22805664, 22806661, 22807658, 22808655, 22809652]",1,0
228,FedPhoenixRG-Excess,1,68.80000305175781,8.35973169998033,0.0,"[35, 46, 54, 87, 84, 51, 27, 95, 21, 61]","[{""client_id"": 35, ""task_id"": 0}, {""client_id"": 46, ""task_id"": 1}, {""client_id"": 54, ""task_id"": 2}, {""client_id"": 87, ""task_id"": 3}, {""client_id"": 84, ""task_id"": 4}, {""client_id"": 51, ""task_id"": 5}, {""client_id"": 27, ""task_id"": 6}, {""client_id"": 95, ""task_id"": 7}, {""client_id"": 21, ""task_id"": 8}, {""client_id"": 61, ""task_id"": 9}]","[22900682, 22901679, 22902676, 22903673, 22904670, 22905667, 22906664, 22907661, 22908658, 22909655]",1,0
229,FedPhoenixRG-Excess,1,72.2699966430664,7.927586299949326,0.0,"[64, 6, 96, 98, 27, 71, 18, 3, 1, 95]","[{""client_id"": 64, ""task_id"": 0}, {""client_id"": 6, ""task_id"": 1}, {""client_id"": 96, ""task_id"": 2}, {""client_id"": 98, ""task_id"": 3}, {""client_id"": 27, ""task_id"": 4}, {""client_id"": 71, ""task_id"": 5}, {""client_id"": 18, ""task_id"": 6}, {""client_id"": 3, ""task_id"": 7}, {""client_id"": 1, ""task_id"": 8}, {""client_id"": 95, ""task_id"": 9}]","[23000685, 23001682, 23002679, 23003676, 23004673, 23005670, 23006667, 23007664, 23008661, 23009658]",1,0
230,FedPhoenixRG-Excess,1,77.5199966430664,9.175399700005073,0.0,"[88, 90, 96, 35, 69, 11, 60, 48, 23, 42]","[{""client_id"": 88, ""task_id"": 0}, {""client_id"": 90, ""task_id"": 1}, {""client_id"": 96, ""task_id"": 2}, {""client_id"": 35, ""task_id"": 3}, {""client_id"": 69, ""task_id"": 4}, {""client_id"": 11, ""task_id"": 5}, {""client_id"": 60, ""task_id"": 6}, {""client_id"": 48, ""task_id"": 7}, {""client_id"": 23, ""task_id"": 8}, {""client_id"": 42, ""task_id"": 9}]","[23100688, 23101685, 23102682, 23103679, 23104676, 23105673, 23106670, 23107667, 23108664, 23109661]",1,0
231,FedPhoenixRG-Excess,1,72.62999725341797,8.648699199955445,0.0,"[98, 88, 43, 57, 48, 99, 63, 53, 94, 55]","[{""client_id"": 98, ""task_id"": 0}, {""client_id"": 88, ""task_id"": 1}, {""client_id"": 43, ""task_id"": 2}, {""client_id"": 57, ""task_id"": 3}, {""client_id"": 48, ""task_id"": 4}, {""client_id"": 99, ""task_id"": 5}, {""client_id"": 63, ""task_id"": 6}, {""client_id"": 53, ""task_id"": 7}, {""client_id"": 94, ""task_id"": 8}, {""client_id"": 55, ""task_id"": 9}]","[23200691, 23201688, 23202685, 23203682, 23204679, 23205676, 23206673, 23207670, 23208667, 23209664]",1,0
232,FedPhoenixRG-Excess,1,76.83999633789062,9.879628599970601,0.0,"[96, 75, 74, 76, 39, 80, 34, 12, 60, 20]","[{""client_id"": 96, ""task_id"": 0}, {""client_id"": 75, ""task_id"": 1}, {""client_id"": 74, ""task_id"": 2}, {""client_id"": 76, ""task_id"": 3}, {""client_id"": 39, ""task_id"": 4}, {""client_id"": 80, ""task_id"": 5}, {""client_id"": 34, ""task_id"": 6}, {""client_id"": 12, ""task_id"": 7}, {""client_id"": 60, ""task_id"": 8}, {""client_id"": 20, ""task_id"": 9}]","[23300694, 23301691, 23302688, 23303685, 23304682, 23305679, 23306676, 23307673, 23308670, 23309667]",1,0
233,FedPhoenixRG-Excess,1,71.80999755859375,9.062449200020637,0.0,"[20, 47, 38, 59, 64, 82, 60, 45, 63, 85]","[{""client_id"": 20, ""task_id"": 0}, {""client_id"": 47, ""task_id"": 1}, {""client_id"": 38, ""task_id"": 2}, {""client_id"": 59, ""task_id"": 3}, {""client_id"": 64, ""task_id"": 4}, {""client_id"": 82, ""task_id"": 5}, {""client_id"": 60, ""task_id"": 6}, {""client_id"": 45, ""task_id"": 7}, {""client_id"": 63, ""task_id"": 8}, {""client_id"": 85, ""task_id"": 9}]","[23400697, 23401694, 23402691, 23403688, 23404685, 23405682, 23406679, 23407676, 23408673, 23409670]",1,0
234,FedPhoenixRG-Excess,1,54.2400016784668,8.777963500004262,0.0,"[32, 6, 51, 4, 8, 22, 72, 86, 55, 12]","[{""client_id"": 32, ""task_id"": 0}, {""client_id"": 6, ""task_id"": 1}, {""client_id"": 51, ""task_id"": 2}, {""client_id"": 4, ""task_id"": 3}, {""client_id"": 8, ""task_id"": 4}, {""client_id"": 22, ""task_id"": 5}, {""client_id"": 72, ""task_id"": 6}, {""client_id"": 86, ""task_id"": 7}, {""client_id"": 55, ""task_id"": 8}, {""client_id"": 12, ""task_id"": 9}]","[23500700, 23501697, 23502694, 23503691, 23504688, 23505685, 23506682, 23507679, 23508676, 23509673]",1,0
235,FedPhoenixRG-Excess,1,60.959999084472656,9.423444400017615,0.0,"[45, 71, 84, 65, 61, 83, 87, 53, 77, 51]","[{""client_id"": 45, ""task_id"": 0}, {""client_id"": 71, ""task_id"": 1}, {""client_id"": 84, ""task_id"": 2}, {""client_id"": 65, ""task_id"": 3}, {""client_id"": 61, ""task_id"": 4}, {""client_id"": 83, ""task_id"": 5}, {""client_id"": 87, ""task_id"": 6}, {""client_id"": 53, ""task_id"": 7}, {""client_id"": 77, ""task_id"": 8}, {""client_id"": 51, ""task_id"": 9}]","[23600703, 23601700, 23602697, 23603694, 23604691, 23605688, 23606685, 23607682, 23608679, 23609676]",1,0
236,FedPhoenixRG-Excess,1,77.43000030517578,9.46839260001434,0.0,"[13, 71, 56, 63, 49, 44, 85, 76, 50, 93]","[{""client_id"": 13, ""task_id"": 0}, {""client_id"": 71, ""task_id"": 1}, {""client_id"": 56, ""task_id"": 2}, {""client_id"": 63, ""task_id"": 3}, {""client_id"": 49, ""task_id"": 4}, {""client_id"": 44, ""task_id"": 5}, {""client_id"": 85, ""task_id"": 6}, {""client_id"": 76, ""task_id"": 7}, {""client_id"": 50, ""task_id"": 8}, {""client_id"": 93, ""task_id"": 9}]","[23700706, 23701703, 23702700, 23703697, 23704694, 23705691, 23706688, 23707685, 23708682, 23709679]",1,0
237,FedPhoenixRG-Excess,1,69.16999816894531,8.551150600018445,0.0,"[45, 52, 95, 68, 64, 15, 29, 54, 43, 93]","[{""client_id"": 45, ""task_id"": 0}, {""client_id"": 52, ""task_id"": 1}, {""client_id"": 95, ""task_id"": 2}, {""client_id"": 68, ""task_id"": 3}, {""client_id"": 64, ""task_id"": 4}, {""client_id"": 15, ""task_id"": 5}, {""client_id"": 29, ""task_id"": 6}, {""client_id"": 54, ""task_id"": 7}, {""client_id"": 43, ""task_id"": 8}, {""client_id"": 93, ""task_id"": 9}]","[23800709, 23801706, 23802703, 23803700, 23804697, 23805694, 23806691, 23807688, 23808685, 23809682]",1,0
238,FedPhoenixRG-Excess,1,70.66000366210938,9.450407800031826,0.0,"[58, 70, 25, 56, 87, 27, 94, 1, 74, 44]","[{""client_id"": 58, ""task_id"": 0}, {""client_id"": 70, ""task_id"": 1}, {""client_id"": 25, ""task_id"": 2}, {""client_id"": 56, ""task_id"": 3}, {""client_id"": 87, ""task_id"": 4}, {""client_id"": 27, ""task_id"": 5}, {""client_id"": 94, ""task_id"": 6}, {""client_id"": 1, ""task_id"": 7}, {""client_id"": 74, ""task_id"": 8}, {""client_id"": 44, ""task_id"": 9}]","[23900712, 23901709, 23902706, 23903703, 23904700, 23905697, 23906694, 23907691, 23908688, 23909685]",1,0
239,FedPhoenixRG-Excess,1,75.81999969482422,10.922153300023638,0.0,"[2, 7, 31, 45, 81, 62, 23, 97, 18, 27]","[{""client_id"": 2, ""task_id"": 0}, {""client_id"": 7, ""task_id"": 1}, {""client_id"": 31, ""task_id"": 2}, {""client_id"": 45, ""task_id"": 3}, {""client_id"": 81, ""task_id"": 4}, {""client_id"": 62, ""task_id"": 5}, {""client_id"": 23, ""task_id"": 6}, {""client_id"": 97, ""task_id"": 7}, {""client_id"": 18, ""task_id"": 8}, {""client_id"": 27, ""task_id"": 9}]","[24000715, 24001712, 24002709, 24003706, 24004703, 24005700, 24006697, 24007694, 24008691, 24009688]",1,0
240,FedPhoenixRG-Excess,1,65.43000030517578,10.303306600020733,0.0,"[25, 13, 40, 64, 52, 44, 22, 48, 3, 46]","[{""client_id"": 25, ""task_id"": 0}, {""client_id"": 13, ""task_id"": 1}, {""client_id"": 40, ""task_id"": 2}, {""client_id"": 64, ""task_id"": 3}, {""client_id"": 52, ""task_id"": 4}, {""client_id"": 44, ""task_id"": 5}, {""client_id"": 22, ""task_id"": 6}, {""client_id"": 48, ""task_id"": 7}, {""client_id"": 3, ""task_id"": 8}, {""client_id"": 46, ""task_id"": 9}]","[24100718, 24101715, 24102712, 24103709, 24104706, 24105703, 24106700, 24107697, 24108694, 24109691]",1,1
241,FedPhoenixRG-Excess,1,74.63999938964844,7.930101000005379,0.0,"[84, 9, 72, 56, 13, 98, 21, 79, 71, 32]","[{""client_id"": 84, ""task_id"": 0}, {""client_id"": 9, ""task_id"": 1}, {""client_id"": 72, ""task_id"": 2}, {""client_id"": 56, ""task_id"": 3}, {""client_id"": 13, ""task_id"": 4}, {""client_id"": 98, ""task_id"": 5}, {""client_id"": 21, ""task_id"": 6}, {""client_id"": 79, ""task_id"": 7}, {""client_id"": 71, ""task_id"": 8}, {""client_id"": 32, ""task_id"": 9}]","[24200721, 24201718, 24202715, 24203712, 24204709, 24205706, 24206703, 24207700, 24208697, 24209694]",1,0
242,FedPhoenixRG-Excess,1,75.27999877929688,10.922184900031425,0.0,"[32, 2, 36, 91, 58, 81, 87, 68, 25, 5]","[{""client_id"": 32, ""task_id"": 0}, {""client_id"": 2, ""task_id"": 1}, {""client_id"": 36, ""task_id"": 2}, {""client_id"": 91, ""task_id"": 3}, {""client_id"": 58, ""task_id"": 4}, {""client_id"": 81, ""task_id"": 5}, {""client_id"": 87, ""task_id"": 6}, {""client_id"": 68, ""task_id"": 7}, {""client_id"": 25, ""task_id"": 8}, {""client_id"": 5, ""task_id"": 9}]","[24300724, 24301721, 24302718, 24303715, 24304712, 24305709, 24306706, 24307703, 24308700, 24309697]",1,0
243,FedPhoenixRG-Excess,1,74.33000183105469,9.90030870004557,0.0,"[25, 41, 74, 21, 97, 69, 4, 17, 3, 88]","[{""client_id"": 25, ""task_id"": 0}, {""client_id"": 41, ""task_id"": 1}, {""client_id"": 74, ""task_id"": 2}, {""client_id"": 21, ""task_id"": 3}, {""client_id"": 97, ""task_id"": 4}, {""client_id"": 69, ""task_id"": 5}, {""client_id"": 4, ""task_id"": 6}, {""client_id"": 17, ""task_id"": 7}, {""client_id"": 3, ""task_id"": 8}, {""client_id"": 88, ""task_id"": 9}]","[24400727, 24401724, 24402721, 24403718, 24404715, 24405712, 24406709, 24407706, 24408703, 24409700]",1,0
244,FedPhoenixRG-Excess,1,73.51000213623047,10.559702900005504,0.0,"[80, 19, 97, 75, 60, 93, 78, 40, 32, 87]","[{""client_id"": 80, ""task_id"": 0}, {""client_id"": 19, ""task_id"": 1}, {""client_id"": 97, ""task_id"": 2}, {""client_id"": 75, ""task_id"": 3}, {""client_id"": 60, ""task_id"": 4}, {""client_id"": 93, ""task_id"": 5}, {""client_id"": 78, ""task_id"": 6}, {""client_id"": 40, ""task_id"": 7}, {""client_id"": 32, ""task_id"": 8}, {""client_id"": 87, ""task_id"": 9}]","[24500730, 24501727, 24502724, 24503721, 24504718, 24505715, 24506712, 24507709, 24508706, 24509703]",1,0
245,FedPhoenixRG-Excess,1,75.72000122070312,9.542174799949862,0.0,"[70, 59, 68, 16, 36, 72, 71, 45, 91, 56]","[{""client_id"": 70, ""task_id"": 0}, {""client_id"": 59, ""task_id"": 1}, {""client_id"": 68, ""task_id"": 2}, {""client_id"": 16, ""task_id"": 3}, {""client_id"": 36, ""task_id"": 4}, {""client_id"": 72, ""task_id"": 5}, {""client_id"": 71, ""task_id"": 6}, {""client_id"": 45, ""task_id"": 7}, {""client_id"": 91, ""task_id"": 8}, {""client_id"": 56, ""task_id"": 9}]","[24600733, 24601730, 24602727, 24603724, 24604721, 24605718, 24606715, 24607712, 24608709, 24609706]",1,0
246,FedPhoenixRG-Excess,1,75.47000122070312,7.991545800003223,0.0,"[83, 81, 9, 39, 2, 67, 66, 98, 80, 51]","[{""client_id"": 83, ""task_id"": 0}, {""client_id"": 81, ""task_id"": 1}, {""client_id"": 9, ""task_id"": 2}, {""client_id"": 39, ""task_id"": 3}, {""client_id"": 2, ""task_id"": 4}, {""client_id"": 67, ""task_id"": 5}, {""client_id"": 66, ""task_id"": 6}, {""client_id"": 98, ""task_id"": 7}, {""client_id"": 80, ""task_id"": 8}, {""client_id"": 51, ""task_id"": 9}]","[24700736, 24701733, 24702730, 24703727, 24704724, 24705721, 24706718, 24707715, 24708712, 24709709]",1,0
247,FedPhoenixRG-Excess,1,55.150001525878906,7.710203599999659,0.0,"[43, 64, 42, 4, 78, 0, 39, 57, 37, 98]","[{""client_id"": 43, ""task_id"": 0}, {""client_id"": 64, ""task_id"": 1}, {""client_id"": 42, ""task_id"": 2}, {""client_id"": 4, ""task_id"": 3}, {""client_id"": 78, ""task_id"": 4}, {""client_id"": 0, ""task_id"": 5}, {""client_id"": 39, ""task_id"": 6}, {""client_id"": 57, ""task_id"": 7}, {""client_id"": 37, ""task_id"": 8}, {""client_id"": 98, ""task_id"": 9}]","[24800739, 24801736, 24802733, 24803730, 24804727, 24805724, 24806721, 24807718, 24808715, 24809712]",1,0
248,FedPhoenixRG-Excess,1,72.27999877929688,11.133919799991418,0.0,"[11, 6, 16, 48, 14, 19, 68, 82, 94, 39]","[{""client_id"": 11, ""task_id"": 0}, {""client_id"": 6, ""task_id"": 1}, {""client_id"": 16, ""task_id"": 2}, {""client_id"": 48, ""task_id"": 3}, {""client_id"": 14, ""task_id"": 4}, {""client_id"": 19, ""task_id"": 5}, {""client_id"": 68, ""task_id"": 6}, {""client_id"": 82, ""task_id"": 7}, {""client_id"": 94, ""task_id"": 8}, {""client_id"": 39, ""task_id"": 9}]","[24900742, 24901739, 24902736, 24903733, 24904730, 24905727, 24906724, 24907721, 24908718, 24909715]",1,0
249,FedPhoenixRG-Excess,1,68.88999938964844,9.550127800030168,0.0,"[0, 7, 93, 77, 78, 38, 46, 99, 42, 54]","[{""client_id"": 0, ""task_id"": 0}, {""client_id"": 7, ""task_id"": 1}, {""client_id"": 93, ""task_id"": 2}, {""client_id"": 77, ""task_id"": 3}, {""client_id"": 78, ""task_id"": 4}, {""client_id"": 38, ""task_id"": 5}, {""client_id"": 46, ""task_id"": 6}, {""client_id"": 99, ""task_id"": 7}, {""client_id"": 42, ""task_id"": 8}, {""client_id"": 54, ""task_id"": 9}]","[25000745, 25001742, 25002739, 25003736, 25004733, 25005730, 25006727, 25007724, 25008721, 25009718]",1,0
250,FedPhoenixRG-Excess,1,72.81999969482422,11.926482500042766,0.0,"[36, 70, 71, 57, 63, 73, 69, 17, 48, 47]","[{""client_id"": 36, ""task_id"": 0}, {""client_id"": 70, ""task_id"": 1}, {""client_id"": 71, ""task_id"": 2}, {""client_id"": 57, ""task_id"": 3}, {""client_id"": 63, ""task_id"": 4}, {""client_id"": 73, ""task_id"": 5}, {""client_id"": 69, ""task_id"": 6}, {""client_id"": 17, ""task_id"": 7}, {""client_id"": 48, ""task_id"": 8}, {""client_id"": 47, ""task_id"": 9}]","[25100748, 25101745, 25102742, 25103739, 25104736, 25105733, 25106730, 25107727, 25108724, 25109721]",1,0
251,FedPhoenixRG-Excess,1,77.0,7.951528599951416,0.0,"[10, 42, 60, 43, 85, 48, 1, 91, 22, 26]","[{""client_id"": 10, ""task_id"": 0}, {""client_id"": 42, ""task_id"": 1}, {""client_id"": 60, ""task_id"": 2}, {""client_id"": 43, ""task_id"": 3}, {""client_id"": 85, ""task_id"": 4}, {""client_id"": 48, ""task_id"": 5}, {""client_id"": 1, ""task_id"": 6}, {""client_id"": 91, ""task_id"": 7}, {""client_id"": 22, ""task_id"": 8}, {""client_id"": 26, ""task_id"": 9}]","[25200751, 25201748, 25202745, 25203742, 25204739, 25205736, 25206733, 25207730, 25208727, 25209724]",1,0
252,FedPhoenixRG-Excess,1,71.61000061035156,10.623099299962632,0.0,"[46, 3, 23, 96, 47, 32, 52, 50, 82, 28]","[{""client_id"": 46, ""task_id"": 0}, {""client_id"": 3, ""task_id"": 1}, {""client_id"": 23, ""task_id"": 2}, {""client_id"": 96, ""task_id"": 3}, {""client_id"": 47, ""task_id"": 4}, {""client_id"": 32, ""task_id"": 5}, {""client_id"": 52, ""task_id"": 6}, {""client_id"": 50, ""task_id"": 7}, {""client_id"": 82, ""task_id"": 8}, {""client_id"": 28, ""task_id"": 9}]","[25300754, 25301751, 25302748, 25303745, 25304742, 25305739, 25306736, 25307733, 25308730, 25309727]",1,0
253,FedPhoenixRG-Excess,1,72.33000183105469,8.687426200020127,0.0,"[2, 55, 26, 94, 14, 72, 5, 50, 91, 42]","[{""client_id"": 2, ""task_id"": 0}, {""client_id"": 55, ""task_id"": 1}, {""client_id"": 26, ""task_id"": 2}, {""client_id"": 94, ""task_id"": 3}, {""client_id"": 14, ""task_id"": 4}, {""client_id"": 72, ""task_id"": 5}, {""client_id"": 5, ""task_id"": 6}, {""client_id"": 50, ""task_id"": 7}, {""client_id"": 91, ""task_id"": 8}, {""client_id"": 42, ""task_id"": 9}]","[25400757, 25401754, 25402751, 25403748, 25404745, 25405742, 25406739, 25407736, 25408733, 25409730]",1,0
254,FedPhoenixRG-Excess,1,69.12000274658203,9.753740500018466,0.0,"[75, 69, 0, 7, 53, 77, 67, 64, 62, 73]","[{""client_id"": 75, ""task_id"": 0}, {""client_id"": 69, ""task_id"": 1}, {""client_id"": 0, ""task_id"": 2}, {""client_id"": 7, ""task_id"": 3}, {""client_id"": 53, ""task_id"": 4}, {""client_id"": 77, ""task_id"": 5}, {""client_id"": 67, ""task_id"": 6}, {""client_id"": 64, ""task_id"": 7}, {""client_id"": 62, ""task_id"": 8}, {""client_id"": 73, ""task_id"": 9}]","[25500760, 25501757, 25502754, 25503751, 25504748, 25505745, 25506742, 25507739, 25508736, 25509733]",1,0
255,FedPhoenixRG-Excess,1,77.80000305175781,9.876385700015817,0.0,"[14, 27, 66, 5, 15, 75, 91, 28, 63, 62]","[{""client_id"": 14, ""task_id"": 0}, {""client_id"": 27, ""task_id"": 1}, {""client_id"": 66, ""task_id"": 2}, {""client_id"": 5, ""task_id"": 3}, {""client_id"": 15, ""task_id"": 4}, {""client_id"": 75, ""task_id"": 5}, {""client_id"": 91, ""task_id"": 6}, {""client_id"": 28, ""task_id"": 7}, {""client_id"": 63, ""task_id"": 8}, {""client_id"": 62, ""task_id"": 9}]","[25600763, 25601760, 25602757, 25603754, 25604751, 25605748, 25606745, 25607742, 25608739, 25609736]",1,0
256,FedPhoenixRG-Excess,1,69.83000183105469,9.819760599988513,0.0,"[74, 39, 76, 51, 46, 12, 95, 17, 68, 93]","[{""client_id"": 74, ""task_id"": 0}, {""client_id"": 39, ""task_id"": 1}, {""client_id"": 76, ""task_id"": 2}, {""client_id"": 51, ""task_id"": 3}, {""client_id"": 46, ""task_id"": 4}, {""client_id"": 12, ""task_id"": 5}, {""client_id"": 95, ""task_id"": 6}, {""client_id"": 17, ""task_id"": 7}, {""client_id"": 68, ""task_id"": 8}, {""client_id"": 93, ""task_id"": 9}]","[25700766, 25701763, 25702760, 25703757, 25704754, 25705751, 25706748, 25707745, 25708742, 25709739]",1,0
257,FedPhoenixRG-Excess,1,76.45999908447266,10.514473599963821,0.0,"[46, 28, 88, 96, 20, 23, 19, 15, 91, 11]","[{""client_id"": 46, ""task_id"": 0}, {""client_id"": 28, ""task_id"": 1}, {""client_id"": 88, ""task_id"": 2}, {""client_id"": 96, ""task_id"": 3}, {""client_id"": 20, ""task_id"": 4}, {""client_id"": 23, ""task_id"": 5}, {""client_id"": 19, ""task_id"": 6}, {""client_id"": 15, ""task_id"": 7}, {""client_id"": 91, ""task_id"": 8}, {""client_id"": 11, ""task_id"": 9}]","[25800769, 25801766, 25802763, 25803760, 25804757, 25805754, 25806751, 25807748, 25808745, 25809742]",1,0
258,FedPhoenixRG-Excess,1,73.3499984741211,9.885775400034618,0.0,"[18, 46, 87, 61, 79, 50, 69, 97, 72, 37]","[{""client_id"": 18, ""task_id"": 0}, {""client_id"": 46, ""task_id"": 1}, {""client_id"": 87, ""task_id"": 2}, {""client_id"": 61, ""task_id"": 3}, {""client_id"": 79, ""task_id"": 4}, {""client_id"": 50, ""task_id"": 5}, {""client_id"": 69, ""task_id"": 6}, {""client_id"": 97, ""task_id"": 7}, {""client_id"": 72, ""task_id"": 8}, {""client_id"": 37, ""task_id"": 9}]","[25900772, 25901769, 25902766, 25903763, 25904760, 25905757, 25906754, 25907751, 25908748, 25909745]",1,0
259,FedPhoenixRG-Excess,1,74.61000061035156,10.434798799979035,0.0,"[34, 57, 53, 30, 72, 9, 37, 19, 5, 14]","[{""client_id"": 34, ""task_id"": 0}, {""client_id"": 57, ""task_id"": 1}, {""client_id"": 53, ""task_id"": 2}, {""client_id"": 30, ""task_id"": 3}, {""client_id"": 72, ""task_id"": 4}, {""client_id"": 9, ""task_id"": 5}, {""client_id"": 37, ""task_id"": 6}, {""client_id"": 19, ""task_id"": 7}, {""client_id"": 5, ""task_id"": 8}, {""client_id"": 14, ""task_id"": 9}]","[26000775, 26001772, 26002769, 26003766, 26004763, 26005760, 26006757, 26007754, 26008751, 26009748]",1,0
260,FedPhoenixRG-Excess,1,76.25,8.7512406000169,0.0,"[4, 67, 61, 35, 96, 86, 63, 9, 8, 36]","[{""client_id"": 4, ""task_id"": 0}, {""client_id"": 67, ""task_id"": 1}, {""client_id"": 61, ""task_id"": 2}, {""client_id"": 35, ""task_id"": 3}, {""client_id"": 96, ""task_id"": 4}, {""client_id"": 86, ""task_id"": 5}, {""client_id"": 63, ""task_id"": 6}, {""client_id"": 9, ""task_id"": 7}, {""client_id"": 8, ""task_id"": 8}, {""client_id"": 36, ""task_id"": 9}]","[26100778, 26101775, 26102772, 26103769, 26104766, 26105763, 26106760, 26107757, 26108754, 26109751]",1,1
261,FedPhoenixRG-Excess,1,76.33000183105469,9.417728500033263,0.0,"[89, 41, 20, 92, 67, 44, 61, 77, 3, 9]","[{""client_id"": 89, ""task_id"": 0}, {""client_id"": 41, ""task_id"": 1}, {""client_id"": 20, ""task_id"": 2}, {""client_id"": 92, ""task_id"": 3}, {""client_id"": 67, ""task_id"": 4}, {""client_id"": 44, ""task_id"": 5}, {""client_id"": 61, ""task_id"": 6}, {""client_id"": 77, ""task_id"": 7}, {""client_id"": 3, ""task_id"": 8}, {""client_id"": 9, ""task_id"": 9}]","[26200781, 26201778, 26202775, 26203772, 26204769, 26205766, 26206763, 26207760, 26208757, 26209754]",1,0
262,FedPhoenixRG-Excess,1,73.4800033569336,9.36984639998991,0.0,"[87, 20, 97, 50, 35, 68, 33, 98, 53, 96]","[{""client_id"": 87, ""task_id"": 0}, {""client_id"": 20, ""task_id"": 1}, {""client_id"": 97, ""task_id"": 2}, {""client_id"": 50, ""task_id"": 3}, {""client_id"": 35, ""task_id"": 4}, {""client_id"": 68, ""task_id"": 5}, {""client_id"": 33, ""task_id"": 6}, {""client_id"": 98, ""task_id"": 7}, {""client_id"": 53, ""task_id"": 8}, {""client_id"": 96, ""task_id"": 9}]","[26300784, 26301781, 26302778, 26303775, 26304772, 26305769, 26306766, 26307763, 26308760, 26309757]",1,0
263,FedPhoenixRG-Excess,1,64.9800033569336,10.682323299988639,0.0,"[89, 57, 26, 69, 23, 54, 68, 92, 4, 82]","[{""client_id"": 89, ""task_id"": 0}, {""client_id"": 57, ""task_id"": 1}, {""client_id"": 26, ""task_id"": 2}, {""client_id"": 69, ""task_id"": 3}, {""client_id"": 23, ""task_id"": 4}, {""client_id"": 54, ""task_id"": 5}, {""client_id"": 68, ""task_id"": 6}, {""client_id"": 92, ""task_id"": 7}, {""client_id"": 4, ""task_id"": 8}, {""client_id"": 82, ""task_id"": 9}]","[26400787, 26401784, 26402781, 26403778, 26404775, 26405772, 26406769, 26407766, 26408763, 26409760]",1,0
264,FedPhoenixRG-Excess,1,70.2699966430664,9.698496899974998,0.0,"[45, 31, 11, 28, 39, 71, 7, 91, 4, 93]","[{""client_id"": 45, ""task_id"": 0}, {""client_id"": 31, ""task_id"": 1}, {""client_id"": 11, ""task_id"": 2}, {""client_id"": 28, ""task_id"": 3}, {""client_id"": 39, ""task_id"": 4}, {""client_id"": 71, ""task_id"": 5}, {""client_id"": 7, ""task_id"": 6}, {""client_id"": 91, ""task_id"": 7}, {""client_id"": 4, ""task_id"": 8}, {""client_id"": 93, ""task_id"": 9}]","[26500790, 26501787, 26502784, 26503781, 26504778, 26505775, 26506772, 26507769, 26508766, 26509763]",1,0
265,FedPhoenixRG-Excess,1,76.30000305175781,11.156079300038982,0.0,"[2, 85, 50, 23, 46, 82, 83, 20, 49, 6]","[{""client_id"": 2, ""task_id"": 0}, {""client_id"": 85, ""task_id"": 1}, {""client_id"": 50, ""task_id"": 2}, {""client_id"": 23, ""task_id"": 3}, {""client_id"": 46, ""task_id"": 4}, {""client_id"": 82, ""task_id"": 5}, {""client_id"": 83, ""task_id"": 6}, {""client_id"": 20, ""task_id"": 7}, {""client_id"": 49, ""task_id"": 8}, {""client_id"": 6, ""task_id"": 9}]","[26600793, 26601790, 26602787, 26603784, 26604781, 26605778, 26606775, 26607772, 26608769, 26609766]",1,0
266,FedPhoenixRG-Excess,1,75.37999725341797,10.882043800025713,0.0,"[3, 42, 84, 62, 69, 25, 23, 76, 52, 75]","[{""client_id"": 3, ""task_id"": 0}, {""client_id"": 42, ""task_id"": 1}, {""client_id"": 84, ""task_id"": 2}, {""client_id"": 62, ""task_id"": 3}, {""client_id"": 69, ""task_id"": 4}, {""client_id"": 25, ""task_id"": 5}, {""client_id"": 23, ""task_id"": 6}, {""client_id"": 76, ""task_id"": 7}, {""client_id"": 52, ""task_id"": 8}, {""client_id"": 75, ""task_id"": 9}]","[26700796, 26701793, 26702790, 26703787, 26704784, 26705781, 26706778, 26707775, 26708772, 26709769]",1,0
267,FedPhoenixRG-Excess,1,75.33999633789062,8.919116900011431,0.0,"[4, 95, 1, 21, 83, 23, 48, 78, 42, 31]","[{""client_id"": 4, ""task_id"": 0}, {""client_id"": 95, ""task_id"": 1}, {""client_id"": 1, ""task_id"": 2}, {""client_id"": 21, ""task_id"": 3}, {""client_id"": 83, ""task_id"": 4}, {""client_id"": 23, ""task_id"": 5}, {""client_id"": 48, ""task_id"": 6}, {""client_id"": 78, ""task_id"": 7}, {""client_id"": 42, ""task_id"": 8}, {""client_id"": 31, ""task_id"": 9}]","[26800799, 26801796, 26802793, 26803790, 26804787, 26805784, 26806781, 26807778, 26808775, 26809772]",1,0
268,FedPhoenixRG-Excess,1,51.150001525878906,8.051479900022969,0.0,"[38, 6, 37, 55, 34, 97, 98, 74, 56, 45]","[{""client_id"": 38, ""task_id"": 0}, {""client_id"": 6, ""task_id"": 1}, {""client_id"": 37, ""task_id"": 2}, {""client_id"": 55, ""task_id"": 3}, {""client_id"": 34, ""task_id"": 4}, {""client_id"": 97, ""task_id"": 5}, {""client_id"": 98, ""task_id"": 6}, {""client_id"": 74, ""task_id"": 7}, {""client_id"": 56, ""task_id"": 8}, {""client_id"": 45, ""task_id"": 9}]","[26900802, 26901799, 26902796, 26903793, 26904790, 26905787, 26906784, 26907781, 26908778, 26909775]",1,0
269,FedPhoenixRG-Excess,1,71.58000183105469,8.626766600005794,0.0,"[54, 93, 74, 85, 16, 98, 50, 59, 70, 3]","[{""client_id"": 54, ""task_id"": 0}, {""client_id"": 93, ""task_id"": 1}, {""client_id"": 74, ""task_id"": 2}, {""client_id"": 85, ""task_id"": 3}, {""client_id"": 16, ""task_id"": 4}, {""client_id"": 98, ""task_id"": 5}, {""client_id"": 50, ""task_id"": 6}, {""client_id"": 59, ""task_id"": 7}, {""client_id"": 70, ""task_id"": 8}, {""client_id"": 3, ""task_id"": 9}]","[27000805, 27001802, 27002799, 27003796, 27004793, 27005790, 27006787, 27007784, 27008781, 27009778]",1,0
270,FedPhoenixRG-Excess,1,67.0999984741211,9.027917200000957,0.0,"[39, 20, 43, 1, 78, 0, 60, 31, 15, 6]","[{""client_id"": 39, ""task_id"": 0}, {""client_id"": 20, ""task_id"": 1}, {""client_id"": 43, ""task_id"": 2}, {""client_id"": 1, ""task_id"": 3}, {""client_id"": 78, ""task_id"": 4}, {""client_id"": 0, ""task_id"": 5}, {""client_id"": 60, ""task_id"": 6}, {""client_id"": 31, ""task_id"": 7}, {""client_id"": 15, ""task_id"": 8}, {""client_id"": 6, ""task_id"": 9}]","[27100808, 27101805, 27102802, 27103799, 27104796, 27105793, 27106790, 27107787, 27108784, 27109781]",1,0
271,FedPhoenixRG-Excess,1,72.88999938964844,8.243761399993673,0.0,"[42, 76, 2, 31, 19, 17, 83, 92, 44, 35]","[{""client_id"": 42, ""task_id"": 0}, {""client_id"": 76, ""task_id"": 1}, {""client_id"": 2, ""task_id"": 2}, {""client_id"": 31, ""task_id"": 3}, {""client_id"": 19, ""task_id"": 4}, {""client_id"": 17, ""task_id"": 5}, {""client_id"": 83, ""task_id"": 6}, {""client_id"": 92, ""task_id"": 7}, {""client_id"": 44, ""task_id"": 8}, {""client_id"": 35, ""task_id"": 9}]","[27200811, 27201808, 27202805, 27203802, 27204799, 27205796, 27206793, 27207790, 27208787, 27209784]",1,0
272,FedPhoenixRG-Excess,1,66.4000015258789,7.4495661000255495,0.0,"[56, 91, 92, 28, 38, 82, 32, 98, 63, 85]","[{""client_id"": 56, ""task_id"": 0}, {""client_id"": 91, ""task_id"": 1}, {""client_id"": 92, ""task_id"": 2}, {""client_id"": 28, ""task_id"": 3}, {""client_id"": 38, ""task_id"": 4}, {""client_id"": 82, ""task_id"": 5}, {""client_id"": 32, ""task_id"": 6}, {""client_id"": 98, ""task_id"": 7}, {""client_id"": 63, ""task_id"": 8}, {""client_id"": 85, ""task_id"": 9}]","[27300814, 27301811, 27302808, 27303805, 27304802, 27305799, 27306796, 27307793, 27308790, 27309787]",1,0
273,FedPhoenixRG-Excess,1,68.30999755859375,10.276913000037894,0.0,"[5, 84, 60, 47, 3, 13, 65, 92, 19, 74]","[{""client_id"": 5, ""task_id"": 0}, {""client_id"": 84, ""task_id"": 1}, {""client_id"": 60, ""task_id"": 2}, {""client_id"": 47, ""task_id"": 3}, {""client_id"": 3, ""task_id"": 4}, {""client_id"": 13, ""task_id"": 5}, {""client_id"": 65, ""task_id"": 6}, {""client_id"": 92, ""task_id"": 7}, {""client_id"": 19, ""task_id"": 8}, {""client_id"": 74, ""task_id"": 9}]","[27400817, 27401814, 27402811, 27403808, 27404805, 27405802, 27406799, 27407796, 27408793, 27409790]",1,0
274,FedPhoenixRG-Excess,1,59.529998779296875,9.914558799995575,0.0,"[59, 45, 39, 67, 6, 78, 84, 80, 22, 57]","[{""client_id"": 59, ""task_id"": 0}, {""client_id"": 45, ""task_id"": 1}, {""client_id"": 39, ""task_id"": 2}, {""client_id"": 67, ""task_id"": 3}, {""client_id"": 6, ""task_id"": 4}, {""client_id"": 78, ""task_id"": 5}, {""client_id"": 84, ""task_id"": 6}, {""client_id"": 80, ""task_id"": 7}, {""client_id"": 22, ""task_id"": 8}, {""client_id"": 57, ""task_id"": 9}]","[27500820, 27501817, 27502814, 27503811, 27504808, 27505805, 27506802, 27507799, 27508796, 27509793]",1,0
275,FedPhoenixRG-Excess,1,76.9000015258789,7.890454099979252,0.0,"[64, 42, 43, 38, 94, 36, 68, 8, 11, 89]","[{""client_id"": 64, ""task_id"": 0}, {""client_id"": 42, ""task_id"": 1}, {""client_id"": 43, ""task_id"": 2}, {""client_id"": 38, ""task_id"": 3}, {""client_id"": 94, ""task_id"": 4}, {""client_id"": 36, ""task_id"": 5}, {""client_id"": 68, ""task_id"": 6}, {""client_id"": 8, ""task_id"": 7}, {""client_id"": 11, ""task_id"": 8}, {""client_id"": 89, ""task_id"": 9}]","[27600823, 27601820, 27602817, 27603814, 27604811, 27605808, 27606805, 27607802, 27608799, 27609796]",1,0
276,FedPhoenixRG-Excess,1,69.44000244140625,10.896970000001602,0.0,"[23, 69, 89, 9, 42, 74, 62, 68, 57, 93]","[{""client_id"": 23, ""task_id"": 0}, {""client_id"": 69, ""task_id"": 1}, {""client_id"": 89, ""task_id"": 2}, {""client_id"": 9, ""task_id"": 3}, {""client_id"": 42, ""task_id"": 4}, {""client_id"": 74, ""task_id"": 5}, {""client_id"": 62, ""task_id"": 6}, {""client_id"": 68, ""task_id"": 7}, {""client_id"": 57, ""task_id"": 8}, {""client_id"": 93, ""task_id"": 9}]","[27700826, 27701823, 27702820, 27703817, 27704814, 27705811, 27706808, 27707805, 27708802, 27709799]",1,0
277,FedPhoenixRG-Excess,1,76.44000244140625,10.667330599972047,0.0,"[85, 66, 93, 44, 48, 13, 3, 21, 23, 39]","[{""client_id"": 85, ""task_id"": 0}, {""client_id"": 66, ""task_id"": 1}, {""client_id"": 93, ""task_id"": 2}, {""client_id"": 44, ""task_id"": 3}, {""client_id"": 48, ""task_id"": 4}, {""client_id"": 13, ""task_id"": 5}, {""client_id"": 3, ""task_id"": 6}, {""client_id"": 21, ""task_id"": 7}, {""client_id"": 23, ""task_id"": 8}, {""client_id"": 39, ""task_id"": 9}]","[27800829, 27801826, 27802823, 27803820, 27804817, 27805814, 27806811, 27807808, 27808805, 27809802]",1,0
278,FedPhoenixRG-Excess,1,73.29000091552734,11.388421799987555,0.0,"[28, 94, 18, 68, 65, 53, 66, 75, 12, 92]","[{""client_id"": 28, ""task_id"": 0}, {""client_id"": 94, ""task_id"": 1}, {""client_id"": 18, ""task_id"": 2}, {""client_id"": 68, ""task_id"": 3}, {""client_id"": 65, ""task_id"": 4}, {""client_id"": 53, ""task_id"": 5}, {""client_id"": 66, ""task_id"": 6}, {""client_id"": 75, ""task_id"": 7}, {""client_id"": 12, ""task_id"": 8}, {""client_id"": 92, ""task_id"": 9}]","[27900832, 27901829, 27902826, 27903823, 27904820, 27905817, 27906814, 27907811, 27908808, 27909805]",1,0
279,FedPhoenixRG-Excess,1,78.25,8.66708689997904,0.0,"[90, 75, 39, 64, 49, 44, 66, 50, 60, 98]","[{""client_id"": 90, ""task_id"": 0}, {""client_id"": 75, ""task_id"": 1}, {""client_id"": 39, ""task_id"": 2}, {""client_id"": 64, ""task_id"": 3}, {""client_id"": 49, ""task_id"": 4}, {""client_id"": 44, ""task_id"": 5}, {""client_id"": 66, ""task_id"": 6}, {""client_id"": 50, ""task_id"": 7}, {""client_id"": 60, ""task_id"": 8}, {""client_id"": 98, ""task_id"": 9}]","[28000835, 28001832, 28002829, 28003826, 28004823, 28005820, 28006817, 28007814, 28008811, 28009808]",1,0
280,FedPhoenixRG-Excess,1,75.41000366210938,10.503285499988124,0.0,"[61, 27, 77, 23, 66, 33, 26, 42, 37, 78]","[{""client_id"": 61, ""task_id"": 0}, {""client_id"": 27, ""task_id"": 1}, {""client_id"": 77, ""task_id"": 2}, {""client_id"": 23, ""task_id"": 3}, {""client_id"": 66, ""task_id"": 4}, {""client_id"": 33, ""task_id"": 5}, {""client_id"": 26, ""task_id"": 6}, {""client_id"": 42, ""task_id"": 7}, {""client_id"": 37, ""task_id"": 8}, {""client_id"": 78, ""task_id"": 9}]","[28100838, 28101835, 28102832, 28103829, 28104826, 28105823, 28106820, 28107817, 28108814, 28109811]",1,1
281,FedPhoenixRG-Excess,1,68.05000305175781,9.327163100009784,0.0,"[0, 56, 5, 30, 76, 95, 53, 73, 63, 88]","[{""client_id"": 0, ""task_id"": 0}, {""client_id"": 56, ""task_id"": 1}, {""client_id"": 5, ""task_id"": 2}, {""client_id"": 30, ""task_id"": 3}, {""client_id"": 76, ""task_id"": 4}, {""client_id"": 95, ""task_id"": 5}, {""client_id"": 53, ""task_id"": 6}, {""client_id"": 73, ""task_id"": 7}, {""client_id"": 63, ""task_id"": 8}, {""client_id"": 88, ""task_id"": 9}]","[28200841, 28201838, 28202835, 28203832, 28204829, 28205826, 28206823, 28207820, 28208817, 28209814]",1,0
282,FedPhoenixRG-Excess,1,64.20999908447266,10.092532000038773,0.0,"[84, 89, 68, 64, 78, 62, 28, 30, 49, 41]","[{""client_id"": 84, ""task_id"": 0}, {""client_id"": 89, ""task_id"": 1}, {""client_id"": 68, ""task_id"": 2}, {""client_id"": 64, ""task_id"": 3}, {""client_id"": 78, ""task_id"": 4}, {""client_id"": 62, ""task_id"": 5}, {""client_id"": 28, ""task_id"": 6}, {""client_id"": 30, ""task_id"": 7}, {""client_id"": 49, ""task_id"": 8}, {""client_id"": 41, ""task_id"": 9}]","[28300844, 28301841, 28302838, 28303835, 28304832, 28305829, 28306826, 28307823, 28308820, 28309817]",1,0
283,FedPhoenixRG-Excess,1,74.3499984741211,9.208248600014485,0.0,"[67, 45, 94, 35, 39, 72, 5, 22, 7, 62]","[{""client_id"": 67, ""task_id"": 0}, {""client_id"": 45, ""task_id"": 1}, {""client_id"": 94, ""task_id"": 2}, {""client_id"": 35, ""task_id"": 3}, {""client_id"": 39, ""task_id"": 4}, {""client_id"": 72, ""task_id"": 5}, {""client_id"": 5, ""task_id"": 6}, {""client_id"": 22, ""task_id"": 7}, {""client_id"": 7, ""task_id"": 8}, {""client_id"": 62, ""task_id"": 9}]","[28400847, 28401844, 28402841, 28403838, 28404835, 28405832, 28406829, 28407826, 28408823, 28409820]",1,0
284,FedPhoenixRG-Excess,1,76.51000213623047,8.638534099969547,0.0,"[90, 91, 9, 58, 98, 5, 97, 92, 55, 12]","[{""client_id"": 90, ""task_id"": 0}, {""client_id"": 91, ""task_id"": 1}, {""client_id"": 9, ""task_id"": 2}, {""client_id"": 58, ""task_id"": 3}, {""client_id"": 98, ""task_id"": 4}, {""client_id"": 5, ""task_id"": 5}, {""client_id"": 97, ""task_id"": 6}, {""client_id"": 92, ""task_id"": 7}, {""client_id"": 55, ""task_id"": 8}, {""client_id"": 12, ""task_id"": 9}]","[28500850, 28501847, 28502844, 28503841, 28504838, 28505835, 28506832, 28507829, 28508826, 28509823]",1,0
285,FedPhoenixRG-Excess,1,70.83999633789062,8.440222500008531,0.0,"[84, 9, 22, 95, 91, 55, 21, 15, 13, 1]","[{""client_id"": 84, ""task_id"": 0}, {""client_id"": 9, ""task_id"": 1}, {""client_id"": 22, ""task_id"": 2}, {""client_id"": 95, ""task_id"": 3}, {""client_id"": 91, ""task_id"": 4}, {""client_id"": 55, ""task_id"": 5}, {""client_id"": 21, ""task_id"": 6}, {""client_id"": 15, ""task_id"": 7}, {""client_id"": 13, ""task_id"": 8}, {""client_id"": 1, ""task_id"": 9}]","[28600853, 28601850, 28602847, 28603844, 28604841, 28605838, 28606835, 28607832, 28608829, 28609826]",1,0
286,FedPhoenixRG-Excess,1,65.0,9.859609500039369,0.0,"[1, 53, 10, 7, 6, 90, 21, 92, 78, 46]","[{""client_id"": 1, ""task_id"": 0}, {""client_id"": 53, ""task_id"": 1}, {""client_id"": 10, ""task_id"": 2}, {""client_id"": 7, ""task_id"": 3}, {""client_id"": 6, ""task_id"": 4}, {""client_id"": 90, ""task_id"": 5}, {""client_id"": 21, ""task_id"": 6}, {""client_id"": 92, ""task_id"": 7}, {""client_id"": 78, ""task_id"": 8}, {""client_id"": 46, ""task_id"": 9}]","[28700856, 28701853, 28702850, 28703847, 28704844, 28705841, 28706838, 28707835, 28708832, 28709829]",1,0
287,FedPhoenixRG-Excess,1,74.23999786376953,10.713596200046595,0.0,"[85, 92, 66, 58, 24, 86, 82, 2, 7, 64]","[{""client_id"": 85, ""task_id"": 0}, {""client_id"": 92, ""task_id"": 1}, {""client_id"": 66, ""task_id"": 2}, {""client_id"": 58, ""task_id"": 3}, {""client_id"": 24, ""task_id"": 4}, {""client_id"": 86, ""task_id"": 5}, {""client_id"": 82, ""task_id"": 6}, {""client_id"": 2, ""task_id"": 7}, {""client_id"": 7, ""task_id"": 8}, {""client_id"": 64, ""task_id"": 9}]","[28800859, 28801856, 28802853, 28803850, 28804847, 28805844, 28806841, 28807838, 28808835, 28809832]",1,0
288,FedPhoenixRG-Excess,1,70.4000015258789,11.124611600011121,0.0,"[40, 50, 36, 99, 33, 79, 62, 74, 16, 22]","[{""client_id"": 40, ""task_id"": 0}, {""client_id"": 50, ""task_id"": 1}, {""client_id"": 36, ""task_id"": 2}, {""client_id"": 99, ""task_id"": 3}, {""client_id"": 33, ""task_id"": 4}, {""client_id"": 79, ""task_id"": 5}, {""client_id"": 62, ""task_id"": 6}, {""client_id"": 74, ""task_id"": 7}, {""client_id"": 16, ""task_id"": 8}, {""client_id"": 22, ""task_id"": 9}]","[28900862, 28901859, 28902856, 28903853, 28904850, 28905847, 28906844, 28907841, 28908838, 28909835]",1,0
289,FedPhoenixRG-Excess,1,75.0199966430664,10.347747599997092,0.0,"[25, 33, 10, 14, 87, 8, 51, 83, 69, 57]","[{""client_id"": 25, ""task_id"": 0}, {""client_id"": 33, ""task_id"": 1}, {""client_id"": 10, ""task_id"": 2}, {""client_id"": 14, ""task_id"": 3}, {""client_id"": 87, ""task_id"": 4}, {""client_id"": 8, ""task_id"": 5}, {""client_id"": 51, ""task_id"": 6}, {""client_id"": 83, ""task_id"": 7}, {""client_id"": 69, ""task_id"": 8}, {""client_id"": 57, ""task_id"": 9}]","[29000865, 29001862, 29002859, 29003856, 29004853, 29005850, 29006847, 29007844, 29008841, 29009838]",1,0
290,FedPhoenixRG-Excess,1,77.55000305175781,9.369526599999517,0.0,"[35, 15, 38, 19, 52, 46, 71, 9, 47, 75]","[{""client_id"": 35, ""task_id"": 0}, {""client_id"": 15, ""task_id"": 1}, {""client_id"": 38, ""task_id"": 2}, {""client_id"": 19, ""task_id"": 3}, {""client_id"": 52, ""task_id"": 4}, {""client_id"": 46, ""task_id"": 5}, {""client_id"": 71, ""task_id"": 6}, {""client_id"": 9, ""task_id"": 7}, {""client_id"": 47, ""task_id"": 8}, {""client_id"": 75, ""task_id"": 9}]","[29100868, 29101865, 29102862, 29103859, 29104856, 29105853, 29106850, 29107847, 29108844, 29109841]",1,0
291,FedPhoenixRG-Excess,1,73.55000305175781,9.056589699990582,0.0,"[86, 92, 14, 8, 45, 38, 60, 63, 82, 46]","[{""client_id"": 86, ""task_id"": 0}, {""client_id"": 92, ""task_id"": 1}, {""client_id"": 14, ""task_id"": 2}, {""client_id"": 8, ""task_id"": 3}, {""client_id"": 45, ""task_id"": 4}, {""client_id"": 38, ""task_id"": 5}, {""client_id"": 60, ""task_id"": 6}, {""client_id"": 63, ""task_id"": 7}, {""client_id"": 82, ""task_id"": 8}, {""client_id"": 46, ""task_id"": 9}]","[29200871, 29201868, 29202865, 29203862, 29204859, 29205856, 29206853, 29207850, 29208847, 29209844]",1,0
292,FedPhoenixRG-Excess,1,69.30000305175781,10.219562199956272,0.0,"[73, 57, 67, 14, 40, 24, 63, 35, 72, 69]","[{""client_id"": 73, ""task_id"": 0}, {""client_id"": 57, ""task_id"": 1}, {""client_id"": 67, ""task_id"": 2}, {""client_id"": 14, ""task_id"": 3}, {""client_id"": 40, ""task_id"": 4}, {""client_id"": 24, ""task_id"": 5}, {""client_id"": 63, ""task_id"": 6}, {""client_id"": 35, ""task_id"": 7}, {""client_id"": 72, ""task_id"": 8}, {""client_id"": 69, ""task_id"": 9}]","[29300874, 29301871, 29302868, 29303865, 29304862, 29305859, 29306856, 29307853, 29308850, 29309847]",1,0
293,FedPhoenixRG-Excess,1,75.12000274658203,8.646214099950157,0.0,"[77, 55, 61, 34, 18, 35, 0, 97, 98, 26]","[{""client_id"": 77, ""task_id"": 0}, {""client_id"": 55, ""task_id"": 1}, {""client_id"": 61, ""task_id"": 2}, {""client_id"": 34, ""task_id"": 3}, {""client_id"": 18, ""task_id"": 4}, {""client_id"": 35, ""task_id"": 5}, {""client_id"": 0, ""task_id"": 6}, {""client_id"": 97, ""task_id"": 7}, {""client_id"": 98, ""task_id"": 8}, {""client_id"": 26, ""task_id"": 9}]","[29400877, 29401874, 29402871, 29403868, 29404865, 29405862, 29406859, 29407856, 29408853, 29409850]",1,0
294,FedPhoenixRG-Excess,1,73.04000091552734,8.072448499966413,0.0,"[90, 30, 53, 77, 76, 85, 8, 35, 81, 69]","[{""client_id"": 90, ""task_id"": 0}, {""client_id"": 30, ""task_id"": 1}, {""client_id"": 53, ""task_id"": 2}, {""client_id"": 77, ""task_id"": 3}, {""client_id"": 76, ""task_id"": 4}, {""client_id"": 85, ""task_id"": 5}, {""client_id"": 8, ""task_id"": 6}, {""client_id"": 35, ""task_id"": 7}, {""client_id"": 81, ""task_id"": 8}, {""client_id"": 69, ""task_id"": 9}]","[29500880, 29501877, 29502874, 29503871, 29504868, 29505865, 29506862, 29507859, 29508856, 29509853]",1,0
295,FedPhoenixRG-Excess,1,42.7400016784668,10.838985499984119,0.0,"[52, 30, 46, 49, 35, 90, 6, 40, 20, 97]","[{""client_id"": 52, ""task_id"": 0}, {""client_id"": 30, ""task_id"": 1}, {""client_id"": 46, ""task_id"": 2}, {""client_id"": 49, ""task_id"": 3}, {""client_id"": 35, ""task_id"": 4}, {""client_id"": 90, ""task_id"": 5}, {""client_id"": 6, ""task_id"": 6}, {""client_id"": 40, ""task_id"": 7}, {""client_id"": 20, ""task_id"": 8}, {""client_id"": 97, ""task_id"": 9}]","[29600883, 29601880, 29602877, 29603874, 29604871, 29605868, 29606865, 29607862, 29608859, 29609856]",1,0
296,FedPhoenixRG-Excess,1,70.02999877929688,9.587138500006404,0.0,"[42, 21, 97, 18, 44, 48, 98, 45, 7, 95]","[{""client_id"": 42, ""task_id"": 0}, {""client_id"": 21, ""task_id"": 1}, {""client_id"": 97, ""task_id"": 2}, {""client_id"": 18, ""task_id"": 3}, {""client_id"": 44, ""task_id"": 4}, {""client_id"": 48, ""task_id"": 5}, {""client_id"": 98, ""task_id"": 6}, {""client_id"": 45, ""task_id"": 7}, {""client_id"": 7, ""task_id"": 8}, {""client_id"": 95, ""task_id"": 9}]","[29700886, 29701883, 29702880, 29703877, 29704874, 29705871, 29706868, 29707865, 29708862, 29709859]",1,0
297,FedPhoenixRG-Excess,1,75.37000274658203,9.508144799969159,0.0,"[67, 72, 49, 58, 2, 66, 55, 98, 25, 53]","[{""client_id"": 67, ""task_id"": 0}, {""client_id"": 72, ""task_id"": 1}, {""client_id"": 49, ""task_id"": 2}, {""client_id"": 58, ""task_id"": 3}, {""client_id"": 2, ""task_id"": 4}, {""client_id"": 66, ""task_id"": 5}, {""client_id"": 55, ""task_id"": 6}, {""client_id"": 98, ""task_id"": 7}, {""client_id"": 25, ""task_id"": 8}, {""client_id"": 53, ""task_id"": 9}]","[29800889, 29801886, 29802883, 29803880, 29804877, 29805874, 29806871, 29807868, 29808865, 29809862]",1,0
298,FedPhoenixRG-Excess,1,67.54000091552734,10.942955200036522,0.0,"[16, 2, 36, 77, 86, 40, 87, 33, 95, 75]","[{""client_id"": 16, ""task_id"": 0}, {""client_id"": 2, ""task_id"": 1}, {""client_id"": 36, ""task_id"": 2}, {""client_id"": 77, ""task_id"": 3}, {""client_id"": 86, ""task_id"": 4}, {""client_id"": 40, ""task_id"": 5}, {""client_id"": 87, ""task_id"": 6}, {""client_id"": 33, ""task_id"": 7}, {""client_id"": 95, ""task_id"": 8}, {""client_id"": 75, ""task_id"": 9}]","[29900892, 29901889, 29902886, 29903883, 29904880, 29905877, 29906874, 29907871, 29908868, 29909865]",1,0
299,FedPhoenixRG-Excess,1,71.93000030517578,10.182827299984638,0.0,"[1, 66, 81, 52, 47, 99, 38, 56, 65, 4]","[{""client_id"": 1, ""task_id"": 0}, {""client_id"": 66, ""task_id"": 1}, {""client_id"": 81, ""task_id"": 2}, {""client_id"": 52, ""task_id"": 3}, {""client_id"": 47, ""task_id"": 4}, {""client_id"": 99, ""task_id"": 5}, {""client_id"": 38, ""task_id"": 6}, {""client_id"": 56, ""task_id"": 7}, {""client_id"": 65, ""task_id"": 8}, {""client_id"": 4, ""task_id"": 9}]","[30000895, 30001892, 30002889, 30003886, 30004883, 30005880, 30006877, 30007874, 30008871, 30009868]",1,0
300,FedPhoenixRG-Excess,1,73.5,9.680421199998818,0.0,"[73, 93, 90, 66, 22, 52, 77, 18, 71, 39]","[{""client_id"": 73, ""task_id"": 0}, {""client_id"": 93, ""task_id"": 1}, {""client_id"": 90, ""task_id"": 2}, {""client_id"": 66, ""task_id"": 3}, {""client_id"": 22, ""task_id"": 4}, {""client_id"": 52, ""task_id"": 5}, {""client_id"": 77, ""task_id"": 6}, {""client_id"": 18, ""task_id"": 7}, {""client_id"": 71, ""task_id"": 8}, {""client_id"": 39, ""task_id"": 9}]","[30100898, 30101895, 30102892, 30103889, 30104886, 30105883, 30106880, 30107877, 30108874, 30109871]",1,1
301,FedPhoenixRG-Excess,1,77.6500015258789,12.088979799998924,0.0,"[58, 81, 11, 2, 36, 79, 23, 5, 64, 30]","[{""client_id"": 58, ""task_id"": 0}, {""client_id"": 81, ""task_id"": 1}, {""client_id"": 11, ""task_id"": 2}, {""client_id"": 2, ""task_id"": 3}, {""client_id"": 36, ""task_id"": 4}, {""client_id"": 79, ""task_id"": 5}, {""client_id"": 23, ""task_id"": 6}, {""client_id"": 5, ""task_id"": 7}, {""client_id"": 64, ""task_id"": 8}, {""client_id"": 30, ""task_id"": 9}]","[30200901, 30201898, 30202895, 30203892, 30204889, 30205886, 30206883, 30207880, 30208877, 30209874]",1,0
302,FedPhoenixRG-Excess,1,65.27999877929688,11.086046500015073,0.0,"[9, 94, 15, 47, 62, 70, 17, 6, 41, 89]","[{""client_id"": 9, ""task_id"": 0}, {""client_id"": 94, ""task_id"": 1}, {""client_id"": 15, ""task_id"": 2}, {""client_id"": 47, ""task_id"": 3}, {""client_id"": 62, ""task_id"": 4}, {""client_id"": 70, ""task_id"": 5}, {""client_id"": 17, ""task_id"": 6}, {""client_id"": 6, ""task_id"": 7}, {""client_id"": 41, ""task_id"": 8}, {""client_id"": 89, ""task_id"": 9}]","[30300904, 30301901, 30302898, 30303895, 30304892, 30305889, 30306886, 30307883, 30308880, 30309877]",1,0
303,FedPhoenixRG-Excess,1,76.7699966430664,9.92098450002959,0.0,"[11, 61, 88, 74, 91, 35, 80, 33, 93, 38]","[{""client_id"": 11, ""task_id"": 0}, {""client_id"": 61, ""task_id"": 1}, {""client_id"": 88, ""task_id"": 2}, {""client_id"": 74, ""task_id"": 3}, {""client_id"": 91, ""task_id"": 4}, {""client_id"": 35, ""task_id"": 5}, {""client_id"": 80, ""task_id"": 6}, {""client_id"": 33, ""task_id"": 7}, {""client_id"": 93, ""task_id"": 8}, {""client_id"": 38, ""task_id"": 9}]","[30400907, 30401904, 30402901, 30403898, 30404895, 30405892, 30406889, 30407886, 30408883, 30409880]",1,0
304,FedPhoenixRG-Excess,1,74.97000122070312,8.282379899988882,0.0,"[97, 89, 66, 76, 71, 39, 74, 15, 42, 56]","[{""client_id"": 97, ""task_id"": 0}, {""client_id"": 89, ""task_id"": 1}, {""client_id"": 66, ""task_id"": 2}, {""client_id"": 76, ""task_id"": 3}, {""client_id"": 71, ""task_id"": 4}, {""client_id"": 39, ""task_id"": 5}, {""client_id"": 74, ""task_id"": 6}, {""client_id"": 15, ""task_id"": 7}, {""client_id"": 42, ""task_id"": 8}, {""client_id"": 56, ""task_id"": 9}]","[30500910, 30501907, 30502904, 30503901, 30504898, 30505895, 30506892, 30507889, 30508886, 30509883]",1,0
305,FedPhoenixRG-Excess,1,76.4000015258789,9.542740600008983,0.0,"[50, 21, 55, 36, 22, 52, 42, 38, 66, 69]","[{""client_id"": 50, ""task_id"": 0}, {""client_id"": 21, ""task_id"": 1}, {""client_id"": 55, ""task_id"": 2}, {""client_id"": 36, ""task_id"": 3}, {""client_id"": 22, ""task_id"": 4}, {""client_id"": 52, ""task_id"": 5}, {""client_id"": 42, ""task_id"": 6}, {""client_id"": 38, ""task_id"": 7}, {""client_id"": 66, ""task_id"": 8}, {""client_id"": 69, ""task_id"": 9}]","[30600913, 30601910, 30602907, 30603904, 30604901, 30605898, 30606895, 30607892, 30608889, 30609886]",1,0
306,FedPhoenixRG-Excess,1,71.94999694824219,9.634038600022905,0.0,"[17, 80, 30, 13, 40, 72, 26, 43, 5, 78]","[{""client_id"": 17, ""task_id"": 0}, {""client_id"": 80, ""task_id"": 1}, {""client_id"": 30, ""task_id"": 2}, {""client_id"": 13, ""task_id"": 3}, {""client_id"": 40, ""task_id"": 4}, {""client_id"": 72, ""task_id"": 5}, {""client_id"": 26, ""task_id"": 6}, {""client_id"": 43, ""task_id"": 7}, {""client_id"": 5, ""task_id"": 8}, {""client_id"": 78, ""task_id"": 9}]","[30700916, 30701913, 30702910, 30703907, 30704904, 30705901, 30706898, 30707895, 30708892, 30709889]",1,0
307,FedPhoenixRG-Excess,1,74.30999755859375,10.417016500025056,0.0,"[25, 34, 22, 83, 5, 21, 56, 97, 10, 33]","[{""client_id"": 25, ""task_id"": 0}, {""client_id"": 34, ""task_id"": 1}, {""client_id"": 22, ""task_id"": 2}, {""client_id"": 83, ""task_id"": 3}, {""client_id"": 5, ""task_id"": 4}, {""client_id"": 21, ""task_id"": 5}, {""client_id"": 56, ""task_id"": 6}, {""client_id"": 97, ""task_id"": 7}, {""client_id"": 10, ""task_id"": 8}, {""client_id"": 33, ""task_id"": 9}]","[30800919, 30801916, 30802913, 30803910, 30804907, 30805904, 30806901, 30807898, 30808895, 30809892]",1,0
308,FedPhoenixRG-Excess,1,73.41999816894531,11.474943000008352,0.0,"[17, 62, 3, 16, 99, 5, 53, 86, 20, 48]","[{""client_id"": 17, ""task_id"": 0}, {""client_id"": 62, ""task_id"": 1}, {""client_id"": 3, ""task_id"": 2}, {""client_id"": 16, ""task_id"": 3}, {""client_id"": 99, ""task_id"": 4}, {""client_id"": 5, ""task_id"": 5}, {""client_id"": 53, ""task_id"": 6}, {""client_id"": 86, ""task_id"": 7}, {""client_id"": 20, ""task_id"": 8}, {""client_id"": 48, ""task_id"": 9}]","[30900922, 30901919, 30902916, 30903913, 30904910, 30905907, 30906904, 30907901, 30908898, 30909895]",1,0
309,FedPhoenixRG-Excess,1,76.69000244140625,8.677141000051051,0.0,"[8, 39, 75, 10, 19, 70, 99, 30, 87, 38]","[{""client_id"": 8, ""task_id"": 0}, {""client_id"": 39, ""task_id"": 1}, {""client_id"": 75, ""task_id"": 2}, {""client_id"": 10, ""task_id"": 3}, {""client_id"": 19, ""task_id"": 4}, {""client_id"": 70, ""task_id"": 5}, {""client_id"": 99, ""task_id"": 6}, {""client_id"": 30, ""task_id"": 7}, {""client_id"": 87, ""task_id"": 8}, {""client_id"": 38, ""task_id"": 9}]","[31000925, 31001922, 31002919, 31003916, 31004913, 31005910, 31006907, 31007904, 31008901, 31009898]",1,0
310,FedPhoenixRG-Excess,1,77.2300033569336,9.8316878999467,0.0,"[55, 15, 1, 3, 7, 60, 87, 66, 51, 26]","[{""client_id"": 55, ""task_id"": 0}, {""client_id"": 15, ""task_id"": 1}, {""client_id"": 1, ""task_id"": 2}, {""client_id"": 3, ""task_id"": 3}, {""client_id"": 7, ""task_id"": 4}, {""client_id"": 60, ""task_id"": 5}, {""client_id"": 87, ""task_id"": 6}, {""client_id"": 66, ""task_id"": 7}, {""client_id"": 51, ""task_id"": 8}, {""client_id"": 26, ""task_id"": 9}]","[31100928, 31101925, 31102922, 31103919, 31104916, 31105913, 31106910, 31107907, 31108904, 31109901]",1,0
311,FedPhoenixRG-Excess,1,75.97000122070312,9.246638599957805,0.0,"[88, 98, 93, 59, 71, 87, 57, 41, 11, 16]","[{""client_id"": 88, ""task_id"": 0}, {""client_id"": 98, ""task_id"": 1}, {""client_id"": 93, ""task_id"": 2}, {""client_id"": 59, ""task_id"": 3}, {""client_id"": 71, ""task_id"": 4}, {""client_id"": 87, ""task_id"": 5}, {""client_id"": 57, ""task_id"": 6}, {""client_id"": 41, ""task_id"": 7}, {""client_id"": 11, ""task_id"": 8}, {""client_id"": 16, ""task_id"": 9}]","[31200931, 31201928, 31202925, 31203922, 31204919, 31205916, 31206913, 31207910, 31208907, 31209904]",1,0
312,FedPhoenixRG-Excess,1,77.13999938964844,8.979574700002559,0.0,"[30, 31, 13, 49, 28, 85, 8, 66, 51, 80]","[{""client_id"": 30, ""task_id"": 0}, {""client_id"": 31, ""task_id"": 1}, {""client_id"": 13, ""task_id"": 2}, {""client_id"": 49, ""task_id"": 3}, {""client_id"": 28, ""task_id"": 4}, {""client_id"": 85, ""task_id"": 5}, {""client_id"": 8, ""task_id"": 6}, {""client_id"": 66, ""task_id"": 7}, {""client_id"": 51, ""task_id"": 8}, {""client_id"": 80, ""task_id"": 9}]","[31300934, 31301931, 31302928, 31303925, 31304922, 31305919, 31306916, 31307913, 31308910, 31309907]",1,0
313,FedPhoenixRG-Excess,1,74.56999969482422,8.941307500004768,0.0,"[83, 21, 82, 97, 62, 68, 42, 0, 38, 55]","[{""client_id"": 83, ""task_id"": 0}, {""client_id"": 21, ""task_id"": 1}, {""client_id"": 82, ""task_id"": 2}, {""client_id"": 97, ""task_id"": 3}, {""client_id"": 62, ""task_id"": 4}, {""client_id"": 68, ""task_id"": 5}, {""client_id"": 42, ""task_id"": 6}, {""client_id"": 0, ""task_id"": 7}, {""client_id"": 38, ""task_id"": 8}, {""client_id"": 55, ""task_id"": 9}]","[31400937, 31401934, 31402931, 31403928, 31404925, 31405922, 31406919, 31407916, 31408913, 31409910]",1,0
314,FedPhoenixRG-Excess,1,76.68000030517578,8.414741099986713,0.0,"[19, 13, 22, 40, 66, 47, 38, 39, 81, 98]","[{""client_id"": 19, ""task_id"": 0}, {""client_id"": 13, ""task_id"": 1}, {""client_id"": 22, ""task_id"": 2}, {""client_id"": 40, ""task_id"": 3}, {""client_id"": 66, ""task_id"": 4}, {""client_id"": 47, ""task_id"": 5}, {""client_id"": 38, ""task_id"": 6}, {""client_id"": 39, ""task_id"": 7}, {""client_id"": 81, ""task_id"": 8}, {""client_id"": 98, ""task_id"": 9}]","[31500940, 31501937, 31502934, 31503931, 31504928, 31505925, 31506922, 31507919, 31508916, 31509913]",1,0
315,FedPhoenixRG-Excess,1,72.66000366210938,9.560658300004434,0.0,"[54, 1, 4, 0, 97, 68, 86, 80, 75, 92]","[{""client_id"": 54, ""task_id"": 0}, {""client_id"": 1, ""task_id"": 1}, {""client_id"": 4, ""task_id"": 2}, {""client_id"": 0, ""task_id"": 3}, {""client_id"": 97, ""task_id"": 4}, {""client_id"": 68, ""task_id"": 5}, {""client_id"": 86, ""task_id"": 6}, {""client_id"": 80, ""task_id"": 7}, {""client_id"": 75, ""task_id"": 8}, {""client_id"": 92, ""task_id"": 9}]","[31600943, 31601940, 31602937, 31603934, 31604931, 31605928, 31606925, 31607922, 31608919, 31609916]",1,0
316,FedPhoenixRG-Excess,1,74.66999816894531,10.24036450003041,0.0,"[72, 83, 95, 58, 10, 4, 20, 79, 28, 9]","[{""client_id"": 72, ""task_id"": 0}, {""client_id"": 83, ""task_id"": 1}, {""client_id"": 95, ""task_id"": 2}, {""client_id"": 58, ""task_id"": 3}, {""client_id"": 10, ""task_id"": 4}, {""client_id"": 4, ""task_id"": 5}, {""client_id"": 20, ""task_id"": 6}, {""client_id"": 79, ""task_id"": 7}, {""client_id"": 28, ""task_id"": 8}, {""client_id"": 9, ""task_id"": 9}]","[31700946, 31701943, 31702940, 31703937, 31704934, 31705931, 31706928, 31707925, 31708922, 31709919]",1,0
317,FedPhoenixRG-Excess,1,69.68000030517578,13.184835600026418,0.0,"[65, 17, 69, 40, 60, 57, 93, 41, 67, 36]","[{""client_id"": 65, ""task_id"": 0}, {""client_id"": 17, ""task_id"": 1}, {""client_id"": 69, ""task_id"": 2}, {""client_id"": 40, ""task_id"": 3}, {""client_id"": 60, ""task_id"": 4}, {""client_id"": 57, ""task_id"": 5}, {""client_id"": 93, ""task_id"": 6}, {""client_id"": 41, ""task_id"": 7}, {""client_id"": 67, ""task_id"": 8}, {""client_id"": 36, ""task_id"": 9}]","[31800949, 31801946, 31802943, 31803940, 31804937, 31805934, 31806931, 31807928, 31808925, 31809922]",1,0
318,FedPhoenixRG-Excess,1,68.08000183105469,9.465223599981982,0.0,"[40, 54, 79, 28, 15, 30, 87, 4, 62, 94]","[{""client_id"": 40, ""task_id"": 0}, {""client_id"": 54, ""task_id"": 1}, {""client_id"": 79, ""task_id"": 2}, {""client_id"": 28, ""task_id"": 3}, {""client_id"": 15, ""task_id"": 4}, {""client_id"": 30, ""task_id"": 5}, {""client_id"": 87, ""task_id"": 6}, {""client_id"": 4, ""task_id"": 7}, {""client_id"": 62, ""task_id"": 8}, {""client_id"": 94, ""task_id"": 9}]","[31900952, 31901949, 31902946, 31903943, 31904940, 31905937, 31906934, 31907931, 31908928, 31909925]",1,0
319,FedPhoenixRG-Excess,1,73.38999938964844,9.034870599978603,0.0,"[98, 95, 8, 66, 11, 5, 65, 74, 38, 34]","[{""client_id"": 98, ""task_id"": 0}, {""client_id"": 95, ""task_id"": 1}, {""client_id"": 8, ""task_id"": 2}, {""client_id"": 66, ""task_id"": 3}, {""client_id"": 11, ""task_id"": 4}, {""client_id"": 5, ""task_id"": 5}, {""client_id"": 65, ""task_id"": 6}, {""client_id"": 74, ""task_id"": 7}, {""client_id"": 38, ""task_id"": 8}, {""client_id"": 34, ""task_id"": 9}]","[32000955, 32001952, 32002949, 32003946, 32004943, 32005940, 32006937, 32007934, 32008931, 32009928]",1,0
320,FedPhoenixRG-Excess,1,75.3499984741211,10.180145900056232,0.0,"[23, 30, 92, 34, 68, 66, 16, 29, 2, 55]","[{""client_id"": 23, ""task_id"": 0}, {""client_id"": 30, ""task_id"": 1}, {""client_id"": 92, ""task_id"": 2}, {""client_id"": 34, ""task_id"": 3}, {""client_id"": 68, ""task_id"": 4}, {""client_id"": 66, ""task_id"": 5}, {""client_id"": 16, ""task_id"": 6}, {""client_id"": 29, ""task_id"": 7}, {""client_id"": 2, ""task_id"": 8}, {""client_id"": 55, ""task_id"": 9}]","[32100958, 32101955, 32102952, 32103949, 32104946, 32105943, 32106940, 32107937, 32108934, 32109931]",1,1
321,FedPhoenixRG-Excess,1,68.69999694824219,10.405543399974704,0.0,"[29, 76, 47, 99, 54, 42, 94, 65, 2, 53]","[{""client_id"": 29, ""task_id"": 0}, {""client_id"": 76, ""task_id"": 1}, {""client_id"": 47, ""task_id"": 2}, {""client_id"": 99, ""task_id"": 3}, {""client_id"": 54, ""task_id"": 4}, {""client_id"": 42, ""task_id"": 5}, {""client_id"": 94, ""task_id"": 6}, {""client_id"": 65, ""task_id"": 7}, {""client_id"": 2, ""task_id"": 8}, {""client_id"": 53, ""task_id"": 9}]","[32200961, 32201958, 32202955, 32203952, 32204949, 32205946, 32206943, 32207940, 32208937, 32209934]",1,0
322,FedPhoenixRG-Excess,1,66.58999633789062,8.19500520004658,0.0,"[98, 84, 92, 26, 13, 81, 18, 54, 4, 21]","[{""client_id"": 98, ""task_id"": 0}, {""client_id"": 84, ""task_id"": 1}, {""client_id"": 92, ""task_id"": 2}, {""client_id"": 26, ""task_id"": 3}, {""client_id"": 13, ""task_id"": 4}, {""client_id"": 81, ""task_id"": 5}, {""client_id"": 18, ""task_id"": 6}, {""client_id"": 54, ""task_id"": 7}, {""client_id"": 4, ""task_id"": 8}, {""client_id"": 21, ""task_id"": 9}]","[32300964, 32301961, 32302958, 32303955, 32304952, 32305949, 32306946, 32307943, 32308940, 32309937]",1,0
323,FedPhoenixRG-Excess,1,72.43000030517578,8.316301699960604,0.0,"[45, 99, 5, 27, 74, 42, 43, 58, 68, 55]","[{""client_id"": 45, ""task_id"": 0}, {""client_id"": 99, ""task_id"": 1}, {""client_id"": 5, ""task_id"": 2}, {""client_id"": 27, ""task_id"": 3}, {""client_id"": 74, ""task_id"": 4}, {""client_id"": 42, ""task_id"": 5}, {""client_id"": 43, ""task_id"": 6}, {""client_id"": 58, ""task_id"": 7}, {""client_id"": 68, ""task_id"": 8}, {""client_id"": 55, ""task_id"": 9}]","[32400967, 32401964, 32402961, 32403958, 32404955, 32405952, 32406949, 32407946, 32408943, 32409940]",1,0
324,FedPhoenixRG-Excess,1,69.7699966430664,8.967739699990489,0.0,"[53, 32, 69, 2, 21, 92, 46, 0, 60, 94]","[{""client_id"": 53, ""task_id"": 0}, {""client_id"": 32, ""task_id"": 1}, {""client_id"": 69, ""task_id"": 2}, {""client_id"": 2, ""task_id"": 3}, {""client_id"": 21, ""task_id"": 4}, {""client_id"": 92, ""task_id"": 5}, {""client_id"": 46, ""task_id"": 6}, {""client_id"": 0, ""task_id"": 7}, {""client_id"": 60, ""task_id"": 8}, {""client_id"": 94, ""task_id"": 9}]","[32500970, 32501967, 32502964, 32503961, 32504958, 32505955, 32506952, 32507949, 32508946, 32509943]",1,0
325,FedPhoenixRG-Excess,1,73.6500015258789,8.134504599962384,0.0,"[5, 78, 42, 67, 16, 88, 27, 26, 55, 50]","[{""client_id"": 5, ""task_id"": 0}, {""client_id"": 78, ""task_id"": 1}, {""client_id"": 42, ""task_id"": 2}, {""client_id"": 67, ""task_id"": 3}, {""client_id"": 16, ""task_id"": 4}, {""client_id"": 88, ""task_id"": 5}, {""client_id"": 27, ""task_id"": 6}, {""client_id"": 26, ""task_id"": 7}, {""client_id"": 55, ""task_id"": 8}, {""client_id"": 50, ""task_id"": 9}]","[32600973, 32601970, 32602967, 32603964, 32604961, 32605958, 32606955, 32607952, 32608949, 32609946]",1,0
326,FedPhoenixRG-Excess,1,76.08999633789062,9.343039600003976,0.0,"[92, 38, 23, 87, 14, 63, 3, 27, 77, 95]","[{""client_id"": 92, ""task_id"": 0}, {""client_id"": 38, ""task_id"": 1}, {""client_id"": 23, ""task_id"": 2}, {""client_id"": 87, ""task_id"": 3}, {""client_id"": 14, ""task_id"": 4}, {""client_id"": 63, ""task_id"": 5}, {""client_id"": 3, ""task_id"": 6}, {""client_id"": 27, ""task_id"": 7}, {""client_id"": 77, ""task_id"": 8}, {""client_id"": 95, ""task_id"": 9}]","[32700976, 32701973, 32702970, 32703967, 32704964, 32705961, 32706958, 32707955, 32708952, 32709949]",1,0
327,FedPhoenixRG-Excess,1,77.93000030517578,9.22058060002746,0.0,"[29, 67, 66, 87, 18, 85, 35, 74, 80, 52]","[{""client_id"": 29, ""task_id"": 0}, {""client_id"": 67, ""task_id"": 1}, {""client_id"": 66, ""task_id"": 2}, {""client_id"": 87, ""task_id"": 3}, {""client_id"": 18, ""task_id"": 4}, {""client_id"": 85, ""task_id"": 5}, {""client_id"": 35, ""task_id"": 6}, {""client_id"": 74, ""task_id"": 7}, {""client_id"": 80, ""task_id"": 8}, {""client_id"": 52, ""task_id"": 9}]","[32800979, 32801976, 32802973, 32803970, 32804967, 32805964, 32806961, 32807958, 32808955, 32809952]",1,0
328,FedPhoenixRG-Excess,1,74.2300033569336,9.08006629999727,0.0,"[47, 62, 71, 91, 96, 12, 35, 86, 45, 40]","[{""client_id"": 47, ""task_id"": 0}, {""client_id"": 62, ""task_id"": 1}, {""client_id"": 71, ""task_id"": 2}, {""client_id"": 91, ""task_id"": 3}, {""client_id"": 96, ""task_id"": 4}, {""client_id"": 12, ""task_id"": 5}, {""client_id"": 35, ""task_id"": 6}, {""client_id"": 86, ""task_id"": 7}, {""client_id"": 45, ""task_id"": 8}, {""client_id"": 40, ""task_id"": 9}]","[32900982, 32901979, 32902976, 32903973, 32904970, 32905967, 32906964, 32907961, 32908958, 32909955]",1,0
329,FedPhoenixRG-Excess,1,76.16999816894531,8.498476600041613,0.0,"[39, 12, 80, 50, 91, 85, 21, 32, 56, 92]","[{""client_id"": 39, ""task_id"": 0}, {""client_id"": 12, ""task_id"": 1}, {""client_id"": 80, ""task_id"": 2}, {""client_id"": 50, ""task_id"": 3}, {""client_id"": 91, ""task_id"": 4}, {""client_id"": 85, ""task_id"": 5}, {""client_id"": 21, ""task_id"": 6}, {""client_id"": 32, ""task_id"": 7}, {""client_id"": 56, ""task_id"": 8}, {""client_id"": 92, ""task_id"": 9}]","[33000985, 33001982, 33002979, 33003976, 33004973, 33005970, 33006967, 33007964, 33008961, 33009958]",1,0
330,FedPhoenixRG-Excess,1,74.6500015258789,11.29084359999979,0.0,"[87, 43, 52, 25, 81, 93, 23, 13, 20, 16]","[{""client_id"": 87, ""task_id"": 0}, {""client_id"": 43, ""task_id"": 1}, {""client_id"": 52, ""task_id"": 2}, {""client_id"": 25, ""task_id"": 3}, {""client_id"": 81, ""task_id"": 4}, {""client_id"": 93, ""task_id"": 5}, {""client_id"": 23, ""task_id"": 6}, {""client_id"": 13, ""task_id"": 7}, {""client_id"": 20, ""task_id"": 8}, {""client_id"": 16, ""task_id"": 9}]","[33100988, 33101985, 33102982, 33103979, 33104976, 33105973, 33106970, 33107967, 33108964, 33109961]",1,0
331,FedPhoenixRG-Excess,1,67.91999816894531,9.341596899961587,0.0,"[64, 78, 70, 54, 6, 83, 13, 48, 14, 77]","[{""client_id"": 64, ""task_id"": 0}, {""client_id"": 78, ""task_id"": 1}, {""client_id"": 70, ""task_id"": 2}, {""client_id"": 54, ""task_id"": 3}, {""client_id"": 6, ""task_id"": 4}, {""client_id"": 83, ""task_id"": 5}, {""client_id"": 13, ""task_id"": 6}, {""client_id"": 48, ""task_id"": 7}, {""client_id"": 14, ""task_id"": 8}, {""client_id"": 77, ""task_id"": 9}]","[33200991, 33201988, 33202985, 33203982, 33204979, 33205976, 33206973, 33207970, 33208967, 33209964]",1,0
332,FedPhoenixRG-Excess,1,72.12000274658203,9.330061000015121,0.0,"[98, 49, 37, 78, 75, 62, 24, 13, 30, 32]","[{""client_id"": 98, ""task_id"": 0}, {""client_id"": 49, ""task_id"": 1}, {""client_id"": 37, ""task_id"": 2}, {""client_id"": 78, ""task_id"": 3}, {""client_id"": 75, ""task_id"": 4}, {""client_id"": 62, ""task_id"": 5}, {""client_id"": 24, ""task_id"": 6}, {""client_id"": 13, ""task_id"": 7}, {""client_id"": 30, ""task_id"": 8}, {""client_id"": 32, ""task_id"": 9}]","[33300994, 33301991, 33302988, 33303985, 33304982, 33305979, 33306976, 33307973, 33308970, 33309967]",1,0
333,FedPhoenixRG-Excess,1,76.88999938964844,9.629981699981727,0.0,"[43, 17, 81, 55, 86, 96, 97, 93, 71, 88]","[{""client_id"": 43, ""task_id"": 0}, {""client_id"": 17, ""task_id"": 1}, {""client_id"": 81, ""task_id"": 2}, {""client_id"": 55, ""task_id"": 3}, {""client_id"": 86, ""task_id"": 4}, {""client_id"": 96, ""task_id"": 5}, {""client_id"": 97, ""task_id"": 6}, {""client_id"": 93, ""task_id"": 7}, {""client_id"": 71, ""task_id"": 8}, {""client_id"": 88, ""task_id"": 9}]","[33400997, 33401994, 33402991, 33403988, 33404985, 33405982, 33406979, 33407976, 33408973, 33409970]",1,0
334,FedPhoenixRG-Excess,1,74.8499984741211,10.309091400005855,0.0,"[62, 58, 77, 68, 49, 22, 25, 78, 66, 38]","[{""client_id"": 62, ""task_id"": 0}, {""client_id"": 58, ""task_id"": 1}, {""client_id"": 77, ""task_id"": 2}, {""client_id"": 68, ""task_id"": 3}, {""client_id"": 49, ""task_id"": 4}, {""client_id"": 22, ""task_id"": 5}, {""client_id"": 25, ""task_id"": 6}, {""client_id"": 78, ""task_id"": 7}, {""client_id"": 66, ""task_id"": 8}, {""client_id"": 38, ""task_id"": 9}]","[33501000, 33501997, 33502994, 33503991, 33504988, 33505985, 33506982, 33507979, 33508976, 33509973]",1,0
335,FedPhoenixRG-Excess,1,78.01000213623047,8.598885699990205,0.0,"[59, 19, 35, 71, 64, 99, 76, 48, 15, 32]","[{""client_id"": 59, ""task_id"": 0}, {""client_id"": 19, ""task_id"": 1}, {""client_id"": 35, ""task_id"": 2}, {""client_id"": 71, ""task_id"": 3}, {""client_id"": 64, ""task_id"": 4}, {""client_id"": 99, ""task_id"": 5}, {""client_id"": 76, ""task_id"": 6}, {""client_id"": 48, ""task_id"": 7}, {""client_id"": 15, ""task_id"": 8}, {""client_id"": 32, ""task_id"": 9}]","[33601003, 33602000, 33602997, 33603994, 33604991, 33605988, 33606985, 33607982, 33608979, 33609976]",1,0
336,FedPhoenixRG-Excess,1,76.8499984741211,8.90626879996853,0.0,"[35, 56, 94, 97, 47, 16, 78, 1, 53, 49]","[{""client_id"": 35, ""task_id"": 0}, {""client_id"": 56, ""task_id"": 1}, {""client_id"": 94, ""task_id"": 2}, {""client_id"": 97, ""task_id"": 3}, {""client_id"": 47, ""task_id"": 4}, {""client_id"": 16, ""task_id"": 5}, {""client_id"": 78, ""task_id"": 6}, {""client_id"": 1, ""task_id"": 7}, {""client_id"": 53, ""task_id"": 8}, {""client_id"": 49, ""task_id"": 9}]","[33701006, 33702003, 33703000, 33703997, 33704994, 33705991, 33706988, 33707985, 33708982, 33709979]",1,0
337,FedPhoenixRG-Excess,1,75.87999725341797,9.768501499958802,0.0,"[7, 46, 61, 24, 34, 8, 76, 42, 36, 98]","[{""client_id"": 7, ""task_id"": 0}, {""client_id"": 46, ""task_id"": 1}, {""client_id"": 61, ""task_id"": 2}, {""client_id"": 24, ""task_id"": 3}, {""client_id"": 34, ""task_id"": 4}, {""client_id"": 8, ""task_id"": 5}, {""client_id"": 76, ""task_id"": 6}, {""client_id"": 42, ""task_id"": 7}, {""client_id"": 36, ""task_id"": 8}, {""client_id"": 98, ""task_id"": 9}]","[33801009, 33802006, 33803003, 33804000, 33804997, 33805994, 33806991, 33807988, 33808985, 33809982]",1,0
338,FedPhoenixRG-Excess,1,79.02999877929688,8.59983950003516,0.0,"[21, 72, 12, 24, 31, 74, 77, 56, 73, 44]","[{""client_id"": 21, ""task_id"": 0}, {""client_id"": 72, ""task_id"": 1}, {""client_id"": 12, ""task_id"": 2}, {""client_id"": 24, ""task_id"": 3}, {""client_id"": 31, ""task_id"": 4}, {""client_id"": 74, ""task_id"": 5}, {""client_id"": 77, ""task_id"": 6}, {""client_id"": 56, ""task_id"": 7}, {""client_id"": 73, ""task_id"": 8}, {""client_id"": 44, ""task_id"": 9}]","[33901012, 33902009, 33903006, 33904003, 33905000, 33905997, 33906994, 33907991, 33908988, 33909985]",1,0
339,FedPhoenixRG-Excess,1,73.62999725341797,11.000328299996909,0.0,"[25, 46, 31, 75, 77, 90, 65, 69, 52, 99]","[{""client_id"": 25, ""task_id"": 0}, {""client_id"": 46, ""task_id"": 1}, {""client_id"": 31, ""task_id"": 2}, {""client_id"": 75, ""task_id"": 3}, {""client_id"": 77, ""task_id"": 4}, {""client_id"": 90, ""task_id"": 5}, {""client_id"": 65, ""task_id"": 6}, {""client_id"": 69, ""task_id"": 7}, {""client_id"": 52, ""task_id"": 8}, {""client_id"": 99, ""task_id"": 9}]","[34001015, 34002012, 34003009, 34004006, 34005003, 34006000, 34006997, 34007994, 34008991, 34009988]",1,0
340,FedPhoenixRG-Excess,1,75.19000244140625,9.765186699980404,0.0,"[83, 19, 96, 66, 7, 59, 18, 62, 72, 22]","[{""client_id"": 83, ""task_id"": 0}, {""client_id"": 19, ""task_id"": 1}, {""client_id"": 96, ""task_id"": 2}, {""client_id"": 66, ""task_id"": 3}, {""client_id"": 7, ""task_id"": 4}, {""client_id"": 59, ""task_id"": 5}, {""client_id"": 18, ""task_id"": 6}, {""client_id"": 62, ""task_id"": 7}, {""client_id"": 72, ""task_id"": 8}, {""client_id"": 22, ""task_id"": 9}]","[34101018, 34102015, 34103012, 34104009, 34105006, 34106003, 34107000, 34107997, 34108994, 34109991]",1,1
341,FedPhoenixRG-Excess,1,61.84000015258789,11.273350799980108,0.0,"[87, 11, 77, 20, 41, 17, 86, 95, 44, 24]","[{""client_id"": 87, ""task_id"": 0}, {""client_id"": 11, ""task_id"": 1}, {""client_id"": 77, ""task_id"": 2}, {""client_id"": 20, ""task_id"": 3}, {""client_id"": 41, ""task_id"": 4}, {""client_id"": 17, ""task_id"": 5}, {""client_id"": 86, ""task_id"": 6}, {""client_id"": 95, ""task_id"": 7}, {""client_id"": 44, ""task_id"": 8}, {""client_id"": 24, ""task_id"": 9}]","[34201021, 34202018, 34203015, 34204012, 34205009, 34206006, 34207003, 34208000, 34208997, 34209994]",1,0
342,FedPhoenixRG-Excess,1,76.52999877929688,11.69677540002158,0.0,"[56, 20, 94, 49, 25, 97, 23, 41, 26, 81]","[{""client_id"": 56, ""task_id"": 0}, {""client_id"": 20, ""task_id"": 1}, {""client_id"": 94, ""task_id"": 2}, {""client_id"": 49, ""task_id"": 3}, {""client_id"": 25, ""task_id"": 4}, {""client_id"": 97, ""task_id"": 5}, {""client_id"": 23, ""task_id"": 6}, {""client_id"": 41, ""task_id"": 7}, {""client_id"": 26, ""task_id"": 8}, {""client_id"": 81, ""task_id"": 9}]","[34301024, 34302021, 34303018, 34304015, 34305012, 34306009, 34307006, 34308003, 34309000, 34309997]",1,0
343,FedPhoenixRG-Excess,1,66.04000091552734,9.269766899989918,0.0,"[15, 46, 44, 59, 57, 86, 27, 87, 43, 79]","[{""client_id"": 15, ""task_id"": 0}, {""client_id"": 46, ""task_id"": 1}, {""client_id"": 44, ""task_id"": 2}, {""client_id"": 59, ""task_id"": 3}, {""client_id"": 57, ""task_id"": 4}, {""client_id"": 86, ""task_id"": 5}, {""client_id"": 27, ""task_id"": 6}, {""client_id"": 87, ""task_id"": 7}, {""client_id"": 43, ""task_id"": 8}, {""client_id"": 79, ""task_id"": 9}]","[34401027, 34402024, 34403021, 34404018, 34405015, 34406012, 34407009, 34408006, 34409003, 34410000]",1,0
344,FedPhoenixRG-Excess,1,74.47000122070312,10.1713454000419,0.0,"[96, 20, 73, 29, 69, 22, 0, 31, 14, 3]","[{""client_id"": 96, ""task_id"": 0}, {""client_id"": 20, ""task_id"": 1}, {""client_id"": 73, ""task_id"": 2}, {""client_id"": 29, ""task_id"": 3}, {""client_id"": 69, ""task_id"": 4}, {""client_id"": 22, ""task_id"": 5}, {""client_id"": 0, ""task_id"": 6}, {""client_id"": 31, ""task_id"": 7}, {""client_id"": 14, ""task_id"": 8}, {""client_id"": 3, ""task_id"": 9}]","[34501030, 34502027, 34503024, 34504021, 34505018, 34506015, 34507012, 34508009, 34509006, 34510003]",1,0
345,FedPhoenixRG-Excess,1,74.94999694824219,9.25076230004197,0.0,"[45, 89, 10, 75, 81, 25, 42, 26, 64, 50]","[{""client_id"": 45, ""task_id"": 0}, {""client_id"": 89, ""task_id"": 1}, {""client_id"": 10, ""task_id"": 2}, {""client_id"": 75, ""task_id"": 3}, {""client_id"": 81, ""task_id"": 4}, {""client_id"": 25, ""task_id"": 5}, {""client_id"": 42, ""task_id"": 6}, {""client_id"": 26, ""task_id"": 7}, {""client_id"": 64, ""task_id"": 8}, {""client_id"": 50, ""task_id"": 9}]","[34601033, 34602030, 34603027, 34604024, 34605021, 34606018, 34607015, 34608012, 34609009, 34610006]",1,0
346,FedPhoenixRG-Excess,1,76.68000030517578,10.607375200022943,0.0,"[53, 97, 35, 42, 14, 45, 7, 16, 6, 75]","[{""client_id"": 53, ""task_id"": 0}, {""client_id"": 97, ""task_id"": 1}, {""client_id"": 35, ""task_id"": 2}, {""client_id"": 42, ""task_id"": 3}, {""client_id"": 14, ""task_id"": 4}, {""client_id"": 45, ""task_id"": 5}, {""client_id"": 7, ""task_id"": 6}, {""client_id"": 16, ""task_id"": 7}, {""client_id"": 6, ""task_id"": 8}, {""client_id"": 75, ""task_id"": 9}]","[34701036, 34702033, 34703030, 34704027, 34705024, 34706021, 34707018, 34708015, 34709012, 34710009]",1,0
347,FedPhoenixRG-Excess,1,67.9800033569336,11.682996099989396,0.0,"[65, 14, 48, 6, 52, 10, 22, 90, 72, 64]","[{""client_id"": 65, ""task_id"": 0}, {""client_id"": 14, ""task_id"": 1}, {""client_id"": 48, ""task_id"": 2}, {""client_id"": 6, ""task_id"": 3}, {""client_id"": 52, ""task_id"": 4}, {""client_id"": 10, ""task_id"": 5}, {""client_id"": 22, ""task_id"": 6}, {""client_id"": 90, ""task_id"": 7}, {""client_id"": 72, ""task_id"": 8}, {""client_id"": 64, ""task_id"": 9}]","[34801039, 34802036, 34803033, 34804030, 34805027, 34806024, 34807021, 34808018, 34809015, 34810012]",1,0
348,FedPhoenixRG-Excess,1,68.13999938964844,9.979006699984893,0.0,"[92, 46, 33, 99, 32, 67, 94, 49, 62, 16]","[{""client_id"": 92, ""task_id"": 0}, {""client_id"": 46, ""task_id"": 1}, {""client_id"": 33, ""task_id"": 2}, {""client_id"": 99, ""task_id"": 3}, {""client_id"": 32, ""task_id"": 4}, {""client_id"": 67, ""task_id"": 5}, {""client_id"": 94, ""task_id"": 6}, {""client_id"": 49, ""task_id"": 7}, {""client_id"": 62, ""task_id"": 8}, {""client_id"": 16, ""task_id"": 9}]","[34901042, 34902039, 34903036, 34904033, 34905030, 34906027, 34907024, 34908021, 34909018, 34910015]",1,0
349,FedPhoenixRG-Excess,1,78.05000305175781,10.727397999959067,0.0,"[75, 49, 60, 86, 73, 87, 21, 50, 20, 88]","[{""client_id"": 75, ""task_id"": 0}, {""client_id"": 49, ""task_id"": 1}, {""client_id"": 60, ""task_id"": 2}, {""client_id"": 86, ""task_id"": 3}, {""client_id"": 73, ""task_id"": 4}, {""client_id"": 87, ""task_id"": 5}, {""client_id"": 21, ""task_id"": 6}, {""client_id"": 50, ""task_id"": 7}, {""client_id"": 20, ""task_id"": 8}, {""client_id"": 88, ""task_id"": 9}]","[35001045, 35002042, 35003039, 35004036, 35005033, 35006030, 35007027, 35008024, 35009021, 35010018]",1,0
350,FedPhoenixRG-Excess,1,77.41999816894531,11.2529574999935,0.0,"[36, 94, 56, 7, 62, 71, 47, 61, 0, 9]","[{""client_id"": 36, ""task_id"": 0}, {""client_id"": 94, ""task_id"": 1}, {""client_id"": 56, ""task_id"": 2}, {""client_id"": 7, ""task_id"": 3}, {""client_id"": 62, ""task_id"": 4}, {""client_id"": 71, ""task_id"": 5}, {""client_id"": 47, ""task_id"": 6}, {""client_id"": 61, ""task_id"": 7}, {""client_id"": 0, ""task_id"": 8}, {""client_id"": 9, ""task_id"": 9}]","[35101048, 35102045, 35103042, 35104039, 35105036, 35106033, 35107030, 35108027, 35109024, 35110021]",1,0
351,FedPhoenixRG-Excess,1,73.79000091552734,9.527166099986061,0.0,"[38, 32, 33, 88, 56, 14, 11, 28, 40, 90]","[{""client_id"": 38, ""task_id"": 0}, {""client_id"": 32, ""task_id"": 1}, {""client_id"": 33, ""task_id"": 2}, {""client_id"": 88, ""task_id"": 3}, {""client_id"": 56, ""task_id"": 4}, {""client_id"": 14, ""task_id"": 5}, {""client_id"": 11, ""task_id"": 6}, {""client_id"": 28, ""task_id"": 7}, {""client_id"": 40, ""task_id"": 8}, {""client_id"": 90, ""task_id"": 9}]","[35201051, 35202048, 35203045, 35204042, 35205039, 35206036, 35207033, 35208030, 35209027, 35210024]",1,0
352,FedPhoenixRG-Excess,1,78.41999816894531,9.456397199945059,0.0,"[10, 72, 91, 66, 52, 12, 3, 53, 77, 25]","[{""client_id"": 10, ""task_id"": 0}, {""client_id"": 72, ""task_id"": 1}, {""client_id"": 91, ""task_id"": 2}, {""client_id"": 66, ""task_id"": 3}, {""client_id"": 52, ""task_id"": 4}, {""client_id"": 12, ""task_id"": 5}, {""client_id"": 3, ""task_id"": 6}, {""client_id"": 53, ""task_id"": 7}, {""client_id"": 77, ""task_id"": 8}, {""client_id"": 25, ""task_id"": 9}]","[35301054, 35302051, 35303048, 35304045, 35305042, 35306039, 35307036, 35308033, 35309030, 35310027]",1,0
353,FedPhoenixRG-Excess,1,71.93000030517578,13.296095800003968,0.0,"[49, 23, 19, 11, 60, 10, 65, 47, 54, 57]","[{""client_id"": 49, ""task_id"": 0}, {""client_id"": 23, ""task_id"": 1}, {""client_id"": 19, ""task_id"": 2}, {""client_id"": 11, ""task_id"": 3}, {""client_id"": 60, ""task_id"": 4}, {""client_id"": 10, ""task_id"": 5}, {""client_id"": 65, ""task_id"": 6}, {""client_id"": 47, ""task_id"": 7}, {""client_id"": 54, ""task_id"": 8}, {""client_id"": 57, ""task_id"": 9}]","[35401057, 35402054, 35403051, 35404048, 35405045, 35406042, 35407039, 35408036, 35409033, 35410030]",1,0
354,FedPhoenixRG-Excess,1,72.86000061035156,8.714885200024582,0.0,"[67, 12, 18, 90, 39, 34, 86, 35, 56, 54]","[{""client_id"": 67, ""task_id"": 0}, {""client_id"": 12, ""task_id"": 1}, {""client_id"": 18, ""task_id"": 2}, {""client_id"": 90, ""task_id"": 3}, {""client_id"": 39, ""task_id"": 4}, {""client_id"": 34, ""task_id"": 5}, {""client_id"": 86, ""task_id"": 6}, {""client_id"": 35, ""task_id"": 7}, {""client_id"": 56, ""task_id"": 8}, {""client_id"": 54, ""task_id"": 9}]","[35501060, 35502057, 35503054, 35504051, 35505048, 35506045, 35507042, 35508039, 35509036, 35510033]",1,0
355,FedPhoenixRG-Excess,1,70.45999908447266,10.081430299964268,0.0,"[64, 58, 53, 22, 48, 57, 6, 2, 56, 83]","[{""client_id"": 64, ""task_id"": 0}, {""client_id"": 58, ""task_id"": 1}, {""client_id"": 53, ""task_id"": 2}, {""client_id"": 22, ""task_id"": 3}, {""client_id"": 48, ""task_id"": 4}, {""client_id"": 57, ""task_id"": 5}, {""client_id"": 6, ""task_id"": 6}, {""client_id"": 2, ""task_id"": 7}, {""client_id"": 56, ""task_id"": 8}, {""client_id"": 83, ""task_id"": 9}]","[35601063, 35602060, 35603057, 35604054, 35605051, 35606048, 35607045, 35608042, 35609039, 35610036]",1,0
356,FedPhoenixRG-Excess,1,75.27999877929688,9.484325999976136,0.0,"[31, 95, 5, 51, 80, 74, 19, 39, 6, 0]","[{""client_id"": 31, ""task_id"": 0}, {""client_id"": 95, ""task_id"": 1}, {""client_id"": 5, ""task_id"": 2}, {""client_id"": 51, ""task_id"": 3}, {""client_id"": 80, ""task_id"": 4}, {""client_id"": 74, ""task_id"": 5}, {""client_id"": 19, ""task_id"": 6}, {""client_id"": 39, ""task_id"": 7}, {""client_id"": 6, ""task_id"": 8}, {""client_id"": 0, ""task_id"": 9}]","[35701066, 35702063, 35703060, 35704057, 35705054, 35706051, 35707048, 35708045, 35709042, 35710039]",1,0
357,FedPhoenixRG-Excess,1,77.95999908447266,7.796231799991801,0.0,"[34, 15, 99, 59, 12, 98, 72, 45, 51, 26]","[{""client_id"": 34, ""task_id"": 0}, {""client_id"": 15, ""task_id"": 1}, {""client_id"": 99, ""task_id"": 2}, {""client_id"": 59, ""task_id"": 3}, {""client_id"": 12, ""task_id"": 4}, {""client_id"": 98, ""task_id"": 5}, {""client_id"": 72, ""task_id"": 6}, {""client_id"": 45, ""task_id"": 7}, {""client_id"": 51, ""task_id"": 8}, {""client_id"": 26, ""task_id"": 9}]","[35801069, 35802066, 35803063, 35804060, 35805057, 35806054, 35807051, 35808048, 35809045, 35810042]",1,0
358,FedPhoenixRG-Excess,1,78.22000122070312,10.553236799954902,0.0,"[56, 82, 46, 23, 12, 66, 62, 41, 72, 53]","[{""client_id"": 56, ""task_id"": 0}, {""client_id"": 82, ""task_id"": 1}, {""client_id"": 46, ""task_id"": 2}, {""client_id"": 23, ""task_id"": 3}, {""client_id"": 12, ""task_id"": 4}, {""client_id"": 66, ""task_id"": 5}, {""client_id"": 62, ""task_id"": 6}, {""client_id"": 41, ""task_id"": 7}, {""client_id"": 72, ""task_id"": 8}, {""client_id"": 53, ""task_id"": 9}]","[35901072, 35902069, 35903066, 35904063, 35905060, 35906057, 35907054, 35908051, 35909048, 35910045]",1,0
359,FedPhoenixRG-Excess,1,71.13999938964844,10.085401199990883,0.0,"[73, 12, 6, 9, 3, 28, 32, 19, 16, 91]","[{""client_id"": 73, ""task_id"": 0}, {""client_id"": 12, ""task_id"": 1}, {""client_id"": 6, ""task_id"": 2}, {""client_id"": 9, ""task_id"": 3}, {""client_id"": 3, ""task_id"": 4}, {""client_id"": 28, ""task_id"": 5}, {""client_id"": 32, ""task_id"": 6}, {""client_id"": 19, ""task_id"": 7}, {""client_id"": 16, ""task_id"": 8}, {""client_id"": 91, ""task_id"": 9}]","[36001075, 36002072, 36003069, 36004066, 36005063, 36006060, 36007057, 36008054, 36009051, 36010048]",1,0
360,FedPhoenixRG-Excess,1,73.69999694824219,9.524801000021398,0.0,"[86, 31, 87, 43, 22, 54, 49, 25, 26, 3]","[{""client_id"": 86, ""task_id"": 0}, {""client_id"": 31, ""task_id"": 1}, {""client_id"": 87, ""task_id"": 2}, {""client_id"": 43, ""task_id"": 3}, {""client_id"": 22, ""task_id"": 4}, {""client_id"": 54, ""task_id"": 5}, {""client_id"": 49, ""task_id"": 6}, {""client_id"": 25, ""task_id"": 7}, {""client_id"": 26, ""task_id"": 8}, {""client_id"": 3, ""task_id"": 9}]","[36101078, 36102075, 36103072, 36104069, 36105066, 36106063, 36107060, 36108057, 36109054, 36110051]",1,1
361,FedPhoenixRG-Excess,1,69.19000244140625,10.226482400030363,0.0,"[42, 81, 7, 82, 70, 13, 16, 2, 41, 50]","[{""client_id"": 42, ""task_id"": 0}, {""client_id"": 81, ""task_id"": 1}, {""client_id"": 7, ""task_id"": 2}, {""client_id"": 82, ""task_id"": 3}, {""client_id"": 70, ""task_id"": 4}, {""client_id"": 13, ""task_id"": 5}, {""client_id"": 16, ""task_id"": 6}, {""client_id"": 2, ""task_id"": 7}, {""client_id"": 41, ""task_id"": 8}, {""client_id"": 50, ""task_id"": 9}]","[36201081, 36202078, 36203075, 36204072, 36205069, 36206066, 36207063, 36208060, 36209057, 36210054]",1,0
362,FedPhoenixRG-Excess,1,67.51000213623047,9.98794129997259,0.0,"[76, 47, 70, 78, 12, 43, 13, 91, 68, 23]","[{""client_id"": 76, ""task_id"": 0}, {""client_id"": 47, ""task_id"": 1}, {""client_id"": 70, ""task_id"": 2}, {""client_id"": 78, ""task_id"": 3}, {""client_id"": 12, ""task_id"": 4}, {""client_id"": 43, ""task_id"": 5}, {""client_id"": 13, ""task_id"": 6}, {""client_id"": 91, ""task_id"": 7}, {""client_id"": 68, ""task_id"": 8}, {""client_id"": 23, ""task_id"": 9}]","[36301084, 36302081, 36303078, 36304075, 36305072, 36306069, 36307066, 36308063, 36309060, 36310057]",1,0
363,FedPhoenixRG-Excess,1,69.0999984741211,9.344837599957827,0.0,"[81, 66, 89, 67, 24, 96, 37, 48, 56, 26]","[{""client_id"": 81, ""task_id"": 0}, {""client_id"": 66, ""task_id"": 1}, {""client_id"": 89, ""task_id"": 2}, {""client_id"": 67, ""task_id"": 3}, {""client_id"": 24, ""task_id"": 4}, {""client_id"": 96, ""task_id"": 5}, {""client_id"": 37, ""task_id"": 6}, {""client_id"": 48, ""task_id"": 7}, {""client_id"": 56, ""task_id"": 8}, {""client_id"": 26, ""task_id"": 9}]","[36401087, 36402084, 36403081, 36404078, 36405075, 36406072, 36407069, 36408066, 36409063, 36410060]",1,0
364,FedPhoenixRG-Excess,1,67.79000091552734,11.14560970000457,0.0,"[32, 65, 11, 40, 84, 60, 8, 33, 54, 31]","[{""client_id"": 32, ""task_id"": 0}, {""client_id"": 65, ""task_id"": 1}, {""client_id"": 11, ""task_id"": 2}, {""client_id"": 40, ""task_id"": 3}, {""client_id"": 84, ""task_id"": 4}, {""client_id"": 60, ""task_id"": 5}, {""client_id"": 8, ""task_id"": 6}, {""client_id"": 33, ""task_id"": 7}, {""client_id"": 54, ""task_id"": 8}, {""client_id"": 31, ""task_id"": 9}]","[36501090, 36502087, 36503084, 36504081, 36505078, 36506075, 36507072, 36508069, 36509066, 36510063]",1,0
365,FedPhoenixRG-Excess,1,69.22000122070312,9.062500900006853,0.0,"[28, 36, 74, 56, 27, 70, 94, 4, 76, 71]","[{""client_id"": 28, ""task_id"": 0}, {""client_id"": 36, ""task_id"": 1}, {""client_id"": 74, ""task_id"": 2}, {""client_id"": 56, ""task_id"": 3}, {""client_id"": 27, ""task_id"": 4}, {""client_id"": 70, ""task_id"": 5}, {""client_id"": 94, ""task_id"": 6}, {""client_id"": 4, ""task_id"": 7}, {""client_id"": 76, ""task_id"": 8}, {""client_id"": 71, ""task_id"": 9}]","[36601093, 36602090, 36603087, 36604084, 36605081, 36606078, 36607075, 36608072, 36609069, 36610066]",1,0
366,FedPhoenixRG-Excess,1,74.79000091552734,9.43348770000739,0.0,"[21, 13, 24, 12, 56, 94, 63, 26, 97, 82]","[{""client_id"": 21, ""task_id"": 0}, {""client_id"": 13, ""task_id"": 1}, {""client_id"": 24, ""task_id"": 2}, {""client_id"": 12, ""task_id"": 3}, {""client_id"": 56, ""task_id"": 4}, {""client_id"": 94, ""task_id"": 5}, {""client_id"": 63, ""task_id"": 6}, {""client_id"": 26, ""task_id"": 7}, {""client_id"": 97, ""task_id"": 8}, {""client_id"": 82, ""task_id"": 9}]","[36701096, 36702093, 36703090, 36704087, 36705084, 36706081, 36707078, 36708075, 36709072, 36710069]",1,0
367,FedPhoenixRG-Excess,1,72.4800033569336,10.184457600000314,0.0,"[53, 79, 31, 11, 93, 82, 34, 67, 49, 19]","[{""client_id"": 53, ""task_id"": 0}, {""client_id"": 79, ""task_id"": 1}, {""client_id"": 31, ""task_id"": 2}, {""client_id"": 11, ""task_id"": 3}, {""client_id"": 93, ""task_id"": 4}, {""client_id"": 82, ""task_id"": 5}, {""client_id"": 34, ""task_id"": 6}, {""client_id"": 67, ""task_id"": 7}, {""client_id"": 49, ""task_id"": 8}, {""client_id"": 19, ""task_id"": 9}]","[36801099, 36802096, 36803093, 36804090, 36805087, 36806084, 36807081, 36808078, 36809075, 36810072]",1,0
368,FedPhoenixRG-Excess,1,74.52999877929688,8.847945699992124,0.0,"[74, 50, 98, 96, 62, 16, 10, 78, 70, 25]","[{""client_id"": 74, ""task_id"": 0}, {""client_id"": 50, ""task_id"": 1}, {""client_id"": 98, ""task_id"": 2}, {""client_id"": 96, ""task_id"": 3}, {""client_id"": 62, ""task_id"": 4}, {""client_id"": 16, ""task_id"": 5}, {""client_id"": 10, ""task_id"": 6}, {""client_id"": 78, ""task_id"": 7}, {""client_id"": 70, ""task_id"": 8}, {""client_id"": 25, ""task_id"": 9}]","[36901102, 36902099, 36903096, 36904093, 36905090, 36906087, 36907084, 36908081, 36909078, 36910075]",1,0
369,FedPhoenixRG-Excess,1,72.4000015258789,10.007828400004655,0.0,"[22, 5, 87, 67, 61, 52, 79, 95, 36, 96]","[{""client_id"": 22, ""task_id"": 0}, {""client_id"": 5, ""task_id"": 1}, {""client_id"": 87, ""task_id"": 2}, {""client_id"": 67, ""task_id"": 3}, {""client_id"": 61, ""task_id"": 4}, {""client_id"": 52, ""task_id"": 5}, {""client_id"": 79, ""task_id"": 6}, {""client_id"": 95, ""task_id"": 7}, {""client_id"": 36, ""task_id"": 8}, {""client_id"": 96, ""task_id"": 9}]","[37001105, 37002102, 37003099, 37004096, 37005093, 37006090, 37007087, 37008084, 37009081, 37010078]",1,0
370,FedPhoenixRG-Excess,1,69.91000366210938,10.256707099964842,0.0,"[45, 91, 50, 81, 37, 4, 95, 82, 58, 63]","[{""client_id"": 45, ""task_id"": 0}, {""client_id"": 91, ""task_id"": 1}, {""client_id"": 50, ""task_id"": 2}, {""client_id"": 81, ""task_id"": 3}, {""client_id"": 37, ""task_id"": 4}, {""client_id"": 4, ""task_id"": 5}, {""client_id"": 95, ""task_id"": 6}, {""client_id"": 82, ""task_id"": 7}, {""client_id"": 58, ""task_id"": 8}, {""client_id"": 63, ""task_id"": 9}]","[37101108, 37102105, 37103102, 37104099, 37105096, 37106093, 37107090, 37108087, 37109084, 37110081]",1,0
371,FedPhoenixRG-Excess,1,75.44999694824219,10.109053199994378,0.0,"[25, 57, 47, 59, 66, 15, 19, 5, 71, 72]","[{""client_id"": 25, ""task_id"": 0}, {""client_id"": 57, ""task_id"": 1}, {""client_id"": 47, ""task_id"": 2}, {""client_id"": 59, ""task_id"": 3}, {""client_id"": 66, ""task_id"": 4}, {""client_id"": 15, ""task_id"": 5}, {""client_id"": 19, ""task_id"": 6}, {""client_id"": 5, ""task_id"": 7}, {""client_id"": 71, ""task_id"": 8}, {""client_id"": 72, ""task_id"": 9}]","[37201111, 37202108, 37203105, 37204102, 37205099, 37206096, 37207093, 37208090, 37209087, 37210084]",1,0
372,FedPhoenixRG-Excess,1,68.0199966430664,11.488161500019487,0.0,"[21, 30, 85, 19, 65, 47, 78, 90, 0, 3]","[{""client_id"": 21, ""task_id"": 0}, {""client_id"": 30, ""task_id"": 1}, {""client_id"": 85, ""task_id"": 2}, {""client_id"": 19, ""task_id"": 3}, {""client_id"": 65, ""task_id"": 4}, {""client_id"": 47, ""task_id"": 5}, {""client_id"": 78, ""task_id"": 6}, {""client_id"": 90, ""task_id"": 7}, {""client_id"": 0, ""task_id"": 8}, {""client_id"": 3, ""task_id"": 9}]","[37301114, 37302111, 37303108, 37304105, 37305102, 37306099, 37307096, 37308093, 37309090, 37310087]",1,0
373,FedPhoenixRG-Excess,1,68.48999786376953,9.394658499979414,0.0,"[5, 35, 81, 17, 75, 79, 1, 42, 18, 32]","[{""client_id"": 5, ""task_id"": 0}, {""client_id"": 35, ""task_id"": 1}, {""client_id"": 81, ""task_id"": 2}, {""client_id"": 17, ""task_id"": 3}, {""client_id"": 75, ""task_id"": 4}, {""client_id"": 79, ""task_id"": 5}, {""client_id"": 1, ""task_id"": 6}, {""client_id"": 42, ""task_id"": 7}, {""client_id"": 18, ""task_id"": 8}, {""client_id"": 32, ""task_id"": 9}]","[37401117, 37402114, 37403111, 37404108, 37405105, 37406102, 37407099, 37408096, 37409093, 37410090]",1,0
374,FedPhoenixRG-Excess,1,76.0999984741211,7.026686400000472,0.0,"[60, 98, 96, 4, 29, 31, 94, 12, 34, 43]","[{""client_id"": 60, ""task_id"": 0}, {""client_id"": 98, ""task_id"": 1}, {""client_id"": 96, ""task_id"": 2}, {""client_id"": 4, ""task_id"": 3}, {""client_id"": 29, ""task_id"": 4}, {""client_id"": 31, ""task_id"": 5}, {""client_id"": 94, ""task_id"": 6}, {""client_id"": 12, ""task_id"": 7}, {""client_id"": 34, ""task_id"": 8}, {""client_id"": 43, ""task_id"": 9}]","[37501120, 37502117, 37503114, 37504111, 37505108, 37506105, 37507102, 37508099, 37509096, 37510093]",1,0
375,FedPhoenixRG-Excess,1,75.41000366210938,10.366706700006034,0.0,"[73, 9, 92, 88, 57, 64, 44, 58, 80, 13]","[{""client_id"": 73, ""task_id"": 0}, {""client_id"": 9, ""task_id"": 1}, {""client_id"": 92, ""task_id"": 2}, {""client_id"": 88, ""task_id"": 3}, {""client_id"": 57, ""task_id"": 4}, {""client_id"": 64, ""task_id"": 5}, {""client_id"": 44, ""task_id"": 6}, {""client_id"": 58, ""task_id"": 7}, {""client_id"": 80, ""task_id"": 8}, {""client_id"": 13, ""task_id"": 9}]","[37601123, 37602120, 37603117, 37604114, 37605111, 37606108, 37607105, 37608102, 37609099, 37610096]",1,0
376,FedPhoenixRG-Excess,1,76.44000244140625,9.744636700022966,0.0,"[23, 89, 29, 26, 54, 53, 25, 59, 51, 97]","[{""client_id"": 23, ""task_id"": 0}, {""client_id"": 89, ""task_id"": 1}, {""client_id"": 29, ""task_id"": 2}, {""client_id"": 26, ""task_id"": 3}, {""client_id"": 54, ""task_id"": 4}, {""client_id"": 53, ""task_id"": 5}, {""client_id"": 25, ""task_id"": 6}, {""client_id"": 59, ""task_id"": 7}, {""client_id"": 51, ""task_id"": 8}, {""client_id"": 97, ""task_id"": 9}]","[37701126, 37702123, 37703120, 37704117, 37705114, 37706111, 37707108, 37708105, 37709102, 37710099]",1,0
377,FedPhoenixRG-Excess,1,64.66000366210938,9.093924700049683,0.0,"[62, 5, 91, 55, 57, 51, 74, 68, 64, 95]","[{""client_id"": 62, ""task_id"": 0}, {""client_id"": 5, ""task_id"": 1}, {""client_id"": 91, ""task_id"": 2}, {""client_id"": 55, ""task_id"": 3}, {""client_id"": 57, ""task_id"": 4}, {""client_id"": 51, ""task_id"": 5}, {""client_id"": 74, ""task_id"": 6}, {""client_id"": 68, ""task_id"": 7}, {""client_id"": 64, ""task_id"": 8}, {""client_id"": 95, ""task_id"": 9}]","[37801129, 37802126, 37803123, 37804120, 37805117, 37806114, 37807111, 37808108, 37809105, 37810102]",1,0
378,FedPhoenixRG-Excess,1,76.1500015258789,10.697409600019455,0.0,"[39, 78, 70, 52, 80, 73, 44, 40, 91, 55]","[{""client_id"": 39, ""task_id"": 0}, {""client_id"": 78, ""task_id"": 1}, {""client_id"": 70, ""task_id"": 2}, {""client_id"": 52, ""task_id"": 3}, {""client_id"": 80, ""task_id"": 4}, {""client_id"": 73, ""task_id"": 5}, {""client_id"": 44, ""task_id"": 6}, {""client_id"": 40, ""task_id"": 7}, {""client_id"": 91, ""task_id"": 8}, {""client_id"": 55, ""task_id"": 9}]","[37901132, 37902129, 37903126, 37904123, 37905120, 37906117, 37907114, 37908111, 37909108, 37910105]",1,0
379,FedPhoenixRG-Excess,1,77.9000015258789,9.288385600026231,0.0,"[15, 30, 88, 35, 91, 83, 29, 75, 58, 40]","[{""client_id"": 15, ""task_id"": 0}, {""client_id"": 30, ""task_id"": 1}, {""client_id"": 88, ""task_id"": 2}, {""client_id"": 35, ""task_id"": 3}, {""client_id"": 91, ""task_id"": 4}, {""client_id"": 83, ""task_id"": 5}, {""client_id"": 29, ""task_id"": 6}, {""client_id"": 75, ""task_id"": 7}, {""client_id"": 58, ""task_id"": 8}, {""client_id"": 40, ""task_id"": 9}]","[38001135, 38002132, 38003129, 38004126, 38005123, 38006120, 38007117, 38008114, 38009111, 38010108]",1,0
380,FedPhoenixRG-Excess,1,77.80000305175781,10.668956500012428,0.0,"[50, 29, 41, 49, 80, 54, 39, 37, 86, 14]","[{""client_id"": 50, ""task_id"": 0}, {""client_id"": 29, ""task_id"": 1}, {""client_id"": 41, ""task_id"": 2}, {""client_id"": 49, ""task_id"": 3}, {""client_id"": 80, ""task_id"": 4}, {""client_id"": 54, ""task_id"": 5}, {""client_id"": 39, ""task_id"": 6}, {""client_id"": 37, ""task_id"": 7}, {""client_id"": 86, ""task_id"": 8}, {""client_id"": 14, ""task_id"": 9}]","[38101138, 38102135, 38103132, 38104129, 38105126, 38106123, 38107120, 38108117, 38109114, 38110111]",1,1
381,FedPhoenixRG-Excess,1,70.44000244140625,8.337320199992973,0.0,"[90, 13, 95, 2, 99, 92, 45, 26, 69, 73]","[{""client_id"": 90, ""task_id"": 0}, {""client_id"": 13, ""task_id"": 1}, {""client_id"": 95, ""task_id"": 2}, {""client_id"": 2, ""task_id"": 3}, {""client_id"": 99, ""task_id"": 4}, {""client_id"": 92, ""task_id"": 5}, {""client_id"": 45, ""task_id"": 6}, {""client_id"": 26, ""task_id"": 7}, {""client_id"": 69, ""task_id"": 8}, {""client_id"": 73, ""task_id"": 9}]","[38201141, 38202138, 38203135, 38204132, 38205129, 38206126, 38207123, 38208120, 38209117, 38210114]",1,0
382,FedPhoenixRG-Excess,1,72.73999786376953,9.288993099995423,0.0,"[3, 42, 61, 25, 77, 11, 84, 5, 94, 28]","[{""client_id"": 3, ""task_id"": 0}, {""client_id"": 42, ""task_id"": 1}, {""client_id"": 61, ""task_id"": 2}, {""client_id"": 25, ""task_id"": 3}, {""client_id"": 77, ""task_id"": 4}, {""client_id"": 11, ""task_id"": 5}, {""client_id"": 84, ""task_id"": 6}, {""client_id"": 5, ""task_id"": 7}, {""client_id"": 94, ""task_id"": 8}, {""client_id"": 28, ""task_id"": 9}]","[38301144, 38302141, 38303138, 38304135, 38305132, 38306129, 38307126, 38308123, 38309120, 38310117]",1,0
383,FedPhoenixRG-Excess,1,70.2300033569336,10.342642200004775,0.0,"[68, 69, 13, 11, 15, 58, 84, 24, 42, 6]","[{""client_id"": 68, ""task_id"": 0}, {""client_id"": 69, ""task_id"": 1}, {""client_id"": 13, ""task_id"": 2}, {""client_id"": 11, ""task_id"": 3}, {""client_id"": 15, ""task_id"": 4}, {""client_id"": 58, ""task_id"": 5}, {""client_id"": 84, ""task_id"": 6}, {""client_id"": 24, ""task_id"": 7}, {""client_id"": 42, ""task_id"": 8}, {""client_id"": 6, ""task_id"": 9}]","[38401147, 38402144, 38403141, 38404138, 38405135, 38406132, 38407129, 38408126, 38409123, 38410120]",1,0
384,FedPhoenixRG-Excess,1,70.63999938964844,10.400951899995562,0.0,"[46, 88, 94, 6, 96, 60, 62, 95, 14, 79]","[{""client_id"": 46, ""task_id"": 0}, {""client_id"": 88, ""task_id"": 1}, {""client_id"": 94, ""task_id"": 2}, {""client_id"": 6, ""task_id"": 3}, {""client_id"": 96, ""task_id"": 4}, {""client_id"": 60, ""task_id"": 5}, {""client_id"": 62, ""task_id"": 6}, {""client_id"": 95, ""task_id"": 7}, {""client_id"": 14, ""task_id"": 8}, {""client_id"": 79, ""task_id"": 9}]","[38501150, 38502147, 38503144, 38504141, 38505138, 38506135, 38507132, 38508129, 38509126, 38510123]",1,0
385,FedPhoenixRG-Excess,1,72.23999786376953,9.234746699978132,0.0,"[21, 44, 24, 8, 40, 50, 30, 87, 11, 67]","[{""client_id"": 21, ""task_id"": 0}, {""client_id"": 44, ""task_id"": 1}, {""client_id"": 24, ""task_id"": 2}, {""client_id"": 8, ""task_id"": 3}, {""client_id"": 40, ""task_id"": 4}, {""client_id"": 50, ""task_id"": 5}, {""client_id"": 30, ""task_id"": 6}, {""client_id"": 87, ""task_id"": 7}, {""client_id"": 11, ""task_id"": 8}, {""client_id"": 67, ""task_id"": 9}]","[38601153, 38602150, 38603147, 38604144, 38605141, 38606138, 38607135, 38608132, 38609129, 38610126]",1,0
386,FedPhoenixRG-Excess,1,77.62999725341797,10.62294319999637,0.0,"[60, 55, 52, 20, 34, 45, 25, 53, 69, 10]","[{""client_id"": 60, ""task_id"": 0}, {""client_id"": 55, ""task_id"": 1}, {""client_id"": 52, ""task_id"": 2}, {""client_id"": 20, ""task_id"": 3}, {""client_id"": 34, ""task_id"": 4}, {""client_id"": 45, ""task_id"": 5}, {""client_id"": 25, ""task_id"": 6}, {""client_id"": 53, ""task_id"": 7}, {""client_id"": 69, ""task_id"": 8}, {""client_id"": 10, ""task_id"": 9}]","[38701156, 38702153, 38703150, 38704147, 38705144, 38706141, 38707138, 38708135, 38709132, 38710129]",1,0
387,FedPhoenixRG-Excess,1,77.66999816894531,10.0808393000043,0.0,"[20, 81, 86, 24, 55, 2, 59, 25, 41, 1]","[{""client_id"": 20, ""task_id"": 0}, {""client_id"": 81, ""task_id"": 1}, {""client_id"": 86, ""task_id"": 2}, {""client_id"": 24, ""task_id"": 3}, {""client_id"": 55, ""task_id"": 4}, {""client_id"": 2, ""task_id"": 5}, {""client_id"": 59, ""task_id"": 6}, {""client_id"": 25, ""task_id"": 7}, {""client_id"": 41, ""task_id"": 8}, {""client_id"": 1, ""task_id"": 9}]","[38801159, 38802156, 38803153, 38804150, 38805147, 38806144, 38807141, 38808138, 38809135, 38810132]",1,0
388,FedPhoenixRG-Excess,1,74.41000366210938,8.788994600006845,0.0,"[11, 87, 38, 42, 86, 51, 46, 73, 72, 25]","[{""client_id"": 11, ""task_id"": 0}, {""client_id"": 87, ""task_id"": 1}, {""client_id"": 38, ""task_id"": 2}, {""client_id"": 42, ""task_id"": 3}, {""client_id"": 86, ""task_id"": 4}, {""client_id"": 51, ""task_id"": 5}, {""client_id"": 46, ""task_id"": 6}, {""client_id"": 73, ""task_id"": 7}, {""client_id"": 72, ""task_id"": 8}, {""client_id"": 25, ""task_id"": 9}]","[38901162, 38902159, 38903156, 38904153, 38905150, 38906147, 38907144, 38908141, 38909138, 38910135]",1,0
389,FedPhoenixRG-Excess,1,76.91999816894531,10.040086100052577,0.0,"[20, 70, 50, 27, 3, 15, 75, 74, 57, 9]","[{""client_id"": 20, ""task_id"": 0}, {""client_id"": 70, ""task_id"": 1}, {""client_id"": 50, ""task_id"": 2}, {""client_id"": 27, ""task_id"": 3}, {""client_id"": 3, ""task_id"": 4}, {""client_id"": 15, ""task_id"": 5}, {""client_id"": 75, ""task_id"": 6}, {""client_id"": 74, ""task_id"": 7}, {""client_id"": 57, ""task_id"": 8}, {""client_id"": 9, ""task_id"": 9}]","[39001165, 39002162, 39003159, 39004156, 39005153, 39006150, 39007147, 39008144, 39009141, 39010138]",1,0
390,FedPhoenixRG-Excess,1,65.75,11.697957399999723,0.0,"[7, 9, 89, 49, 6, 15, 44, 10, 75, 47]","[{""client_id"": 7, ""task_id"": 0}, {""client_id"": 9, ""task_id"": 1}, {""client_id"": 89, ""task_id"": 2}, {""client_id"": 49, ""task_id"": 3}, {""client_id"": 6, ""task_id"": 4}, {""client_id"": 15, ""task_id"": 5}, {""client_id"": 44, ""task_id"": 6}, {""client_id"": 10, ""task_id"": 7}, {""client_id"": 75, ""task_id"": 8}, {""client_id"": 47, ""task_id"": 9}]","[39101168, 39102165, 39103162, 39104159, 39105156, 39106153, 39107150, 39108147, 39109144, 39110141]",1,0
391,FedPhoenixRG-Excess,1,70.41000366210938,8.74470250000013,0.0,"[17, 48, 84, 73, 96, 30, 98, 60, 88, 83]","[{""client_id"": 17, ""task_id"": 0}, {""client_id"": 48, ""task_id"": 1}, {""client_id"": 84, ""task_id"": 2}, {""client_id"": 73, ""task_id"": 3}, {""client_id"": 96, ""task_id"": 4}, {""client_id"": 30, ""task_id"": 5}, {""client_id"": 98, ""task_id"": 6}, {""client_id"": 60, ""task_id"": 7}, {""client_id"": 88, ""task_id"": 8}, {""client_id"": 83, ""task_id"": 9}]","[39201171, 39202168, 39203165, 39204162, 39205159, 39206156, 39207153, 39208150, 39209147, 39210144]",1,0
392,FedPhoenixRG-Excess,1,71.16000366210938,11.219744400004856,0.0,"[62, 66, 80, 78, 64, 52, 83, 33, 6, 18]","[{""client_id"": 62, ""task_id"": 0}, {""client_id"": 66, ""task_id"": 1}, {""client_id"": 80, ""task_id"": 2}, {""client_id"": 78, ""task_id"": 3}, {""client_id"": 64, ""task_id"": 4}, {""client_id"": 52, ""task_id"": 5}, {""client_id"": 83, ""task_id"": 6}, {""client_id"": 33, ""task_id"": 7}, {""client_id"": 6, ""task_id"": 8}, {""client_id"": 18, ""task_id"": 9}]","[39301174, 39302171, 39303168, 39304165, 39305162, 39306159, 39307156, 39308153, 39309150, 39310147]",1,0
393,FedPhoenixRG-Excess,1,78.83000183105469,10.285042399947997,0.0,"[64, 45, 24, 20, 10, 88, 23, 82, 22, 31]","[{""client_id"": 64, ""task_id"": 0}, {""client_id"": 45, ""task_id"": 1}, {""client_id"": 24, ""task_id"": 2}, {""client_id"": 20, ""task_id"": 3}, {""client_id"": 10, ""task_id"": 4}, {""client_id"": 88, ""task_id"": 5}, {""client_id"": 23, ""task_id"": 6}, {""client_id"": 82, ""task_id"": 7}, {""client_id"": 22, ""task_id"": 8}, {""client_id"": 31, ""task_id"": 9}]","[39401177, 39402174, 39403171, 39404168, 39405165, 39406162, 39407159, 39408156, 39409153, 39410150]",1,0
394,FedPhoenixRG-Excess,1,70.44000244140625,9.506832600047346,0.0,"[45, 71, 30, 95, 90, 73, 9, 78, 18, 49]","[{""client_id"": 45, ""task_id"": 0}, {""client_id"": 71, ""task_id"": 1}, {""client_id"": 30, ""task_id"": 2}, {""client_id"": 95, ""task_id"": 3}, {""client_id"": 90, ""task_id"": 4}, {""client_id"": 73, ""task_id"": 5}, {""client_id"": 9, ""task_id"": 6}, {""client_id"": 78, ""task_id"": 7}, {""client_id"": 18, ""task_id"": 8}, {""client_id"": 49, ""task_id"": 9}]","[39501180, 39502177, 39503174, 39504171, 39505168, 39506165, 39507162, 39508159, 39509156, 39510153]",1,0
395,FedPhoenixRG-Excess,1,67.91000366210938,8.933109599980526,0.0,"[0, 97, 59, 50, 12, 3, 93, 67, 61, 38]","[{""client_id"": 0, ""task_id"": 0}, {""client_id"": 97, ""task_id"": 1}, {""client_id"": 59, ""task_id"": 2}, {""client_id"": 50, ""task_id"": 3}, {""client_id"": 12, ""task_id"": 4}, {""client_id"": 3, ""task_id"": 5}, {""client_id"": 93, ""task_id"": 6}, {""client_id"": 67, ""task_id"": 7}, {""client_id"": 61, ""task_id"": 8}, {""client_id"": 38, ""task_id"": 9}]","[39601183, 39602180, 39603177, 39604174, 39605171, 39606168, 39607165, 39608162, 39609159, 39610156]",1,0
396,FedPhoenixRG-Excess,1,67.66000366210938,10.20038440002827,0.0,"[46, 0, 97, 70, 60, 75, 31, 95, 78, 94]","[{""client_id"": 46, ""task_id"": 0}, {""client_id"": 0, ""task_id"": 1}, {""client_id"": 97, ""task_id"": 2}, {""client_id"": 70, ""task_id"": 3}, {""client_id"": 60, ""task_id"": 4}, {""client_id"": 75, ""task_id"": 5}, {""client_id"": 31, ""task_id"": 6}, {""client_id"": 95, ""task_id"": 7}, {""client_id"": 78, ""task_id"": 8}, {""client_id"": 94, ""task_id"": 9}]","[39701186, 39702183, 39703180, 39704177, 39705174, 39706171, 39707168, 39708165, 39709162, 39710159]",1,0
397,FedPhoenixRG-Excess,1,79.2300033569336,10.698504599975422,0.0,"[20, 11, 14, 39, 31, 60, 78, 0, 81, 45]","[{""client_id"": 20, ""task_id"": 0}, {""client_id"": 11, ""task_id"": 1}, {""client_id"": 14, ""task_id"": 2}, {""client_id"": 39, ""task_id"": 3}, {""client_id"": 31, ""task_id"": 4}, {""client_id"": 60, ""task_id"": 5}, {""client_id"": 78, ""task_id"": 6}, {""client_id"": 0, ""task_id"": 7}, {""client_id"": 81, ""task_id"": 8}, {""client_id"": 45, ""task_id"": 9}]","[39801189, 39802186, 39803183, 39804180, 39805177, 39806174, 39807171, 39808168, 39809165, 39810162]",1,0
398,FedPhoenixRG-Excess,1,74.37000274658203,10.096232399984729,0.0,"[76, 80, 37, 5, 75, 62, 79, 61, 42, 53]","[{""client_id"": 76, ""task_id"": 0}, {""client_id"": 80, ""task_id"": 1}, {""client_id"": 37, ""task_id"": 2}, {""client_id"": 5, ""task_id"": 3}, {""client_id"": 75, ""task_id"": 4}, {""client_id"": 62, ""task_id"": 5}, {""client_id"": 79, ""task_id"": 6}, {""client_id"": 61, ""task_id"": 7}, {""client_id"": 42, ""task_id"": 8}, {""client_id"": 53, ""task_id"": 9}]","[39901192, 39902189, 39903186, 39904183, 39905180, 39906177, 39907174, 39908171, 39909168, 39910165]",1,0
399,FedPhoenixRG-Excess,1,72.05000305175781,11.756526199984364,0.0,"[89, 97, 49, 44, 55, 22, 95, 36, 79, 17]","[{""client_id"": 89, ""task_id"": 0}, {""client_id"": 97, ""task_id"": 1}, {""client_id"": 49, ""task_id"": 2}, {""client_id"": 44, ""task_id"": 3}, {""client_id"": 55, ""task_id"": 4}, {""client_id"": 22, ""task_id"": 5}, {""client_id"": 95, ""task_id"": 6}, {""client_id"": 36, ""task_id"": 7}, {""client_id"": 79, ""task_id"": 8}, {""client_id"": 17, ""task_id"": 9}]","[40001195, 40002192, 40003189, 40004186, 40005183, 40006180, 40007177, 40008174, 40009171, 40010168]",1,0
400,FedPhoenixRG-Excess,1,76.12000274658203,9.694505300023593,0.0,"[75, 63, 1, 29, 88, 12, 86, 82, 61, 40]","[{""client_id"": 75, ""task_id"": 0}, {""client_id"": 63, ""task_id"": 1}, {""client_id"": 1, ""task_id"": 2}, {""client_id"": 29, ""task_id"": 3}, {""client_id"": 88, ""task_id"": 4}, {""client_id"": 12, ""task_id"": 5}, {""client_id"": 86, ""task_id"": 6}, {""client_id"": 82, ""task_id"": 7}, {""client_id"": 61, ""task_id"": 8}, {""client_id"": 40, ""task_id"": 9}]","[40101198, 40102195, 40103192, 40104189, 40105186, 40106183, 40107180, 40108177, 40109174, 40110171]",1,1
401,FedPhoenixRG-Excess,1,77.55999755859375,9.572175899986178,0.0,"[79, 49, 42, 13, 97, 81, 91, 22, 3, 76]","[{""client_id"": 79, ""task_id"": 0}, {""client_id"": 49, ""task_id"": 1}, {""client_id"": 42, ""task_id"": 2}, {""client_id"": 13, ""task_id"": 3}, {""client_id"": 97, ""task_id"": 4}, {""client_id"": 81, ""task_id"": 5}, {""client_id"": 91, ""task_id"": 6}, {""client_id"": 22, ""task_id"": 7}, {""client_id"": 3, ""task_id"": 8}, {""client_id"": 76, ""task_id"": 9}]","[40201201, 40202198, 40203195, 40204192, 40205189, 40206186, 40207183, 40208180, 40209177, 40210174]",1,0
402,FedPhoenixRG-Excess,1,69.37000274658203,9.646695400006138,0.0,"[99, 58, 63, 28, 3, 56, 8, 24, 84, 27]","[{""client_id"": 99, ""task_id"": 0}, {""client_id"": 58, ""task_id"": 1}, {""client_id"": 63, ""task_id"": 2}, {""client_id"": 28, ""task_id"": 3}, {""client_id"": 3, ""task_id"": 4}, {""client_id"": 56, ""task_id"": 5}, {""client_id"": 8, ""task_id"": 6}, {""client_id"": 24, ""task_id"": 7}, {""client_id"": 84, ""task_id"": 8}, {""client_id"": 27, ""task_id"": 9}]","[40301204, 40302201, 40303198, 40304195, 40305192, 40306189, 40307186, 40308183, 40309180, 40310177]",1,0
403,FedPhoenixRG-Excess,1,72.2300033569336,11.782729599974118,0.0,"[26, 36, 57, 95, 99, 46, 23, 30, 40, 67]","[{""client_id"": 26, ""task_id"": 0}, {""client_id"": 36, ""task_id"": 1}, {""client_id"": 57, ""task_id"": 2}, {""client_id"": 95, ""task_id"": 3}, {""client_id"": 99, ""task_id"": 4}, {""client_id"": 46, ""task_id"": 5}, {""client_id"": 23, ""task_id"": 6}, {""client_id"": 30, ""task_id"": 7}, {""client_id"": 40, ""task_id"": 8}, {""client_id"": 67, ""task_id"": 9}]","[40401207, 40402204, 40403201, 40404198, 40405195, 40406192, 40407189, 40408186, 40409183, 40410180]",1,0
404,FedPhoenixRG-Excess,1,75.33999633789062,8.916001999983564,0.0,"[87, 93, 29, 50, 14, 84, 52, 8, 43, 70]","[{""client_id"": 87, ""task_id"": 0}, {""client_id"": 93, ""task_id"": 1}, {""client_id"": 29, ""task_id"": 2}, {""client_id"": 50, ""task_id"": 3}, {""client_id"": 14, ""task_id"": 4}, {""client_id"": 84, ""task_id"": 5}, {""client_id"": 52, ""task_id"": 6}, {""client_id"": 8, ""task_id"": 7}, {""client_id"": 43, ""task_id"": 8}, {""client_id"": 70, ""task_id"": 9}]","[40501210, 40502207, 40503204, 40504201, 40505198, 40506195, 40507192, 40508189, 40509186, 40510183]",1,0
405,FedPhoenixRG-Excess,1,72.08000183105469,7.858763299998827,0.0,"[85, 76, 96, 0, 77, 17, 42, 90, 39, 45]","[{""client_id"": 85, ""task_id"": 0}, {""client_id"": 76, ""task_id"": 1}, {""client_id"": 96, ""task_id"": 2}, {""client_id"": 0, ""task_id"": 3}, {""client_id"": 77, ""task_id"": 4}, {""client_id"": 17, ""task_id"": 5}, {""client_id"": 42, ""task_id"": 6}, {""client_id"": 90, ""task_id"": 7}, {""client_id"": 39, ""task_id"": 8}, {""client_id"": 45, ""task_id"": 9}]","[40601213, 40602210, 40603207, 40604204, 40605201, 40606198, 40607195, 40608192, 40609189, 40610186]",1,0
406,FedPhoenixRG-Excess,1,77.16999816894531,9.518668499949854,0.0,"[27, 44, 42, 58, 72, 52, 6, 1, 62, 13]","[{""client_id"": 27, ""task_id"": 0}, {""client_id"": 44, ""task_id"": 1}, {""client_id"": 42, ""task_id"": 2}, {""client_id"": 58, ""task_id"": 3}, {""client_id"": 72, ""task_id"": 4}, {""client_id"": 52, ""task_id"": 5}, {""client_id"": 6, ""task_id"": 6}, {""client_id"": 1, ""task_id"": 7}, {""client_id"": 62, ""task_id"": 8}, {""client_id"": 13, ""task_id"": 9}]","[40701216, 40702213, 40703210, 40704207, 40705204, 40706201, 40707198, 40708195, 40709192, 40710189]",1,0
407,FedPhoenixRG-Excess,1,75.44999694824219,10.816488700045738,0.0,"[33, 87, 58, 67, 57, 85, 72, 27, 99, 79]","[{""client_id"": 33, ""task_id"": 0}, {""client_id"": 87, ""task_id"": 1}, {""client_id"": 58, ""task_id"": 2}, {""client_id"": 67, ""task_id"": 3}, {""client_id"": 57, ""task_id"": 4}, {""client_id"": 85, ""task_id"": 5}, {""client_id"": 72, ""task_id"": 6}, {""client_id"": 27, ""task_id"": 7}, {""client_id"": 99, ""task_id"": 8}, {""client_id"": 79, ""task_id"": 9}]","[40801219, 40802216, 40803213, 40804210, 40805207, 40806204, 40807201, 40808198, 40809195, 40810192]",1,0
408,FedPhoenixRG-Excess,1,74.26000213623047,10.45537569996668,0.0,"[3, 11, 87, 22, 62, 52, 56, 95, 26, 20]","[{""client_id"": 3, ""task_id"": 0}, {""client_id"": 11, ""task_id"": 1}, {""client_id"": 87, ""task_id"": 2}, {""client_id"": 22, ""task_id"": 3}, {""client_id"": 62, ""task_id"": 4}, {""client_id"": 52, ""task_id"": 5}, {""client_id"": 56, ""task_id"": 6}, {""client_id"": 95, ""task_id"": 7}, {""client_id"": 26, ""task_id"": 8}, {""client_id"": 20, ""task_id"": 9}]","[40901222, 40902219, 40903216, 40904213, 40905210, 40906207, 40907204, 40908201, 40909198, 40910195]",1,0
409,FedPhoenixRG-Excess,1,78.58999633789062,9.765379299991764,0.0,"[41, 57, 20, 29, 56, 74, 83, 14, 0, 87]","[{""client_id"": 41, ""task_id"": 0}, {""client_id"": 57, ""task_id"": 1}, {""client_id"": 20, ""task_id"": 2}, {""client_id"": 29, ""task_id"": 3}, {""client_id"": 56, ""task_id"": 4}, {""client_id"": 74, ""task_id"": 5}, {""client_id"": 83, ""task_id"": 6}, {""client_id"": 14, ""task_id"": 7}, {""client_id"": 0, ""task_id"": 8}, {""client_id"": 87, ""task_id"": 9}]","[41001225, 41002222, 41003219, 41004216, 41005213, 41006210, 41007207, 41008204, 41009201, 41010198]",1,0
410,FedPhoenixRG-Excess,1,68.33999633789062,10.797796300030313,0.0,"[28, 34, 77, 85, 62, 58, 30, 86, 93, 46]","[{""client_id"": 28, ""task_id"": 0}, {""client_id"": 34, ""task_id"": 1}, {""client_id"": 77, ""task_id"": 2}, {""client_id"": 85, ""task_id"": 3}, {""client_id"": 62, ""task_id"": 4}, {""client_id"": 58, ""task_id"": 5}, {""client_id"": 30, ""task_id"": 6}, {""client_id"": 86, ""task_id"": 7}, {""client_id"": 93, ""task_id"": 8}, {""client_id"": 46, ""task_id"": 9}]","[41101228, 41102225, 41103222, 41104219, 41105216, 41106213, 41107210, 41108207, 41109204, 41110201]",1,0
411,FedPhoenixRG-Excess,1,69.8499984741211,9.954494400008116,0.0,"[79, 62, 87, 68, 32, 92, 29, 81, 7, 90]","[{""client_id"": 79, ""task_id"": 0}, {""client_id"": 62, ""task_id"": 1}, {""client_id"": 87, ""task_id"": 2}, {""client_id"": 68, ""task_id"": 3}, {""client_id"": 32, ""task_id"": 4}, {""client_id"": 92, ""task_id"": 5}, {""client_id"": 29, ""task_id"": 6}, {""client_id"": 81, ""task_id"": 7}, {""client_id"": 7, ""task_id"": 8}, {""client_id"": 90, ""task_id"": 9}]","[41201231, 41202228, 41203225, 41204222, 41205219, 41206216, 41207213, 41208210, 41209207, 41210204]",1,0
412,FedPhoenixRG-Excess,1,67.51000213623047,6.98815150000155,0.0,"[8, 38, 48, 12, 1, 77, 68, 92, 59, 19]","[{""client_id"": 8, ""task_id"": 0}, {""client_id"": 38, ""task_id"": 1}, {""client_id"": 48, ""task_id"": 2}, {""client_id"": 12, ""task_id"": 3}, {""client_id"": 1, ""task_id"": 4}, {""client_id"": 77, ""task_id"": 5}, {""client_id"": 68, ""task_id"": 6}, {""client_id"": 92, ""task_id"": 7}, {""client_id"": 59, ""task_id"": 8}, {""client_id"": 19, ""task_id"": 9}]","[41301234, 41302231, 41303228, 41304225, 41305222, 41306219, 41307216, 41308213, 41309210, 41310207]",1,0
413,FedPhoenixRG-Excess,1,77.56999969482422,11.107697499974165,0.0,"[99, 14, 24, 70, 44, 31, 86, 3, 75, 60]","[{""client_id"": 99, ""task_id"": 0}, {""client_id"": 14, ""task_id"": 1}, {""client_id"": 24, ""task_id"": 2}, {""client_id"": 70, ""task_id"": 3}, {""client_id"": 44, ""task_id"": 4}, {""client_id"": 31, ""task_id"": 5}, {""client_id"": 86, ""task_id"": 6}, {""client_id"": 3, ""task_id"": 7}, {""client_id"": 75, ""task_id"": 8}, {""client_id"": 60, ""task_id"": 9}]","[41401237, 41402234, 41403231, 41404228, 41405225, 41406222, 41407219, 41408216, 41409213, 41410210]",1,0
414,FedPhoenixRG-Excess,1,75.41999816894531,9.392677399970125,0.0,"[11, 85, 83, 96, 82, 76, 7, 19, 87, 51]","[{""client_id"": 11, ""task_id"": 0}, {""client_id"": 85, ""task_id"": 1}, {""client_id"": 83, ""task_id"": 2}, {""client_id"": 96, ""task_id"": 3}, {""client_id"": 82, ""task_id"": 4}, {""client_id"": 76, ""task_id"": 5}, {""client_id"": 7, ""task_id"": 6}, {""client_id"": 19, ""task_id"": 7}, {""client_id"": 87, ""task_id"": 8}, {""client_id"": 51, ""task_id"": 9}]","[41501240, 41502237, 41503234, 41504231, 41505228, 41506225, 41507222, 41508219, 41509216, 41510213]",1,0
415,FedPhoenixRG-Excess,1,79.41000366210938,10.774476399994455,0.0,"[12, 18, 62, 10, 75, 42, 8, 7, 31, 23]","[{""client_id"": 12, ""task_id"": 0}, {""client_id"": 18, ""task_id"": 1}, {""client_id"": 62, ""task_id"": 2}, {""client_id"": 10, ""task_id"": 3}, {""client_id"": 75, ""task_id"": 4}, {""client_id"": 42, ""task_id"": 5}, {""client_id"": 8, ""task_id"": 6}, {""client_id"": 7, ""task_id"": 7}, {""client_id"": 31, ""task_id"": 8}, {""client_id"": 23, ""task_id"": 9}]","[41601243, 41602240, 41603237, 41604234, 41605231, 41606228, 41607225, 41608222, 41609219, 41610216]",1,0
416,FedPhoenixRG-Excess,1,72.1500015258789,8.857990700053051,0.0,"[97, 5, 1, 84, 30, 40, 72, 21, 52, 39]","[{""client_id"": 97, ""task_id"": 0}, {""client_id"": 5, ""task_id"": 1}, {""client_id"": 1, ""task_id"": 2}, {""client_id"": 84, ""task_id"": 3}, {""client_id"": 30, ""task_id"": 4}, {""client_id"": 40, ""task_id"": 5}, {""client_id"": 72, ""task_id"": 6}, {""client_id"": 21, ""task_id"": 7}, {""client_id"": 52, ""task_id"": 8}, {""client_id"": 39, ""task_id"": 9}]","[41701246, 41702243, 41703240, 41704237, 41705234, 41706231, 41707228, 41708225, 41709222, 41710219]",1,0
417,FedPhoenixRG-Excess,1,79.6500015258789,9.295129200036172,0.0,"[72, 62, 14, 55, 67, 32, 39, 29, 38, 7]","[{""client_id"": 72, ""task_id"": 0}, {""client_id"": 62, ""task_id"": 1}, {""client_id"": 14, ""task_id"": 2}, {""client_id"": 55, ""task_id"": 3}, {""client_id"": 67, ""task_id"": 4}, {""client_id"": 32, ""task_id"": 5}, {""client_id"": 39, ""task_id"": 6}, {""client_id"": 29, ""task_id"": 7}, {""client_id"": 38, ""task_id"": 8}, {""client_id"": 7, ""task_id"": 9}]","[41801249, 41802246, 41803243, 41804240, 41805237, 41806234, 41807231, 41808228, 41809225, 41810222]",1,0
418,FedPhoenixRG-Excess,1,68.83999633789062,10.638464600022417,0.0,"[9, 65, 98, 93, 0, 31, 12, 91, 28, 81]","[{""client_id"": 9, ""task_id"": 0}, {""client_id"": 65, ""task_id"": 1}, {""client_id"": 98, ""task_id"": 2}, {""client_id"": 93, ""task_id"": 3}, {""client_id"": 0, ""task_id"": 4}, {""client_id"": 31, ""task_id"": 5}, {""client_id"": 12, ""task_id"": 6}, {""client_id"": 91, ""task_id"": 7}, {""client_id"": 28, ""task_id"": 8}, {""client_id"": 81, ""task_id"": 9}]","[41901252, 41902249, 41903246, 41904243, 41905240, 41906237, 41907234, 41908231, 41909228, 41910225]",1,0
419,FedPhoenixRG-Excess,1,68.66999816894531,11.199568000040017,0.0,"[49, 67, 58, 34, 22, 47, 19, 33, 9, 26]","[{""client_id"": 49, ""task_id"": 0}, {""client_id"": 67, ""task_id"": 1}, {""client_id"": 58, ""task_id"": 2}, {""client_id"": 34, ""task_id"": 3}, {""client_id"": 22, ""task_id"": 4}, {""client_id"": 47, ""task_id"": 5}, {""client_id"": 19, ""task_id"": 6}, {""client_id"": 33, ""task_id"": 7}, {""client_id"": 9, ""task_id"": 8}, {""client_id"": 26, ""task_id"": 9}]","[42001255, 42002252, 42003249, 42004246, 42005243, 42006240, 42007237, 42008234, 42009231, 42010228]",1,0
420,FedPhoenixRG-Excess,1,76.7300033569336,9.95161399996141,0.0,"[78, 18, 25, 81, 52, 5, 97, 88, 53, 51]","[{""client_id"": 78, ""task_id"": 0}, {""client_id"": 18, ""task_id"": 1}, {""client_id"": 25, ""task_id"": 2}, {""client_id"": 81, ""task_id"": 3}, {""client_id"": 52, ""task_id"": 4}, {""client_id"": 5, ""task_id"": 5}, {""client_id"": 97, ""task_id"": 6}, {""client_id"": 88, ""task_id"": 7}, {""client_id"": 53, ""task_id"": 8}, {""client_id"": 51, ""task_id"": 9}]","[42101258, 42102255, 42103252, 42104249, 42105246, 42106243, 42107240, 42108237, 42109234, 42110231]",1,1
421,FedPhoenixRG-Excess,1,76.63999938964844,11.75917480001226,0.0,"[7, 68, 34, 80, 72, 25, 89, 12, 66, 69]","[{""client_id"": 7, ""task_id"": 0}, {""client_id"": 68, ""task_id"": 1}, {""client_id"": 34, ""task_id"": 2}, {""client_id"": 80, ""task_id"": 3}, {""client_id"": 72, ""task_id"": 4}, {""client_id"": 25, ""task_id"": 5}, {""client_id"": 89, ""task_id"": 6}, {""client_id"": 12, ""task_id"": 7}, {""client_id"": 66, ""task_id"": 8}, {""client_id"": 69, ""task_id"": 9}]","[42201261, 42202258, 42203255, 42204252, 42205249, 42206246, 42207243, 42208240, 42209237, 42210234]",1,0
422,FedPhoenixRG-Excess,1,72.98999786376953,9.297965899982955,0.0,"[54, 28, 10, 85, 87, 89, 40, 86, 50, 96]","[{""client_id"": 54, ""task_id"": 0}, {""client_id"": 28, ""task_id"": 1}, {""client_id"": 10, ""task_id"": 2}, {""client_id"": 85, ""task_id"": 3}, {""client_id"": 87, ""task_id"": 4}, {""client_id"": 89, ""task_id"": 5}, {""client_id"": 40, ""task_id"": 6}, {""client_id"": 86, ""task_id"": 7}, {""client_id"": 50, ""task_id"": 8}, {""client_id"": 96, ""task_id"": 9}]","[42301264, 42302261, 42303258, 42304255, 42305252, 42306249, 42307246, 42308243, 42309240, 42310237]",1,0
423,FedPhoenixRG-Excess,1,75.44000244140625,11.205652599979658,0.0,"[58, 7, 9, 0, 50, 24, 38, 86, 81, 30]","[{""client_id"": 58, ""task_id"": 0}, {""client_id"": 7, ""task_id"": 1}, {""client_id"": 9, ""task_id"": 2}, {""client_id"": 0, ""task_id"": 3}, {""client_id"": 50, ""task_id"": 4}, {""client_id"": 24, ""task_id"": 5}, {""client_id"": 38, ""task_id"": 6}, {""client_id"": 86, ""task_id"": 7}, {""client_id"": 81, ""task_id"": 8}, {""client_id"": 30, ""task_id"": 9}]","[42401267, 42402264, 42403261, 42404258, 42405255, 42406252, 42407249, 42408246, 42409243, 42410240]",1,0
424,FedPhoenixRG-Excess,1,71.4800033569336,11.401293799979612,0.0,"[49, 75, 87, 68, 65, 47, 2, 70, 43, 25]","[{""client_id"": 49, ""task_id"": 0}, {""client_id"": 75, ""task_id"": 1}, {""client_id"": 87, ""task_id"": 2}, {""client_id"": 68, ""task_id"": 3}, {""client_id"": 65, ""task_id"": 4}, {""client_id"": 47, ""task_id"": 5}, {""client_id"": 2, ""task_id"": 6}, {""client_id"": 70, ""task_id"": 7}, {""client_id"": 43, ""task_id"": 8}, {""client_id"": 25, ""task_id"": 9}]","[42501270, 42502267, 42503264, 42504261, 42505258, 42506255, 42507252, 42508249, 42509246, 42510243]",1,0
425,FedPhoenixRG-Excess,1,79.33999633789062,9.572601100022439,0.0,"[75, 54, 77, 98, 27, 69, 42, 25, 78, 65]","[{""client_id"": 75, ""task_id"": 0}, {""client_id"": 54, ""task_id"": 1}, {""client_id"": 77, ""task_id"": 2}, {""client_id"": 98, ""task_id"": 3}, {""client_id"": 27, ""task_id"": 4}, {""client_id"": 69, ""task_id"": 5}, {""client_id"": 42, ""task_id"": 6}, {""client_id"": 25, ""task_id"": 7}, {""client_id"": 78, ""task_id"": 8}, {""client_id"": 65, ""task_id"": 9}]","[42601273, 42602270, 42603267, 42604264, 42605261, 42606258, 42607255, 42608252, 42609249, 42610246]",1,0
426,FedPhoenixRG-Excess,1,71.19999694824219,9.9220662000007,0.0,"[84, 26, 59, 68, 11, 37, 6, 56, 15, 24]","[{""client_id"": 84, ""task_id"": 0}, {""client_id"": 26, ""task_id"": 1}, {""client_id"": 59, ""task_id"": 2}, {""client_id"": 68, ""task_id"": 3}, {""client_id"": 11, ""task_id"": 4}, {""client_id"": 37, ""task_id"": 5}, {""client_id"": 6, ""task_id"": 6}, {""client_id"": 56, ""task_id"": 7}, {""client_id"": 15, ""task_id"": 8}, {""client_id"": 24, ""task_id"": 9}]","[42701276, 42702273, 42703270, 42704267, 42705264, 42706261, 42707258, 42708255, 42709252, 42710249]",1,0
427,FedPhoenixRG-Excess,1,69.23999786376953,9.879200499970466,0.0,"[71, 44, 26, 24, 99, 43, 87, 62, 46, 6]","[{""client_id"": 71, ""task_id"": 0}, {""client_id"": 44, ""task_id"": 1}, {""client_id"": 26, ""task_id"": 2}, {""client_id"": 24, ""task_id"": 3}, {""client_id"": 99, ""task_id"": 4}, {""client_id"": 43, ""task_id"": 5}, {""client_id"": 87, ""task_id"": 6}, {""client_id"": 62, ""task_id"": 7}, {""client_id"": 46, ""task_id"": 8}, {""client_id"": 6, ""task_id"": 9}]","[42801279, 42802276, 42803273, 42804270, 42805267, 42806264, 42807261, 42808258, 42809255, 42810252]",1,0
428,FedPhoenixRG-Excess,1,71.98999786376953,10.94651999999769,0.0,"[3, 14, 23, 71, 39, 58, 91, 9, 13, 67]","[{""client_id"": 3, ""task_id"": 0}, {""client_id"": 14, ""task_id"": 1}, {""client_id"": 23, ""task_id"": 2}, {""client_id"": 71, ""task_id"": 3}, {""client_id"": 39, ""task_id"": 4}, {""client_id"": 58, ""task_id"": 5}, {""client_id"": 91, ""task_id"": 6}, {""client_id"": 9, ""task_id"": 7}, {""client_id"": 13, ""task_id"": 8}, {""client_id"": 67, ""task_id"": 9}]","[42901282, 42902279, 42903276, 42904273, 42905270, 42906267, 42907264, 42908261, 42909258, 42910255]",1,0
429,FedPhoenixRG-Excess,1,69.36000061035156,7.387925799994264,0.0,"[2, 90, 64, 67, 74, 51, 27, 54, 30, 94]","[{""client_id"": 2, ""task_id"": 0}, {""client_id"": 90, ""task_id"": 1}, {""client_id"": 64, ""task_id"": 2}, {""client_id"": 67, ""task_id"": 3}, {""client_id"": 74, ""task_id"": 4}, {""client_id"": 51, ""task_id"": 5}, {""client_id"": 27, ""task_id"": 6}, {""client_id"": 54, ""task_id"": 7}, {""client_id"": 30, ""task_id"": 8}, {""client_id"": 94, ""task_id"": 9}]","[43001285, 43002282, 43003279, 43004276, 43005273, 43006270, 43007267, 43008264, 43009261, 43010258]",1,0
430,FedPhoenixRG-Excess,1,73.94999694824219,9.617316099989694,0.0,"[8, 80, 21, 38, 52, 63, 93, 66, 1, 44]","[{""client_id"": 8, ""task_id"": 0}, {""client_id"": 80, ""task_id"": 1}, {""client_id"": 21, ""task_id"": 2}, {""client_id"": 38, ""task_id"": 3}, {""client_id"": 52, ""task_id"": 4}, {""client_id"": 63, ""task_id"": 5}, {""client_id"": 93, ""task_id"": 6}, {""client_id"": 66, ""task_id"": 7}, {""client_id"": 1, ""task_id"": 8}, {""client_id"": 44, ""task_id"": 9}]","[43101288, 43102285, 43103282, 43104279, 43105276, 43106273, 43107270, 43108267, 43109264, 43110261]",1,0
431,FedPhoenixRG-Excess,1,78.01000213623047,10.499926499964204,0.0,"[68, 83, 93, 49, 33, 94, 99, 45, 4, 79]","[{""client_id"": 68, ""task_id"": 0}, {""client_id"": 83, ""task_id"": 1}, {""client_id"": 93, ""task_id"": 2}, {""client_id"": 49, ""task_id"": 3}, {""client_id"": 33, ""task_id"": 4}, {""client_id"": 94, ""task_id"": 5}, {""client_id"": 99, ""task_id"": 6}, {""client_id"": 45, ""task_id"": 7}, {""client_id"": 4, ""task_id"": 8}, {""client_id"": 79, ""task_id"": 9}]","[43201291, 43202288, 43203285, 43204282, 43205279, 43206276, 43207273, 43208270, 43209267, 43210264]",1,0
432,FedPhoenixRG-Excess,1,74.9000015258789,10.40787910000654,0.0,"[66, 81, 5, 45, 93, 34, 31, 51, 65, 27]","[{""client_id"": 66, ""task_id"": 0}, {""client_id"": 81, ""task_id"": 1}, {""client_id"": 5, ""task_id"": 2}, {""client_id"": 45, ""task_id"": 3}, {""client_id"": 93, ""task_id"": 4}, {""client_id"": 34, ""task_id"": 5}, {""client_id"": 31, ""task_id"": 6}, {""client_id"": 51, ""task_id"": 7}, {""client_id"": 65, ""task_id"": 8}, {""client_id"": 27, ""task_id"": 9}]","[43301294, 43302291, 43303288, 43304285, 43305282, 43306279, 43307276, 43308273, 43309270, 43310267]",1,0
433,FedPhoenixRG-Excess,1,76.72000122070312,7.50280760001624,0.0,"[13, 82, 43, 34, 96, 22, 29, 21, 15, 98]","[{""client_id"": 13, ""task_id"": 0}, {""client_id"": 82, ""task_id"": 1}, {""client_id"": 43, ""task_id"": 2}, {""client_id"": 34, ""task_id"": 3}, {""client_id"": 96, ""task_id"": 4}, {""client_id"": 22, ""task_id"": 5}, {""client_id"": 29, ""task_id"": 6}, {""client_id"": 21, ""task_id"": 7}, {""client_id"": 15, ""task_id"": 8}, {""client_id"": 98, ""task_id"": 9}]","[43401297, 43402294, 43403291, 43404288, 43405285, 43406282, 43407279, 43408276, 43409273, 43410270]",1,0
434,FedPhoenixRG-Excess,1,78.48999786376953,8.04391740000574,0.0,"[15, 77, 88, 1, 83, 22, 74, 87, 75, 86]","[{""client_id"": 15, ""task_id"": 0}, {""client_id"": 77, ""task_id"": 1}, {""client_id"": 88, ""task_id"": 2}, {""client_id"": 1, ""task_id"": 3}, {""client_id"": 83, ""task_id"": 4}, {""client_id"": 22, ""task_id"": 5}, {""client_id"": 74, ""task_id"": 6}, {""client_id"": 87, ""task_id"": 7}, {""client_id"": 75, ""task_id"": 8}, {""client_id"": 86, ""task_id"": 9}]","[43501300, 43502297, 43503294, 43504291, 43505288, 43506285, 43507282, 43508279, 43509276, 43510273]",1,0
435,FedPhoenixRG-Excess,1,79.30000305175781,10.704812099982519,0.0,"[57, 20, 56, 70, 71, 28, 72, 2, 63, 75]","[{""client_id"": 57, ""task_id"": 0}, {""client_id"": 20, ""task_id"": 1}, {""client_id"": 56, ""task_id"": 2}, {""client_id"": 70, ""task_id"": 3}, {""client_id"": 71, ""task_id"": 4}, {""client_id"": 28, ""task_id"": 5}, {""client_id"": 72, ""task_id"": 6}, {""client_id"": 2, ""task_id"": 7}, {""client_id"": 63, ""task_id"": 8}, {""client_id"": 75, ""task_id"": 9}]","[43601303, 43602300, 43603297, 43604294, 43605291, 43606288, 43607285, 43608282, 43609279, 43610276]",1,0
436,FedPhoenixRG-Excess,1,71.54000091552734,10.659766500000842,0.0,"[40, 2, 35, 47, 85, 52, 75, 80, 37, 21]","[{""client_id"": 40, ""task_id"": 0}, {""client_id"": 2, ""task_id"": 1}, {""client_id"": 35, ""task_id"": 2}, {""client_id"": 47, ""task_id"": 3}, {""client_id"": 85, ""task_id"": 4}, {""client_id"": 52, ""task_id"": 5}, {""client_id"": 75, ""task_id"": 6}, {""client_id"": 80, ""task_id"": 7}, {""client_id"": 37, ""task_id"": 8}, {""client_id"": 21, ""task_id"": 9}]","[43701306, 43702303, 43703300, 43704297, 43705294, 43706291, 43707288, 43708285, 43709282, 43710279]",1,0
437,FedPhoenixRG-Excess,1,70.69999694824219,12.14379329996882,0.0,"[84, 63, 70, 4, 65, 79, 93, 9, 58, 78]","[{""client_id"": 84, ""task_id"": 0}, {""client_id"": 63, ""task_id"": 1}, {""client_id"": 70, ""task_id"": 2}, {""client_id"": 4, ""task_id"": 3}, {""client_id"": 65, ""task_id"": 4}, {""client_id"": 79, ""task_id"": 5}, {""client_id"": 93, ""task_id"": 6}, {""client_id"": 9, ""task_id"": 7}, {""client_id"": 58, ""task_id"": 8}, {""client_id"": 78, ""task_id"": 9}]","[43801309, 43802306, 43803303, 43804300, 43805297, 43806294, 43807291, 43808288, 43809285, 43810282]",1,0
438,FedPhoenixRG-Excess,1,73.81999969482422,11.098101699957624,0.0,"[45, 59, 24, 34, 53, 44, 62, 36, 81, 20]","[{""client_id"": 45, ""task_id"": 0}, {""client_id"": 59, ""task_id"": 1}, {""client_id"": 24, ""task_id"": 2}, {""client_id"": 34, ""task_id"": 3}, {""client_id"": 53, ""task_id"": 4}, {""client_id"": 44, ""task_id"": 5}, {""client_id"": 62, ""task_id"": 6}, {""client_id"": 36, ""task_id"": 7}, {""client_id"": 81, ""task_id"": 8}, {""client_id"": 20, ""task_id"": 9}]","[43901312, 43902309, 43903306, 43904303, 43905300, 43906297, 43907294, 43908291, 43909288, 43910285]",1,0
439,FedPhoenixRG-Excess,1,76.7699966430664,11.531302399991546,0.0,"[63, 71, 68, 40, 19, 20, 49, 3, 79, 46]","[{""client_id"": 63, ""task_id"": 0}, {""client_id"": 71, ""task_id"": 1}, {""client_id"": 68, ""task_id"": 2}, {""client_id"": 40, ""task_id"": 3}, {""client_id"": 19, ""task_id"": 4}, {""client_id"": 20, ""task_id"": 5}, {""client_id"": 49, ""task_id"": 6}, {""client_id"": 3, ""task_id"": 7}, {""client_id"": 79, ""task_id"": 8}, {""client_id"": 46, ""task_id"": 9}]","[44001315, 44002312, 44003309, 44004306, 44005303, 44006300, 44007297, 44008294, 44009291, 44010288]",1,0
440,FedPhoenixRG-Excess,1,74.36000061035156,9.793049000028986,0.0,"[95, 6, 49, 55, 74, 53, 26, 27, 16, 21]","[{""client_id"": 95, ""task_id"": 0}, {""client_id"": 6, ""task_id"": 1}, {""client_id"": 49, ""task_id"": 2}, {""client_id"": 55, ""task_id"": 3}, {""client_id"": 74, ""task_id"": 4}, {""client_id"": 53, ""task_id"": 5}, {""client_id"": 26, ""task_id"": 6}, {""client_id"": 27, ""task_id"": 7}, {""client_id"": 16, ""task_id"": 8}, {""client_id"": 21, ""task_id"": 9}]","[44101318, 44102315, 44103312, 44104309, 44105306, 44106303, 44107300, 44108297, 44109294, 44110291]",1,1
441,FedPhoenixRG-Excess,1,80.08999633789062,10.213562299963087,0.0,"[72, 86, 40, 12, 89, 0, 66, 52, 54, 29]","[{""client_id"": 72, ""task_id"": 0}, {""client_id"": 86, ""task_id"": 1}, {""client_id"": 40, ""task_id"": 2}, {""client_id"": 12, ""task_id"": 3}, {""client_id"": 89, ""task_id"": 4}, {""client_id"": 0, ""task_id"": 5}, {""client_id"": 66, ""task_id"": 6}, {""client_id"": 52, ""task_id"": 7}, {""client_id"": 54, ""task_id"": 8}, {""client_id"": 29, ""task_id"": 9}]","[44201321, 44202318, 44203315, 44204312, 44205309, 44206306, 44207303, 44208300, 44209297, 44210294]",1,0
442,FedPhoenixRG-Excess,1,79.12000274658203,9.660699000000022,0.0,"[32, 76, 58, 59, 44, 71, 93, 96, 45, 47]","[{""client_id"": 32, ""task_id"": 0}, {""client_id"": 76, ""task_id"": 1}, {""client_id"": 58, ""task_id"": 2}, {""client_id"": 59, ""task_id"": 3}, {""client_id"": 44, ""task_id"": 4}, {""client_id"": 71, ""task_id"": 5}, {""client_id"": 93, ""task_id"": 6}, {""client_id"": 96, ""task_id"": 7}, {""client_id"": 45, ""task_id"": 8}, {""client_id"": 47, ""task_id"": 9}]","[44301324, 44302321, 44303318, 44304315, 44305312, 44306309, 44307306, 44308303, 44309300, 44310297]",1,0
443,FedPhoenixRG-Excess,1,71.06999969482422,10.960327200009488,0.0,"[17, 14, 46, 7, 68, 84, 43, 35, 61, 99]","[{""client_id"": 17, ""task_id"": 0}, {""client_id"": 14, ""task_id"": 1}, {""client_id"": 46, ""task_id"": 2}, {""client_id"": 7, ""task_id"": 3}, {""client_id"": 68, ""task_id"": 4}, {""client_id"": 84, ""task_id"": 5}, {""client_id"": 43, ""task_id"": 6}, {""client_id"": 35, ""task_id"": 7}, {""client_id"": 61, ""task_id"": 8}, {""client_id"": 99, ""task_id"": 9}]","[44401327, 44402324, 44403321, 44404318, 44405315, 44406312, 44407309, 44408306, 44409303, 44410300]",1,0
444,FedPhoenixRG-Excess,1,71.16999816894531,8.41704099997878,0.0,"[69, 5, 99, 15, 89, 98, 56, 54, 48, 90]","[{""client_id"": 69, ""task_id"": 0}, {""client_id"": 5, ""task_id"": 1}, {""client_id"": 99, ""task_id"": 2}, {""client_id"": 15, ""task_id"": 3}, {""client_id"": 89, ""task_id"": 4}, {""client_id"": 98, ""task_id"": 5}, {""client_id"": 56, ""task_id"": 6}, {""client_id"": 54, ""task_id"": 7}, {""client_id"": 48, ""task_id"": 8}, {""client_id"": 90, ""task_id"": 9}]","[44501330, 44502327, 44503324, 44504321, 44505318, 44506315, 44507312, 44508309, 44509306, 44510303]",1,0
445,FedPhoenixRG-Excess,1,76.08000183105469,10.33653160004178,0.0,"[40, 55, 60, 58, 38, 33, 13, 46, 15, 64]","[{""client_id"": 40, ""task_id"": 0}, {""client_id"": 55, ""task_id"": 1}, {""client_id"": 60, ""task_id"": 2}, {""client_id"": 58, ""task_id"": 3}, {""client_id"": 38, ""task_id"": 4}, {""client_id"": 33, ""task_id"": 5}, {""client_id"": 13, ""task_id"": 6}, {""client_id"": 46, ""task_id"": 7}, {""client_id"": 15, ""task_id"": 8}, {""client_id"": 64, ""task_id"": 9}]","[44601333, 44602330, 44603327, 44604324, 44605321, 44606318, 44607315, 44608312, 44609309, 44610306]",1,0
446,FedPhoenixRG-Excess,1,76.8499984741211,9.336040800029878,0.0,"[45, 76, 62, 4, 1, 70, 16, 87, 35, 7]","[{""client_id"": 45, ""task_id"": 0}, {""client_id"": 76, ""task_id"": 1}, {""client_id"": 62, ""task_id"": 2}, {""client_id"": 4, ""task_id"": 3}, {""client_id"": 1, ""task_id"": 4}, {""client_id"": 70, ""task_id"": 5}, {""client_id"": 16, ""task_id"": 6}, {""client_id"": 87, ""task_id"": 7}, {""client_id"": 35, ""task_id"": 8}, {""client_id"": 7, ""task_id"": 9}]","[44701336, 44702333, 44703330, 44704327, 44705324, 44706321, 44707318, 44708315, 44709312, 44710309]",1,0
447,FedPhoenixRG-Excess,1,75.54000091552734,9.178740599949379,0.0,"[25, 85, 89, 47, 0, 21, 39, 83, 87, 27]","[{""client_id"": 25, ""task_id"": 0}, {""client_id"": 85, ""task_id"": 1}, {""client_id"": 89, ""task_id"": 2}, {""client_id"": 47, ""task_id"": 3}, {""client_id"": 0, ""task_id"": 4}, {""client_id"": 21, ""task_id"": 5}, {""client_id"": 39, ""task_id"": 6}, {""client_id"": 83, ""task_id"": 7}, {""client_id"": 87, ""task_id"": 8}, {""client_id"": 27, ""task_id"": 9}]","[44801339, 44802336, 44803333, 44804330, 44805327, 44806324, 44807321, 44808318, 44809315, 44810312]",1,0
448,FedPhoenixRG-Excess,1,78.01000213623047,11.346703900024295,0.0,"[30, 22, 23, 63, 42, 80, 78, 86, 60, 5]","[{""client_id"": 30, ""task_id"": 0}, {""client_id"": 22, ""task_id"": 1}, {""client_id"": 23, ""task_id"": 2}, {""client_id"": 63, ""task_id"": 3}, {""client_id"": 42, ""task_id"": 4}, {""client_id"": 80, ""task_id"": 5}, {""client_id"": 78, ""task_id"": 6}, {""client_id"": 86, ""task_id"": 7}, {""client_id"": 60, ""task_id"": 8}, {""client_id"": 5, ""task_id"": 9}]","[44901342, 44902339, 44903336, 44904333, 44905330, 44906327, 44907324, 44908321, 44909318, 44910315]",1,0
449,FedPhoenixRG-Excess,1,67.51000213623047,8.917748700012453,0.0,"[30, 98, 87, 67, 44, 90, 46, 19, 31, 70]","[{""client_id"": 30, ""task_id"": 0}, {""client_id"": 98, ""task_id"": 1}, {""client_id"": 87, ""task_id"": 2}, {""client_id"": 67, ""task_id"": 3}, {""client_id"": 44, ""task_id"": 4}, {""client_id"": 90, ""task_id"": 5}, {""client_id"": 46, ""task_id"": 6}, {""client_id"": 19, ""task_id"": 7}, {""client_id"": 31, ""task_id"": 8}, {""client_id"": 70, ""task_id"": 9}]","[45001345, 45002342, 45003339, 45004336, 45005333, 45006330, 45007327, 45008324, 45009321, 45010318]",1,0
450,FedPhoenixRG-Excess,1,75.19000244140625,11.43279580003582,0.0,"[63, 60, 88, 55, 7, 49, 73, 18, 11, 3]","[{""client_id"": 63, ""task_id"": 0}, {""client_id"": 60, ""task_id"": 1}, {""client_id"": 88, ""task_id"": 2}, {""client_id"": 55, ""task_id"": 3}, {""client_id"": 7, ""task_id"": 4}, {""client_id"": 49, ""task_id"": 5}, {""client_id"": 73, ""task_id"": 6}, {""client_id"": 18, ""task_id"": 7}, {""client_id"": 11, ""task_id"": 8}, {""client_id"": 3, ""task_id"": 9}]","[45101348, 45102345, 45103342, 45104339, 45105336, 45106333, 45107330, 45108327, 45109324, 45110321]",1,0
451,FedPhoenixRG-Excess,1,69.38999938964844,11.992528799979482,0.0,"[46, 57, 61, 67, 52, 49, 17, 15, 58, 63]","[{""client_id"": 46, ""task_id"": 0}, {""client_id"": 57, ""task_id"": 1}, {""client_id"": 61, ""task_id"": 2}, {""client_id"": 67, ""task_id"": 3}, {""client_id"": 52, ""task_id"": 4}, {""client_id"": 49, ""task_id"": 5}, {""client_id"": 17, ""task_id"": 6}, {""client_id"": 15, ""task_id"": 7}, {""client_id"": 58, ""task_id"": 8}, {""client_id"": 63, ""task_id"": 9}]","[45201351, 45202348, 45203345, 45204342, 45205339, 45206336, 45207333, 45208330, 45209327, 45210324]",1,0
452,FedPhoenixRG-Excess,1,79.33000183105469,9.930586599977687,0.0,"[96, 35, 60, 56, 85, 26, 52, 58, 81, 0]","[{""client_id"": 96, ""task_id"": 0}, {""client_id"": 35, ""task_id"": 1}, {""client_id"": 60, ""task_id"": 2}, {""client_id"": 56, ""task_id"": 3}, {""client_id"": 85, ""task_id"": 4}, {""client_id"": 26, ""task_id"": 5}, {""client_id"": 52, ""task_id"": 6}, {""client_id"": 58, ""task_id"": 7}, {""client_id"": 81, ""task_id"": 8}, {""client_id"": 0, ""task_id"": 9}]","[45301354, 45302351, 45303348, 45304345, 45305342, 45306339, 45307336, 45308333, 45309330, 45310327]",1,0
453,FedPhoenixRG-Excess,1,77.41999816894531,8.135515699977987,0.0,"[12, 87, 25, 67, 50, 83, 22, 43, 88, 48]","[{""client_id"": 12, ""task_id"": 0}, {""client_id"": 87, ""task_id"": 1}, {""client_id"": 25, ""task_id"": 2}, {""client_id"": 67, ""task_id"": 3}, {""client_id"": 50, ""task_id"": 4}, {""client_id"": 83, ""task_id"": 5}, {""client_id"": 22, ""task_id"": 6}, {""client_id"": 43, ""task_id"": 7}, {""client_id"": 88, ""task_id"": 8}, {""client_id"": 48, ""task_id"": 9}]","[45401357, 45402354, 45403351, 45404348, 45405345, 45406342, 45407339, 45408336, 45409333, 45410330]",1,0
454,FedPhoenixRG-Excess,1,72.37999725341797,9.934660000028089,0.0,"[20, 94, 6, 43, 53, 13, 28, 97, 61, 25]","[{""client_id"": 20, ""task_id"": 0}, {""client_id"": 94, ""task_id"": 1}, {""client_id"": 6, ""task_id"": 2}, {""client_id"": 43, ""task_id"": 3}, {""client_id"": 53, ""task_id"": 4}, {""client_id"": 13, ""task_id"": 5}, {""client_id"": 28, ""task_id"": 6}, {""client_id"": 97, ""task_id"": 7}, {""client_id"": 61, ""task_id"": 8}, {""client_id"": 25, ""task_id"": 9}]","[45501360, 45502357, 45503354, 45504351, 45505348, 45506345, 45507342, 45508339, 45509336, 45510333]",1,0
455,FedPhoenixRG-Excess,1,76.52999877929688,8.318807200004812,0.0,"[64, 21, 54, 42, 31, 83, 91, 58, 8, 30]","[{""client_id"": 64, ""task_id"": 0}, {""client_id"": 21, ""task_id"": 1}, {""client_id"": 54, ""task_id"": 2}, {""client_id"": 42, ""task_id"": 3}, {""client_id"": 31, ""task_id"": 4}, {""client_id"": 83, ""task_id"": 5}, {""client_id"": 91, ""task_id"": 6}, {""client_id"": 58, ""task_id"": 7}, {""client_id"": 8, ""task_id"": 8}, {""client_id"": 30, ""task_id"": 9}]","[45601363, 45602360, 45603357, 45604354, 45605351, 45606348, 45607345, 45608342, 45609339, 45610336]",1,0
456,FedPhoenixRG-Excess,1,75.47000122070312,9.86332979996223,0.0,"[21, 55, 76, 1, 80, 84, 16, 28, 86, 96]","[{""client_id"": 21, ""task_id"": 0}, {""client_id"": 55, ""task_id"": 1}, {""client_id"": 76, ""task_id"": 2}, {""client_id"": 1, ""task_id"": 3}, {""client_id"": 80, ""task_id"": 4}, {""client_id"": 84, ""task_id"": 5}, {""client_id"": 16, ""task_id"": 6}, {""client_id"": 28, ""task_id"": 7}, {""client_id"": 86, ""task_id"": 8}, {""client_id"": 96, ""task_id"": 9}]","[45701366, 45702363, 45703360, 45704357, 45705354, 45706351, 45707348, 45708345, 45709342, 45710339]",1,0
457,FedPhoenixRG-Excess,1,76.30000305175781,9.055664400046226,0.0,"[27, 46, 72, 31, 53, 66, 14, 75, 77, 99]","[{""client_id"": 27, ""task_id"": 0}, {""client_id"": 46, ""task_id"": 1}, {""client_id"": 72, ""task_id"": 2}, {""client_id"": 31, ""task_id"": 3}, {""client_id"": 53, ""task_id"": 4}, {""client_id"": 66, ""task_id"": 5}, {""client_id"": 14, ""task_id"": 6}, {""client_id"": 75, ""task_id"": 7}, {""client_id"": 77, ""task_id"": 8}, {""client_id"": 99, ""task_id"": 9}]","[45801369, 45802366, 45803363, 45804360, 45805357, 45806354, 45807351, 45808348, 45809345, 45810342]",1,0
458,FedPhoenixRG-Excess,1,69.95999908447266,10.306287000013981,0.0,"[94, 60, 27, 1, 47, 24, 79, 33, 3, 10]","[{""client_id"": 94, ""task_id"": 0}, {""client_id"": 60, ""task_id"": 1}, {""client_id"": 27, ""task_id"": 2}, {""client_id"": 1, ""task_id"": 3}, {""client_id"": 47, ""task_id"": 4}, {""client_id"": 24, ""task_id"": 5}, {""client_id"": 79, ""task_id"": 6}, {""client_id"": 33, ""task_id"": 7}, {""client_id"": 3, ""task_id"": 8}, {""client_id"": 10, ""task_id"": 9}]","[45901372, 45902369, 45903366, 45904363, 45905360, 45906357, 45907354, 45908351, 45909348, 45910345]",1,0
459,FedPhoenixRG-Excess,1,79.76000213623047,8.358843500027433,0.0,"[96, 93, 54, 84, 35, 20, 27, 47, 77, 59]","[{""client_id"": 96, ""task_id"": 0}, {""client_id"": 93, ""task_id"": 1}, {""client_id"": 54, ""task_id"": 2}, {""client_id"": 84, ""task_id"": 3}, {""client_id"": 35, ""task_id"": 4}, {""client_id"": 20, ""task_id"": 5}, {""client_id"": 27, ""task_id"": 6}, {""client_id"": 47, ""task_id"": 7}, {""client_id"": 77, ""task_id"": 8}, {""client_id"": 59, ""task_id"": 9}]","[46001375, 46002372, 46003369, 46004366, 46005363, 46006360, 46007357, 46008354, 46009351, 46010348]",1,0
460,FedPhoenixRG-Excess,1,70.36000061035156,9.664773700002115,0.0,"[43, 77, 80, 81, 46, 17, 41, 62, 39, 35]","[{""client_id"": 43, ""task_id"": 0}, {""client_id"": 77, ""task_id"": 1}, {""client_id"": 80, ""task_id"": 2}, {""client_id"": 81, ""task_id"": 3}, {""client_id"": 46, ""task_id"": 4}, {""client_id"": 17, ""task_id"": 5}, {""client_id"": 41, ""task_id"": 6}, {""client_id"": 62, ""task_id"": 7}, {""client_id"": 39, ""task_id"": 8}, {""client_id"": 35, ""task_id"": 9}]","[46101378, 46102375, 46103372, 46104369, 46105366, 46106363, 46107360, 46108357, 46109354, 46110351]",1,1
461,FedPhoenixRG-Excess,1,79.43000030517578,10.91860999999335,0.0,"[19, 97, 29, 20, 55, 7, 63, 81, 76, 38]","[{""client_id"": 19, ""task_id"": 0}, {""client_id"": 97, ""task_id"": 1}, {""client_id"": 29, ""task_id"": 2}, {""client_id"": 20, ""task_id"": 3}, {""client_id"": 55, ""task_id"": 4}, {""client_id"": 7, ""task_id"": 5}, {""client_id"": 63, ""task_id"": 6}, {""client_id"": 81, ""task_id"": 7}, {""client_id"": 76, ""task_id"": 8}, {""client_id"": 38, ""task_id"": 9}]","[46201381, 46202378, 46203375, 46204372, 46205369, 46206366, 46207363, 46208360, 46209357, 46210354]",1,0
462,FedPhoenixRG-Excess,1,77.25,8.809047099959571,0.0,"[72, 66, 67, 15, 71, 2, 98, 78, 73, 52]","[{""client_id"": 72, ""task_id"": 0}, {""client_id"": 66, ""task_id"": 1}, {""client_id"": 67, ""task_id"": 2}, {""client_id"": 15, ""task_id"": 3}, {""client_id"": 71, ""task_id"": 4}, {""client_id"": 2, ""task_id"": 5}, {""client_id"": 98, ""task_id"": 6}, {""client_id"": 78, ""task_id"": 7}, {""client_id"": 73, ""task_id"": 8}, {""client_id"": 52, ""task_id"": 9}]","[46301384, 46302381, 46303378, 46304375, 46305372, 46306369, 46307366, 46308363, 46309360, 46310357]",1,0
463,FedPhoenixRG-Excess,1,79.48999786376953,10.718497399997432,0.0,"[50, 46, 14, 85, 68, 21, 61, 3, 73, 30]","[{""client_id"": 50, ""task_id"": 0}, {""client_id"": 46, ""task_id"": 1}, {""client_id"": 14, ""task_id"": 2}, {""client_id"": 85, ""task_id"": 3}, {""client_id"": 68, ""task_id"": 4}, {""client_id"": 21, ""task_id"": 5}, {""client_id"": 61, ""task_id"": 6}, {""client_id"": 3, ""task_id"": 7}, {""client_id"": 73, ""task_id"": 8}, {""client_id"": 30, ""task_id"": 9}]","[46401387, 46402384, 46403381, 46404378, 46405375, 46406372, 46407369, 46408366, 46409363, 46410360]",1,0
464,FedPhoenixRG-Excess,1,72.3499984741211,9.210444000025745,0.0,"[44, 94, 92, 97, 84, 46, 51, 5, 88, 6]","[{""client_id"": 44, ""task_id"": 0}, {""client_id"": 94, ""task_id"": 1}, {""client_id"": 92, ""task_id"": 2}, {""client_id"": 97, ""task_id"": 3}, {""client_id"": 84, ""task_id"": 4}, {""client_id"": 46, ""task_id"": 5}, {""client_id"": 51, ""task_id"": 6}, {""client_id"": 5, ""task_id"": 7}, {""client_id"": 88, ""task_id"": 8}, {""client_id"": 6, ""task_id"": 9}]","[46501390, 46502387, 46503384, 46504381, 46505378, 46506375, 46507372, 46508369, 46509366, 46510363]",1,0
465,FedPhoenixRG-Excess,1,78.36000061035156,10.106360699981451,0.0,"[86, 9, 5, 40, 57, 0, 35, 3, 48, 88]","[{""client_id"": 86, ""task_id"": 0}, {""client_id"": 9, ""task_id"": 1}, {""client_id"": 5, ""task_id"": 2}, {""client_id"": 40, ""task_id"": 3}, {""client_id"": 57, ""task_id"": 4}, {""client_id"": 0, ""task_id"": 5}, {""client_id"": 35, ""task_id"": 6}, {""client_id"": 3, ""task_id"": 7}, {""client_id"": 48, ""task_id"": 8}, {""client_id"": 88, ""task_id"": 9}]","[46601393, 46602390, 46603387, 46604384, 46605381, 46606378, 46607375, 46608372, 46609369, 46610366]",1,0
466,FedPhoenixRG-Excess,1,78.45999908447266,9.088765399996191,0.0,"[3, 32, 55, 9, 60, 90, 19, 71, 83, 97]","[{""client_id"": 3, ""task_id"": 0}, {""client_id"": 32, ""task_id"": 1}, {""client_id"": 55, ""task_id"": 2}, {""client_id"": 9, ""task_id"": 3}, {""client_id"": 60, ""task_id"": 4}, {""client_id"": 90, ""task_id"": 5}, {""client_id"": 19, ""task_id"": 6}, {""client_id"": 71, ""task_id"": 7}, {""client_id"": 83, ""task_id"": 8}, {""client_id"": 97, ""task_id"": 9}]","[46701396, 46702393, 46703390, 46704387, 46705384, 46706381, 46707378, 46708375, 46709372, 46710369]",1,0
467,FedPhoenixRG-Excess,1,65.93000030517578,8.66478210000787,0.0,"[79, 35, 38, 48, 52, 29, 91, 13, 70, 89]","[{""client_id"": 79, ""task_id"": 0}, {""client_id"": 35, ""task_id"": 1}, {""client_id"": 38, ""task_id"": 2}, {""client_id"": 48, ""task_id"": 3}, {""client_id"": 52, ""task_id"": 4}, {""client_id"": 29, ""task_id"": 5}, {""client_id"": 91, ""task_id"": 6}, {""client_id"": 13, ""task_id"": 7}, {""client_id"": 70, ""task_id"": 8}, {""client_id"": 89, ""task_id"": 9}]","[46801399, 46802396, 46803393, 46804390, 46805387, 46806384, 46807381, 46808378, 46809375, 46810372]",1,0
468,FedPhoenixRG-Excess,1,77.88999938964844,10.504497100017034,0.0,"[59, 64, 79, 90, 95, 86, 14, 20, 68, 48]","[{""client_id"": 59, ""task_id"": 0}, {""client_id"": 64, ""task_id"": 1}, {""client_id"": 79, ""task_id"": 2}, {""client_id"": 90, ""task_id"": 3}, {""client_id"": 95, ""task_id"": 4}, {""client_id"": 86, ""task_id"": 5}, {""client_id"": 14, ""task_id"": 6}, {""client_id"": 20, ""task_id"": 7}, {""client_id"": 68, ""task_id"": 8}, {""client_id"": 48, ""task_id"": 9}]","[46901402, 46902399, 46903396, 46904393, 46905390, 46906387, 46907384, 46908381, 46909378, 46910375]",1,0
469,FedPhoenixRG-Excess,1,76.98999786376953,10.152889299963135,0.0,"[67, 12, 17, 24, 45, 9, 32, 20, 78, 3]","[{""client_id"": 67, ""task_id"": 0}, {""client_id"": 12, ""task_id"": 1}, {""client_id"": 17, ""task_id"": 2}, {""client_id"": 24, ""task_id"": 3}, {""client_id"": 45, ""task_id"": 4}, {""client_id"": 9, ""task_id"": 5}, {""client_id"": 32, ""task_id"": 6}, {""client_id"": 20, ""task_id"": 7}, {""client_id"": 78, ""task_id"": 8}, {""client_id"": 3, ""task_id"": 9}]","[47001405, 47002402, 47003399, 47004396, 47005393, 47006390, 47007387, 47008384, 47009381, 47010378]",1,0
470,FedPhoenixRG-Excess,1,71.31999969482422,7.887408900016453,0.0,"[46, 56, 96, 43, 41, 73, 83, 35, 17, 67]","[{""client_id"": 46, ""task_id"": 0}, {""client_id"": 56, ""task_id"": 1}, {""client_id"": 96, ""task_id"": 2}, {""client_id"": 43, ""task_id"": 3}, {""client_id"": 41, ""task_id"": 4}, {""client_id"": 73, ""task_id"": 5}, {""client_id"": 83, ""task_id"": 6}, {""client_id"": 35, ""task_id"": 7}, {""client_id"": 17, ""task_id"": 8}, {""client_id"": 67, ""task_id"": 9}]","[47101408, 47102405, 47103402, 47104399, 47105396, 47106393, 47107390, 47108387, 47109384, 47110381]",1,0
471,FedPhoenixRG-Excess,1,73.44999694824219,8.129260799963959,0.0,"[87, 47, 32, 29, 43, 30, 27, 95, 22, 18]","[{""client_id"": 87, ""task_id"": 0}, {""client_id"": 47, ""task_id"": 1}, {""client_id"": 32, ""task_id"": 2}, {""client_id"": 29, ""task_id"": 3}, {""client_id"": 43, ""task_id"": 4}, {""client_id"": 30, ""task_id"": 5}, {""client_id"": 27, ""task_id"": 6}, {""client_id"": 95, ""task_id"": 7}, {""client_id"": 22, ""task_id"": 8}, {""client_id"": 18, ""task_id"": 9}]","[47201411, 47202408, 47203405, 47204402, 47205399, 47206396, 47207393, 47208390, 47209387, 47210384]",1,0
472,FedPhoenixRG-Excess,1,78.76000213623047,9.077095999964513,0.0,"[27, 59, 81, 74, 47, 93, 4, 56, 14, 10]","[{""client_id"": 27, ""task_id"": 0}, {""client_id"": 59, ""task_id"": 1}, {""client_id"": 81, ""task_id"": 2}, {""client_id"": 74, ""task_id"": 3}, {""client_id"": 47, ""task_id"": 4}, {""client_id"": 93, ""task_id"": 5}, {""client_id"": 4, ""task_id"": 6}, {""client_id"": 56, ""task_id"": 7}, {""client_id"": 14, ""task_id"": 8}, {""client_id"": 10, ""task_id"": 9}]","[47301414, 47302411, 47303408, 47304405, 47305402, 47306399, 47307396, 47308393, 47309390, 47310387]",1,0
473,FedPhoenixRG-Excess,1,74.48999786376953,11.163571699988097,0.0,"[91, 33, 84, 87, 36, 39, 90, 58, 41, 62]","[{""client_id"": 91, ""task_id"": 0}, {""client_id"": 33, ""task_id"": 1}, {""client_id"": 84, ""task_id"": 2}, {""client_id"": 87, ""task_id"": 3}, {""client_id"": 36, ""task_id"": 4}, {""client_id"": 39, ""task_id"": 5}, {""client_id"": 90, ""task_id"": 6}, {""client_id"": 58, ""task_id"": 7}, {""client_id"": 41, ""task_id"": 8}, {""client_id"": 62, ""task_id"": 9}]","[47401417, 47402414, 47403411, 47404408, 47405405, 47406402, 47407399, 47408396, 47409393, 47410390]",1,0
474,FedPhoenixRG-Excess,1,74.12000274658203,7.495746699976735,0.0,"[52, 51, 38, 79, 77, 42, 30, 59, 97, 2]","[{""client_id"": 52, ""task_id"": 0}, {""client_id"": 51, ""task_id"": 1}, {""client_id"": 38, ""task_id"": 2}, {""client_id"": 79, ""task_id"": 3}, {""client_id"": 77, ""task_id"": 4}, {""client_id"": 42, ""task_id"": 5}, {""client_id"": 30, ""task_id"": 6}, {""client_id"": 59, ""task_id"": 7}, {""client_id"": 97, ""task_id"": 8}, {""client_id"": 2, ""task_id"": 9}]","[47501420, 47502417, 47503414, 47504411, 47505408, 47506405, 47507402, 47508399, 47509396, 47510393]",1,0
475,FedPhoenixRG-Excess,1,77.27999877929688,11.450386300042737,0.0,"[65, 38, 67, 29, 18, 6, 62, 36, 22, 85]","[{""client_id"": 65, ""task_id"": 0}, {""client_id"": 38, ""task_id"": 1}, {""client_id"": 67, ""task_id"": 2}, {""client_id"": 29, ""task_id"": 3}, {""client_id"": 18, ""task_id"": 4}, {""client_id"": 6, ""task_id"": 5}, {""client_id"": 62, ""task_id"": 6}, {""client_id"": 36, ""task_id"": 7}, {""client_id"": 22, ""task_id"": 8}, {""client_id"": 85, ""task_id"": 9}]","[47601423, 47602420, 47603417, 47604414, 47605411, 47606408, 47607405, 47608402, 47609399, 47610396]",1,0
476,FedPhoenixRG-Excess,1,72.44999694824219,10.85074539994821,0.0,"[11, 62, 16, 24, 59, 91, 93, 31, 23, 0]","[{""client_id"": 11, ""task_id"": 0}, {""client_id"": 62, ""task_id"": 1}, {""client_id"": 16, ""task_id"": 2}, {""client_id"": 24, ""task_id"": 3}, {""client_id"": 59, ""task_id"": 4}, {""client_id"": 91, ""task_id"": 5}, {""client_id"": 93, ""task_id"": 6}, {""client_id"": 31, ""task_id"": 7}, {""client_id"": 23, ""task_id"": 8}, {""client_id"": 0, ""task_id"": 9}]","[47701426, 47702423, 47703420, 47704417, 47705414, 47706411, 47707408, 47708405, 47709402, 47710399]",1,0
477,FedPhoenixRG-Excess,1,72.48999786376953,9.110475299996324,0.0,"[80, 46, 69, 71, 96, 45, 0, 31, 27, 21]","[{""client_id"": 80, ""task_id"": 0}, {""client_id"": 46, ""task_id"": 1}, {""client_id"": 69, ""task_id"": 2}, {""client_id"": 71, ""task_id"": 3}, {""client_id"": 96, ""task_id"": 4}, {""client_id"": 45, ""task_id"": 5}, {""client_id"": 0, ""task_id"": 6}, {""client_id"": 31, ""task_id"": 7}, {""client_id"": 27, ""task_id"": 8}, {""client_id"": 21, ""task_id"": 9}]","[47801429, 47802426, 47803423, 47804420, 47805417, 47806414, 47807411, 47808408, 47809405, 47810402]",1,0
478,FedPhoenixRG-Excess,1,70.68000030517578,11.394505200034473,0.0,"[16, 76, 19, 50, 17, 63, 93, 47, 57, 49]","[{""client_id"": 16, ""task_id"": 0}, {""client_id"": 76, ""task_id"": 1}, {""client_id"": 19, ""task_id"": 2}, {""client_id"": 50, ""task_id"": 3}, {""client_id"": 17, ""task_id"": 4}, {""client_id"": 63, ""task_id"": 5}, {""client_id"": 93, ""task_id"": 6}, {""client_id"": 47, ""task_id"": 7}, {""client_id"": 57, ""task_id"": 8}, {""client_id"": 49, ""task_id"": 9}]","[47901432, 47902429, 47903426, 47904423, 47905420, 47906417, 47907414, 47908411, 47909408, 47910405]",1,0
479,FedPhoenixRG-Excess,1,79.69000244140625,10.519235299958382,0.0,"[82, 57, 66, 24, 11, 30, 5, 14, 91, 72]","[{""client_id"": 82, ""task_id"": 0}, {""client_id"": 57, ""task_id"": 1}, {""client_id"": 66, ""task_id"": 2}, {""client_id"": 24, ""task_id"": 3}, {""client_id"": 11, ""task_id"": 4}, {""client_id"": 30, ""task_id"": 5}, {""client_id"": 5, ""task_id"": 6}, {""client_id"": 14, ""task_id"": 7}, {""client_id"": 91, ""task_id"": 8}, {""client_id"": 72, ""task_id"": 9}]","[48001435, 48002432, 48003429, 48004426, 48005423, 48006420, 48007417, 48008414, 48009411, 48010408]",1,0
480,FedPhoenixRG-Excess,1,78.95999908447266,10.282090699998662,0.0,"[5, 66, 73, 93, 9, 23, 13, 12, 30, 74]","[{""client_id"": 5, ""task_id"": 0}, {""client_id"": 66, ""task_id"": 1}, {""client_id"": 73, ""task_id"": 2}, {""client_id"": 93, ""task_id"": 3}, {""client_id"": 9, ""task_id"": 4}, {""client_id"": 23, ""task_id"": 5}, {""client_id"": 13, ""task_id"": 6}, {""client_id"": 12, ""task_id"": 7}, {""client_id"": 30, ""task_id"": 8}, {""client_id"": 74, ""task_id"": 9}]","[48101438, 48102435, 48103432, 48104429, 48105426, 48106423, 48107420, 48108417, 48109414, 48110411]",1,1
481,FedPhoenixRG-Excess,1,76.93000030517578,7.912115200015251,0.0,"[11, 85, 77, 4, 94, 43, 18, 48, 38, 10]","[{""client_id"": 11, ""task_id"": 0}, {""client_id"": 85, ""task_id"": 1}, {""client_id"": 77, ""task_id"": 2}, {""client_id"": 4, ""task_id"": 3}, {""client_id"": 94, ""task_id"": 4}, {""client_id"": 43, ""task_id"": 5}, {""client_id"": 18, ""task_id"": 6}, {""client_id"": 48, ""task_id"": 7}, {""client_id"": 38, ""task_id"": 8}, {""client_id"": 10, ""task_id"": 9}]","[48201441, 48202438, 48203435, 48204432, 48205429, 48206426, 48207423, 48208420, 48209417, 48210414]",1,0
482,FedPhoenixRG-Excess,1,78.0999984741211,8.165155900001992,0.0,"[20, 95, 47, 0, 45, 5, 64, 98, 13, 96]","[{""client_id"": 20, ""task_id"": 0}, {""client_id"": 95, ""task_id"": 1}, {""client_id"": 47, ""task_id"": 2}, {""client_id"": 0, ""task_id"": 3}, {""client_id"": 45, ""task_id"": 4}, {""client_id"": 5, ""task_id"": 5}, {""client_id"": 64, ""task_id"": 6}, {""client_id"": 98, ""task_id"": 7}, {""client_id"": 13, ""task_id"": 8}, {""client_id"": 96, ""task_id"": 9}]","[48301444, 48302441, 48303438, 48304435, 48305432, 48306429, 48307426, 48308423, 48309420, 48310417]",1,0
483,FedPhoenixRG-Excess,1,78.04000091552734,10.172093500033952,0.0,"[51, 4, 98, 99, 17, 69, 48, 24, 63, 23]","[{""client_id"": 51, ""task_id"": 0}, {""client_id"": 4, ""task_id"": 1}, {""client_id"": 98, ""task_id"": 2}, {""client_id"": 99, ""task_id"": 3}, {""client_id"": 17, ""task_id"": 4}, {""client_id"": 69, ""task_id"": 5}, {""client_id"": 48, ""task_id"": 6}, {""client_id"": 24, ""task_id"": 7}, {""client_id"": 63, ""task_id"": 8}, {""client_id"": 23, ""task_id"": 9}]","[48401447, 48402444, 48403441, 48404438, 48405435, 48406432, 48407429, 48408426, 48409423, 48410420]",1,0
484,FedPhoenixRG-Excess,1,72.87999725341797,11.83529020001879,0.0,"[30, 73, 58, 26, 65, 50, 70, 48, 3, 83]","[{""client_id"": 30, ""task_id"": 0}, {""client_id"": 73, ""task_id"": 1}, {""client_id"": 58, ""task_id"": 2}, {""client_id"": 26, ""task_id"": 3}, {""client_id"": 65, ""task_id"": 4}, {""client_id"": 50, ""task_id"": 5}, {""client_id"": 70, ""task_id"": 6}, {""client_id"": 48, ""task_id"": 7}, {""client_id"": 3, ""task_id"": 8}, {""client_id"": 83, ""task_id"": 9}]","[48501450, 48502447, 48503444, 48504441, 48505438, 48506435, 48507432, 48508429, 48509426, 48510423]",1,0
485,FedPhoenixRG-Excess,1,76.18000030517578,11.115157400025055,0.0,"[2, 23, 38, 5, 46, 86, 14, 91, 80, 22]","[{""client_id"": 2, ""task_id"": 0}, {""client_id"": 23, ""task_id"": 1}, {""client_id"": 38, ""task_id"": 2}, {""client_id"": 5, ""task_id"": 3}, {""client_id"": 46, ""task_id"": 4}, {""client_id"": 86, ""task_id"": 5}, {""client_id"": 14, ""task_id"": 6}, {""client_id"": 91, ""task_id"": 7}, {""client_id"": 80, ""task_id"": 8}, {""client_id"": 22, ""task_id"": 9}]","[48601453, 48602450, 48603447, 48604444, 48605441, 48606438, 48607435, 48608432, 48609429, 48610426]",1,0
486,FedPhoenixRG-Excess,1,64.22000122070312,10.631974200019613,0.0,"[18, 10, 17, 49, 41, 78, 51, 92, 57, 44]","[{""client_id"": 18, ""task_id"": 0}, {""client_id"": 10, ""task_id"": 1}, {""client_id"": 17, ""task_id"": 2}, {""client_id"": 49, ""task_id"": 3}, {""client_id"": 41, ""task_id"": 4}, {""client_id"": 78, ""task_id"": 5}, {""client_id"": 51, ""task_id"": 6}, {""client_id"": 92, ""task_id"": 7}, {""client_id"": 57, ""task_id"": 8}, {""client_id"": 44, ""task_id"": 9}]","[48701456, 48702453, 48703450, 48704447, 48705444, 48706441, 48707438, 48708435, 48709432, 48710429]",1,0
487,FedPhoenixRG-Excess,1,73.13999938964844,9.38394689996494,0.0,"[59, 54, 5, 83, 49, 17, 24, 99, 48, 8]","[{""client_id"": 59, ""task_id"": 0}, {""client_id"": 54, ""task_id"": 1}, {""client_id"": 5, ""task_id"": 2}, {""client_id"": 83, ""task_id"": 3}, {""client_id"": 49, ""task_id"": 4}, {""client_id"": 17, ""task_id"": 5}, {""client_id"": 24, ""task_id"": 6}, {""client_id"": 99, ""task_id"": 7}, {""client_id"": 48, ""task_id"": 8}, {""client_id"": 8, ""task_id"": 9}]","[48801459, 48802456, 48803453, 48804450, 48805447, 48806444, 48807441, 48808438, 48809435, 48810432]",1,0
488,FedPhoenixRG-Excess,1,79.23999786376953,9.120618899993133,0.0,"[81, 69, 41, 51, 29, 3, 35, 96, 20, 54]","[{""client_id"": 81, ""task_id"": 0}, {""client_id"": 69, ""task_id"": 1}, {""client_id"": 41, ""task_id"": 2}, {""client_id"": 51, ""task_id"": 3}, {""client_id"": 29, ""task_id"": 4}, {""client_id"": 3, ""task_id"": 5}, {""client_id"": 35, ""task_id"": 6}, {""client_id"": 96, ""task_id"": 7}, {""client_id"": 20, ""task_id"": 8}, {""client_id"": 54, ""task_id"": 9}]","[48901462, 48902459, 48903456, 48904453, 48905450, 48906447, 48907444, 48908441, 48909438, 48910435]",1,0
489,FedPhoenixRG-Excess,1,77.47000122070312,8.722622999979649,0.0,"[20, 53, 42, 59, 83, 44, 4, 39, 15, 61]","[{""client_id"": 20, ""task_id"": 0}, {""client_id"": 53, ""task_id"": 1}, {""client_id"": 42, ""task_id"": 2}, {""client_id"": 59, ""task_id"": 3}, {""client_id"": 83, ""task_id"": 4}, {""client_id"": 44, ""task_id"": 5}, {""client_id"": 4, ""task_id"": 6}, {""client_id"": 39, ""task_id"": 7}, {""client_id"": 15, ""task_id"": 8}, {""client_id"": 61, ""task_id"": 9}]","[49001465, 49002462, 49003459, 49004456, 49005453, 49006450, 49007447, 49008444, 49009441, 49010438]",1,0
490,FedPhoenixRG-Excess,1,77.41999816894531,11.163615299970843,0.0,"[7, 25, 37, 24, 96, 88, 54, 70, 27, 23]","[{""client_id"": 7, ""task_id"": 0}, {""client_id"": 25, ""task_id"": 1}, {""client_id"": 37, ""task_id"": 2}, {""client_id"": 24, ""task_id"": 3}, {""client_id"": 96, ""task_id"": 4}, {""client_id"": 88, ""task_id"": 5}, {""client_id"": 54, ""task_id"": 6}, {""client_id"": 70, ""task_id"": 7}, {""client_id"": 27, ""task_id"": 8}, {""client_id"": 23, ""task_id"": 9}]","[49101468, 49102465, 49103462, 49104459, 49105456, 49106453, 49107450, 49108447, 49109444, 49110441]",1,0
491,FedPhoenixRG-Excess,1,69.73999786376953,9.38291800004663,0.0,"[39, 34, 92, 2, 10, 49, 17, 89, 54, 84]","[{""client_id"": 39, ""task_id"": 0}, {""client_id"": 34, ""task_id"": 1}, {""client_id"": 92, ""task_id"": 2}, {""client_id"": 2, ""task_id"": 3}, {""client_id"": 10, ""task_id"": 4}, {""client_id"": 49, ""task_id"": 5}, {""client_id"": 17, ""task_id"": 6}, {""client_id"": 89, ""task_id"": 7}, {""client_id"": 54, ""task_id"": 8}, {""client_id"": 84, ""task_id"": 9}]","[49201471, 49202468, 49203465, 49204462, 49205459, 49206456, 49207453, 49208450, 49209447, 49210444]",1,0
492,FedPhoenixRG-Excess,1,76.62999725341797,9.53457190003246,0.0,"[71, 20, 64, 53, 77, 52, 49, 16, 11, 96]","[{""client_id"": 71, ""task_id"": 0}, {""client_id"": 20, ""task_id"": 1}, {""client_id"": 64, ""task_id"": 2}, {""client_id"": 53, ""task_id"": 3}, {""client_id"": 77, ""task_id"": 4}, {""client_id"": 52, ""task_id"": 5}, {""client_id"": 49, ""task_id"": 6}, {""client_id"": 16, ""task_id"": 7}, {""client_id"": 11, ""task_id"": 8}, {""client_id"": 96, ""task_id"": 9}]","[49301474, 49302471, 49303468, 49304465, 49305462, 49306459, 49307456, 49308453, 49309450, 49310447]",1,0
493,FedPhoenixRG-Excess,1,77.88999938964844,10.02690579998307,0.0,"[71, 78, 59, 54, 34, 25, 10, 60, 9, 93]","[{""client_id"": 71, ""task_id"": 0}, {""client_id"": 78, ""task_id"": 1}, {""client_id"": 59, ""task_id"": 2}, {""client_id"": 54, ""task_id"": 3}, {""client_id"": 34, ""task_id"": 4}, {""client_id"": 25, ""task_id"": 5}, {""client_id"": 10, ""task_id"": 6}, {""client_id"": 60, ""task_id"": 7}, {""client_id"": 9, ""task_id"": 8}, {""client_id"": 93, ""task_id"": 9}]","[49401477, 49402474, 49403471, 49404468, 49405465, 49406462, 49407459, 49408456, 49409453, 49410450]",1,0
494,FedPhoenixRG-Excess,1,75.87000274658203,9.936454699956812,0.0,"[77, 84, 40, 10, 60, 28, 53, 19, 81, 75]","[{""client_id"": 77, ""task_id"": 0}, {""client_id"": 84, ""task_id"": 1}, {""client_id"": 40, ""task_id"": 2}, {""client_id"": 10, ""task_id"": 3}, {""client_id"": 60, ""task_id"": 4}, {""client_id"": 28, ""task_id"": 5}, {""client_id"": 53, ""task_id"": 6}, {""client_id"": 19, ""task_id"": 7}, {""client_id"": 81, ""task_id"": 8}, {""client_id"": 75, ""task_id"": 9}]","[49501480, 49502477, 49503474, 49504471, 49505468, 49506465, 49507462, 49508459, 49509456, 49510453]",1,0
495,FedPhoenixRG-Excess,1,73.44000244140625,8.609671000041999,0.0,"[63, 91, 87, 18, 32, 92, 76, 9, 50, 52]","[{""client_id"": 63, ""task_id"": 0}, {""client_id"": 91, ""task_id"": 1}, {""client_id"": 87, ""task_id"": 2}, {""client_id"": 18, ""task_id"": 3}, {""client_id"": 32, ""task_id"": 4}, {""client_id"": 92, ""task_id"": 5}, {""client_id"": 76, ""task_id"": 6}, {""client_id"": 9, ""task_id"": 7}, {""client_id"": 50, ""task_id"": 8}, {""client_id"": 52, ""task_id"": 9}]","[49601483, 49602480, 49603477, 49604474, 49605471, 49606468, 49607465, 49608462, 49609459, 49610456]",1,0
496,FedPhoenixRG-Excess,1,68.66000366210938,9.663094000017736,0.0,"[46, 1, 66, 58, 29, 99, 57, 97, 76, 8]","[{""client_id"": 46, ""task_id"": 0}, {""client_id"": 1, ""task_id"": 1}, {""client_id"": 66, ""task_id"": 2}, {""client_id"": 58, ""task_id"": 3}, {""client_id"": 29, ""task_id"": 4}, {""client_id"": 99, ""task_id"": 5}, {""client_id"": 57, ""task_id"": 6}, {""client_id"": 97, ""task_id"": 7}, {""client_id"": 76, ""task_id"": 8}, {""client_id"": 8, ""task_id"": 9}]","[49701486, 49702483, 49703480, 49704477, 49705474, 49706471, 49707468, 49708465, 49709462, 49710459]",1,0
497,FedPhoenixRG-Excess,1,76.47000122070312,10.786740900017321,0.0,"[97, 46, 45, 20, 58, 25, 69, 61, 37, 92]","[{""client_id"": 97, ""task_id"": 0}, {""client_id"": 46, ""task_id"": 1}, {""client_id"": 45, ""task_id"": 2}, {""client_id"": 20, ""task_id"": 3}, {""client_id"": 58, ""task_id"": 4}, {""client_id"": 25, ""task_id"": 5}, {""client_id"": 69, ""task_id"": 6}, {""client_id"": 61, ""task_id"": 7}, {""client_id"": 37, ""task_id"": 8}, {""client_id"": 92, ""task_id"": 9}]","[49801489, 49802486, 49803483, 49804480, 49805477, 49806474, 49807471, 49808468, 49809465, 49810462]",1,0
498,FedPhoenixRG-Excess,1,80.16000366210938,11.368864799966104,0.0,"[58, 27, 66, 23, 64, 71, 81, 24, 82, 73]","[{""client_id"": 58, ""task_id"": 0}, {""client_id"": 27, ""task_id"": 1}, {""client_id"": 66, ""task_id"": 2}, {""client_id"": 23, ""task_id"": 3}, {""client_id"": 64, ""task_id"": 4}, {""client_id"": 71, ""task_id"": 5}, {""client_id"": 81, ""task_id"": 6}, {""client_id"": 24, ""task_id"": 7}, {""client_id"": 82, ""task_id"": 8}, {""client_id"": 73, ""task_id"": 9}]","[49901492, 49902489, 49903486, 49904483, 49905480, 49906477, 49907474, 49908471, 49909468, 49910465]",1,0
499,FedPhoenixRG-Excess,1,64.76000213623047,7.783799300028477,0.0,"[77, 50, 22, 1, 95, 15, 31, 32, 4, 68]","[{""client_id"": 77, ""task_id"": 0}, {""client_id"": 50, ""task_id"": 1}, {""client_id"": 22, ""task_id"": 2}, {""client_id"": 1, ""task_id"": 3}, {""client_id"": 95, ""task_id"": 4}, {""client_id"": 15, ""task_id"": 5}, {""client_id"": 31, ""task_id"": 6}, {""client_id"": 32, ""task_id"": 7}, {""client_id"": 4, ""task_id"": 8}, {""client_id"": 68, ""task_id"": 9}]","[50001495, 50002492, 50003489, 50004486, 50005483, 50006480, 50007477, 50008474, 50009471, 50010468]",1,0
500,FedPhoenixRG-Excess,1,77.79000091552734,9.745624800038058,0.0,"[18, 68, 36, 13, 21, 16, 45, 31, 2, 61]","[{""client_id"": 18, ""task_id"": 0}, {""client_id"": 68, ""task_id"": 1}, {""client_id"": 36, ""task_id"": 2}, {""client_id"": 13, ""task_id"": 3}, {""client_id"": 21, ""task_id"": 4}, {""client_id"": 16, ""task_id"": 5}, {""client_id"": 45, ""task_id"": 6}, {""client_id"": 31, ""task_id"": 7}, {""client_id"": 2, ""task_id"": 8}, {""client_id"": 61, ""task_id"": 9}]","[50101498, 50102495, 50103492, 50104489, 50105486, 50106483, 50107480, 50108477, 50109474, 50110471]",1,1
501,FedPhoenixRG-Excess,1,72.4800033569336,10.696935000014491,0.0,"[3, 56, 6, 10, 33, 20, 71, 77, 79, 13]","[{""client_id"": 3, ""task_id"": 0}, {""client_id"": 56, ""task_id"": 1}, {""client_id"": 6, ""task_id"": 2}, {""client_id"": 10, ""task_id"": 3}, {""client_id"": 33, ""task_id"": 4}, {""client_id"": 20, ""task_id"": 5}, {""client_id"": 71, ""task_id"": 6}, {""client_id"": 77, ""task_id"": 7}, {""client_id"": 79, ""task_id"": 8}, {""client_id"": 13, ""task_id"": 9}]","[50201501, 50202498, 50203495, 50204492, 50205489, 50206486, 50207483, 50208480, 50209477, 50210474]",1,0
502,FedPhoenixRG-Excess,1,75.22000122070312,8.106050300004426,0.0,"[55, 2, 52, 15, 10, 22, 98, 27, 1, 99]","[{""client_id"": 55, ""task_id"": 0}, {""client_id"": 2, ""task_id"": 1}, {""client_id"": 52, ""task_id"": 2}, {""client_id"": 15, ""task_id"": 3}, {""client_id"": 10, ""task_id"": 4}, {""client_id"": 22, ""task_id"": 5}, {""client_id"": 98, ""task_id"": 6}, {""client_id"": 27, ""task_id"": 7}, {""client_id"": 1, ""task_id"": 8}, {""client_id"": 99, ""task_id"": 9}]","[50301504, 50302501, 50303498, 50304495, 50305492, 50306489, 50307486, 50308483, 50309480, 50310477]",1,0
503,FedPhoenixRG-Excess,1,71.73999786376953,8.543548999994528,0.0,"[74, 52, 66, 96, 15, 59, 16, 35, 30, 34]","[{""client_id"": 74, ""task_id"": 0}, {""client_id"": 52, ""task_id"": 1}, {""client_id"": 66, ""task_id"": 2}, {""client_id"": 96, ""task_id"": 3}, {""client_id"": 15, ""task_id"": 4}, {""client_id"": 59, ""task_id"": 5}, {""client_id"": 16, ""task_id"": 6}, {""client_id"": 35, ""task_id"": 7}, {""client_id"": 30, ""task_id"": 8}, {""client_id"": 34, ""task_id"": 9}]","[50401507, 50402504, 50403501, 50404498, 50405495, 50406492, 50407489, 50408486, 50409483, 50410480]",1,0
504,FedPhoenixRG-Excess,1,75.94999694824219,8.82131200004369,0.0,"[71, 96, 87, 18, 46, 24, 29, 3, 51, 66]","[{""client_id"": 71, ""task_id"": 0}, {""client_id"": 96, ""task_id"": 1}, {""client_id"": 87, ""task_id"": 2}, {""client_id"": 18, ""task_id"": 3}, {""client_id"": 46, ""task_id"": 4}, {""client_id"": 24, ""task_id"": 5}, {""client_id"": 29, ""task_id"": 6}, {""client_id"": 3, ""task_id"": 7}, {""client_id"": 51, ""task_id"": 8}, {""client_id"": 66, ""task_id"": 9}]","[50501510, 50502507, 50503504, 50504501, 50505498, 50506495, 50507492, 50508489, 50509486, 50510483]",1,0
505,FedPhoenixRG-Excess,1,78.76000213623047,9.619565600005444,0.0,"[27, 7, 32, 83, 12, 71, 14, 97, 30, 96]","[{""client_id"": 27, ""task_id"": 0}, {""client_id"": 7, ""task_id"": 1}, {""client_id"": 32, ""task_id"": 2}, {""client_id"": 83, ""task_id"": 3}, {""client_id"": 12, ""task_id"": 4}, {""client_id"": 71, ""task_id"": 5}, {""client_id"": 14, ""task_id"": 6}, {""client_id"": 97, ""task_id"": 7}, {""client_id"": 30, ""task_id"": 8}, {""client_id"": 96, ""task_id"": 9}]","[50601513, 50602510, 50603507, 50604504, 50605501, 50606498, 50607495, 50608492, 50609489, 50610486]",1,0
506,FedPhoenixRG-Excess,1,62.11000061035156,8.997985300025903,0.0,"[34, 56, 77, 51, 11, 83, 57, 12, 46, 89]","[{""client_id"": 34, ""task_id"": 0}, {""client_id"": 56, ""task_id"": 1}, {""client_id"": 77, ""task_id"": 2}, {""client_id"": 51, ""task_id"": 3}, {""client_id"": 11, ""task_id"": 4}, {""client_id"": 83, ""task_id"": 5}, {""client_id"": 57, ""task_id"": 6}, {""client_id"": 12, ""task_id"": 7}, {""client_id"": 46, ""task_id"": 8}, {""client_id"": 89, ""task_id"": 9}]","[50701516, 50702513, 50703510, 50704507, 50705504, 50706501, 50707498, 50708495, 50709492, 50710489]",1,0
507,FedPhoenixRG-Excess,1,59.70000076293945,10.18216880003456,0.0,"[53, 62, 22, 12, 1, 26, 30, 93, 6, 46]","[{""client_id"": 53, ""task_id"": 0}, {""client_id"": 62, ""task_id"": 1}, {""client_id"": 22, ""task_id"": 2}, {""client_id"": 12, ""task_id"": 3}, {""client_id"": 1, ""task_id"": 4}, {""client_id"": 26, ""task_id"": 5}, {""client_id"": 30, ""task_id"": 6}, {""client_id"": 93, ""task_id"": 7}, {""client_id"": 6, ""task_id"": 8}, {""client_id"": 46, ""task_id"": 9}]","[50801519, 50802516, 50803513, 50804510, 50805507, 50806504, 50807501, 50808498, 50809495, 50810492]",1,0
508,FedPhoenixRG-Excess,1,70.91000366210938,8.870566900004633,0.0,"[49, 15, 1, 95, 74, 37, 39, 84, 0, 91]","[{""client_id"": 49, ""task_id"": 0}, {""client_id"": 15, ""task_id"": 1}, {""client_id"": 1, ""task_id"": 2}, {""client_id"": 95, ""task_id"": 3}, {""client_id"": 74, ""task_id"": 4}, {""client_id"": 37, ""task_id"": 5}, {""client_id"": 39, ""task_id"": 6}, {""client_id"": 84, ""task_id"": 7}, {""client_id"": 0, ""task_id"": 8}, {""client_id"": 91, ""task_id"": 9}]","[50901522, 50902519, 50903516, 50904513, 50905510, 50906507, 50907504, 50908501, 50909498, 50910495]",1,0
509,FedPhoenixRG-Excess,1,72.48999786376953,10.477426600002218,0.0,"[65, 99, 47, 19, 4, 87, 64, 28, 26, 27]","[{""client_id"": 65, ""task_id"": 0}, {""client_id"": 99, ""task_id"": 1}, {""client_id"": 47, ""task_id"": 2}, {""client_id"": 19, ""task_id"": 3}, {""client_id"": 4, ""task_id"": 4}, {""client_id"": 87, ""task_id"": 5}, {""client_id"": 64, ""task_id"": 6}, {""client_id"": 28, ""task_id"": 7}, {""client_id"": 26, ""task_id"": 8}, {""client_id"": 27, ""task_id"": 9}]","[51001525, 51002522, 51003519, 51004516, 51005513, 51006510, 51007507, 51008504, 51009501, 51010498]",1,0
510,FedPhoenixRG-Excess,1,73.93000030517578,8.709379299951252,0.0,"[38, 58, 15, 96, 8, 17, 18, 44, 27, 77]","[{""client_id"": 38, ""task_id"": 0}, {""client_id"": 58, ""task_id"": 1}, {""client_id"": 15, ""task_id"": 2}, {""client_id"": 96, ""task_id"": 3}, {""client_id"": 8, ""task_id"": 4}, {""client_id"": 17, ""task_id"": 5}, {""client_id"": 18, ""task_id"": 6}, {""client_id"": 44, ""task_id"": 7}, {""client_id"": 27, ""task_id"": 8}, {""client_id"": 77, ""task_id"": 9}]","[51101528, 51102525, 51103522, 51104519, 51105516, 51106513, 51107510, 51108507, 51109504, 51110501]",1,0
511,FedPhoenixRG-Excess,1,71.2699966430664,9.434967999986839,0.0,"[83, 66, 23, 74, 21, 5, 53, 54, 94, 67]","[{""client_id"": 83, ""task_id"": 0}, {""client_id"": 66, ""task_id"": 1}, {""client_id"": 23, ""task_id"": 2}, {""client_id"": 74, ""task_id"": 3}, {""client_id"": 21, ""task_id"": 4}, {""client_id"": 5, ""task_id"": 5}, {""client_id"": 53, ""task_id"": 6}, {""client_id"": 54, ""task_id"": 7}, {""client_id"": 94, ""task_id"": 8}, {""client_id"": 67, ""task_id"": 9}]","[51201531, 51202528, 51203525, 51204522, 51205519, 51206516, 51207513, 51208510, 51209507, 51210504]",1,0
512,FedPhoenixRG-Excess,1,69.80000305175781,10.59472300001653,0.0,"[28, 58, 95, 24, 99, 80, 43, 26, 10, 62]","[{""client_id"": 28, ""task_id"": 0}, {""client_id"": 58, ""task_id"": 1}, {""client_id"": 95, ""task_id"": 2}, {""client_id"": 24, ""task_id"": 3}, {""client_id"": 99, ""task_id"": 4}, {""client_id"": 80, ""task_id"": 5}, {""client_id"": 43, ""task_id"": 6}, {""client_id"": 26, ""task_id"": 7}, {""client_id"": 10, ""task_id"": 8}, {""client_id"": 62, ""task_id"": 9}]","[51301534, 51302531, 51303528, 51304525, 51305522, 51306519, 51307516, 51308513, 51309510, 51310507]",1,0
513,FedPhoenixRG-Excess,1,71.69000244140625,9.794775100017432,0.0,"[89, 4, 75, 15, 16, 92, 70, 7, 21, 77]","[{""client_id"": 89, ""task_id"": 0}, {""client_id"": 4, ""task_id"": 1}, {""client_id"": 75, ""task_id"": 2}, {""client_id"": 15, ""task_id"": 3}, {""client_id"": 16, ""task_id"": 4}, {""client_id"": 92, ""task_id"": 5}, {""client_id"": 70, ""task_id"": 6}, {""client_id"": 7, ""task_id"": 7}, {""client_id"": 21, ""task_id"": 8}, {""client_id"": 77, ""task_id"": 9}]","[51401537, 51402534, 51403531, 51404528, 51405525, 51406522, 51407519, 51408516, 51409513, 51410510]",1,0
514,FedPhoenixRG-Excess,1,73.58000183105469,9.355593000014778,0.0,"[59, 45, 90, 0, 50, 15, 12, 80, 52, 87]","[{""client_id"": 59, ""task_id"": 0}, {""client_id"": 45, ""task_id"": 1}, {""client_id"": 90, ""task_id"": 2}, {""client_id"": 0, ""task_id"": 3}, {""client_id"": 50, ""task_id"": 4}, {""client_id"": 15, ""task_id"": 5}, {""client_id"": 12, ""task_id"": 6}, {""client_id"": 80, ""task_id"": 7}, {""client_id"": 52, ""task_id"": 8}, {""client_id"": 87, ""task_id"": 9}]","[51501540, 51502537, 51503534, 51504531, 51505528, 51506525, 51507522, 51508519, 51509516, 51510513]",1,0
515,FedPhoenixRG-Excess,1,77.72000122070312,11.683469100040384,0.0,"[64, 34, 14, 30, 92, 17, 73, 20, 7, 55]","[{""client_id"": 64, ""task_id"": 0}, {""client_id"": 34, ""task_id"": 1}, {""client_id"": 14, ""task_id"": 2}, {""client_id"": 30, ""task_id"": 3}, {""client_id"": 92, ""task_id"": 4}, {""client_id"": 17, ""task_id"": 5}, {""client_id"": 73, ""task_id"": 6}, {""client_id"": 20, ""task_id"": 7}, {""client_id"": 7, ""task_id"": 8}, {""client_id"": 55, ""task_id"": 9}]","[51601543, 51602540, 51603537, 51604534, 51605531, 51606528, 51607525, 51608522, 51609519, 51610516]",1,0
516,FedPhoenixRG-Excess,1,78.37000274658203,9.514941400033422,0.0,"[76, 47, 49, 39, 13, 12, 30, 31, 79, 63]","[{""client_id"": 76, ""task_id"": 0}, {""client_id"": 47, ""task_id"": 1}, {""client_id"": 49, ""task_id"": 2}, {""client_id"": 39, ""task_id"": 3}, {""client_id"": 13, ""task_id"": 4}, {""client_id"": 12, ""task_id"": 5}, {""client_id"": 30, ""task_id"": 6}, {""client_id"": 31, ""task_id"": 7}, {""client_id"": 79, ""task_id"": 8}, {""client_id"": 63, ""task_id"": 9}]","[51701546, 51702543, 51703540, 51704537, 51705534, 51706531, 51707528, 51708525, 51709522, 51710519]",1,0
517,FedPhoenixRG-Excess,1,77.47000122070312,10.462089299981017,0.0,"[71, 38, 14, 10, 83, 23, 8, 12, 81, 60]","[{""client_id"": 71, ""task_id"": 0}, {""client_id"": 38, ""task_id"": 1}, {""client_id"": 14, ""task_id"": 2}, {""client_id"": 10, ""task_id"": 3}, {""client_id"": 83, ""task_id"": 4}, {""client_id"": 23, ""task_id"": 5}, {""client_id"": 8, ""task_id"": 6}, {""client_id"": 12, ""task_id"": 7}, {""client_id"": 81, ""task_id"": 8}, {""client_id"": 60, ""task_id"": 9}]","[51801549, 51802546, 51803543, 51804540, 51805537, 51806534, 51807531, 51808528, 51809525, 51810522]",1,0
518,FedPhoenixRG-Excess,1,72.61000061035156,10.208735200052615,0.0,"[76, 78, 89, 17, 44, 5, 13, 41, 80, 27]","[{""client_id"": 76, ""task_id"": 0}, {""client_id"": 78, ""task_id"": 1}, {""client_id"": 89, ""task_id"": 2}, {""client_id"": 17, ""task_id"": 3}, {""client_id"": 44, ""task_id"": 4}, {""client_id"": 5, ""task_id"": 5}, {""client_id"": 13, ""task_id"": 6}, {""client_id"": 41, ""task_id"": 7}, {""client_id"": 80, ""task_id"": 8}, {""client_id"": 27, ""task_id"": 9}]","[51901552, 51902549, 51903546, 51904543, 51905540, 51906537, 51907534, 51908531, 51909528, 51910525]",1,0
519,FedPhoenixRG-Excess,1,76.29000091552734,9.159323500003666,0.0,"[28, 17, 48, 27, 44, 43, 38, 89, 10, 61]","[{""client_id"": 28, ""task_id"": 0}, {""client_id"": 17, ""task_id"": 1}, {""client_id"": 48, ""task_id"": 2}, {""client_id"": 27, ""task_id"": 3}, {""client_id"": 44, ""task_id"": 4}, {""client_id"": 43, ""task_id"": 5}, {""client_id"": 38, ""task_id"": 6}, {""client_id"": 89, ""task_id"": 7}, {""client_id"": 10, ""task_id"": 8}, {""client_id"": 61, ""task_id"": 9}]","[52001555, 52002552, 52003549, 52004546, 52005543, 52006540, 52007537, 52008534, 52009531, 52010528]",1,0
520,FedPhoenixRG-Excess,1,78.91999816894531,8.756049599964172,0.0,"[33, 35, 76, 73, 27, 64, 2, 67, 4, 62]","[{""client_id"": 33, ""task_id"": 0}, {""client_id"": 35, ""task_id"": 1}, {""client_id"": 76, ""task_id"": 2}, {""client_id"": 73, ""task_id"": 3}, {""client_id"": 27, ""task_id"": 4}, {""client_id"": 64, ""task_id"": 5}, {""client_id"": 2, ""task_id"": 6}, {""client_id"": 67, ""task_id"": 7}, {""client_id"": 4, ""task_id"": 8}, {""client_id"": 62, ""task_id"": 9}]","[52101558, 52102555, 52103552, 52104549, 52105546, 52106543, 52107540, 52108537, 52109534, 52110531]",1,1
521,FedPhoenixRG-Excess,1,72.87999725341797,10.766425099980552,0.0,"[21, 65, 85, 55, 26, 2, 87, 32, 95, 76]","[{""client_id"": 21, ""task_id"": 0}, {""client_id"": 65, ""task_id"": 1}, {""client_id"": 85, ""task_id"": 2}, {""client_id"": 55, ""task_id"": 3}, {""client_id"": 26, ""task_id"": 4}, {""client_id"": 2, ""task_id"": 5}, {""client_id"": 87, ""task_id"": 6}, {""client_id"": 32, ""task_id"": 7}, {""client_id"": 95, ""task_id"": 8}, {""client_id"": 76, ""task_id"": 9}]","[52201561, 52202558, 52203555, 52204552, 52205549, 52206546, 52207543, 52208540, 52209537, 52210534]",1,0
522,FedPhoenixRG-Excess,1,71.08000183105469,10.59008900000481,0.0,"[1, 25, 27, 86, 15, 34, 49, 47, 54, 33]","[{""client_id"": 1, ""task_id"": 0}, {""client_id"": 25, ""task_id"": 1}, {""client_id"": 27, ""task_id"": 2}, {""client_id"": 86, ""task_id"": 3}, {""client_id"": 15, ""task_id"": 4}, {""client_id"": 34, ""task_id"": 5}, {""client_id"": 49, ""task_id"": 6}, {""client_id"": 47, ""task_id"": 7}, {""client_id"": 54, ""task_id"": 8}, {""client_id"": 33, ""task_id"": 9}]","[52301564, 52302561, 52303558, 52304555, 52305552, 52306549, 52307546, 52308543, 52309540, 52310537]",1,0
523,FedPhoenixRG-Excess,1,68.4000015258789,10.070588800008409,0.0,"[20, 93, 27, 92, 31, 0, 6, 46, 95, 26]","[{""client_id"": 20, ""task_id"": 0}, {""client_id"": 93, ""task_id"": 1}, {""client_id"": 27, ""task_id"": 2}, {""client_id"": 92, ""task_id"": 3}, {""client_id"": 31, ""task_id"": 4}, {""client_id"": 0, ""task_id"": 5}, {""client_id"": 6, ""task_id"": 6}, {""client_id"": 46, ""task_id"": 7}, {""client_id"": 95, ""task_id"": 8}, {""client_id"": 26, ""task_id"": 9}]","[52401567, 52402564, 52403561, 52404558, 52405555, 52406552, 52407549, 52408546, 52409543, 52410540]",1,0
524,FedPhoenixRG-Excess,1,78.05000305175781,8.213351399987005,0.0,"[67, 96, 90, 44, 94, 97, 74, 4, 45, 57]","[{""client_id"": 67, ""task_id"": 0}, {""client_id"": 96, ""task_id"": 1}, {""client_id"": 90, ""task_id"": 2}, {""client_id"": 44, ""task_id"": 3}, {""client_id"": 94, ""task_id"": 4}, {""client_id"": 97, ""task_id"": 5}, {""client_id"": 74, ""task_id"": 6}, {""client_id"": 4, ""task_id"": 7}, {""client_id"": 45, ""task_id"": 8}, {""client_id"": 57, ""task_id"": 9}]","[52501570, 52502567, 52503564, 52504561, 52505558, 52506555, 52507552, 52508549, 52509546, 52510543]",1,0
525,FedPhoenixRG-Excess,1,76.04000091552734,10.43783990002703,0.0,"[41, 10, 32, 22, 79, 97, 44, 24, 61, 25]","[{""client_id"": 41, ""task_id"": 0}, {""client_id"": 10, ""task_id"": 1}, {""client_id"": 32, ""task_id"": 2}, {""client_id"": 22, ""task_id"": 3}, {""client_id"": 79, ""task_id"": 4}, {""client_id"": 97, ""task_id"": 5}, {""client_id"": 44, ""task_id"": 6}, {""client_id"": 24, ""task_id"": 7}, {""client_id"": 61, ""task_id"": 8}, {""client_id"": 25, ""task_id"": 9}]","[52601573, 52602570, 52603567, 52604564, 52605561, 52606558, 52607555, 52608552, 52609549, 52610546]",1,0
526,FedPhoenixRG-Excess,1,77.5199966430664,11.403159099980257,0.0,"[39, 46, 12, 21, 27, 65, 33, 94, 56, 60]","[{""client_id"": 39, ""task_id"": 0}, {""client_id"": 46, ""task_id"": 1}, {""client_id"": 12, ""task_id"": 2}, {""client_id"": 21, ""task_id"": 3}, {""client_id"": 27, ""task_id"": 4}, {""client_id"": 65, ""task_id"": 5}, {""client_id"": 33, ""task_id"": 6}, {""client_id"": 94, ""task_id"": 7}, {""client_id"": 56, ""task_id"": 8}, {""client_id"": 60, ""task_id"": 9}]","[52701576, 52702573, 52703570, 52704567, 52705564, 52706561, 52707558, 52708555, 52709552, 52710549]",1,0
527,FedPhoenixRG-Excess,1,75.13999938964844,9.084587100020144,0.0,"[56, 66, 5, 2, 79, 70, 99, 82, 85, 96]","[{""client_id"": 56, ""task_id"": 0}, {""client_id"": 66, ""task_id"": 1}, {""client_id"": 5, ""task_id"": 2}, {""client_id"": 2, ""task_id"": 3}, {""client_id"": 79, ""task_id"": 4}, {""client_id"": 70, ""task_id"": 5}, {""client_id"": 99, ""task_id"": 6}, {""client_id"": 82, ""task_id"": 7}, {""client_id"": 85, ""task_id"": 8}, {""client_id"": 96, ""task_id"": 9}]","[52801579, 52802576, 52803573, 52804570, 52805567, 52806564, 52807561, 52808558, 52809555, 52810552]",1,0
528,FedPhoenixRG-Excess,1,76.54000091552734,8.588392100005876,0.0,"[68, 8, 43, 91, 90, 21, 6, 75, 79, 38]","[{""client_id"": 68, ""task_id"": 0}, {""client_id"": 8, ""task_id"": 1}, {""client_id"": 43, ""task_id"": 2}, {""client_id"": 91, ""task_id"": 3}, {""client_id"": 90, ""task_id"": 4}, {""client_id"": 21, ""task_id"": 5}, {""client_id"": 6, ""task_id"": 6}, {""client_id"": 75, ""task_id"": 7}, {""client_id"": 79, ""task_id"": 8}, {""client_id"": 38, ""task_id"": 9}]","[52901582, 52902579, 52903576, 52904573, 52905570, 52906567, 52907564, 52908561, 52909558, 52910555]",1,0
529,FedPhoenixRG-Excess,1,79.16999816894531,11.062526499968953,0.0,"[28, 7, 49, 94, 71, 59, 6, 57, 76, 27]","[{""client_id"": 28, ""task_id"": 0}, {""client_id"": 7, ""task_id"": 1}, {""client_id"": 49, ""task_id"": 2}, {""client_id"": 94, ""task_id"": 3}, {""client_id"": 71, ""task_id"": 4}, {""client_id"": 59, ""task_id"": 5}, {""client_id"": 6, ""task_id"": 6}, {""client_id"": 57, ""task_id"": 7}, {""client_id"": 76, ""task_id"": 8}, {""client_id"": 27, ""task_id"": 9}]","[53001585, 53002582, 53003579, 53004576, 53005573, 53006570, 53007567, 53008564, 53009561, 53010558]",1,0
530,FedPhoenixRG-Excess,1,75.2699966430664,9.908212399983313,0.0,"[30, 3, 31, 76, 90, 95, 29, 15, 33, 71]","[{""client_id"": 30, ""task_id"": 0}, {""client_id"": 3, ""task_id"": 1}, {""client_id"": 31, ""task_id"": 2}, {""client_id"": 76, ""task_id"": 3}, {""client_id"": 90, ""task_id"": 4}, {""client_id"": 95, ""task_id"": 5}, {""client_id"": 29, ""task_id"": 6}, {""client_id"": 15, ""task_id"": 7}, {""client_id"": 33, ""task_id"": 8}, {""client_id"": 71, ""task_id"": 9}]","[53101588, 53102585, 53103582, 53104579, 53105576, 53106573, 53107570, 53108567, 53109564, 53110561]",1,0
531,FedPhoenixRG-Excess,1,68.69999694824219,10.011373899993487,0.0,"[37, 4, 86, 80, 81, 95, 5, 54, 55, 38]","[{""client_id"": 37, ""task_id"": 0}, {""client_id"": 4, ""task_id"": 1}, {""client_id"": 86, ""task_id"": 2}, {""client_id"": 80, ""task_id"": 3}, {""client_id"": 81, ""task_id"": 4}, {""client_id"": 95, ""task_id"": 5}, {""client_id"": 5, ""task_id"": 6}, {""client_id"": 54, ""task_id"": 7}, {""client_id"": 55, ""task_id"": 8}, {""client_id"": 38, ""task_id"": 9}]","[53201591, 53202588, 53203585, 53204582, 53205579, 53206576, 53207573, 53208570, 53209567, 53210564]",1,0
532,FedPhoenixRG-Excess,1,69.54000091552734,12.37732629996026,0.0,"[57, 0, 58, 14, 99, 1, 91, 29, 65, 61]","[{""client_id"": 57, ""task_id"": 0}, {""client_id"": 0, ""task_id"": 1}, {""client_id"": 58, ""task_id"": 2}, {""client_id"": 14, ""task_id"": 3}, {""client_id"": 99, ""task_id"": 4}, {""client_id"": 1, ""task_id"": 5}, {""client_id"": 91, ""task_id"": 6}, {""client_id"": 29, ""task_id"": 7}, {""client_id"": 65, ""task_id"": 8}, {""client_id"": 61, ""task_id"": 9}]","[53301594, 53302591, 53303588, 53304585, 53305582, 53306579, 53307576, 53308573, 53309570, 53310567]",1,0
533,FedPhoenixRG-Excess,1,76.43000030517578,9.982130800024606,0.0,"[20, 17, 2, 97, 27, 0, 11, 44, 3, 98]","[{""client_id"": 20, ""task_id"": 0}, {""client_id"": 17, ""task_id"": 1}, {""client_id"": 2, ""task_id"": 2}, {""client_id"": 97, ""task_id"": 3}, {""client_id"": 27, ""task_id"": 4}, {""client_id"": 0, ""task_id"": 5}, {""client_id"": 11, ""task_id"": 6}, {""client_id"": 44, ""task_id"": 7}, {""client_id"": 3, ""task_id"": 8}, {""client_id"": 98, ""task_id"": 9}]","[53401597, 53402594, 53403591, 53404588, 53405585, 53406582, 53407579, 53408576, 53409573, 53410570]",1,0
534,FedPhoenixRG-Excess,1,76.23999786376953,12.105154399992898,0.0,"[30, 7, 13, 25, 81, 20, 4, 17, 58, 88]","[{""client_id"": 30, ""task_id"": 0}, {""client_id"": 7, ""task_id"": 1}, {""client_id"": 13, ""task_id"": 2}, {""client_id"": 25, ""task_id"": 3}, {""client_id"": 81, ""task_id"": 4}, {""client_id"": 20, ""task_id"": 5}, {""client_id"": 4, ""task_id"": 6}, {""client_id"": 17, ""task_id"": 7}, {""client_id"": 58, ""task_id"": 8}, {""client_id"": 88, ""task_id"": 9}]","[53501600, 53502597, 53503594, 53504591, 53505588, 53506585, 53507582, 53508579, 53509576, 53510573]",1,0
535,FedPhoenixRG-Excess,1,75.08000183105469,9.72284259996377,0.0,"[61, 9, 73, 10, 91, 71, 60, 64, 99, 86]","[{""client_id"": 61, ""task_id"": 0}, {""client_id"": 9, ""task_id"": 1}, {""client_id"": 73, ""task_id"": 2}, {""client_id"": 10, ""task_id"": 3}, {""client_id"": 91, ""task_id"": 4}, {""client_id"": 71, ""task_id"": 5}, {""client_id"": 60, ""task_id"": 6}, {""client_id"": 64, ""task_id"": 7}, {""client_id"": 99, ""task_id"": 8}, {""client_id"": 86, ""task_id"": 9}]","[53601603, 53602600, 53603597, 53604594, 53605591, 53606588, 53607585, 53608582, 53609579, 53610576]",1,0
536,FedPhoenixRG-Excess,1,79.80999755859375,9.071563399978913,0.0,"[9, 88, 62, 2, 74, 7, 66, 15, 8, 22]","[{""client_id"": 9, ""task_id"": 0}, {""client_id"": 88, ""task_id"": 1}, {""client_id"": 62, ""task_id"": 2}, {""client_id"": 2, ""task_id"": 3}, {""client_id"": 74, ""task_id"": 4}, {""client_id"": 7, ""task_id"": 5}, {""client_id"": 66, ""task_id"": 6}, {""client_id"": 15, ""task_id"": 7}, {""client_id"": 8, ""task_id"": 8}, {""client_id"": 22, ""task_id"": 9}]","[53701606, 53702603, 53703600, 53704597, 53705594, 53706591, 53707588, 53708585, 53709582, 53710579]",1,0
537,FedPhoenixRG-Excess,1,78.87999725341797,9.824839900014922,0.0,"[0, 85, 36, 35, 61, 39, 10, 80, 27, 67]","[{""client_id"": 0, ""task_id"": 0}, {""client_id"": 85, ""task_id"": 1}, {""client_id"": 36, ""task_id"": 2}, {""client_id"": 35, ""task_id"": 3}, {""client_id"": 61, ""task_id"": 4}, {""client_id"": 39, ""task_id"": 5}, {""client_id"": 10, ""task_id"": 6}, {""client_id"": 80, ""task_id"": 7}, {""client_id"": 27, ""task_id"": 8}, {""client_id"": 67, ""task_id"": 9}]","[53801609, 53802606, 53803603, 53804600, 53805597, 53806594, 53807591, 53808588, 53809585, 53810582]",1,0
538,FedPhoenixRG-Excess,1,79.72000122070312,9.489267400000244,0.0,"[61, 73, 82, 39, 27, 62, 53, 2, 36, 67]","[{""client_id"": 61, ""task_id"": 0}, {""client_id"": 73, ""task_id"": 1}, {""client_id"": 82, ""task_id"": 2}, {""client_id"": 39, ""task_id"": 3}, {""client_id"": 27, ""task_id"": 4}, {""client_id"": 62, ""task_id"": 5}, {""client_id"": 53, ""task_id"": 6}, {""client_id"": 2, ""task_id"": 7}, {""client_id"": 36, ""task_id"": 8}, {""client_id"": 67, ""task_id"": 9}]","[53901612, 53902609, 53903606, 53904603, 53905600, 53906597, 53907594, 53908591, 53909588, 53910585]",1,0
539,FedPhoenixRG-Excess,1,80.25,10.509304100007284,0.0,"[41, 98, 14, 33, 80, 20, 52, 1, 50, 74]","[{""client_id"": 41, ""task_id"": 0}, {""client_id"": 98, ""task_id"": 1}, {""client_id"": 14, ""task_id"": 2}, {""client_id"": 33, ""task_id"": 3}, {""client_id"": 80, ""task_id"": 4}, {""client_id"": 20, ""task_id"": 5}, {""client_id"": 52, ""task_id"": 6}, {""client_id"": 1, ""task_id"": 7}, {""client_id"": 50, ""task_id"": 8}, {""client_id"": 74, ""task_id"": 9}]","[54001615, 54002612, 54003609, 54004606, 54005603, 54006600, 54007597, 54008594, 54009591, 54010588]",1,0
540,FedPhoenixRG-Excess,1,68.45999908447266,9.1947670999798,0.0,"[38, 45, 85, 42, 59, 31, 65, 93, 13, 94]","[{""client_id"": 38, ""task_id"": 0}, {""client_id"": 45, ""task_id"": 1}, {""client_id"": 85, ""task_id"": 2}, {""client_id"": 42, ""task_id"": 3}, {""client_id"": 59, ""task_id"": 4}, {""client_id"": 31, ""task_id"": 5}, {""client_id"": 65, ""task_id"": 6}, {""client_id"": 93, ""task_id"": 7}, {""client_id"": 13, ""task_id"": 8}, {""client_id"": 94, ""task_id"": 9}]","[54101618, 54102615, 54103612, 54104609, 54105606, 54106603, 54107600, 54108597, 54109594, 54110591]",1,1
541,FedPhoenixRG-Excess,1,66.63999938964844,8.647965600015596,0.0,"[53, 35, 92, 25, 2, 90, 64, 30, 26, 86]","[{""client_id"": 53, ""task_id"": 0}, {""client_id"": 35, ""task_id"": 1}, {""client_id"": 92, ""task_id"": 2}, {""client_id"": 25, ""task_id"": 3}, {""client_id"": 2, ""task_id"": 4}, {""client_id"": 90, ""task_id"": 5}, {""client_id"": 64, ""task_id"": 6}, {""client_id"": 30, ""task_id"": 7}, {""client_id"": 26, ""task_id"": 8}, {""client_id"": 86, ""task_id"": 9}]","[54201621, 54202618, 54203615, 54204612, 54205609, 54206606, 54207603, 54208600, 54209597, 54210594]",1,0
542,FedPhoenixRG-Excess,1,72.6500015258789,10.082503399986308,0.0,"[21, 5, 76, 83, 43, 82, 89, 56, 30, 65]","[{""client_id"": 21, ""task_id"": 0}, {""client_id"": 5, ""task_id"": 1}, {""client_id"": 76, ""task_id"": 2}, {""client_id"": 83, ""task_id"": 3}, {""client_id"": 43, ""task_id"": 4}, {""client_id"": 82, ""task_id"": 5}, {""client_id"": 89, ""task_id"": 6}, {""client_id"": 56, ""task_id"": 7}, {""client_id"": 30, ""task_id"": 8}, {""client_id"": 65, ""task_id"": 9}]","[54301624, 54302621, 54303618, 54304615, 54305612, 54306609, 54307606, 54308603, 54309600, 54310597]",1,0
543,FedPhoenixRG-Excess,1,73.69999694824219,10.945456999994349,0.0,"[4, 6, 67, 89, 65, 68, 79, 51, 15, 2]","[{""client_id"": 4, ""task_id"": 0}, {""client_id"": 6, ""task_id"": 1}, {""client_id"": 67, ""task_id"": 2}, {""client_id"": 89, ""task_id"": 3}, {""client_id"": 65, ""task_id"": 4}, {""client_id"": 68, ""task_id"": 5}, {""client_id"": 79, ""task_id"": 6}, {""client_id"": 51, ""task_id"": 7}, {""client_id"": 15, ""task_id"": 8}, {""client_id"": 2, ""task_id"": 9}]","[54401627, 54402624, 54403621, 54404618, 54405615, 54406612, 54407609, 54408606, 54409603, 54410600]",1,0
544,FedPhoenixRG-Excess,1,71.19999694824219,8.709647200012114,0.0,"[64, 1, 44, 74, 52, 95, 92, 70, 93, 45]","[{""client_id"": 64, ""task_id"": 0}, {""client_id"": 1, ""task_id"": 1}, {""client_id"": 44, ""task_id"": 2}, {""client_id"": 74, ""task_id"": 3}, {""client_id"": 52, ""task_id"": 4}, {""client_id"": 95, ""task_id"": 5}, {""client_id"": 92, ""task_id"": 6}, {""client_id"": 70, ""task_id"": 7}, {""client_id"": 93, ""task_id"": 8}, {""client_id"": 45, ""task_id"": 9}]","[54501630, 54502627, 54503624, 54504621, 54505618, 54506615, 54507612, 54508609, 54509606, 54510603]",1,0
545,FedPhoenixRG-Excess,1,75.33999633789062,10.886251199990511,0.0,"[79, 55, 88, 63, 65, 96, 89, 20, 61, 77]","[{""client_id"": 79, ""task_id"": 0}, {""client_id"": 55, ""task_id"": 1}, {""client_id"": 88, ""task_id"": 2}, {""client_id"": 63, ""task_id"": 3}, {""client_id"": 65, ""task_id"": 4}, {""client_id"": 96, ""task_id"": 5}, {""client_id"": 89, ""task_id"": 6}, {""client_id"": 20, ""task_id"": 7}, {""client_id"": 61, ""task_id"": 8}, {""client_id"": 77, ""task_id"": 9}]","[54601633, 54602630, 54603627, 54604624, 54605621, 54606618, 54607615, 54608612, 54609609, 54610606]",1,0
546,FedPhoenixRG-Excess,1,72.38999938964844,10.169721300015226,0.0,"[37, 29, 20, 53, 15, 75, 87, 40, 69, 85]","[{""client_id"": 37, ""task_id"": 0}, {""client_id"": 29, ""task_id"": 1}, {""client_id"": 20, ""task_id"": 2}, {""client_id"": 53, ""task_id"": 3}, {""client_id"": 15, ""task_id"": 4}, {""client_id"": 75, ""task_id"": 5}, {""client_id"": 87, ""task_id"": 6}, {""client_id"": 40, ""task_id"": 7}, {""client_id"": 69, ""task_id"": 8}, {""client_id"": 85, ""task_id"": 9}]","[54701636, 54702633, 54703630, 54704627, 54705624, 54706621, 54707618, 54708615, 54709612, 54710609]",1,0
547,FedPhoenixRG-Excess,1,69.63999938964844,8.95366900000954,0.0,"[92, 99, 47, 16, 62, 28, 76, 32, 50, 27]","[{""client_id"": 92, ""task_id"": 0}, {""client_id"": 99, ""task_id"": 1}, {""client_id"": 47, ""task_id"": 2}, {""client_id"": 16, ""task_id"": 3}, {""client_id"": 62, ""task_id"": 4}, {""client_id"": 28, ""task_id"": 5}, {""client_id"": 76, ""task_id"": 6}, {""client_id"": 32, ""task_id"": 7}, {""client_id"": 50, ""task_id"": 8}, {""client_id"": 27, ""task_id"": 9}]","[54801639, 54802636, 54803633, 54804630, 54805627, 54806624, 54807621, 54808618, 54809615, 54810612]",1,0
548,FedPhoenixRG-Excess,1,68.47000122070312,10.924414700013585,0.0,"[6, 58, 68, 13, 45, 44, 55, 38, 78, 33]","[{""client_id"": 6, ""task_id"": 0}, {""client_id"": 58, ""task_id"": 1}, {""client_id"": 68, ""task_id"": 2}, {""client_id"": 13, ""task_id"": 3}, {""client_id"": 45, ""task_id"": 4}, {""client_id"": 44, ""task_id"": 5}, {""client_id"": 55, ""task_id"": 6}, {""client_id"": 38, ""task_id"": 7}, {""client_id"": 78, ""task_id"": 8}, {""client_id"": 33, ""task_id"": 9}]","[54901642, 54902639, 54903636, 54904633, 54905630, 54906627, 54907624, 54908621, 54909618, 54910615]",1,0
549,FedPhoenixRG-Excess,1,64.87999725341797,9.74172200000612,0.0,"[45, 44, 40, 92, 73, 0, 95, 99, 55, 28]","[{""client_id"": 45, ""task_id"": 0}, {""client_id"": 44, ""task_id"": 1}, {""client_id"": 40, ""task_id"": 2}, {""client_id"": 92, ""task_id"": 3}, {""client_id"": 73, ""task_id"": 4}, {""client_id"": 0, ""task_id"": 5}, {""client_id"": 95, ""task_id"": 6}, {""client_id"": 99, ""task_id"": 7}, {""client_id"": 55, ""task_id"": 8}, {""client_id"": 28, ""task_id"": 9}]","[55001645, 55002642, 55003639, 55004636, 55005633, 55006630, 55007627, 55008624, 55009621, 55010618]",1,0
550,FedPhoenixRG-Excess,1,77.93000030517578,7.971174400008749,0.0,"[4, 28, 96, 46, 32, 51, 3, 92, 69, 97]","[{""client_id"": 4, ""task_id"": 0}, {""client_id"": 28, ""task_id"": 1}, {""client_id"": 96, ""task_id"": 2}, {""client_id"": 46, ""task_id"": 3}, {""client_id"": 32, ""task_id"": 4}, {""client_id"": 51, ""task_id"": 5}, {""client_id"": 3, ""task_id"": 6}, {""client_id"": 92, ""task_id"": 7}, {""client_id"": 69, ""task_id"": 8}, {""client_id"": 97, ""task_id"": 9}]","[55101648, 55102645, 55103642, 55104639, 55105636, 55106633, 55107630, 55108627, 55109624, 55110621]",1,0
551,FedPhoenixRG-Excess,1,73.94999694824219,9.927052700018976,0.0,"[26, 36, 55, 47, 22, 92, 0, 97, 51, 46]","[{""client_id"": 26, ""task_id"": 0}, {""client_id"": 36, ""task_id"": 1}, {""client_id"": 55, ""task_id"": 2}, {""client_id"": 47, ""task_id"": 3}, {""client_id"": 22, ""task_id"": 4}, {""client_id"": 92, ""task_id"": 5}, {""client_id"": 0, ""task_id"": 6}, {""client_id"": 97, ""task_id"": 7}, {""client_id"": 51, ""task_id"": 8}, {""client_id"": 46, ""task_id"": 9}]","[55201651, 55202648, 55203645, 55204642, 55205639, 55206636, 55207633, 55208630, 55209627, 55210624]",1,0
552,FedPhoenixRG-Excess,1,78.55000305175781,11.597221400006674,0.0,"[65, 99, 46, 16, 57, 71, 35, 44, 9, 72]","[{""client_id"": 65, ""task_id"": 0}, {""client_id"": 99, ""task_id"": 1}, {""client_id"": 46, ""task_id"": 2}, {""client_id"": 16, ""task_id"": 3}, {""client_id"": 57, ""task_id"": 4}, {""client_id"": 71, ""task_id"": 5}, {""client_id"": 35, ""task_id"": 6}, {""client_id"": 44, ""task_id"": 7}, {""client_id"": 9, ""task_id"": 8}, {""client_id"": 72, ""task_id"": 9}]","[55301654, 55302651, 55303648, 55304645, 55305642, 55306639, 55307636, 55308633, 55309630, 55310627]",1,0
553,FedPhoenixRG-Excess,1,76.76000213623047,11.292857100022957,0.0,"[84, 81, 23, 58, 48, 35, 99, 45, 62, 87]","[{""client_id"": 84, ""task_id"": 0}, {""client_id"": 81, ""task_id"": 1}, {""client_id"": 23, ""task_id"": 2}, {""client_id"": 58, ""task_id"": 3}, {""client_id"": 48, ""task_id"": 4}, {""client_id"": 35, ""task_id"": 5}, {""client_id"": 99, ""task_id"": 6}, {""client_id"": 45, ""task_id"": 7}, {""client_id"": 62, ""task_id"": 8}, {""client_id"": 87, ""task_id"": 9}]","[55401657, 55402654, 55403651, 55404648, 55405645, 55406642, 55407639, 55408636, 55409633, 55410630]",1,0
554,FedPhoenixRG-Excess,1,73.66999816894531,9.678915600001346,0.0,"[78, 24, 26, 56, 25, 21, 10, 41, 4, 79]","[{""client_id"": 78, ""task_id"": 0}, {""client_id"": 24, ""task_id"": 1}, {""client_id"": 26, ""task_id"": 2}, {""client_id"": 56, ""task_id"": 3}, {""client_id"": 25, ""task_id"": 4}, {""client_id"": 21, ""task_id"": 5}, {""client_id"": 10, ""task_id"": 6}, {""client_id"": 41, ""task_id"": 7}, {""client_id"": 4, ""task_id"": 8}, {""client_id"": 79, ""task_id"": 9}]","[55501660, 55502657, 55503654, 55504651, 55505648, 55506645, 55507642, 55508639, 55509636, 55510633]",1,0
555,FedPhoenixRG-Excess,1,77.91999816894531,10.039044500037562,0.0,"[66, 0, 36, 98, 57, 85, 24, 12, 22, 67]","[{""client_id"": 66, ""task_id"": 0}, {""client_id"": 0, ""task_id"": 1}, {""client_id"": 36, ""task_id"": 2}, {""client_id"": 98, ""task_id"": 3}, {""client_id"": 57, ""task_id"": 4}, {""client_id"": 85, ""task_id"": 5}, {""client_id"": 24, ""task_id"": 6}, {""client_id"": 12, ""task_id"": 7}, {""client_id"": 22, ""task_id"": 8}, {""client_id"": 67, ""task_id"": 9}]","[55601663, 55602660, 55603657, 55604654, 55605651, 55606648, 55607645, 55608642, 55609639, 55610636]",1,0
556,FedPhoenixRG-Excess,1,74.23999786376953,7.761656899994705,0.0,"[51, 39, 67, 62, 8, 42, 99, 10, 50, 66]","[{""client_id"": 51, ""task_id"": 0}, {""client_id"": 39, ""task_id"": 1}, {""client_id"": 67, ""task_id"": 2}, {""client_id"": 62, ""task_id"": 3}, {""client_id"": 8, ""task_id"": 4}, {""client_id"": 42, ""task_id"": 5}, {""client_id"": 99, ""task_id"": 6}, {""client_id"": 10, ""task_id"": 7}, {""client_id"": 50, ""task_id"": 8}, {""client_id"": 66, ""task_id"": 9}]","[55701666, 55702663, 55703660, 55704657, 55705654, 55706651, 55707648, 55708645, 55709642, 55710639]",1,0
557,FedPhoenixRG-Excess,1,75.52999877929688,9.982624099997338,0.0,"[81, 77, 0, 66, 48, 91, 68, 47, 40, 76]","[{""client_id"": 81, ""task_id"": 0}, {""client_id"": 77, ""task_id"": 1}, {""client_id"": 0, ""task_id"": 2}, {""client_id"": 66, ""task_id"": 3}, {""client_id"": 48, ""task_id"": 4}, {""client_id"": 91, ""task_id"": 5}, {""client_id"": 68, ""task_id"": 6}, {""client_id"": 47, ""task_id"": 7}, {""client_id"": 40, ""task_id"": 8}, {""client_id"": 76, ""task_id"": 9}]","[55801669, 55802666, 55803663, 55804660, 55805657, 55806654, 55807651, 55808648, 55809645, 55810642]",1,0
558,FedPhoenixRG-Excess,1,79.91000366210938,9.060829800029751,0.0,"[3, 59, 67, 70, 82, 53, 66, 9, 40, 56]","[{""client_id"": 3, ""task_id"": 0}, {""client_id"": 59, ""task_id"": 1}, {""client_id"": 67, ""task_id"": 2}, {""client_id"": 70, ""task_id"": 3}, {""client_id"": 82, ""task_id"": 4}, {""client_id"": 53, ""task_id"": 5}, {""client_id"": 66, ""task_id"": 6}, {""client_id"": 9, ""task_id"": 7}, {""client_id"": 40, ""task_id"": 8}, {""client_id"": 56, ""task_id"": 9}]","[55901672, 55902669, 55903666, 55904663, 55905660, 55906657, 55907654, 55908651, 55909648, 55910645]",1,0
559,FedPhoenixRG-Excess,1,76.5,9.84576230001403,0.0,"[1, 4, 80, 62, 93, 71, 42, 81, 28, 34]","[{""client_id"": 1, ""task_id"": 0}, {""client_id"": 4, ""task_id"": 1}, {""client_id"": 80, ""task_id"": 2}, {""client_id"": 62, ""task_id"": 3}, {""client_id"": 93, ""task_id"": 4}, {""client_id"": 71, ""task_id"": 5}, {""client_id"": 42, ""task_id"": 6}, {""client_id"": 81, ""task_id"": 7}, {""client_id"": 28, ""task_id"": 8}, {""client_id"": 34, ""task_id"": 9}]","[56001675, 56002672, 56003669, 56004666, 56005663, 56006660, 56007657, 56008654, 56009651, 56010648]",1,0
560,FedPhoenixRG-Excess,1,75.72000122070312,9.52054399996996,0.0,"[54, 64, 96, 71, 63, 10, 73, 8, 6, 93]","[{""client_id"": 54, ""task_id"": 0}, {""client_id"": 64, ""task_id"": 1}, {""client_id"": 96, ""task_id"": 2}, {""client_id"": 71, ""task_id"": 3}, {""client_id"": 63, ""task_id"": 4}, {""client_id"": 10, ""task_id"": 5}, {""client_id"": 73, ""task_id"": 6}, {""client_id"": 8, ""task_id"": 7}, {""client_id"": 6, ""task_id"": 8}, {""client_id"": 93, ""task_id"": 9}]","[56101678, 56102675, 56103672, 56104669, 56105666, 56106663, 56107660, 56108657, 56109654, 56110651]",1,1
561,FedPhoenixRG-Excess,1,79.69999694824219,8.204444199975114,0.0,"[13, 90, 42, 9, 19, 35, 59, 73, 56, 25]","[{""client_id"": 13, ""task_id"": 0}, {""client_id"": 90, ""task_id"": 1}, {""client_id"": 42, ""task_id"": 2}, {""client_id"": 9, ""task_id"": 3}, {""client_id"": 19, ""task_id"": 4}, {""client_id"": 35, ""task_id"": 5}, {""client_id"": 59, ""task_id"": 6}, {""client_id"": 73, ""task_id"": 7}, {""client_id"": 56, ""task_id"": 8}, {""client_id"": 25, ""task_id"": 9}]","[56201681, 56202678, 56203675, 56204672, 56205669, 56206666, 56207663, 56208660, 56209657, 56210654]",1,0
562,FedPhoenixRG-Excess,1,77.20999908447266,11.394658399978653,0.0,"[39, 94, 36, 90, 47, 75, 55, 65, 59, 62]","[{""client_id"": 39, ""task_id"": 0}, {""client_id"": 94, ""task_id"": 1}, {""client_id"": 36, ""task_id"": 2}, {""client_id"": 90, ""task_id"": 3}, {""client_id"": 47, ""task_id"": 4}, {""client_id"": 75, ""task_id"": 5}, {""client_id"": 55, ""task_id"": 6}, {""client_id"": 65, ""task_id"": 7}, {""client_id"": 59, ""task_id"": 8}, {""client_id"": 62, ""task_id"": 9}]","[56301684, 56302681, 56303678, 56304675, 56305672, 56306669, 56307666, 56308663, 56309660, 56310657]",1,0
563,FedPhoenixRG-Excess,1,75.44000244140625,11.541659699985757,0.0,"[59, 36, 17, 70, 48, 14, 89, 86, 31, 95]","[{""client_id"": 59, ""task_id"": 0}, {""client_id"": 36, ""task_id"": 1}, {""client_id"": 17, ""task_id"": 2}, {""client_id"": 70, ""task_id"": 3}, {""client_id"": 48, ""task_id"": 4}, {""client_id"": 14, ""task_id"": 5}, {""client_id"": 89, ""task_id"": 6}, {""client_id"": 86, ""task_id"": 7}, {""client_id"": 31, ""task_id"": 8}, {""client_id"": 95, ""task_id"": 9}]","[56401687, 56402684, 56403681, 56404678, 56405675, 56406672, 56407669, 56408666, 56409663, 56410660]",1,0
564,FedPhoenixRG-Excess,1,78.62000274658203,9.747960500011686,0.0,"[91, 82, 92, 81, 77, 18, 21, 68, 57, 31]","[{""client_id"": 91, ""task_id"": 0}, {""client_id"": 82, ""task_id"": 1}, {""client_id"": 92, ""task_id"": 2}, {""client_id"": 81, ""task_id"": 3}, {""client_id"": 77, ""task_id"": 4}, {""client_id"": 18, ""task_id"": 5}, {""client_id"": 21, ""task_id"": 6}, {""client_id"": 68, ""task_id"": 7}, {""client_id"": 57, ""task_id"": 8}, {""client_id"": 31, ""task_id"": 9}]","[56501690, 56502687, 56503684, 56504681, 56505678, 56506675, 56507672, 56508669, 56509666, 56510663]",1,0
565,FedPhoenixRG-Excess,1,78.02999877929688,8.277076700003818,0.0,"[2, 71, 39, 10, 29, 64, 95, 87, 59, 66]","[{""client_id"": 2, ""task_id"": 0}, {""client_id"": 71, ""task_id"": 1}, {""client_id"": 39, ""task_id"": 2}, {""client_id"": 10, ""task_id"": 3}, {""client_id"": 29, ""task_id"": 4}, {""client_id"": 64, ""task_id"": 5}, {""client_id"": 95, ""task_id"": 6}, {""client_id"": 87, ""task_id"": 7}, {""client_id"": 59, ""task_id"": 8}, {""client_id"": 66, ""task_id"": 9}]","[56601693, 56602690, 56603687, 56604684, 56605681, 56606678, 56607675, 56608672, 56609669, 56610666]",1,0
566,FedPhoenixRG-Excess,1,73.97000122070312,11.423525299993344,0.0,"[85, 42, 17, 81, 65, 5, 22, 54, 35, 93]","[{""client_id"": 85, ""task_id"": 0}, {""client_id"": 42, ""task_id"": 1}, {""client_id"": 17, ""task_id"": 2}, {""client_id"": 81, ""task_id"": 3}, {""client_id"": 65, ""task_id"": 4}, {""client_id"": 5, ""task_id"": 5}, {""client_id"": 22, ""task_id"": 6}, {""client_id"": 54, ""task_id"": 7}, {""client_id"": 35, ""task_id"": 8}, {""client_id"": 93, ""task_id"": 9}]","[56701696, 56702693, 56703690, 56704687, 56705684, 56706681, 56707678, 56708675, 56709672, 56710669]",1,0
567,FedPhoenixRG-Excess,1,76.69000244140625,11.955547499994282,0.0,"[47, 58, 62, 14, 75, 91, 70, 82, 17, 67]","[{""client_id"": 47, ""task_id"": 0}, {""client_id"": 58, ""task_id"": 1}, {""client_id"": 62, ""task_id"": 2}, {""client_id"": 14, ""task_id"": 3}, {""client_id"": 75, ""task_id"": 4}, {""client_id"": 91, ""task_id"": 5}, {""client_id"": 70, ""task_id"": 6}, {""client_id"": 82, ""task_id"": 7}, {""client_id"": 17, ""task_id"": 8}, {""client_id"": 67, ""task_id"": 9}]","[56801699, 56802696, 56803693, 56804690, 56805687, 56806684, 56807681, 56808678, 56809675, 56810672]",1,0
568,FedPhoenixRG-Excess,1,74.83999633789062,9.328846999967936,0.0,"[28, 98, 46, 71, 99, 4, 80, 35, 37, 29]","[{""client_id"": 28, ""task_id"": 0}, {""client_id"": 98, ""task_id"": 1}, {""client_id"": 46, ""task_id"": 2}, {""client_id"": 71, ""task_id"": 3}, {""client_id"": 99, ""task_id"": 4}, {""client_id"": 4, ""task_id"": 5}, {""client_id"": 80, ""task_id"": 6}, {""client_id"": 35, ""task_id"": 7}, {""client_id"": 37, ""task_id"": 8}, {""client_id"": 29, ""task_id"": 9}]","[56901702, 56902699, 56903696, 56904693, 56905690, 56906687, 56907684, 56908681, 56909678, 56910675]",1,0
569,FedPhoenixRG-Excess,1,66.6500015258789,10.657434099994134,0.0,"[3, 32, 41, 62, 97, 14, 64, 98, 65, 26]","[{""client_id"": 3, ""task_id"": 0}, {""client_id"": 32, ""task_id"": 1}, {""client_id"": 41, ""task_id"": 2}, {""client_id"": 62, ""task_id"": 3}, {""client_id"": 97, ""task_id"": 4}, {""client_id"": 14, ""task_id"": 5}, {""client_id"": 64, ""task_id"": 6}, {""client_id"": 98, ""task_id"": 7}, {""client_id"": 65, ""task_id"": 8}, {""client_id"": 26, ""task_id"": 9}]","[57001705, 57002702, 57003699, 57004696, 57005693, 57006690, 57007687, 57008684, 57009681, 57010678]",1,0
570,FedPhoenixRG-Excess,1,73.06999969482422,9.857252299960237,0.0,"[3, 85, 40, 49, 66, 20, 16, 64, 91, 45]","[{""client_id"": 3, ""task_id"": 0}, {""client_id"": 85, ""task_id"": 1}, {""client_id"": 40, ""task_id"": 2}, {""client_id"": 49, ""task_id"": 3}, {""client_id"": 66, ""task_id"": 4}, {""client_id"": 20, ""task_id"": 5}, {""client_id"": 16, ""task_id"": 6}, {""client_id"": 64, ""task_id"": 7}, {""client_id"": 91, ""task_id"": 8}, {""client_id"": 45, ""task_id"": 9}]","[57101708, 57102705, 57103702, 57104699, 57105696, 57106693, 57107690, 57108687, 57109684, 57110681]",1,0
571,FedPhoenixRG-Excess,1,79.20999908447266,7.781312800012529,0.0,"[35, 64, 30, 71, 90, 66, 45, 13, 92, 3]","[{""client_id"": 35, ""task_id"": 0}, {""client_id"": 64, ""task_id"": 1}, {""client_id"": 30, ""task_id"": 2}, {""client_id"": 71, ""task_id"": 3}, {""client_id"": 90, ""task_id"": 4}, {""client_id"": 66, ""task_id"": 5}, {""client_id"": 45, ""task_id"": 6}, {""client_id"": 13, ""task_id"": 7}, {""client_id"": 92, ""task_id"": 8}, {""client_id"": 3, ""task_id"": 9}]","[57201711, 57202708, 57203705, 57204702, 57205699, 57206696, 57207693, 57208690, 57209687, 57210684]",1,0
572,FedPhoenixRG-Excess,1,77.86000061035156,9.698244599974714,0.0,"[64, 67, 2, 84, 26, 66, 10, 11, 28, 58]","[{""client_id"": 64, ""task_id"": 0}, {""client_id"": 67, ""task_id"": 1}, {""client_id"": 2, ""task_id"": 2}, {""client_id"": 84, ""task_id"": 3}, {""client_id"": 26, ""task_id"": 4}, {""client_id"": 66, ""task_id"": 5}, {""client_id"": 10, ""task_id"": 6}, {""client_id"": 11, ""task_id"": 7}, {""client_id"": 28, ""task_id"": 8}, {""client_id"": 58, ""task_id"": 9}]","[57301714, 57302711, 57303708, 57304705, 57305702, 57306699, 57307696, 57308693, 57309690, 57310687]",1,0
573,FedPhoenixRG-Excess,1,79.2300033569336,11.152732700051274,0.0,"[36, 88, 60, 38, 2, 68, 81, 93, 58, 37]","[{""client_id"": 36, ""task_id"": 0}, {""client_id"": 88, ""task_id"": 1}, {""client_id"": 60, ""task_id"": 2}, {""client_id"": 38, ""task_id"": 3}, {""client_id"": 2, ""task_id"": 4}, {""client_id"": 68, ""task_id"": 5}, {""client_id"": 81, ""task_id"": 6}, {""client_id"": 93, ""task_id"": 7}, {""client_id"": 58, ""task_id"": 8}, {""client_id"": 37, ""task_id"": 9}]","[57401717, 57402714, 57403711, 57404708, 57405705, 57406702, 57407699, 57408696, 57409693, 57410690]",1,0
574,FedPhoenixRG-Excess,1,81.72000122070312,9.406244900019374,0.0,"[21, 87, 22, 18, 35, 1, 11, 73, 36, 77]","[{""client_id"": 21, ""task_id"": 0}, {""client_id"": 87, ""task_id"": 1}, {""client_id"": 22, ""task_id"": 2}, {""client_id"": 18, ""task_id"": 3}, {""client_id"": 35, ""task_id"": 4}, {""client_id"": 1, ""task_id"": 5}, {""client_id"": 11, ""task_id"": 6}, {""client_id"": 73, ""task_id"": 7}, {""client_id"": 36, ""task_id"": 8}, {""client_id"": 77, ""task_id"": 9}]","[57501720, 57502717, 57503714, 57504711, 57505708, 57506705, 57507702, 57508699, 57509696, 57510693]",1,0
575,FedPhoenixRG-Excess,1,70.01000213623047,9.7720334000187,0.0,"[83, 10, 70, 81, 32, 37, 41, 31, 46, 99]","[{""client_id"": 83, ""task_id"": 0}, {""client_id"": 10, ""task_id"": 1}, {""client_id"": 70, ""task_id"": 2}, {""client_id"": 81, ""task_id"": 3}, {""client_id"": 32, ""task_id"": 4}, {""client_id"": 37, ""task_id"": 5}, {""client_id"": 41, ""task_id"": 6}, {""client_id"": 31, ""task_id"": 7}, {""client_id"": 46, ""task_id"": 8}, {""client_id"": 99, ""task_id"": 9}]","[57601723, 57602720, 57603717, 57604714, 57605711, 57606708, 57607705, 57608702, 57609699, 57610696]",1,0
576,FedPhoenixRG-Excess,1,73.43000030517578,9.917402099992614,0.0,"[57, 48, 46, 49, 94, 15, 41, 4, 1, 44]","[{""client_id"": 57, ""task_id"": 0}, {""client_id"": 48, ""task_id"": 1}, {""client_id"": 46, ""task_id"": 2}, {""client_id"": 49, ""task_id"": 3}, {""client_id"": 94, ""task_id"": 4}, {""client_id"": 15, ""task_id"": 5}, {""client_id"": 41, ""task_id"": 6}, {""client_id"": 4, ""task_id"": 7}, {""client_id"": 1, ""task_id"": 8}, {""client_id"": 44, ""task_id"": 9}]","[57701726, 57702723, 57703720, 57704717, 57705714, 57706711, 57707708, 57708705, 57709702, 57710699]",1,0
577,FedPhoenixRG-Excess,1,80.95999908447266,9.257983800023794,0.0,"[16, 40, 22, 29, 66, 42, 12, 39, 71, 63]","[{""client_id"": 16, ""task_id"": 0}, {""client_id"": 40, ""task_id"": 1}, {""client_id"": 22, ""task_id"": 2}, {""client_id"": 29, ""task_id"": 3}, {""client_id"": 66, ""task_id"": 4}, {""client_id"": 42, ""task_id"": 5}, {""client_id"": 12, ""task_id"": 6}, {""client_id"": 39, ""task_id"": 7}, {""client_id"": 71, ""task_id"": 8}, {""client_id"": 63, ""task_id"": 9}]","[57801729, 57802726, 57803723, 57804720, 57805717, 57806714, 57807711, 57808708, 57809705, 57810702]",1,0
578,FedPhoenixRG-Excess,1,73.94000244140625,10.060753099969588,0.0,"[53, 17, 4, 63, 86, 43, 33, 48, 59, 76]","[{""client_id"": 53, ""task_id"": 0}, {""client_id"": 17, ""task_id"": 1}, {""client_id"": 4, ""task_id"": 2}, {""client_id"": 63, ""task_id"": 3}, {""client_id"": 86, ""task_id"": 4}, {""client_id"": 43, ""task_id"": 5}, {""client_id"": 33, ""task_id"": 6}, {""client_id"": 48, ""task_id"": 7}, {""client_id"": 59, ""task_id"": 8}, {""client_id"": 76, ""task_id"": 9}]","[57901732, 57902729, 57903726, 57904723, 57905720, 57906717, 57907714, 57908711, 57909708, 57910705]",1,0
579,FedPhoenixRG-Excess,1,71.68000030517578,8.843323099950794,0.0,"[3, 17, 95, 38, 2, 71, 92, 73, 1, 99]","[{""client_id"": 3, ""task_id"": 0}, {""client_id"": 17, ""task_id"": 1}, {""client_id"": 95, ""task_id"": 2}, {""client_id"": 38, ""task_id"": 3}, {""client_id"": 2, ""task_id"": 4}, {""client_id"": 71, ""task_id"": 5}, {""client_id"": 92, ""task_id"": 6}, {""client_id"": 73, ""task_id"": 7}, {""client_id"": 1, ""task_id"": 8}, {""client_id"": 99, ""task_id"": 9}]","[58001735, 58002732, 58003729, 58004726, 58005723, 58006720, 58007717, 58008714, 58009711, 58010708]",1,0
580,FedPhoenixRG-Excess,1,81.20999908447266,8.83599970000796,0.0,"[28, 2, 19, 81, 17, 32, 85, 43, 83, 29]","[{""client_id"": 28, ""task_id"": 0}, {""client_id"": 2, ""task_id"": 1}, {""client_id"": 19, ""task_id"": 2}, {""client_id"": 81, ""task_id"": 3}, {""client_id"": 17, ""task_id"": 4}, {""client_id"": 32, ""task_id"": 5}, {""client_id"": 85, ""task_id"": 6}, {""client_id"": 43, ""task_id"": 7}, {""client_id"": 83, ""task_id"": 8}, {""client_id"": 29, ""task_id"": 9}]","[58101738, 58102735, 58103732, 58104729, 58105726, 58106723, 58107720, 58108717, 58109714, 58110711]",1,1
581,FedPhoenixRG-Excess,1,80.43000030517578,9.359544400009327,0.0,"[47, 49, 73, 35, 54, 27, 30, 26, 62, 59]","[{""client_id"": 47, ""task_id"": 0}, {""client_id"": 49, ""task_id"": 1}, {""client_id"": 73, ""task_id"": 2}, {""client_id"": 35, ""task_id"": 3}, {""client_id"": 54, ""task_id"": 4}, {""client_id"": 27, ""task_id"": 5}, {""client_id"": 30, ""task_id"": 6}, {""client_id"": 26, ""task_id"": 7}, {""client_id"": 62, ""task_id"": 8}, {""client_id"": 59, ""task_id"": 9}]","[58201741, 58202738, 58203735, 58204732, 58205729, 58206726, 58207723, 58208720, 58209717, 58210714]",1,0
582,FedPhoenixRG-Excess,1,80.25,10.580117899982724,0.0,"[66, 80, 47, 72, 46, 92, 3, 52, 95, 86]","[{""client_id"": 66, ""task_id"": 0}, {""client_id"": 80, ""task_id"": 1}, {""client_id"": 47, ""task_id"": 2}, {""client_id"": 72, ""task_id"": 3}, {""client_id"": 46, ""task_id"": 4}, {""client_id"": 92, ""task_id"": 5}, {""client_id"": 3, ""task_id"": 6}, {""client_id"": 52, ""task_id"": 7}, {""client_id"": 95, ""task_id"": 8}, {""client_id"": 86, ""task_id"": 9}]","[58301744, 58302741, 58303738, 58304735, 58305732, 58306729, 58307726, 58308723, 58309720, 58310717]",1,0
583,FedPhoenixRG-Excess,1,77.36000061035156,8.286743899981957,0.0,"[90, 84, 29, 18, 96, 97, 42, 62, 0, 72]","[{""client_id"": 90, ""task_id"": 0}, {""client_id"": 84, ""task_id"": 1}, {""client_id"": 29, ""task_id"": 2}, {""client_id"": 18, ""task_id"": 3}, {""client_id"": 96, ""task_id"": 4}, {""client_id"": 97, ""task_id"": 5}, {""client_id"": 42, ""task_id"": 6}, {""client_id"": 62, ""task_id"": 7}, {""client_id"": 0, ""task_id"": 8}, {""client_id"": 72, ""task_id"": 9}]","[58401747, 58402744, 58403741, 58404738, 58405735, 58406732, 58407729, 58408726, 58409723, 58410720]",1,0
584,FedPhoenixRG-Excess,1,76.5999984741211,10.185916399990674,0.0,"[75, 53, 21, 58, 94, 2, 61, 66, 83, 97]","[{""client_id"": 75, ""task_id"": 0}, {""client_id"": 53, ""task_id"": 1}, {""client_id"": 21, ""task_id"": 2}, {""client_id"": 58, ""task_id"": 3}, {""client_id"": 94, ""task_id"": 4}, {""client_id"": 2, ""task_id"": 5}, {""client_id"": 61, ""task_id"": 6}, {""client_id"": 66, ""task_id"": 7}, {""client_id"": 83, ""task_id"": 8}, {""client_id"": 97, ""task_id"": 9}]","[58501750, 58502747, 58503744, 58504741, 58505738, 58506735, 58507732, 58508729, 58509726, 58510723]",1,0
585,FedPhoenixRG-Excess,1,76.61000061035156,10.50302920001559,0.0,"[24, 90, 68, 75, 15, 96, 83, 87, 30, 65]","[{""client_id"": 24, ""task_id"": 0}, {""client_id"": 90, ""task_id"": 1}, {""client_id"": 68, ""task_id"": 2}, {""client_id"": 75, ""task_id"": 3}, {""client_id"": 15, ""task_id"": 4}, {""client_id"": 96, ""task_id"": 5}, {""client_id"": 83, ""task_id"": 6}, {""client_id"": 87, ""task_id"": 7}, {""client_id"": 30, ""task_id"": 8}, {""client_id"": 65, ""task_id"": 9}]","[58601753, 58602750, 58603747, 58604744, 58605741, 58606738, 58607735, 58608732, 58609729, 58610726]",1,0
586,FedPhoenixRG-Excess,1,78.08000183105469,11.854127299971879,0.0,"[62, 41, 29, 20, 36, 25, 70, 35, 58, 94]","[{""client_id"": 62, ""task_id"": 0}, {""client_id"": 41, ""task_id"": 1}, {""client_id"": 29, ""task_id"": 2}, {""client_id"": 20, ""task_id"": 3}, {""client_id"": 36, ""task_id"": 4}, {""client_id"": 25, ""task_id"": 5}, {""client_id"": 70, ""task_id"": 6}, {""client_id"": 35, ""task_id"": 7}, {""client_id"": 58, ""task_id"": 8}, {""client_id"": 94, ""task_id"": 9}]","[58701756, 58702753, 58703750, 58704747, 58705744, 58706741, 58707738, 58708735, 58709732, 58710729]",1,0
587,FedPhoenixRG-Excess,1,66.83999633789062,11.020611899963114,0.0,"[33, 18, 49, 60, 15, 6, 24, 54, 56, 64]","[{""client_id"": 33, ""task_id"": 0}, {""client_id"": 18, ""task_id"": 1}, {""client_id"": 49, ""task_id"": 2}, {""client_id"": 60, ""task_id"": 3}, {""client_id"": 15, ""task_id"": 4}, {""client_id"": 6, ""task_id"": 5}, {""client_id"": 24, ""task_id"": 6}, {""client_id"": 54, ""task_id"": 7}, {""client_id"": 56, ""task_id"": 8}, {""client_id"": 64, ""task_id"": 9}]","[58801759, 58802756, 58803753, 58804750, 58805747, 58806744, 58807741, 58808738, 58809735, 58810732]",1,0
588,FedPhoenixRG-Excess,1,72.81999969482422,11.557957799988799,0.0,"[85, 9, 47, 95, 17, 33, 93, 34, 11, 91]","[{""client_id"": 85, ""task_id"": 0}, {""client_id"": 9, ""task_id"": 1}, {""client_id"": 47, ""task_id"": 2}, {""client_id"": 95, ""task_id"": 3}, {""client_id"": 17, ""task_id"": 4}, {""client_id"": 33, ""task_id"": 5}, {""client_id"": 93, ""task_id"": 6}, {""client_id"": 34, ""task_id"": 7}, {""client_id"": 11, ""task_id"": 8}, {""client_id"": 91, ""task_id"": 9}]","[58901762, 58902759, 58903756, 58904753, 58905750, 58906747, 58907744, 58908741, 58909738, 58910735]",1,0
589,FedPhoenixRG-Excess,1,76.58999633789062,9.096325899998192,0.0,"[70, 55, 88, 1, 59, 2, 31, 48, 34, 81]","[{""client_id"": 70, ""task_id"": 0}, {""client_id"": 55, ""task_id"": 1}, {""client_id"": 88, ""task_id"": 2}, {""client_id"": 1, ""task_id"": 3}, {""client_id"": 59, ""task_id"": 4}, {""client_id"": 2, ""task_id"": 5}, {""client_id"": 31, ""task_id"": 6}, {""client_id"": 48, ""task_id"": 7}, {""client_id"": 34, ""task_id"": 8}, {""client_id"": 81, ""task_id"": 9}]","[59001765, 59002762, 59003759, 59004756, 59005753, 59006750, 59007747, 59008744, 59009741, 59010738]",1,0
590,FedPhoenixRG-Excess,1,77.30000305175781,10.38388819998363,0.0,"[13, 11, 16, 30, 72, 29, 55, 81, 35, 7]","[{""client_id"": 13, ""task_id"": 0}, {""client_id"": 11, ""task_id"": 1}, {""client_id"": 16, ""task_id"": 2}, {""client_id"": 30, ""task_id"": 3}, {""client_id"": 72, ""task_id"": 4}, {""client_id"": 29, ""task_id"": 5}, {""client_id"": 55, ""task_id"": 6}, {""client_id"": 81, ""task_id"": 7}, {""client_id"": 35, ""task_id"": 8}, {""client_id"": 7, ""task_id"": 9}]","[59101768, 59102765, 59103762, 59104759, 59105756, 59106753, 59107750, 59108747, 59109744, 59110741]",1,0
591,FedPhoenixRG-Excess,1,68.79000091552734,10.075855700008105,0.0,"[25, 65, 60, 38, 43, 86, 15, 32, 61, 56]","[{""client_id"": 25, ""task_id"": 0}, {""client_id"": 65, ""task_id"": 1}, {""client_id"": 60, ""task_id"": 2}, {""client_id"": 38, ""task_id"": 3}, {""client_id"": 43, ""task_id"": 4}, {""client_id"": 86, ""task_id"": 5}, {""client_id"": 15, ""task_id"": 6}, {""client_id"": 32, ""task_id"": 7}, {""client_id"": 61, ""task_id"": 8}, {""client_id"": 56, ""task_id"": 9}]","[59201771, 59202768, 59203765, 59204762, 59205759, 59206756, 59207753, 59208750, 59209747, 59210744]",1,0
592,FedPhoenixRG-Excess,1,66.36000061035156,9.36932210001396,0.0,"[10, 38, 75, 44, 84, 96, 22, 62, 89, 34]","[{""client_id"": 10, ""task_id"": 0}, {""client_id"": 38, ""task_id"": 1}, {""client_id"": 75, ""task_id"": 2}, {""client_id"": 44, ""task_id"": 3}, {""client_id"": 84, ""task_id"": 4}, {""client_id"": 96, ""task_id"": 5}, {""client_id"": 22, ""task_id"": 6}, {""client_id"": 62, ""task_id"": 7}, {""client_id"": 89, ""task_id"": 8}, {""client_id"": 34, ""task_id"": 9}]","[59301774, 59302771, 59303768, 59304765, 59305762, 59306759, 59307756, 59308753, 59309750, 59310747]",1,0
593,FedPhoenixRG-Excess,1,80.1500015258789,9.110113899980206,0.0,"[30, 10, 3, 9, 56, 27, 16, 53, 21, 18]","[{""client_id"": 30, ""task_id"": 0}, {""client_id"": 10, ""task_id"": 1}, {""client_id"": 3, ""task_id"": 2}, {""client_id"": 9, ""task_id"": 3}, {""client_id"": 56, ""task_id"": 4}, {""client_id"": 27, ""task_id"": 5}, {""client_id"": 16, ""task_id"": 6}, {""client_id"": 53, ""task_id"": 7}, {""client_id"": 21, ""task_id"": 8}, {""client_id"": 18, ""task_id"": 9}]","[59401777, 59402774, 59403771, 59404768, 59405765, 59406762, 59407759, 59408756, 59409753, 59410750]",1,0
594,FedPhoenixRG-Excess,1,74.33000183105469,9.003444500034675,0.0,"[22, 45, 76, 17, 32, 64, 8, 29, 67, 7]","[{""client_id"": 22, ""task_id"": 0}, {""client_id"": 45, ""task_id"": 1}, {""client_id"": 76, ""task_id"": 2}, {""client_id"": 17, ""task_id"": 3}, {""client_id"": 32, ""task_id"": 4}, {""client_id"": 64, ""task_id"": 5}, {""client_id"": 8, ""task_id"": 6}, {""client_id"": 29, ""task_id"": 7}, {""client_id"": 67, ""task_id"": 8}, {""client_id"": 7, ""task_id"": 9}]","[59501780, 59502777, 59503774, 59504771, 59505768, 59506765, 59507762, 59508759, 59509756, 59510753]",1,0
595,FedPhoenixRG-Excess,1,77.86000061035156,9.631503299984615,0.0,"[36, 60, 83, 50, 22, 89, 98, 0, 79, 55]","[{""client_id"": 36, ""task_id"": 0}, {""client_id"": 60, ""task_id"": 1}, {""client_id"": 83, ""task_id"": 2}, {""client_id"": 50, ""task_id"": 3}, {""client_id"": 22, ""task_id"": 4}, {""client_id"": 89, ""task_id"": 5}, {""client_id"": 98, ""task_id"": 6}, {""client_id"": 0, ""task_id"": 7}, {""client_id"": 79, ""task_id"": 8}, {""client_id"": 55, ""task_id"": 9}]","[59601783, 59602780, 59603777, 59604774, 59605771, 59606768, 59607765, 59608762, 59609759, 59610756]",1,0
596,FedPhoenixRG-Excess,1,77.55999755859375,8.86985449999338,0.0,"[64, 79, 13, 25, 16, 97, 32, 42, 82, 54]","[{""client_id"": 64, ""task_id"": 0}, {""client_id"": 79, ""task_id"": 1}, {""client_id"": 13, ""task_id"": 2}, {""client_id"": 25, ""task_id"": 3}, {""client_id"": 16, ""task_id"": 4}, {""client_id"": 97, ""task_id"": 5}, {""client_id"": 32, ""task_id"": 6}, {""client_id"": 42, ""task_id"": 7}, {""client_id"": 82, ""task_id"": 8}, {""client_id"": 54, ""task_id"": 9}]","[59701786, 59702783, 59703780, 59704777, 59705774, 59706771, 59707768, 59708765, 59709762, 59710759]",1,0
597,FedPhoenixRG-Excess,1,78.12000274658203,7.739187400031369,0.0,"[88, 31, 98, 83, 87, 81, 55, 2, 40, 56]","[{""client_id"": 88, ""task_id"": 0}, {""client_id"": 31, ""task_id"": 1}, {""client_id"": 98, ""task_id"": 2}, {""client_id"": 83, ""task_id"": 3}, {""client_id"": 87, ""task_id"": 4}, {""client_id"": 81, ""task_id"": 5}, {""client_id"": 55, ""task_id"": 6}, {""client_id"": 2, ""task_id"": 7}, {""client_id"": 40, ""task_id"": 8}, {""client_id"": 56, ""task_id"": 9}]","[59801789, 59802786, 59803783, 59804780, 59805777, 59806774, 59807771, 59808768, 59809765, 59810762]",1,0
598,FedPhoenixRG-Excess,1,67.9000015258789,8.311649000039324,0.0,"[6, 56, 71, 1, 8, 51, 66, 30, 62, 67]","[{""client_id"": 6, ""task_id"": 0}, {""client_id"": 56, ""task_id"": 1}, {""client_id"": 71, ""task_id"": 2}, {""client_id"": 1, ""task_id"": 3}, {""client_id"": 8, ""task_id"": 4}, {""client_id"": 51, ""task_id"": 5}, {""client_id"": 66, ""task_id"": 6}, {""client_id"": 30, ""task_id"": 7}, {""client_id"": 62, ""task_id"": 8}, {""client_id"": 67, ""task_id"": 9}]","[59901792, 59902789, 59903786, 59904783, 59905780, 59906777, 59907774, 59908771, 59909768, 59910765]",1,0
599,FedPhoenixRG-Excess,1,73.41000366210938,13.074793499952648,0.0,"[88, 34, 69, 14, 65, 6, 97, 89, 3, 23]","[{""client_id"": 88, ""task_id"": 0}, {""client_id"": 34, ""task_id"": 1}, {""client_id"": 69, ""task_id"": 2}, {""client_id"": 14, ""task_id"": 3}, {""client_id"": 65, ""task_id"": 4}, {""client_id"": 6, ""task_id"": 5}, {""client_id"": 97, ""task_id"": 6}, {""client_id"": 89, ""task_id"": 7}, {""client_id"": 3, ""task_id"": 8}, {""client_id"": 23, ""task_id"": 9}]","[60001795, 60002792, 60003789, 60004786, 60005783, 60006780, 60007777, 60008774, 60009771, 60010768]",1,0
600,FedPhoenixRG-Excess,1,78.52999877929688,9.698260799981654,0.0,"[58, 94, 98, 53, 84, 91, 62, 71, 26, 49]","[{""client_id"": 58, ""task_id"": 0}, {""client_id"": 94, ""task_id"": 1}, {""client_id"": 98, ""task_id"": 2}, {""client_id"": 53, ""task_id"": 3}, {""client_id"": 84, ""task_id"": 4}, {""client_id"": 91, ""task_id"": 5}, {""client_id"": 62, ""task_id"": 6}, {""client_id"": 71, ""task_id"": 7}, {""client_id"": 26, ""task_id"": 8}, {""client_id"": 49, ""task_id"": 9}]","[60101798, 60102795, 60103792, 60104789, 60105786, 60106783, 60107780, 60108777, 60109774, 60110771]",1,1
601,FedPhoenixRG-Excess,1,78.5,8.149140299996361,0.0,"[13, 89, 47, 2, 96, 93, 87, 90, 83, 9]","[{""client_id"": 13, ""task_id"": 0}, {""client_id"": 89, ""task_id"": 1}, {""client_id"": 47, ""task_id"": 2}, {""client_id"": 2, ""task_id"": 3}, {""client_id"": 96, ""task_id"": 4}, {""client_id"": 93, ""task_id"": 5}, {""client_id"": 87, ""task_id"": 6}, {""client_id"": 90, ""task_id"": 7}, {""client_id"": 83, ""task_id"": 8}, {""client_id"": 9, ""task_id"": 9}]","[60201801, 60202798, 60203795, 60204792, 60205789, 60206786, 60207783, 60208780, 60209777, 60210774]",1,0
602,FedPhoenixRG-Excess,1,78.61000061035156,8.01526269997703,0.0,"[74, 15, 67, 11, 40, 56, 92, 19, 1, 78]","[{""client_id"": 74, ""task_id"": 0}, {""client_id"": 15, ""task_id"": 1}, {""client_id"": 67, ""task_id"": 2}, {""client_id"": 11, ""task_id"": 3}, {""client_id"": 40, ""task_id"": 4}, {""client_id"": 56, ""task_id"": 5}, {""client_id"": 92, ""task_id"": 6}, {""client_id"": 19, ""task_id"": 7}, {""client_id"": 1, ""task_id"": 8}, {""client_id"": 78, ""task_id"": 9}]","[60301804, 60302801, 60303798, 60304795, 60305792, 60306789, 60307786, 60308783, 60309780, 60310777]",1,0
603,FedPhoenixRG-Excess,1,80.69999694824219,10.100969299965072,0.0,"[63, 72, 18, 0, 57, 45, 21, 3, 99, 74]","[{""client_id"": 63, ""task_id"": 0}, {""client_id"": 72, ""task_id"": 1}, {""client_id"": 18, ""task_id"": 2}, {""client_id"": 0, ""task_id"": 3}, {""client_id"": 57, ""task_id"": 4}, {""client_id"": 45, ""task_id"": 5}, {""client_id"": 21, ""task_id"": 6}, {""client_id"": 3, ""task_id"": 7}, {""client_id"": 99, ""task_id"": 8}, {""client_id"": 74, ""task_id"": 9}]","[60401807, 60402804, 60403801, 60404798, 60405795, 60406792, 60407789, 60408786, 60409783, 60410780]",1,0
604,FedPhoenixRG-Excess,1,80.3499984741211,8.190963300003204,0.0,"[55, 53, 52, 35, 94, 91, 12, 56, 42, 96]","[{""client_id"": 55, ""task_id"": 0}, {""client_id"": 53, ""task_id"": 1}, {""client_id"": 52, ""task_id"": 2}, {""client_id"": 35, ""task_id"": 3}, {""client_id"": 94, ""task_id"": 4}, {""client_id"": 91, ""task_id"": 5}, {""client_id"": 12, ""task_id"": 6}, {""client_id"": 56, ""task_id"": 7}, {""client_id"": 42, ""task_id"": 8}, {""client_id"": 96, ""task_id"": 9}]","[60501810, 60502807, 60503804, 60504801, 60505798, 60506795, 60507792, 60508789, 60509786, 60510783]",1,0
605,FedPhoenixRG-Excess,1,73.79000091552734,10.362313199962955,0.0,"[0, 30, 55, 78, 75, 20, 72, 41, 29, 82]","[{""client_id"": 0, ""task_id"": 0}, {""client_id"": 30, ""task_id"": 1}, {""client_id"": 55, ""task_id"": 2}, {""client_id"": 78, ""task_id"": 3}, {""client_id"": 75, ""task_id"": 4}, {""client_id"": 20, ""task_id"": 5}, {""client_id"": 72, ""task_id"": 6}, {""client_id"": 41, ""task_id"": 7}, {""client_id"": 29, ""task_id"": 8}, {""client_id"": 82, ""task_id"": 9}]","[60601813, 60602810, 60603807, 60604804, 60605801, 60606798, 60607795, 60608792, 60609789, 60610786]",1,0
606,FedPhoenixRG-Excess,1,79.12999725341797,8.965752199990675,0.0,"[86, 98, 2, 18, 77, 82, 76, 94, 75, 48]","[{""client_id"": 86, ""task_id"": 0}, {""client_id"": 98, ""task_id"": 1}, {""client_id"": 2, ""task_id"": 2}, {""client_id"": 18, ""task_id"": 3}, {""client_id"": 77, ""task_id"": 4}, {""client_id"": 82, ""task_id"": 5}, {""client_id"": 76, ""task_id"": 6}, {""client_id"": 94, ""task_id"": 7}, {""client_id"": 75, ""task_id"": 8}, {""client_id"": 48, ""task_id"": 9}]","[60701816, 60702813, 60703810, 60704807, 60705804, 60706801, 60707798, 60708795, 60709792, 60710789]",1,0
607,FedPhoenixRG-Excess,1,69.80999755859375,12.322663099970669,0.0,"[93, 36, 90, 16, 77, 24, 17, 65, 48, 66]","[{""client_id"": 93, ""task_id"": 0}, {""client_id"": 36, ""task_id"": 1}, {""client_id"": 90, ""task_id"": 2}, {""client_id"": 16, ""task_id"": 3}, {""client_id"": 77, ""task_id"": 4}, {""client_id"": 24, ""task_id"": 5}, {""client_id"": 17, ""task_id"": 6}, {""client_id"": 65, ""task_id"": 7}, {""client_id"": 48, ""task_id"": 8}, {""client_id"": 66, ""task_id"": 9}]","[60801819, 60802816, 60803813, 60804810, 60805807, 60806804, 60807801, 60808798, 60809795, 60810792]",1,0
608,FedPhoenixRG-Excess,1,77.37000274658203,10.684824600000866,0.0,"[23, 62, 78, 41, 5, 89, 67, 93, 9, 16]","[{""client_id"": 23, ""task_id"": 0}, {""client_id"": 62, ""task_id"": 1}, {""client_id"": 78, ""task_id"": 2}, {""client_id"": 41, ""task_id"": 3}, {""client_id"": 5, ""task_id"": 4}, {""client_id"": 89, ""task_id"": 5}, {""client_id"": 67, ""task_id"": 6}, {""client_id"": 93, ""task_id"": 7}, {""client_id"": 9, ""task_id"": 8}, {""client_id"": 16, ""task_id"": 9}]","[60901822, 60902819, 60903816, 60904813, 60905810, 60906807, 60907804, 60908801, 60909798, 60910795]",1,0
609,FedPhoenixRG-Excess,1,81.04000091552734,10.309831399994437,0.0,"[75, 57, 23, 77, 44, 99, 5, 63, 64, 96]","[{""client_id"": 75, ""task_id"": 0}, {""client_id"": 57, ""task_id"": 1}, {""client_id"": 23, ""task_id"": 2}, {""client_id"": 77, ""task_id"": 3}, {""client_id"": 44, ""task_id"": 4}, {""client_id"": 99, ""task_id"": 5}, {""client_id"": 5, ""task_id"": 6}, {""client_id"": 63, ""task_id"": 7}, {""client_id"": 64, ""task_id"": 8}, {""client_id"": 96, ""task_id"": 9}]","[61001825, 61002822, 61003819, 61004816, 61005813, 61006810, 61007807, 61008804, 61009801, 61010798]",1,0
610,FedPhoenixRG-Excess,1,73.43000030517578,9.588772499992047,0.0,"[56, 75, 3, 5, 84, 62, 13, 46, 30, 86]","[{""client_id"": 56, ""task_id"": 0}, {""client_id"": 75, ""task_id"": 1}, {""client_id"": 3, ""task_id"": 2}, {""client_id"": 5, ""task_id"": 3}, {""client_id"": 84, ""task_id"": 4}, {""client_id"": 62, ""task_id"": 5}, {""client_id"": 13, ""task_id"": 6}, {""client_id"": 46, ""task_id"": 7}, {""client_id"": 30, ""task_id"": 8}, {""client_id"": 86, ""task_id"": 9}]","[61101828, 61102825, 61103822, 61104819, 61105816, 61106813, 61107810, 61108807, 61109804, 61110801]",1,0
611,FedPhoenixRG-Excess,1,81.08000183105469,11.160337499983143,0.0,"[90, 84, 31, 44, 7, 19, 3, 14, 62, 49]","[{""client_id"": 90, ""task_id"": 0}, {""client_id"": 84, ""task_id"": 1}, {""client_id"": 31, ""task_id"": 2}, {""client_id"": 44, ""task_id"": 3}, {""client_id"": 7, ""task_id"": 4}, {""client_id"": 19, ""task_id"": 5}, {""client_id"": 3, ""task_id"": 6}, {""client_id"": 14, ""task_id"": 7}, {""client_id"": 62, ""task_id"": 8}, {""client_id"": 49, ""task_id"": 9}]","[61201831, 61202828, 61203825, 61204822, 61205819, 61206816, 61207813, 61208810, 61209807, 61210804]",1,0
612,FedPhoenixRG-Excess,1,80.0999984741211,8.823000499978662,0.0,"[50, 55, 98, 90, 47, 20, 1, 18, 26, 15]","[{""client_id"": 50, ""task_id"": 0}, {""client_id"": 55, ""task_id"": 1}, {""client_id"": 98, ""task_id"": 2}, {""client_id"": 90, ""task_id"": 3}, {""client_id"": 47, ""task_id"": 4}, {""client_id"": 20, ""task_id"": 5}, {""client_id"": 1, ""task_id"": 6}, {""client_id"": 18, ""task_id"": 7}, {""client_id"": 26, ""task_id"": 8}, {""client_id"": 15, ""task_id"": 9}]","[61301834, 61302831, 61303828, 61304825, 61305822, 61306819, 61307816, 61308813, 61309810, 61310807]",1,0
613,FedPhoenixRG-Excess,1,76.58999633789062,9.18856079998659,0.0,"[98, 66, 83, 0, 93, 9, 22, 1, 24, 36]","[{""client_id"": 98, ""task_id"": 0}, {""client_id"": 66, ""task_id"": 1}, {""client_id"": 83, ""task_id"": 2}, {""client_id"": 0, ""task_id"": 3}, {""client_id"": 93, ""task_id"": 4}, {""client_id"": 9, ""task_id"": 5}, {""client_id"": 22, ""task_id"": 6}, {""client_id"": 1, ""task_id"": 7}, {""client_id"": 24, ""task_id"": 8}, {""client_id"": 36, ""task_id"": 9}]","[61401837, 61402834, 61403831, 61404828, 61405825, 61406822, 61407819, 61408816, 61409813, 61410810]",1,0
614,FedPhoenixRG-Excess,1,73.69000244140625,7.913412800000515,0.0,"[87, 43, 34, 84, 33, 54, 29, 8, 32, 77]","[{""client_id"": 87, ""task_id"": 0}, {""client_id"": 43, ""task_id"": 1}, {""client_id"": 34, ""task_id"": 2}, {""client_id"": 84, ""task_id"": 3}, {""client_id"": 33, ""task_id"": 4}, {""client_id"": 54, ""task_id"": 5}, {""client_id"": 29, ""task_id"": 6}, {""client_id"": 8, ""task_id"": 7}, {""client_id"": 32, ""task_id"": 8}, {""client_id"": 77, ""task_id"": 9}]","[61501840, 61502837, 61503834, 61504831, 61505828, 61506825, 61507822, 61508819, 61509816, 61510813]",1,0
615,FedPhoenixRG-Excess,1,76.94000244140625,9.862102699989919,0.0,"[95, 82, 52, 88, 91, 0, 9, 2, 92, 7]","[{""client_id"": 95, ""task_id"": 0}, {""client_id"": 82, ""task_id"": 1}, {""client_id"": 52, ""task_id"": 2}, {""client_id"": 88, ""task_id"": 3}, {""client_id"": 91, ""task_id"": 4}, {""client_id"": 0, ""task_id"": 5}, {""client_id"": 9, ""task_id"": 6}, {""client_id"": 2, ""task_id"": 7}, {""client_id"": 92, ""task_id"": 8}, {""client_id"": 7, ""task_id"": 9}]","[61601843, 61602840, 61603837, 61604834, 61605831, 61606828, 61607825, 61608822, 61609819, 61610816]",1,0
616,FedPhoenixRG-Excess,1,79.93000030517578,9.53773529996397,0.0,"[49, 13, 47, 26, 91, 72, 41, 79, 28, 48]","[{""client_id"": 49, ""task_id"": 0}, {""client_id"": 13, ""task_id"": 1}, {""client_id"": 47, ""task_id"": 2}, {""client_id"": 26, ""task_id"": 3}, {""client_id"": 91, ""task_id"": 4}, {""client_id"": 72, ""task_id"": 5}, {""client_id"": 41, ""task_id"": 6}, {""client_id"": 79, ""task_id"": 7}, {""client_id"": 28, ""task_id"": 8}, {""client_id"": 48, ""task_id"": 9}]","[61701846, 61702843, 61703840, 61704837, 61705834, 61706831, 61707828, 61708825, 61709822, 61710819]",1,0
617,FedPhoenixRG-Excess,1,79.51000213623047,11.665837400010787,0.0,"[49, 58, 25, 44, 7, 34, 71, 38, 99, 19]","[{""client_id"": 49, ""task_id"": 0}, {""client_id"": 58, ""task_id"": 1}, {""client_id"": 25, ""task_id"": 2}, {""client_id"": 44, ""task_id"": 3}, {""client_id"": 7, ""task_id"": 4}, {""client_id"": 34, ""task_id"": 5}, {""client_id"": 71, ""task_id"": 6}, {""client_id"": 38, ""task_id"": 7}, {""client_id"": 99, ""task_id"": 8}, {""client_id"": 19, ""task_id"": 9}]","[61801849, 61802846, 61803843, 61804840, 61805837, 61806834, 61807831, 61808828, 61809825, 61810822]",1,0
618,FedPhoenixRG-Excess,1,77.55999755859375,9.342238200013526,0.0,"[47, 62, 46, 93, 16, 76, 84, 91, 1, 53]","[{""client_id"": 47, ""task_id"": 0}, {""client_id"": 62, ""task_id"": 1}, {""client_id"": 46, ""task_id"": 2}, {""client_id"": 93, ""task_id"": 3}, {""client_id"": 16, ""task_id"": 4}, {""client_id"": 76, ""task_id"": 5}, {""client_id"": 84, ""task_id"": 6}, {""client_id"": 91, ""task_id"": 7}, {""client_id"": 1, ""task_id"": 8}, {""client_id"": 53, ""task_id"": 9}]","[61901852, 61902849, 61903846, 61904843, 61905840, 61906837, 61907834, 61908831, 61909828, 61910825]",1,0
619,FedPhoenixRG-Excess,1,76.62999725341797,7.720962800027337,0.0,"[59, 98, 1, 75, 20, 43, 29, 91, 12, 46]","[{""client_id"": 59, ""task_id"": 0}, {""client_id"": 98, ""task_id"": 1}, {""client_id"": 1, ""task_id"": 2}, {""client_id"": 75, ""task_id"": 3}, {""client_id"": 20, ""task_id"": 4}, {""client_id"": 43, ""task_id"": 5}, {""client_id"": 29, ""task_id"": 6}, {""client_id"": 91, ""task_id"": 7}, {""client_id"": 12, ""task_id"": 8}, {""client_id"": 46, ""task_id"": 9}]","[62001855, 62002852, 62003849, 62004846, 62005843, 62006840, 62007837, 62008834, 62009831, 62010828]",1,0
620,FedPhoenixRG-Excess,1,69.16000366210938,8.828394400014076,0.0,"[99, 91, 81, 9, 35, 96, 79, 2, 53, 55]","[{""client_id"": 99, ""task_id"": 0}, {""client_id"": 91, ""task_id"": 1}, {""client_id"": 81, ""task_id"": 2}, {""client_id"": 9, ""task_id"": 3}, {""client_id"": 35, ""task_id"": 4}, {""client_id"": 96, ""task_id"": 5}, {""client_id"": 79, ""task_id"": 6}, {""client_id"": 2, ""task_id"": 7}, {""client_id"": 53, ""task_id"": 8}, {""client_id"": 55, ""task_id"": 9}]","[62101858, 62102855, 62103852, 62104849, 62105846, 62106843, 62107840, 62108837, 62109834, 62110831]",1,1
621,FedPhoenixRG-Excess,1,64.56999969482422,9.059579499997199,0.0,"[90, 28, 37, 52, 56, 93, 2, 45, 31, 54]","[{""client_id"": 90, ""task_id"": 0}, {""client_id"": 28, ""task_id"": 1}, {""client_id"": 37, ""task_id"": 2}, {""client_id"": 52, ""task_id"": 3}, {""client_id"": 56, ""task_id"": 4}, {""client_id"": 93, ""task_id"": 5}, {""client_id"": 2, ""task_id"": 6}, {""client_id"": 45, ""task_id"": 7}, {""client_id"": 31, ""task_id"": 8}, {""client_id"": 54, ""task_id"": 9}]","[62201861, 62202858, 62203855, 62204852, 62205849, 62206846, 62207843, 62208840, 62209837, 62210834]",1,0
622,FedPhoenixRG-Excess,1,76.9800033569336,8.712018199963495,0.0,"[43, 4, 21, 3, 66, 13, 75, 68, 39, 79]","[{""client_id"": 43, ""task_id"": 0}, {""client_id"": 4, ""task_id"": 1}, {""client_id"": 21, ""task_id"": 2}, {""client_id"": 3, ""task_id"": 3}, {""client_id"": 66, ""task_id"": 4}, {""client_id"": 13, ""task_id"": 5}, {""client_id"": 75, ""task_id"": 6}, {""client_id"": 68, ""task_id"": 7}, {""client_id"": 39, ""task_id"": 8}, {""client_id"": 79, ""task_id"": 9}]","[62301864, 62302861, 62303858, 62304855, 62305852, 62306849, 62307846, 62308843, 62309840, 62310837]",1,0
623,FedPhoenixRG-Excess,1,55.630001068115234,9.738968500052579,0.0,"[72, 95, 59, 80, 78, 12, 6, 27, 4, 66]","[{""client_id"": 72, ""task_id"": 0}, {""client_id"": 95, ""task_id"": 1}, {""client_id"": 59, ""task_id"": 2}, {""client_id"": 80, ""task_id"": 3}, {""client_id"": 78, ""task_id"": 4}, {""client_id"": 12, ""task_id"": 5}, {""client_id"": 6, ""task_id"": 6}, {""client_id"": 27, ""task_id"": 7}, {""client_id"": 4, ""task_id"": 8}, {""client_id"": 66, ""task_id"": 9}]","[62401867, 62402864, 62403861, 62404858, 62405855, 62406852, 62407849, 62408846, 62409843, 62410840]",1,0
624,FedPhoenixRG-Excess,1,72.30000305175781,10.272992599988356,0.0,"[33, 35, 17, 95, 53, 69, 45, 80, 51, 42]","[{""client_id"": 33, ""task_id"": 0}, {""client_id"": 35, ""task_id"": 1}, {""client_id"": 17, ""task_id"": 2}, {""client_id"": 95, ""task_id"": 3}, {""client_id"": 53, ""task_id"": 4}, {""client_id"": 69, ""task_id"": 5}, {""client_id"": 45, ""task_id"": 6}, {""client_id"": 80, ""task_id"": 7}, {""client_id"": 51, ""task_id"": 8}, {""client_id"": 42, ""task_id"": 9}]","[62501870, 62502867, 62503864, 62504861, 62505858, 62506855, 62507852, 62508849, 62509846, 62510843]",1,0
625,FedPhoenixRG-Excess,1,76.06999969482422,9.724226999969687,0.0,"[88, 77, 95, 94, 56, 15, 14, 47, 53, 80]","[{""client_id"": 88, ""task_id"": 0}, {""client_id"": 77, ""task_id"": 1}, {""client_id"": 95, ""task_id"": 2}, {""client_id"": 94, ""task_id"": 3}, {""client_id"": 56, ""task_id"": 4}, {""client_id"": 15, ""task_id"": 5}, {""client_id"": 14, ""task_id"": 6}, {""client_id"": 47, ""task_id"": 7}, {""client_id"": 53, ""task_id"": 8}, {""client_id"": 80, ""task_id"": 9}]","[62601873, 62602870, 62603867, 62604864, 62605861, 62606858, 62607855, 62608852, 62609849, 62610846]",1,0
626,FedPhoenixRG-Excess,1,68.68000030517578,11.8659825999639,0.0,"[57, 86, 17, 58, 10, 30, 52, 42, 46, 11]","[{""client_id"": 57, ""task_id"": 0}, {""client_id"": 86, ""task_id"": 1}, {""client_id"": 17, ""task_id"": 2}, {""client_id"": 58, ""task_id"": 3}, {""client_id"": 10, ""task_id"": 4}, {""client_id"": 30, ""task_id"": 5}, {""client_id"": 52, ""task_id"": 6}, {""client_id"": 42, ""task_id"": 7}, {""client_id"": 46, ""task_id"": 8}, {""client_id"": 11, ""task_id"": 9}]","[62701876, 62702873, 62703870, 62704867, 62705864, 62706861, 62707858, 62708855, 62709852, 62710849]",1,0
627,FedPhoenixRG-Excess,1,75.61000061035156,9.46655319997808,0.0,"[39, 9, 22, 23, 66, 54, 92, 8, 82, 69]","[{""client_id"": 39, ""task_id"": 0}, {""client_id"": 9, ""task_id"": 1}, {""client_id"": 22, ""task_id"": 2}, {""client_id"": 23, ""task_id"": 3}, {""client_id"": 66, ""task_id"": 4}, {""client_id"": 54, ""task_id"": 5}, {""client_id"": 92, ""task_id"": 6}, {""client_id"": 8, ""task_id"": 7}, {""client_id"": 82, ""task_id"": 8}, {""client_id"": 69, ""task_id"": 9}]","[62801879, 62802876, 62803873, 62804870, 62805867, 62806864, 62807861, 62808858, 62809855, 62810852]",1,0
628,FedPhoenixRG-Excess,1,74.11000061035156,10.903402399970219,0.0,"[84, 30, 6, 72, 23, 12, 50, 43, 98, 65]","[{""client_id"": 84, ""task_id"": 0}, {""client_id"": 30, ""task_id"": 1}, {""client_id"": 6, ""task_id"": 2}, {""client_id"": 72, ""task_id"": 3}, {""client_id"": 23, ""task_id"": 4}, {""client_id"": 12, ""task_id"": 5}, {""client_id"": 50, ""task_id"": 6}, {""client_id"": 43, ""task_id"": 7}, {""client_id"": 98, ""task_id"": 8}, {""client_id"": 65, ""task_id"": 9}]","[62901882, 62902879, 62903876, 62904873, 62905870, 62906867, 62907864, 62908861, 62909858, 62910855]",1,0
629,FedPhoenixRG-Excess,1,77.5199966430664,8.808940900024027,0.0,"[41, 13, 86, 43, 34, 85, 63, 45, 80, 83]","[{""client_id"": 41, ""task_id"": 0}, {""client_id"": 13, ""task_id"": 1}, {""client_id"": 86, ""task_id"": 2}, {""client_id"": 43, ""task_id"": 3}, {""client_id"": 34, ""task_id"": 4}, {""client_id"": 85, ""task_id"": 5}, {""client_id"": 63, ""task_id"": 6}, {""client_id"": 45, ""task_id"": 7}, {""client_id"": 80, ""task_id"": 8}, {""client_id"": 83, ""task_id"": 9}]","[63001885, 63002882, 63003879, 63004876, 63005873, 63006870, 63007867, 63008864, 63009861, 63010858]",1,0
630,FedPhoenixRG-Excess,1,79.66000366210938,8.454202399996575,0.0,"[69, 91, 13, 32, 10, 44, 90, 31, 28, 29]","[{""client_id"": 69, ""task_id"": 0}, {""client_id"": 91, ""task_id"": 1}, {""client_id"": 13, ""task_id"": 2}, {""client_id"": 32, ""task_id"": 3}, {""client_id"": 10, ""task_id"": 4}, {""client_id"": 44, ""task_id"": 5}, {""client_id"": 90, ""task_id"": 6}, {""client_id"": 31, ""task_id"": 7}, {""client_id"": 28, ""task_id"": 8}, {""client_id"": 29, ""task_id"": 9}]","[63101888, 63102885, 63103882, 63104879, 63105876, 63106873, 63107870, 63108867, 63109864, 63110861]",1,0
631,FedPhoenixRG-Excess,1,80.3499984741211,7.817863400036003,0.0,"[62, 96, 87, 74, 35, 85, 88, 59, 90, 70]","[{""client_id"": 62, ""task_id"": 0}, {""client_id"": 96, ""task_id"": 1}, {""client_id"": 87, ""task_id"": 2}, {""client_id"": 74, ""task_id"": 3}, {""client_id"": 35, ""task_id"": 4}, {""client_id"": 85, ""task_id"": 5}, {""client_id"": 88, ""task_id"": 6}, {""client_id"": 59, ""task_id"": 7}, {""client_id"": 90, ""task_id"": 8}, {""client_id"": 70, ""task_id"": 9}]","[63201891, 63202888, 63203885, 63204882, 63205879, 63206876, 63207873, 63208870, 63209867, 63210864]",1,0
632,FedPhoenixRG-Excess,1,74.47000122070312,10.1880291000125,0.0,"[4, 70, 12, 9, 21, 86, 58, 84, 11, 56]","[{""client_id"": 4, ""task_id"": 0}, {""client_id"": 70, ""task_id"": 1}, {""client_id"": 12, ""task_id"": 2}, {""client_id"": 9, ""task_id"": 3}, {""client_id"": 21, ""task_id"": 4}, {""client_id"": 86, ""task_id"": 5}, {""client_id"": 58, ""task_id"": 6}, {""client_id"": 84, ""task_id"": 7}, {""client_id"": 11, ""task_id"": 8}, {""client_id"": 56, ""task_id"": 9}]","[63301894, 63302891, 63303888, 63304885, 63305882, 63306879, 63307876, 63308873, 63309870, 63310867]",1,0
633,FedPhoenixRG-Excess,1,72.30000305175781,10.345198700029869,0.0,"[50, 4, 56, 48, 57, 61, 52, 7, 47, 2]","[{""client_id"": 50, ""task_id"": 0}, {""client_id"": 4, ""task_id"": 1}, {""client_id"": 56, ""task_id"": 2}, {""client_id"": 48, ""task_id"": 3}, {""client_id"": 57, ""task_id"": 4}, {""client_id"": 61, ""task_id"": 5}, {""client_id"": 52, ""task_id"": 6}, {""client_id"": 7, ""task_id"": 7}, {""client_id"": 47, ""task_id"": 8}, {""client_id"": 2, ""task_id"": 9}]","[63401897, 63402894, 63403891, 63404888, 63405885, 63406882, 63407879, 63408876, 63409873, 63410870]",1,0
634,FedPhoenixRG-Excess,1,78.05999755859375,10.556964699993841,0.0,"[14, 92, 80, 75, 44, 87, 88, 39, 86, 37]","[{""client_id"": 14, ""task_id"": 0}, {""client_id"": 92, ""task_id"": 1}, {""client_id"": 80, ""task_id"": 2}, {""client_id"": 75, ""task_id"": 3}, {""client_id"": 44, ""task_id"": 4}, {""client_id"": 87, ""task_id"": 5}, {""client_id"": 88, ""task_id"": 6}, {""client_id"": 39, ""task_id"": 7}, {""client_id"": 86, ""task_id"": 8}, {""client_id"": 37, ""task_id"": 9}]","[63501900, 63502897, 63503894, 63504891, 63505888, 63506885, 63507882, 63508879, 63509876, 63510873]",1,0
635,FedPhoenixRG-Excess,1,76.83000183105469,9.510556399996858,0.0,"[48, 79, 53, 97, 4, 68, 5, 34, 90, 37]","[{""client_id"": 48, ""task_id"": 0}, {""client_id"": 79, ""task_id"": 1}, {""client_id"": 53, ""task_id"": 2}, {""client_id"": 97, ""task_id"": 3}, {""client_id"": 4, ""task_id"": 4}, {""client_id"": 68, ""task_id"": 5}, {""client_id"": 5, ""task_id"": 6}, {""client_id"": 34, ""task_id"": 7}, {""client_id"": 90, ""task_id"": 8}, {""client_id"": 37, ""task_id"": 9}]","[63601903, 63602900, 63603897, 63604894, 63605891, 63606888, 63607885, 63608882, 63609879, 63610876]",1,0
636,FedPhoenixRG-Excess,1,78.41000366210938,11.091691399982665,0.0,"[46, 34, 42, 6, 80, 10, 32, 93, 17, 63]","[{""client_id"": 46, ""task_id"": 0}, {""client_id"": 34, ""task_id"": 1}, {""client_id"": 42, ""task_id"": 2}, {""client_id"": 6, ""task_id"": 3}, {""client_id"": 80, ""task_id"": 4}, {""client_id"": 10, ""task_id"": 5}, {""client_id"": 32, ""task_id"": 6}, {""client_id"": 93, ""task_id"": 7}, {""client_id"": 17, ""task_id"": 8}, {""client_id"": 63, ""task_id"": 9}]","[63701906, 63702903, 63703900, 63704897, 63705894, 63706891, 63707888, 63708885, 63709882, 63710879]",1,0
637,FedPhoenixRG-Excess,1,80.5,8.487454499991145,0.0,"[75, 27, 96, 93, 84, 83, 97, 92, 12, 62]","[{""client_id"": 75, ""task_id"": 0}, {""client_id"": 27, ""task_id"": 1}, {""client_id"": 96, ""task_id"": 2}, {""client_id"": 93, ""task_id"": 3}, {""client_id"": 84, ""task_id"": 4}, {""client_id"": 83, ""task_id"": 5}, {""client_id"": 97, ""task_id"": 6}, {""client_id"": 92, ""task_id"": 7}, {""client_id"": 12, ""task_id"": 8}, {""client_id"": 62, ""task_id"": 9}]","[63801909, 63802906, 63803903, 63804900, 63805897, 63806894, 63807891, 63808888, 63809885, 63810882]",1,0
638,FedPhoenixRG-Excess,1,78.26000213623047,8.769982900004834,0.0,"[4, 11, 26, 2, 74, 96, 51, 25, 17, 94]","[{""client_id"": 4, ""task_id"": 0}, {""client_id"": 11, ""task_id"": 1}, {""client_id"": 26, ""task_id"": 2}, {""client_id"": 2, ""task_id"": 3}, {""client_id"": 74, ""task_id"": 4}, {""client_id"": 96, ""task_id"": 5}, {""client_id"": 51, ""task_id"": 6}, {""client_id"": 25, ""task_id"": 7}, {""client_id"": 17, ""task_id"": 8}, {""client_id"": 94, ""task_id"": 9}]","[63901912, 63902909, 63903906, 63904903, 63905900, 63906897, 63907894, 63908891, 63909888, 63910885]",1,0
639,FedPhoenixRG-Excess,1,66.30000305175781,8.936569300014526,0.0,"[48, 63, 27, 10, 81, 83, 40, 38, 60, 85]","[{""client_id"": 48, ""task_id"": 0}, {""client_id"": 63, ""task_id"": 1}, {""client_id"": 27, ""task_id"": 2}, {""client_id"": 10, ""task_id"": 3}, {""client_id"": 81, ""task_id"": 4}, {""client_id"": 83, ""task_id"": 5}, {""client_id"": 40, ""task_id"": 6}, {""client_id"": 38, ""task_id"": 7}, {""client_id"": 60, ""task_id"": 8}, {""client_id"": 85, ""task_id"": 9}]","[64001915, 64002912, 64003909, 64004906, 64005903, 64006900, 64007897, 64008894, 64009891, 64010888]",1,0
640,FedPhoenixRG-Excess,1,78.33000183105469,9.624824099999387,0.0,"[5, 66, 17, 16, 94, 39, 68, 13, 96, 28]","[{""client_id"": 5, ""task_id"": 0}, {""client_id"": 66, ""task_id"": 1}, {""client_id"": 17, ""task_id"": 2}, {""client_id"": 16, ""task_id"": 3}, {""client_id"": 94, ""task_id"": 4}, {""client_id"": 39, ""task_id"": 5}, {""client_id"": 68, ""task_id"": 6}, {""client_id"": 13, ""task_id"": 7}, {""client_id"": 96, ""task_id"": 8}, {""client_id"": 28, ""task_id"": 9}]","[64101918, 64102915, 64103912, 64104909, 64105906, 64106903, 64107900, 64108897, 64109894, 64110891]",1,1
641,FedPhoenixRG-Excess,1,78.79000091552734,11.508499399991706,0.0,"[26, 34, 65, 62, 7, 39, 97, 64, 87, 84]","[{""client_id"": 26, ""task_id"": 0}, {""client_id"": 34, ""task_id"": 1}, {""client_id"": 65, ""task_id"": 2}, {""client_id"": 62, ""task_id"": 3}, {""client_id"": 7, ""task_id"": 4}, {""client_id"": 39, ""task_id"": 5}, {""client_id"": 97, ""task_id"": 6}, {""client_id"": 64, ""task_id"": 7}, {""client_id"": 87, ""task_id"": 8}, {""client_id"": 84, ""task_id"": 9}]","[64201921, 64202918, 64203915, 64204912, 64205909, 64206906, 64207903, 64208900, 64209897, 64210894]",1,0
642,FedPhoenixRG-Excess,1,74.02999877929688,11.373953700007405,0.0,"[61, 84, 33, 74, 23, 13, 49, 31, 40, 36]","[{""client_id"": 61, ""task_id"": 0}, {""client_id"": 84, ""task_id"": 1}, {""client_id"": 33, ""task_id"": 2}, {""client_id"": 74, ""task_id"": 3}, {""client_id"": 23, ""task_id"": 4}, {""client_id"": 13, ""task_id"": 5}, {""client_id"": 49, ""task_id"": 6}, {""client_id"": 31, ""task_id"": 7}, {""client_id"": 40, ""task_id"": 8}, {""client_id"": 36, ""task_id"": 9}]","[64301924, 64302921, 64303918, 64304915, 64305912, 64306909, 64307906, 64308903, 64309900, 64310897]",1,0
643,FedPhoenixRG-Excess,1,78.75,10.025447799998801,0.0,"[70, 18, 5, 56, 26, 23, 4, 13, 6, 83]","[{""client_id"": 70, ""task_id"": 0}, {""client_id"": 18, ""task_id"": 1}, {""client_id"": 5, ""task_id"": 2}, {""client_id"": 56, ""task_id"": 3}, {""client_id"": 26, ""task_id"": 4}, {""client_id"": 23, ""task_id"": 5}, {""client_id"": 4, ""task_id"": 6}, {""client_id"": 13, ""task_id"": 7}, {""client_id"": 6, ""task_id"": 8}, {""client_id"": 83, ""task_id"": 9}]","[64401927, 64402924, 64403921, 64404918, 64405915, 64406912, 64407909, 64408906, 64409903, 64410900]",1,0
644,FedPhoenixRG-Excess,1,76.1500015258789,10.769974700000603,0.0,"[69, 76, 9, 7, 6, 73, 62, 24, 78, 64]","[{""client_id"": 69, ""task_id"": 0}, {""client_id"": 76, ""task_id"": 1}, {""client_id"": 9, ""task_id"": 2}, {""client_id"": 7, ""task_id"": 3}, {""client_id"": 6, ""task_id"": 4}, {""client_id"": 73, ""task_id"": 5}, {""client_id"": 62, ""task_id"": 6}, {""client_id"": 24, ""task_id"": 7}, {""client_id"": 78, ""task_id"": 8}, {""client_id"": 64, ""task_id"": 9}]","[64501930, 64502927, 64503924, 64504921, 64505918, 64506915, 64507912, 64508909, 64509906, 64510903]",1,0
645,FedPhoenixRG-Excess,1,73.4800033569336,10.207565099990461,0.0,"[68, 70, 30, 17, 38, 65, 1, 60, 43, 92]","[{""client_id"": 68, ""task_id"": 0}, {""client_id"": 70, ""task_id"": 1}, {""client_id"": 30, ""task_id"": 2}, {""client_id"": 17, ""task_id"": 3}, {""client_id"": 38, ""task_id"": 4}, {""client_id"": 65, ""task_id"": 5}, {""client_id"": 1, ""task_id"": 6}, {""client_id"": 60, ""task_id"": 7}, {""client_id"": 43, ""task_id"": 8}, {""client_id"": 92, ""task_id"": 9}]","[64601933, 64602930, 64603927, 64604924, 64605921, 64606918, 64607915, 64608912, 64609909, 64610906]",1,0
646,FedPhoenixRG-Excess,1,74.87000274658203,10.398310600023251,0.0,"[78, 45, 48, 53, 65, 97, 10, 77, 89, 39]","[{""client_id"": 78, ""task_id"": 0}, {""client_id"": 45, ""task_id"": 1}, {""client_id"": 48, ""task_id"": 2}, {""client_id"": 53, ""task_id"": 3}, {""client_id"": 65, ""task_id"": 4}, {""client_id"": 97, ""task_id"": 5}, {""client_id"": 10, ""task_id"": 6}, {""client_id"": 77, ""task_id"": 7}, {""client_id"": 89, ""task_id"": 8}, {""client_id"": 39, ""task_id"": 9}]","[64701936, 64702933, 64703930, 64704927, 64705924, 64706921, 64707918, 64708915, 64709912, 64710909]",1,0
647,FedPhoenixRG-Excess,1,81.0,9.68433019996155,0.0,"[26, 71, 97, 3, 77, 83, 89, 47, 78, 49]","[{""client_id"": 26, ""task_id"": 0}, {""client_id"": 71, ""task_id"": 1}, {""client_id"": 97, ""task_id"": 2}, {""client_id"": 3, ""task_id"": 3}, {""client_id"": 77, ""task_id"": 4}, {""client_id"": 83, ""task_id"": 5}, {""client_id"": 89, ""task_id"": 6}, {""client_id"": 47, ""task_id"": 7}, {""client_id"": 78, ""task_id"": 8}, {""client_id"": 49, ""task_id"": 9}]","[64801939, 64802936, 64803933, 64804930, 64805927, 64806924, 64807921, 64808918, 64809915, 64810912]",1,0
648,FedPhoenixRG-Excess,1,81.16000366210938,10.721515399985947,0.0,"[83, 57, 71, 14, 3, 24, 98, 18, 22, 80]","[{""client_id"": 83, ""task_id"": 0}, {""client_id"": 57, ""task_id"": 1}, {""client_id"": 71, ""task_id"": 2}, {""client_id"": 14, ""task_id"": 3}, {""client_id"": 3, ""task_id"": 4}, {""client_id"": 24, ""task_id"": 5}, {""client_id"": 98, ""task_id"": 6}, {""client_id"": 18, ""task_id"": 7}, {""client_id"": 22, ""task_id"": 8}, {""client_id"": 80, ""task_id"": 9}]","[64901942, 64902939, 64903936, 64904933, 64905930, 64906927, 64907924, 64908921, 64909918, 64910915]",1,0
649,FedPhoenixRG-Excess,1,80.48999786376953,9.690756399999373,0.0,"[64, 60, 37, 31, 27, 23, 21, 39, 99, 29]","[{""client_id"": 64, ""task_id"": 0}, {""client_id"": 60, ""task_id"": 1}, {""client_id"": 37, ""task_id"": 2}, {""client_id"": 31, ""task_id"": 3}, {""client_id"": 27, ""task_id"": 4}, {""client_id"": 23, ""task_id"": 5}, {""client_id"": 21, ""task_id"": 6}, {""client_id"": 39, ""task_id"": 7}, {""client_id"": 99, ""task_id"": 8}, {""client_id"": 29, ""task_id"": 9}]","[65001945, 65002942, 65003939, 65004936, 65005933, 65006930, 65007927, 65008924, 65009921, 65010918]",1,0
650,FedPhoenixRG-Excess,1,80.69999694824219,9.62348380003823,0.0,"[5, 20, 36, 42, 50, 79, 96, 62, 66, 31]","[{""client_id"": 5, ""task_id"": 0}, {""client_id"": 20, ""task_id"": 1}, {""client_id"": 36, ""task_id"": 2}, {""client_id"": 42, ""task_id"": 3}, {""client_id"": 50, ""task_id"": 4}, {""client_id"": 79, ""task_id"": 5}, {""client_id"": 96, ""task_id"": 6}, {""client_id"": 62, ""task_id"": 7}, {""client_id"": 66, ""task_id"": 8}, {""client_id"": 31, ""task_id"": 9}]","[65101948, 65102945, 65103942, 65104939, 65105936, 65106933, 65107930, 65108927, 65109924, 65110921]",1,0
651,FedPhoenixRG-Excess,1,79.20999908447266,8.794946299982257,0.0,"[43, 16, 79, 45, 26, 62, 4, 41, 11, 18]","[{""client_id"": 43, ""task_id"": 0}, {""client_id"": 16, ""task_id"": 1}, {""client_id"": 79, ""task_id"": 2}, {""client_id"": 45, ""task_id"": 3}, {""client_id"": 26, ""task_id"": 4}, {""client_id"": 62, ""task_id"": 5}, {""client_id"": 4, ""task_id"": 6}, {""client_id"": 41, ""task_id"": 7}, {""client_id"": 11, ""task_id"": 8}, {""client_id"": 18, ""task_id"": 9}]","[65201951, 65202948, 65203945, 65204942, 65205939, 65206936, 65207933, 65208930, 65209927, 65210924]",1,0
652,FedPhoenixRG-Excess,1,77.6500015258789,8.21882219996769,0.0,"[75, 27, 14, 42, 43, 71, 72, 39, 49, 88]","[{""client_id"": 75, ""task_id"": 0}, {""client_id"": 27, ""task_id"": 1}, {""client_id"": 14, ""task_id"": 2}, {""client_id"": 42, ""task_id"": 3}, {""client_id"": 43, ""task_id"": 4}, {""client_id"": 71, ""task_id"": 5}, {""client_id"": 72, ""task_id"": 6}, {""client_id"": 39, ""task_id"": 7}, {""client_id"": 49, ""task_id"": 8}, {""client_id"": 88, ""task_id"": 9}]","[65301954, 65302951, 65303948, 65304945, 65305942, 65306939, 65307936, 65308933, 65309930, 65310927]",1,0
653,FedPhoenixRG-Excess,1,74.12000274658203,8.19758689997252,0.0,"[3, 50, 15, 29, 1, 10, 51, 74, 82, 85]","[{""client_id"": 3, ""task_id"": 0}, {""client_id"": 50, ""task_id"": 1}, {""client_id"": 15, ""task_id"": 2}, {""client_id"": 29, ""task_id"": 3}, {""client_id"": 1, ""task_id"": 4}, {""client_id"": 10, ""task_id"": 5}, {""client_id"": 51, ""task_id"": 6}, {""client_id"": 74, ""task_id"": 7}, {""client_id"": 82, ""task_id"": 8}, {""client_id"": 85, ""task_id"": 9}]","[65401957, 65402954, 65403951, 65404948, 65405945, 65406942, 65407939, 65408936, 65409933, 65410930]",1,0
654,FedPhoenixRG-Excess,1,78.36000061035156,8.977817600010894,0.0,"[52, 67, 50, 84, 44, 38, 9, 93, 63, 29]","[{""client_id"": 52, ""task_id"": 0}, {""client_id"": 67, ""task_id"": 1}, {""client_id"": 50, ""task_id"": 2}, {""client_id"": 84, ""task_id"": 3}, {""client_id"": 44, ""task_id"": 4}, {""client_id"": 38, ""task_id"": 5}, {""client_id"": 9, ""task_id"": 6}, {""client_id"": 93, ""task_id"": 7}, {""client_id"": 63, ""task_id"": 8}, {""client_id"": 29, ""task_id"": 9}]","[65501960, 65502957, 65503954, 65504951, 65505948, 65506945, 65507942, 65508939, 65509936, 65510933]",1,0
655,FedPhoenixRG-Excess,1,80.0199966430664,8.676959600008558,0.0,"[5, 15, 36, 55, 35, 77, 59, 51, 82, 50]","[{""client_id"": 5, ""task_id"": 0}, {""client_id"": 15, ""task_id"": 1}, {""client_id"": 36, ""task_id"": 2}, {""client_id"": 55, ""task_id"": 3}, {""client_id"": 35, ""task_id"": 4}, {""client_id"": 77, ""task_id"": 5}, {""client_id"": 59, ""task_id"": 6}, {""client_id"": 51, ""task_id"": 7}, {""client_id"": 82, ""task_id"": 8}, {""client_id"": 50, ""task_id"": 9}]","[65601963, 65602960, 65603957, 65604954, 65605951, 65606948, 65607945, 65608942, 65609939, 65610936]",1,0
656,FedPhoenixRG-Excess,1,72.5,10.38419359998079,0.0,"[3, 56, 48, 26, 99, 7, 16, 2, 30, 97]","[{""client_id"": 3, ""task_id"": 0}, {""client_id"": 56, ""task_id"": 1}, {""client_id"": 48, ""task_id"": 2}, {""client_id"": 26, ""task_id"": 3}, {""client_id"": 99, ""task_id"": 4}, {""client_id"": 7, ""task_id"": 5}, {""client_id"": 16, ""task_id"": 6}, {""client_id"": 2, ""task_id"": 7}, {""client_id"": 30, ""task_id"": 8}, {""client_id"": 97, ""task_id"": 9}]","[65701966, 65702963, 65703960, 65704957, 65705954, 65706951, 65707948, 65708945, 65709942, 65710939]",1,0
657,FedPhoenixRG-Excess,1,81.2300033569336,8.840612600033637,0.0,"[77, 76, 88, 69, 91, 19, 42, 45, 7, 63]","[{""client_id"": 77, ""task_id"": 0}, {""client_id"": 76, ""task_id"": 1}, {""client_id"": 88, ""task_id"": 2}, {""client_id"": 69, ""task_id"": 3}, {""client_id"": 91, ""task_id"": 4}, {""client_id"": 19, ""task_id"": 5}, {""client_id"": 42, ""task_id"": 6}, {""client_id"": 45, ""task_id"": 7}, {""client_id"": 7, ""task_id"": 8}, {""client_id"": 63, ""task_id"": 9}]","[65801969, 65802966, 65803963, 65804960, 65805957, 65806954, 65807951, 65808948, 65809945, 65810942]",1,0
658,FedPhoenixRG-Excess,1,79.62000274658203,12.159208600001875,0.0,"[75, 49, 70, 91, 86, 65, 35, 7, 54, 56]","[{""client_id"": 75, ""task_id"": 0}, {""client_id"": 49, ""task_id"": 1}, {""client_id"": 70, ""task_id"": 2}, {""client_id"": 91, ""task_id"": 3}, {""client_id"": 86, ""task_id"": 4}, {""client_id"": 65, ""task_id"": 5}, {""client_id"": 35, ""task_id"": 6}, {""client_id"": 7, ""task_id"": 7}, {""client_id"": 54, ""task_id"": 8}, {""client_id"": 56, ""task_id"": 9}]","[65901972, 65902969, 65903966, 65904963, 65905960, 65906957, 65907954, 65908951, 65909948, 65910945]",1,0
659,FedPhoenixRG-Excess,1,70.05999755859375,9.296404299966525,0.0,"[23, 32, 35, 25, 95, 60, 90, 59, 51, 29]","[{""client_id"": 23, ""task_id"": 0}, {""client_id"": 32, ""task_id"": 1}, {""client_id"": 35, ""task_id"": 2}, {""client_id"": 25, ""task_id"": 3}, {""client_id"": 95, ""task_id"": 4}, {""client_id"": 60, ""task_id"": 5}, {""client_id"": 90, ""task_id"": 6}, {""client_id"": 59, ""task_id"": 7}, {""client_id"": 51, ""task_id"": 8}, {""client_id"": 29, ""task_id"": 9}]","[66001975, 66002972, 66003969, 66004966, 66005963, 66006960, 66007957, 66008954, 66009951, 66010948]",1,0
660,FedPhoenixRG-Excess,1,70.69000244140625,8.759161200025119,0.0,"[8, 40, 27, 59, 68, 67, 82, 3, 41, 22]","[{""client_id"": 8, ""task_id"": 0}, {""client_id"": 40, ""task_id"": 1}, {""client_id"": 27, ""task_id"": 2}, {""client_id"": 59, ""task_id"": 3}, {""client_id"": 68, ""task_id"": 4}, {""client_id"": 67, ""task_id"": 5}, {""client_id"": 82, ""task_id"": 6}, {""client_id"": 3, ""task_id"": 7}, {""client_id"": 41, ""task_id"": 8}, {""client_id"": 22, ""task_id"": 9}]","[66101978, 66102975, 66103972, 66104969, 66105966, 66106963, 66107960, 66108957, 66109954, 66110951]",1,1
661,FedPhoenixRG-Excess,1,75.51000213623047,9.923125799978152,0.0,"[48, 63, 54, 9, 96, 58, 41, 40, 69, 97]","[{""client_id"": 48, ""task_id"": 0}, {""client_id"": 63, ""task_id"": 1}, {""client_id"": 54, ""task_id"": 2}, {""client_id"": 9, ""task_id"": 3}, {""client_id"": 96, ""task_id"": 4}, {""client_id"": 58, ""task_id"": 5}, {""client_id"": 41, ""task_id"": 6}, {""client_id"": 40, ""task_id"": 7}, {""client_id"": 69, ""task_id"": 8}, {""client_id"": 97, ""task_id"": 9}]","[66201981, 66202978, 66203975, 66204972, 66205969, 66206966, 66207963, 66208960, 66209957, 66210954]",1,0
662,FedPhoenixRG-Excess,1,78.98999786376953,12.414103600021917,0.0,"[37, 3, 95, 65, 76, 52, 18, 66, 22, 14]","[{""client_id"": 37, ""task_id"": 0}, {""client_id"": 3, ""task_id"": 1}, {""client_id"": 95, ""task_id"": 2}, {""client_id"": 65, ""task_id"": 3}, {""client_id"": 76, ""task_id"": 4}, {""client_id"": 52, ""task_id"": 5}, {""client_id"": 18, ""task_id"": 6}, {""client_id"": 66, ""task_id"": 7}, {""client_id"": 22, ""task_id"": 8}, {""client_id"": 14, ""task_id"": 9}]","[66301984, 66302981, 66303978, 66304975, 66305972, 66306969, 66307966, 66308963, 66309960, 66310957]",1,0
663,FedPhoenixRG-Excess,1,80.31999969482422,10.033766700013075,0.0,"[79, 31, 78, 7, 59, 49, 96, 32, 61, 52]","[{""client_id"": 79, ""task_id"": 0}, {""client_id"": 31, ""task_id"": 1}, {""client_id"": 78, ""task_id"": 2}, {""client_id"": 7, ""task_id"": 3}, {""client_id"": 59, ""task_id"": 4}, {""client_id"": 49, ""task_id"": 5}, {""client_id"": 96, ""task_id"": 6}, {""client_id"": 32, ""task_id"": 7}, {""client_id"": 61, ""task_id"": 8}, {""client_id"": 52, ""task_id"": 9}]","[66401987, 66402984, 66403981, 66404978, 66405975, 66406972, 66407969, 66408966, 66409963, 66410960]",1,0
664,FedPhoenixRG-Excess,1,82.30999755859375,12.019793599960394,0.0,"[97, 18, 80, 69, 95, 60, 27, 79, 20, 52]","[{""client_id"": 97, ""task_id"": 0}, {""client_id"": 18, ""task_id"": 1}, {""client_id"": 80, ""task_id"": 2}, {""client_id"": 69, ""task_id"": 3}, {""client_id"": 95, ""task_id"": 4}, {""client_id"": 60, ""task_id"": 5}, {""client_id"": 27, ""task_id"": 6}, {""client_id"": 79, ""task_id"": 7}, {""client_id"": 20, ""task_id"": 8}, {""client_id"": 52, ""task_id"": 9}]","[66501990, 66502987, 66503984, 66504981, 66505978, 66506975, 66507972, 66508969, 66509966, 66510963]",1,0
665,FedPhoenixRG-Excess,1,80.4000015258789,10.905545399989933,0.0,"[13, 58, 4, 56, 75, 74, 44, 21, 84, 71]","[{""client_id"": 13, ""task_id"": 0}, {""client_id"": 58, ""task_id"": 1}, {""client_id"": 4, ""task_id"": 2}, {""client_id"": 56, ""task_id"": 3}, {""client_id"": 75, ""task_id"": 4}, {""client_id"": 74, ""task_id"": 5}, {""client_id"": 44, ""task_id"": 6}, {""client_id"": 21, ""task_id"": 7}, {""client_id"": 84, ""task_id"": 8}, {""client_id"": 71, ""task_id"": 9}]","[66601993, 66602990, 66603987, 66604984, 66605981, 66606978, 66607975, 66608972, 66609969, 66610966]",1,0
666,FedPhoenixRG-Excess,1,81.0,9.419804300006945,0.0,"[43, 52, 33, 2, 66, 73, 55, 88, 64, 29]","[{""client_id"": 43, ""task_id"": 0}, {""client_id"": 52, ""task_id"": 1}, {""client_id"": 33, ""task_id"": 2}, {""client_id"": 2, ""task_id"": 3}, {""client_id"": 66, ""task_id"": 4}, {""client_id"": 73, ""task_id"": 5}, {""client_id"": 55, ""task_id"": 6}, {""client_id"": 88, ""task_id"": 7}, {""client_id"": 64, ""task_id"": 8}, {""client_id"": 29, ""task_id"": 9}]","[66701996, 66702993, 66703990, 66704987, 66705984, 66706981, 66707978, 66708975, 66709972, 66710969]",1,0
667,FedPhoenixRG-Excess,1,79.9800033569336,13.46555389999412,0.0,"[36, 21, 65, 13, 83, 18, 51, 23, 8, 33]","[{""client_id"": 36, ""task_id"": 0}, {""client_id"": 21, ""task_id"": 1}, {""client_id"": 65, ""task_id"": 2}, {""client_id"": 13, ""task_id"": 3}, {""client_id"": 83, ""task_id"": 4}, {""client_id"": 18, ""task_id"": 5}, {""client_id"": 51, ""task_id"": 6}, {""client_id"": 23, ""task_id"": 7}, {""client_id"": 8, ""task_id"": 8}, {""client_id"": 33, ""task_id"": 9}]","[66801999, 66802996, 66803993, 66804990, 66805987, 66806984, 66807981, 66808978, 66809975, 66810972]",1,0
668,FedPhoenixRG-Excess,1,76.05999755859375,10.357994200021494,0.0,"[79, 59, 38, 87, 91, 49, 57, 45, 76, 33]","[{""client_id"": 79, ""task_id"": 0}, {""client_id"": 59, ""task_id"": 1}, {""client_id"": 38, ""task_id"": 2}, {""client_id"": 87, ""task_id"": 3}, {""client_id"": 91, ""task_id"": 4}, {""client_id"": 49, ""task_id"": 5}, {""client_id"": 57, ""task_id"": 6}, {""client_id"": 45, ""task_id"": 7}, {""client_id"": 76, ""task_id"": 8}, {""client_id"": 33, ""task_id"": 9}]","[66902002, 66902999, 66903996, 66904993, 66905990, 66906987, 66907984, 66908981, 66909978, 66910975]",1,0
669,FedPhoenixRG-Excess,1,82.51000213623047,11.204911300039385,0.0,"[14, 36, 71, 0, 3, 15, 27, 91, 69, 26]","[{""client_id"": 14, ""task_id"": 0}, {""client_id"": 36, ""task_id"": 1}, {""client_id"": 71, ""task_id"": 2}, {""client_id"": 0, ""task_id"": 3}, {""client_id"": 3, ""task_id"": 4}, {""client_id"": 15, ""task_id"": 5}, {""client_id"": 27, ""task_id"": 6}, {""client_id"": 91, ""task_id"": 7}, {""client_id"": 69, ""task_id"": 8}, {""client_id"": 26, ""task_id"": 9}]","[67002005, 67003002, 67003999, 67004996, 67005993, 67006990, 67007987, 67008984, 67009981, 67010978]",1,0
670,FedPhoenixRG-Excess,1,69.37000274658203,9.872570300009102,0.0,"[89, 92, 69, 36, 41, 88, 48, 98, 21, 73]","[{""client_id"": 89, ""task_id"": 0}, {""client_id"": 92, ""task_id"": 1}, {""client_id"": 69, ""task_id"": 2}, {""client_id"": 36, ""task_id"": 3}, {""client_id"": 41, ""task_id"": 4}, {""client_id"": 88, ""task_id"": 5}, {""client_id"": 48, ""task_id"": 6}, {""client_id"": 98, ""task_id"": 7}, {""client_id"": 21, ""task_id"": 8}, {""client_id"": 73, ""task_id"": 9}]","[67102008, 67103005, 67104002, 67104999, 67105996, 67106993, 67107990, 67108987, 67109984, 67110981]",1,0
671,FedPhoenixRG-Excess,1,72.62000274658203,12.218357900041156,0.0,"[45, 36, 95, 46, 3, 80, 23, 14, 8, 66]","[{""client_id"": 45, ""task_id"": 0}, {""client_id"": 36, ""task_id"": 1}, {""client_id"": 95, ""task_id"": 2}, {""client_id"": 46, ""task_id"": 3}, {""client_id"": 3, ""task_id"": 4}, {""client_id"": 80, ""task_id"": 5}, {""client_id"": 23, ""task_id"": 6}, {""client_id"": 14, ""task_id"": 7}, {""client_id"": 8, ""task_id"": 8}, {""client_id"": 66, ""task_id"": 9}]","[67202011, 67203008, 67204005, 67205002, 67205999, 67206996, 67207993, 67208990, 67209987, 67210984]",1,0
672,FedPhoenixRG-Excess,1,71.9000015258789,9.467200599960051,0.0,"[53, 98, 71, 83, 70, 82, 47, 94, 99, 97]","[{""client_id"": 53, ""task_id"": 0}, {""client_id"": 98, ""task_id"": 1}, {""client_id"": 71, ""task_id"": 2}, {""client_id"": 83, ""task_id"": 3}, {""client_id"": 70, ""task_id"": 4}, {""client_id"": 82, ""task_id"": 5}, {""client_id"": 47, ""task_id"": 6}, {""client_id"": 94, ""task_id"": 7}, {""client_id"": 99, ""task_id"": 8}, {""client_id"": 97, ""task_id"": 9}]","[67302014, 67303011, 67304008, 67305005, 67306002, 67306999, 67307996, 67308993, 67309990, 67310987]",1,0
673,FedPhoenixRG-Excess,1,80.80999755859375,10.031023300020024,0.0,"[54, 8, 35, 73, 91, 97, 87, 79, 33, 49]","[{""client_id"": 54, ""task_id"": 0}, {""client_id"": 8, ""task_id"": 1}, {""client_id"": 35, ""task_id"": 2}, {""client_id"": 73, ""task_id"": 3}, {""client_id"": 91, ""task_id"": 4}, {""client_id"": 97, ""task_id"": 5}, {""client_id"": 87, ""task_id"": 6}, {""client_id"": 79, ""task_id"": 7}, {""client_id"": 33, ""task_id"": 8}, {""client_id"": 49, ""task_id"": 9}]","[67402017, 67403014, 67404011, 67405008, 67406005, 67407002, 67407999, 67408996, 67409993, 67410990]",1,0
674,FedPhoenixRG-Excess,1,77.38999938964844,10.924842899956275,0.0,"[38, 24, 74, 58, 36, 13, 85, 34, 7, 40]","[{""client_id"": 38, ""task_id"": 0}, {""client_id"": 24, ""task_id"": 1}, {""client_id"": 74, ""task_id"": 2}, {""client_id"": 58, ""task_id"": 3}, {""client_id"": 36, ""task_id"": 4}, {""client_id"": 13, ""task_id"": 5}, {""client_id"": 85, ""task_id"": 6}, {""client_id"": 34, ""task_id"": 7}, {""client_id"": 7, ""task_id"": 8}, {""client_id"": 40, ""task_id"": 9}]","[67502020, 67503017, 67504014, 67505011, 67506008, 67507005, 67508002, 67508999, 67509996, 67510993]",1,0
675,FedPhoenixRG-Excess,1,79.58000183105469,9.107928800047375,0.0,"[40, 29, 57, 49, 69, 98, 74, 87, 18, 91]","[{""client_id"": 40, ""task_id"": 0}, {""client_id"": 29, ""task_id"": 1}, {""client_id"": 57, ""task_id"": 2}, {""client_id"": 49, ""task_id"": 3}, {""client_id"": 69, ""task_id"": 4}, {""client_id"": 98, ""task_id"": 5}, {""client_id"": 74, ""task_id"": 6}, {""client_id"": 87, ""task_id"": 7}, {""client_id"": 18, ""task_id"": 8}, {""client_id"": 91, ""task_id"": 9}]","[67602023, 67603020, 67604017, 67605014, 67606011, 67607008, 67608005, 67609002, 67609999, 67610996]",1,0
676,FedPhoenixRG-Excess,1,77.79000091552734,11.9488066000049,0.0,"[33, 3, 19, 15, 47, 70, 16, 84, 80, 85]","[{""client_id"": 33, ""task_id"": 0}, {""client_id"": 3, ""task_id"": 1}, {""client_id"": 19, ""task_id"": 2}, {""client_id"": 15, ""task_id"": 3}, {""client_id"": 47, ""task_id"": 4}, {""client_id"": 70, ""task_id"": 5}, {""client_id"": 16, ""task_id"": 6}, {""client_id"": 84, ""task_id"": 7}, {""client_id"": 80, ""task_id"": 8}, {""client_id"": 85, ""task_id"": 9}]","[67702026, 67703023, 67704020, 67705017, 67706014, 67707011, 67708008, 67709005, 67710002, 67710999]",1,0
677,FedPhoenixRG-Excess,1,78.61000061035156,8.502922000014223,0.0,"[0, 96, 2, 52, 77, 18, 38, 99, 51, 61]","[{""client_id"": 0, ""task_id"": 0}, {""client_id"": 96, ""task_id"": 1}, {""client_id"": 2, ""task_id"": 2}, {""client_id"": 52, ""task_id"": 3}, {""client_id"": 77, ""task_id"": 4}, {""client_id"": 18, ""task_id"": 5}, {""client_id"": 38, ""task_id"": 6}, {""client_id"": 99, ""task_id"": 7}, {""client_id"": 51, ""task_id"": 8}, {""client_id"": 61, ""task_id"": 9}]","[67802029, 67803026, 67804023, 67805020, 67806017, 67807014, 67808011, 67809008, 67810005, 67811002]",1,0
678,FedPhoenixRG-Excess,1,77.0999984741211,9.48032830003649,0.0,"[38, 90, 47, 64, 94, 41, 82, 48, 36, 96]","[{""client_id"": 38, ""task_id"": 0}, {""client_id"": 90, ""task_id"": 1}, {""client_id"": 47, ""task_id"": 2}, {""client_id"": 64, ""task_id"": 3}, {""client_id"": 94, ""task_id"": 4}, {""client_id"": 41, ""task_id"": 5}, {""client_id"": 82, ""task_id"": 6}, {""client_id"": 48, ""task_id"": 7}, {""client_id"": 36, ""task_id"": 8}, {""client_id"": 96, ""task_id"": 9}]","[67902032, 67903029, 67904026, 67905023, 67906020, 67907017, 67908014, 67909011, 67910008, 67911005]",1,0
679,FedPhoenixRG-Excess,1,64.66999816894531,11.841913100040983,0.0,"[85, 22, 12, 65, 36, 61, 21, 98, 34, 15]","[{""client_id"": 85, ""task_id"": 0}, {""client_id"": 22, ""task_id"": 1}, {""client_id"": 12, ""task_id"": 2}, {""client_id"": 65, ""task_id"": 3}, {""client_id"": 36, ""task_id"": 4}, {""client_id"": 61, ""task_id"": 5}, {""client_id"": 21, ""task_id"": 6}, {""client_id"": 98, ""task_id"": 7}, {""client_id"": 34, ""task_id"": 8}, {""client_id"": 15, ""task_id"": 9}]","[68002035, 68003032, 68004029, 68005026, 68006023, 68007020, 68008017, 68009014, 68010011, 68011008]",1,0
680,FedPhoenixRG-Excess,1,71.02999877929688,8.126962599984836,0.0,"[29, 54, 84, 75, 1, 31, 89, 57, 43, 13]","[{""client_id"": 29, ""task_id"": 0}, {""client_id"": 54, ""task_id"": 1}, {""client_id"": 84, ""task_id"": 2}, {""client_id"": 75, ""task_id"": 3}, {""client_id"": 1, ""task_id"": 4}, {""client_id"": 31, ""task_id"": 5}, {""client_id"": 89, ""task_id"": 6}, {""client_id"": 57, ""task_id"": 7}, {""client_id"": 43, ""task_id"": 8}, {""client_id"": 13, ""task_id"": 9}]","[68102038, 68103035, 68104032, 68105029, 68106026, 68107023, 68108020, 68109017, 68110014, 68111011]",1,1
681,FedPhoenixRG-Excess,1,72.72000122070312,10.642248300020583,0.0,"[68, 10, 11, 55, 81, 70, 71, 74, 56, 44]","[{""client_id"": 68, ""task_id"": 0}, {""client_id"": 10, ""task_id"": 1}, {""client_id"": 11, ""task_id"": 2}, {""client_id"": 55, ""task_id"": 3}, {""client_id"": 81, ""task_id"": 4}, {""client_id"": 70, ""task_id"": 5}, {""client_id"": 71, ""task_id"": 6}, {""client_id"": 74, ""task_id"": 7}, {""client_id"": 56, ""task_id"": 8}, {""client_id"": 44, ""task_id"": 9}]","[68202041, 68203038, 68204035, 68205032, 68206029, 68207026, 68208023, 68209020, 68210017, 68211014]",1,0
682,FedPhoenixRG-Excess,1,71.47000122070312,10.785147999995388,0.0,"[60, 25, 15, 70, 10, 61, 95, 3, 0, 24]","[{""client_id"": 60, ""task_id"": 0}, {""client_id"": 25, ""task_id"": 1}, {""client_id"": 15, ""task_id"": 2}, {""client_id"": 70, ""task_id"": 3}, {""client_id"": 10, ""task_id"": 4}, {""client_id"": 61, ""task_id"": 5}, {""client_id"": 95, ""task_id"": 6}, {""client_id"": 3, ""task_id"": 7}, {""client_id"": 0, ""task_id"": 8}, {""client_id"": 24, ""task_id"": 9}]","[68302044, 68303041, 68304038, 68305035, 68306032, 68307029, 68308026, 68309023, 68310020, 68311017]",1,0
683,FedPhoenixRG-Excess,1,80.58000183105469,11.39177909999853,0.0,"[65, 84, 82, 2, 52, 9, 81, 85, 91, 3]","[{""client_id"": 65, ""task_id"": 0}, {""client_id"": 84, ""task_id"": 1}, {""client_id"": 82, ""task_id"": 2}, {""client_id"": 2, ""task_id"": 3}, {""client_id"": 52, ""task_id"": 4}, {""client_id"": 9, ""task_id"": 5}, {""client_id"": 81, ""task_id"": 6}, {""client_id"": 85, ""task_id"": 7}, {""client_id"": 91, ""task_id"": 8}, {""client_id"": 3, ""task_id"": 9}]","[68402047, 68403044, 68404041, 68405038, 68406035, 68407032, 68408029, 68409026, 68410023, 68411020]",1,0
684,FedPhoenixRG-Excess,1,79.02999877929688,10.046715300006326,0.0,"[84, 44, 73, 99, 45, 79, 14, 27, 80, 2]","[{""client_id"": 84, ""task_id"": 0}, {""client_id"": 44, ""task_id"": 1}, {""client_id"": 73, ""task_id"": 2}, {""client_id"": 99, ""task_id"": 3}, {""client_id"": 45, ""task_id"": 4}, {""client_id"": 79, ""task_id"": 5}, {""client_id"": 14, ""task_id"": 6}, {""client_id"": 27, ""task_id"": 7}, {""client_id"": 80, ""task_id"": 8}, {""client_id"": 2, ""task_id"": 9}]","[68502050, 68503047, 68504044, 68505041, 68506038, 68507035, 68508032, 68509029, 68510026, 68511023]",1,0
685,FedPhoenixRG-Excess,1,64.77999877929688,9.449139600037597,0.0,"[37, 14, 27, 86, 92, 24, 17, 1, 31, 9]","[{""client_id"": 37, ""task_id"": 0}, {""client_id"": 14, ""task_id"": 1}, {""client_id"": 27, ""task_id"": 2}, {""client_id"": 86, ""task_id"": 3}, {""client_id"": 92, ""task_id"": 4}, {""client_id"": 24, ""task_id"": 5}, {""client_id"": 17, ""task_id"": 6}, {""client_id"": 1, ""task_id"": 7}, {""client_id"": 31, ""task_id"": 8}, {""client_id"": 9, ""task_id"": 9}]","[68602053, 68603050, 68604047, 68605044, 68606041, 68607038, 68608035, 68609032, 68610029, 68611026]",1,0
686,FedPhoenixRG-Excess,1,78.11000061035156,12.214478000008967,0.0,"[20, 11, 54, 55, 91, 26, 86, 65, 75, 94]","[{""client_id"": 20, ""task_id"": 0}, {""client_id"": 11, ""task_id"": 1}, {""client_id"": 54, ""task_id"": 2}, {""client_id"": 55, ""task_id"": 3}, {""client_id"": 91, ""task_id"": 4}, {""client_id"": 26, ""task_id"": 5}, {""client_id"": 86, ""task_id"": 6}, {""client_id"": 65, ""task_id"": 7}, {""client_id"": 75, ""task_id"": 8}, {""client_id"": 94, ""task_id"": 9}]","[68702056, 68703053, 68704050, 68705047, 68706044, 68707041, 68708038, 68709035, 68710032, 68711029]",1,0
687,FedPhoenixRG-Excess,1,79.5999984741211,9.550233700021636,0.0,"[4, 8, 23, 24, 85, 25, 43, 12, 11, 0]","[{""client_id"": 4, ""task_id"": 0}, {""client_id"": 8, ""task_id"": 1}, {""client_id"": 23, ""task_id"": 2}, {""client_id"": 24, ""task_id"": 3}, {""client_id"": 85, ""task_id"": 4}, {""client_id"": 25, ""task_id"": 5}, {""client_id"": 43, ""task_id"": 6}, {""client_id"": 12, ""task_id"": 7}, {""client_id"": 11, ""task_id"": 8}, {""client_id"": 0, ""task_id"": 9}]","[68802059, 68803056, 68804053, 68805050, 68806047, 68807044, 68808041, 68809038, 68810035, 68811032]",1,0
688,FedPhoenixRG-Excess,1,78.73999786376953,10.905182200018317,0.0,"[70, 37, 27, 29, 30, 21, 8, 7, 23, 26]","[{""client_id"": 70, ""task_id"": 0}, {""client_id"": 37, ""task_id"": 1}, {""client_id"": 27, ""task_id"": 2}, {""client_id"": 29, ""task_id"": 3}, {""client_id"": 30, ""task_id"": 4}, {""client_id"": 21, ""task_id"": 5}, {""client_id"": 8, ""task_id"": 6}, {""client_id"": 7, ""task_id"": 7}, {""client_id"": 23, ""task_id"": 8}, {""client_id"": 26, ""task_id"": 9}]","[68902062, 68903059, 68904056, 68905053, 68906050, 68907047, 68908044, 68909041, 68910038, 68911035]",1,0
689,FedPhoenixRG-Excess,1,77.1500015258789,10.442268299986608,0.0,"[80, 63, 49, 68, 48, 61, 89, 70, 97, 98]","[{""client_id"": 80, ""task_id"": 0}, {""client_id"": 63, ""task_id"": 1}, {""client_id"": 49, ""task_id"": 2}, {""client_id"": 68, ""task_id"": 3}, {""client_id"": 48, ""task_id"": 4}, {""client_id"": 61, ""task_id"": 5}, {""client_id"": 89, ""task_id"": 6}, {""client_id"": 70, ""task_id"": 7}, {""client_id"": 97, ""task_id"": 8}, {""client_id"": 98, ""task_id"": 9}]","[69002065, 69003062, 69004059, 69005056, 69006053, 69007050, 69008047, 69009044, 69010041, 69011038]",1,0
690,FedPhoenixRG-Excess,1,76.55000305175781,10.019936199998483,0.0,"[26, 2, 99, 23, 55, 40, 17, 30, 43, 59]","[{""client_id"": 26, ""task_id"": 0}, {""client_id"": 2, ""task_id"": 1}, {""client_id"": 99, ""task_id"": 2}, {""client_id"": 23, ""task_id"": 3}, {""client_id"": 55, ""task_id"": 4}, {""client_id"": 40, ""task_id"": 5}, {""client_id"": 17, ""task_id"": 6}, {""client_id"": 30, ""task_id"": 7}, {""client_id"": 43, ""task_id"": 8}, {""client_id"": 59, ""task_id"": 9}]","[69102068, 69103065, 69104062, 69105059, 69106056, 69107053, 69108050, 69109047, 69110044, 69111041]",1,0
691,FedPhoenixRG-Excess,1,74.54000091552734,9.130147000018042,0.0,"[5, 60, 13, 84, 29, 34, 3, 64, 21, 25]","[{""client_id"": 5, ""task_id"": 0}, {""client_id"": 60, ""task_id"": 1}, {""client_id"": 13, ""task_id"": 2}, {""client_id"": 84, ""task_id"": 3}, {""client_id"": 29, ""task_id"": 4}, {""client_id"": 34, ""task_id"": 5}, {""client_id"": 3, ""task_id"": 6}, {""client_id"": 64, ""task_id"": 7}, {""client_id"": 21, ""task_id"": 8}, {""client_id"": 25, ""task_id"": 9}]","[69202071, 69203068, 69204065, 69205062, 69206059, 69207056, 69208053, 69209050, 69210047, 69211044]",1,0
692,FedPhoenixRG-Excess,1,66.7300033569336,9.49646599998232,0.0,"[98, 68, 67, 37, 72, 59, 0, 58, 4, 6]","[{""client_id"": 98, ""task_id"": 0}, {""client_id"": 68, ""task_id"": 1}, {""client_id"": 67, ""task_id"": 2}, {""client_id"": 37, ""task_id"": 3}, {""client_id"": 72, ""task_id"": 4}, {""client_id"": 59, ""task_id"": 5}, {""client_id"": 0, ""task_id"": 6}, {""client_id"": 58, ""task_id"": 7}, {""client_id"": 4, ""task_id"": 8}, {""client_id"": 6, ""task_id"": 9}]","[69302074, 69303071, 69304068, 69305065, 69306062, 69307059, 69308056, 69309053, 69310050, 69311047]",1,0
693,FedPhoenixRG-Excess,1,79.69999694824219,9.16435909998836,0.0,"[81, 15, 37, 21, 41, 38, 11, 35, 2, 94]","[{""client_id"": 81, ""task_id"": 0}, {""client_id"": 15, ""task_id"": 1}, {""client_id"": 37, ""task_id"": 2}, {""client_id"": 21, ""task_id"": 3}, {""client_id"": 41, ""task_id"": 4}, {""client_id"": 38, ""task_id"": 5}, {""client_id"": 11, ""task_id"": 6}, {""client_id"": 35, ""task_id"": 7}, {""client_id"": 2, ""task_id"": 8}, {""client_id"": 94, ""task_id"": 9}]","[69402077, 69403074, 69404071, 69405068, 69406065, 69407062, 69408059, 69409056, 69410053, 69411050]",1,0
694,FedPhoenixRG-Excess,1,76.76000213623047,9.71479779999936,0.0,"[42, 6, 81, 53, 12, 9, 45, 17, 50, 5]","[{""client_id"": 42, ""task_id"": 0}, {""client_id"": 6, ""task_id"": 1}, {""client_id"": 81, ""task_id"": 2}, {""client_id"": 53, ""task_id"": 3}, {""client_id"": 12, ""task_id"": 4}, {""client_id"": 9, ""task_id"": 5}, {""client_id"": 45, ""task_id"": 6}, {""client_id"": 17, ""task_id"": 7}, {""client_id"": 50, ""task_id"": 8}, {""client_id"": 5, ""task_id"": 9}]","[69502080, 69503077, 69504074, 69505071, 69506068, 69507065, 69508062, 69509059, 69510056, 69511053]",1,0
695,FedPhoenixRG-Excess,1,78.68000030517578,9.137222499994095,0.0,"[5, 75, 98, 66, 35, 14, 62, 47, 30, 27]","[{""client_id"": 5, ""task_id"": 0}, {""client_id"": 75, ""task_id"": 1}, {""client_id"": 98, ""task_id"": 2}, {""client_id"": 66, ""task_id"": 3}, {""client_id"": 35, ""task_id"": 4}, {""client_id"": 14, ""task_id"": 5}, {""client_id"": 62, ""task_id"": 6}, {""client_id"": 47, ""task_id"": 7}, {""client_id"": 30, ""task_id"": 8}, {""client_id"": 27, ""task_id"": 9}]","[69602083, 69603080, 69604077, 69605074, 69606071, 69607068, 69608065, 69609062, 69610059, 69611056]",1,0
696,FedPhoenixRG-Excess,1,77.81999969482422,11.314122300012968,0.0,"[44, 58, 33, 77, 21, 87, 29, 20, 3, 69]","[{""client_id"": 44, ""task_id"": 0}, {""client_id"": 58, ""task_id"": 1}, {""client_id"": 33, ""task_id"": 2}, {""client_id"": 77, ""task_id"": 3}, {""client_id"": 21, ""task_id"": 4}, {""client_id"": 87, ""task_id"": 5}, {""client_id"": 29, ""task_id"": 6}, {""client_id"": 20, ""task_id"": 7}, {""client_id"": 3, ""task_id"": 8}, {""client_id"": 69, ""task_id"": 9}]","[69702086, 69703083, 69704080, 69705077, 69706074, 69707071, 69708068, 69709065, 69710062, 69711059]",1,0
697,FedPhoenixRG-Excess,1,73.9800033569336,9.394594700017478,0.0,"[27, 66, 11, 62, 46, 38, 91, 57, 28, 63]","[{""client_id"": 27, ""task_id"": 0}, {""client_id"": 66, ""task_id"": 1}, {""client_id"": 11, ""task_id"": 2}, {""client_id"": 62, ""task_id"": 3}, {""client_id"": 46, ""task_id"": 4}, {""client_id"": 38, ""task_id"": 5}, {""client_id"": 91, ""task_id"": 6}, {""client_id"": 57, ""task_id"": 7}, {""client_id"": 28, ""task_id"": 8}, {""client_id"": 63, ""task_id"": 9}]","[69802089, 69803086, 69804083, 69805080, 69806077, 69807074, 69808071, 69809068, 69810065, 69811062]",1,0
698,FedPhoenixRG-Excess,1,81.4000015258789,10.660221399972215,0.0,"[88, 87, 20, 18, 33, 97, 16, 0, 28, 77]","[{""client_id"": 88, ""task_id"": 0}, {""client_id"": 87, ""task_id"": 1}, {""client_id"": 20, ""task_id"": 2}, {""client_id"": 18, ""task_id"": 3}, {""client_id"": 33, ""task_id"": 4}, {""client_id"": 97, ""task_id"": 5}, {""client_id"": 16, ""task_id"": 6}, {""client_id"": 0, ""task_id"": 7}, {""client_id"": 28, ""task_id"": 8}, {""client_id"": 77, ""task_id"": 9}]","[69902092, 69903089, 69904086, 69905083, 69906080, 69907077, 69908074, 69909071, 69910068, 69911065]",1,0
699,FedPhoenixRG-Excess,1,78.72000122070312,11.57671490003122,0.0,"[88, 62, 49, 33, 28, 60, 67, 80, 54, 36]","[{""client_id"": 88, ""task_id"": 0}, {""client_id"": 62, ""task_id"": 1}, {""client_id"": 49, ""task_id"": 2}, {""client_id"": 33, ""task_id"": 3}, {""client_id"": 28, ""task_id"": 4}, {""client_id"": 60, ""task_id"": 5}, {""client_id"": 67, ""task_id"": 6}, {""client_id"": 80, ""task_id"": 7}, {""client_id"": 54, ""task_id"": 8}, {""client_id"": 36, ""task_id"": 9}]","[70002095, 70003092, 70004089, 70005086, 70006083, 70007080, 70008077, 70009074, 70010071, 70011068]",1,0
700,FedPhoenixRG-Excess,1,81.19999694824219,9.49811350001255,0.0,"[0, 74, 86, 14, 71, 85, 1, 46, 38, 28]","[{""client_id"": 0, ""task_id"": 0}, {""client_id"": 74, ""task_id"": 1}, {""client_id"": 86, ""task_id"": 2}, {""client_id"": 14, ""task_id"": 3}, {""client_id"": 71, ""task_id"": 4}, {""client_id"": 85, ""task_id"": 5}, {""client_id"": 1, ""task_id"": 6}, {""client_id"": 46, ""task_id"": 7}, {""client_id"": 38, ""task_id"": 8}, {""client_id"": 28, ""task_id"": 9}]","[70102098, 70103095, 70104092, 70105089, 70106086, 70107083, 70108080, 70109077, 70110074, 70111071]",1,1
701,FedPhoenixRG-Excess,1,77.54000091552734,9.58354690001579,0.0,"[25, 97, 49, 41, 92, 35, 61, 94, 3, 72]","[{""client_id"": 25, ""task_id"": 0}, {""client_id"": 97, ""task_id"": 1}, {""client_id"": 49, ""task_id"": 2}, {""client_id"": 41, ""task_id"": 3}, {""client_id"": 92, ""task_id"": 4}, {""client_id"": 35, ""task_id"": 5}, {""client_id"": 61, ""task_id"": 6}, {""client_id"": 94, ""task_id"": 7}, {""client_id"": 3, ""task_id"": 8}, {""client_id"": 72, ""task_id"": 9}]","[70202101, 70203098, 70204095, 70205092, 70206089, 70207086, 70208083, 70209080, 70210077, 70211074]",1,0
702,FedPhoenixRG-Excess,1,71.23999786376953,8.827395999978762,0.0,"[77, 72, 71, 91, 83, 55, 37, 58, 43, 89]","[{""client_id"": 77, ""task_id"": 0}, {""client_id"": 72, ""task_id"": 1}, {""client_id"": 71, ""task_id"": 2}, {""client_id"": 91, ""task_id"": 3}, {""client_id"": 83, ""task_id"": 4}, {""client_id"": 55, ""task_id"": 5}, {""client_id"": 37, ""task_id"": 6}, {""client_id"": 58, ""task_id"": 7}, {""client_id"": 43, ""task_id"": 8}, {""client_id"": 89, ""task_id"": 9}]","[70302104, 70303101, 70304098, 70305095, 70306092, 70307089, 70308086, 70309083, 70310080, 70311077]",1,0
703,FedPhoenixRG-Excess,1,74.2699966430664,10.62716019997606,0.0,"[22, 25, 64, 70, 63, 35, 58, 78, 99, 95]","[{""client_id"": 22, ""task_id"": 0}, {""client_id"": 25, ""task_id"": 1}, {""client_id"": 64, ""task_id"": 2}, {""client_id"": 70, ""task_id"": 3}, {""client_id"": 63, ""task_id"": 4}, {""client_id"": 35, ""task_id"": 5}, {""client_id"": 58, ""task_id"": 6}, {""client_id"": 78, ""task_id"": 7}, {""client_id"": 99, ""task_id"": 8}, {""client_id"": 95, ""task_id"": 9}]","[70402107, 70403104, 70404101, 70405098, 70406095, 70407092, 70408089, 70409086, 70410083, 70411080]",1,0
704,FedPhoenixRG-Excess,1,81.52999877929688,10.200161700020544,0.0,"[16, 36, 7, 59, 4, 9, 47, 55, 74, 53]","[{""client_id"": 16, ""task_id"": 0}, {""client_id"": 36, ""task_id"": 1}, {""client_id"": 7, ""task_id"": 2}, {""client_id"": 59, ""task_id"": 3}, {""client_id"": 4, ""task_id"": 4}, {""client_id"": 9, ""task_id"": 5}, {""client_id"": 47, ""task_id"": 6}, {""client_id"": 55, ""task_id"": 7}, {""client_id"": 74, ""task_id"": 8}, {""client_id"": 53, ""task_id"": 9}]","[70502110, 70503107, 70504104, 70505101, 70506098, 70507095, 70508092, 70509089, 70510086, 70511083]",1,0
705,FedPhoenixRG-Excess,1,80.58000183105469,9.780946500017308,0.0,"[82, 93, 84, 70, 86, 23, 56, 91, 42, 98]","[{""client_id"": 82, ""task_id"": 0}, {""client_id"": 93, ""task_id"": 1}, {""client_id"": 84, ""task_id"": 2}, {""client_id"": 70, ""task_id"": 3}, {""client_id"": 86, ""task_id"": 4}, {""client_id"": 23, ""task_id"": 5}, {""client_id"": 56, ""task_id"": 6}, {""client_id"": 91, ""task_id"": 7}, {""client_id"": 42, ""task_id"": 8}, {""client_id"": 98, ""task_id"": 9}]","[70602113, 70603110, 70604107, 70605104, 70606101, 70607098, 70608095, 70609092, 70610089, 70611086]",1,0
706,FedPhoenixRG-Excess,1,82.19000244140625,10.292893600009847,0.0,"[88, 70, 29, 7, 22, 49, 91, 64, 39, 36]","[{""client_id"": 88, ""task_id"": 0}, {""client_id"": 70, ""task_id"": 1}, {""client_id"": 29, ""task_id"": 2}, {""client_id"": 7, ""task_id"": 3}, {""client_id"": 22, ""task_id"": 4}, {""client_id"": 49, ""task_id"": 5}, {""client_id"": 91, ""task_id"": 6}, {""client_id"": 64, ""task_id"": 7}, {""client_id"": 39, ""task_id"": 8}, {""client_id"": 36, ""task_id"": 9}]","[70702116, 70703113, 70704110, 70705107, 70706104, 70707101, 70708098, 70709095, 70710092, 70711089]",1,0
707,FedPhoenixRG-Excess,1,81.0999984741211,8.692798800009768,0.0,"[14, 44, 19, 83, 56, 74, 68, 50, 77, 9]","[{""client_id"": 14, ""task_id"": 0}, {""client_id"": 44, ""task_id"": 1}, {""client_id"": 19, ""task_id"": 2}, {""client_id"": 83, ""task_id"": 3}, {""client_id"": 56, ""task_id"": 4}, {""client_id"": 74, ""task_id"": 5}, {""client_id"": 68, ""task_id"": 6}, {""client_id"": 50, ""task_id"": 7}, {""client_id"": 77, ""task_id"": 8}, {""client_id"": 9, ""task_id"": 9}]","[70802119, 70803116, 70804113, 70805110, 70806107, 70807104, 70808101, 70809098, 70810095, 70811092]",1,0
708,FedPhoenixRG-Excess,1,81.38999938964844,7.985934299998917,0.0,"[31, 27, 98, 97, 38, 78, 11, 87, 76, 81]","[{""client_id"": 31, ""task_id"": 0}, {""client_id"": 27, ""task_id"": 1}, {""client_id"": 98, ""task_id"": 2}, {""client_id"": 97, ""task_id"": 3}, {""client_id"": 38, ""task_id"": 4}, {""client_id"": 78, ""task_id"": 5}, {""client_id"": 11, ""task_id"": 6}, {""client_id"": 87, ""task_id"": 7}, {""client_id"": 76, ""task_id"": 8}, {""client_id"": 81, ""task_id"": 9}]","[70902122, 70903119, 70904116, 70905113, 70906110, 70907107, 70908104, 70909101, 70910098, 70911095]",1,0
709,FedPhoenixRG-Excess,1,77.52999877929688,10.466284499969333,0.0,"[90, 88, 61, 75, 57, 74, 93, 30, 12, 17]","[{""client_id"": 90, ""task_id"": 0}, {""client_id"": 88, ""task_id"": 1}, {""client_id"": 61, ""task_id"": 2}, {""client_id"": 75, ""task_id"": 3}, {""client_id"": 57, ""task_id"": 4}, {""client_id"": 74, ""task_id"": 5}, {""client_id"": 93, ""task_id"": 6}, {""client_id"": 30, ""task_id"": 7}, {""client_id"": 12, ""task_id"": 8}, {""client_id"": 17, ""task_id"": 9}]","[71002125, 71003122, 71004119, 71005116, 71006113, 71007110, 71008107, 71009104, 71010101, 71011098]",1,0
710,FedPhoenixRG-Excess,1,80.19999694824219,10.05516119999811,0.0,"[75, 67, 93, 58, 70, 66, 10, 21, 39, 77]","[{""client_id"": 75, ""task_id"": 0}, {""client_id"": 67, ""task_id"": 1}, {""client_id"": 93, ""task_id"": 2}, {""client_id"": 58, ""task_id"": 3}, {""client_id"": 70, ""task_id"": 4}, {""client_id"": 66, ""task_id"": 5}, {""client_id"": 10, ""task_id"": 6}, {""client_id"": 21, ""task_id"": 7}, {""client_id"": 39, ""task_id"": 8}, {""client_id"": 77, ""task_id"": 9}]","[71102128, 71103125, 71104122, 71105119, 71106116, 71107113, 71108110, 71109107, 71110104, 71111101]",1,0
711,FedPhoenixRG-Excess,1,80.69999694824219,9.762134099961258,0.0,"[3, 54, 41, 58, 73, 16, 43, 26, 4, 70]","[{""client_id"": 3, ""task_id"": 0}, {""client_id"": 54, ""task_id"": 1}, {""client_id"": 41, ""task_id"": 2}, {""client_id"": 58, ""task_id"": 3}, {""client_id"": 73, ""task_id"": 4}, {""client_id"": 16, ""task_id"": 5}, {""client_id"": 43, ""task_id"": 6}, {""client_id"": 26, ""task_id"": 7}, {""client_id"": 4, ""task_id"": 8}, {""client_id"": 70, ""task_id"": 9}]","[71202131, 71203128, 71204125, 71205122, 71206119, 71207116, 71208113, 71209110, 71210107, 71211104]",1,0
712,FedPhoenixRG-Excess,1,70.93000030517578,11.903633699985221,0.0,"[90, 95, 30, 85, 73, 6, 87, 86, 25, 65]","[{""client_id"": 90, ""task_id"": 0}, {""client_id"": 95, ""task_id"": 1}, {""client_id"": 30, ""task_id"": 2}, {""client_id"": 85, ""task_id"": 3}, {""client_id"": 73, ""task_id"": 4}, {""client_id"": 6, ""task_id"": 5}, {""client_id"": 87, ""task_id"": 6}, {""client_id"": 86, ""task_id"": 7}, {""client_id"": 25, ""task_id"": 8}, {""client_id"": 65, ""task_id"": 9}]","[71302134, 71303131, 71304128, 71305125, 71306122, 71307119, 71308116, 71309113, 71310110, 71311107]",1,0
713,FedPhoenixRG-Excess,1,80.9800033569336,10.434071300027426,0.0,"[25, 0, 63, 65, 35, 91, 72, 27, 95, 83]","[{""client_id"": 25, ""task_id"": 0}, {""client_id"": 0, ""task_id"": 1}, {""client_id"": 63, ""task_id"": 2}, {""client_id"": 65, ""task_id"": 3}, {""client_id"": 35, ""task_id"": 4}, {""client_id"": 91, ""task_id"": 5}, {""client_id"": 72, ""task_id"": 6}, {""client_id"": 27, ""task_id"": 7}, {""client_id"": 95, ""task_id"": 8}, {""client_id"": 83, ""task_id"": 9}]","[71402137, 71403134, 71404131, 71405128, 71406125, 71407122, 71408119, 71409116, 71410113, 71411110]",1,0
714,FedPhoenixRG-Excess,1,75.83000183105469,9.762982800020836,0.0,"[98, 10, 6, 2, 17, 93, 9, 41, 72, 3]","[{""client_id"": 98, ""task_id"": 0}, {""client_id"": 10, ""task_id"": 1}, {""client_id"": 6, ""task_id"": 2}, {""client_id"": 2, ""task_id"": 3}, {""client_id"": 17, ""task_id"": 4}, {""client_id"": 93, ""task_id"": 5}, {""client_id"": 9, ""task_id"": 6}, {""client_id"": 41, ""task_id"": 7}, {""client_id"": 72, ""task_id"": 8}, {""client_id"": 3, ""task_id"": 9}]","[71502140, 71503137, 71504134, 71505131, 71506128, 71507125, 71508122, 71509119, 71510116, 71511113]",1,0
715,FedPhoenixRG-Excess,1,78.11000061035156,9.225733399973251,0.0,"[48, 89, 52, 35, 22, 27, 55, 50, 44, 85]","[{""client_id"": 48, ""task_id"": 0}, {""client_id"": 89, ""task_id"": 1}, {""client_id"": 52, ""task_id"": 2}, {""client_id"": 35, ""task_id"": 3}, {""client_id"": 22, ""task_id"": 4}, {""client_id"": 27, ""task_id"": 5}, {""client_id"": 55, ""task_id"": 6}, {""client_id"": 50, ""task_id"": 7}, {""client_id"": 44, ""task_id"": 8}, {""client_id"": 85, ""task_id"": 9}]","[71602143, 71603140, 71604137, 71605134, 71606131, 71607128, 71608125, 71609122, 71610119, 71611116]",1,0
716,FedPhoenixRG-Excess,1,80.47000122070312,9.264480100013316,0.0,"[16, 5, 45, 69, 78, 46, 90, 66, 61, 10]","[{""client_id"": 16, ""task_id"": 0}, {""client_id"": 5, ""task_id"": 1}, {""client_id"": 45, ""task_id"": 2}, {""client_id"": 69, ""task_id"": 3}, {""client_id"": 78, ""task_id"": 4}, {""client_id"": 46, ""task_id"": 5}, {""client_id"": 90, ""task_id"": 6}, {""client_id"": 66, ""task_id"": 7}, {""client_id"": 61, ""task_id"": 8}, {""client_id"": 10, ""task_id"": 9}]","[71702146, 71703143, 71704140, 71705137, 71706134, 71707131, 71708128, 71709125, 71710122, 71711119]",1,0
717,FedPhoenixRG-Excess,1,77.52999877929688,9.368440099991858,0.0,"[77, 63, 18, 4, 91, 15, 21, 33, 99, 92]","[{""client_id"": 77, ""task_id"": 0}, {""client_id"": 63, ""task_id"": 1}, {""client_id"": 18, ""task_id"": 2}, {""client_id"": 4, ""task_id"": 3}, {""client_id"": 91, ""task_id"": 4}, {""client_id"": 15, ""task_id"": 5}, {""client_id"": 21, ""task_id"": 6}, {""client_id"": 33, ""task_id"": 7}, {""client_id"": 99, ""task_id"": 8}, {""client_id"": 92, ""task_id"": 9}]","[71802149, 71803146, 71804143, 71805140, 71806137, 71807134, 71808131, 71809128, 71810125, 71811122]",1,0
718,FedPhoenixRG-Excess,1,75.33000183105469,11.4254047999857,0.0,"[65, 37, 58, 85, 77, 35, 31, 99, 14, 83]","[{""client_id"": 65, ""task_id"": 0}, {""client_id"": 37, ""task_id"": 1}, {""client_id"": 58, ""task_id"": 2}, {""client_id"": 85, ""task_id"": 3}, {""client_id"": 77, ""task_id"": 4}, {""client_id"": 35, ""task_id"": 5}, {""client_id"": 31, ""task_id"": 6}, {""client_id"": 99, ""task_id"": 7}, {""client_id"": 14, ""task_id"": 8}, {""client_id"": 83, ""task_id"": 9}]","[71902152, 71903149, 71904146, 71905143, 71906140, 71907137, 71908134, 71909131, 71910128, 71911125]",1,0
719,FedPhoenixRG-Excess,1,80.68000030517578,9.71371999999974,0.0,"[25, 62, 18, 35, 12, 16, 51, 37, 5, 88]","[{""client_id"": 25, ""task_id"": 0}, {""client_id"": 62, ""task_id"": 1}, {""client_id"": 18, ""task_id"": 2}, {""client_id"": 35, ""task_id"": 3}, {""client_id"": 12, ""task_id"": 4}, {""client_id"": 16, ""task_id"": 5}, {""client_id"": 51, ""task_id"": 6}, {""client_id"": 37, ""task_id"": 7}, {""client_id"": 5, ""task_id"": 8}, {""client_id"": 88, ""task_id"": 9}]","[72002155, 72003152, 72004149, 72005146, 72006143, 72007140, 72008137, 72009134, 72010131, 72011128]",1,0
720,FedPhoenixRG-Excess,1,76.55000305175781,11.523940000042785,0.0,"[33, 49, 87, 85, 34, 79, 45, 26, 58, 82]","[{""client_id"": 33, ""task_id"": 0}, {""client_id"": 49, ""task_id"": 1}, {""client_id"": 87, ""task_id"": 2}, {""client_id"": 85, ""task_id"": 3}, {""client_id"": 34, ""task_id"": 4}, {""client_id"": 79, ""task_id"": 5}, {""client_id"": 45, ""task_id"": 6}, {""client_id"": 26, ""task_id"": 7}, {""client_id"": 58, ""task_id"": 8}, {""client_id"": 82, ""task_id"": 9}]","[72102158, 72103155, 72104152, 72105149, 72106146, 72107143, 72108140, 72109137, 72110134, 72111131]",1,1
721,FedPhoenixRG-Excess,1,78.0999984741211,11.325705499970354,0.0,"[90, 51, 26, 20, 37, 65, 78, 35, 48, 54]","[{""client_id"": 90, ""task_id"": 0}, {""client_id"": 51, ""task_id"": 1}, {""client_id"": 26, ""task_id"": 2}, {""client_id"": 20, ""task_id"": 3}, {""client_id"": 37, ""task_id"": 4}, {""client_id"": 65, ""task_id"": 5}, {""client_id"": 78, ""task_id"": 6}, {""client_id"": 35, ""task_id"": 7}, {""client_id"": 48, ""task_id"": 8}, {""client_id"": 54, ""task_id"": 9}]","[72202161, 72203158, 72204155, 72205152, 72206149, 72207146, 72208143, 72209140, 72210137, 72211134]",1,0
722,FedPhoenixRG-Excess,1,69.87000274658203,10.196490800008178,0.0,"[56, 42, 19, 30, 97, 7, 57, 83, 47, 69]","[{""client_id"": 56, ""task_id"": 0}, {""client_id"": 42, ""task_id"": 1}, {""client_id"": 19, ""task_id"": 2}, {""client_id"": 30, ""task_id"": 3}, {""client_id"": 97, ""task_id"": 4}, {""client_id"": 7, ""task_id"": 5}, {""client_id"": 57, ""task_id"": 6}, {""client_id"": 83, ""task_id"": 7}, {""client_id"": 47, ""task_id"": 8}, {""client_id"": 69, ""task_id"": 9}]","[72302164, 72303161, 72304158, 72305155, 72306152, 72307149, 72308146, 72309143, 72310140, 72311137]",1,0
723,FedPhoenixRG-Excess,1,79.43000030517578,10.006255500018597,0.0,"[30, 75, 48, 84, 49, 40, 67, 33, 64, 39]","[{""client_id"": 30, ""task_id"": 0}, {""client_id"": 75, ""task_id"": 1}, {""client_id"": 48, ""task_id"": 2}, {""client_id"": 84, ""task_id"": 3}, {""client_id"": 49, ""task_id"": 4}, {""client_id"": 40, ""task_id"": 5}, {""client_id"": 67, ""task_id"": 6}, {""client_id"": 33, ""task_id"": 7}, {""client_id"": 64, ""task_id"": 8}, {""client_id"": 39, ""task_id"": 9}]","[72402167, 72403164, 72404161, 72405158, 72406155, 72407152, 72408149, 72409146, 72410143, 72411140]",1,0
724,FedPhoenixRG-Excess,1,77.66000366210938,8.200732199999038,0.0,"[28, 77, 64, 82, 26, 8, 89, 94, 59, 54]","[{""client_id"": 28, ""task_id"": 0}, {""client_id"": 77, ""task_id"": 1}, {""client_id"": 64, ""task_id"": 2}, {""client_id"": 82, ""task_id"": 3}, {""client_id"": 26, ""task_id"": 4}, {""client_id"": 8, ""task_id"": 5}, {""client_id"": 89, ""task_id"": 6}, {""client_id"": 94, ""task_id"": 7}, {""client_id"": 59, ""task_id"": 8}, {""client_id"": 54, ""task_id"": 9}]","[72502170, 72503167, 72504164, 72505161, 72506158, 72507155, 72508152, 72509149, 72510146, 72511143]",1,0
725,FedPhoenixRG-Excess,1,73.0999984741211,10.637628099997528,0.0,"[19, 73, 85, 79, 70, 38, 78, 58, 0, 40]","[{""client_id"": 19, ""task_id"": 0}, {""client_id"": 73, ""task_id"": 1}, {""client_id"": 85, ""task_id"": 2}, {""client_id"": 79, ""task_id"": 3}, {""client_id"": 70, ""task_id"": 4}, {""client_id"": 38, ""task_id"": 5}, {""client_id"": 78, ""task_id"": 6}, {""client_id"": 58, ""task_id"": 7}, {""client_id"": 0, ""task_id"": 8}, {""client_id"": 40, ""task_id"": 9}]","[72602173, 72603170, 72604167, 72605164, 72606161, 72607158, 72608155, 72609152, 72610149, 72611146]",1,0
726,FedPhoenixRG-Excess,1,74.05000305175781,10.148102499952074,0.0,"[62, 15, 99, 34, 81, 13, 73, 21, 45, 57]","[{""client_id"": 62, ""task_id"": 0}, {""client_id"": 15, ""task_id"": 1}, {""client_id"": 99, ""task_id"": 2}, {""client_id"": 34, ""task_id"": 3}, {""client_id"": 81, ""task_id"": 4}, {""client_id"": 13, ""task_id"": 5}, {""client_id"": 73, ""task_id"": 6}, {""client_id"": 21, ""task_id"": 7}, {""client_id"": 45, ""task_id"": 8}, {""client_id"": 57, ""task_id"": 9}]","[72702176, 72703173, 72704170, 72705167, 72706164, 72707161, 72708158, 72709155, 72710152, 72711149]",1,0
727,FedPhoenixRG-Excess,1,79.95999908447266,9.978330299956724,0.0,"[64, 53, 8, 52, 50, 11, 14, 81, 80, 90]","[{""client_id"": 64, ""task_id"": 0}, {""client_id"": 53, ""task_id"": 1}, {""client_id"": 8, ""task_id"": 2}, {""client_id"": 52, ""task_id"": 3}, {""client_id"": 50, ""task_id"": 4}, {""client_id"": 11, ""task_id"": 5}, {""client_id"": 14, ""task_id"": 6}, {""client_id"": 81, ""task_id"": 7}, {""client_id"": 80, ""task_id"": 8}, {""client_id"": 90, ""task_id"": 9}]","[72802179, 72803176, 72804173, 72805170, 72806167, 72807164, 72808161, 72809158, 72810155, 72811152]",1,0
728,FedPhoenixRG-Excess,1,80.02999877929688,9.598326100036502,0.0,"[39, 79, 75, 56, 97, 88, 53, 60, 9, 20]","[{""client_id"": 39, ""task_id"": 0}, {""client_id"": 79, ""task_id"": 1}, {""client_id"": 75, ""task_id"": 2}, {""client_id"": 56, ""task_id"": 3}, {""client_id"": 97, ""task_id"": 4}, {""client_id"": 88, ""task_id"": 5}, {""client_id"": 53, ""task_id"": 6}, {""client_id"": 60, ""task_id"": 7}, {""client_id"": 9, ""task_id"": 8}, {""client_id"": 20, ""task_id"": 9}]","[72902182, 72903179, 72904176, 72905173, 72906170, 72907167, 72908164, 72909161, 72910158, 72911155]",1,0
729,FedPhoenixRG-Excess,1,78.76000213623047,10.928631200047676,0.0,"[0, 74, 95, 17, 20, 4, 26, 3, 79, 86]","[{""client_id"": 0, ""task_id"": 0}, {""client_id"": 74, ""task_id"": 1}, {""client_id"": 95, ""task_id"": 2}, {""client_id"": 17, ""task_id"": 3}, {""client_id"": 20, ""task_id"": 4}, {""client_id"": 4, ""task_id"": 5}, {""client_id"": 26, ""task_id"": 6}, {""client_id"": 3, ""task_id"": 7}, {""client_id"": 79, ""task_id"": 8}, {""client_id"": 86, ""task_id"": 9}]","[73002185, 73003182, 73004179, 73005176, 73006173, 73007170, 73008167, 73009164, 73010161, 73011158]",1,0
730,FedPhoenixRG-Excess,1,80.68000030517578,10.186898600019049,0.0,"[82, 28, 18, 11, 78, 94, 27, 66, 60, 52]","[{""client_id"": 82, ""task_id"": 0}, {""client_id"": 28, ""task_id"": 1}, {""client_id"": 18, ""task_id"": 2}, {""client_id"": 11, ""task_id"": 3}, {""client_id"": 78, ""task_id"": 4}, {""client_id"": 94, ""task_id"": 5}, {""client_id"": 27, ""task_id"": 6}, {""client_id"": 66, ""task_id"": 7}, {""client_id"": 60, ""task_id"": 8}, {""client_id"": 52, ""task_id"": 9}]","[73102188, 73103185, 73104182, 73105179, 73106176, 73107173, 73108170, 73109167, 73110164, 73111161]",1,0
731,FedPhoenixRG-Excess,1,78.0999984741211,8.684666300017852,0.0,"[38, 68, 9, 61, 10, 31, 67, 63, 36, 43]","[{""client_id"": 38, ""task_id"": 0}, {""client_id"": 68, ""task_id"": 1}, {""client_id"": 9, ""task_id"": 2}, {""client_id"": 61, ""task_id"": 3}, {""client_id"": 10, ""task_id"": 4}, {""client_id"": 31, ""task_id"": 5}, {""client_id"": 67, ""task_id"": 6}, {""client_id"": 63, ""task_id"": 7}, {""client_id"": 36, ""task_id"": 8}, {""client_id"": 43, ""task_id"": 9}]","[73202191, 73203188, 73204185, 73205182, 73206179, 73207176, 73208173, 73209170, 73210167, 73211164]",1,0
732,FedPhoenixRG-Excess,1,76.22000122070312,9.307920199993532,0.0,"[42, 59, 37, 10, 74, 24, 55, 18, 25, 22]","[{""client_id"": 42, ""task_id"": 0}, {""client_id"": 59, ""task_id"": 1}, {""client_id"": 37, ""task_id"": 2}, {""client_id"": 10, ""task_id"": 3}, {""client_id"": 74, ""task_id"": 4}, {""client_id"": 24, ""task_id"": 5}, {""client_id"": 55, ""task_id"": 6}, {""client_id"": 18, ""task_id"": 7}, {""client_id"": 25, ""task_id"": 8}, {""client_id"": 22, ""task_id"": 9}]","[73302194, 73303191, 73304188, 73305185, 73306182, 73307179, 73308176, 73309173, 73310170, 73311167]",1,0
733,FedPhoenixRG-Excess,1,73.94000244140625,9.24650660000043,0.0,"[78, 45, 48, 32, 30, 17, 42, 6, 74, 53]","[{""client_id"": 78, ""task_id"": 0}, {""client_id"": 45, ""task_id"": 1}, {""client_id"": 48, ""task_id"": 2}, {""client_id"": 32, ""task_id"": 3}, {""client_id"": 30, ""task_id"": 4}, {""client_id"": 17, ""task_id"": 5}, {""client_id"": 42, ""task_id"": 6}, {""client_id"": 6, ""task_id"": 7}, {""client_id"": 74, ""task_id"": 8}, {""client_id"": 53, ""task_id"": 9}]","[73402197, 73403194, 73404191, 73405188, 73406185, 73407182, 73408179, 73409176, 73410173, 73411170]",1,0
734,FedPhoenixRG-Excess,1,78.47000122070312,11.913589699950535,0.0,"[7, 89, 17, 4, 79, 44, 0, 81, 83, 6]","[{""client_id"": 7, ""task_id"": 0}, {""client_id"": 89, ""task_id"": 1}, {""client_id"": 17, ""task_id"": 2}, {""client_id"": 4, ""task_id"": 3}, {""client_id"": 79, ""task_id"": 4}, {""client_id"": 44, ""task_id"": 5}, {""client_id"": 0, ""task_id"": 6}, {""client_id"": 81, ""task_id"": 7}, {""client_id"": 83, ""task_id"": 8}, {""client_id"": 6, ""task_id"": 9}]","[73502200, 73503197, 73504194, 73505191, 73506188, 73507185, 73508182, 73509179, 73510176, 73511173]",1,0
735,FedPhoenixRG-Excess,1,78.12999725341797,10.200202300038654,0.0,"[41, 2, 45, 94, 7, 6, 59, 33, 31, 92]","[{""client_id"": 41, ""task_id"": 0}, {""client_id"": 2, ""task_id"": 1}, {""client_id"": 45, ""task_id"": 2}, {""client_id"": 94, ""task_id"": 3}, {""client_id"": 7, ""task_id"": 4}, {""client_id"": 6, ""task_id"": 5}, {""client_id"": 59, ""task_id"": 6}, {""client_id"": 33, ""task_id"": 7}, {""client_id"": 31, ""task_id"": 8}, {""client_id"": 92, ""task_id"": 9}]","[73602203, 73603200, 73604197, 73605194, 73606191, 73607188, 73608185, 73609182, 73610179, 73611176]",1,0
736,FedPhoenixRG-Excess,1,73.5,8.896741199947428,0.0,"[48, 31, 40, 41, 5, 77, 67, 56, 24, 57]","[{""client_id"": 48, ""task_id"": 0}, {""client_id"": 31, ""task_id"": 1}, {""client_id"": 40, ""task_id"": 2}, {""client_id"": 41, ""task_id"": 3}, {""client_id"": 5, ""task_id"": 4}, {""client_id"": 77, ""task_id"": 5}, {""client_id"": 67, ""task_id"": 6}, {""client_id"": 56, ""task_id"": 7}, {""client_id"": 24, ""task_id"": 8}, {""client_id"": 57, ""task_id"": 9}]","[73702206, 73703203, 73704200, 73705197, 73706194, 73707191, 73708188, 73709185, 73710182, 73711179]",1,0
737,FedPhoenixRG-Excess,1,76.41000366210938,9.648913400014862,0.0,"[12, 97, 2, 38, 71, 5, 51, 70, 7, 73]","[{""client_id"": 12, ""task_id"": 0}, {""client_id"": 97, ""task_id"": 1}, {""client_id"": 2, ""task_id"": 2}, {""client_id"": 38, ""task_id"": 3}, {""client_id"": 71, ""task_id"": 4}, {""client_id"": 5, ""task_id"": 5}, {""client_id"": 51, ""task_id"": 6}, {""client_id"": 70, ""task_id"": 7}, {""client_id"": 7, ""task_id"": 8}, {""client_id"": 73, ""task_id"": 9}]","[73802209, 73803206, 73804203, 73805200, 73806197, 73807194, 73808191, 73809188, 73810185, 73811182]",1,0
738,FedPhoenixRG-Excess,1,76.54000091552734,8.03021749999607,0.0,"[50, 35, 67, 5, 48, 42, 75, 2, 27, 68]","[{""client_id"": 50, ""task_id"": 0}, {""client_id"": 35, ""task_id"": 1}, {""client_id"": 67, ""task_id"": 2}, {""client_id"": 5, ""task_id"": 3}, {""client_id"": 48, ""task_id"": 4}, {""client_id"": 42, ""task_id"": 5}, {""client_id"": 75, ""task_id"": 6}, {""client_id"": 2, ""task_id"": 7}, {""client_id"": 27, ""task_id"": 8}, {""client_id"": 68, ""task_id"": 9}]","[73902212, 73903209, 73904206, 73905203, 73906200, 73907197, 73908194, 73909191, 73910188, 73911185]",1,0
739,FedPhoenixRG-Excess,1,82.12000274658203,8.652171900030226,0.0,"[39, 29, 93, 7, 63, 77, 43, 42, 45, 37]","[{""client_id"": 39, ""task_id"": 0}, {""client_id"": 29, ""task_id"": 1}, {""client_id"": 93, ""task_id"": 2}, {""client_id"": 7, ""task_id"": 3}, {""client_id"": 63, ""task_id"": 4}, {""client_id"": 77, ""task_id"": 5}, {""client_id"": 43, ""task_id"": 6}, {""client_id"": 42, ""task_id"": 7}, {""client_id"": 45, ""task_id"": 8}, {""client_id"": 37, ""task_id"": 9}]","[74002215, 74003212, 74004209, 74005206, 74006203, 74007200, 74008197, 74009194, 74010191, 74011188]",1,0
740,FedPhoenixRG-Excess,1,63.650001525878906,8.98878070001956,0.0,"[37, 8, 54, 46, 22, 48, 59, 10, 40, 56]","[{""client_id"": 37, ""task_id"": 0}, {""client_id"": 8, ""task_id"": 1}, {""client_id"": 54, ""task_id"": 2}, {""client_id"": 46, ""task_id"": 3}, {""client_id"": 22, ""task_id"": 4}, {""client_id"": 48, ""task_id"": 5}, {""client_id"": 59, ""task_id"": 6}, {""client_id"": 10, ""task_id"": 7}, {""client_id"": 40, ""task_id"": 8}, {""client_id"": 56, ""task_id"": 9}]","[74102218, 74103215, 74104212, 74105209, 74106206, 74107203, 74108200, 74109197, 74110194, 74111191]",1,1
741,FedPhoenixRG-Excess,1,73.1500015258789,10.895043500000611,0.0,"[65, 60, 78, 11, 88, 69, 32, 40, 22, 45]","[{""client_id"": 65, ""task_id"": 0}, {""client_id"": 60, ""task_id"": 1}, {""client_id"": 78, ""task_id"": 2}, {""client_id"": 11, ""task_id"": 3}, {""client_id"": 88, ""task_id"": 4}, {""client_id"": 69, ""task_id"": 5}, {""client_id"": 32, ""task_id"": 6}, {""client_id"": 40, ""task_id"": 7}, {""client_id"": 22, ""task_id"": 8}, {""client_id"": 45, ""task_id"": 9}]","[74202221, 74203218, 74204215, 74205212, 74206209, 74207206, 74208203, 74209200, 74210197, 74211194]",1,0
742,FedPhoenixRG-Excess,1,65.55999755859375,9.481498400040437,0.0,"[32, 19, 39, 99, 92, 82, 78, 81, 70, 84]","[{""client_id"": 32, ""task_id"": 0}, {""client_id"": 19, ""task_id"": 1}, {""client_id"": 39, ""task_id"": 2}, {""client_id"": 99, ""task_id"": 3}, {""client_id"": 92, ""task_id"": 4}, {""client_id"": 82, ""task_id"": 5}, {""client_id"": 78, ""task_id"": 6}, {""client_id"": 81, ""task_id"": 7}, {""client_id"": 70, ""task_id"": 8}, {""client_id"": 84, ""task_id"": 9}]","[74302224, 74303221, 74304218, 74305215, 74306212, 74307209, 74308206, 74309203, 74310200, 74311197]",1,0
743,FedPhoenixRG-Excess,1,74.0199966430664,11.035815300012473,0.0,"[39, 94, 25, 87, 26, 88, 0, 78, 65, 54]","[{""client_id"": 39, ""task_id"": 0}, {""client_id"": 94, ""task_id"": 1}, {""client_id"": 25, ""task_id"": 2}, {""client_id"": 87, ""task_id"": 3}, {""client_id"": 26, ""task_id"": 4}, {""client_id"": 88, ""task_id"": 5}, {""client_id"": 0, ""task_id"": 6}, {""client_id"": 78, ""task_id"": 7}, {""client_id"": 65, ""task_id"": 8}, {""client_id"": 54, ""task_id"": 9}]","[74402227, 74403224, 74404221, 74405218, 74406215, 74407212, 74408209, 74409206, 74410203, 74411200]",1,0
744,FedPhoenixRG-Excess,1,82.62000274658203,10.509203699999489,0.0,"[97, 93, 69, 19, 36, 45, 21, 0, 15, 22]","[{""client_id"": 97, ""task_id"": 0}, {""client_id"": 93, ""task_id"": 1}, {""client_id"": 69, ""task_id"": 2}, {""client_id"": 19, ""task_id"": 3}, {""client_id"": 36, ""task_id"": 4}, {""client_id"": 45, ""task_id"": 5}, {""client_id"": 21, ""task_id"": 6}, {""client_id"": 0, ""task_id"": 7}, {""client_id"": 15, ""task_id"": 8}, {""client_id"": 22, ""task_id"": 9}]","[74502230, 74503227, 74504224, 74505221, 74506218, 74507215, 74508212, 74509209, 74510206, 74511203]",1,0
745,FedPhoenixRG-Excess,1,80.18000030517578,11.75914040004136,0.0,"[82, 23, 33, 70, 45, 53, 20, 50, 9, 47]","[{""client_id"": 82, ""task_id"": 0}, {""client_id"": 23, ""task_id"": 1}, {""client_id"": 33, ""task_id"": 2}, {""client_id"": 70, ""task_id"": 3}, {""client_id"": 45, ""task_id"": 4}, {""client_id"": 53, ""task_id"": 5}, {""client_id"": 20, ""task_id"": 6}, {""client_id"": 50, ""task_id"": 7}, {""client_id"": 9, ""task_id"": 8}, {""client_id"": 47, ""task_id"": 9}]","[74602233, 74603230, 74604227, 74605224, 74606221, 74607218, 74608215, 74609212, 74610209, 74611206]",1,0
746,FedPhoenixRG-Excess,1,74.37000274658203,9.062468099989928,0.0,"[25, 83, 48, 64, 8, 13, 53, 19, 0, 17]","[{""client_id"": 25, ""task_id"": 0}, {""client_id"": 83, ""task_id"": 1}, {""client_id"": 48, ""task_id"": 2}, {""client_id"": 64, ""task_id"": 3}, {""client_id"": 8, ""task_id"": 4}, {""client_id"": 13, ""task_id"": 5}, {""client_id"": 53, ""task_id"": 6}, {""client_id"": 19, ""task_id"": 7}, {""client_id"": 0, ""task_id"": 8}, {""client_id"": 17, ""task_id"": 9}]","[74702236, 74703233, 74704230, 74705227, 74706224, 74707221, 74708218, 74709215, 74710212, 74711209]",1,0
747,FedPhoenixRG-Excess,1,78.2699966430664,10.290595899976324,0.0,"[49, 59, 53, 66, 82, 0, 73, 93, 61, 19]","[{""client_id"": 49, ""task_id"": 0}, {""client_id"": 59, ""task_id"": 1}, {""client_id"": 53, ""task_id"": 2}, {""client_id"": 66, ""task_id"": 3}, {""client_id"": 82, ""task_id"": 4}, {""client_id"": 0, ""task_id"": 5}, {""client_id"": 73, ""task_id"": 6}, {""client_id"": 93, ""task_id"": 7}, {""client_id"": 61, ""task_id"": 8}, {""client_id"": 19, ""task_id"": 9}]","[74802239, 74803236, 74804233, 74805230, 74806227, 74807224, 74808221, 74809218, 74810215, 74811212]",1,0
748,FedPhoenixRG-Excess,1,77.01000213623047,7.20180400001118,0.0,"[88, 38, 53, 45, 0, 89, 1, 83, 94, 92]","[{""client_id"": 88, ""task_id"": 0}, {""client_id"": 38, ""task_id"": 1}, {""client_id"": 53, ""task_id"": 2}, {""client_id"": 45, ""task_id"": 3}, {""client_id"": 0, ""task_id"": 4}, {""client_id"": 89, ""task_id"": 5}, {""client_id"": 1, ""task_id"": 6}, {""client_id"": 83, ""task_id"": 7}, {""client_id"": 94, ""task_id"": 8}, {""client_id"": 92, ""task_id"": 9}]","[74902242, 74903239, 74904236, 74905233, 74906230, 74907227, 74908224, 74909221, 74910218, 74911215]",1,0
749,FedPhoenixRG-Excess,1,79.18000030517578,10.543776600039564,0.0,"[13, 16, 19, 41, 49, 94, 34, 10, 36, 89]","[{""client_id"": 13, ""task_id"": 0}, {""client_id"": 16, ""task_id"": 1}, {""client_id"": 19, ""task_id"": 2}, {""client_id"": 41, ""task_id"": 3}, {""client_id"": 49, ""task_id"": 4}, {""client_id"": 94, ""task_id"": 5}, {""client_id"": 34, ""task_id"": 6}, {""client_id"": 10, ""task_id"": 7}, {""client_id"": 36, ""task_id"": 8}, {""client_id"": 89, ""task_id"": 9}]","[75002245, 75003242, 75004239, 75005236, 75006233, 75007230, 75008227, 75009224, 75010221, 75011218]",1,0
750,FedPhoenixRG-Excess,1,79.66000366210938,10.180959000019357,0.0,"[22, 61, 87, 34, 20, 94, 16, 55, 82, 1]","[{""client_id"": 22, ""task_id"": 0}, {""client_id"": 61, ""task_id"": 1}, {""client_id"": 87, ""task_id"": 2}, {""client_id"": 34, ""task_id"": 3}, {""client_id"": 20, ""task_id"": 4}, {""client_id"": 94, ""task_id"": 5}, {""client_id"": 16, ""task_id"": 6}, {""client_id"": 55, ""task_id"": 7}, {""client_id"": 82, ""task_id"": 8}, {""client_id"": 1, ""task_id"": 9}]","[75102248, 75103245, 75104242, 75105239, 75106236, 75107233, 75108230, 75109227, 75110224, 75111221]",1,0
751,FedPhoenixRG-Excess,1,80.51000213623047,11.321173100033775,0.0,"[60, 23, 8, 2, 86, 76, 57, 73, 20, 48]","[{""client_id"": 60, ""task_id"": 0}, {""client_id"": 23, ""task_id"": 1}, {""client_id"": 8, ""task_id"": 2}, {""client_id"": 2, ""task_id"": 3}, {""client_id"": 86, ""task_id"": 4}, {""client_id"": 76, ""task_id"": 5}, {""client_id"": 57, ""task_id"": 6}, {""client_id"": 73, ""task_id"": 7}, {""client_id"": 20, ""task_id"": 8}, {""client_id"": 48, ""task_id"": 9}]","[75202251, 75203248, 75204245, 75205242, 75206239, 75207236, 75208233, 75209230, 75210227, 75211224]",1,0
752,FedPhoenixRG-Excess,1,73.41999816894531,9.35180110001238,0.0,"[47, 93, 80, 0, 43, 24, 32, 82, 83, 13]","[{""client_id"": 47, ""task_id"": 0}, {""client_id"": 93, ""task_id"": 1}, {""client_id"": 80, ""task_id"": 2}, {""client_id"": 0, ""task_id"": 3}, {""client_id"": 43, ""task_id"": 4}, {""client_id"": 24, ""task_id"": 5}, {""client_id"": 32, ""task_id"": 6}, {""client_id"": 82, ""task_id"": 7}, {""client_id"": 83, ""task_id"": 8}, {""client_id"": 13, ""task_id"": 9}]","[75302254, 75303251, 75304248, 75305245, 75306242, 75307239, 75308236, 75309233, 75310230, 75311227]",1,0
753,FedPhoenixRG-Excess,1,81.04000091552734,9.341303799999878,0.0,"[85, 81, 56, 25, 42, 93, 0, 61, 98, 63]","[{""client_id"": 85, ""task_id"": 0}, {""client_id"": 81, ""task_id"": 1}, {""client_id"": 56, ""task_id"": 2}, {""client_id"": 25, ""task_id"": 3}, {""client_id"": 42, ""task_id"": 4}, {""client_id"": 93, ""task_id"": 5}, {""client_id"": 0, ""task_id"": 6}, {""client_id"": 61, ""task_id"": 7}, {""client_id"": 98, ""task_id"": 8}, {""client_id"": 63, ""task_id"": 9}]","[75402257, 75403254, 75404251, 75405248, 75406245, 75407242, 75408239, 75409236, 75410233, 75411230]",1,0
754,FedPhoenixRG-Excess,1,77.5,10.90356869995594,0.0,"[35, 25, 23, 52, 67, 20, 36, 78, 51, 38]","[{""client_id"": 35, ""task_id"": 0}, {""client_id"": 25, ""task_id"": 1}, {""client_id"": 23, ""task_id"": 2}, {""client_id"": 52, ""task_id"": 3}, {""client_id"": 67, ""task_id"": 4}, {""client_id"": 20, ""task_id"": 5}, {""client_id"": 36, ""task_id"": 6}, {""client_id"": 78, ""task_id"": 7}, {""client_id"": 51, ""task_id"": 8}, {""client_id"": 38, ""task_id"": 9}]","[75502260, 75503257, 75504254, 75505251, 75506248, 75507245, 75508242, 75509239, 75510236, 75511233]",1,0
755,FedPhoenixRG-Excess,1,78.27999877929688,7.814582099963445,0.0,"[13, 73, 97, 32, 55, 26, 9, 88, 74, 8]","[{""client_id"": 13, ""task_id"": 0}, {""client_id"": 73, ""task_id"": 1}, {""client_id"": 97, ""task_id"": 2}, {""client_id"": 32, ""task_id"": 3}, {""client_id"": 55, ""task_id"": 4}, {""client_id"": 26, ""task_id"": 5}, {""client_id"": 9, ""task_id"": 6}, {""client_id"": 88, ""task_id"": 7}, {""client_id"": 74, ""task_id"": 8}, {""client_id"": 8, ""task_id"": 9}]","[75602263, 75603260, 75604257, 75605254, 75606251, 75607248, 75608245, 75609242, 75610239, 75611236]",1,0
756,FedPhoenixRG-Excess,1,81.05999755859375,9.328374899982009,0.0,"[89, 14, 1, 70, 90, 0, 93, 13, 53, 67]","[{""client_id"": 89, ""task_id"": 0}, {""client_id"": 14, ""task_id"": 1}, {""client_id"": 1, ""task_id"": 2}, {""client_id"": 70, ""task_id"": 3}, {""client_id"": 90, ""task_id"": 4}, {""client_id"": 0, ""task_id"": 5}, {""client_id"": 93, ""task_id"": 6}, {""client_id"": 13, ""task_id"": 7}, {""client_id"": 53, ""task_id"": 8}, {""client_id"": 67, ""task_id"": 9}]","[75702266, 75703263, 75704260, 75705257, 75706254, 75707251, 75708248, 75709245, 75710242, 75711239]",1,0
757,FedPhoenixRG-Excess,1,76.68000030517578,9.363844599982258,0.0,"[87, 56, 53, 94, 82, 85, 19, 6, 47, 74]","[{""client_id"": 87, ""task_id"": 0}, {""client_id"": 56, ""task_id"": 1}, {""client_id"": 53, ""task_id"": 2}, {""client_id"": 94, ""task_id"": 3}, {""client_id"": 82, ""task_id"": 4}, {""client_id"": 85, ""task_id"": 5}, {""client_id"": 19, ""task_id"": 6}, {""client_id"": 6, ""task_id"": 7}, {""client_id"": 47, ""task_id"": 8}, {""client_id"": 74, ""task_id"": 9}]","[75802269, 75803266, 75804263, 75805260, 75806257, 75807254, 75808251, 75809248, 75810245, 75811242]",1,0
758,FedPhoenixRG-Excess,1,78.2300033569336,9.353019799978938,0.0,"[26, 40, 14, 71, 69, 79, 90, 8, 86, 77]","[{""client_id"": 26, ""task_id"": 0}, {""client_id"": 40, ""task_id"": 1}, {""client_id"": 14, ""task_id"": 2}, {""client_id"": 71, ""task_id"": 3}, {""client_id"": 69, ""task_id"": 4}, {""client_id"": 79, ""task_id"": 5}, {""client_id"": 90, ""task_id"": 6}, {""client_id"": 8, ""task_id"": 7}, {""client_id"": 86, ""task_id"": 8}, {""client_id"": 77, ""task_id"": 9}]","[75902272, 75903269, 75904266, 75905263, 75906260, 75907257, 75908254, 75909251, 75910248, 75911245]",1,0
759,FedPhoenixRG-Excess,1,73.75,11.744266299996525,0.0,"[25, 86, 33, 35, 80, 11, 89, 46, 55, 62]","[{""client_id"": 25, ""task_id"": 0}, {""client_id"": 86, ""task_id"": 1}, {""client_id"": 33, ""task_id"": 2}, {""client_id"": 35, ""task_id"": 3}, {""client_id"": 80, ""task_id"": 4}, {""client_id"": 11, ""task_id"": 5}, {""client_id"": 89, ""task_id"": 6}, {""client_id"": 46, ""task_id"": 7}, {""client_id"": 55, ""task_id"": 8}, {""client_id"": 62, ""task_id"": 9}]","[76002275, 76003272, 76004269, 76005266, 76006263, 76007260, 76008257, 76009254, 76010251, 76011248]",1,0
760,FedPhoenixRG-Excess,1,81.0999984741211,9.854993899993133,0.0,"[27, 51, 36, 46, 60, 15, 54, 63, 28, 66]","[{""client_id"": 27, ""task_id"": 0}, {""client_id"": 51, ""task_id"": 1}, {""client_id"": 36, ""task_id"": 2}, {""client_id"": 46, ""task_id"": 3}, {""client_id"": 60, ""task_id"": 4}, {""client_id"": 15, ""task_id"": 5}, {""client_id"": 54, ""task_id"": 6}, {""client_id"": 63, ""task_id"": 7}, {""client_id"": 28, ""task_id"": 8}, {""client_id"": 66, ""task_id"": 9}]","[76102278, 76103275, 76104272, 76105269, 76106266, 76107263, 76108260, 76109257, 76110254, 76111251]",1,1
761,FedPhoenixRG-Excess,1,79.05999755859375,8.815390400006436,0.0,"[8, 81, 61, 97, 39, 28, 74, 75, 31, 50]","[{""client_id"": 8, ""task_id"": 0}, {""client_id"": 81, ""task_id"": 1}, {""client_id"": 61, ""task_id"": 2}, {""client_id"": 97, ""task_id"": 3}, {""client_id"": 39, ""task_id"": 4}, {""client_id"": 28, ""task_id"": 5}, {""client_id"": 74, ""task_id"": 6}, {""client_id"": 75, ""task_id"": 7}, {""client_id"": 31, ""task_id"": 8}, {""client_id"": 50, ""task_id"": 9}]","[76202281, 76203278, 76204275, 76205272, 76206269, 76207266, 76208263, 76209260, 76210257, 76211254]",1,0
762,FedPhoenixRG-Excess,1,79.63999938964844,8.987815300002694,0.0,"[57, 32, 67, 5, 82, 85, 88, 68, 29, 35]","[{""client_id"": 57, ""task_id"": 0}, {""client_id"": 32, ""task_id"": 1}, {""client_id"": 67, ""task_id"": 2}, {""client_id"": 5, ""task_id"": 3}, {""client_id"": 82, ""task_id"": 4}, {""client_id"": 85, ""task_id"": 5}, {""client_id"": 88, ""task_id"": 6}, {""client_id"": 68, ""task_id"": 7}, {""client_id"": 29, ""task_id"": 8}, {""client_id"": 35, ""task_id"": 9}]","[76302284, 76303281, 76304278, 76305275, 76306272, 76307269, 76308266, 76309263, 76310260, 76311257]",1,0
763,FedPhoenixRG-Excess,1,80.61000061035156,9.097243800002616,0.0,"[96, 53, 23, 34, 27, 55, 22, 64, 21, 90]","[{""client_id"": 96, ""task_id"": 0}, {""client_id"": 53, ""task_id"": 1}, {""client_id"": 23, ""task_id"": 2}, {""client_id"": 34, ""task_id"": 3}, {""client_id"": 27, ""task_id"": 4}, {""client_id"": 55, ""task_id"": 5}, {""client_id"": 22, ""task_id"": 6}, {""client_id"": 64, ""task_id"": 7}, {""client_id"": 21, ""task_id"": 8}, {""client_id"": 90, ""task_id"": 9}]","[76402287, 76403284, 76404281, 76405278, 76406275, 76407272, 76408269, 76409266, 76410263, 76411260]",1,0
764,FedPhoenixRG-Excess,1,79.63999938964844,10.140533300000243,0.0,"[19, 26, 69, 40, 57, 66, 41, 21, 75, 51]","[{""client_id"": 19, ""task_id"": 0}, {""client_id"": 26, ""task_id"": 1}, {""client_id"": 69, ""task_id"": 2}, {""client_id"": 40, ""task_id"": 3}, {""client_id"": 57, ""task_id"": 4}, {""client_id"": 66, ""task_id"": 5}, {""client_id"": 41, ""task_id"": 6}, {""client_id"": 21, ""task_id"": 7}, {""client_id"": 75, ""task_id"": 8}, {""client_id"": 51, ""task_id"": 9}]","[76502290, 76503287, 76504284, 76505281, 76506278, 76507275, 76508272, 76509269, 76510266, 76511263]",1,0
765,FedPhoenixRG-Excess,1,81.05999755859375,10.398710400040727,0.0,"[1, 87, 37, 81, 36, 5, 73, 59, 67, 33]","[{""client_id"": 1, ""task_id"": 0}, {""client_id"": 87, ""task_id"": 1}, {""client_id"": 37, ""task_id"": 2}, {""client_id"": 81, ""task_id"": 3}, {""client_id"": 36, ""task_id"": 4}, {""client_id"": 5, ""task_id"": 5}, {""client_id"": 73, ""task_id"": 6}, {""client_id"": 59, ""task_id"": 7}, {""client_id"": 67, ""task_id"": 8}, {""client_id"": 33, ""task_id"": 9}]","[76602293, 76603290, 76604287, 76605284, 76606281, 76607278, 76608275, 76609272, 76610269, 76611266]",1,0
766,FedPhoenixRG-Excess,1,78.04000091552734,9.771406100015156,0.0,"[61, 77, 42, 24, 56, 2, 60, 59, 33, 23]","[{""client_id"": 61, ""task_id"": 0}, {""client_id"": 77, ""task_id"": 1}, {""client_id"": 42, ""task_id"": 2}, {""client_id"": 24, ""task_id"": 3}, {""client_id"": 56, ""task_id"": 4}, {""client_id"": 2, ""task_id"": 5}, {""client_id"": 60, ""task_id"": 6}, {""client_id"": 59, ""task_id"": 7}, {""client_id"": 33, ""task_id"": 8}, {""client_id"": 23, ""task_id"": 9}]","[76702296, 76703293, 76704290, 76705287, 76706284, 76707281, 76708278, 76709275, 76710272, 76711269]",1,0
767,FedPhoenixRG-Excess,1,79.76000213623047,11.19837890000781,0.0,"[74, 35, 26, 69, 20, 89, 50, 65, 15, 75]","[{""client_id"": 74, ""task_id"": 0}, {""client_id"": 35, ""task_id"": 1}, {""client_id"": 26, ""task_id"": 2}, {""client_id"": 69, ""task_id"": 3}, {""client_id"": 20, ""task_id"": 4}, {""client_id"": 89, ""task_id"": 5}, {""client_id"": 50, ""task_id"": 6}, {""client_id"": 65, ""task_id"": 7}, {""client_id"": 15, ""task_id"": 8}, {""client_id"": 75, ""task_id"": 9}]","[76802299, 76803296, 76804293, 76805290, 76806287, 76807284, 76808281, 76809278, 76810275, 76811272]",1,0
768,FedPhoenixRG-Excess,1,78.52999877929688,8.371773899998516,0.0,"[70, 3, 2, 49, 90, 8, 39, 1, 35, 25]","[{""client_id"": 70, ""task_id"": 0}, {""client_id"": 3, ""task_id"": 1}, {""client_id"": 2, ""task_id"": 2}, {""client_id"": 49, ""task_id"": 3}, {""client_id"": 90, ""task_id"": 4}, {""client_id"": 8, ""task_id"": 5}, {""client_id"": 39, ""task_id"": 6}, {""client_id"": 1, ""task_id"": 7}, {""client_id"": 35, ""task_id"": 8}, {""client_id"": 25, ""task_id"": 9}]","[76902302, 76903299, 76904296, 76905293, 76906290, 76907287, 76908284, 76909281, 76910278, 76911275]",1,0
769,FedPhoenixRG-Excess,1,82.02999877929688,8.845481500029564,0.0,"[53, 54, 67, 42, 39, 66, 93, 30, 21, 95]","[{""client_id"": 53, ""task_id"": 0}, {""client_id"": 54, ""task_id"": 1}, {""client_id"": 67, ""task_id"": 2}, {""client_id"": 42, ""task_id"": 3}, {""client_id"": 39, ""task_id"": 4}, {""client_id"": 66, ""task_id"": 5}, {""client_id"": 93, ""task_id"": 6}, {""client_id"": 30, ""task_id"": 7}, {""client_id"": 21, ""task_id"": 8}, {""client_id"": 95, ""task_id"": 9}]","[77002305, 77003302, 77004299, 77005296, 77006293, 77007290, 77008287, 77009284, 77010281, 77011278]",1,0
770,FedPhoenixRG-Excess,1,82.19000244140625,9.958366499980912,0.0,"[14, 39, 26, 3, 53, 72, 41, 24, 48, 47]","[{""client_id"": 14, ""task_id"": 0}, {""client_id"": 39, ""task_id"": 1}, {""client_id"": 26, ""task_id"": 2}, {""client_id"": 3, ""task_id"": 3}, {""client_id"": 53, ""task_id"": 4}, {""client_id"": 72, ""task_id"": 5}, {""client_id"": 41, ""task_id"": 6}, {""client_id"": 24, ""task_id"": 7}, {""client_id"": 48, ""task_id"": 8}, {""client_id"": 47, ""task_id"": 9}]","[77102308, 77103305, 77104302, 77105299, 77106296, 77107293, 77108290, 77109287, 77110284, 77111281]",1,0
771,FedPhoenixRG-Excess,1,80.62999725341797,10.71383630001219,0.0,"[85, 86, 82, 41, 16, 97, 18, 70, 10, 49]","[{""client_id"": 85, ""task_id"": 0}, {""client_id"": 86, ""task_id"": 1}, {""client_id"": 82, ""task_id"": 2}, {""client_id"": 41, ""task_id"": 3}, {""client_id"": 16, ""task_id"": 4}, {""client_id"": 97, ""task_id"": 5}, {""client_id"": 18, ""task_id"": 6}, {""client_id"": 70, ""task_id"": 7}, {""client_id"": 10, ""task_id"": 8}, {""client_id"": 49, ""task_id"": 9}]","[77202311, 77203308, 77204305, 77205302, 77206299, 77207296, 77208293, 77209290, 77210287, 77211284]",1,0
772,FedPhoenixRG-Excess,1,80.55999755859375,10.561831300030462,0.0,"[0, 6, 67, 24, 60, 3, 63, 96, 73, 14]","[{""client_id"": 0, ""task_id"": 0}, {""client_id"": 6, ""task_id"": 1}, {""client_id"": 67, ""task_id"": 2}, {""client_id"": 24, ""task_id"": 3}, {""client_id"": 60, ""task_id"": 4}, {""client_id"": 3, ""task_id"": 5}, {""client_id"": 63, ""task_id"": 6}, {""client_id"": 96, ""task_id"": 7}, {""client_id"": 73, ""task_id"": 8}, {""client_id"": 14, ""task_id"": 9}]","[77302314, 77303311, 77304308, 77305305, 77306302, 77307299, 77308296, 77309293, 77310290, 77311287]",1,0
773,FedPhoenixRG-Excess,1,73.73999786376953,9.624911299964879,0.0,"[7, 16, 85, 95, 8, 99, 67, 35, 5, 25]","[{""client_id"": 7, ""task_id"": 0}, {""client_id"": 16, ""task_id"": 1}, {""client_id"": 85, ""task_id"": 2}, {""client_id"": 95, ""task_id"": 3}, {""client_id"": 8, ""task_id"": 4}, {""client_id"": 99, ""task_id"": 5}, {""client_id"": 67, ""task_id"": 6}, {""client_id"": 35, ""task_id"": 7}, {""client_id"": 5, ""task_id"": 8}, {""client_id"": 25, ""task_id"": 9}]","[77402317, 77403314, 77404311, 77405308, 77406305, 77407302, 77408299, 77409296, 77410293, 77411290]",1,0
774,FedPhoenixRG-Excess,1,77.05999755859375,9.677436600031797,0.0,"[39, 31, 16, 97, 22, 0, 70, 47, 30, 84]","[{""client_id"": 39, ""task_id"": 0}, {""client_id"": 31, ""task_id"": 1}, {""client_id"": 16, ""task_id"": 2}, {""client_id"": 97, ""task_id"": 3}, {""client_id"": 22, ""task_id"": 4}, {""client_id"": 0, ""task_id"": 5}, {""client_id"": 70, ""task_id"": 6}, {""client_id"": 47, ""task_id"": 7}, {""client_id"": 30, ""task_id"": 8}, {""client_id"": 84, ""task_id"": 9}]","[77502320, 77503317, 77504314, 77505311, 77506308, 77507305, 77508302, 77509299, 77510296, 77511293]",1,0
775,FedPhoenixRG-Excess,1,78.26000213623047,10.887665899994317,0.0,"[53, 80, 28, 48, 50, 82, 79, 69, 0, 52]","[{""client_id"": 53, ""task_id"": 0}, {""client_id"": 80, ""task_id"": 1}, {""client_id"": 28, ""task_id"": 2}, {""client_id"": 48, ""task_id"": 3}, {""client_id"": 50, ""task_id"": 4}, {""client_id"": 82, ""task_id"": 5}, {""client_id"": 79, ""task_id"": 6}, {""client_id"": 69, ""task_id"": 7}, {""client_id"": 0, ""task_id"": 8}, {""client_id"": 52, ""task_id"": 9}]","[77602323, 77603320, 77604317, 77605314, 77606311, 77607308, 77608305, 77609302, 77610299, 77611296]",1,0
776,FedPhoenixRG-Excess,1,75.01000213623047,9.458958700008225,0.0,"[67, 37, 1, 71, 48, 60, 81, 34, 86, 38]","[{""client_id"": 67, ""task_id"": 0}, {""client_id"": 37, ""task_id"": 1}, {""client_id"": 1, ""task_id"": 2}, {""client_id"": 71, ""task_id"": 3}, {""client_id"": 48, ""task_id"": 4}, {""client_id"": 60, ""task_id"": 5}, {""client_id"": 81, ""task_id"": 6}, {""client_id"": 34, ""task_id"": 7}, {""client_id"": 86, ""task_id"": 8}, {""client_id"": 38, ""task_id"": 9}]","[77702326, 77703323, 77704320, 77705317, 77706314, 77707311, 77708308, 77709305, 77710302, 77711299]",1,0
777,FedPhoenixRG-Excess,1,81.33000183105469,9.729220199980773,0.0,"[45, 94, 88, 15, 19, 20, 57, 32, 97, 87]","[{""client_id"": 45, ""task_id"": 0}, {""client_id"": 94, ""task_id"": 1}, {""client_id"": 88, ""task_id"": 2}, {""client_id"": 15, ""task_id"": 3}, {""client_id"": 19, ""task_id"": 4}, {""client_id"": 20, ""task_id"": 5}, {""client_id"": 57, ""task_id"": 6}, {""client_id"": 32, ""task_id"": 7}, {""client_id"": 97, ""task_id"": 8}, {""client_id"": 87, ""task_id"": 9}]","[77802329, 77803326, 77804323, 77805320, 77806317, 77807314, 77808311, 77809308, 77810305, 77811302]",1,0
778,FedPhoenixRG-Excess,1,68.9000015258789,8.798095099977218,0.0,"[48, 38, 2, 78, 83, 17, 49, 76, 53, 29]","[{""client_id"": 48, ""task_id"": 0}, {""client_id"": 38, ""task_id"": 1}, {""client_id"": 2, ""task_id"": 2}, {""client_id"": 78, ""task_id"": 3}, {""client_id"": 83, ""task_id"": 4}, {""client_id"": 17, ""task_id"": 5}, {""client_id"": 49, ""task_id"": 6}, {""client_id"": 76, ""task_id"": 7}, {""client_id"": 53, ""task_id"": 8}, {""client_id"": 29, ""task_id"": 9}]","[77902332, 77903329, 77904326, 77905323, 77906320, 77907317, 77908314, 77909311, 77910308, 77911305]",1,0
779,FedPhoenixRG-Excess,1,42.560001373291016,9.767502499977127,0.0,"[95, 35, 2, 46, 30, 11, 83, 36, 94, 24]","[{""client_id"": 95, ""task_id"": 0}, {""client_id"": 35, ""task_id"": 1}, {""client_id"": 2, ""task_id"": 2}, {""client_id"": 46, ""task_id"": 3}, {""client_id"": 30, ""task_id"": 4}, {""client_id"": 11, ""task_id"": 5}, {""client_id"": 83, ""task_id"": 6}, {""client_id"": 36, ""task_id"": 7}, {""client_id"": 94, ""task_id"": 8}, {""client_id"": 24, ""task_id"": 9}]","[78002335, 78003332, 78004329, 78005326, 78006323, 78007320, 78008317, 78009314, 78010311, 78011308]",1,0
780,FedPhoenixRG-Excess,1,73.69999694824219,10.644219300011173,0.0,"[77, 54, 53, 99, 47, 33, 93, 80, 94, 91]","[{""client_id"": 77, ""task_id"": 0}, {""client_id"": 54, ""task_id"": 1}, {""client_id"": 53, ""task_id"": 2}, {""client_id"": 99, ""task_id"": 3}, {""client_id"": 47, ""task_id"": 4}, {""client_id"": 33, ""task_id"": 5}, {""client_id"": 93, ""task_id"": 6}, {""client_id"": 80, ""task_id"": 7}, {""client_id"": 94, ""task_id"": 8}, {""client_id"": 91, ""task_id"": 9}]","[78102338, 78103335, 78104332, 78105329, 78106326, 78107323, 78108320, 78109317, 78110314, 78111311]",1,1
781,FedPhoenixRG-Excess,1,67.0999984741211,9.989654399978463,0.0,"[64, 23, 95, 34, 83, 26, 52, 67, 76, 89]","[{""client_id"": 64, ""task_id"": 0}, {""client_id"": 23, ""task_id"": 1}, {""client_id"": 95, ""task_id"": 2}, {""client_id"": 34, ""task_id"": 3}, {""client_id"": 83, ""task_id"": 4}, {""client_id"": 26, ""task_id"": 5}, {""client_id"": 52, ""task_id"": 6}, {""client_id"": 67, ""task_id"": 7}, {""client_id"": 76, ""task_id"": 8}, {""client_id"": 89, ""task_id"": 9}]","[78202341, 78203338, 78204335, 78205332, 78206329, 78207326, 78208323, 78209320, 78210317, 78211314]",1,0
782,FedPhoenixRG-Excess,1,77.31999969482422,9.446506700012833,0.0,"[3, 24, 22, 10, 87, 26, 18, 5, 41, 27]","[{""client_id"": 3, ""task_id"": 0}, {""client_id"": 24, ""task_id"": 1}, {""client_id"": 22, ""task_id"": 2}, {""client_id"": 10, ""task_id"": 3}, {""client_id"": 87, ""task_id"": 4}, {""client_id"": 26, ""task_id"": 5}, {""client_id"": 18, ""task_id"": 6}, {""client_id"": 5, ""task_id"": 7}, {""client_id"": 41, ""task_id"": 8}, {""client_id"": 27, ""task_id"": 9}]","[78302344, 78303341, 78304338, 78305335, 78306332, 78307329, 78308326, 78309323, 78310320, 78311317]",1,0
783,FedPhoenixRG-Excess,1,81.66999816894531,7.457791399967391,0.0,"[11, 12, 98, 76, 85, 28, 41, 43, 74, 8]","[{""client_id"": 11, ""task_id"": 0}, {""client_id"": 12, ""task_id"": 1}, {""client_id"": 98, ""task_id"": 2}, {""client_id"": 76, ""task_id"": 3}, {""client_id"": 85, ""task_id"": 4}, {""client_id"": 28, ""task_id"": 5}, {""client_id"": 41, ""task_id"": 6}, {""client_id"": 43, ""task_id"": 7}, {""client_id"": 74, ""task_id"": 8}, {""client_id"": 8, ""task_id"": 9}]","[78402347, 78403344, 78404341, 78405338, 78406335, 78407332, 78408329, 78409326, 78410323, 78411320]",1,0
784,FedPhoenixRG-Excess,1,76.56999969482422,10.137044200033415,0.0,"[25, 17, 5, 71, 4, 82, 30, 26, 90, 89]","[{""client_id"": 25, ""task_id"": 0}, {""client_id"": 17, ""task_id"": 1}, {""client_id"": 5, ""task_id"": 2}, {""client_id"": 71, ""task_id"": 3}, {""client_id"": 4, ""task_id"": 4}, {""client_id"": 82, ""task_id"": 5}, {""client_id"": 30, ""task_id"": 6}, {""client_id"": 26, ""task_id"": 7}, {""client_id"": 90, ""task_id"": 8}, {""client_id"": 89, ""task_id"": 9}]","[78502350, 78503347, 78504344, 78505341, 78506338, 78507335, 78508332, 78509329, 78510326, 78511323]",1,0
785,FedPhoenixRG-Excess,1,77.41999816894531,10.094223299995065,0.0,"[55, 20, 69, 4, 96, 23, 86, 54, 39, 31]","[{""client_id"": 55, ""task_id"": 0}, {""client_id"": 20, ""task_id"": 1}, {""client_id"": 69, ""task_id"": 2}, {""client_id"": 4, ""task_id"": 3}, {""client_id"": 96, ""task_id"": 4}, {""client_id"": 23, ""task_id"": 5}, {""client_id"": 86, ""task_id"": 6}, {""client_id"": 54, ""task_id"": 7}, {""client_id"": 39, ""task_id"": 8}, {""client_id"": 31, ""task_id"": 9}]","[78602353, 78603350, 78604347, 78605344, 78606341, 78607338, 78608335, 78609332, 78610329, 78611326]",1,0
786,FedPhoenixRG-Excess,1,71.80999755859375,8.00981060002232,0.0,"[53, 63, 43, 92, 56, 59, 25, 90, 41, 44]","[{""client_id"": 53, ""task_id"": 0}, {""client_id"": 63, ""task_id"": 1}, {""client_id"": 43, ""task_id"": 2}, {""client_id"": 92, ""task_id"": 3}, {""client_id"": 56, ""task_id"": 4}, {""client_id"": 59, ""task_id"": 5}, {""client_id"": 25, ""task_id"": 6}, {""client_id"": 90, ""task_id"": 7}, {""client_id"": 41, ""task_id"": 8}, {""client_id"": 44, ""task_id"": 9}]","[78702356, 78703353, 78704350, 78705347, 78706344, 78707341, 78708338, 78709335, 78710332, 78711329]",1,0
787,FedPhoenixRG-Excess,1,79.19999694824219,8.96661820000736,0.0,"[37, 5, 39, 73, 29, 44, 88, 89, 54, 27]","[{""client_id"": 37, ""task_id"": 0}, {""client_id"": 5, ""task_id"": 1}, {""client_id"": 39, ""task_id"": 2}, {""client_id"": 73, ""task_id"": 3}, {""client_id"": 29, ""task_id"": 4}, {""client_id"": 44, ""task_id"": 5}, {""client_id"": 88, ""task_id"": 6}, {""client_id"": 89, ""task_id"": 7}, {""client_id"": 54, ""task_id"": 8}, {""client_id"": 27, ""task_id"": 9}]","[78802359, 78803356, 78804353, 78805350, 78806347, 78807344, 78808341, 78809338, 78810335, 78811332]",1,0
788,FedPhoenixRG-Excess,1,80.9800033569336,10.121067899977788,0.0,"[36, 5, 63, 12, 68, 70, 11, 9, 83, 51]","[{""client_id"": 36, ""task_id"": 0}, {""client_id"": 5, ""task_id"": 1}, {""client_id"": 63, ""task_id"": 2}, {""client_id"": 12, ""task_id"": 3}, {""client_id"": 68, ""task_id"": 4}, {""client_id"": 70, ""task_id"": 5}, {""client_id"": 11, ""task_id"": 6}, {""client_id"": 9, ""task_id"": 7}, {""client_id"": 83, ""task_id"": 8}, {""client_id"": 51, ""task_id"": 9}]","[78902362, 78903359, 78904356, 78905353, 78906350, 78907347, 78908344, 78909341, 78910338, 78911335]",1,0
789,FedPhoenixRG-Excess,1,81.0,10.974651900003664,0.0,"[48, 23, 60, 97, 8, 33, 54, 20, 98, 19]","[{""client_id"": 48, ""task_id"": 0}, {""client_id"": 23, ""task_id"": 1}, {""client_id"": 60, ""task_id"": 2}, {""client_id"": 97, ""task_id"": 3}, {""client_id"": 8, ""task_id"": 4}, {""client_id"": 33, ""task_id"": 5}, {""client_id"": 54, ""task_id"": 6}, {""client_id"": 20, ""task_id"": 7}, {""client_id"": 98, ""task_id"": 8}, {""client_id"": 19, ""task_id"": 9}]","[79002365, 79003362, 79004359, 79005356, 79006353, 79007350, 79008347, 79009344, 79010341, 79011338]",1,0
790,FedPhoenixRG-Excess,1,81.7699966430664,10.293644200020935,0.0,"[7, 57, 83, 27, 88, 21, 24, 61, 66, 55]","[{""client_id"": 7, ""task_id"": 0}, {""client_id"": 57, ""task_id"": 1}, {""client_id"": 83, ""task_id"": 2}, {""client_id"": 27, ""task_id"": 3}, {""client_id"": 88, ""task_id"": 4}, {""client_id"": 21, ""task_id"": 5}, {""client_id"": 24, ""task_id"": 6}, {""client_id"": 61, ""task_id"": 7}, {""client_id"": 66, ""task_id"": 8}, {""client_id"": 55, ""task_id"": 9}]","[79102368, 79103365, 79104362, 79105359, 79106356, 79107353, 79108350, 79109347, 79110344, 79111341]",1,0
791,FedPhoenixRG-Excess,1,78.79000091552734,8.573085199983325,0.0,"[32, 92, 4, 90, 54, 60, 85, 7, 77, 5]","[{""client_id"": 32, ""task_id"": 0}, {""client_id"": 92, ""task_id"": 1}, {""client_id"": 4, ""task_id"": 2}, {""client_id"": 90, ""task_id"": 3}, {""client_id"": 54, ""task_id"": 4}, {""client_id"": 60, ""task_id"": 5}, {""client_id"": 85, ""task_id"": 6}, {""client_id"": 7, ""task_id"": 7}, {""client_id"": 77, ""task_id"": 8}, {""client_id"": 5, ""task_id"": 9}]","[79202371, 79203368, 79204365, 79205362, 79206359, 79207356, 79208353, 79209350, 79210347, 79211344]",1,0
792,FedPhoenixRG-Excess,1,64.41999816894531,11.490970699989703,0.0,"[37, 86, 39, 65, 38, 45, 80, 40, 11, 95]","[{""client_id"": 37, ""task_id"": 0}, {""client_id"": 86, ""task_id"": 1}, {""client_id"": 39, ""task_id"": 2}, {""client_id"": 65, ""task_id"": 3}, {""client_id"": 38, ""task_id"": 4}, {""client_id"": 45, ""task_id"": 5}, {""client_id"": 80, ""task_id"": 6}, {""client_id"": 40, ""task_id"": 7}, {""client_id"": 11, ""task_id"": 8}, {""client_id"": 95, ""task_id"": 9}]","[79302374, 79303371, 79304368, 79305365, 79306362, 79307359, 79308356, 79309353, 79310350, 79311347]",1,0
793,FedPhoenixRG-Excess,1,79.7300033569336,9.723846199980471,0.0,"[46, 79, 68, 37, 10, 66, 80, 39, 1, 38]","[{""client_id"": 46, ""task_id"": 0}, {""client_id"": 79, ""task_id"": 1}, {""client_id"": 68, ""task_id"": 2}, {""client_id"": 37, ""task_id"": 3}, {""client_id"": 10, ""task_id"": 4}, {""client_id"": 66, ""task_id"": 5}, {""client_id"": 80, ""task_id"": 6}, {""client_id"": 39, ""task_id"": 7}, {""client_id"": 1, ""task_id"": 8}, {""client_id"": 38, ""task_id"": 9}]","[79402377, 79403374, 79404371, 79405368, 79406365, 79407362, 79408359, 79409356, 79410353, 79411350]",1,0
794,FedPhoenixRG-Excess,1,76.61000061035156,8.852799600048456,0.0,"[97, 98, 91, 79, 71, 61, 16, 76, 46, 56]","[{""client_id"": 97, ""task_id"": 0}, {""client_id"": 98, ""task_id"": 1}, {""client_id"": 91, ""task_id"": 2}, {""client_id"": 79, ""task_id"": 3}, {""client_id"": 71, ""task_id"": 4}, {""client_id"": 61, ""task_id"": 5}, {""client_id"": 16, ""task_id"": 6}, {""client_id"": 76, ""task_id"": 7}, {""client_id"": 46, ""task_id"": 8}, {""client_id"": 56, ""task_id"": 9}]","[79502380, 79503377, 79504374, 79505371, 79506368, 79507365, 79508362, 79509359, 79510356, 79511353]",1,0
795,FedPhoenixRG-Excess,1,78.5,11.911854000005405,0.0,"[81, 79, 24, 60, 25, 55, 30, 61, 80, 14]","[{""client_id"": 81, ""task_id"": 0}, {""client_id"": 79, ""task_id"": 1}, {""client_id"": 24, ""task_id"": 2}, {""client_id"": 60, ""task_id"": 3}, {""client_id"": 25, ""task_id"": 4}, {""client_id"": 55, ""task_id"": 5}, {""client_id"": 30, ""task_id"": 6}, {""client_id"": 61, ""task_id"": 7}, {""client_id"": 80, ""task_id"": 8}, {""client_id"": 14, ""task_id"": 9}]","[79602383, 79603380, 79604377, 79605374, 79606371, 79607368, 79608365, 79609362, 79610359, 79611356]",1,0
796,FedPhoenixRG-Excess,1,76.5199966430664,11.470523800002411,0.0,"[29, 50, 81, 45, 76, 97, 33, 65, 21, 34]","[{""client_id"": 29, ""task_id"": 0}, {""client_id"": 50, ""task_id"": 1}, {""client_id"": 81, ""task_id"": 2}, {""client_id"": 45, ""task_id"": 3}, {""client_id"": 76, ""task_id"": 4}, {""client_id"": 97, ""task_id"": 5}, {""client_id"": 33, ""task_id"": 6}, {""client_id"": 65, ""task_id"": 7}, {""client_id"": 21, ""task_id"": 8}, {""client_id"": 34, ""task_id"": 9}]","[79702386, 79703383, 79704380, 79705377, 79706374, 79707371, 79708368, 79709365, 79710362, 79711359]",1,0
797,FedPhoenixRG-Excess,1,76.47000122070312,9.13075829995796,0.0,"[72, 84, 11, 74, 68, 22, 2, 46, 9, 16]","[{""client_id"": 72, ""task_id"": 0}, {""client_id"": 84, ""task_id"": 1}, {""client_id"": 11, ""task_id"": 2}, {""client_id"": 74, ""task_id"": 3}, {""client_id"": 68, ""task_id"": 4}, {""client_id"": 22, ""task_id"": 5}, {""client_id"": 2, ""task_id"": 6}, {""client_id"": 46, ""task_id"": 7}, {""client_id"": 9, ""task_id"": 8}, {""client_id"": 16, ""task_id"": 9}]","[79802389, 79803386, 79804383, 79805380, 79806377, 79807374, 79808371, 79809368, 79810365, 79811362]",1,0
798,FedPhoenixRG-Excess,1,80.76000213623047,9.953826600045431,0.0,"[87, 24, 44, 32, 63, 15, 97, 73, 3, 95]","[{""client_id"": 87, ""task_id"": 0}, {""client_id"": 24, ""task_id"": 1}, {""client_id"": 44, ""task_id"": 2}, {""client_id"": 32, ""task_id"": 3}, {""client_id"": 63, ""task_id"": 4}, {""client_id"": 15, ""task_id"": 5}, {""client_id"": 97, ""task_id"": 6}, {""client_id"": 73, ""task_id"": 7}, {""client_id"": 3, ""task_id"": 8}, {""client_id"": 95, ""task_id"": 9}]","[79902392, 79903389, 79904386, 79905383, 79906380, 79907377, 79908374, 79909371, 79910368, 79911365]",1,0
799,FedPhoenixRG-Excess,1,81.29000091552734,9.359232000017073,0.0,"[93, 87, 76, 11, 9, 56, 47, 32, 72, 37]","[{""client_id"": 93, ""task_id"": 0}, {""client_id"": 87, ""task_id"": 1}, {""client_id"": 76, ""task_id"": 2}, {""client_id"": 11, ""task_id"": 3}, {""client_id"": 9, ""task_id"": 4}, {""client_id"": 56, ""task_id"": 5}, {""client_id"": 47, ""task_id"": 6}, {""client_id"": 32, ""task_id"": 7}, {""client_id"": 72, ""task_id"": 8}, {""client_id"": 37, ""task_id"": 9}]","[80002395, 80003392, 80004389, 80005386, 80006383, 80007380, 80008377, 80009374, 80010371, 80011368]",1,0
800,FedPhoenixRG-Excess,1,79.12000274658203,8.887396199977957,0.0,"[13, 99, 88, 85, 63, 61, 52, 51, 14, 43]","[{""client_id"": 13, ""task_id"": 0}, {""client_id"": 99, ""task_id"": 1}, {""client_id"": 88, ""task_id"": 2}, {""client_id"": 85, ""task_id"": 3}, {""client_id"": 63, ""task_id"": 4}, {""client_id"": 61, ""task_id"": 5}, {""client_id"": 52, ""task_id"": 6}, {""client_id"": 51, ""task_id"": 7}, {""client_id"": 14, ""task_id"": 8}, {""client_id"": 43, ""task_id"": 9}]","[80102398, 80103395, 80104392, 80105389, 80106386, 80107383, 80108380, 80109377, 80110374, 80111371]",1,1
801,FedPhoenixRG-Excess,1,79.5999984741211,9.552099800028373,0.0,"[50, 48, 49, 70, 96, 77, 37, 55, 63, 12]","[{""client_id"": 50, ""task_id"": 0}, {""client_id"": 48, ""task_id"": 1}, {""client_id"": 49, ""task_id"": 2}, {""client_id"": 70, ""task_id"": 3}, {""client_id"": 96, ""task_id"": 4}, {""client_id"": 77, ""task_id"": 5}, {""client_id"": 37, ""task_id"": 6}, {""client_id"": 55, ""task_id"": 7}, {""client_id"": 63, ""task_id"": 8}, {""client_id"": 12, ""task_id"": 9}]","[80202401, 80203398, 80204395, 80205392, 80206389, 80207386, 80208383, 80209380, 80210377, 80211374]",1,0
802,FedPhoenixRG-Excess,1,79.0199966430664,9.59746450005332,0.0,"[25, 72, 79, 28, 32, 81, 5, 46, 83, 91]","[{""client_id"": 25, ""task_id"": 0}, {""client_id"": 72, ""task_id"": 1}, {""client_id"": 79, ""task_id"": 2}, {""client_id"": 28, ""task_id"": 3}, {""client_id"": 32, ""task_id"": 4}, {""client_id"": 81, ""task_id"": 5}, {""client_id"": 5, ""task_id"": 6}, {""client_id"": 46, ""task_id"": 7}, {""client_id"": 83, ""task_id"": 8}, {""client_id"": 91, ""task_id"": 9}]","[80302404, 80303401, 80304398, 80305395, 80306392, 80307389, 80308386, 80309383, 80310380, 80311377]",1,0
803,FedPhoenixRG-Excess,1,81.55999755859375,9.843413299997337,0.0,"[80, 64, 77, 59, 67, 60, 53, 3, 36, 52]","[{""client_id"": 80, ""task_id"": 0}, {""client_id"": 64, ""task_id"": 1}, {""client_id"": 77, ""task_id"": 2}, {""client_id"": 59, ""task_id"": 3}, {""client_id"": 67, ""task_id"": 4}, {""client_id"": 60, ""task_id"": 5}, {""client_id"": 53, ""task_id"": 6}, {""client_id"": 3, ""task_id"": 7}, {""client_id"": 36, ""task_id"": 8}, {""client_id"": 52, ""task_id"": 9}]","[80402407, 80403404, 80404401, 80405398, 80406395, 80407392, 80408389, 80409386, 80410383, 80411380]",1,0
804,FedPhoenixRG-Excess,1,76.80999755859375,10.269174200017005,0.0,"[50, 24, 22, 80, 96, 91, 85, 17, 41, 37]","[{""client_id"": 50, ""task_id"": 0}, {""client_id"": 24, ""task_id"": 1}, {""client_id"": 22, ""task_id"": 2}, {""client_id"": 80, ""task_id"": 3}, {""client_id"": 96, ""task_id"": 4}, {""client_id"": 91, ""task_id"": 5}, {""client_id"": 85, ""task_id"": 6}, {""client_id"": 17, ""task_id"": 7}, {""client_id"": 41, ""task_id"": 8}, {""client_id"": 37, ""task_id"": 9}]","[80502410, 80503407, 80504404, 80505401, 80506398, 80507395, 80508392, 80509389, 80510386, 80511383]",1,0
805,FedPhoenixRG-Excess,1,75.33000183105469,8.966839500004426,0.0,"[67, 55, 4, 98, 79, 77, 33, 41, 21, 10]","[{""client_id"": 67, ""task_id"": 0}, {""client_id"": 55, ""task_id"": 1}, {""client_id"": 4, ""task_id"": 2}, {""client_id"": 98, ""task_id"": 3}, {""client_id"": 79, ""task_id"": 4}, {""client_id"": 77, ""task_id"": 5}, {""client_id"": 33, ""task_id"": 6}, {""client_id"": 41, ""task_id"": 7}, {""client_id"": 21, ""task_id"": 8}, {""client_id"": 10, ""task_id"": 9}]","[80602413, 80603410, 80604407, 80605404, 80606401, 80607398, 80608395, 80609392, 80610389, 80611386]",1,0
806,FedPhoenixRG-Excess,1,76.68000030517578,8.796660499996506,0.0,"[47, 2, 84, 28, 79, 26, 5, 97, 43, 12]","[{""client_id"": 47, ""task_id"": 0}, {""client_id"": 2, ""task_id"": 1}, {""client_id"": 84, ""task_id"": 2}, {""client_id"": 28, ""task_id"": 3}, {""client_id"": 79, ""task_id"": 4}, {""client_id"": 26, ""task_id"": 5}, {""client_id"": 5, ""task_id"": 6}, {""client_id"": 97, ""task_id"": 7}, {""client_id"": 43, ""task_id"": 8}, {""client_id"": 12, ""task_id"": 9}]","[80702416, 80703413, 80704410, 80705407, 80706404, 80707401, 80708398, 80709395, 80710392, 80711389]",1,0
807,FedPhoenixRG-Excess,1,74.76000213623047,9.954772600030992,0.0,"[64, 66, 31, 0, 51, 95, 92, 62, 35, 65]","[{""client_id"": 64, ""task_id"": 0}, {""client_id"": 66, ""task_id"": 1}, {""client_id"": 31, ""task_id"": 2}, {""client_id"": 0, ""task_id"": 3}, {""client_id"": 51, ""task_id"": 4}, {""client_id"": 95, ""task_id"": 5}, {""client_id"": 92, ""task_id"": 6}, {""client_id"": 62, ""task_id"": 7}, {""client_id"": 35, ""task_id"": 8}, {""client_id"": 65, ""task_id"": 9}]","[80802419, 80803416, 80804413, 80805410, 80806407, 80807404, 80808401, 80809398, 80810395, 80811392]",1,0
808,FedPhoenixRG-Excess,1,71.43000030517578,9.20080130000133,0.0,"[82, 95, 21, 19, 39, 60, 67, 51, 47, 45]","[{""client_id"": 82, ""task_id"": 0}, {""client_id"": 95, ""task_id"": 1}, {""client_id"": 21, ""task_id"": 2}, {""client_id"": 19, ""task_id"": 3}, {""client_id"": 39, ""task_id"": 4}, {""client_id"": 60, ""task_id"": 5}, {""client_id"": 67, ""task_id"": 6}, {""client_id"": 51, ""task_id"": 7}, {""client_id"": 47, ""task_id"": 8}, {""client_id"": 45, ""task_id"": 9}]","[80902422, 80903419, 80904416, 80905413, 80906410, 80907407, 80908404, 80909401, 80910398, 80911395]",1,0
809,FedPhoenixRG-Excess,1,79.30000305175781,12.296560600050725,0.0,"[22, 7, 13, 15, 65, 24, 55, 3, 47, 68]","[{""client_id"": 22, ""task_id"": 0}, {""client_id"": 7, ""task_id"": 1}, {""client_id"": 13, ""task_id"": 2}, {""client_id"": 15, ""task_id"": 3}, {""client_id"": 65, ""task_id"": 4}, {""client_id"": 24, ""task_id"": 5}, {""client_id"": 55, ""task_id"": 6}, {""client_id"": 3, ""task_id"": 7}, {""client_id"": 47, ""task_id"": 8}, {""client_id"": 68, ""task_id"": 9}]","[81002425, 81003422, 81004419, 81005416, 81006413, 81007410, 81008407, 81009404, 81010401, 81011398]",1,0
810,FedPhoenixRG-Excess,1,81.30999755859375,11.4111922000302,0.0,"[21, 53, 68, 14, 52, 4, 71, 41, 16, 7]","[{""client_id"": 21, ""task_id"": 0}, {""client_id"": 53, ""task_id"": 1}, {""client_id"": 68, ""task_id"": 2}, {""client_id"": 14, ""task_id"": 3}, {""client_id"": 52, ""task_id"": 4}, {""client_id"": 4, ""task_id"": 5}, {""client_id"": 71, ""task_id"": 6}, {""client_id"": 41, ""task_id"": 7}, {""client_id"": 16, ""task_id"": 8}, {""client_id"": 7, ""task_id"": 9}]","[81102428, 81103425, 81104422, 81105419, 81106416, 81107413, 81108410, 81109407, 81110404, 81111401]",1,0
811,FedPhoenixRG-Excess,1,75.72000122070312,9.716544300026726,0.0,"[6, 67, 83, 20, 47, 42, 48, 66, 56, 70]","[{""client_id"": 6, ""task_id"": 0}, {""client_id"": 67, ""task_id"": 1}, {""client_id"": 83, ""task_id"": 2}, {""client_id"": 20, ""task_id"": 3}, {""client_id"": 47, ""task_id"": 4}, {""client_id"": 42, ""task_id"": 5}, {""client_id"": 48, ""task_id"": 6}, {""client_id"": 66, ""task_id"": 7}, {""client_id"": 56, ""task_id"": 8}, {""client_id"": 70, ""task_id"": 9}]","[81202431, 81203428, 81204425, 81205422, 81206419, 81207416, 81208413, 81209410, 81210407, 81211404]",1,0
812,FedPhoenixRG-Excess,1,77.87000274658203,9.835758200031705,0.0,"[12, 5, 4, 48, 96, 21, 20, 75, 89, 11]","[{""client_id"": 12, ""task_id"": 0}, {""client_id"": 5, ""task_id"": 1}, {""client_id"": 4, ""task_id"": 2}, {""client_id"": 48, ""task_id"": 3}, {""client_id"": 96, ""task_id"": 4}, {""client_id"": 21, ""task_id"": 5}, {""client_id"": 20, ""task_id"": 6}, {""client_id"": 75, ""task_id"": 7}, {""client_id"": 89, ""task_id"": 8}, {""client_id"": 11, ""task_id"": 9}]","[81302434, 81303431, 81304428, 81305425, 81306422, 81307419, 81308416, 81309413, 81310410, 81311407]",1,0
813,FedPhoenixRG-Excess,1,78.58999633789062,9.007628499995917,0.0,"[43, 26, 80, 74, 50, 62, 58, 1, 94, 76]","[{""client_id"": 43, ""task_id"": 0}, {""client_id"": 26, ""task_id"": 1}, {""client_id"": 80, ""task_id"": 2}, {""client_id"": 74, ""task_id"": 3}, {""client_id"": 50, ""task_id"": 4}, {""client_id"": 62, ""task_id"": 5}, {""client_id"": 58, ""task_id"": 6}, {""client_id"": 1, ""task_id"": 7}, {""client_id"": 94, ""task_id"": 8}, {""client_id"": 76, ""task_id"": 9}]","[81402437, 81403434, 81404431, 81405428, 81406425, 81407422, 81408419, 81409416, 81410413, 81411410]",1,0
814,FedPhoenixRG-Excess,1,71.47000122070312,9.36663210002007,0.0,"[37, 0, 63, 16, 35, 60, 29, 46, 62, 43]","[{""client_id"": 37, ""task_id"": 0}, {""client_id"": 0, ""task_id"": 1}, {""client_id"": 63, ""task_id"": 2}, {""client_id"": 16, ""task_id"": 3}, {""client_id"": 35, ""task_id"": 4}, {""client_id"": 60, ""task_id"": 5}, {""client_id"": 29, ""task_id"": 6}, {""client_id"": 46, ""task_id"": 7}, {""client_id"": 62, ""task_id"": 8}, {""client_id"": 43, ""task_id"": 9}]","[81502440, 81503437, 81504434, 81505431, 81506428, 81507425, 81508422, 81509419, 81510416, 81511413]",1,0
815,FedPhoenixRG-Excess,1,76.76000213623047,10.32451270002639,0.0,"[26, 87, 30, 12, 57, 90, 50, 89, 25, 81]","[{""client_id"": 26, ""task_id"": 0}, {""client_id"": 87, ""task_id"": 1}, {""client_id"": 30, ""task_id"": 2}, {""client_id"": 12, ""task_id"": 3}, {""client_id"": 57, ""task_id"": 4}, {""client_id"": 90, ""task_id"": 5}, {""client_id"": 50, ""task_id"": 6}, {""client_id"": 89, ""task_id"": 7}, {""client_id"": 25, ""task_id"": 8}, {""client_id"": 81, ""task_id"": 9}]","[81602443, 81603440, 81604437, 81605434, 81606431, 81607428, 81608425, 81609422, 81610419, 81611416]",1,0
816,FedPhoenixRG-Excess,1,81.16999816894531,9.373677199997474,0.0,"[63, 86, 1, 50, 94, 72, 75, 67, 80, 76]","[{""client_id"": 63, ""task_id"": 0}, {""client_id"": 86, ""task_id"": 1}, {""client_id"": 1, ""task_id"": 2}, {""client_id"": 50, ""task_id"": 3}, {""client_id"": 94, ""task_id"": 4}, {""client_id"": 72, ""task_id"": 5}, {""client_id"": 75, ""task_id"": 6}, {""client_id"": 67, ""task_id"": 7}, {""client_id"": 80, ""task_id"": 8}, {""client_id"": 76, ""task_id"": 9}]","[81702446, 81703443, 81704440, 81705437, 81706434, 81707431, 81708428, 81709425, 81710422, 81711419]",1,0
817,FedPhoenixRG-Excess,1,81.52999877929688,10.766067200049292,0.0,"[17, 12, 4, 58, 76, 26, 20, 45, 89, 84]","[{""client_id"": 17, ""task_id"": 0}, {""client_id"": 12, ""task_id"": 1}, {""client_id"": 4, ""task_id"": 2}, {""client_id"": 58, ""task_id"": 3}, {""client_id"": 76, ""task_id"": 4}, {""client_id"": 26, ""task_id"": 5}, {""client_id"": 20, ""task_id"": 6}, {""client_id"": 45, ""task_id"": 7}, {""client_id"": 89, ""task_id"": 8}, {""client_id"": 84, ""task_id"": 9}]","[81802449, 81803446, 81804443, 81805440, 81806437, 81807434, 81808431, 81809428, 81810425, 81811422]",1,0
818,FedPhoenixRG-Excess,1,81.6500015258789,8.93337350001093,0.0,"[8, 56, 0, 34, 70, 82, 18, 50, 4, 85]","[{""client_id"": 8, ""task_id"": 0}, {""client_id"": 56, ""task_id"": 1}, {""client_id"": 0, ""task_id"": 2}, {""client_id"": 34, ""task_id"": 3}, {""client_id"": 70, ""task_id"": 4}, {""client_id"": 82, ""task_id"": 5}, {""client_id"": 18, ""task_id"": 6}, {""client_id"": 50, ""task_id"": 7}, {""client_id"": 4, ""task_id"": 8}, {""client_id"": 85, ""task_id"": 9}]","[81902452, 81903449, 81904446, 81905443, 81906440, 81907437, 81908434, 81909431, 81910428, 81911425]",1,0
819,FedPhoenixRG-Excess,1,81.48999786376953,10.365912300010677,0.0,"[62, 36, 79, 5, 90, 68, 51, 20, 50, 89]","[{""client_id"": 62, ""task_id"": 0}, {""client_id"": 36, ""task_id"": 1}, {""client_id"": 79, ""task_id"": 2}, {""client_id"": 5, ""task_id"": 3}, {""client_id"": 90, ""task_id"": 4}, {""client_id"": 68, ""task_id"": 5}, {""client_id"": 51, ""task_id"": 6}, {""client_id"": 20, ""task_id"": 7}, {""client_id"": 50, ""task_id"": 8}, {""client_id"": 89, ""task_id"": 9}]","[82002455, 82003452, 82004449, 82005446, 82006443, 82007440, 82008437, 82009434, 82010431, 82011428]",1,0
820,FedPhoenixRG-Excess,1,80.29000091552734,8.389682799985167,0.0,"[52, 83, 45, 55, 59, 95, 31, 54, 41, 84]","[{""client_id"": 52, ""task_id"": 0}, {""client_id"": 83, ""task_id"": 1}, {""client_id"": 45, ""task_id"": 2}, {""client_id"": 55, ""task_id"": 3}, {""client_id"": 59, ""task_id"": 4}, {""client_id"": 95, ""task_id"": 5}, {""client_id"": 31, ""task_id"": 6}, {""client_id"": 54, ""task_id"": 7}, {""client_id"": 41, ""task_id"": 8}, {""client_id"": 84, ""task_id"": 9}]","[82102458, 82103455, 82104452, 82105449, 82106446, 82107443, 82108440, 82109437, 82110434, 82111431]",1,1
821,FedPhoenixRG-Excess,1,79.79000091552734,10.986152799974661,0.0,"[49, 48, 44, 69, 87, 63, 92, 33, 36, 27]","[{""client_id"": 49, ""task_id"": 0}, {""client_id"": 48, ""task_id"": 1}, {""client_id"": 44, ""task_id"": 2}, {""client_id"": 69, ""task_id"": 3}, {""client_id"": 87, ""task_id"": 4}, {""client_id"": 63, ""task_id"": 5}, {""client_id"": 92, ""task_id"": 6}, {""client_id"": 33, ""task_id"": 7}, {""client_id"": 36, ""task_id"": 8}, {""client_id"": 27, ""task_id"": 9}]","[82202461, 82203458, 82204455, 82205452, 82206449, 82207446, 82208443, 82209440, 82210437, 82211434]",1,0
822,FedPhoenixRG-Excess,1,77.44999694824219,10.153713800013065,0.0,"[17, 83, 35, 44, 54, 9, 10, 60, 49, 62]","[{""client_id"": 17, ""task_id"": 0}, {""client_id"": 83, ""task_id"": 1}, {""client_id"": 35, ""task_id"": 2}, {""client_id"": 44, ""task_id"": 3}, {""client_id"": 54, ""task_id"": 4}, {""client_id"": 9, ""task_id"": 5}, {""client_id"": 10, ""task_id"": 6}, {""client_id"": 60, ""task_id"": 7}, {""client_id"": 49, ""task_id"": 8}, {""client_id"": 62, ""task_id"": 9}]","[82302464, 82303461, 82304458, 82305455, 82306452, 82307449, 82308446, 82309443, 82310440, 82311437]",1,0
823,FedPhoenixRG-Excess,1,63.54999923706055,11.605330499995034,0.0,"[12, 80, 56, 90, 89, 75, 22, 57, 33, 6]","[{""client_id"": 12, ""task_id"": 0}, {""client_id"": 80, ""task_id"": 1}, {""client_id"": 56, ""task_id"": 2}, {""client_id"": 90, ""task_id"": 3}, {""client_id"": 89, ""task_id"": 4}, {""client_id"": 75, ""task_id"": 5}, {""client_id"": 22, ""task_id"": 6}, {""client_id"": 57, ""task_id"": 7}, {""client_id"": 33, ""task_id"": 8}, {""client_id"": 6, ""task_id"": 9}]","[82402467, 82403464, 82404461, 82405458, 82406455, 82407452, 82408449, 82409446, 82410443, 82411440]",1,0
824,FedPhoenixRG-Excess,1,47.209999084472656,8.27288210002007,0.0,"[13, 61, 67, 95, 43, 22, 50, 46, 6, 51]","[{""client_id"": 13, ""task_id"": 0}, {""client_id"": 61, ""task_id"": 1}, {""client_id"": 67, ""task_id"": 2}, {""client_id"": 95, ""task_id"": 3}, {""client_id"": 43, ""task_id"": 4}, {""client_id"": 22, ""task_id"": 5}, {""client_id"": 50, ""task_id"": 6}, {""client_id"": 46, ""task_id"": 7}, {""client_id"": 6, ""task_id"": 8}, {""client_id"": 51, ""task_id"": 9}]","[82502470, 82503467, 82504464, 82505461, 82506458, 82507455, 82508452, 82509449, 82510446, 82511443]",1,0
825,FedPhoenixRG-Excess,1,76.51000213623047,8.945747999998275,0.0,"[29, 79, 15, 64, 49, 53, 85, 58, 98, 67]","[{""client_id"": 29, ""task_id"": 0}, {""client_id"": 79, ""task_id"": 1}, {""client_id"": 15, ""task_id"": 2}, {""client_id"": 64, ""task_id"": 3}, {""client_id"": 49, ""task_id"": 4}, {""client_id"": 53, ""task_id"": 5}, {""client_id"": 85, ""task_id"": 6}, {""client_id"": 58, ""task_id"": 7}, {""client_id"": 98, ""task_id"": 8}, {""client_id"": 67, ""task_id"": 9}]","[82602473, 82603470, 82604467, 82605464, 82606461, 82607458, 82608455, 82609452, 82610449, 82611446]",1,0
826,FedPhoenixRG-Excess,1,76.83000183105469,9.65269169997191,0.0,"[89, 45, 21, 8, 63, 23, 4, 66, 44, 32]","[{""client_id"": 89, ""task_id"": 0}, {""client_id"": 45, ""task_id"": 1}, {""client_id"": 21, ""task_id"": 2}, {""client_id"": 8, ""task_id"": 3}, {""client_id"": 63, ""task_id"": 4}, {""client_id"": 23, ""task_id"": 5}, {""client_id"": 4, ""task_id"": 6}, {""client_id"": 66, ""task_id"": 7}, {""client_id"": 44, ""task_id"": 8}, {""client_id"": 32, ""task_id"": 9}]","[82702476, 82703473, 82704470, 82705467, 82706464, 82707461, 82708458, 82709455, 82710452, 82711449]",1,0
827,FedPhoenixRG-Excess,1,72.87999725341797,8.355210800014902,0.0,"[29, 43, 73, 11, 60, 22, 6, 31, 91, 98]","[{""client_id"": 29, ""task_id"": 0}, {""client_id"": 43, ""task_id"": 1}, {""client_id"": 73, ""task_id"": 2}, {""client_id"": 11, ""task_id"": 3}, {""client_id"": 60, ""task_id"": 4}, {""client_id"": 22, ""task_id"": 5}, {""client_id"": 6, ""task_id"": 6}, {""client_id"": 31, ""task_id"": 7}, {""client_id"": 91, ""task_id"": 8}, {""client_id"": 98, ""task_id"": 9}]","[82802479, 82803476, 82804473, 82805470, 82806467, 82807464, 82808461, 82809458, 82810455, 82811452]",1,0
828,FedPhoenixRG-Excess,1,71.01000213623047,8.86838939995505,0.0,"[91, 78, 44, 34, 3, 27, 2, 28, 92, 97]","[{""client_id"": 91, ""task_id"": 0}, {""client_id"": 78, ""task_id"": 1}, {""client_id"": 44, ""task_id"": 2}, {""client_id"": 34, ""task_id"": 3}, {""client_id"": 3, ""task_id"": 4}, {""client_id"": 27, ""task_id"": 5}, {""client_id"": 2, ""task_id"": 6}, {""client_id"": 28, ""task_id"": 7}, {""client_id"": 92, ""task_id"": 8}, {""client_id"": 97, ""task_id"": 9}]","[82902482, 82903479, 82904476, 82905473, 82906470, 82907467, 82908464, 82909461, 82910458, 82911455]",1,0
829,FedPhoenixRG-Excess,1,81.38999938964844,8.182327000016812,0.0,"[8, 64, 39, 16, 74, 41, 29, 75, 76, 52]","[{""client_id"": 8, ""task_id"": 0}, {""client_id"": 64, ""task_id"": 1}, {""client_id"": 39, ""task_id"": 2}, {""client_id"": 16, ""task_id"": 3}, {""client_id"": 74, ""task_id"": 4}, {""client_id"": 41, ""task_id"": 5}, {""client_id"": 29, ""task_id"": 6}, {""client_id"": 75, ""task_id"": 7}, {""client_id"": 76, ""task_id"": 8}, {""client_id"": 52, ""task_id"": 9}]","[83002485, 83003482, 83004479, 83005476, 83006473, 83007470, 83008467, 83009464, 83010461, 83011458]",1,0
830,FedPhoenixRG-Excess,1,71.31999969482422,8.692485800012946,0.0,"[24, 51, 90, 38, 26, 8, 67, 28, 68, 33]","[{""client_id"": 24, ""task_id"": 0}, {""client_id"": 51, ""task_id"": 1}, {""client_id"": 90, ""task_id"": 2}, {""client_id"": 38, ""task_id"": 3}, {""client_id"": 26, ""task_id"": 4}, {""client_id"": 8, ""task_id"": 5}, {""client_id"": 67, ""task_id"": 6}, {""client_id"": 28, ""task_id"": 7}, {""client_id"": 68, ""task_id"": 8}, {""client_id"": 33, ""task_id"": 9}]","[83102488, 83103485, 83104482, 83105479, 83106476, 83107473, 83108470, 83109467, 83110464, 83111461]",1,0
831,FedPhoenixRG-Excess,1,75.68000030517578,9.136496999999508,0.0,"[56, 44, 64, 43, 99, 22, 23, 98, 97, 82]","[{""client_id"": 56, ""task_id"": 0}, {""client_id"": 44, ""task_id"": 1}, {""client_id"": 64, ""task_id"": 2}, {""client_id"": 43, ""task_id"": 3}, {""client_id"": 99, ""task_id"": 4}, {""client_id"": 22, ""task_id"": 5}, {""client_id"": 23, ""task_id"": 6}, {""client_id"": 98, ""task_id"": 7}, {""client_id"": 97, ""task_id"": 8}, {""client_id"": 82, ""task_id"": 9}]","[83202491, 83203488, 83204485, 83205482, 83206479, 83207476, 83208473, 83209470, 83210467, 83211464]",1,0
832,FedPhoenixRG-Excess,1,80.44999694824219,8.721852499991655,0.0,"[72, 56, 36, 73, 67, 87, 96, 1, 70, 12]","[{""client_id"": 72, ""task_id"": 0}, {""client_id"": 56, ""task_id"": 1}, {""client_id"": 36, ""task_id"": 2}, {""client_id"": 73, ""task_id"": 3}, {""client_id"": 67, ""task_id"": 4}, {""client_id"": 87, ""task_id"": 5}, {""client_id"": 96, ""task_id"": 6}, {""client_id"": 1, ""task_id"": 7}, {""client_id"": 70, ""task_id"": 8}, {""client_id"": 12, ""task_id"": 9}]","[83302494, 83303491, 83304488, 83305485, 83306482, 83307479, 83308476, 83309473, 83310470, 83311467]",1,0
833,FedPhoenixRG-Excess,1,76.44999694824219,8.441442499984987,0.0,"[86, 9, 32, 37, 62, 39, 91, 1, 84, 45]","[{""client_id"": 86, ""task_id"": 0}, {""client_id"": 9, ""task_id"": 1}, {""client_id"": 32, ""task_id"": 2}, {""client_id"": 37, ""task_id"": 3}, {""client_id"": 62, ""task_id"": 4}, {""client_id"": 39, ""task_id"": 5}, {""client_id"": 91, ""task_id"": 6}, {""client_id"": 1, ""task_id"": 7}, {""client_id"": 84, ""task_id"": 8}, {""client_id"": 45, ""task_id"": 9}]","[83402497, 83403494, 83404491, 83405488, 83406485, 83407482, 83408479, 83409476, 83410473, 83411470]",1,0
834,FedPhoenixRG-Excess,1,79.5199966430664,8.95176010002615,0.0,"[30, 67, 68, 48, 9, 43, 84, 14, 41, 15]","[{""client_id"": 30, ""task_id"": 0}, {""client_id"": 67, ""task_id"": 1}, {""client_id"": 68, ""task_id"": 2}, {""client_id"": 48, ""task_id"": 3}, {""client_id"": 9, ""task_id"": 4}, {""client_id"": 43, ""task_id"": 5}, {""client_id"": 84, ""task_id"": 6}, {""client_id"": 14, ""task_id"": 7}, {""client_id"": 41, ""task_id"": 8}, {""client_id"": 15, ""task_id"": 9}]","[83502500, 83503497, 83504494, 83505491, 83506488, 83507485, 83508482, 83509479, 83510476, 83511473]",1,0
835,FedPhoenixRG-Excess,1,75.9800033569336,9.437927399994805,0.0,"[56, 7, 1, 75, 42, 67, 6, 66, 27, 25]","[{""client_id"": 56, ""task_id"": 0}, {""client_id"": 7, ""task_id"": 1}, {""client_id"": 1, ""task_id"": 2}, {""client_id"": 75, ""task_id"": 3}, {""client_id"": 42, ""task_id"": 4}, {""client_id"": 67, ""task_id"": 5}, {""client_id"": 6, ""task_id"": 6}, {""client_id"": 66, ""task_id"": 7}, {""client_id"": 27, ""task_id"": 8}, {""client_id"": 25, ""task_id"": 9}]","[83602503, 83603500, 83604497, 83605494, 83606491, 83607488, 83608485, 83609482, 83610479, 83611476]",1,0
836,FedPhoenixRG-Excess,1,79.3499984741211,10.897121999994852,0.0,"[64, 51, 80, 31, 33, 34, 6, 11, 69, 93]","[{""client_id"": 64, ""task_id"": 0}, {""client_id"": 51, ""task_id"": 1}, {""client_id"": 80, ""task_id"": 2}, {""client_id"": 31, ""task_id"": 3}, {""client_id"": 33, ""task_id"": 4}, {""client_id"": 34, ""task_id"": 5}, {""client_id"": 6, ""task_id"": 6}, {""client_id"": 11, ""task_id"": 7}, {""client_id"": 69, ""task_id"": 8}, {""client_id"": 93, ""task_id"": 9}]","[83702506, 83703503, 83704500, 83705497, 83706494, 83707491, 83708488, 83709485, 83710482, 83711479]",1,0
837,FedPhoenixRG-Excess,1,81.87000274658203,8.540744700003415,0.0,"[77, 92, 14, 82, 26, 10, 56, 50, 21, 59]","[{""client_id"": 77, ""task_id"": 0}, {""client_id"": 92, ""task_id"": 1}, {""client_id"": 14, ""task_id"": 2}, {""client_id"": 82, ""task_id"": 3}, {""client_id"": 26, ""task_id"": 4}, {""client_id"": 10, ""task_id"": 5}, {""client_id"": 56, ""task_id"": 6}, {""client_id"": 50, ""task_id"": 7}, {""client_id"": 21, ""task_id"": 8}, {""client_id"": 59, ""task_id"": 9}]","[83802509, 83803506, 83804503, 83805500, 83806497, 83807494, 83808491, 83809488, 83810485, 83811482]",1,0
838,FedPhoenixRG-Excess,1,81.88999938964844,8.191346600011457,0.0,"[21, 69, 31, 67, 3, 77, 96, 22, 66, 87]","[{""client_id"": 21, ""task_id"": 0}, {""client_id"": 69, ""task_id"": 1}, {""client_id"": 31, ""task_id"": 2}, {""client_id"": 67, ""task_id"": 3}, {""client_id"": 3, ""task_id"": 4}, {""client_id"": 77, ""task_id"": 5}, {""client_id"": 96, ""task_id"": 6}, {""client_id"": 22, ""task_id"": 7}, {""client_id"": 66, ""task_id"": 8}, {""client_id"": 87, ""task_id"": 9}]","[83902512, 83903509, 83904506, 83905503, 83906500, 83907497, 83908494, 83909491, 83910488, 83911485]",1,0
839,FedPhoenixRG-Excess,1,79.05000305175781,10.873607400048058,0.0,"[14, 72, 92, 53, 65, 48, 96, 3, 25, 75]","[{""client_id"": 14, ""task_id"": 0}, {""client_id"": 72, ""task_id"": 1}, {""client_id"": 92, ""task_id"": 2}, {""client_id"": 53, ""task_id"": 3}, {""client_id"": 65, ""task_id"": 4}, {""client_id"": 48, ""task_id"": 5}, {""client_id"": 96, ""task_id"": 6}, {""client_id"": 3, ""task_id"": 7}, {""client_id"": 25, ""task_id"": 8}, {""client_id"": 75, ""task_id"": 9}]","[84002515, 84003512, 84004509, 84005506, 84006503, 84007500, 84008497, 84009494, 84010491, 84011488]",1,0
840,FedPhoenixRG-Excess,1,68.02999877929688,10.174742500006687,0.0,"[58, 77, 32, 46, 37, 18, 70, 27, 49, 48]","[{""client_id"": 58, ""task_id"": 0}, {""client_id"": 77, ""task_id"": 1}, {""client_id"": 32, ""task_id"": 2}, {""client_id"": 46, ""task_id"": 3}, {""client_id"": 37, ""task_id"": 4}, {""client_id"": 18, ""task_id"": 5}, {""client_id"": 70, ""task_id"": 6}, {""client_id"": 27, ""task_id"": 7}, {""client_id"": 49, ""task_id"": 8}, {""client_id"": 48, ""task_id"": 9}]","[84102518, 84103515, 84104512, 84105509, 84106506, 84107503, 84108500, 84109497, 84110494, 84111491]",1,1
841,FedPhoenixRG-Excess,1,77.05000305175781,11.728417699981946,0.0,"[63, 25, 70, 90, 22, 58, 86, 93, 35, 17]","[{""client_id"": 63, ""task_id"": 0}, {""client_id"": 25, ""task_id"": 1}, {""client_id"": 70, ""task_id"": 2}, {""client_id"": 90, ""task_id"": 3}, {""client_id"": 22, ""task_id"": 4}, {""client_id"": 58, ""task_id"": 5}, {""client_id"": 86, ""task_id"": 6}, {""client_id"": 93, ""task_id"": 7}, {""client_id"": 35, ""task_id"": 8}, {""client_id"": 17, ""task_id"": 9}]","[84202521, 84203518, 84204515, 84205512, 84206509, 84207506, 84208503, 84209500, 84210497, 84211494]",1,0
842,FedPhoenixRG-Excess,1,65.61000061035156,8.113581900019199,0.0,"[75, 28, 59, 81, 2, 42, 99, 88, 98, 72]","[{""client_id"": 75, ""task_id"": 0}, {""client_id"": 28, ""task_id"": 1}, {""client_id"": 59, ""task_id"": 2}, {""client_id"": 81, ""task_id"": 3}, {""client_id"": 2, ""task_id"": 4}, {""client_id"": 42, ""task_id"": 5}, {""client_id"": 99, ""task_id"": 6}, {""client_id"": 88, ""task_id"": 7}, {""client_id"": 98, ""task_id"": 8}, {""client_id"": 72, ""task_id"": 9}]","[84302524, 84303521, 84304518, 84305515, 84306512, 84307509, 84308506, 84309503, 84310500, 84311497]",1,0
843,FedPhoenixRG-Excess,1,80.62000274658203,8.538971700007096,0.0,"[94, 53, 19, 78, 21, 59, 37, 82, 1, 43]","[{""client_id"": 94, ""task_id"": 0}, {""client_id"": 53, ""task_id"": 1}, {""client_id"": 19, ""task_id"": 2}, {""client_id"": 78, ""task_id"": 3}, {""client_id"": 21, ""task_id"": 4}, {""client_id"": 59, ""task_id"": 5}, {""client_id"": 37, ""task_id"": 6}, {""client_id"": 82, ""task_id"": 7}, {""client_id"": 1, ""task_id"": 8}, {""client_id"": 43, ""task_id"": 9}]","[84402527, 84403524, 84404521, 84405518, 84406515, 84407512, 84408509, 84409506, 84410503, 84411500]",1,0
844,FedPhoenixRG-Excess,1,80.98999786376953,12.809149499982595,0.0,"[58, 37, 76, 34, 47, 82, 21, 65, 52, 73]","[{""client_id"": 58, ""task_id"": 0}, {""client_id"": 37, ""task_id"": 1}, {""client_id"": 76, ""task_id"": 2}, {""client_id"": 34, ""task_id"": 3}, {""client_id"": 47, ""task_id"": 4}, {""client_id"": 82, ""task_id"": 5}, {""client_id"": 21, ""task_id"": 6}, {""client_id"": 65, ""task_id"": 7}, {""client_id"": 52, ""task_id"": 8}, {""client_id"": 73, ""task_id"": 9}]","[84502530, 84503527, 84504524, 84505521, 84506518, 84507515, 84508512, 84509509, 84510506, 84511503]",1,0
845,FedPhoenixRG-Excess,1,76.47000122070312,10.654284800053574,0.0,"[39, 32, 69, 10, 3, 86, 84, 70, 34, 23]","[{""client_id"": 39, ""task_id"": 0}, {""client_id"": 32, ""task_id"": 1}, {""client_id"": 69, ""task_id"": 2}, {""client_id"": 10, ""task_id"": 3}, {""client_id"": 3, ""task_id"": 4}, {""client_id"": 86, ""task_id"": 5}, {""client_id"": 84, ""task_id"": 6}, {""client_id"": 70, ""task_id"": 7}, {""client_id"": 34, ""task_id"": 8}, {""client_id"": 23, ""task_id"": 9}]","[84602533, 84603530, 84604527, 84605524, 84606521, 84607518, 84608515, 84609512, 84610509, 84611506]",1,0
846,FedPhoenixRG-Excess,1,72.88999938964844,10.504445199971087,0.0,"[78, 94, 75, 7, 45, 96, 28, 80, 89, 87]","[{""client_id"": 78, ""task_id"": 0}, {""client_id"": 94, ""task_id"": 1}, {""client_id"": 75, ""task_id"": 2}, {""client_id"": 7, ""task_id"": 3}, {""client_id"": 45, ""task_id"": 4}, {""client_id"": 96, ""task_id"": 5}, {""client_id"": 28, ""task_id"": 6}, {""client_id"": 80, ""task_id"": 7}, {""client_id"": 89, ""task_id"": 8}, {""client_id"": 87, ""task_id"": 9}]","[84702536, 84703533, 84704530, 84705527, 84706524, 84707521, 84708518, 84709515, 84710512, 84711509]",1,0
847,FedPhoenixRG-Excess,1,66.86000061035156,11.257498899998609,0.0,"[63, 52, 90, 48, 69, 57, 17, 76, 93, 3]","[{""client_id"": 63, ""task_id"": 0}, {""client_id"": 52, ""task_id"": 1}, {""client_id"": 90, ""task_id"": 2}, {""client_id"": 48, ""task_id"": 3}, {""client_id"": 69, ""task_id"": 4}, {""client_id"": 57, ""task_id"": 5}, {""client_id"": 17, ""task_id"": 6}, {""client_id"": 76, ""task_id"": 7}, {""client_id"": 93, ""task_id"": 8}, {""client_id"": 3, ""task_id"": 9}]","[84802539, 84803536, 84804533, 84805530, 84806527, 84807524, 84808521, 84809518, 84810515, 84811512]",1,0
848,FedPhoenixRG-Excess,1,81.98999786376953,10.541514099983033,0.0,"[25, 12, 63, 14, 69, 17, 16, 13, 56, 87]","[{""client_id"": 25, ""task_id"": 0}, {""client_id"": 12, ""task_id"": 1}, {""client_id"": 63, ""task_id"": 2}, {""client_id"": 14, ""task_id"": 3}, {""client_id"": 69, ""task_id"": 4}, {""client_id"": 17, ""task_id"": 5}, {""client_id"": 16, ""task_id"": 6}, {""client_id"": 13, ""task_id"": 7}, {""client_id"": 56, ""task_id"": 8}, {""client_id"": 87, ""task_id"": 9}]","[84902542, 84903539, 84904536, 84905533, 84906530, 84907527, 84908524, 84909521, 84910518, 84911515]",1,0
849,FedPhoenixRG-Excess,1,80.36000061035156,9.330215100024361,0.0,"[59, 89, 79, 9, 66, 35, 0, 92, 93, 86]","[{""client_id"": 59, ""task_id"": 0}, {""client_id"": 89, ""task_id"": 1}, {""client_id"": 79, ""task_id"": 2}, {""client_id"": 9, ""task_id"": 3}, {""client_id"": 66, ""task_id"": 4}, {""client_id"": 35, ""task_id"": 5}, {""client_id"": 0, ""task_id"": 6}, {""client_id"": 92, ""task_id"": 7}, {""client_id"": 93, ""task_id"": 8}, {""client_id"": 86, ""task_id"": 9}]","[85002545, 85003542, 85004539, 85005536, 85006533, 85007530, 85008527, 85009524, 85010521, 85011518]",1,0
850,FedPhoenixRG-Excess,1,81.29000091552734,9.595499799994286,0.0,"[11, 92, 39, 30, 36, 19, 26, 28, 35, 97]","[{""client_id"": 11, ""task_id"": 0}, {""client_id"": 92, ""task_id"": 1}, {""client_id"": 39, ""task_id"": 2}, {""client_id"": 30, ""task_id"": 3}, {""client_id"": 36, ""task_id"": 4}, {""client_id"": 19, ""task_id"": 5}, {""client_id"": 26, ""task_id"": 6}, {""client_id"": 28, ""task_id"": 7}, {""client_id"": 35, ""task_id"": 8}, {""client_id"": 97, ""task_id"": 9}]","[85102548, 85103545, 85104542, 85105539, 85106536, 85107533, 85108530, 85109527, 85110524, 85111521]",1,0
851,FedPhoenixRG-Excess,1,80.48999786376953,10.168846199987456,0.0,"[68, 42, 1, 26, 33, 19, 0, 14, 92, 18]","[{""client_id"": 68, ""task_id"": 0}, {""client_id"": 42, ""task_id"": 1}, {""client_id"": 1, ""task_id"": 2}, {""client_id"": 26, ""task_id"": 3}, {""client_id"": 33, ""task_id"": 4}, {""client_id"": 19, ""task_id"": 5}, {""client_id"": 0, ""task_id"": 6}, {""client_id"": 14, ""task_id"": 7}, {""client_id"": 92, ""task_id"": 8}, {""client_id"": 18, ""task_id"": 9}]","[85202551, 85203548, 85204545, 85205542, 85206539, 85207536, 85208533, 85209530, 85210527, 85211524]",1,0
852,FedPhoenixRG-Excess,1,81.69000244140625,9.61517659999663,0.0,"[74, 88, 59, 36, 45, 71, 20, 15, 89, 53]","[{""client_id"": 74, ""task_id"": 0}, {""client_id"": 88, ""task_id"": 1}, {""client_id"": 59, ""task_id"": 2}, {""client_id"": 36, ""task_id"": 3}, {""client_id"": 45, ""task_id"": 4}, {""client_id"": 71, ""task_id"": 5}, {""client_id"": 20, ""task_id"": 6}, {""client_id"": 15, ""task_id"": 7}, {""client_id"": 89, ""task_id"": 8}, {""client_id"": 53, ""task_id"": 9}]","[85302554, 85303551, 85304548, 85305545, 85306542, 85307539, 85308536, 85309533, 85310530, 85311527]",1,0
853,FedPhoenixRG-Excess,1,79.04000091552734,9.267397799994797,0.0,"[96, 71, 17, 89, 81, 21, 52, 64, 4, 42]","[{""client_id"": 96, ""task_id"": 0}, {""client_id"": 71, ""task_id"": 1}, {""client_id"": 17, ""task_id"": 2}, {""client_id"": 89, ""task_id"": 3}, {""client_id"": 81, ""task_id"": 4}, {""client_id"": 21, ""task_id"": 5}, {""client_id"": 52, ""task_id"": 6}, {""client_id"": 64, ""task_id"": 7}, {""client_id"": 4, ""task_id"": 8}, {""client_id"": 42, ""task_id"": 9}]","[85402557, 85403554, 85404551, 85405548, 85406545, 85407542, 85408539, 85409536, 85410533, 85411530]",1,0
854,FedPhoenixRG-Excess,1,76.06999969482422,9.719438100000843,0.0,"[23, 83, 90, 60, 72, 74, 46, 76, 59, 86]","[{""client_id"": 23, ""task_id"": 0}, {""client_id"": 83, ""task_id"": 1}, {""client_id"": 90, ""task_id"": 2}, {""client_id"": 60, ""task_id"": 3}, {""client_id"": 72, ""task_id"": 4}, {""client_id"": 74, ""task_id"": 5}, {""client_id"": 46, ""task_id"": 6}, {""client_id"": 76, ""task_id"": 7}, {""client_id"": 59, ""task_id"": 8}, {""client_id"": 86, ""task_id"": 9}]","[85502560, 85503557, 85504554, 85505551, 85506548, 85507545, 85508542, 85509539, 85510536, 85511533]",1,0
855,FedPhoenixRG-Excess,1,80.06999969482422,8.092699999979232,0.0,"[21, 77, 83, 4, 60, 62, 94, 13, 27, 95]","[{""client_id"": 21, ""task_id"": 0}, {""client_id"": 77, ""task_id"": 1}, {""client_id"": 83, ""task_id"": 2}, {""client_id"": 4, ""task_id"": 3}, {""client_id"": 60, ""task_id"": 4}, {""client_id"": 62, ""task_id"": 5}, {""client_id"": 94, ""task_id"": 6}, {""client_id"": 13, ""task_id"": 7}, {""client_id"": 27, ""task_id"": 8}, {""client_id"": 95, ""task_id"": 9}]","[85602563, 85603560, 85604557, 85605554, 85606551, 85607548, 85608545, 85609542, 85610539, 85611536]",1,0
856,FedPhoenixRG-Excess,1,81.62999725341797,10.680339900020044,0.0,"[21, 66, 47, 58, 76, 95, 52, 62, 88, 46]","[{""client_id"": 21, ""task_id"": 0}, {""client_id"": 66, ""task_id"": 1}, {""client_id"": 47, ""task_id"": 2}, {""client_id"": 58, ""task_id"": 3}, {""client_id"": 76, ""task_id"": 4}, {""client_id"": 95, ""task_id"": 5}, {""client_id"": 52, ""task_id"": 6}, {""client_id"": 62, ""task_id"": 7}, {""client_id"": 88, ""task_id"": 8}, {""client_id"": 46, ""task_id"": 9}]","[85702566, 85703563, 85704560, 85705557, 85706554, 85707551, 85708548, 85709545, 85710542, 85711539]",1,0
857,FedPhoenixRG-Excess,1,81.33999633789062,9.08383740001591,0.0,"[67, 8, 71, 13, 68, 86, 47, 78, 83, 79]","[{""client_id"": 67, ""task_id"": 0}, {""client_id"": 8, ""task_id"": 1}, {""client_id"": 71, ""task_id"": 2}, {""client_id"": 13, ""task_id"": 3}, {""client_id"": 68, ""task_id"": 4}, {""client_id"": 86, ""task_id"": 5}, {""client_id"": 47, ""task_id"": 6}, {""client_id"": 78, ""task_id"": 7}, {""client_id"": 83, ""task_id"": 8}, {""client_id"": 79, ""task_id"": 9}]","[85802569, 85803566, 85804563, 85805560, 85806557, 85807554, 85808551, 85809548, 85810545, 85811542]",1,0
858,FedPhoenixRG-Excess,1,82.30999755859375,9.926827900053468,0.0,"[14, 56, 17, 73, 87, 72, 0, 59, 60, 50]","[{""client_id"": 14, ""task_id"": 0}, {""client_id"": 56, ""task_id"": 1}, {""client_id"": 17, ""task_id"": 2}, {""client_id"": 73, ""task_id"": 3}, {""client_id"": 87, ""task_id"": 4}, {""client_id"": 72, ""task_id"": 5}, {""client_id"": 0, ""task_id"": 6}, {""client_id"": 59, ""task_id"": 7}, {""client_id"": 60, ""task_id"": 8}, {""client_id"": 50, ""task_id"": 9}]","[85902572, 85903569, 85904566, 85905563, 85906560, 85907557, 85908554, 85909551, 85910548, 85911545]",1,0
859,FedPhoenixRG-Excess,1,80.36000061035156,9.006405399995856,0.0,"[72, 37, 70, 1, 81, 27, 64, 44, 53, 26]","[{""client_id"": 72, ""task_id"": 0}, {""client_id"": 37, ""task_id"": 1}, {""client_id"": 70, ""task_id"": 2}, {""client_id"": 1, ""task_id"": 3}, {""client_id"": 81, ""task_id"": 4}, {""client_id"": 27, ""task_id"": 5}, {""client_id"": 64, ""task_id"": 6}, {""client_id"": 44, ""task_id"": 7}, {""client_id"": 53, ""task_id"": 8}, {""client_id"": 26, ""task_id"": 9}]","[86002575, 86003572, 86004569, 86005566, 86006563, 86007560, 86008557, 86009554, 86010551, 86011548]",1,0
860,FedPhoenixRG-Excess,1,70.01000213623047,9.643458900041878,0.0,"[64, 47, 6, 75, 3, 92, 78, 8, 99, 52]","[{""client_id"": 64, ""task_id"": 0}, {""client_id"": 47, ""task_id"": 1}, {""client_id"": 6, ""task_id"": 2}, {""client_id"": 75, ""task_id"": 3}, {""client_id"": 3, ""task_id"": 4}, {""client_id"": 92, ""task_id"": 5}, {""client_id"": 78, ""task_id"": 6}, {""client_id"": 8, ""task_id"": 7}, {""client_id"": 99, ""task_id"": 8}, {""client_id"": 52, ""task_id"": 9}]","[86102578, 86103575, 86104572, 86105569, 86106566, 86107563, 86108560, 86109557, 86110554, 86111551]",1,1
861,FedPhoenixRG-Excess,1,72.33999633789062,9.804376800020691,0.0,"[64, 13, 26, 58, 41, 28, 30, 3, 56, 99]","[{""client_id"": 64, ""task_id"": 0}, {""client_id"": 13, ""task_id"": 1}, {""client_id"": 26, ""task_id"": 2}, {""client_id"": 58, ""task_id"": 3}, {""client_id"": 41, ""task_id"": 4}, {""client_id"": 28, ""task_id"": 5}, {""client_id"": 30, ""task_id"": 6}, {""client_id"": 3, ""task_id"": 7}, {""client_id"": 56, ""task_id"": 8}, {""client_id"": 99, ""task_id"": 9}]","[86202581, 86203578, 86204575, 86205572, 86206569, 86207566, 86208563, 86209560, 86210557, 86211554]",1,0
862,FedPhoenixRG-Excess,1,77.76000213623047,10.961677499988582,0.0,"[27, 94, 55, 65, 68, 97, 70, 71, 4, 15]","[{""client_id"": 27, ""task_id"": 0}, {""client_id"": 94, ""task_id"": 1}, {""client_id"": 55, ""task_id"": 2}, {""client_id"": 65, ""task_id"": 3}, {""client_id"": 68, ""task_id"": 4}, {""client_id"": 97, ""task_id"": 5}, {""client_id"": 70, ""task_id"": 6}, {""client_id"": 71, ""task_id"": 7}, {""client_id"": 4, ""task_id"": 8}, {""client_id"": 15, ""task_id"": 9}]","[86302584, 86303581, 86304578, 86305575, 86306572, 86307569, 86308566, 86309563, 86310560, 86311557]",1,0
863,FedPhoenixRG-Excess,1,74.80999755859375,8.675481700047385,0.0,"[59, 89, 61, 43, 90, 4, 14, 40, 11, 85]","[{""client_id"": 59, ""task_id"": 0}, {""client_id"": 89, ""task_id"": 1}, {""client_id"": 61, ""task_id"": 2}, {""client_id"": 43, ""task_id"": 3}, {""client_id"": 90, ""task_id"": 4}, {""client_id"": 4, ""task_id"": 5}, {""client_id"": 14, ""task_id"": 6}, {""client_id"": 40, ""task_id"": 7}, {""client_id"": 11, ""task_id"": 8}, {""client_id"": 85, ""task_id"": 9}]","[86402587, 86403584, 86404581, 86405578, 86406575, 86407572, 86408569, 86409566, 86410563, 86411560]",1,0
864,FedPhoenixRG-Excess,1,76.05999755859375,8.765003100037575,0.0,"[36, 61, 77, 95, 32, 31, 27, 79, 94, 59]","[{""client_id"": 36, ""task_id"": 0}, {""client_id"": 61, ""task_id"": 1}, {""client_id"": 77, ""task_id"": 2}, {""client_id"": 95, ""task_id"": 3}, {""client_id"": 32, ""task_id"": 4}, {""client_id"": 31, ""task_id"": 5}, {""client_id"": 27, ""task_id"": 6}, {""client_id"": 79, ""task_id"": 7}, {""client_id"": 94, ""task_id"": 8}, {""client_id"": 59, ""task_id"": 9}]","[86502590, 86503587, 86504584, 86505581, 86506578, 86507575, 86508572, 86509569, 86510566, 86511563]",1,0
865,FedPhoenixRG-Excess,1,78.73999786376953,9.515938600001391,0.0,"[20, 66, 76, 37, 92, 74, 80, 22, 32, 51]","[{""client_id"": 20, ""task_id"": 0}, {""client_id"": 66, ""task_id"": 1}, {""client_id"": 76, ""task_id"": 2}, {""client_id"": 37, ""task_id"": 3}, {""client_id"": 92, ""task_id"": 4}, {""client_id"": 74, ""task_id"": 5}, {""client_id"": 80, ""task_id"": 6}, {""client_id"": 22, ""task_id"": 7}, {""client_id"": 32, ""task_id"": 8}, {""client_id"": 51, ""task_id"": 9}]","[86602593, 86603590, 86604587, 86605584, 86606581, 86607578, 86608575, 86609572, 86610569, 86611566]",1,0
866,FedPhoenixRG-Excess,1,73.36000061035156,8.53730219998397,0.0,"[32, 70, 73, 74, 4, 67, 28, 30, 64, 12]","[{""client_id"": 32, ""task_id"": 0}, {""client_id"": 70, ""task_id"": 1}, {""client_id"": 73, ""task_id"": 2}, {""client_id"": 74, ""task_id"": 3}, {""client_id"": 4, ""task_id"": 4}, {""client_id"": 67, ""task_id"": 5}, {""client_id"": 28, ""task_id"": 6}, {""client_id"": 30, ""task_id"": 7}, {""client_id"": 64, ""task_id"": 8}, {""client_id"": 12, ""task_id"": 9}]","[86702596, 86703593, 86704590, 86705587, 86706584, 86707581, 86708578, 86709575, 86710572, 86711569]",1,0
867,FedPhoenixRG-Excess,1,78.13999938964844,11.387489199987613,0.0,"[26, 57, 14, 20, 93, 43, 18, 36, 44, 56]","[{""client_id"": 26, ""task_id"": 0}, {""client_id"": 57, ""task_id"": 1}, {""client_id"": 14, ""task_id"": 2}, {""client_id"": 20, ""task_id"": 3}, {""client_id"": 93, ""task_id"": 4}, {""client_id"": 43, ""task_id"": 5}, {""client_id"": 18, ""task_id"": 6}, {""client_id"": 36, ""task_id"": 7}, {""client_id"": 44, ""task_id"": 8}, {""client_id"": 56, ""task_id"": 9}]","[86802599, 86803596, 86804593, 86805590, 86806587, 86807584, 86808581, 86809578, 86810575, 86811572]",1,0
868,FedPhoenixRG-Excess,1,72.9000015258789,10.89136629999848,0.0,"[93, 73, 2, 3, 28, 0, 19, 39, 60, 33]","[{""client_id"": 93, ""task_id"": 0}, {""client_id"": 73, ""task_id"": 1}, {""client_id"": 2, ""task_id"": 2}, {""client_id"": 3, ""task_id"": 3}, {""client_id"": 28, ""task_id"": 4}, {""client_id"": 0, ""task_id"": 5}, {""client_id"": 19, ""task_id"": 6}, {""client_id"": 39, ""task_id"": 7}, {""client_id"": 60, ""task_id"": 8}, {""client_id"": 33, ""task_id"": 9}]","[86902602, 86903599, 86904596, 86905593, 86906590, 86907587, 86908584, 86909581, 86910578, 86911575]",1,0
869,FedPhoenixRG-Excess,1,80.18000030517578,9.58963629999198,0.0,"[79, 20, 47, 76, 89, 19, 2, 3, 64, 83]","[{""client_id"": 79, ""task_id"": 0}, {""client_id"": 20, ""task_id"": 1}, {""client_id"": 47, ""task_id"": 2}, {""client_id"": 76, ""task_id"": 3}, {""client_id"": 89, ""task_id"": 4}, {""client_id"": 19, ""task_id"": 5}, {""client_id"": 2, ""task_id"": 6}, {""client_id"": 3, ""task_id"": 7}, {""client_id"": 64, ""task_id"": 8}, {""client_id"": 83, ""task_id"": 9}]","[87002605, 87003602, 87004599, 87005596, 87006593, 87007590, 87008587, 87009584, 87010581, 87011578]",1,0
870,FedPhoenixRG-Excess,1,79.44999694824219,9.269721899996512,0.0,"[71, 9, 88, 17, 50, 86, 47, 91, 67, 83]","[{""client_id"": 71, ""task_id"": 0}, {""client_id"": 9, ""task_id"": 1}, {""client_id"": 88, ""task_id"": 2}, {""client_id"": 17, ""task_id"": 3}, {""client_id"": 50, ""task_id"": 4}, {""client_id"": 86, ""task_id"": 5}, {""client_id"": 47, ""task_id"": 6}, {""client_id"": 91, ""task_id"": 7}, {""client_id"": 67, ""task_id"": 8}, {""client_id"": 83, ""task_id"": 9}]","[87102608, 87103605, 87104602, 87105599, 87106596, 87107593, 87108590, 87109587, 87110584, 87111581]",1,0
871,FedPhoenixRG-Excess,1,81.66000366210938,9.185858499957249,0.0,"[51, 46, 27, 21, 71, 42, 18, 90, 20, 49]","[{""client_id"": 51, ""task_id"": 0}, {""client_id"": 46, ""task_id"": 1}, {""client_id"": 27, ""task_id"": 2}, {""client_id"": 21, ""task_id"": 3}, {""client_id"": 71, ""task_id"": 4}, {""client_id"": 42, ""task_id"": 5}, {""client_id"": 18, ""task_id"": 6}, {""client_id"": 90, ""task_id"": 7}, {""client_id"": 20, ""task_id"": 8}, {""client_id"": 49, ""task_id"": 9}]","[87202611, 87203608, 87204605, 87205602, 87206599, 87207596, 87208593, 87209590, 87210587, 87211584]",1,0
872,FedPhoenixRG-Excess,1,81.55000305175781,9.430659800011199,0.0,"[33, 70, 27, 35, 61, 18, 77, 39, 24, 55]","[{""client_id"": 33, ""task_id"": 0}, {""client_id"": 70, ""task_id"": 1}, {""client_id"": 27, ""task_id"": 2}, {""client_id"": 35, ""task_id"": 3}, {""client_id"": 61, ""task_id"": 4}, {""client_id"": 18, ""task_id"": 5}, {""client_id"": 77, ""task_id"": 6}, {""client_id"": 39, ""task_id"": 7}, {""client_id"": 24, ""task_id"": 8}, {""client_id"": 55, ""task_id"": 9}]","[87302614, 87303611, 87304608, 87305605, 87306602, 87307599, 87308596, 87309593, 87310590, 87311587]",1,0
873,FedPhoenixRG-Excess,1,81.36000061035156,11.882190599979367,0.0,"[7, 36, 95, 50, 30, 88, 16, 76, 25, 23]","[{""client_id"": 7, ""task_id"": 0}, {""client_id"": 36, ""task_id"": 1}, {""client_id"": 95, ""task_id"": 2}, {""client_id"": 50, ""task_id"": 3}, {""client_id"": 30, ""task_id"": 4}, {""client_id"": 88, ""task_id"": 5}, {""client_id"": 16, ""task_id"": 6}, {""client_id"": 76, ""task_id"": 7}, {""client_id"": 25, ""task_id"": 8}, {""client_id"": 23, ""task_id"": 9}]","[87402617, 87403614, 87404611, 87405608, 87406605, 87407602, 87408599, 87409596, 87410593, 87411590]",1,0
874,FedPhoenixRG-Excess,1,77.97000122070312,11.295474499987904,0.0,"[51, 97, 79, 73, 60, 89, 65, 54, 61, 11]","[{""client_id"": 51, ""task_id"": 0}, {""client_id"": 97, ""task_id"": 1}, {""client_id"": 79, ""task_id"": 2}, {""client_id"": 73, ""task_id"": 3}, {""client_id"": 60, ""task_id"": 4}, {""client_id"": 89, ""task_id"": 5}, {""client_id"": 65, ""task_id"": 6}, {""client_id"": 54, ""task_id"": 7}, {""client_id"": 61, ""task_id"": 8}, {""client_id"": 11, ""task_id"": 9}]","[87502620, 87503617, 87504614, 87505611, 87506608, 87507605, 87508602, 87509599, 87510596, 87511593]",1,0
875,FedPhoenixRG-Excess,1,77.79000091552734,11.915406300046016,0.0,"[18, 41, 80, 33, 2, 66, 25, 81, 46, 14]","[{""client_id"": 18, ""task_id"": 0}, {""client_id"": 41, ""task_id"": 1}, {""client_id"": 80, ""task_id"": 2}, {""client_id"": 33, ""task_id"": 3}, {""client_id"": 2, ""task_id"": 4}, {""client_id"": 66, ""task_id"": 5}, {""client_id"": 25, ""task_id"": 6}, {""client_id"": 81, ""task_id"": 7}, {""client_id"": 46, ""task_id"": 8}, {""client_id"": 14, ""task_id"": 9}]","[87602623, 87603620, 87604617, 87605614, 87606611, 87607608, 87608605, 87609602, 87610599, 87611596]",1,0
876,FedPhoenixRG-Excess,1,81.30000305175781,9.578939900035039,0.0,"[56, 74, 71, 25, 33, 38, 99, 10, 3, 50]","[{""client_id"": 56, ""task_id"": 0}, {""client_id"": 74, ""task_id"": 1}, {""client_id"": 71, ""task_id"": 2}, {""client_id"": 25, ""task_id"": 3}, {""client_id"": 33, ""task_id"": 4}, {""client_id"": 38, ""task_id"": 5}, {""client_id"": 99, ""task_id"": 6}, {""client_id"": 10, ""task_id"": 7}, {""client_id"": 3, ""task_id"": 8}, {""client_id"": 50, ""task_id"": 9}]","[87702626, 87703623, 87704620, 87705617, 87706614, 87707611, 87708608, 87709605, 87710602, 87711599]",1,0
877,FedPhoenixRG-Excess,1,78.19999694824219,8.60891199996695,0.0,"[17, 66, 96, 84, 28, 64, 1, 24, 71, 31]","[{""client_id"": 17, ""task_id"": 0}, {""client_id"": 66, ""task_id"": 1}, {""client_id"": 96, ""task_id"": 2}, {""client_id"": 84, ""task_id"": 3}, {""client_id"": 28, ""task_id"": 4}, {""client_id"": 64, ""task_id"": 5}, {""client_id"": 1, ""task_id"": 6}, {""client_id"": 24, ""task_id"": 7}, {""client_id"": 71, ""task_id"": 8}, {""client_id"": 31, ""task_id"": 9}]","[87802629, 87803626, 87804623, 87805620, 87806617, 87807614, 87808611, 87809608, 87810605, 87811602]",1,0
878,FedPhoenixRG-Excess,1,79.19999694824219,10.373232699988876,0.0,"[8, 7, 49, 26, 70, 38, 65, 72, 43, 71]","[{""client_id"": 8, ""task_id"": 0}, {""client_id"": 7, ""task_id"": 1}, {""client_id"": 49, ""task_id"": 2}, {""client_id"": 26, ""task_id"": 3}, {""client_id"": 70, ""task_id"": 4}, {""client_id"": 38, ""task_id"": 5}, {""client_id"": 65, ""task_id"": 6}, {""client_id"": 72, ""task_id"": 7}, {""client_id"": 43, ""task_id"": 8}, {""client_id"": 71, ""task_id"": 9}]","[87902632, 87903629, 87904626, 87905623, 87906620, 87907617, 87908614, 87909611, 87910608, 87911605]",1,0
879,FedPhoenixRG-Excess,1,70.81999969482422,8.90154839999741,0.0,"[77, 41, 28, 68, 93, 45, 12, 30, 43, 18]","[{""client_id"": 77, ""task_id"": 0}, {""client_id"": 41, ""task_id"": 1}, {""client_id"": 28, ""task_id"": 2}, {""client_id"": 68, ""task_id"": 3}, {""client_id"": 93, ""task_id"": 4}, {""client_id"": 45, ""task_id"": 5}, {""client_id"": 12, ""task_id"": 6}, {""client_id"": 30, ""task_id"": 7}, {""client_id"": 43, ""task_id"": 8}, {""client_id"": 18, ""task_id"": 9}]","[88002635, 88003632, 88004629, 88005626, 88006623, 88007620, 88008617, 88009614, 88010611, 88011608]",1,0
880,FedPhoenixRG-Excess,1,82.12999725341797,9.713933399994858,0.0,"[90, 19, 7, 53, 29, 45, 84, 44, 24, 35]","[{""client_id"": 90, ""task_id"": 0}, {""client_id"": 19, ""task_id"": 1}, {""client_id"": 7, ""task_id"": 2}, {""client_id"": 53, ""task_id"": 3}, {""client_id"": 29, ""task_id"": 4}, {""client_id"": 45, ""task_id"": 5}, {""client_id"": 84, ""task_id"": 6}, {""client_id"": 44, ""task_id"": 7}, {""client_id"": 24, ""task_id"": 8}, {""client_id"": 35, ""task_id"": 9}]","[88102638, 88103635, 88104632, 88105629, 88106626, 88107623, 88108620, 88109617, 88110614, 88111611]",1,1
881,FedPhoenixRG-Excess,1,77.88999938964844,10.335119499999564,0.0,"[3, 59, 25, 94, 57, 95, 5, 89, 72, 34]","[{""client_id"": 3, ""task_id"": 0}, {""client_id"": 59, ""task_id"": 1}, {""client_id"": 25, ""task_id"": 2}, {""client_id"": 94, ""task_id"": 3}, {""client_id"": 57, ""task_id"": 4}, {""client_id"": 95, ""task_id"": 5}, {""client_id"": 5, ""task_id"": 6}, {""client_id"": 89, ""task_id"": 7}, {""client_id"": 72, ""task_id"": 8}, {""client_id"": 34, ""task_id"": 9}]","[88202641, 88203638, 88204635, 88205632, 88206629, 88207626, 88208623, 88209620, 88210617, 88211614]",1,0
882,FedPhoenixRG-Excess,1,81.29000091552734,9.62669340003049,0.0,"[51, 93, 91, 92, 60, 34, 47, 48, 80, 31]","[{""client_id"": 51, ""task_id"": 0}, {""client_id"": 93, ""task_id"": 1}, {""client_id"": 91, ""task_id"": 2}, {""client_id"": 92, ""task_id"": 3}, {""client_id"": 60, ""task_id"": 4}, {""client_id"": 34, ""task_id"": 5}, {""client_id"": 47, ""task_id"": 6}, {""client_id"": 48, ""task_id"": 7}, {""client_id"": 80, ""task_id"": 8}, {""client_id"": 31, ""task_id"": 9}]","[88302644, 88303641, 88304638, 88305635, 88306632, 88307629, 88308626, 88309623, 88310620, 88311617]",1,0
883,FedPhoenixRG-Excess,1,80.4800033569336,10.003673800034449,0.0,"[7, 91, 89, 90, 56, 95, 16, 50, 52, 53]","[{""client_id"": 7, ""task_id"": 0}, {""client_id"": 91, ""task_id"": 1}, {""client_id"": 89, ""task_id"": 2}, {""client_id"": 90, ""task_id"": 3}, {""client_id"": 56, ""task_id"": 4}, {""client_id"": 95, ""task_id"": 5}, {""client_id"": 16, ""task_id"": 6}, {""client_id"": 50, ""task_id"": 7}, {""client_id"": 52, ""task_id"": 8}, {""client_id"": 53, ""task_id"": 9}]","[88402647, 88403644, 88404641, 88405638, 88406635, 88407632, 88408629, 88409626, 88410623, 88411620]",1,0
884,FedPhoenixRG-Excess,1,82.0,9.885828400030732,0.0,"[33, 16, 91, 85, 9, 83, 56, 7, 5, 51]","[{""client_id"": 33, ""task_id"": 0}, {""client_id"": 16, ""task_id"": 1}, {""client_id"": 91, ""task_id"": 2}, {""client_id"": 85, ""task_id"": 3}, {""client_id"": 9, ""task_id"": 4}, {""client_id"": 83, ""task_id"": 5}, {""client_id"": 56, ""task_id"": 6}, {""client_id"": 7, ""task_id"": 7}, {""client_id"": 5, ""task_id"": 8}, {""client_id"": 51, ""task_id"": 9}]","[88502650, 88503647, 88504644, 88505641, 88506638, 88507635, 88508632, 88509629, 88510626, 88511623]",1,0
885,FedPhoenixRG-Excess,1,81.01000213623047,10.866354800004046,0.0,"[9, 71, 80, 20, 23, 61, 95, 43, 46, 90]","[{""client_id"": 9, ""task_id"": 0}, {""client_id"": 71, ""task_id"": 1}, {""client_id"": 80, ""task_id"": 2}, {""client_id"": 20, ""task_id"": 3}, {""client_id"": 23, ""task_id"": 4}, {""client_id"": 61, ""task_id"": 5}, {""client_id"": 95, ""task_id"": 6}, {""client_id"": 43, ""task_id"": 7}, {""client_id"": 46, ""task_id"": 8}, {""client_id"": 90, ""task_id"": 9}]","[88602653, 88603650, 88604647, 88605644, 88606641, 88607638, 88608635, 88609632, 88610629, 88611626]",1,0
886,FedPhoenixRG-Excess,1,80.25,10.061152099980973,0.0,"[90, 20, 83, 26, 92, 3, 0, 42, 77, 65]","[{""client_id"": 90, ""task_id"": 0}, {""client_id"": 20, ""task_id"": 1}, {""client_id"": 83, ""task_id"": 2}, {""client_id"": 26, ""task_id"": 3}, {""client_id"": 92, ""task_id"": 4}, {""client_id"": 3, ""task_id"": 5}, {""client_id"": 0, ""task_id"": 6}, {""client_id"": 42, ""task_id"": 7}, {""client_id"": 77, ""task_id"": 8}, {""client_id"": 65, ""task_id"": 9}]","[88702656, 88703653, 88704650, 88705647, 88706644, 88707641, 88708638, 88709635, 88710632, 88711629]",1,0
887,FedPhoenixRG-Excess,1,71.66000366210938,10.093826099997386,0.0,"[34, 69, 35, 83, 79, 66, 41, 52, 46, 57]","[{""client_id"": 34, ""task_id"": 0}, {""client_id"": 69, ""task_id"": 1}, {""client_id"": 35, ""task_id"": 2}, {""client_id"": 83, ""task_id"": 3}, {""client_id"": 79, ""task_id"": 4}, {""client_id"": 66, ""task_id"": 5}, {""client_id"": 41, ""task_id"": 6}, {""client_id"": 52, ""task_id"": 7}, {""client_id"": 46, ""task_id"": 8}, {""client_id"": 57, ""task_id"": 9}]","[88802659, 88803656, 88804653, 88805650, 88806647, 88807644, 88808641, 88809638, 88810635, 88811632]",1,0
888,FedPhoenixRG-Excess,1,81.62999725341797,10.053292499971576,0.0,"[79, 59, 90, 11, 25, 70, 31, 61, 54, 6]","[{""client_id"": 79, ""task_id"": 0}, {""client_id"": 59, ""task_id"": 1}, {""client_id"": 90, ""task_id"": 2}, {""client_id"": 11, ""task_id"": 3}, {""client_id"": 25, ""task_id"": 4}, {""client_id"": 70, ""task_id"": 5}, {""client_id"": 31, ""task_id"": 6}, {""client_id"": 61, ""task_id"": 7}, {""client_id"": 54, ""task_id"": 8}, {""client_id"": 6, ""task_id"": 9}]","[88902662, 88903659, 88904656, 88905653, 88906650, 88907647, 88908644, 88909641, 88910638, 88911635]",1,0
889,FedPhoenixRG-Excess,1,82.2699966430664,8.991740400029812,0.0,"[7, 45, 66, 18, 43, 98, 16, 49, 41, 67]","[{""client_id"": 7, ""task_id"": 0}, {""client_id"": 45, ""task_id"": 1}, {""client_id"": 66, ""task_id"": 2}, {""client_id"": 18, ""task_id"": 3}, {""client_id"": 43, ""task_id"": 4}, {""client_id"": 98, ""task_id"": 5}, {""client_id"": 16, ""task_id"": 6}, {""client_id"": 49, ""task_id"": 7}, {""client_id"": 41, ""task_id"": 8}, {""client_id"": 67, ""task_id"": 9}]","[89002665, 89003662, 89004659, 89005656, 89006653, 89007650, 89008647, 89009644, 89010641, 89011638]",1,0
890,FedPhoenixRG-Excess,1,81.36000061035156,10.679719100007787,0.0,"[29, 41, 94, 75, 83, 37, 62, 48, 95, 7]","[{""client_id"": 29, ""task_id"": 0}, {""client_id"": 41, ""task_id"": 1}, {""client_id"": 94, ""task_id"": 2}, {""client_id"": 75, ""task_id"": 3}, {""client_id"": 83, ""task_id"": 4}, {""client_id"": 37, ""task_id"": 5}, {""client_id"": 62, ""task_id"": 6}, {""client_id"": 48, ""task_id"": 7}, {""client_id"": 95, ""task_id"": 8}, {""client_id"": 7, ""task_id"": 9}]","[89102668, 89103665, 89104662, 89105659, 89106656, 89107653, 89108650, 89109647, 89110644, 89111641]",1,0
891,FedPhoenixRG-Excess,1,81.66000366210938,9.748522399982903,0.0,"[45, 82, 86, 54, 4, 75, 96, 22, 16, 20]","[{""client_id"": 45, ""task_id"": 0}, {""client_id"": 82, ""task_id"": 1}, {""client_id"": 86, ""task_id"": 2}, {""client_id"": 54, ""task_id"": 3}, {""client_id"": 4, ""task_id"": 4}, {""client_id"": 75, ""task_id"": 5}, {""client_id"": 96, ""task_id"": 6}, {""client_id"": 22, ""task_id"": 7}, {""client_id"": 16, ""task_id"": 8}, {""client_id"": 20, ""task_id"": 9}]","[89202671, 89203668, 89204665, 89205662, 89206659, 89207656, 89208653, 89209650, 89210647, 89211644]",1,0
892,FedPhoenixRG-Excess,1,77.20999908447266,9.310408000019379,0.0,"[65, 27, 93, 59, 43, 80, 32, 98, 41, 90]","[{""client_id"": 65, ""task_id"": 0}, {""client_id"": 27, ""task_id"": 1}, {""client_id"": 93, ""task_id"": 2}, {""client_id"": 59, ""task_id"": 3}, {""client_id"": 43, ""task_id"": 4}, {""client_id"": 80, ""task_id"": 5}, {""client_id"": 32, ""task_id"": 6}, {""client_id"": 98, ""task_id"": 7}, {""client_id"": 41, ""task_id"": 8}, {""client_id"": 90, ""task_id"": 9}]","[89302674, 89303671, 89304668, 89305665, 89306662, 89307659, 89308656, 89309653, 89310650, 89311647]",1,0
893,FedPhoenixRG-Excess,1,78.0,8.506682099949103,0.0,"[27, 75, 97, 51, 86, 99, 85, 4, 76, 74]","[{""client_id"": 27, ""task_id"": 0}, {""client_id"": 75, ""task_id"": 1}, {""client_id"": 97, ""task_id"": 2}, {""client_id"": 51, ""task_id"": 3}, {""client_id"": 86, ""task_id"": 4}, {""client_id"": 99, ""task_id"": 5}, {""client_id"": 85, ""task_id"": 6}, {""client_id"": 4, ""task_id"": 7}, {""client_id"": 76, ""task_id"": 8}, {""client_id"": 74, ""task_id"": 9}]","[89402677, 89403674, 89404671, 89405668, 89406665, 89407662, 89408659, 89409656, 89410653, 89411650]",1,0
894,FedPhoenixRG-Excess,1,72.75,11.368296100001317,0.0,"[94, 20, 83, 84, 73, 79, 39, 78, 16, 65]","[{""client_id"": 94, ""task_id"": 0}, {""client_id"": 20, ""task_id"": 1}, {""client_id"": 83, ""task_id"": 2}, {""client_id"": 84, ""task_id"": 3}, {""client_id"": 73, ""task_id"": 4}, {""client_id"": 79, ""task_id"": 5}, {""client_id"": 39, ""task_id"": 6}, {""client_id"": 78, ""task_id"": 7}, {""client_id"": 16, ""task_id"": 8}, {""client_id"": 65, ""task_id"": 9}]","[89502680, 89503677, 89504674, 89505671, 89506668, 89507665, 89508662, 89509659, 89510656, 89511653]",1,0
895,FedPhoenixRG-Excess,1,74.66999816894531,11.051098100026138,0.0,"[23, 49, 72, 27, 67, 12, 69, 93, 58, 89]","[{""client_id"": 23, ""task_id"": 0}, {""client_id"": 49, ""task_id"": 1}, {""client_id"": 72, ""task_id"": 2}, {""client_id"": 27, ""task_id"": 3}, {""client_id"": 67, ""task_id"": 4}, {""client_id"": 12, ""task_id"": 5}, {""client_id"": 69, ""task_id"": 6}, {""client_id"": 93, ""task_id"": 7}, {""client_id"": 58, ""task_id"": 8}, {""client_id"": 89, ""task_id"": 9}]","[89602683, 89603680, 89604677, 89605674, 89606671, 89607668, 89608665, 89609662, 89610659, 89611656]",1,0
896,FedPhoenixRG-Excess,1,77.30000305175781,10.588325800024904,0.0,"[86, 30, 10, 17, 83, 73, 93, 71, 41, 91]","[{""client_id"": 86, ""task_id"": 0}, {""client_id"": 30, ""task_id"": 1}, {""client_id"": 10, ""task_id"": 2}, {""client_id"": 17, ""task_id"": 3}, {""client_id"": 83, ""task_id"": 4}, {""client_id"": 73, ""task_id"": 5}, {""client_id"": 93, ""task_id"": 6}, {""client_id"": 71, ""task_id"": 7}, {""client_id"": 41, ""task_id"": 8}, {""client_id"": 91, ""task_id"": 9}]","[89702686, 89703683, 89704680, 89705677, 89706674, 89707671, 89708668, 89709665, 89710662, 89711659]",1,0
897,FedPhoenixRG-Excess,1,74.06999969482422,12.562095899949782,0.0,"[16, 65, 88, 18, 49, 44, 23, 46, 9, 48]","[{""client_id"": 16, ""task_id"": 0}, {""client_id"": 65, ""task_id"": 1}, {""client_id"": 88, ""task_id"": 2}, {""client_id"": 18, ""task_id"": 3}, {""client_id"": 49, ""task_id"": 4}, {""client_id"": 44, ""task_id"": 5}, {""client_id"": 23, ""task_id"": 6}, {""client_id"": 46, ""task_id"": 7}, {""client_id"": 9, ""task_id"": 8}, {""client_id"": 48, ""task_id"": 9}]","[89802689, 89803686, 89804683, 89805680, 89806677, 89807674, 89808671, 89809668, 89810665, 89811662]",1,0
898,FedPhoenixRG-Excess,1,64.80999755859375,11.14841039996827,0.0,"[84, 46, 14, 70, 79, 54, 89, 73, 6, 95]","[{""client_id"": 84, ""task_id"": 0}, {""client_id"": 46, ""task_id"": 1}, {""client_id"": 14, ""task_id"": 2}, {""client_id"": 70, ""task_id"": 3}, {""client_id"": 79, ""task_id"": 4}, {""client_id"": 54, ""task_id"": 5}, {""client_id"": 89, ""task_id"": 6}, {""client_id"": 73, ""task_id"": 7}, {""client_id"": 6, ""task_id"": 8}, {""client_id"": 95, ""task_id"": 9}]","[89902692, 89903689, 89904686, 89905683, 89906680, 89907677, 89908674, 89909671, 89910668, 89911665]",1,0
899,FedPhoenixRG-Excess,1,80.37999725341797,10.164825499989092,0.0,"[67, 5, 24, 68, 69, 54, 88, 33, 85, 82]","[{""client_id"": 67, ""task_id"": 0}, {""client_id"": 5, ""task_id"": 1}, {""client_id"": 24, ""task_id"": 2}, {""client_id"": 68, ""task_id"": 3}, {""client_id"": 69, ""task_id"": 4}, {""client_id"": 54, ""task_id"": 5}, {""client_id"": 88, ""task_id"": 6}, {""client_id"": 33, ""task_id"": 7}, {""client_id"": 85, ""task_id"": 8}, {""client_id"": 82, ""task_id"": 9}]","[90002695, 90003692, 90004689, 90005686, 90006683, 90007680, 90008677, 90009674, 90010671, 90011668]",1,0
900,FedPhoenixRG-Excess,1,75.37000274658203,9.130519400001504,0.0,"[6, 82, 35, 78, 83, 50, 97, 10, 29, 32]","[{""client_id"": 6, ""task_id"": 0}, {""client_id"": 82, ""task_id"": 1}, {""client_id"": 35, ""task_id"": 2}, {""client_id"": 78, ""task_id"": 3}, {""client_id"": 83, ""task_id"": 4}, {""client_id"": 50, ""task_id"": 5}, {""client_id"": 97, ""task_id"": 6}, {""client_id"": 10, ""task_id"": 7}, {""client_id"": 29, ""task_id"": 8}, {""client_id"": 32, ""task_id"": 9}]","[90102698, 90103695, 90104692, 90105689, 90106686, 90107683, 90108680, 90109677, 90110674, 90111671]",1,1
901,FedPhoenixRG-Excess,1,79.11000061035156,9.538125799968839,0.0,"[72, 91, 9, 85, 95, 54, 82, 5, 49, 63]","[{""client_id"": 72, ""task_id"": 0}, {""client_id"": 91, ""task_id"": 1}, {""client_id"": 9, ""task_id"": 2}, {""client_id"": 85, ""task_id"": 3}, {""client_id"": 95, ""task_id"": 4}, {""client_id"": 54, ""task_id"": 5}, {""client_id"": 82, ""task_id"": 6}, {""client_id"": 5, ""task_id"": 7}, {""client_id"": 49, ""task_id"": 8}, {""client_id"": 63, ""task_id"": 9}]","[90202701, 90203698, 90204695, 90205692, 90206689, 90207686, 90208683, 90209680, 90210677, 90211674]",1,0
902,FedPhoenixRG-Excess,1,82.33000183105469,8.920471800025553,0.0,"[91, 90, 0, 14, 85, 77, 56, 97, 67, 52]","[{""client_id"": 91, ""task_id"": 0}, {""client_id"": 90, ""task_id"": 1}, {""client_id"": 0, ""task_id"": 2}, {""client_id"": 14, ""task_id"": 3}, {""client_id"": 85, ""task_id"": 4}, {""client_id"": 77, ""task_id"": 5}, {""client_id"": 56, ""task_id"": 6}, {""client_id"": 97, ""task_id"": 7}, {""client_id"": 67, ""task_id"": 8}, {""client_id"": 52, ""task_id"": 9}]","[90302704, 90303701, 90304698, 90305695, 90306692, 90307689, 90308686, 90309683, 90310680, 90311677]",1,0
903,FedPhoenixRG-Excess,1,81.4000015258789,9.95050070004072,0.0,"[92, 66, 94, 44, 7, 42, 95, 90, 69, 89]","[{""client_id"": 92, ""task_id"": 0}, {""client_id"": 66, ""task_id"": 1}, {""client_id"": 94, ""task_id"": 2}, {""client_id"": 44, ""task_id"": 3}, {""client_id"": 7, ""task_id"": 4}, {""client_id"": 42, ""task_id"": 5}, {""client_id"": 95, ""task_id"": 6}, {""client_id"": 90, ""task_id"": 7}, {""client_id"": 69, ""task_id"": 8}, {""client_id"": 89, ""task_id"": 9}]","[90402707, 90403704, 90404701, 90405698, 90406695, 90407692, 90408689, 90409686, 90410683, 90411680]",1,0
904,FedPhoenixRG-Excess,1,80.5199966430664,10.015360000019427,0.0,"[26, 85, 52, 38, 73, 42, 12, 81, 20, 60]","[{""client_id"": 26, ""task_id"": 0}, {""client_id"": 85, ""task_id"": 1}, {""client_id"": 52, ""task_id"": 2}, {""client_id"": 38, ""task_id"": 3}, {""client_id"": 73, ""task_id"": 4}, {""client_id"": 42, ""task_id"": 5}, {""client_id"": 12, ""task_id"": 6}, {""client_id"": 81, ""task_id"": 7}, {""client_id"": 20, ""task_id"": 8}, {""client_id"": 60, ""task_id"": 9}]","[90502710, 90503707, 90504704, 90505701, 90506698, 90507695, 90508692, 90509689, 90510686, 90511683]",1,0
905,FedPhoenixRG-Excess,1,82.12999725341797,10.769792499952018,0.0,"[93, 10, 12, 59, 99, 52, 75, 0, 87, 20]","[{""client_id"": 93, ""task_id"": 0}, {""client_id"": 10, ""task_id"": 1}, {""client_id"": 12, ""task_id"": 2}, {""client_id"": 59, ""task_id"": 3}, {""client_id"": 99, ""task_id"": 4}, {""client_id"": 52, ""task_id"": 5}, {""client_id"": 75, ""task_id"": 6}, {""client_id"": 0, ""task_id"": 7}, {""client_id"": 87, ""task_id"": 8}, {""client_id"": 20, ""task_id"": 9}]","[90602713, 90603710, 90604707, 90605704, 90606701, 90607698, 90608695, 90609692, 90610689, 90611686]",1,0
906,FedPhoenixRG-Excess,1,80.62000274658203,10.073238699987996,0.0,"[96, 44, 9, 11, 14, 95, 29, 17, 12, 51]","[{""client_id"": 96, ""task_id"": 0}, {""client_id"": 44, ""task_id"": 1}, {""client_id"": 9, ""task_id"": 2}, {""client_id"": 11, ""task_id"": 3}, {""client_id"": 14, ""task_id"": 4}, {""client_id"": 95, ""task_id"": 5}, {""client_id"": 29, ""task_id"": 6}, {""client_id"": 17, ""task_id"": 7}, {""client_id"": 12, ""task_id"": 8}, {""client_id"": 51, ""task_id"": 9}]","[90702716, 90703713, 90704710, 90705707, 90706704, 90707701, 90708698, 90709695, 90710692, 90711689]",1,0
907,FedPhoenixRG-Excess,1,81.05000305175781,8.384826999972574,0.0,"[49, 9, 88, 2, 90, 87, 84, 44, 38, 78]","[{""client_id"": 49, ""task_id"": 0}, {""client_id"": 9, ""task_id"": 1}, {""client_id"": 88, ""task_id"": 2}, {""client_id"": 2, ""task_id"": 3}, {""client_id"": 90, ""task_id"": 4}, {""client_id"": 87, ""task_id"": 5}, {""client_id"": 84, ""task_id"": 6}, {""client_id"": 44, ""task_id"": 7}, {""client_id"": 38, ""task_id"": 8}, {""client_id"": 78, ""task_id"": 9}]","[90802719, 90803716, 90804713, 90805710, 90806707, 90807704, 90808701, 90809698, 90810695, 90811692]",1,0
908,FedPhoenixRG-Excess,1,82.31999969482422,9.649508300004527,0.0,"[25, 58, 85, 83, 15, 53, 67, 97, 12, 90]","[{""client_id"": 25, ""task_id"": 0}, {""client_id"": 58, ""task_id"": 1}, {""client_id"": 85, ""task_id"": 2}, {""client_id"": 83, ""task_id"": 3}, {""client_id"": 15, ""task_id"": 4}, {""client_id"": 53, ""task_id"": 5}, {""client_id"": 67, ""task_id"": 6}, {""client_id"": 97, ""task_id"": 7}, {""client_id"": 12, ""task_id"": 8}, {""client_id"": 90, ""task_id"": 9}]","[90902722, 90903719, 90904716, 90905713, 90906710, 90907707, 90908704, 90909701, 90910698, 90911695]",1,0
909,FedPhoenixRG-Excess,1,81.69999694824219,10.65006389998598,0.0,"[3, 62, 33, 23, 92, 77, 69, 54, 85, 46]","[{""client_id"": 3, ""task_id"": 0}, {""client_id"": 62, ""task_id"": 1}, {""client_id"": 33, ""task_id"": 2}, {""client_id"": 23, ""task_id"": 3}, {""client_id"": 92, ""task_id"": 4}, {""client_id"": 77, ""task_id"": 5}, {""client_id"": 69, ""task_id"": 6}, {""client_id"": 54, ""task_id"": 7}, {""client_id"": 85, ""task_id"": 8}, {""client_id"": 46, ""task_id"": 9}]","[91002725, 91003722, 91004719, 91005716, 91006713, 91007710, 91008707, 91009704, 91010701, 91011698]",1,0
910,FedPhoenixRG-Excess,1,76.55000305175781,11.647491099953186,0.0,"[20, 19, 33, 50, 89, 63, 17, 72, 62, 15]","[{""client_id"": 20, ""task_id"": 0}, {""client_id"": 19, ""task_id"": 1}, {""client_id"": 33, ""task_id"": 2}, {""client_id"": 50, ""task_id"": 3}, {""client_id"": 89, ""task_id"": 4}, {""client_id"": 63, ""task_id"": 5}, {""client_id"": 17, ""task_id"": 6}, {""client_id"": 72, ""task_id"": 7}, {""client_id"": 62, ""task_id"": 8}, {""client_id"": 15, ""task_id"": 9}]","[91102728, 91103725, 91104722, 91105719, 91106716, 91107713, 91108710, 91109707, 91110704, 91111701]",1,0
911,FedPhoenixRG-Excess,1,76.3499984741211,8.580495600006543,0.0,"[39, 48, 94, 90, 66, 1, 27, 20, 13, 3]","[{""client_id"": 39, ""task_id"": 0}, {""client_id"": 48, ""task_id"": 1}, {""client_id"": 94, ""task_id"": 2}, {""client_id"": 90, ""task_id"": 3}, {""client_id"": 66, ""task_id"": 4}, {""client_id"": 1, ""task_id"": 5}, {""client_id"": 27, ""task_id"": 6}, {""client_id"": 20, ""task_id"": 7}, {""client_id"": 13, ""task_id"": 8}, {""client_id"": 3, ""task_id"": 9}]","[91202731, 91203728, 91204725, 91205722, 91206719, 91207716, 91208713, 91209710, 91210707, 91211704]",1,0
912,FedPhoenixRG-Excess,1,79.6500015258789,10.758485300000757,0.0,"[7, 13, 80, 32, 1, 62, 58, 44, 46, 56]","[{""client_id"": 7, ""task_id"": 0}, {""client_id"": 13, ""task_id"": 1}, {""client_id"": 80, ""task_id"": 2}, {""client_id"": 32, ""task_id"": 3}, {""client_id"": 1, ""task_id"": 4}, {""client_id"": 62, ""task_id"": 5}, {""client_id"": 58, ""task_id"": 6}, {""client_id"": 44, ""task_id"": 7}, {""client_id"": 46, ""task_id"": 8}, {""client_id"": 56, ""task_id"": 9}]","[91302734, 91303731, 91304728, 91305725, 91306722, 91307719, 91308716, 91309713, 91310710, 91311707]",1,0
913,FedPhoenixRG-Excess,1,72.31999969482422,9.581379999988712,0.0,"[96, 28, 70, 59, 79, 48, 23, 74, 43, 25]","[{""client_id"": 96, ""task_id"": 0}, {""client_id"": 28, ""task_id"": 1}, {""client_id"": 70, ""task_id"": 2}, {""client_id"": 59, ""task_id"": 3}, {""client_id"": 79, ""task_id"": 4}, {""client_id"": 48, ""task_id"": 5}, {""client_id"": 23, ""task_id"": 6}, {""client_id"": 74, ""task_id"": 7}, {""client_id"": 43, ""task_id"": 8}, {""client_id"": 25, ""task_id"": 9}]","[91402737, 91403734, 91404731, 91405728, 91406725, 91407722, 91408719, 91409716, 91410713, 91411710]",1,0
914,FedPhoenixRG-Excess,1,73.9800033569336,9.314745799987577,0.0,"[1, 59, 78, 71, 82, 16, 89, 19, 85, 60]","[{""client_id"": 1, ""task_id"": 0}, {""client_id"": 59, ""task_id"": 1}, {""client_id"": 78, ""task_id"": 2}, {""client_id"": 71, ""task_id"": 3}, {""client_id"": 82, ""task_id"": 4}, {""client_id"": 16, ""task_id"": 5}, {""client_id"": 89, ""task_id"": 6}, {""client_id"": 19, ""task_id"": 7}, {""client_id"": 85, ""task_id"": 8}, {""client_id"": 60, ""task_id"": 9}]","[91502740, 91503737, 91504734, 91505731, 91506728, 91507725, 91508722, 91509719, 91510716, 91511713]",1,0
915,FedPhoenixRG-Excess,1,82.02999877929688,9.09158429998206,0.0,"[31, 42, 37, 89, 3, 72, 88, 97, 60, 55]","[{""client_id"": 31, ""task_id"": 0}, {""client_id"": 42, ""task_id"": 1}, {""client_id"": 37, ""task_id"": 2}, {""client_id"": 89, ""task_id"": 3}, {""client_id"": 3, ""task_id"": 4}, {""client_id"": 72, ""task_id"": 5}, {""client_id"": 88, ""task_id"": 6}, {""client_id"": 97, ""task_id"": 7}, {""client_id"": 60, ""task_id"": 8}, {""client_id"": 55, ""task_id"": 9}]","[91602743, 91603740, 91604737, 91605734, 91606731, 91607728, 91608725, 91609722, 91610719, 91611716]",1,0
916,FedPhoenixRG-Excess,1,79.26000213623047,8.520043299999088,0.0,"[35, 64, 83, 67, 48, 42, 61, 86, 81, 54]","[{""client_id"": 35, ""task_id"": 0}, {""client_id"": 64, ""task_id"": 1}, {""client_id"": 83, ""task_id"": 2}, {""client_id"": 67, ""task_id"": 3}, {""client_id"": 48, ""task_id"": 4}, {""client_id"": 42, ""task_id"": 5}, {""client_id"": 61, ""task_id"": 6}, {""client_id"": 86, ""task_id"": 7}, {""client_id"": 81, ""task_id"": 8}, {""client_id"": 54, ""task_id"": 9}]","[91702746, 91703743, 91704740, 91705737, 91706734, 91707731, 91708728, 91709725, 91710722, 91711719]",1,0
917,FedPhoenixRG-Excess,1,81.20999908447266,9.79738990002079,0.0,"[96, 33, 21, 0, 47, 75, 89, 83, 76, 39]","[{""client_id"": 96, ""task_id"": 0}, {""client_id"": 33, ""task_id"": 1}, {""client_id"": 21, ""task_id"": 2}, {""client_id"": 0, ""task_id"": 3}, {""client_id"": 47, ""task_id"": 4}, {""client_id"": 75, ""task_id"": 5}, {""client_id"": 89, ""task_id"": 6}, {""client_id"": 83, ""task_id"": 7}, {""client_id"": 76, ""task_id"": 8}, {""client_id"": 39, ""task_id"": 9}]","[91802749, 91803746, 91804743, 91805740, 91806737, 91807734, 91808731, 91809728, 91810725, 91811722]",1,0
918,FedPhoenixRG-Excess,1,82.2300033569336,7.625212199985981,0.0,"[43, 73, 29, 22, 72, 19, 77, 38, 75, 69]","[{""client_id"": 43, ""task_id"": 0}, {""client_id"": 73, ""task_id"": 1}, {""client_id"": 29, ""task_id"": 2}, {""client_id"": 22, ""task_id"": 3}, {""client_id"": 72, ""task_id"": 4}, {""client_id"": 19, ""task_id"": 5}, {""client_id"": 77, ""task_id"": 6}, {""client_id"": 38, ""task_id"": 7}, {""client_id"": 75, ""task_id"": 8}, {""client_id"": 69, ""task_id"": 9}]","[91902752, 91903749, 91904746, 91905743, 91906740, 91907737, 91908734, 91909731, 91910728, 91911725]",1,0
919,FedPhoenixRG-Excess,1,81.7699966430664,10.593832699989434,0.0,"[83, 51, 70, 65, 66, 19, 12, 45, 26, 46]","[{""client_id"": 83, ""task_id"": 0}, {""client_id"": 51, ""task_id"": 1}, {""client_id"": 70, ""task_id"": 2}, {""client_id"": 65, ""task_id"": 3}, {""client_id"": 66, ""task_id"": 4}, {""client_id"": 19, ""task_id"": 5}, {""client_id"": 12, ""task_id"": 6}, {""client_id"": 45, ""task_id"": 7}, {""client_id"": 26, ""task_id"": 8}, {""client_id"": 46, ""task_id"": 9}]","[92002755, 92003752, 92004749, 92005746, 92006743, 92007740, 92008737, 92009734, 92010731, 92011728]",1,0
920,FedPhoenixRG-Excess,1,76.58999633789062,11.877909399976488,0.0,"[8, 93, 65, 40, 97, 99, 77, 37, 57, 6]","[{""client_id"": 8, ""task_id"": 0}, {""client_id"": 93, ""task_id"": 1}, {""client_id"": 65, ""task_id"": 2}, {""client_id"": 40, ""task_id"": 3}, {""client_id"": 97, ""task_id"": 4}, {""client_id"": 99, ""task_id"": 5}, {""client_id"": 77, ""task_id"": 6}, {""client_id"": 37, ""task_id"": 7}, {""client_id"": 57, ""task_id"": 8}, {""client_id"": 6, ""task_id"": 9}]","[92102758, 92103755, 92104752, 92105749, 92106746, 92107743, 92108740, 92109737, 92110734, 92111731]",1,1
921,FedPhoenixRG-Excess,1,79.87999725341797,10.299819600011688,0.0,"[49, 87, 96, 8, 66, 23, 6, 24, 79, 50]","[{""client_id"": 49, ""task_id"": 0}, {""client_id"": 87, ""task_id"": 1}, {""client_id"": 96, ""task_id"": 2}, {""client_id"": 8, ""task_id"": 3}, {""client_id"": 66, ""task_id"": 4}, {""client_id"": 23, ""task_id"": 5}, {""client_id"": 6, ""task_id"": 6}, {""client_id"": 24, ""task_id"": 7}, {""client_id"": 79, ""task_id"": 8}, {""client_id"": 50, ""task_id"": 9}]","[92202761, 92203758, 92204755, 92205752, 92206749, 92207746, 92208743, 92209740, 92210737, 92211734]",1,0
922,FedPhoenixRG-Excess,1,82.44999694824219,9.368830699997488,0.0,"[98, 81, 80, 29, 44, 54, 56, 70, 24, 74]","[{""client_id"": 98, ""task_id"": 0}, {""client_id"": 81, ""task_id"": 1}, {""client_id"": 80, ""task_id"": 2}, {""client_id"": 29, ""task_id"": 3}, {""client_id"": 44, ""task_id"": 4}, {""client_id"": 54, ""task_id"": 5}, {""client_id"": 56, ""task_id"": 6}, {""client_id"": 70, ""task_id"": 7}, {""client_id"": 24, ""task_id"": 8}, {""client_id"": 74, ""task_id"": 9}]","[92302764, 92303761, 92304758, 92305755, 92306752, 92307749, 92308746, 92309743, 92310740, 92311737]",1,0
923,FedPhoenixRG-Excess,1,82.22000122070312,9.143415099999402,0.0,"[3, 50, 49, 19, 29, 92, 31, 4, 33, 35]","[{""client_id"": 3, ""task_id"": 0}, {""client_id"": 50, ""task_id"": 1}, {""client_id"": 49, ""task_id"": 2}, {""client_id"": 19, ""task_id"": 3}, {""client_id"": 29, ""task_id"": 4}, {""client_id"": 92, ""task_id"": 5}, {""client_id"": 31, ""task_id"": 6}, {""client_id"": 4, ""task_id"": 7}, {""client_id"": 33, ""task_id"": 8}, {""client_id"": 35, ""task_id"": 9}]","[92402767, 92403764, 92404761, 92405758, 92406755, 92407752, 92408749, 92409746, 92410743, 92411740]",1,0
924,FedPhoenixRG-Excess,1,76.77999877929688,11.553738399990834,0.0,"[6, 48, 89, 63, 97, 62, 57, 16, 36, 83]","[{""client_id"": 6, ""task_id"": 0}, {""client_id"": 48, ""task_id"": 1}, {""client_id"": 89, ""task_id"": 2}, {""client_id"": 63, ""task_id"": 3}, {""client_id"": 97, ""task_id"": 4}, {""client_id"": 62, ""task_id"": 5}, {""client_id"": 57, ""task_id"": 6}, {""client_id"": 16, ""task_id"": 7}, {""client_id"": 36, ""task_id"": 8}, {""client_id"": 83, ""task_id"": 9}]","[92502770, 92503767, 92504764, 92505761, 92506758, 92507755, 92508752, 92509749, 92510746, 92511743]",1,0
925,FedPhoenixRG-Excess,1,79.97000122070312,11.81791639997391,0.0,"[37, 70, 67, 81, 11, 22, 52, 71, 58, 6]","[{""client_id"": 37, ""task_id"": 0}, {""client_id"": 70, ""task_id"": 1}, {""client_id"": 67, ""task_id"": 2}, {""client_id"": 81, ""task_id"": 3}, {""client_id"": 11, ""task_id"": 4}, {""client_id"": 22, ""task_id"": 5}, {""client_id"": 52, ""task_id"": 6}, {""client_id"": 71, ""task_id"": 7}, {""client_id"": 58, ""task_id"": 8}, {""client_id"": 6, ""task_id"": 9}]","[92602773, 92603770, 92604767, 92605764, 92606761, 92607758, 92608755, 92609752, 92610749, 92611746]",1,0
926,FedPhoenixRG-Excess,1,75.2699966430664,10.80568290001247,0.0,"[10, 35, 48, 81, 73, 95, 9, 36, 11, 37]","[{""client_id"": 10, ""task_id"": 0}, {""client_id"": 35, ""task_id"": 1}, {""client_id"": 48, ""task_id"": 2}, {""client_id"": 81, ""task_id"": 3}, {""client_id"": 73, ""task_id"": 4}, {""client_id"": 95, ""task_id"": 5}, {""client_id"": 9, ""task_id"": 6}, {""client_id"": 36, ""task_id"": 7}, {""client_id"": 11, ""task_id"": 8}, {""client_id"": 37, ""task_id"": 9}]","[92702776, 92703773, 92704770, 92705767, 92706764, 92707761, 92708758, 92709755, 92710752, 92711749]",1,0
927,FedPhoenixRG-Excess,1,82.63999938964844,10.4984390999889,0.0,"[3, 94, 44, 76, 25, 74, 93, 6, 42, 75]","[{""client_id"": 3, ""task_id"": 0}, {""client_id"": 94, ""task_id"": 1}, {""client_id"": 44, ""task_id"": 2}, {""client_id"": 76, ""task_id"": 3}, {""client_id"": 25, ""task_id"": 4}, {""client_id"": 74, ""task_id"": 5}, {""client_id"": 93, ""task_id"": 6}, {""client_id"": 6, ""task_id"": 7}, {""client_id"": 42, ""task_id"": 8}, {""client_id"": 75, ""task_id"": 9}]","[92802779, 92803776, 92804773, 92805770, 92806767, 92807764, 92808761, 92809758, 92810755, 92811752]",1,0
928,FedPhoenixRG-Excess,1,82.0199966430664,8.508443799975794,0.0,"[77, 38, 52, 92, 67, 59, 18, 36, 6, 51]","[{""client_id"": 77, ""task_id"": 0}, {""client_id"": 38, ""task_id"": 1}, {""client_id"": 52, ""task_id"": 2}, {""client_id"": 92, ""task_id"": 3}, {""client_id"": 67, ""task_id"": 4}, {""client_id"": 59, ""task_id"": 5}, {""client_id"": 18, ""task_id"": 6}, {""client_id"": 36, ""task_id"": 7}, {""client_id"": 6, ""task_id"": 8}, {""client_id"": 51, ""task_id"": 9}]","[92902782, 92903779, 92904776, 92905773, 92906770, 92907767, 92908764, 92909761, 92910758, 92911755]",1,0
929,FedPhoenixRG-Excess,1,81.16999816894531,10.12937179999426,0.0,"[32, 4, 52, 75, 53, 6, 10, 71, 79, 3]","[{""client_id"": 32, ""task_id"": 0}, {""client_id"": 4, ""task_id"": 1}, {""client_id"": 52, ""task_id"": 2}, {""client_id"": 75, ""task_id"": 3}, {""client_id"": 53, ""task_id"": 4}, {""client_id"": 6, ""task_id"": 5}, {""client_id"": 10, ""task_id"": 6}, {""client_id"": 71, ""task_id"": 7}, {""client_id"": 79, ""task_id"": 8}, {""client_id"": 3, ""task_id"": 9}]","[93002785, 93003782, 93004779, 93005776, 93006773, 93007770, 93008767, 93009764, 93010761, 93011758]",1,0
930,FedPhoenixRG-Excess,1,81.7699966430664,9.338591500010807,0.0,"[52, 77, 92, 47, 7, 66, 69, 41, 43, 21]","[{""client_id"": 52, ""task_id"": 0}, {""client_id"": 77, ""task_id"": 1}, {""client_id"": 92, ""task_id"": 2}, {""client_id"": 47, ""task_id"": 3}, {""client_id"": 7, ""task_id"": 4}, {""client_id"": 66, ""task_id"": 5}, {""client_id"": 69, ""task_id"": 6}, {""client_id"": 41, ""task_id"": 7}, {""client_id"": 43, ""task_id"": 8}, {""client_id"": 21, ""task_id"": 9}]","[93102788, 93103785, 93104782, 93105779, 93106776, 93107773, 93108770, 93109767, 93110764, 93111761]",1,0
931,FedPhoenixRG-Excess,1,82.86000061035156,10.299593099975027,0.0,"[71, 77, 6, 20, 62, 87, 69, 61, 54, 15]","[{""client_id"": 71, ""task_id"": 0}, {""client_id"": 77, ""task_id"": 1}, {""client_id"": 6, ""task_id"": 2}, {""client_id"": 20, ""task_id"": 3}, {""client_id"": 62, ""task_id"": 4}, {""client_id"": 87, ""task_id"": 5}, {""client_id"": 69, ""task_id"": 6}, {""client_id"": 61, ""task_id"": 7}, {""client_id"": 54, ""task_id"": 8}, {""client_id"": 15, ""task_id"": 9}]","[93202791, 93203788, 93204785, 93205782, 93206779, 93207776, 93208773, 93209770, 93210767, 93211764]",1,0
932,FedPhoenixRG-Excess,1,82.26000213623047,9.453502300020773,0.0,"[62, 12, 52, 59, 87, 54, 85, 79, 88, 75]","[{""client_id"": 62, ""task_id"": 0}, {""client_id"": 12, ""task_id"": 1}, {""client_id"": 52, ""task_id"": 2}, {""client_id"": 59, ""task_id"": 3}, {""client_id"": 87, ""task_id"": 4}, {""client_id"": 54, ""task_id"": 5}, {""client_id"": 85, ""task_id"": 6}, {""client_id"": 79, ""task_id"": 7}, {""client_id"": 88, ""task_id"": 8}, {""client_id"": 75, ""task_id"": 9}]","[93302794, 93303791, 93304788, 93305785, 93306782, 93307779, 93308776, 93309773, 93310770, 93311767]",1,0
933,FedPhoenixRG-Excess,1,81.4800033569336,11.25513810000848,0.0,"[81, 20, 17, 90, 9, 88, 80, 86, 79, 72]","[{""client_id"": 81, ""task_id"": 0}, {""client_id"": 20, ""task_id"": 1}, {""client_id"": 17, ""task_id"": 2}, {""client_id"": 90, ""task_id"": 3}, {""client_id"": 9, ""task_id"": 4}, {""client_id"": 88, ""task_id"": 5}, {""client_id"": 80, ""task_id"": 6}, {""client_id"": 86, ""task_id"": 7}, {""client_id"": 79, ""task_id"": 8}, {""client_id"": 72, ""task_id"": 9}]","[93402797, 93403794, 93404791, 93405788, 93406785, 93407782, 93408779, 93409776, 93410773, 93411770]",1,0
934,FedPhoenixRG-Excess,1,82.44999694824219,7.4452810999937356,0.0,"[67, 27, 5, 74, 72, 19, 47, 70, 92, 43]","[{""client_id"": 67, ""task_id"": 0}, {""client_id"": 27, ""task_id"": 1}, {""client_id"": 5, ""task_id"": 2}, {""client_id"": 74, ""task_id"": 3}, {""client_id"": 72, ""task_id"": 4}, {""client_id"": 19, ""task_id"": 5}, {""client_id"": 47, ""task_id"": 6}, {""client_id"": 70, ""task_id"": 7}, {""client_id"": 92, ""task_id"": 8}, {""client_id"": 43, ""task_id"": 9}]","[93502800, 93503797, 93504794, 93505791, 93506788, 93507785, 93508782, 93509779, 93510776, 93511773]",1,0
935,FedPhoenixRG-Excess,1,79.25,9.950095499982126,0.0,"[82, 99, 23, 53, 93, 43, 92, 62, 2, 75]","[{""client_id"": 82, ""task_id"": 0}, {""client_id"": 99, ""task_id"": 1}, {""client_id"": 23, ""task_id"": 2}, {""client_id"": 53, ""task_id"": 3}, {""client_id"": 93, ""task_id"": 4}, {""client_id"": 43, ""task_id"": 5}, {""client_id"": 92, ""task_id"": 6}, {""client_id"": 62, ""task_id"": 7}, {""client_id"": 2, ""task_id"": 8}, {""client_id"": 75, ""task_id"": 9}]","[93602803, 93603800, 93604797, 93605794, 93606791, 93607788, 93608785, 93609782, 93610779, 93611776]",1,0
936,FedPhoenixRG-Excess,1,77.73999786376953,11.364752800029237,0.0,"[54, 5, 64, 67, 34, 33, 10, 23, 17, 68]","[{""client_id"": 54, ""task_id"": 0}, {""client_id"": 5, ""task_id"": 1}, {""client_id"": 64, ""task_id"": 2}, {""client_id"": 67, ""task_id"": 3}, {""client_id"": 34, ""task_id"": 4}, {""client_id"": 33, ""task_id"": 5}, {""client_id"": 10, ""task_id"": 6}, {""client_id"": 23, ""task_id"": 7}, {""client_id"": 17, ""task_id"": 8}, {""client_id"": 68, ""task_id"": 9}]","[93702806, 93703803, 93704800, 93705797, 93706794, 93707791, 93708788, 93709785, 93710782, 93711779]",1,0
937,FedPhoenixRG-Excess,1,73.58000183105469,10.99981220002519,0.0,"[25, 82, 30, 33, 98, 51, 2, 36, 70, 14]","[{""client_id"": 25, ""task_id"": 0}, {""client_id"": 82, ""task_id"": 1}, {""client_id"": 30, ""task_id"": 2}, {""client_id"": 33, ""task_id"": 3}, {""client_id"": 98, ""task_id"": 4}, {""client_id"": 51, ""task_id"": 5}, {""client_id"": 2, ""task_id"": 6}, {""client_id"": 36, ""task_id"": 7}, {""client_id"": 70, ""task_id"": 8}, {""client_id"": 14, ""task_id"": 9}]","[93802809, 93803806, 93804803, 93805800, 93806797, 93807794, 93808791, 93809788, 93810785, 93811782]",1,0
938,FedPhoenixRG-Excess,1,81.52999877929688,7.976655600010417,0.0,"[83, 22, 41, 88, 72, 96, 42, 94, 2, 93]","[{""client_id"": 83, ""task_id"": 0}, {""client_id"": 22, ""task_id"": 1}, {""client_id"": 41, ""task_id"": 2}, {""client_id"": 88, ""task_id"": 3}, {""client_id"": 72, ""task_id"": 4}, {""client_id"": 96, ""task_id"": 5}, {""client_id"": 42, ""task_id"": 6}, {""client_id"": 94, ""task_id"": 7}, {""client_id"": 2, ""task_id"": 8}, {""client_id"": 93, ""task_id"": 9}]","[93902812, 93903809, 93904806, 93905803, 93906800, 93907797, 93908794, 93909791, 93910788, 93911785]",1,0
939,FedPhoenixRG-Excess,1,80.86000061035156,10.382736700004898,0.0,"[11, 76, 81, 79, 67, 31, 17, 23, 59, 32]","[{""client_id"": 11, ""task_id"": 0}, {""client_id"": 76, ""task_id"": 1}, {""client_id"": 81, ""task_id"": 2}, {""client_id"": 79, ""task_id"": 3}, {""client_id"": 67, ""task_id"": 4}, {""client_id"": 31, ""task_id"": 5}, {""client_id"": 17, ""task_id"": 6}, {""client_id"": 23, ""task_id"": 7}, {""client_id"": 59, ""task_id"": 8}, {""client_id"": 32, ""task_id"": 9}]","[94002815, 94003812, 94004809, 94005806, 94006803, 94007800, 94008797, 94009794, 94010791, 94011788]",1,0
940,FedPhoenixRG-Excess,1,73.7300033569336,9.64736649999395,0.0,"[61, 30, 17, 84, 92, 62, 94, 89, 0, 96]","[{""client_id"": 61, ""task_id"": 0}, {""client_id"": 30, ""task_id"": 1}, {""client_id"": 17, ""task_id"": 2}, {""client_id"": 84, ""task_id"": 3}, {""client_id"": 92, ""task_id"": 4}, {""client_id"": 62, ""task_id"": 5}, {""client_id"": 94, ""task_id"": 6}, {""client_id"": 89, ""task_id"": 7}, {""client_id"": 0, ""task_id"": 8}, {""client_id"": 96, ""task_id"": 9}]","[94102818, 94103815, 94104812, 94105809, 94106806, 94107803, 94108800, 94109797, 94110794, 94111791]",1,1
941,FedPhoenixRG-Excess,1,80.19999694824219,8.728136699995957,0.0,"[52, 2, 54, 25, 88, 43, 51, 34, 11, 15]","[{""client_id"": 52, ""task_id"": 0}, {""client_id"": 2, ""task_id"": 1}, {""client_id"": 54, ""task_id"": 2}, {""client_id"": 25, ""task_id"": 3}, {""client_id"": 88, ""task_id"": 4}, {""client_id"": 43, ""task_id"": 5}, {""client_id"": 51, ""task_id"": 6}, {""client_id"": 34, ""task_id"": 7}, {""client_id"": 11, ""task_id"": 8}, {""client_id"": 15, ""task_id"": 9}]","[94202821, 94203818, 94204815, 94205812, 94206809, 94207806, 94208803, 94209800, 94210797, 94211794]",1,0
942,FedPhoenixRG-Excess,1,73.25,9.301384399994276,0.0,"[2, 49, 44, 0, 43, 94, 31, 35, 23, 74]","[{""client_id"": 2, ""task_id"": 0}, {""client_id"": 49, ""task_id"": 1}, {""client_id"": 44, ""task_id"": 2}, {""client_id"": 0, ""task_id"": 3}, {""client_id"": 43, ""task_id"": 4}, {""client_id"": 94, ""task_id"": 5}, {""client_id"": 31, ""task_id"": 6}, {""client_id"": 35, ""task_id"": 7}, {""client_id"": 23, ""task_id"": 8}, {""client_id"": 74, ""task_id"": 9}]","[94302824, 94303821, 94304818, 94305815, 94306812, 94307809, 94308806, 94309803, 94310800, 94311797]",1,0
943,FedPhoenixRG-Excess,1,73.19000244140625,9.033456299977843,0.0,"[64, 98, 25, 82, 52, 34, 39, 51, 68, 12]","[{""client_id"": 64, ""task_id"": 0}, {""client_id"": 98, ""task_id"": 1}, {""client_id"": 25, ""task_id"": 2}, {""client_id"": 82, ""task_id"": 3}, {""client_id"": 52, ""task_id"": 4}, {""client_id"": 34, ""task_id"": 5}, {""client_id"": 39, ""task_id"": 6}, {""client_id"": 51, ""task_id"": 7}, {""client_id"": 68, ""task_id"": 8}, {""client_id"": 12, ""task_id"": 9}]","[94402827, 94403824, 94404821, 94405818, 94406815, 94407812, 94408809, 94409806, 94410803, 94411800]",1,0
944,FedPhoenixRG-Excess,1,79.79000091552734,9.324518300010823,0.0,"[99, 88, 15, 64, 59, 18, 28, 86, 89, 22]","[{""client_id"": 99, ""task_id"": 0}, {""client_id"": 88, ""task_id"": 1}, {""client_id"": 15, ""task_id"": 2}, {""client_id"": 64, ""task_id"": 3}, {""client_id"": 59, ""task_id"": 4}, {""client_id"": 18, ""task_id"": 5}, {""client_id"": 28, ""task_id"": 6}, {""client_id"": 86, ""task_id"": 7}, {""client_id"": 89, ""task_id"": 8}, {""client_id"": 22, ""task_id"": 9}]","[94502830, 94503827, 94504824, 94505821, 94506818, 94507815, 94508812, 94509809, 94510806, 94511803]",1,0
945,FedPhoenixRG-Excess,1,82.18000030517578,10.109986199997365,0.0,"[41, 17, 75, 70, 67, 12, 21, 16, 59, 84]","[{""client_id"": 41, ""task_id"": 0}, {""client_id"": 17, ""task_id"": 1}, {""client_id"": 75, ""task_id"": 2}, {""client_id"": 70, ""task_id"": 3}, {""client_id"": 67, ""task_id"": 4}, {""client_id"": 12, ""task_id"": 5}, {""client_id"": 21, ""task_id"": 6}, {""client_id"": 16, ""task_id"": 7}, {""client_id"": 59, ""task_id"": 8}, {""client_id"": 84, ""task_id"": 9}]","[94602833, 94603830, 94604827, 94605824, 94606821, 94607818, 94608815, 94609812, 94610809, 94611806]",1,0
946,FedPhoenixRG-Excess,1,80.1500015258789,9.505949900019914,0.0,"[86, 68, 92, 62, 4, 45, 37, 99, 66, 69]","[{""client_id"": 86, ""task_id"": 0}, {""client_id"": 68, ""task_id"": 1}, {""client_id"": 92, ""task_id"": 2}, {""client_id"": 62, ""task_id"": 3}, {""client_id"": 4, ""task_id"": 4}, {""client_id"": 45, ""task_id"": 5}, {""client_id"": 37, ""task_id"": 6}, {""client_id"": 99, ""task_id"": 7}, {""client_id"": 66, ""task_id"": 8}, {""client_id"": 69, ""task_id"": 9}]","[94702836, 94703833, 94704830, 94705827, 94706824, 94707821, 94708818, 94709815, 94710812, 94711809]",1,0
947,FedPhoenixRG-Excess,1,81.05000305175781,9.605012600019109,0.0,"[24, 32, 37, 58, 69, 28, 27, 31, 54, 84]","[{""client_id"": 24, ""task_id"": 0}, {""client_id"": 32, ""task_id"": 1}, {""client_id"": 37, ""task_id"": 2}, {""client_id"": 58, ""task_id"": 3}, {""client_id"": 69, ""task_id"": 4}, {""client_id"": 28, ""task_id"": 5}, {""client_id"": 27, ""task_id"": 6}, {""client_id"": 31, ""task_id"": 7}, {""client_id"": 54, ""task_id"": 8}, {""client_id"": 84, ""task_id"": 9}]","[94802839, 94803836, 94804833, 94805830, 94806827, 94807824, 94808821, 94809818, 94810815, 94811812]",1,0
948,FedPhoenixRG-Excess,1,81.87000274658203,9.135742000013124,0.0,"[17, 90, 42, 88, 76, 30, 69, 32, 19, 0]","[{""client_id"": 17, ""task_id"": 0}, {""client_id"": 90, ""task_id"": 1}, {""client_id"": 42, ""task_id"": 2}, {""client_id"": 88, ""task_id"": 3}, {""client_id"": 76, ""task_id"": 4}, {""client_id"": 30, ""task_id"": 5}, {""client_id"": 69, ""task_id"": 6}, {""client_id"": 32, ""task_id"": 7}, {""client_id"": 19, ""task_id"": 8}, {""client_id"": 0, ""task_id"": 9}]","[94902842, 94903839, 94904836, 94905833, 94906830, 94907827, 94908824, 94909821, 94910818, 94911815]",1,0
949,FedPhoenixRG-Excess,1,77.66000366210938,12.796100199979264,0.0,"[0, 38, 65, 82, 44, 6, 80, 12, 57, 79]","[{""client_id"": 0, ""task_id"": 0}, {""client_id"": 38, ""task_id"": 1}, {""client_id"": 65, ""task_id"": 2}, {""client_id"": 82, ""task_id"": 3}, {""client_id"": 44, ""task_id"": 4}, {""client_id"": 6, ""task_id"": 5}, {""client_id"": 80, ""task_id"": 6}, {""client_id"": 12, ""task_id"": 7}, {""client_id"": 57, ""task_id"": 8}, {""client_id"": 79, ""task_id"": 9}]","[95002845, 95003842, 95004839, 95005836, 95006833, 95007830, 95008827, 95009824, 95010821, 95011818]",1,0
950,FedPhoenixRG-Excess,1,77.52999877929688,9.590541000012308,0.0,"[99, 18, 52, 49, 97, 64, 31, 23, 38, 56]","[{""client_id"": 99, ""task_id"": 0}, {""client_id"": 18, ""task_id"": 1}, {""client_id"": 52, ""task_id"": 2}, {""client_id"": 49, ""task_id"": 3}, {""client_id"": 97, ""task_id"": 4}, {""client_id"": 64, ""task_id"": 5}, {""client_id"": 31, ""task_id"": 6}, {""client_id"": 23, ""task_id"": 7}, {""client_id"": 38, ""task_id"": 8}, {""client_id"": 56, ""task_id"": 9}]","[95102848, 95103845, 95104842, 95105839, 95106836, 95107833, 95108830, 95109827, 95110824, 95111821]",1,0
951,FedPhoenixRG-Excess,1,76.43000030517578,9.866316800005734,0.0,"[12, 46, 24, 8, 50, 73, 14, 89, 18, 53]","[{""client_id"": 12, ""task_id"": 0}, {""client_id"": 46, ""task_id"": 1}, {""client_id"": 24, ""task_id"": 2}, {""client_id"": 8, ""task_id"": 3}, {""client_id"": 50, ""task_id"": 4}, {""client_id"": 73, ""task_id"": 5}, {""client_id"": 14, ""task_id"": 6}, {""client_id"": 89, ""task_id"": 7}, {""client_id"": 18, ""task_id"": 8}, {""client_id"": 53, ""task_id"": 9}]","[95202851, 95203848, 95204845, 95205842, 95206839, 95207836, 95208833, 95209830, 95210827, 95211824]",1,0
952,FedPhoenixRG-Excess,1,81.6500015258789,11.996057599957567,0.0,"[22, 2, 79, 3, 33, 91, 46, 58, 44, 20]","[{""client_id"": 22, ""task_id"": 0}, {""client_id"": 2, ""task_id"": 1}, {""client_id"": 79, ""task_id"": 2}, {""client_id"": 3, ""task_id"": 3}, {""client_id"": 33, ""task_id"": 4}, {""client_id"": 91, ""task_id"": 5}, {""client_id"": 46, ""task_id"": 6}, {""client_id"": 58, ""task_id"": 7}, {""client_id"": 44, ""task_id"": 8}, {""client_id"": 20, ""task_id"": 9}]","[95302854, 95303851, 95304848, 95305845, 95306842, 95307839, 95308836, 95309833, 95310830, 95311827]",1,0
953,FedPhoenixRG-Excess,1,82.04000091552734,7.51579740003217,0.0,"[38, 95, 15, 87, 67, 66, 69, 1, 71, 98]","[{""client_id"": 38, ""task_id"": 0}, {""client_id"": 95, ""task_id"": 1}, {""client_id"": 15, ""task_id"": 2}, {""client_id"": 87, ""task_id"": 3}, {""client_id"": 67, ""task_id"": 4}, {""client_id"": 66, ""task_id"": 5}, {""client_id"": 69, ""task_id"": 6}, {""client_id"": 1, ""task_id"": 7}, {""client_id"": 71, ""task_id"": 8}, {""client_id"": 98, ""task_id"": 9}]","[95402857, 95403854, 95404851, 95405848, 95406845, 95407842, 95408839, 95409836, 95410833, 95411830]",1,0
954,FedPhoenixRG-Excess,1,80.86000061035156,11.081287000037264,0.0,"[73, 31, 46, 24, 90, 65, 21, 57, 38, 49]","[{""client_id"": 73, ""task_id"": 0}, {""client_id"": 31, ""task_id"": 1}, {""client_id"": 46, ""task_id"": 2}, {""client_id"": 24, ""task_id"": 3}, {""client_id"": 90, ""task_id"": 4}, {""client_id"": 65, ""task_id"": 5}, {""client_id"": 21, ""task_id"": 6}, {""client_id"": 57, ""task_id"": 7}, {""client_id"": 38, ""task_id"": 8}, {""client_id"": 49, ""task_id"": 9}]","[95502860, 95503857, 95504854, 95505851, 95506848, 95507845, 95508842, 95509839, 95510836, 95511833]",1,0
955,FedPhoenixRG-Excess,1,71.94000244140625,10.735102300008293,0.0,"[90, 84, 34, 23, 69, 42, 70, 29, 7, 55]","[{""client_id"": 90, ""task_id"": 0}, {""client_id"": 84, ""task_id"": 1}, {""client_id"": 34, ""task_id"": 2}, {""client_id"": 23, ""task_id"": 3}, {""client_id"": 69, ""task_id"": 4}, {""client_id"": 42, ""task_id"": 5}, {""client_id"": 70, ""task_id"": 6}, {""client_id"": 29, ""task_id"": 7}, {""client_id"": 7, ""task_id"": 8}, {""client_id"": 55, ""task_id"": 9}]","[95602863, 95603860, 95604857, 95605854, 95606851, 95607848, 95608845, 95609842, 95610839, 95611836]",1,0
956,FedPhoenixRG-Excess,1,72.91999816894531,10.235893099976238,0.0,"[38, 18, 6, 42, 14, 90, 22, 58, 21, 12]","[{""client_id"": 38, ""task_id"": 0}, {""client_id"": 18, ""task_id"": 1}, {""client_id"": 6, ""task_id"": 2}, {""client_id"": 42, ""task_id"": 3}, {""client_id"": 14, ""task_id"": 4}, {""client_id"": 90, ""task_id"": 5}, {""client_id"": 22, ""task_id"": 6}, {""client_id"": 58, ""task_id"": 7}, {""client_id"": 21, ""task_id"": 8}, {""client_id"": 12, ""task_id"": 9}]","[95702866, 95703863, 95704860, 95705857, 95706854, 95707851, 95708848, 95709845, 95710842, 95711839]",1,0
957,FedPhoenixRG-Excess,1,70.63999938964844,13.449472299951594,0.0,"[56, 49, 55, 12, 0, 22, 57, 14, 65, 33]","[{""client_id"": 56, ""task_id"": 0}, {""client_id"": 49, ""task_id"": 1}, {""client_id"": 55, ""task_id"": 2}, {""client_id"": 12, ""task_id"": 3}, {""client_id"": 0, ""task_id"": 4}, {""client_id"": 22, ""task_id"": 5}, {""client_id"": 57, ""task_id"": 6}, {""client_id"": 14, ""task_id"": 7}, {""client_id"": 65, ""task_id"": 8}, {""client_id"": 33, ""task_id"": 9}]","[95802869, 95803866, 95804863, 95805860, 95806857, 95807854, 95808851, 95809848, 95810845, 95811842]",1,0
958,FedPhoenixRG-Excess,1,80.83999633789062,10.10908379999455,0.0,"[85, 45, 1, 7, 53, 41, 21, 44, 35, 80]","[{""client_id"": 85, ""task_id"": 0}, {""client_id"": 45, ""task_id"": 1}, {""client_id"": 1, ""task_id"": 2}, {""client_id"": 7, ""task_id"": 3}, {""client_id"": 53, ""task_id"": 4}, {""client_id"": 41, ""task_id"": 5}, {""client_id"": 21, ""task_id"": 6}, {""client_id"": 44, ""task_id"": 7}, {""client_id"": 35, ""task_id"": 8}, {""client_id"": 80, ""task_id"": 9}]","[95902872, 95903869, 95904866, 95905863, 95906860, 95907857, 95908854, 95909851, 95910848, 95911845]",1,0
959,FedPhoenixRG-Excess,1,75.8499984741211,10.24127529998077,0.0,"[78, 87, 62, 74, 79, 76, 30, 61, 23, 59]","[{""client_id"": 78, ""task_id"": 0}, {""client_id"": 87, ""task_id"": 1}, {""client_id"": 62, ""task_id"": 2}, {""client_id"": 74, ""task_id"": 3}, {""client_id"": 79, ""task_id"": 4}, {""client_id"": 76, ""task_id"": 5}, {""client_id"": 30, ""task_id"": 6}, {""client_id"": 61, ""task_id"": 7}, {""client_id"": 23, ""task_id"": 8}, {""client_id"": 59, ""task_id"": 9}]","[96002875, 96003872, 96004869, 96005866, 96006863, 96007860, 96008857, 96009854, 96010851, 96011848]",1,0
960,FedPhoenixRG-Excess,1,73.69000244140625,9.824764200020581,0.0,"[80, 16, 50, 48, 79, 83, 2, 30, 49, 90]","[{""client_id"": 80, ""task_id"": 0}, {""client_id"": 16, ""task_id"": 1}, {""client_id"": 50, ""task_id"": 2}, {""client_id"": 48, ""task_id"": 3}, {""client_id"": 79, ""task_id"": 4}, {""client_id"": 83, ""task_id"": 5}, {""client_id"": 2, ""task_id"": 6}, {""client_id"": 30, ""task_id"": 7}, {""client_id"": 49, ""task_id"": 8}, {""client_id"": 90, ""task_id"": 9}]","[96102878, 96103875, 96104872, 96105869, 96106866, 96107863, 96108860, 96109857, 96110854, 96111851]",1,1
961,FedPhoenixRG-Excess,1,82.13999938964844,9.84835149999708,0.0,"[72, 63, 31, 7, 26, 91, 94, 64, 15, 60]","[{""client_id"": 72, ""task_id"": 0}, {""client_id"": 63, ""task_id"": 1}, {""client_id"": 31, ""task_id"": 2}, {""client_id"": 7, ""task_id"": 3}, {""client_id"": 26, ""task_id"": 4}, {""client_id"": 91, ""task_id"": 5}, {""client_id"": 94, ""task_id"": 6}, {""client_id"": 64, ""task_id"": 7}, {""client_id"": 15, ""task_id"": 8}, {""client_id"": 60, ""task_id"": 9}]","[96202881, 96203878, 96204875, 96205872, 96206869, 96207866, 96208863, 96209860, 96210857, 96211854]",1,0
962,FedPhoenixRG-Excess,1,79.55000305175781,8.740540399972815,0.0,"[81, 98, 27, 53, 77, 30, 4, 93, 60, 52]","[{""client_id"": 81, ""task_id"": 0}, {""client_id"": 98, ""task_id"": 1}, {""client_id"": 27, ""task_id"": 2}, {""client_id"": 53, ""task_id"": 3}, {""client_id"": 77, ""task_id"": 4}, {""client_id"": 30, ""task_id"": 5}, {""client_id"": 4, ""task_id"": 6}, {""client_id"": 93, ""task_id"": 7}, {""client_id"": 60, ""task_id"": 8}, {""client_id"": 52, ""task_id"": 9}]","[96302884, 96303881, 96304878, 96305875, 96306872, 96307869, 96308866, 96309863, 96310860, 96311857]",1,0
963,FedPhoenixRG-Excess,1,81.81999969482422,10.158789399953093,0.0,"[20, 88, 45, 95, 61, 68, 66, 6, 67, 12]","[{""client_id"": 20, ""task_id"": 0}, {""client_id"": 88, ""task_id"": 1}, {""client_id"": 45, ""task_id"": 2}, {""client_id"": 95, ""task_id"": 3}, {""client_id"": 61, ""task_id"": 4}, {""client_id"": 68, ""task_id"": 5}, {""client_id"": 66, ""task_id"": 6}, {""client_id"": 6, ""task_id"": 7}, {""client_id"": 67, ""task_id"": 8}, {""client_id"": 12, ""task_id"": 9}]","[96402887, 96403884, 96404881, 96405878, 96406875, 96407872, 96408869, 96409866, 96410863, 96411860]",1,0
964,FedPhoenixRG-Excess,1,74.55000305175781,8.494840900006238,0.0,"[75, 45, 28, 47, 5, 60, 59, 41, 50, 43]","[{""client_id"": 75, ""task_id"": 0}, {""client_id"": 45, ""task_id"": 1}, {""client_id"": 28, ""task_id"": 2}, {""client_id"": 47, ""task_id"": 3}, {""client_id"": 5, ""task_id"": 4}, {""client_id"": 60, ""task_id"": 5}, {""client_id"": 59, ""task_id"": 6}, {""client_id"": 41, ""task_id"": 7}, {""client_id"": 50, ""task_id"": 8}, {""client_id"": 43, ""task_id"": 9}]","[96502890, 96503887, 96504884, 96505881, 96506878, 96507875, 96508872, 96509869, 96510866, 96511863]",1,0
965,FedPhoenixRG-Excess,1,82.52999877929688,10.83187520003412,0.0,"[22, 80, 45, 97, 48, 98, 65, 74, 75, 30]","[{""client_id"": 22, ""task_id"": 0}, {""client_id"": 80, ""task_id"": 1}, {""client_id"": 45, ""task_id"": 2}, {""client_id"": 97, ""task_id"": 3}, {""client_id"": 48, ""task_id"": 4}, {""client_id"": 98, ""task_id"": 5}, {""client_id"": 65, ""task_id"": 6}, {""client_id"": 74, ""task_id"": 7}, {""client_id"": 75, ""task_id"": 8}, {""client_id"": 30, ""task_id"": 9}]","[96602893, 96603890, 96604887, 96605884, 96606881, 96607878, 96608875, 96609872, 96610869, 96611866]",1,0
966,FedPhoenixRG-Excess,1,81.97000122070312,11.849709200032521,0.0,"[43, 70, 90, 97, 36, 81, 38, 47, 65, 23]","[{""client_id"": 43, ""task_id"": 0}, {""client_id"": 70, ""task_id"": 1}, {""client_id"": 90, ""task_id"": 2}, {""client_id"": 97, ""task_id"": 3}, {""client_id"": 36, ""task_id"": 4}, {""client_id"": 81, ""task_id"": 5}, {""client_id"": 38, ""task_id"": 6}, {""client_id"": 47, ""task_id"": 7}, {""client_id"": 65, ""task_id"": 8}, {""client_id"": 23, ""task_id"": 9}]","[96702896, 96703893, 96704890, 96705887, 96706884, 96707881, 96708878, 96709875, 96710872, 96711869]",1,0
967,FedPhoenixRG-Excess,1,82.79000091552734,8.749835099966731,0.0,"[43, 64, 36, 98, 75, 12, 79, 0, 51, 73]","[{""client_id"": 43, ""task_id"": 0}, {""client_id"": 64, ""task_id"": 1}, {""client_id"": 36, ""task_id"": 2}, {""client_id"": 98, ""task_id"": 3}, {""client_id"": 75, ""task_id"": 4}, {""client_id"": 12, ""task_id"": 5}, {""client_id"": 79, ""task_id"": 6}, {""client_id"": 0, ""task_id"": 7}, {""client_id"": 51, ""task_id"": 8}, {""client_id"": 73, ""task_id"": 9}]","[96802899, 96803896, 96804893, 96805890, 96806887, 96807884, 96808881, 96809878, 96810875, 96811872]",1,0
968,FedPhoenixRG-Excess,1,81.9800033569336,9.746763399976771,0.0,"[61, 75, 62, 52, 11, 83, 15, 79, 31, 53]","[{""client_id"": 61, ""task_id"": 0}, {""client_id"": 75, ""task_id"": 1}, {""client_id"": 62, ""task_id"": 2}, {""client_id"": 52, ""task_id"": 3}, {""client_id"": 11, ""task_id"": 4}, {""client_id"": 83, ""task_id"": 5}, {""client_id"": 15, ""task_id"": 6}, {""client_id"": 79, ""task_id"": 7}, {""client_id"": 31, ""task_id"": 8}, {""client_id"": 53, ""task_id"": 9}]","[96902902, 96903899, 96904896, 96905893, 96906890, 96907887, 96908884, 96909881, 96910878, 96911875]",1,0
969,FedPhoenixRG-Excess,1,82.75,11.248078700038604,0.0,"[18, 65, 47, 59, 58, 67, 0, 30, 88, 31]","[{""client_id"": 18, ""task_id"": 0}, {""client_id"": 65, ""task_id"": 1}, {""client_id"": 47, ""task_id"": 2}, {""client_id"": 59, ""task_id"": 3}, {""client_id"": 58, ""task_id"": 4}, {""client_id"": 67, ""task_id"": 5}, {""client_id"": 0, ""task_id"": 6}, {""client_id"": 30, ""task_id"": 7}, {""client_id"": 88, ""task_id"": 8}, {""client_id"": 31, ""task_id"": 9}]","[97002905, 97003902, 97004899, 97005896, 97006893, 97007890, 97008887, 97009884, 97010881, 97011878]",1,0
970,FedPhoenixRG-Excess,1,82.2699966430664,8.428111899993382,0.0,"[44, 90, 97, 27, 9, 22, 11, 77, 34, 4]","[{""client_id"": 44, ""task_id"": 0}, {""client_id"": 90, ""task_id"": 1}, {""client_id"": 97, ""task_id"": 2}, {""client_id"": 27, ""task_id"": 3}, {""client_id"": 9, ""task_id"": 4}, {""client_id"": 22, ""task_id"": 5}, {""client_id"": 11, ""task_id"": 6}, {""client_id"": 77, ""task_id"": 7}, {""client_id"": 34, ""task_id"": 8}, {""client_id"": 4, ""task_id"": 9}]","[97102908, 97103905, 97104902, 97105899, 97106896, 97107893, 97108890, 97109887, 97110884, 97111881]",1,0
971,FedPhoenixRG-Excess,1,82.44000244140625,10.516479500045534,0.0,"[95, 26, 76, 97, 16, 23, 32, 55, 22, 40]","[{""client_id"": 95, ""task_id"": 0}, {""client_id"": 26, ""task_id"": 1}, {""client_id"": 76, ""task_id"": 2}, {""client_id"": 97, ""task_id"": 3}, {""client_id"": 16, ""task_id"": 4}, {""client_id"": 23, ""task_id"": 5}, {""client_id"": 32, ""task_id"": 6}, {""client_id"": 55, ""task_id"": 7}, {""client_id"": 22, ""task_id"": 8}, {""client_id"": 40, ""task_id"": 9}]","[97202911, 97203908, 97204905, 97205902, 97206899, 97207896, 97208893, 97209890, 97210887, 97211884]",1,0
972,FedPhoenixRG-Excess,1,82.27999877929688,8.538397199998144,0.0,"[36, 43, 38, 66, 78, 91, 52, 19, 34, 77]","[{""client_id"": 36, ""task_id"": 0}, {""client_id"": 43, ""task_id"": 1}, {""client_id"": 38, ""task_id"": 2}, {""client_id"": 66, ""task_id"": 3}, {""client_id"": 78, ""task_id"": 4}, {""client_id"": 91, ""task_id"": 5}, {""client_id"": 52, ""task_id"": 6}, {""client_id"": 19, ""task_id"": 7}, {""client_id"": 34, ""task_id"": 8}, {""client_id"": 77, ""task_id"": 9}]","[97302914, 97303911, 97304908, 97305905, 97306902, 97307899, 97308896, 97309893, 97310890, 97311887]",1,0
973,FedPhoenixRG-Excess,1,81.87999725341797,10.775572500017006,0.0,"[3, 18, 20, 74, 78, 0, 33, 93, 29, 32]","[{""client_id"": 3, ""task_id"": 0}, {""client_id"": 18, ""task_id"": 1}, {""client_id"": 20, ""task_id"": 2}, {""client_id"": 74, ""task_id"": 3}, {""client_id"": 78, ""task_id"": 4}, {""client_id"": 0, ""task_id"": 5}, {""client_id"": 33, ""task_id"": 6}, {""client_id"": 93, ""task_id"": 7}, {""client_id"": 29, ""task_id"": 8}, {""client_id"": 32, ""task_id"": 9}]","[97402917, 97403914, 97404911, 97405908, 97406905, 97407902, 97408899, 97409896, 97410893, 97411890]",1,0
974,FedPhoenixRG-Excess,1,81.0999984741211,10.140740800008643,0.0,"[14, 5, 98, 90, 89, 13, 33, 62, 57, 66]","[{""client_id"": 14, ""task_id"": 0}, {""client_id"": 5, ""task_id"": 1}, {""client_id"": 98, ""task_id"": 2}, {""client_id"": 90, ""task_id"": 3}, {""client_id"": 89, ""task_id"": 4}, {""client_id"": 13, ""task_id"": 5}, {""client_id"": 33, ""task_id"": 6}, {""client_id"": 62, ""task_id"": 7}, {""client_id"": 57, ""task_id"": 8}, {""client_id"": 66, ""task_id"": 9}]","[97502920, 97503917, 97504914, 97505911, 97506908, 97507905, 97508902, 97509899, 97510896, 97511893]",1,0
975,FedPhoenixRG-Excess,1,81.66999816894531,8.655013000010513,0.0,"[30, 42, 82, 59, 45, 92, 39, 34, 47, 14]","[{""client_id"": 30, ""task_id"": 0}, {""client_id"": 42, ""task_id"": 1}, {""client_id"": 82, ""task_id"": 2}, {""client_id"": 59, ""task_id"": 3}, {""client_id"": 45, ""task_id"": 4}, {""client_id"": 92, ""task_id"": 5}, {""client_id"": 39, ""task_id"": 6}, {""client_id"": 34, ""task_id"": 7}, {""client_id"": 47, ""task_id"": 8}, {""client_id"": 14, ""task_id"": 9}]","[97602923, 97603920, 97604917, 97605914, 97606911, 97607908, 97608905, 97609902, 97610899, 97611896]",1,0
976,FedPhoenixRG-Excess,1,80.87000274658203,9.809725400002208,0.0,"[62, 1, 98, 57, 10, 25, 24, 73, 92, 33]","[{""client_id"": 62, ""task_id"": 0}, {""client_id"": 1, ""task_id"": 1}, {""client_id"": 98, ""task_id"": 2}, {""client_id"": 57, ""task_id"": 3}, {""client_id"": 10, ""task_id"": 4}, {""client_id"": 25, ""task_id"": 5}, {""client_id"": 24, ""task_id"": 6}, {""client_id"": 73, ""task_id"": 7}, {""client_id"": 92, ""task_id"": 8}, {""client_id"": 33, ""task_id"": 9}]","[97702926, 97703923, 97704920, 97705917, 97706914, 97707911, 97708908, 97709905, 97710902, 97711899]",1,0
977,FedPhoenixRG-Excess,1,80.95999908447266,10.151748100004625,0.0,"[4, 54, 0, 34, 90, 69, 33, 22, 46, 3]","[{""client_id"": 4, ""task_id"": 0}, {""client_id"": 54, ""task_id"": 1}, {""client_id"": 0, ""task_id"": 2}, {""client_id"": 34, ""task_id"": 3}, {""client_id"": 90, ""task_id"": 4}, {""client_id"": 69, ""task_id"": 5}, {""client_id"": 33, ""task_id"": 6}, {""client_id"": 22, ""task_id"": 7}, {""client_id"": 46, ""task_id"": 8}, {""client_id"": 3, ""task_id"": 9}]","[97802929, 97803926, 97804923, 97805920, 97806917, 97807914, 97808911, 97809908, 97810905, 97811902]",1,0
978,FedPhoenixRG-Excess,1,73.48999786376953,11.176888199988753,0.0,"[20, 28, 23, 66, 39, 46, 73, 62, 75, 45]","[{""client_id"": 20, ""task_id"": 0}, {""client_id"": 28, ""task_id"": 1}, {""client_id"": 23, ""task_id"": 2}, {""client_id"": 66, ""task_id"": 3}, {""client_id"": 39, ""task_id"": 4}, {""client_id"": 46, ""task_id"": 5}, {""client_id"": 73, ""task_id"": 6}, {""client_id"": 62, ""task_id"": 7}, {""client_id"": 75, ""task_id"": 8}, {""client_id"": 45, ""task_id"": 9}]","[97902932, 97903929, 97904926, 97905923, 97906920, 97907917, 97908914, 97909911, 97910908, 97911905]",1,0
979,FedPhoenixRG-Excess,1,75.4000015258789,9.42276409995975,0.0,"[99, 55, 68, 63, 88, 69, 41, 48, 98, 11]","[{""client_id"": 99, ""task_id"": 0}, {""client_id"": 55, ""task_id"": 1}, {""client_id"": 68, ""task_id"": 2}, {""client_id"": 63, ""task_id"": 3}, {""client_id"": 88, ""task_id"": 4}, {""client_id"": 69, ""task_id"": 5}, {""client_id"": 41, ""task_id"": 6}, {""client_id"": 48, ""task_id"": 7}, {""client_id"": 98, ""task_id"": 8}, {""client_id"": 11, ""task_id"": 9}]","[98002935, 98003932, 98004929, 98005926, 98006923, 98007920, 98008917, 98009914, 98010911, 98011908]",1,0
980,FedPhoenixRG-Excess,1,80.6500015258789,9.084854599961545,0.0,"[97, 17, 18, 42, 36, 24, 59, 9, 38, 96]","[{""client_id"": 97, ""task_id"": 0}, {""client_id"": 17, ""task_id"": 1}, {""client_id"": 18, ""task_id"": 2}, {""client_id"": 42, ""task_id"": 3}, {""client_id"": 36, ""task_id"": 4}, {""client_id"": 24, ""task_id"": 5}, {""client_id"": 59, ""task_id"": 6}, {""client_id"": 9, ""task_id"": 7}, {""client_id"": 38, ""task_id"": 8}, {""client_id"": 96, ""task_id"": 9}]","[98102938, 98103935, 98104932, 98105929, 98106926, 98107923, 98108920, 98109917, 98110914, 98111911]",1,1
981,FedPhoenixRG-Excess,1,82.55999755859375,10.524391899991315,0.0,"[23, 85, 52, 2, 92, 36, 15, 37, 64, 87]","[{""client_id"": 23, ""task_id"": 0}, {""client_id"": 85, ""task_id"": 1}, {""client_id"": 52, ""task_id"": 2}, {""client_id"": 2, ""task_id"": 3}, {""client_id"": 92, ""task_id"": 4}, {""client_id"": 36, ""task_id"": 5}, {""client_id"": 15, ""task_id"": 6}, {""client_id"": 37, ""task_id"": 7}, {""client_id"": 64, ""task_id"": 8}, {""client_id"": 87, ""task_id"": 9}]","[98202941, 98203938, 98204935, 98205932, 98206929, 98207926, 98208923, 98209920, 98210917, 98211914]",1,0
982,FedPhoenixRG-Excess,1,77.52999877929688,7.813493599998765,0.0,"[18, 1, 28, 42, 32, 27, 4, 44, 46, 92]","[{""client_id"": 18, ""task_id"": 0}, {""client_id"": 1, ""task_id"": 1}, {""client_id"": 28, ""task_id"": 2}, {""client_id"": 42, ""task_id"": 3}, {""client_id"": 32, ""task_id"": 4}, {""client_id"": 27, ""task_id"": 5}, {""client_id"": 4, ""task_id"": 6}, {""client_id"": 44, ""task_id"": 7}, {""client_id"": 46, ""task_id"": 8}, {""client_id"": 92, ""task_id"": 9}]","[98302944, 98303941, 98304938, 98305935, 98306932, 98307929, 98308926, 98309923, 98310920, 98311917]",1,0
983,FedPhoenixRG-Excess,1,82.70999908447266,8.70701640000334,0.0,"[0, 8, 72, 81, 59, 83, 10, 76, 85, 28]","[{""client_id"": 0, ""task_id"": 0}, {""client_id"": 8, ""task_id"": 1}, {""client_id"": 72, ""task_id"": 2}, {""client_id"": 81, ""task_id"": 3}, {""client_id"": 59, ""task_id"": 4}, {""client_id"": 83, ""task_id"": 5}, {""client_id"": 10, ""task_id"": 6}, {""client_id"": 76, ""task_id"": 7}, {""client_id"": 85, ""task_id"": 8}, {""client_id"": 28, ""task_id"": 9}]","[98402947, 98403944, 98404941, 98405938, 98406935, 98407932, 98408929, 98409926, 98410923, 98411920]",1,0
984,FedPhoenixRG-Excess,1,83.05000305175781,8.921177899988834,0.0,"[77, 83, 80, 90, 74, 89, 50, 24, 26, 52]","[{""client_id"": 77, ""task_id"": 0}, {""client_id"": 83, ""task_id"": 1}, {""client_id"": 80, ""task_id"": 2}, {""client_id"": 90, ""task_id"": 3}, {""client_id"": 74, ""task_id"": 4}, {""client_id"": 89, ""task_id"": 5}, {""client_id"": 50, ""task_id"": 6}, {""client_id"": 24, ""task_id"": 7}, {""client_id"": 26, ""task_id"": 8}, {""client_id"": 52, ""task_id"": 9}]","[98502950, 98503947, 98504944, 98505941, 98506938, 98507935, 98508932, 98509929, 98510926, 98511923]",1,0
985,FedPhoenixRG-Excess,1,82.6500015258789,10.358392800029833,0.0,"[0, 79, 66, 70, 58, 56, 10, 15, 47, 13]","[{""client_id"": 0, ""task_id"": 0}, {""client_id"": 79, ""task_id"": 1}, {""client_id"": 66, ""task_id"": 2}, {""client_id"": 70, ""task_id"": 3}, {""client_id"": 58, ""task_id"": 4}, {""client_id"": 56, ""task_id"": 5}, {""client_id"": 10, ""task_id"": 6}, {""client_id"": 15, ""task_id"": 7}, {""client_id"": 47, ""task_id"": 8}, {""client_id"": 13, ""task_id"": 9}]","[98602953, 98603950, 98604947, 98605944, 98606941, 98607938, 98608935, 98609932, 98610929, 98611926]",1,0
986,FedPhoenixRG-Excess,1,82.87999725341797,10.047630099987146,0.0,"[81, 26, 99, 76, 49, 77, 10, 70, 48, 19]","[{""client_id"": 81, ""task_id"": 0}, {""client_id"": 26, ""task_id"": 1}, {""client_id"": 99, ""task_id"": 2}, {""client_id"": 76, ""task_id"": 3}, {""client_id"": 49, ""task_id"": 4}, {""client_id"": 77, ""task_id"": 5}, {""client_id"": 10, ""task_id"": 6}, {""client_id"": 70, ""task_id"": 7}, {""client_id"": 48, ""task_id"": 8}, {""client_id"": 19, ""task_id"": 9}]","[98702956, 98703953, 98704950, 98705947, 98706944, 98707941, 98708938, 98709935, 98710932, 98711929]",1,0
987,FedPhoenixRG-Excess,1,83.16999816894531,9.58955730003072,0.0,"[12, 69, 56, 94, 72, 93, 79, 84, 97, 66]","[{""client_id"": 12, ""task_id"": 0}, {""client_id"": 69, ""task_id"": 1}, {""client_id"": 56, ""task_id"": 2}, {""client_id"": 94, ""task_id"": 3}, {""client_id"": 72, ""task_id"": 4}, {""client_id"": 93, ""task_id"": 5}, {""client_id"": 79, ""task_id"": 6}, {""client_id"": 84, ""task_id"": 7}, {""client_id"": 97, ""task_id"": 8}, {""client_id"": 66, ""task_id"": 9}]","[98802959, 98803956, 98804953, 98805950, 98806947, 98807944, 98808941, 98809938, 98810935, 98811932]",1,0
988,FedPhoenixRG-Excess,1,82.30000305175781,10.048918699962087,0.0,"[96, 31, 23, 10, 51, 30, 52, 46, 79, 94]","[{""client_id"": 96, ""task_id"": 0}, {""client_id"": 31, ""task_id"": 1}, {""client_id"": 23, ""task_id"": 2}, {""client_id"": 10, ""task_id"": 3}, {""client_id"": 51, ""task_id"": 4}, {""client_id"": 30, ""task_id"": 5}, {""client_id"": 52, ""task_id"": 6}, {""client_id"": 46, ""task_id"": 7}, {""client_id"": 79, ""task_id"": 8}, {""client_id"": 94, ""task_id"": 9}]","[98902962, 98903959, 98904956, 98905953, 98906950, 98907947, 98908944, 98909941, 98910938, 98911935]",1,0
989,FedPhoenixRG-Excess,1,82.62999725341797,9.391402599983849,0.0,"[49, 5, 53, 0, 85, 52, 77, 66, 95, 87]","[{""client_id"": 49, ""task_id"": 0}, {""client_id"": 5, ""task_id"": 1}, {""client_id"": 53, ""task_id"": 2}, {""client_id"": 0, ""task_id"": 3}, {""client_id"": 85, ""task_id"": 4}, {""client_id"": 52, ""task_id"": 5}, {""client_id"": 77, ""task_id"": 6}, {""client_id"": 66, ""task_id"": 7}, {""client_id"": 95, ""task_id"": 8}, {""client_id"": 87, ""task_id"": 9}]","[99002965, 99003962, 99004959, 99005956, 99006953, 99007950, 99008947, 99009944, 99010941, 99011938]",1,0
990,FedPhoenixRG-Excess,1,82.2699966430664,10.408300600014627,0.0,"[85, 72, 26, 62, 70, 11, 5, 48, 14, 75]","[{""client_id"": 85, ""task_id"": 0}, {""client_id"": 72, ""task_id"": 1}, {""client_id"": 26, ""task_id"": 2}, {""client_id"": 62, ""task_id"": 3}, {""client_id"": 70, ""task_id"": 4}, {""client_id"": 11, ""task_id"": 5}, {""client_id"": 5, ""task_id"": 6}, {""client_id"": 48, ""task_id"": 7}, {""client_id"": 14, ""task_id"": 8}, {""client_id"": 75, ""task_id"": 9}]","[99102968, 99103965, 99104962, 99105959, 99106956, 99107953, 99108950, 99109947, 99110944, 99111941]",1,0
991,FedPhoenixRG-Excess,1,82.58999633789062,10.379986899963114,0.0,"[6, 64, 25, 1, 80, 82, 76, 89, 66, 0]","[{""client_id"": 6, ""task_id"": 0}, {""client_id"": 64, ""task_id"": 1}, {""client_id"": 25, ""task_id"": 2}, {""client_id"": 1, ""task_id"": 3}, {""client_id"": 80, ""task_id"": 4}, {""client_id"": 82, ""task_id"": 5}, {""client_id"": 76, ""task_id"": 6}, {""client_id"": 89, ""task_id"": 7}, {""client_id"": 66, ""task_id"": 8}, {""client_id"": 0, ""task_id"": 9}]","[99202971, 99203968, 99204965, 99205962, 99206959, 99207956, 99208953, 99209950, 99210947, 99211944]",1,0
992,FedPhoenixRG-Excess,1,82.94999694824219,10.36147369997343,0.0,"[11, 42, 21, 83, 23, 81, 73, 84, 3, 32]","[{""client_id"": 11, ""task_id"": 0}, {""client_id"": 42, ""task_id"": 1}, {""client_id"": 21, ""task_id"": 2}, {""client_id"": 83, ""task_id"": 3}, {""client_id"": 23, ""task_id"": 4}, {""client_id"": 81, ""task_id"": 5}, {""client_id"": 73, ""task_id"": 6}, {""client_id"": 84, ""task_id"": 7}, {""client_id"": 3, ""task_id"": 8}, {""client_id"": 32, ""task_id"": 9}]","[99302974, 99303971, 99304968, 99305965, 99306962, 99307959, 99308956, 99309953, 99310950, 99311947]",1,0
993,FedPhoenixRG-Excess,1,82.83000183105469,9.410907400015276,0.0,"[14, 25, 32, 21, 26, 53, 59, 77, 63, 18]","[{""client_id"": 14, ""task_id"": 0}, {""client_id"": 25, ""task_id"": 1}, {""client_id"": 32, ""task_id"": 2}, {""client_id"": 21, ""task_id"": 3}, {""client_id"": 26, ""task_id"": 4}, {""client_id"": 53, ""task_id"": 5}, {""client_id"": 59, ""task_id"": 6}, {""client_id"": 77, ""task_id"": 7}, {""client_id"": 63, ""task_id"": 8}, {""client_id"": 18, ""task_id"": 9}]","[99402977, 99403974, 99404971, 99405968, 99406965, 99407962, 99408959, 99409956, 99410953, 99411950]",1,0
994,FedPhoenixRG-Excess,1,83.22000122070312,10.163446500024293,0.0,"[49, 41, 83, 62, 80, 61, 85, 55, 54, 76]","[{""client_id"": 49, ""task_id"": 0}, {""client_id"": 41, ""task_id"": 1}, {""client_id"": 83, ""task_id"": 2}, {""client_id"": 62, ""task_id"": 3}, {""client_id"": 80, ""task_id"": 4}, {""client_id"": 61, ""task_id"": 5}, {""client_id"": 85, ""task_id"": 6}, {""client_id"": 55, ""task_id"": 7}, {""client_id"": 54, ""task_id"": 8}, {""client_id"": 76, ""task_id"": 9}]","[99502980, 99503977, 99504974, 99505971, 99506968, 99507965, 99508962, 99509959, 99510956, 99511953]",1,0
995,FedPhoenixRG-Excess,1,82.11000061035156,8.693913299997803,0.0,"[44, 69, 83, 64, 46, 72, 55, 37, 42, 84]","[{""client_id"": 44, ""task_id"": 0}, {""client_id"": 69, ""task_id"": 1}, {""client_id"": 83, ""task_id"": 2}, {""client_id"": 64, ""task_id"": 3}, {""client_id"": 46, ""task_id"": 4}, {""client_id"": 72, ""task_id"": 5}, {""client_id"": 55, ""task_id"": 6}, {""client_id"": 37, ""task_id"": 7}, {""client_id"": 42, ""task_id"": 8}, {""client_id"": 84, ""task_id"": 9}]","[99602983, 99603980, 99604977, 99605974, 99606971, 99607968, 99608965, 99609962, 99610959, 99611956]",1,0
996,FedPhoenixRG-Excess,1,82.23999786376953,10.636015700001735,0.0,"[93, 31, 61, 25, 9, 42, 36, 78, 96, 23]","[{""client_id"": 93, ""task_id"": 0}, {""client_id"": 31, ""task_id"": 1}, {""client_id"": 61, ""task_id"": 2}, {""client_id"": 25, ""task_id"": 3}, {""client_id"": 9, ""task_id"": 4}, {""client_id"": 42, ""task_id"": 5}, {""client_id"": 36, ""task_id"": 6}, {""client_id"": 78, ""task_id"": 7}, {""client_id"": 96, ""task_id"": 8}, {""client_id"": 23, ""task_id"": 9}]","[99702986, 99703983, 99704980, 99705977, 99706974, 99707971, 99708968, 99709965, 99710962, 99711959]",1,0
997,FedPhoenixRG-Excess,1,82.95999908447266,8.00199929997325,0.0,"[49, 12, 77, 15, 31, 96, 43, 81, 41, 9]","[{""client_id"": 49, ""task_id"": 0}, {""client_id"": 12, ""task_id"": 1}, {""client_id"": 77, ""task_id"": 2}, {""client_id"": 15, ""task_id"": 3}, {""client_id"": 31, ""task_id"": 4}, {""client_id"": 96, ""task_id"": 5}, {""client_id"": 43, ""task_id"": 6}, {""client_id"": 81, ""task_id"": 7}, {""client_id"": 41, ""task_id"": 8}, {""client_id"": 9, ""task_id"": 9}]","[99802989, 99803986, 99804983, 99805980, 99806977, 99807974, 99808971, 99809968, 99810965, 99811962]",1,0
998,FedPhoenixRG-Excess,1,82.86000061035156,8.84649540000828,0.0,"[93, 3, 51, 39, 68, 59, 77, 61, 41, 99]","[{""client_id"": 93, ""task_id"": 0}, {""client_id"": 3, ""task_id"": 1}, {""client_id"": 51, ""task_id"": 2}, {""client_id"": 39, ""task_id"": 3}, {""client_id"": 68, ""task_id"": 4}, {""client_id"": 59, ""task_id"": 5}, {""client_id"": 77, ""task_id"": 6}, {""client_id"": 61, ""task_id"": 7}, {""client_id"": 41, ""task_id"": 8}, {""client_id"": 99, ""task_id"": 9}]","[99902992, 99903989, 99904986, 99905983, 99906980, 99907977, 99908974, 99909971, 99910968, 99911965]",1,0
999,FedPhoenixRG-Excess,1,81.7699966430664,10.76584519998869,0.0,"[66, 38, 56, 62, 20, 54, 65, 3, 98, 14]","[{""client_id"": 66, ""task_id"": 0}, {""client_id"": 38, ""task_id"": 1}, {""client_id"": 56, ""task_id"": 2}, {""client_id"": 62, ""task_id"": 3}, {""client_id"": 20, ""task_id"": 4}, {""client_id"": 54, ""task_id"": 5}, {""client_id"": 65, ""task_id"": 6}, {""client_id"": 3, ""task_id"": 7}, {""client_id"": 98, ""task_id"": 8}, {""client_id"": 14, ""task_id"": 9}]","[100002995, 100003992, 100004989, 100005986, 100006983, 100007980, 100008977, 100009974, 100010971, 100011968]",1,0
1000,FedPhoenixRG-Excess,1,74.80000305175781,9.639891099999659,0.0,"[20, 87, 6, 84, 13, 30, 42, 81, 69, 96]","[{""client_id"": 20, ""task_id"": 0}, {""client_id"": 87, ""task_id"": 1}, {""client_id"": 6, ""task_id"": 2}, {""client_id"": 84, ""task_id"": 3}, {""client_id"": 13, ""task_id"": 4}, {""client_id"": 30, ""task_id"": 5}, {""client_id"": 42, ""task_id"": 6}, {""client_id"": 81, ""task_id"": 7}, {""client_id"": 69, ""task_id"": 8}, {""client_id"": 96, ""task_id"": 9}]","[100102998, 100103995, 100104992, 100105989, 100106986, 100107983, 100108980, 100109977, 100110974, 100111971]",1,1
