round,algorithm,seed,test_accuracy,round_train_seconds,matching_seconds,selected_clients,assignments,task_seeds
1,FedPhoenix,1,10.0,18.4399204000365,0.0,"[80, 84, 33, 81, 93, 17, 36, 82, 69, 65]","[{""client_id"": 80, ""task_id"": 0}, {""client_id"": 84, ""task_id"": 1}, {""client_id"": 33, ""task_id"": 2}, {""client_id"": 81, ""task_id"": 3}, {""client_id"": 93, ""task_id"": 4}, {""client_id"": 17, ""task_id"": 5}, {""client_id"": 36, ""task_id"": 6}, {""client_id"": 82, ""task_id"": 7}, {""client_id"": 69, ""task_id"": 8}, {""client_id"": 65, ""task_id"": 9}]","[200001, 200998, 201995, 202992, 203989, 204986, 205983, 206980, 207977, 208974]"
2,FedPhoenix,1,13.229999542236328,9.346438099979423,0.0,"[44, 96, 1, 35, 26, 11, 38, 82, 87, 3]","[{""client_id"": 44, ""task_id"": 0}, {""client_id"": 96, ""task_id"": 1}, {""client_id"": 1, ""task_id"": 2}, {""client_id"": 35, ""task_id"": 3}, {""client_id"": 26, ""task_id"": 4}, {""client_id"": 11, ""task_id"": 5}, {""client_id"": 38, ""task_id"": 6}, {""client_id"": 82, ""task_id"": 7}, {""client_id"": 87, ""task_id"": 8}, {""client_id"": 3, ""task_id"": 9}]","[300004, 301001, 301998, 302995, 303992, 304989, 305986, 306983, 307980, 308977]"
3,FedPhoenix,1,12.229999542236328,8.468832799990196,0.0,"[95, 67, 96, 71, 1, 80, 99, 45, 52, 27]","[{""client_id"": 95, ""task_id"": 0}, {""client_id"": 67, ""task_id"": 1}, {""client_id"": 96, ""task_id"": 2}, {""client_id"": 71, ""task_id"": 3}, {""client_id"": 1, ""task_id"": 4}, {""client_id"": 80, ""task_id"": 5}, {""client_id"": 99, ""task_id"": 6}, {""client_id"": 45, ""task_id"": 7}, {""client_id"": 52, ""task_id"": 8}, {""client_id"": 27, ""task_id"": 9}]","[400007, 401004, 402001, 402998, 403995, 404992, 405989, 406986, 407983, 408980]"
4,FedPhoenix,1,16.290000915527344,9.079043200006709,0.0,"[40, 10, 96, 66, 89, 32, 95, 55, 25, 5]","[{""client_id"": 40, ""task_id"": 0}, {""client_id"": 10, ""task_id"": 1}, {""client_id"": 96, ""task_id"": 2}, {""client_id"": 66, ""task_id"": 3}, {""client_id"": 89, ""task_id"": 4}, {""client_id"": 32, ""task_id"": 5}, {""client_id"": 95, ""task_id"": 6}, {""client_id"": 55, ""task_id"": 7}, {""client_id"": 25, ""task_id"": 8}, {""client_id"": 5, ""task_id"": 9}]","[500010, 501007, 502004, 503001, 503998, 504995, 505992, 506989, 507986, 508983]"
5,FedPhoenix,1,32.41999816894531,6.806554400012828,0.0,"[89, 99, 45, 96, 72, 9, 74, 88, 1, 38]","[{""client_id"": 89, ""task_id"": 0}, {""client_id"": 99, ""task_id"": 1}, {""client_id"": 45, ""task_id"": 2}, {""client_id"": 96, ""task_id"": 3}, {""client_id"": 72, ""task_id"": 4}, {""client_id"": 9, ""task_id"": 5}, {""client_id"": 74, ""task_id"": 6}, {""client_id"": 88, ""task_id"": 7}, {""client_id"": 1, ""task_id"": 8}, {""client_id"": 38, ""task_id"": 9}]","[600013, 601010, 602007, 603004, 604001, 604998, 605995, 606992, 607989, 608986]"
6,FedPhoenix,1,17.6200008392334,9.984509300033096,0.0,"[0, 86, 4, 23, 24, 1, 62, 83, 66, 93]","[{""client_id"": 0, ""task_id"": 0}, {""client_id"": 86, ""task_id"": 1}, {""client_id"": 4, ""task_id"": 2}, {""client_id"": 23, ""task_id"": 3}, {""client_id"": 24, ""task_id"": 4}, {""client_id"": 1, ""task_id"": 5}, {""client_id"": 62, ""task_id"": 6}, {""client_id"": 83, ""task_id"": 7}, {""client_id"": 66, ""task_id"": 8}, {""client_id"": 93, ""task_id"": 9}]","[700016, 701013, 702010, 703007, 704004, 705001, 705998, 706995, 707992, 708989]"
7,FedPhoenix,1,24.139999389648438,8.264958100044169,0.0,"[6, 59, 72, 30, 91, 43, 75, 76, 15, 61]","[{""client_id"": 6, ""task_id"": 0}, {""client_id"": 59, ""task_id"": 1}, {""client_id"": 72, ""task_id"": 2}, {""client_id"": 30, ""task_id"": 3}, {""client_id"": 91, ""task_id"": 4}, {""client_id"": 43, ""task_id"": 5}, {""client_id"": 75, ""task_id"": 6}, {""client_id"": 76, ""task_id"": 7}, {""client_id"": 15, ""task_id"": 8}, {""client_id"": 61, ""task_id"": 9}]","[800019, 801016, 802013, 803010, 804007, 805004, 806001, 806998, 807995, 808992]"
8,FedPhoenix,1,23.68000030517578,8.735713400004897,0.0,"[44, 88, 74, 48, 59, 79, 25, 52, 45, 55]","[{""client_id"": 44, ""task_id"": 0}, {""client_id"": 88, ""task_id"": 1}, {""client_id"": 74, ""task_id"": 2}, {""client_id"": 48, ""task_id"": 3}, {""client_id"": 59, ""task_id"": 4}, {""client_id"": 79, ""task_id"": 5}, {""client_id"": 25, ""task_id"": 6}, {""client_id"": 52, ""task_id"": 7}, {""client_id"": 45, ""task_id"": 8}, {""client_id"": 55, ""task_id"": 9}]","[900022, 901019, 902016, 903013, 904010, 905007, 906004, 907001, 907998, 908995]"
9,FedPhoenix,1,30.1299991607666,9.597431399975903,0.0,"[3, 60, 35, 33, 22, 66, 45, 68, 67, 75]","[{""client_id"": 3, ""task_id"": 0}, {""client_id"": 60, ""task_id"": 1}, {""client_id"": 35, ""task_id"": 2}, {""client_id"": 33, ""task_id"": 3}, {""client_id"": 22, ""task_id"": 4}, {""client_id"": 66, ""task_id"": 5}, {""client_id"": 45, ""task_id"": 6}, {""client_id"": 68, ""task_id"": 7}, {""client_id"": 67, ""task_id"": 8}, {""client_id"": 75, ""task_id"": 9}]","[1000025, 1001022, 1002019, 1003016, 1004013, 1005010, 1006007, 1007004, 1008001, 1008998]"
10,FedPhoenix,1,29.729999542236328,11.375148999970406,0.0,"[64, 91, 12, 52, 16, 65, 50, 68, 33, 30]","[{""client_id"": 64, ""task_id"": 0}, {""client_id"": 91, ""task_id"": 1}, {""client_id"": 12, ""task_id"": 2}, {""client_id"": 52, ""task_id"": 3}, {""client_id"": 16, ""task_id"": 4}, {""client_id"": 65, ""task_id"": 5}, {""client_id"": 50, ""task_id"": 6}, {""client_id"": 68, ""task_id"": 7}, {""client_id"": 33, ""task_id"": 8}, {""client_id"": 30, ""task_id"": 9}]","[1100028, 1101025, 1102022, 1103019, 1104016, 1105013, 1106010, 1107007, 1108004, 1109001]"
11,FedPhoenix,1,38.22999954223633,11.134148499986622,0.0,"[54, 27, 23, 37, 75, 33, 41, 46, 52, 24]","[{""client_id"": 54, ""task_id"": 0}, {""client_id"": 27, ""task_id"": 1}, {""client_id"": 23, ""task_id"": 2}, {""client_id"": 37, ""task_id"": 3}, {""client_id"": 75, ""task_id"": 4}, {""client_id"": 33, ""task_id"": 5}, {""client_id"": 41, ""task_id"": 6}, {""client_id"": 46, ""task_id"": 7}, {""client_id"": 52, ""task_id"": 8}, {""client_id"": 24, ""task_id"": 9}]","[1200031, 1201028, 1202025, 1203022, 1204019, 1205016, 1206013, 1207010, 1208007, 1209004]"
12,FedPhoenix,1,36.90999984741211,8.554932600003667,0.0,"[54, 45, 28, 44, 15, 1, 93, 12, 88, 40]","[{""client_id"": 54, ""task_id"": 0}, {""client_id"": 45, ""task_id"": 1}, {""client_id"": 28, ""task_id"": 2}, {""client_id"": 44, ""task_id"": 3}, {""client_id"": 15, ""task_id"": 4}, {""client_id"": 1, ""task_id"": 5}, {""client_id"": 93, ""task_id"": 6}, {""client_id"": 12, ""task_id"": 7}, {""client_id"": 88, ""task_id"": 8}, {""client_id"": 40, ""task_id"": 9}]","[1300034, 1301031, 1302028, 1303025, 1304022, 1305019, 1306016, 1307013, 1308010, 1309007]"
13,FedPhoenix,1,38.220001220703125,11.111126900010277,0.0,"[70, 75, 5, 68, 36, 79, 72, 78, 57, 44]","[{""client_id"": 70, ""task_id"": 0}, {""client_id"": 75, ""task_id"": 1}, {""client_id"": 5, ""task_id"": 2}, {""client_id"": 68, ""task_id"": 3}, {""client_id"": 36, ""task_id"": 4}, {""client_id"": 79, ""task_id"": 5}, {""client_id"": 72, ""task_id"": 6}, {""client_id"": 78, ""task_id"": 7}, {""client_id"": 57, ""task_id"": 8}, {""client_id"": 44, ""task_id"": 9}]","[1400037, 1401034, 1402031, 1403028, 1404025, 1405022, 1406019, 1407016, 1408013, 1409010]"
14,FedPhoenix,1,46.650001525878906,9.265001799969468,0.0,"[41, 9, 30, 89, 40, 49, 3, 22, 8, 16]","[{""client_id"": 41, ""task_id"": 0}, {""client_id"": 9, ""task_id"": 1}, {""client_id"": 30, ""task_id"": 2}, {""client_id"": 89, ""task_id"": 3}, {""client_id"": 40, ""task_id"": 4}, {""client_id"": 49, ""task_id"": 5}, {""client_id"": 3, ""task_id"": 6}, {""client_id"": 22, ""task_id"": 7}, {""client_id"": 8, ""task_id"": 8}, {""client_id"": 16, ""task_id"": 9}]","[1500040, 1501037, 1502034, 1503031, 1504028, 1505025, 1506022, 1507019, 1508016, 1509013]"
15,FedPhoenix,1,45.459999084472656,9.313351600023452,0.0,"[82, 28, 69, 81, 56, 71, 85, 27, 37, 66]","[{""client_id"": 82, ""task_id"": 0}, {""client_id"": 28, ""task_id"": 1}, {""client_id"": 69, ""task_id"": 2}, {""client_id"": 81, ""task_id"": 3}, {""client_id"": 56, ""task_id"": 4}, {""client_id"": 71, ""task_id"": 5}, {""client_id"": 85, ""task_id"": 6}, {""client_id"": 27, ""task_id"": 7}, {""client_id"": 37, ""task_id"": 8}, {""client_id"": 66, ""task_id"": 9}]","[1600043, 1601040, 1602037, 1603034, 1604031, 1605028, 1606025, 1607022, 1608019, 1609016]"
16,FedPhoenix,1,46.720001220703125,8.205469900043681,0.0,"[60, 13, 26, 12, 1, 28, 88, 86, 11, 43]","[{""client_id"": 60, ""task_id"": 0}, {""client_id"": 13, ""task_id"": 1}, {""client_id"": 26, ""task_id"": 2}, {""client_id"": 12, ""task_id"": 3}, {""client_id"": 1, ""task_id"": 4}, {""client_id"": 28, ""task_id"": 5}, {""client_id"": 88, ""task_id"": 6}, {""client_id"": 86, ""task_id"": 7}, {""client_id"": 11, ""task_id"": 8}, {""client_id"": 43, ""task_id"": 9}]","[1700046, 1701043, 1702040, 1703037, 1704034, 1705031, 1706028, 1707025, 1708022, 1709019]"
17,FedPhoenix,1,45.529998779296875,8.554806699976325,0.0,"[93, 16, 72, 75, 10, 4, 38, 71, 42, 62]","[{""client_id"": 93, ""task_id"": 0}, {""client_id"": 16, ""task_id"": 1}, {""client_id"": 72, ""task_id"": 2}, {""client_id"": 75, ""task_id"": 3}, {""client_id"": 10, ""task_id"": 4}, {""client_id"": 4, ""task_id"": 5}, {""client_id"": 38, ""task_id"": 6}, {""client_id"": 71, ""task_id"": 7}, {""client_id"": 42, ""task_id"": 8}, {""client_id"": 62, ""task_id"": 9}]","[1800049, 1801046, 1802043, 1803040, 1804037, 1805034, 1806031, 1807028, 1808025, 1809022]"
18,FedPhoenix,1,35.709999084472656,9.142803299997468,0.0,"[36, 47, 1, 64, 57, 97, 29, 6, 67, 92]","[{""client_id"": 36, ""task_id"": 0}, {""client_id"": 47, ""task_id"": 1}, {""client_id"": 1, ""task_id"": 2}, {""client_id"": 64, ""task_id"": 3}, {""client_id"": 57, ""task_id"": 4}, {""client_id"": 97, ""task_id"": 5}, {""client_id"": 29, ""task_id"": 6}, {""client_id"": 6, ""task_id"": 7}, {""client_id"": 67, ""task_id"": 8}, {""client_id"": 92, ""task_id"": 9}]","[1900052, 1901049, 1902046, 1903043, 1904040, 1905037, 1906034, 1907031, 1908028, 1909025]"
19,FedPhoenix,1,44.220001220703125,10.101625900017098,0.0,"[48, 87, 17, 57, 22, 81, 4, 51, 94, 63]","[{""client_id"": 48, ""task_id"": 0}, {""client_id"": 87, ""task_id"": 1}, {""client_id"": 17, ""task_id"": 2}, {""client_id"": 57, ""task_id"": 3}, {""client_id"": 22, ""task_id"": 4}, {""client_id"": 81, ""task_id"": 5}, {""client_id"": 4, ""task_id"": 6}, {""client_id"": 51, ""task_id"": 7}, {""client_id"": 94, ""task_id"": 8}, {""client_id"": 63, ""task_id"": 9}]","[2000055, 2001052, 2002049, 2003046, 2004043, 2005040, 2006037, 2007034, 2008031, 2009028]"
20,FedPhoenix,1,45.060001373291016,10.28111889999127,0.0,"[9, 17, 59, 11, 2, 95, 68, 28, 60, 14]","[{""client_id"": 9, ""task_id"": 0}, {""client_id"": 17, ""task_id"": 1}, {""client_id"": 59, ""task_id"": 2}, {""client_id"": 11, ""task_id"": 3}, {""client_id"": 2, ""task_id"": 4}, {""client_id"": 95, ""task_id"": 5}, {""client_id"": 68, ""task_id"": 6}, {""client_id"": 28, ""task_id"": 7}, {""client_id"": 60, ""task_id"": 8}, {""client_id"": 14, ""task_id"": 9}]","[2100058, 2101055, 2102052, 2103049, 2104046, 2105043, 2106040, 2107037, 2108034, 2109031]"
21,FedPhoenix,1,52.31999969482422,9.482104499998968,0.0,"[26, 25, 15, 93, 45, 54, 68, 90, 76, 10]","[{""client_id"": 26, ""task_id"": 0}, {""client_id"": 25, ""task_id"": 1}, {""client_id"": 15, ""task_id"": 2}, {""client_id"": 93, ""task_id"": 3}, {""client_id"": 45, ""task_id"": 4}, {""client_id"": 54, ""task_id"": 5}, {""client_id"": 68, ""task_id"": 6}, {""client_id"": 90, ""task_id"": 7}, {""client_id"": 76, ""task_id"": 8}, {""client_id"": 10, ""task_id"": 9}]","[2200061, 2201058, 2202055, 2203052, 2204049, 2205046, 2206043, 2207040, 2208037, 2209034]"
22,FedPhoenix,1,56.310001373291016,8.818997299997136,0.0,"[84, 74, 93, 1, 48, 44, 29, 26, 94, 75]","[{""client_id"": 84, ""task_id"": 0}, {""client_id"": 74, ""task_id"": 1}, {""client_id"": 93, ""task_id"": 2}, {""client_id"": 1, ""task_id"": 3}, {""client_id"": 48, ""task_id"": 4}, {""client_id"": 44, ""task_id"": 5}, {""client_id"": 29, ""task_id"": 6}, {""client_id"": 26, ""task_id"": 7}, {""client_id"": 94, ""task_id"": 8}, {""client_id"": 75, ""task_id"": 9}]","[2300064, 2301061, 2302058, 2303055, 2304052, 2305049, 2306046, 2307043, 2308040, 2309037]"
23,FedPhoenix,1,49.59000015258789,8.423772500013001,0.0,"[71, 58, 50, 22, 59, 84, 10, 70, 43, 67]","[{""client_id"": 71, ""task_id"": 0}, {""client_id"": 58, ""task_id"": 1}, {""client_id"": 50, ""task_id"": 2}, {""client_id"": 22, ""task_id"": 3}, {""client_id"": 59, ""task_id"": 4}, {""client_id"": 84, ""task_id"": 5}, {""client_id"": 10, ""task_id"": 6}, {""client_id"": 70, ""task_id"": 7}, {""client_id"": 43, ""task_id"": 8}, {""client_id"": 67, ""task_id"": 9}]","[2400067, 2401064, 2402061, 2403058, 2404055, 2405052, 2406049, 2407046, 2408043, 2409040]"
24,FedPhoenix,1,51.36000061035156,11.545967500016559,0.0,"[70, 54, 33, 75, 31, 58, 17, 6, 3, 51]","[{""client_id"": 70, ""task_id"": 0}, {""client_id"": 54, ""task_id"": 1}, {""client_id"": 33, ""task_id"": 2}, {""client_id"": 75, ""task_id"": 3}, {""client_id"": 31, ""task_id"": 4}, {""client_id"": 58, ""task_id"": 5}, {""client_id"": 17, ""task_id"": 6}, {""client_id"": 6, ""task_id"": 7}, {""client_id"": 3, ""task_id"": 8}, {""client_id"": 51, ""task_id"": 9}]","[2500070, 2501067, 2502064, 2503061, 2504058, 2505055, 2506052, 2507049, 2508046, 2509043]"
25,FedPhoenix,1,55.150001525878906,9.778401700023096,0.0,"[42, 87, 33, 36, 30, 84, 78, 98, 71, 75]","[{""client_id"": 42, ""task_id"": 0}, {""client_id"": 87, ""task_id"": 1}, {""client_id"": 33, ""task_id"": 2}, {""client_id"": 36, ""task_id"": 3}, {""client_id"": 30, ""task_id"": 4}, {""client_id"": 84, ""task_id"": 5}, {""client_id"": 78, ""task_id"": 6}, {""client_id"": 98, ""task_id"": 7}, {""client_id"": 71, ""task_id"": 8}, {""client_id"": 75, ""task_id"": 9}]","[2600073, 2601070, 2602067, 2603064, 2604061, 2605058, 2606055, 2607052, 2608049, 2609046]"
26,FedPhoenix,1,51.04999923706055,8.998288900009356,0.0,"[41, 47, 34, 10, 51, 11, 50, 16, 86, 64]","[{""client_id"": 41, ""task_id"": 0}, {""client_id"": 47, ""task_id"": 1}, {""client_id"": 34, ""task_id"": 2}, {""client_id"": 10, ""task_id"": 3}, {""client_id"": 51, ""task_id"": 4}, {""client_id"": 11, ""task_id"": 5}, {""client_id"": 50, ""task_id"": 6}, {""client_id"": 16, ""task_id"": 7}, {""client_id"": 86, ""task_id"": 8}, {""client_id"": 64, ""task_id"": 9}]","[2700076, 2701073, 2702070, 2703067, 2704064, 2705061, 2706058, 2707055, 2708052, 2709049]"
27,FedPhoenix,1,51.61000061035156,10.28846099996008,0.0,"[58, 82, 63, 50, 98, 84, 4, 46, 65, 88]","[{""client_id"": 58, ""task_id"": 0}, {""client_id"": 82, ""task_id"": 1}, {""client_id"": 63, ""task_id"": 2}, {""client_id"": 50, ""task_id"": 3}, {""client_id"": 98, ""task_id"": 4}, {""client_id"": 84, ""task_id"": 5}, {""client_id"": 4, ""task_id"": 6}, {""client_id"": 46, ""task_id"": 7}, {""client_id"": 65, ""task_id"": 8}, {""client_id"": 88, ""task_id"": 9}]","[2800079, 2801076, 2802073, 2803070, 2804067, 2805064, 2806061, 2807058, 2808055, 2809052]"
28,FedPhoenix,1,51.5,7.8333298999932595,0.0,"[99, 88, 69, 16, 46, 29, 90, 91, 4, 45]","[{""client_id"": 99, ""task_id"": 0}, {""client_id"": 88, ""task_id"": 1}, {""client_id"": 69, ""task_id"": 2}, {""client_id"": 16, ""task_id"": 3}, {""client_id"": 46, ""task_id"": 4}, {""client_id"": 29, ""task_id"": 5}, {""client_id"": 90, ""task_id"": 6}, {""client_id"": 91, ""task_id"": 7}, {""client_id"": 4, ""task_id"": 8}, {""client_id"": 45, ""task_id"": 9}]","[2900082, 2901079, 2902076, 2903073, 2904070, 2905067, 2906064, 2907061, 2908058, 2909055]"
29,FedPhoenix,1,47.15999984741211,10.883262999996077,0.0,"[80, 73, 28, 34, 1, 10, 13, 65, 5, 49]","[{""client_id"": 80, ""task_id"": 0}, {""client_id"": 73, ""task_id"": 1}, {""client_id"": 28, ""task_id"": 2}, {""client_id"": 34, ""task_id"": 3}, {""client_id"": 1, ""task_id"": 4}, {""client_id"": 10, ""task_id"": 5}, {""client_id"": 13, ""task_id"": 6}, {""client_id"": 65, ""task_id"": 7}, {""client_id"": 5, ""task_id"": 8}, {""client_id"": 49, ""task_id"": 9}]","[3000085, 3001082, 3002079, 3003076, 3004073, 3005070, 3006067, 3007064, 3008061, 3009058]"
30,FedPhoenix,1,56.86000061035156,9.244834600016475,0.0,"[62, 41, 74, 11, 99, 8, 75, 26, 81, 85]","[{""client_id"": 62, ""task_id"": 0}, {""client_id"": 41, ""task_id"": 1}, {""client_id"": 74, ""task_id"": 2}, {""client_id"": 11, ""task_id"": 3}, {""client_id"": 99, ""task_id"": 4}, {""client_id"": 8, ""task_id"": 5}, {""client_id"": 75, ""task_id"": 6}, {""client_id"": 26, ""task_id"": 7}, {""client_id"": 81, ""task_id"": 8}, {""client_id"": 85, ""task_id"": 9}]","[3100088, 3101085, 3102082, 3103079, 3104076, 3105073, 3106070, 3107067, 3108064, 3109061]"
31,FedPhoenix,1,57.20000076293945,7.6848250000039116,0.0,"[96, 81, 77, 83, 14, 50, 13, 67, 53, 91]","[{""client_id"": 96, ""task_id"": 0}, {""client_id"": 81, ""task_id"": 1}, {""client_id"": 77, ""task_id"": 2}, {""client_id"": 83, ""task_id"": 3}, {""client_id"": 14, ""task_id"": 4}, {""client_id"": 50, ""task_id"": 5}, {""client_id"": 13, ""task_id"": 6}, {""client_id"": 67, ""task_id"": 7}, {""client_id"": 53, ""task_id"": 8}, {""client_id"": 91, ""task_id"": 9}]","[3200091, 3201088, 3202085, 3203082, 3204079, 3205076, 3206073, 3207070, 3208067, 3209064]"
32,FedPhoenix,1,57.790000915527344,10.935225400025956,0.0,"[40, 73, 70, 3, 6, 94, 1, 25, 20, 10]","[{""client_id"": 40, ""task_id"": 0}, {""client_id"": 73, ""task_id"": 1}, {""client_id"": 70, ""task_id"": 2}, {""client_id"": 3, ""task_id"": 3}, {""client_id"": 6, ""task_id"": 4}, {""client_id"": 94, ""task_id"": 5}, {""client_id"": 1, ""task_id"": 6}, {""client_id"": 25, ""task_id"": 7}, {""client_id"": 20, ""task_id"": 8}, {""client_id"": 10, ""task_id"": 9}]","[3300094, 3301091, 3302088, 3303085, 3304082, 3305079, 3306076, 3307073, 3308070, 3309067]"
33,FedPhoenix,1,56.36000061035156,10.303683199977968,0.0,"[45, 16, 51, 88, 17, 78, 36, 44, 21, 62]","[{""client_id"": 45, ""task_id"": 0}, {""client_id"": 16, ""task_id"": 1}, {""client_id"": 51, ""task_id"": 2}, {""client_id"": 88, ""task_id"": 3}, {""client_id"": 17, ""task_id"": 4}, {""client_id"": 78, ""task_id"": 5}, {""client_id"": 36, ""task_id"": 6}, {""client_id"": 44, ""task_id"": 7}, {""client_id"": 21, ""task_id"": 8}, {""client_id"": 62, ""task_id"": 9}]","[3400097, 3401094, 3402091, 3403088, 3404085, 3405082, 3406079, 3407076, 3408073, 3409070]"
34,FedPhoenix,1,66.2300033569336,7.614807399979327,0.0,"[92, 43, 97, 61, 58, 67, 1, 98, 30, 75]","[{""client_id"": 92, ""task_id"": 0}, {""client_id"": 43, ""task_id"": 1}, {""client_id"": 97, ""task_id"": 2}, {""client_id"": 61, ""task_id"": 3}, {""client_id"": 58, ""task_id"": 4}, {""client_id"": 67, ""task_id"": 5}, {""client_id"": 1, ""task_id"": 6}, {""client_id"": 98, ""task_id"": 7}, {""client_id"": 30, ""task_id"": 8}, {""client_id"": 75, ""task_id"": 9}]","[3500100, 3501097, 3502094, 3503091, 3504088, 3505085, 3506082, 3507079, 3508076, 3509073]"
35,FedPhoenix,1,55.4900016784668,9.817475600051694,0.0,"[31, 89, 17, 66, 92, 23, 96, 9, 35, 20]","[{""client_id"": 31, ""task_id"": 0}, {""client_id"": 89, ""task_id"": 1}, {""client_id"": 17, ""task_id"": 2}, {""client_id"": 66, ""task_id"": 3}, {""client_id"": 92, ""task_id"": 4}, {""client_id"": 23, ""task_id"": 5}, {""client_id"": 96, ""task_id"": 6}, {""client_id"": 9, ""task_id"": 7}, {""client_id"": 35, ""task_id"": 8}, {""client_id"": 20, ""task_id"": 9}]","[3600103, 3601100, 3602097, 3603094, 3604091, 3605088, 3606085, 3607082, 3608079, 3609076]"
36,FedPhoenix,1,53.540000915527344,12.131374699994922,0.0,"[72, 68, 65, 28, 23, 85, 16, 60, 73, 78]","[{""client_id"": 72, ""task_id"": 0}, {""client_id"": 68, ""task_id"": 1}, {""client_id"": 65, ""task_id"": 2}, {""client_id"": 28, ""task_id"": 3}, {""client_id"": 23, ""task_id"": 4}, {""client_id"": 85, ""task_id"": 5}, {""client_id"": 16, ""task_id"": 6}, {""client_id"": 60, ""task_id"": 7}, {""client_id"": 73, ""task_id"": 8}, {""client_id"": 78, ""task_id"": 9}]","[3700106, 3701103, 3702100, 3703097, 3704094, 3705091, 3706088, 3707085, 3708082, 3709079]"
37,FedPhoenix,1,61.36000061035156,9.50831659999676,0.0,"[66, 49, 62, 9, 84, 68, 74, 3, 44, 71]","[{""client_id"": 66, ""task_id"": 0}, {""client_id"": 49, ""task_id"": 1}, {""client_id"": 62, ""task_id"": 2}, {""client_id"": 9, ""task_id"": 3}, {""client_id"": 84, ""task_id"": 4}, {""client_id"": 68, ""task_id"": 5}, {""client_id"": 74, ""task_id"": 6}, {""client_id"": 3, ""task_id"": 7}, {""client_id"": 44, ""task_id"": 8}, {""client_id"": 71, ""task_id"": 9}]","[3800109, 3801106, 3802103, 3803100, 3804097, 3805094, 3806091, 3807088, 3808085, 3809082]"
38,FedPhoenix,1,57.97999954223633,7.961967099981848,0.0,"[50, 73, 27, 38, 8, 53, 21, 14, 28, 64]","[{""client_id"": 50, ""task_id"": 0}, {""client_id"": 73, ""task_id"": 1}, {""client_id"": 27, ""task_id"": 2}, {""client_id"": 38, ""task_id"": 3}, {""client_id"": 8, ""task_id"": 4}, {""client_id"": 53, ""task_id"": 5}, {""client_id"": 21, ""task_id"": 6}, {""client_id"": 14, ""task_id"": 7}, {""client_id"": 28, ""task_id"": 8}, {""client_id"": 64, ""task_id"": 9}]","[3900112, 3901109, 3902106, 3903103, 3904100, 3905097, 3906094, 3907091, 3908088, 3909085]"
39,FedPhoenix,1,59.81999969482422,9.027534599998035,0.0,"[48, 87, 40, 59, 3, 10, 75, 35, 49, 89]","[{""client_id"": 48, ""task_id"": 0}, {""client_id"": 87, ""task_id"": 1}, {""client_id"": 40, ""task_id"": 2}, {""client_id"": 59, ""task_id"": 3}, {""client_id"": 3, ""task_id"": 4}, {""client_id"": 10, ""task_id"": 5}, {""client_id"": 75, ""task_id"": 6}, {""client_id"": 35, ""task_id"": 7}, {""client_id"": 49, ""task_id"": 8}, {""client_id"": 89, ""task_id"": 9}]","[4000115, 4001112, 4002109, 4003106, 4004103, 4005100, 4006097, 4007094, 4008091, 4009088]"
40,FedPhoenix,1,65.27999877929688,8.612212500011083,0.0,"[83, 93, 34, 60, 90, 45, 42, 41, 91, 36]","[{""client_id"": 83, ""task_id"": 0}, {""client_id"": 93, ""task_id"": 1}, {""client_id"": 34, ""task_id"": 2}, {""client_id"": 60, ""task_id"": 3}, {""client_id"": 90, ""task_id"": 4}, {""client_id"": 45, ""task_id"": 5}, {""client_id"": 42, ""task_id"": 6}, {""client_id"": 41, ""task_id"": 7}, {""client_id"": 91, ""task_id"": 8}, {""client_id"": 36, ""task_id"": 9}]","[4100118, 4101115, 4102112, 4103109, 4104106, 4105103, 4106100, 4107097, 4108094, 4109091]"
41,FedPhoenix,1,67.66999816894531,8.960707000049297,0.0,"[75, 52, 20, 80, 90, 93, 4, 51, 13, 98]","[{""client_id"": 75, ""task_id"": 0}, {""client_id"": 52, ""task_id"": 1}, {""client_id"": 20, ""task_id"": 2}, {""client_id"": 80, ""task_id"": 3}, {""client_id"": 90, ""task_id"": 4}, {""client_id"": 93, ""task_id"": 5}, {""client_id"": 4, ""task_id"": 6}, {""client_id"": 51, ""task_id"": 7}, {""client_id"": 13, ""task_id"": 8}, {""client_id"": 98, ""task_id"": 9}]","[4200121, 4201118, 4202115, 4203112, 4204109, 4205106, 4206103, 4207100, 4208097, 4209094]"
42,FedPhoenix,1,57.77000045776367,9.567404499975964,0.0,"[98, 79, 17, 10, 3, 12, 29, 26, 54, 58]","[{""client_id"": 98, ""task_id"": 0}, {""client_id"": 79, ""task_id"": 1}, {""client_id"": 17, ""task_id"": 2}, {""client_id"": 10, ""task_id"": 3}, {""client_id"": 3, ""task_id"": 4}, {""client_id"": 12, ""task_id"": 5}, {""client_id"": 29, ""task_id"": 6}, {""client_id"": 26, ""task_id"": 7}, {""client_id"": 54, ""task_id"": 8}, {""client_id"": 58, ""task_id"": 9}]","[4300124, 4301121, 4302118, 4303115, 4304112, 4305109, 4306106, 4307103, 4308100, 4309097]"
43,FedPhoenix,1,62.060001373291016,10.338902500050608,0.0,"[32, 15, 47, 9, 7, 16, 24, 57, 71, 28]","[{""client_id"": 32, ""task_id"": 0}, {""client_id"": 15, ""task_id"": 1}, {""client_id"": 47, ""task_id"": 2}, {""client_id"": 9, ""task_id"": 3}, {""client_id"": 7, ""task_id"": 4}, {""client_id"": 16, ""task_id"": 5}, {""client_id"": 24, ""task_id"": 6}, {""client_id"": 57, ""task_id"": 7}, {""client_id"": 71, ""task_id"": 8}, {""client_id"": 28, ""task_id"": 9}]","[4400127, 4401124, 4402121, 4403118, 4404115, 4405112, 4406109, 4407106, 4408103, 4409100]"
44,FedPhoenix,1,63.189998626708984,8.65247560001444,0.0,"[76, 67, 81, 35, 44, 49, 32, 99, 69, 51]","[{""client_id"": 76, ""task_id"": 0}, {""client_id"": 67, ""task_id"": 1}, {""client_id"": 81, ""task_id"": 2}, {""client_id"": 35, ""task_id"": 3}, {""client_id"": 44, ""task_id"": 4}, {""client_id"": 49, ""task_id"": 5}, {""client_id"": 32, ""task_id"": 6}, {""client_id"": 99, ""task_id"": 7}, {""client_id"": 69, ""task_id"": 8}, {""client_id"": 51, ""task_id"": 9}]","[4500130, 4501127, 4502124, 4503121, 4504118, 4505115, 4506112, 4507109, 4508106, 4509103]"
45,FedPhoenix,1,55.09000015258789,8.370265099976677,0.0,"[42, 4, 95, 71, 84, 22, 61, 5, 10, 28]","[{""client_id"": 42, ""task_id"": 0}, {""client_id"": 4, ""task_id"": 1}, {""client_id"": 95, ""task_id"": 2}, {""client_id"": 71, ""task_id"": 3}, {""client_id"": 84, ""task_id"": 4}, {""client_id"": 22, ""task_id"": 5}, {""client_id"": 61, ""task_id"": 6}, {""client_id"": 5, ""task_id"": 7}, {""client_id"": 10, ""task_id"": 8}, {""client_id"": 28, ""task_id"": 9}]","[4600133, 4601130, 4602127, 4603124, 4604121, 4605118, 4606115, 4607112, 4608109, 4609106]"
46,FedPhoenix,1,66.11000061035156,9.892908599984366,0.0,"[61, 52, 80, 26, 37, 44, 85, 1, 99, 55]","[{""client_id"": 61, ""task_id"": 0}, {""client_id"": 52, ""task_id"": 1}, {""client_id"": 80, ""task_id"": 2}, {""client_id"": 26, ""task_id"": 3}, {""client_id"": 37, ""task_id"": 4}, {""client_id"": 44, ""task_id"": 5}, {""client_id"": 85, ""task_id"": 6}, {""client_id"": 1, ""task_id"": 7}, {""client_id"": 99, ""task_id"": 8}, {""client_id"": 55, ""task_id"": 9}]","[4700136, 4701133, 4702130, 4703127, 4704124, 4705121, 4706118, 4707115, 4708112, 4709109]"
47,FedPhoenix,1,61.189998626708984,8.456560200022068,0.0,"[23, 10, 75, 28, 19, 22, 43, 13, 98, 85]","[{""client_id"": 23, ""task_id"": 0}, {""client_id"": 10, ""task_id"": 1}, {""client_id"": 75, ""task_id"": 2}, {""client_id"": 28, ""task_id"": 3}, {""client_id"": 19, ""task_id"": 4}, {""client_id"": 22, ""task_id"": 5}, {""client_id"": 43, ""task_id"": 6}, {""client_id"": 13, ""task_id"": 7}, {""client_id"": 98, ""task_id"": 8}, {""client_id"": 85, ""task_id"": 9}]","[4800139, 4801136, 4802133, 4803130, 4804127, 4805124, 4806121, 4807118, 4808115, 4809112]"
48,FedPhoenix,1,61.599998474121094,7.661702000012156,0.0,"[18, 1, 96, 63, 59, 71, 88, 39, 97, 68]","[{""client_id"": 18, ""task_id"": 0}, {""client_id"": 1, ""task_id"": 1}, {""client_id"": 96, ""task_id"": 2}, {""client_id"": 63, ""task_id"": 3}, {""client_id"": 59, ""task_id"": 4}, {""client_id"": 71, ""task_id"": 5}, {""client_id"": 88, ""task_id"": 6}, {""client_id"": 39, ""task_id"": 7}, {""client_id"": 97, ""task_id"": 8}, {""client_id"": 68, ""task_id"": 9}]","[4900142, 4901139, 4902136, 4903133, 4904130, 4905127, 4906124, 4907121, 4908118, 4909115]"
49,FedPhoenix,1,59.5099983215332,11.112261800037231,0.0,"[44, 11, 93, 47, 54, 9, 81, 94, 45, 65]","[{""client_id"": 44, ""task_id"": 0}, {""client_id"": 11, ""task_id"": 1}, {""client_id"": 93, ""task_id"": 2}, {""client_id"": 47, ""task_id"": 3}, {""client_id"": 54, ""task_id"": 4}, {""client_id"": 9, ""task_id"": 5}, {""client_id"": 81, ""task_id"": 6}, {""client_id"": 94, ""task_id"": 7}, {""client_id"": 45, ""task_id"": 8}, {""client_id"": 65, ""task_id"": 9}]","[5000145, 5001142, 5002139, 5003136, 5004133, 5005130, 5006127, 5007124, 5008121, 5009118]"
50,FedPhoenix,1,62.38999938964844,7.724972700001672,0.0,"[48, 43, 51, 76, 99, 39, 38, 73, 89, 80]","[{""client_id"": 48, ""task_id"": 0}, {""client_id"": 43, ""task_id"": 1}, {""client_id"": 51, ""task_id"": 2}, {""client_id"": 76, ""task_id"": 3}, {""client_id"": 99, ""task_id"": 4}, {""client_id"": 39, ""task_id"": 5}, {""client_id"": 38, ""task_id"": 6}, {""client_id"": 73, ""task_id"": 7}, {""client_id"": 89, ""task_id"": 8}, {""client_id"": 80, ""task_id"": 9}]","[5100148, 5101145, 5102142, 5103139, 5104136, 5105133, 5106130, 5107127, 5108124, 5109121]"
51,FedPhoenix,1,56.099998474121094,9.765126100042835,0.0,"[34, 16, 99, 17, 62, 58, 96, 29, 90, 30]","[{""client_id"": 34, ""task_id"": 0}, {""client_id"": 16, ""task_id"": 1}, {""client_id"": 99, ""task_id"": 2}, {""client_id"": 17, ""task_id"": 3}, {""client_id"": 62, ""task_id"": 4}, {""client_id"": 58, ""task_id"": 5}, {""client_id"": 96, ""task_id"": 6}, {""client_id"": 29, ""task_id"": 7}, {""client_id"": 90, ""task_id"": 8}, {""client_id"": 30, ""task_id"": 9}]","[5200151, 5201148, 5202145, 5203142, 5204139, 5205136, 5206133, 5207130, 5208127, 5209124]"
52,FedPhoenix,1,66.94999694824219,8.563937099999748,0.0,"[8, 59, 78, 95, 25, 35, 99, 86, 54, 64]","[{""client_id"": 8, ""task_id"": 0}, {""client_id"": 59, ""task_id"": 1}, {""client_id"": 78, ""task_id"": 2}, {""client_id"": 95, ""task_id"": 3}, {""client_id"": 25, ""task_id"": 4}, {""client_id"": 35, ""task_id"": 5}, {""client_id"": 99, ""task_id"": 6}, {""client_id"": 86, ""task_id"": 7}, {""client_id"": 54, ""task_id"": 8}, {""client_id"": 64, ""task_id"": 9}]","[5300154, 5301151, 5302148, 5303145, 5304142, 5305139, 5306136, 5307133, 5308130, 5309127]"
53,FedPhoenix,1,60.72999954223633,10.098153800005093,0.0,"[87, 42, 55, 74, 37, 10, 26, 23, 57, 62]","[{""client_id"": 87, ""task_id"": 0}, {""client_id"": 42, ""task_id"": 1}, {""client_id"": 55, ""task_id"": 2}, {""client_id"": 74, ""task_id"": 3}, {""client_id"": 37, ""task_id"": 4}, {""client_id"": 10, ""task_id"": 5}, {""client_id"": 26, ""task_id"": 6}, {""client_id"": 23, ""task_id"": 7}, {""client_id"": 57, ""task_id"": 8}, {""client_id"": 62, ""task_id"": 9}]","[5400157, 5401154, 5402151, 5403148, 5404145, 5405142, 5406139, 5407136, 5408133, 5409130]"
54,FedPhoenix,1,51.72999954223633,7.881442699988838,0.0,"[84, 2, 76, 48, 68, 40, 92, 8, 42, 46]","[{""client_id"": 84, ""task_id"": 0}, {""client_id"": 2, ""task_id"": 1}, {""client_id"": 76, ""task_id"": 2}, {""client_id"": 48, ""task_id"": 3}, {""client_id"": 68, ""task_id"": 4}, {""client_id"": 40, ""task_id"": 5}, {""client_id"": 92, ""task_id"": 6}, {""client_id"": 8, ""task_id"": 7}, {""client_id"": 42, ""task_id"": 8}, {""client_id"": 46, ""task_id"": 9}]","[5500160, 5501157, 5502154, 5503151, 5504148, 5505145, 5506142, 5507139, 5508136, 5509133]"
55,FedPhoenix,1,67.12000274658203,9.972547599987593,0.0,"[91, 70, 16, 58, 10, 35, 31, 86, 62, 54]","[{""client_id"": 91, ""task_id"": 0}, {""client_id"": 70, ""task_id"": 1}, {""client_id"": 16, ""task_id"": 2}, {""client_id"": 58, ""task_id"": 3}, {""client_id"": 10, ""task_id"": 4}, {""client_id"": 35, ""task_id"": 5}, {""client_id"": 31, ""task_id"": 6}, {""client_id"": 86, ""task_id"": 7}, {""client_id"": 62, ""task_id"": 8}, {""client_id"": 54, ""task_id"": 9}]","[5600163, 5601160, 5602157, 5603154, 5604151, 5605148, 5606145, 5607142, 5608139, 5609136]"
56,FedPhoenix,1,65.16000366210938,10.143977700034156,0.0,"[32, 41, 20, 75, 69, 62, 74, 38, 80, 58]","[{""client_id"": 32, ""task_id"": 0}, {""client_id"": 41, ""task_id"": 1}, {""client_id"": 20, ""task_id"": 2}, {""client_id"": 75, ""task_id"": 3}, {""client_id"": 69, ""task_id"": 4}, {""client_id"": 62, ""task_id"": 5}, {""client_id"": 74, ""task_id"": 6}, {""client_id"": 38, ""task_id"": 7}, {""client_id"": 80, ""task_id"": 8}, {""client_id"": 58, ""task_id"": 9}]","[5700166, 5701163, 5702160, 5703157, 5704154, 5705151, 5706148, 5707145, 5708142, 5709139]"
57,FedPhoenix,1,56.97999954223633,8.260370599979069,0.0,"[89, 0, 84, 16, 97, 67, 41, 38, 59, 60]","[{""client_id"": 89, ""task_id"": 0}, {""client_id"": 0, ""task_id"": 1}, {""client_id"": 84, ""task_id"": 2}, {""client_id"": 16, ""task_id"": 3}, {""client_id"": 97, ""task_id"": 4}, {""client_id"": 67, ""task_id"": 5}, {""client_id"": 41, ""task_id"": 6}, {""client_id"": 38, ""task_id"": 7}, {""client_id"": 59, ""task_id"": 8}, {""client_id"": 60, ""task_id"": 9}]","[5800169, 5801166, 5802163, 5803160, 5804157, 5805154, 5806151, 5807148, 5808145, 5809142]"
58,FedPhoenix,1,53.369998931884766,8.19472140003927,0.0,"[59, 21, 34, 35, 95, 41, 9, 12, 47, 42]","[{""client_id"": 59, ""task_id"": 0}, {""client_id"": 21, ""task_id"": 1}, {""client_id"": 34, ""task_id"": 2}, {""client_id"": 35, ""task_id"": 3}, {""client_id"": 95, ""task_id"": 4}, {""client_id"": 41, ""task_id"": 5}, {""client_id"": 9, ""task_id"": 6}, {""client_id"": 12, ""task_id"": 7}, {""client_id"": 47, ""task_id"": 8}, {""client_id"": 42, ""task_id"": 9}]","[5900172, 5901169, 5902166, 5903163, 5904160, 5905157, 5906154, 5907151, 5908148, 5909145]"
59,FedPhoenix,1,61.20000076293945,9.833832600037567,0.0,"[88, 78, 75, 43, 57, 63, 34, 79, 17, 93]","[{""client_id"": 88, ""task_id"": 0}, {""client_id"": 78, ""task_id"": 1}, {""client_id"": 75, ""task_id"": 2}, {""client_id"": 43, ""task_id"": 3}, {""client_id"": 57, ""task_id"": 4}, {""client_id"": 63, ""task_id"": 5}, {""client_id"": 34, ""task_id"": 6}, {""client_id"": 79, ""task_id"": 7}, {""client_id"": 17, ""task_id"": 8}, {""client_id"": 93, ""task_id"": 9}]","[6000175, 6001172, 6002169, 6003166, 6004163, 6005160, 6006157, 6007154, 6008151, 6009148]"
60,FedPhoenix,1,64.73999786376953,7.4253221999970265,0.0,"[76, 35, 9, 75, 32, 97, 53, 72, 27, 91]","[{""client_id"": 76, ""task_id"": 0}, {""client_id"": 35, ""task_id"": 1}, {""client_id"": 9, ""task_id"": 2}, {""client_id"": 75, ""task_id"": 3}, {""client_id"": 32, ""task_id"": 4}, {""client_id"": 97, ""task_id"": 5}, {""client_id"": 53, ""task_id"": 6}, {""client_id"": 72, ""task_id"": 7}, {""client_id"": 27, ""task_id"": 8}, {""client_id"": 91, ""task_id"": 9}]","[6100178, 6101175, 6102172, 6103169, 6104166, 6105163, 6106160, 6107157, 6108154, 6109151]"
61,FedPhoenix,1,66.75,11.636125099961646,0.0,"[60, 14, 9, 43, 15, 68, 7, 44, 65, 89]","[{""client_id"": 60, ""task_id"": 0}, {""client_id"": 14, ""task_id"": 1}, {""client_id"": 9, ""task_id"": 2}, {""client_id"": 43, ""task_id"": 3}, {""client_id"": 15, ""task_id"": 4}, {""client_id"": 68, ""task_id"": 5}, {""client_id"": 7, ""task_id"": 6}, {""client_id"": 44, ""task_id"": 7}, {""client_id"": 65, ""task_id"": 8}, {""client_id"": 89, ""task_id"": 9}]","[6200181, 6201178, 6202175, 6203172, 6204169, 6205166, 6206163, 6207160, 6208157, 6209154]"
62,FedPhoenix,1,63.790000915527344,9.451193599961698,0.0,"[56, 67, 28, 93, 30, 71, 78, 48, 25, 19]","[{""client_id"": 56, ""task_id"": 0}, {""client_id"": 67, ""task_id"": 1}, {""client_id"": 28, ""task_id"": 2}, {""client_id"": 93, ""task_id"": 3}, {""client_id"": 30, ""task_id"": 4}, {""client_id"": 71, ""task_id"": 5}, {""client_id"": 78, ""task_id"": 6}, {""client_id"": 48, ""task_id"": 7}, {""client_id"": 25, ""task_id"": 8}, {""client_id"": 19, ""task_id"": 9}]","[6300184, 6301181, 6302178, 6303175, 6304172, 6305169, 6306166, 6307163, 6308160, 6309157]"
63,FedPhoenix,1,64.2300033569336,9.230329199985135,0.0,"[61, 18, 63, 89, 0, 99, 42, 76, 81, 9]","[{""client_id"": 61, ""task_id"": 0}, {""client_id"": 18, ""task_id"": 1}, {""client_id"": 63, ""task_id"": 2}, {""client_id"": 89, ""task_id"": 3}, {""client_id"": 0, ""task_id"": 4}, {""client_id"": 99, ""task_id"": 5}, {""client_id"": 42, ""task_id"": 6}, {""client_id"": 76, ""task_id"": 7}, {""client_id"": 81, ""task_id"": 8}, {""client_id"": 9, ""task_id"": 9}]","[6400187, 6401184, 6402181, 6403178, 6404175, 6405172, 6406169, 6407166, 6408163, 6409160]"
64,FedPhoenix,1,64.52999877929688,10.160963900038041,0.0,"[14, 22, 8, 93, 29, 90, 73, 28, 57, 58]","[{""client_id"": 14, ""task_id"": 0}, {""client_id"": 22, ""task_id"": 1}, {""client_id"": 8, ""task_id"": 2}, {""client_id"": 93, ""task_id"": 3}, {""client_id"": 29, ""task_id"": 4}, {""client_id"": 90, ""task_id"": 5}, {""client_id"": 73, ""task_id"": 6}, {""client_id"": 28, ""task_id"": 7}, {""client_id"": 57, ""task_id"": 8}, {""client_id"": 58, ""task_id"": 9}]","[6500190, 6501187, 6502184, 6503181, 6504178, 6505175, 6506172, 6507169, 6508166, 6509163]"
65,FedPhoenix,1,65.80999755859375,10.249178599973675,0.0,"[16, 90, 78, 23, 55, 61, 31, 0, 11, 82]","[{""client_id"": 16, ""task_id"": 0}, {""client_id"": 90, ""task_id"": 1}, {""client_id"": 78, ""task_id"": 2}, {""client_id"": 23, ""task_id"": 3}, {""client_id"": 55, ""task_id"": 4}, {""client_id"": 61, ""task_id"": 5}, {""client_id"": 31, ""task_id"": 6}, {""client_id"": 0, ""task_id"": 7}, {""client_id"": 11, ""task_id"": 8}, {""client_id"": 82, ""task_id"": 9}]","[6600193, 6601190, 6602187, 6603184, 6604181, 6605178, 6606175, 6607172, 6608169, 6609166]"
66,FedPhoenix,1,64.66999816894531,11.396720500022639,0.0,"[28, 65, 16, 72, 11, 36, 19, 51, 81, 53]","[{""client_id"": 28, ""task_id"": 0}, {""client_id"": 65, ""task_id"": 1}, {""client_id"": 16, ""task_id"": 2}, {""client_id"": 72, ""task_id"": 3}, {""client_id"": 11, ""task_id"": 4}, {""client_id"": 36, ""task_id"": 5}, {""client_id"": 19, ""task_id"": 6}, {""client_id"": 51, ""task_id"": 7}, {""client_id"": 81, ""task_id"": 8}, {""client_id"": 53, ""task_id"": 9}]","[6700196, 6701193, 6702190, 6703187, 6704184, 6705181, 6706178, 6707175, 6708172, 6709169]"
67,FedPhoenix,1,63.15999984741211,8.937824599968735,0.0,"[53, 63, 96, 28, 78, 90, 58, 73, 34, 4]","[{""client_id"": 53, ""task_id"": 0}, {""client_id"": 63, ""task_id"": 1}, {""client_id"": 96, ""task_id"": 2}, {""client_id"": 28, ""task_id"": 3}, {""client_id"": 78, ""task_id"": 4}, {""client_id"": 90, ""task_id"": 5}, {""client_id"": 58, ""task_id"": 6}, {""client_id"": 73, ""task_id"": 7}, {""client_id"": 34, ""task_id"": 8}, {""client_id"": 4, ""task_id"": 9}]","[6800199, 6801196, 6802193, 6803190, 6804187, 6805184, 6806181, 6807178, 6808175, 6809172]"
68,FedPhoenix,1,57.5,9.02865659998497,0.0,"[38, 57, 22, 41, 70, 39, 10, 5, 17, 32]","[{""client_id"": 38, ""task_id"": 0}, {""client_id"": 57, ""task_id"": 1}, {""client_id"": 22, ""task_id"": 2}, {""client_id"": 41, ""task_id"": 3}, {""client_id"": 70, ""task_id"": 4}, {""client_id"": 39, ""task_id"": 5}, {""client_id"": 10, ""task_id"": 6}, {""client_id"": 5, ""task_id"": 7}, {""client_id"": 17, ""task_id"": 8}, {""client_id"": 32, ""task_id"": 9}]","[6900202, 6901199, 6902196, 6903193, 6904190, 6905187, 6906184, 6907181, 6908178, 6909175]"
69,FedPhoenix,1,69.98999786376953,8.324522399983834,0.0,"[60, 67, 48, 59, 46, 94, 22, 29, 53, 97]","[{""client_id"": 60, ""task_id"": 0}, {""client_id"": 67, ""task_id"": 1}, {""client_id"": 48, ""task_id"": 2}, {""client_id"": 59, ""task_id"": 3}, {""client_id"": 46, ""task_id"": 4}, {""client_id"": 94, ""task_id"": 5}, {""client_id"": 22, ""task_id"": 6}, {""client_id"": 29, ""task_id"": 7}, {""client_id"": 53, ""task_id"": 8}, {""client_id"": 97, ""task_id"": 9}]","[7000205, 7001202, 7002199, 7003196, 7004193, 7005190, 7006187, 7007184, 7008181, 7009178]"
70,FedPhoenix,1,59.650001525878906,8.54479449999053,0.0,"[61, 33, 76, 48, 37, 54, 38, 13, 8, 39]","[{""client_id"": 61, ""task_id"": 0}, {""client_id"": 33, ""task_id"": 1}, {""client_id"": 76, ""task_id"": 2}, {""client_id"": 48, ""task_id"": 3}, {""client_id"": 37, ""task_id"": 4}, {""client_id"": 54, ""task_id"": 5}, {""client_id"": 38, ""task_id"": 6}, {""client_id"": 13, ""task_id"": 7}, {""client_id"": 8, ""task_id"": 8}, {""client_id"": 39, ""task_id"": 9}]","[7100208, 7101205, 7102202, 7103199, 7104196, 7105193, 7106190, 7107187, 7108184, 7109181]"
71,FedPhoenix,1,58.91999816894531,8.60112529998878,0.0,"[31, 88, 91, 25, 50, 95, 67, 45, 80, 70]","[{""client_id"": 31, ""task_id"": 0}, {""client_id"": 88, ""task_id"": 1}, {""client_id"": 91, ""task_id"": 2}, {""client_id"": 25, ""task_id"": 3}, {""client_id"": 50, ""task_id"": 4}, {""client_id"": 95, ""task_id"": 5}, {""client_id"": 67, ""task_id"": 6}, {""client_id"": 45, ""task_id"": 7}, {""client_id"": 80, ""task_id"": 8}, {""client_id"": 70, ""task_id"": 9}]","[7200211, 7201208, 7202205, 7203202, 7204199, 7205196, 7206193, 7207190, 7208187, 7209184]"
72,FedPhoenix,1,62.560001373291016,10.094441600027494,0.0,"[3, 23, 17, 94, 61, 43, 63, 91, 37, 84]","[{""client_id"": 3, ""task_id"": 0}, {""client_id"": 23, ""task_id"": 1}, {""client_id"": 17, ""task_id"": 2}, {""client_id"": 94, ""task_id"": 3}, {""client_id"": 61, ""task_id"": 4}, {""client_id"": 43, ""task_id"": 5}, {""client_id"": 63, ""task_id"": 6}, {""client_id"": 91, ""task_id"": 7}, {""client_id"": 37, ""task_id"": 8}, {""client_id"": 84, ""task_id"": 9}]","[7300214, 7301211, 7302208, 7303205, 7304202, 7305199, 7306196, 7307193, 7308190, 7309187]"
73,FedPhoenix,1,69.18000030517578,10.020922800002154,0.0,"[11, 73, 78, 47, 45, 83, 36, 75, 91, 57]","[{""client_id"": 11, ""task_id"": 0}, {""client_id"": 73, ""task_id"": 1}, {""client_id"": 78, ""task_id"": 2}, {""client_id"": 47, ""task_id"": 3}, {""client_id"": 45, ""task_id"": 4}, {""client_id"": 83, ""task_id"": 5}, {""client_id"": 36, ""task_id"": 6}, {""client_id"": 75, ""task_id"": 7}, {""client_id"": 91, ""task_id"": 8}, {""client_id"": 57, ""task_id"": 9}]","[7400217, 7401214, 7402211, 7403208, 7404205, 7405202, 7406199, 7407196, 7408193, 7409190]"
74,FedPhoenix,1,67.22000122070312,9.422821499989368,0.0,"[46, 54, 66, 62, 96, 49, 24, 75, 60, 52]","[{""client_id"": 46, ""task_id"": 0}, {""client_id"": 54, ""task_id"": 1}, {""client_id"": 66, ""task_id"": 2}, {""client_id"": 62, ""task_id"": 3}, {""client_id"": 96, ""task_id"": 4}, {""client_id"": 49, ""task_id"": 5}, {""client_id"": 24, ""task_id"": 6}, {""client_id"": 75, ""task_id"": 7}, {""client_id"": 60, ""task_id"": 8}, {""client_id"": 52, ""task_id"": 9}]","[7500220, 7501217, 7502214, 7503211, 7504208, 7505205, 7506202, 7507199, 7508196, 7509193]"
75,FedPhoenix,1,71.70999908447266,9.781669299991336,0.0,"[75, 51, 39, 89, 14, 54, 41, 30, 24, 80]","[{""client_id"": 75, ""task_id"": 0}, {""client_id"": 51, ""task_id"": 1}, {""client_id"": 39, ""task_id"": 2}, {""client_id"": 89, ""task_id"": 3}, {""client_id"": 14, ""task_id"": 4}, {""client_id"": 54, ""task_id"": 5}, {""client_id"": 41, ""task_id"": 6}, {""client_id"": 30, ""task_id"": 7}, {""client_id"": 24, ""task_id"": 8}, {""client_id"": 80, ""task_id"": 9}]","[7600223, 7601220, 7602217, 7603214, 7604211, 7605208, 7606205, 7607202, 7608199, 7609196]"
76,FedPhoenix,1,66.94999694824219,9.355277199996635,0.0,"[67, 90, 45, 78, 32, 86, 50, 55, 33, 60]","[{""client_id"": 67, ""task_id"": 0}, {""client_id"": 90, ""task_id"": 1}, {""client_id"": 45, ""task_id"": 2}, {""client_id"": 78, ""task_id"": 3}, {""client_id"": 32, ""task_id"": 4}, {""client_id"": 86, ""task_id"": 5}, {""client_id"": 50, ""task_id"": 6}, {""client_id"": 55, ""task_id"": 7}, {""client_id"": 33, ""task_id"": 8}, {""client_id"": 60, ""task_id"": 9}]","[7700226, 7701223, 7702220, 7703217, 7704214, 7705211, 7706208, 7707205, 7708202, 7709199]"
77,FedPhoenix,1,65.30000305175781,7.682927100046072,0.0,"[4, 16, 51, 33, 89, 30, 13, 77, 43, 85]","[{""client_id"": 4, ""task_id"": 0}, {""client_id"": 16, ""task_id"": 1}, {""client_id"": 51, ""task_id"": 2}, {""client_id"": 33, ""task_id"": 3}, {""client_id"": 89, ""task_id"": 4}, {""client_id"": 30, ""task_id"": 5}, {""client_id"": 13, ""task_id"": 6}, {""client_id"": 77, ""task_id"": 7}, {""client_id"": 43, ""task_id"": 8}, {""client_id"": 85, ""task_id"": 9}]","[7800229, 7801226, 7802223, 7803220, 7804217, 7805214, 7806211, 7807208, 7808205, 7809202]"
78,FedPhoenix,1,64.62000274658203,9.528937300026882,0.0,"[97, 76, 96, 72, 42, 17, 33, 51, 24, 36]","[{""client_id"": 97, ""task_id"": 0}, {""client_id"": 76, ""task_id"": 1}, {""client_id"": 96, ""task_id"": 2}, {""client_id"": 72, ""task_id"": 3}, {""client_id"": 42, ""task_id"": 4}, {""client_id"": 17, ""task_id"": 5}, {""client_id"": 33, ""task_id"": 6}, {""client_id"": 51, ""task_id"": 7}, {""client_id"": 24, ""task_id"": 8}, {""client_id"": 36, ""task_id"": 9}]","[7900232, 7901229, 7902226, 7903223, 7904220, 7905217, 7906214, 7907211, 7908208, 7909205]"
79,FedPhoenix,1,69.20999908447266,8.080402999999933,0.0,"[22, 47, 61, 27, 50, 96, 89, 97, 85, 30]","[{""client_id"": 22, ""task_id"": 0}, {""client_id"": 47, ""task_id"": 1}, {""client_id"": 61, ""task_id"": 2}, {""client_id"": 27, ""task_id"": 3}, {""client_id"": 50, ""task_id"": 4}, {""client_id"": 96, ""task_id"": 5}, {""client_id"": 89, ""task_id"": 6}, {""client_id"": 97, ""task_id"": 7}, {""client_id"": 85, ""task_id"": 8}, {""client_id"": 30, ""task_id"": 9}]","[8000235, 8001232, 8002229, 8003226, 8004223, 8005220, 8006217, 8007214, 8008211, 8009208]"
80,FedPhoenix,1,66.68000030517578,8.499544899968896,0.0,"[44, 70, 23, 38, 74, 21, 82, 4, 88, 98]","[{""client_id"": 44, ""task_id"": 0}, {""client_id"": 70, ""task_id"": 1}, {""client_id"": 23, ""task_id"": 2}, {""client_id"": 38, ""task_id"": 3}, {""client_id"": 74, ""task_id"": 4}, {""client_id"": 21, ""task_id"": 5}, {""client_id"": 82, ""task_id"": 6}, {""client_id"": 4, ""task_id"": 7}, {""client_id"": 88, ""task_id"": 8}, {""client_id"": 98, ""task_id"": 9}]","[8100238, 8101235, 8102232, 8103229, 8104226, 8105223, 8106220, 8107217, 8108214, 8109211]"
81,FedPhoenix,1,65.19999694824219,9.990330600005109,0.0,"[90, 72, 65, 50, 85, 56, 4, 80, 31, 17]","[{""client_id"": 90, ""task_id"": 0}, {""client_id"": 72, ""task_id"": 1}, {""client_id"": 65, ""task_id"": 2}, {""client_id"": 50, ""task_id"": 3}, {""client_id"": 85, ""task_id"": 4}, {""client_id"": 56, ""task_id"": 5}, {""client_id"": 4, ""task_id"": 6}, {""client_id"": 80, ""task_id"": 7}, {""client_id"": 31, ""task_id"": 8}, {""client_id"": 17, ""task_id"": 9}]","[8200241, 8201238, 8202235, 8203232, 8204229, 8205226, 8206223, 8207220, 8208217, 8209214]"
82,FedPhoenix,1,66.30999755859375,7.73843950004084,0.0,"[61, 40, 41, 34, 97, 51, 50, 13, 22, 8]","[{""client_id"": 61, ""task_id"": 0}, {""client_id"": 40, ""task_id"": 1}, {""client_id"": 41, ""task_id"": 2}, {""client_id"": 34, ""task_id"": 3}, {""client_id"": 97, ""task_id"": 4}, {""client_id"": 51, ""task_id"": 5}, {""client_id"": 50, ""task_id"": 6}, {""client_id"": 13, ""task_id"": 7}, {""client_id"": 22, ""task_id"": 8}, {""client_id"": 8, ""task_id"": 9}]","[8300244, 8301241, 8302238, 8303235, 8304232, 8305229, 8306226, 8307223, 8308220, 8309217]"
83,FedPhoenix,1,69.41000366210938,8.393072500010021,0.0,"[87, 54, 63, 83, 96, 26, 0, 59, 69, 14]","[{""client_id"": 87, ""task_id"": 0}, {""client_id"": 54, ""task_id"": 1}, {""client_id"": 63, ""task_id"": 2}, {""client_id"": 83, ""task_id"": 3}, {""client_id"": 96, ""task_id"": 4}, {""client_id"": 26, ""task_id"": 5}, {""client_id"": 0, ""task_id"": 6}, {""client_id"": 59, ""task_id"": 7}, {""client_id"": 69, ""task_id"": 8}, {""client_id"": 14, ""task_id"": 9}]","[8400247, 8401244, 8402241, 8403238, 8404235, 8405232, 8406229, 8407226, 8408223, 8409220]"
84,FedPhoenix,1,65.27999877929688,8.765421800024342,0.0,"[58, 47, 83, 36, 8, 2, 56, 49, 10, 38]","[{""client_id"": 58, ""task_id"": 0}, {""client_id"": 47, ""task_id"": 1}, {""client_id"": 83, ""task_id"": 2}, {""client_id"": 36, ""task_id"": 3}, {""client_id"": 8, ""task_id"": 4}, {""client_id"": 2, ""task_id"": 5}, {""client_id"": 56, ""task_id"": 6}, {""client_id"": 49, ""task_id"": 7}, {""client_id"": 10, ""task_id"": 8}, {""client_id"": 38, ""task_id"": 9}]","[8500250, 8501247, 8502244, 8503241, 8504238, 8505235, 8506232, 8507229, 8508226, 8509223]"
85,FedPhoenix,1,68.44000244140625,8.785675699997228,0.0,"[89, 90, 81, 54, 59, 4, 53, 47, 52, 19]","[{""client_id"": 89, ""task_id"": 0}, {""client_id"": 90, ""task_id"": 1}, {""client_id"": 81, ""task_id"": 2}, {""client_id"": 54, ""task_id"": 3}, {""client_id"": 59, ""task_id"": 4}, {""client_id"": 4, ""task_id"": 5}, {""client_id"": 53, ""task_id"": 6}, {""client_id"": 47, ""task_id"": 7}, {""client_id"": 52, ""task_id"": 8}, {""client_id"": 19, ""task_id"": 9}]","[8600253, 8601250, 8602247, 8603244, 8604241, 8605238, 8606235, 8607232, 8608229, 8609226]"
86,FedPhoenix,1,67.23999786376953,9.476552699983586,0.0,"[24, 13, 81, 73, 19, 55, 40, 76, 57, 96]","[{""client_id"": 24, ""task_id"": 0}, {""client_id"": 13, ""task_id"": 1}, {""client_id"": 81, ""task_id"": 2}, {""client_id"": 73, ""task_id"": 3}, {""client_id"": 19, ""task_id"": 4}, {""client_id"": 55, ""task_id"": 5}, {""client_id"": 40, ""task_id"": 6}, {""client_id"": 76, ""task_id"": 7}, {""client_id"": 57, ""task_id"": 8}, {""client_id"": 96, ""task_id"": 9}]","[8700256, 8701253, 8702250, 8703247, 8704244, 8705241, 8706238, 8707235, 8708232, 8709229]"
87,FedPhoenix,1,70.0999984741211,8.814365099999122,0.0,"[31, 75, 94, 20, 87, 26, 29, 70, 2, 50]","[{""client_id"": 31, ""task_id"": 0}, {""client_id"": 75, ""task_id"": 1}, {""client_id"": 94, ""task_id"": 2}, {""client_id"": 20, ""task_id"": 3}, {""client_id"": 87, ""task_id"": 4}, {""client_id"": 26, ""task_id"": 5}, {""client_id"": 29, ""task_id"": 6}, {""client_id"": 70, ""task_id"": 7}, {""client_id"": 2, ""task_id"": 8}, {""client_id"": 50, ""task_id"": 9}]","[8800259, 8801256, 8802253, 8803250, 8804247, 8805244, 8806241, 8807238, 8808235, 8809232]"
88,FedPhoenix,1,69.8499984741211,8.803472500003409,0.0,"[0, 9, 46, 37, 72, 83, 73, 16, 55, 27]","[{""client_id"": 0, ""task_id"": 0}, {""client_id"": 9, ""task_id"": 1}, {""client_id"": 46, ""task_id"": 2}, {""client_id"": 37, ""task_id"": 3}, {""client_id"": 72, ""task_id"": 4}, {""client_id"": 83, ""task_id"": 5}, {""client_id"": 73, ""task_id"": 6}, {""client_id"": 16, ""task_id"": 7}, {""client_id"": 55, ""task_id"": 8}, {""client_id"": 27, ""task_id"": 9}]","[8900262, 8901259, 8902256, 8903253, 8904250, 8905247, 8906244, 8907241, 8908238, 8909235]"
89,FedPhoenix,1,70.08000183105469,9.700103299983311,0.0,"[80, 29, 9, 50, 26, 81, 48, 82, 37, 15]","[{""client_id"": 80, ""task_id"": 0}, {""client_id"": 29, ""task_id"": 1}, {""client_id"": 9, ""task_id"": 2}, {""client_id"": 50, ""task_id"": 3}, {""client_id"": 26, ""task_id"": 4}, {""client_id"": 81, ""task_id"": 5}, {""client_id"": 48, ""task_id"": 6}, {""client_id"": 82, ""task_id"": 7}, {""client_id"": 37, ""task_id"": 8}, {""client_id"": 15, ""task_id"": 9}]","[9000265, 9001262, 9002259, 9003256, 9004253, 9005250, 9006247, 9007244, 9008241, 9009238]"
90,FedPhoenix,1,68.87000274658203,8.680626899993513,0.0,"[82, 6, 87, 74, 29, 50, 62, 67, 12, 83]","[{""client_id"": 82, ""task_id"": 0}, {""client_id"": 6, ""task_id"": 1}, {""client_id"": 87, ""task_id"": 2}, {""client_id"": 74, ""task_id"": 3}, {""client_id"": 29, ""task_id"": 4}, {""client_id"": 50, ""task_id"": 5}, {""client_id"": 62, ""task_id"": 6}, {""client_id"": 67, ""task_id"": 7}, {""client_id"": 12, ""task_id"": 8}, {""client_id"": 83, ""task_id"": 9}]","[9100268, 9101265, 9102262, 9103259, 9104256, 9105253, 9106250, 9107247, 9108244, 9109241]"
91,FedPhoenix,1,64.2300033569336,9.34986029996071,0.0,"[36, 75, 89, 43, 12, 21, 95, 72, 24, 63]","[{""client_id"": 36, ""task_id"": 0}, {""client_id"": 75, ""task_id"": 1}, {""client_id"": 89, ""task_id"": 2}, {""client_id"": 43, ""task_id"": 3}, {""client_id"": 12, ""task_id"": 4}, {""client_id"": 21, ""task_id"": 5}, {""client_id"": 95, ""task_id"": 6}, {""client_id"": 72, ""task_id"": 7}, {""client_id"": 24, ""task_id"": 8}, {""client_id"": 63, ""task_id"": 9}]","[9200271, 9201268, 9202265, 9203262, 9204259, 9205256, 9206253, 9207250, 9208247, 9209244]"
92,FedPhoenix,1,66.58999633789062,9.91814180003712,0.0,"[34, 15, 31, 94, 46, 70, 19, 80, 6, 88]","[{""client_id"": 34, ""task_id"": 0}, {""client_id"": 15, ""task_id"": 1}, {""client_id"": 31, ""task_id"": 2}, {""client_id"": 94, ""task_id"": 3}, {""client_id"": 46, ""task_id"": 4}, {""client_id"": 70, ""task_id"": 5}, {""client_id"": 19, ""task_id"": 6}, {""client_id"": 80, ""task_id"": 7}, {""client_id"": 6, ""task_id"": 8}, {""client_id"": 88, ""task_id"": 9}]","[9300274, 9301271, 9302268, 9303265, 9304262, 9305259, 9306256, 9307253, 9308250, 9309247]"
93,FedPhoenix,1,67.05000305175781,8.844934199994896,0.0,"[70, 92, 72, 77, 23, 53, 1, 12, 97, 93]","[{""client_id"": 70, ""task_id"": 0}, {""client_id"": 92, ""task_id"": 1}, {""client_id"": 72, ""task_id"": 2}, {""client_id"": 77, ""task_id"": 3}, {""client_id"": 23, ""task_id"": 4}, {""client_id"": 53, ""task_id"": 5}, {""client_id"": 1, ""task_id"": 6}, {""client_id"": 12, ""task_id"": 7}, {""client_id"": 97, ""task_id"": 8}, {""client_id"": 93, ""task_id"": 9}]","[9400277, 9401274, 9402271, 9403268, 9404265, 9405262, 9406259, 9407256, 9408253, 9409250]"
94,FedPhoenix,1,68.36000061035156,9.59830959996907,0.0,"[13, 38, 36, 14, 57, 77, 66, 73, 3, 0]","[{""client_id"": 13, ""task_id"": 0}, {""client_id"": 38, ""task_id"": 1}, {""client_id"": 36, ""task_id"": 2}, {""client_id"": 14, ""task_id"": 3}, {""client_id"": 57, ""task_id"": 4}, {""client_id"": 77, ""task_id"": 5}, {""client_id"": 66, ""task_id"": 6}, {""client_id"": 73, ""task_id"": 7}, {""client_id"": 3, ""task_id"": 8}, {""client_id"": 0, ""task_id"": 9}]","[9500280, 9501277, 9502274, 9503271, 9504268, 9505265, 9506262, 9507259, 9508256, 9509253]"
95,FedPhoenix,1,69.05000305175781,9.749257599993143,0.0,"[13, 19, 10, 24, 76, 57, 88, 23, 61, 31]","[{""client_id"": 13, ""task_id"": 0}, {""client_id"": 19, ""task_id"": 1}, {""client_id"": 10, ""task_id"": 2}, {""client_id"": 24, ""task_id"": 3}, {""client_id"": 76, ""task_id"": 4}, {""client_id"": 57, ""task_id"": 5}, {""client_id"": 88, ""task_id"": 6}, {""client_id"": 23, ""task_id"": 7}, {""client_id"": 61, ""task_id"": 8}, {""client_id"": 31, ""task_id"": 9}]","[9600283, 9601280, 9602277, 9603274, 9604271, 9605268, 9606265, 9607262, 9608259, 9609256]"
96,FedPhoenix,1,67.61000061035156,8.387678099970799,0.0,"[18, 45, 94, 24, 56, 67, 10, 14, 13, 9]","[{""client_id"": 18, ""task_id"": 0}, {""client_id"": 45, ""task_id"": 1}, {""client_id"": 94, ""task_id"": 2}, {""client_id"": 24, ""task_id"": 3}, {""client_id"": 56, ""task_id"": 4}, {""client_id"": 67, ""task_id"": 5}, {""client_id"": 10, ""task_id"": 6}, {""client_id"": 14, ""task_id"": 7}, {""client_id"": 13, ""task_id"": 8}, {""client_id"": 9, ""task_id"": 9}]","[9700286, 9701283, 9702280, 9703277, 9704274, 9705271, 9706268, 9707265, 9708262, 9709259]"
97,FedPhoenix,1,66.91000366210938,7.3049158999929205,0.0,"[13, 48, 73, 93, 70, 1, 43, 77, 76, 88]","[{""client_id"": 13, ""task_id"": 0}, {""client_id"": 48, ""task_id"": 1}, {""client_id"": 73, ""task_id"": 2}, {""client_id"": 93, ""task_id"": 3}, {""client_id"": 70, ""task_id"": 4}, {""client_id"": 1, ""task_id"": 5}, {""client_id"": 43, ""task_id"": 6}, {""client_id"": 77, ""task_id"": 7}, {""client_id"": 76, ""task_id"": 8}, {""client_id"": 88, ""task_id"": 9}]","[9800289, 9801286, 9802283, 9803280, 9804277, 9805274, 9806271, 9807268, 9808265, 9809262]"
98,FedPhoenix,1,65.58000183105469,8.888888599991333,0.0,"[21, 45, 83, 68, 75, 65, 96, 1, 77, 73]","[{""client_id"": 21, ""task_id"": 0}, {""client_id"": 45, ""task_id"": 1}, {""client_id"": 83, ""task_id"": 2}, {""client_id"": 68, ""task_id"": 3}, {""client_id"": 75, ""task_id"": 4}, {""client_id"": 65, ""task_id"": 5}, {""client_id"": 96, ""task_id"": 6}, {""client_id"": 1, ""task_id"": 7}, {""client_id"": 77, ""task_id"": 8}, {""client_id"": 73, ""task_id"": 9}]","[9900292, 9901289, 9902286, 9903283, 9904280, 9905277, 9906274, 9907271, 9908268, 9909265]"
99,FedPhoenix,1,62.150001525878906,8.892450399987865,0.0,"[81, 84, 60, 18, 45, 47, 94, 83, 76, 22]","[{""client_id"": 81, ""task_id"": 0}, {""client_id"": 84, ""task_id"": 1}, {""client_id"": 60, ""task_id"": 2}, {""client_id"": 18, ""task_id"": 3}, {""client_id"": 45, ""task_id"": 4}, {""client_id"": 47, ""task_id"": 5}, {""client_id"": 94, ""task_id"": 6}, {""client_id"": 83, ""task_id"": 7}, {""client_id"": 76, ""task_id"": 8}, {""client_id"": 22, ""task_id"": 9}]","[10000295, 10001292, 10002289, 10003286, 10004283, 10005280, 10006277, 10007274, 10008271, 10009268]"
100,FedPhoenix,1,64.0199966430664,11.620357599982526,0.0,"[21, 69, 47, 34, 65, 81, 93, 44, 30, 84]","[{""client_id"": 21, ""task_id"": 0}, {""client_id"": 69, ""task_id"": 1}, {""client_id"": 47, ""task_id"": 2}, {""client_id"": 34, ""task_id"": 3}, {""client_id"": 65, ""task_id"": 4}, {""client_id"": 81, ""task_id"": 5}, {""client_id"": 93, ""task_id"": 6}, {""client_id"": 44, ""task_id"": 7}, {""client_id"": 30, ""task_id"": 8}, {""client_id"": 84, ""task_id"": 9}]","[10100298, 10101295, 10102292, 10103289, 10104286, 10105283, 10106280, 10107277, 10108274, 10109271]"
101,FedPhoenix,1,68.4800033569336,8.265385599981528,0.0,"[22, 38, 77, 15, 11, 61, 37, 34, 87, 3]","[{""client_id"": 22, ""task_id"": 0}, {""client_id"": 38, ""task_id"": 1}, {""client_id"": 77, ""task_id"": 2}, {""client_id"": 15, ""task_id"": 3}, {""client_id"": 11, ""task_id"": 4}, {""client_id"": 61, ""task_id"": 5}, {""client_id"": 37, ""task_id"": 6}, {""client_id"": 34, ""task_id"": 7}, {""client_id"": 87, ""task_id"": 8}, {""client_id"": 3, ""task_id"": 9}]","[10200301, 10201298, 10202295, 10203292, 10204289, 10205286, 10206283, 10207280, 10208277, 10209274]"
102,FedPhoenix,1,73.33000183105469,8.411167500016745,0.0,"[96, 9, 26, 58, 69, 44, 13, 93, 61, 43]","[{""client_id"": 96, ""task_id"": 0}, {""client_id"": 9, ""task_id"": 1}, {""client_id"": 26, ""task_id"": 2}, {""client_id"": 58, ""task_id"": 3}, {""client_id"": 69, ""task_id"": 4}, {""client_id"": 44, ""task_id"": 5}, {""client_id"": 13, ""task_id"": 6}, {""client_id"": 93, ""task_id"": 7}, {""client_id"": 61, ""task_id"": 8}, {""client_id"": 43, ""task_id"": 9}]","[10300304, 10301301, 10302298, 10303295, 10304292, 10305289, 10306286, 10307283, 10308280, 10309277]"
103,FedPhoenix,1,72.45999908447266,7.936963099986315,0.0,"[13, 34, 27, 16, 72, 98, 14, 19, 9, 46]","[{""client_id"": 13, ""task_id"": 0}, {""client_id"": 34, ""task_id"": 1}, {""client_id"": 27, ""task_id"": 2}, {""client_id"": 16, ""task_id"": 3}, {""client_id"": 72, ""task_id"": 4}, {""client_id"": 98, ""task_id"": 5}, {""client_id"": 14, ""task_id"": 6}, {""client_id"": 19, ""task_id"": 7}, {""client_id"": 9, ""task_id"": 8}, {""client_id"": 46, ""task_id"": 9}]","[10400307, 10401304, 10402301, 10403298, 10404295, 10405292, 10406289, 10407286, 10408283, 10409280]"
104,FedPhoenix,1,72.48999786376953,10.675722599960864,0.0,"[29, 72, 81, 80, 68, 85, 14, 0, 93, 52]","[{""client_id"": 29, ""task_id"": 0}, {""client_id"": 72, ""task_id"": 1}, {""client_id"": 81, ""task_id"": 2}, {""client_id"": 80, ""task_id"": 3}, {""client_id"": 68, ""task_id"": 4}, {""client_id"": 85, ""task_id"": 5}, {""client_id"": 14, ""task_id"": 6}, {""client_id"": 0, ""task_id"": 7}, {""client_id"": 93, ""task_id"": 8}, {""client_id"": 52, ""task_id"": 9}]","[10500310, 10501307, 10502304, 10503301, 10504298, 10505295, 10506292, 10507289, 10508286, 10509283]"
105,FedPhoenix,1,70.95999908447266,9.816325300023891,0.0,"[17, 69, 35, 86, 83, 84, 23, 56, 89, 60]","[{""client_id"": 17, ""task_id"": 0}, {""client_id"": 69, ""task_id"": 1}, {""client_id"": 35, ""task_id"": 2}, {""client_id"": 86, ""task_id"": 3}, {""client_id"": 83, ""task_id"": 4}, {""client_id"": 84, ""task_id"": 5}, {""client_id"": 23, ""task_id"": 6}, {""client_id"": 56, ""task_id"": 7}, {""client_id"": 89, ""task_id"": 8}, {""client_id"": 60, ""task_id"": 9}]","[10600313, 10601310, 10602307, 10603304, 10604301, 10605298, 10606295, 10607292, 10608289, 10609286]"
106,FedPhoenix,1,69.55000305175781,9.535661200003233,0.0,"[94, 79, 36, 8, 19, 16, 13, 30, 25, 3]","[{""client_id"": 94, ""task_id"": 0}, {""client_id"": 79, ""task_id"": 1}, {""client_id"": 36, ""task_id"": 2}, {""client_id"": 8, ""task_id"": 3}, {""client_id"": 19, ""task_id"": 4}, {""client_id"": 16, ""task_id"": 5}, {""client_id"": 13, ""task_id"": 6}, {""client_id"": 30, ""task_id"": 7}, {""client_id"": 25, ""task_id"": 8}, {""client_id"": 3, ""task_id"": 9}]","[10700316, 10701313, 10702310, 10703307, 10704304, 10705301, 10706298, 10707295, 10708292, 10709289]"
107,FedPhoenix,1,45.15999984741211,9.286363799998071,0.0,"[45, 82, 32, 52, 17, 96, 6, 57, 67, 74]","[{""client_id"": 45, ""task_id"": 0}, {""client_id"": 82, ""task_id"": 1}, {""client_id"": 32, ""task_id"": 2}, {""client_id"": 52, ""task_id"": 3}, {""client_id"": 17, ""task_id"": 4}, {""client_id"": 96, ""task_id"": 5}, {""client_id"": 6, ""task_id"": 6}, {""client_id"": 57, ""task_id"": 7}, {""client_id"": 67, ""task_id"": 8}, {""client_id"": 74, ""task_id"": 9}]","[10800319, 10801316, 10802313, 10803310, 10804307, 10805304, 10806301, 10807298, 10808295, 10809292]"
108,FedPhoenix,1,69.4800033569336,8.163930199982133,0.0,"[61, 20, 59, 99, 39, 42, 73, 53, 45, 8]","[{""client_id"": 61, ""task_id"": 0}, {""client_id"": 20, ""task_id"": 1}, {""client_id"": 59, ""task_id"": 2}, {""client_id"": 99, ""task_id"": 3}, {""client_id"": 39, ""task_id"": 4}, {""client_id"": 42, ""task_id"": 5}, {""client_id"": 73, ""task_id"": 6}, {""client_id"": 53, ""task_id"": 7}, {""client_id"": 45, ""task_id"": 8}, {""client_id"": 8, ""task_id"": 9}]","[10900322, 10901319, 10902316, 10903313, 10904310, 10905307, 10906304, 10907301, 10908298, 10909295]"
109,FedPhoenix,1,72.97000122070312,8.964379500015639,0.0,"[60, 38, 5, 54, 66, 33, 80, 83, 9, 4]","[{""client_id"": 60, ""task_id"": 0}, {""client_id"": 38, ""task_id"": 1}, {""client_id"": 5, ""task_id"": 2}, {""client_id"": 54, ""task_id"": 3}, {""client_id"": 66, ""task_id"": 4}, {""client_id"": 33, ""task_id"": 5}, {""client_id"": 80, ""task_id"": 6}, {""client_id"": 83, ""task_id"": 7}, {""client_id"": 9, ""task_id"": 8}, {""client_id"": 4, ""task_id"": 9}]","[11000325, 11001322, 11002319, 11003316, 11004313, 11005310, 11006307, 11007304, 11008301, 11009298]"
110,FedPhoenix,1,71.6500015258789,8.677967700001318,0.0,"[39, 44, 62, 4, 42, 25, 0, 45, 29, 93]","[{""client_id"": 39, ""task_id"": 0}, {""client_id"": 44, ""task_id"": 1}, {""client_id"": 62, ""task_id"": 2}, {""client_id"": 4, ""task_id"": 3}, {""client_id"": 42, ""task_id"": 4}, {""client_id"": 25, ""task_id"": 5}, {""client_id"": 0, ""task_id"": 6}, {""client_id"": 45, ""task_id"": 7}, {""client_id"": 29, ""task_id"": 8}, {""client_id"": 93, ""task_id"": 9}]","[11100328, 11101325, 11102322, 11103319, 11104316, 11105313, 11106310, 11107307, 11108304, 11109301]"
111,FedPhoenix,1,72.83000183105469,7.932103899947833,0.0,"[96, 54, 19, 97, 92, 31, 81, 2, 24, 9]","[{""client_id"": 96, ""task_id"": 0}, {""client_id"": 54, ""task_id"": 1}, {""client_id"": 19, ""task_id"": 2}, {""client_id"": 97, ""task_id"": 3}, {""client_id"": 92, ""task_id"": 4}, {""client_id"": 31, ""task_id"": 5}, {""client_id"": 81, ""task_id"": 6}, {""client_id"": 2, ""task_id"": 7}, {""client_id"": 24, ""task_id"": 8}, {""client_id"": 9, ""task_id"": 9}]","[11200331, 11201328, 11202325, 11203322, 11204319, 11205316, 11206313, 11207310, 11208307, 11209304]"
112,FedPhoenix,1,72.61000061035156,9.966394399991259,0.0,"[9, 19, 7, 49, 45, 35, 80, 85, 40, 89]","[{""client_id"": 9, ""task_id"": 0}, {""client_id"": 19, ""task_id"": 1}, {""client_id"": 7, ""task_id"": 2}, {""client_id"": 49, ""task_id"": 3}, {""client_id"": 45, ""task_id"": 4}, {""client_id"": 35, ""task_id"": 5}, {""client_id"": 80, ""task_id"": 6}, {""client_id"": 85, ""task_id"": 7}, {""client_id"": 40, ""task_id"": 8}, {""client_id"": 89, ""task_id"": 9}]","[11300334, 11301331, 11302328, 11303325, 11304322, 11305319, 11306316, 11307313, 11308310, 11309307]"
113,FedPhoenix,1,67.66000366210938,8.220586200011894,0.0,"[73, 66, 18, 74, 33, 2, 87, 29, 98, 91]","[{""client_id"": 73, ""task_id"": 0}, {""client_id"": 66, ""task_id"": 1}, {""client_id"": 18, ""task_id"": 2}, {""client_id"": 74, ""task_id"": 3}, {""client_id"": 33, ""task_id"": 4}, {""client_id"": 2, ""task_id"": 5}, {""client_id"": 87, ""task_id"": 6}, {""client_id"": 29, ""task_id"": 7}, {""client_id"": 98, ""task_id"": 8}, {""client_id"": 91, ""task_id"": 9}]","[11400337, 11401334, 11402331, 11403328, 11404325, 11405322, 11406319, 11407316, 11408313, 11409310]"
114,FedPhoenix,1,67.5,8.843677899974864,0.0,"[40, 31, 27, 50, 71, 81, 99, 97, 73, 49]","[{""client_id"": 40, ""task_id"": 0}, {""client_id"": 31, ""task_id"": 1}, {""client_id"": 27, ""task_id"": 2}, {""client_id"": 50, ""task_id"": 3}, {""client_id"": 71, ""task_id"": 4}, {""client_id"": 81, ""task_id"": 5}, {""client_id"": 99, ""task_id"": 6}, {""client_id"": 97, ""task_id"": 7}, {""client_id"": 73, ""task_id"": 8}, {""client_id"": 49, ""task_id"": 9}]","[11500340, 11501337, 11502334, 11503331, 11504328, 11505325, 11506322, 11507319, 11508316, 11509313]"
115,FedPhoenix,1,64.06999969482422,6.544736199954059,0.0,"[61, 64, 42, 88, 27, 95, 92, 50, 45, 85]","[{""client_id"": 61, ""task_id"": 0}, {""client_id"": 64, ""task_id"": 1}, {""client_id"": 42, ""task_id"": 2}, {""client_id"": 88, ""task_id"": 3}, {""client_id"": 27, ""task_id"": 4}, {""client_id"": 95, ""task_id"": 5}, {""client_id"": 92, ""task_id"": 6}, {""client_id"": 50, ""task_id"": 7}, {""client_id"": 45, ""task_id"": 8}, {""client_id"": 85, ""task_id"": 9}]","[11600343, 11601340, 11602337, 11603334, 11604331, 11605328, 11606325, 11607322, 11608319, 11609316]"
116,FedPhoenix,1,69.8499984741211,7.593091100046877,0.0,"[27, 8, 49, 32, 15, 35, 70, 59, 31, 30]","[{""client_id"": 27, ""task_id"": 0}, {""client_id"": 8, ""task_id"": 1}, {""client_id"": 49, ""task_id"": 2}, {""client_id"": 32, ""task_id"": 3}, {""client_id"": 15, ""task_id"": 4}, {""client_id"": 35, ""task_id"": 5}, {""client_id"": 70, ""task_id"": 6}, {""client_id"": 59, ""task_id"": 7}, {""client_id"": 31, ""task_id"": 8}, {""client_id"": 30, ""task_id"": 9}]","[11700346, 11701343, 11702340, 11703337, 11704334, 11705331, 11706328, 11707325, 11708322, 11709319]"
117,FedPhoenix,1,66.8499984741211,8.131787999998778,0.0,"[69, 35, 52, 51, 26, 15, 76, 48, 98, 12]","[{""client_id"": 69, ""task_id"": 0}, {""client_id"": 35, ""task_id"": 1}, {""client_id"": 52, ""task_id"": 2}, {""client_id"": 51, ""task_id"": 3}, {""client_id"": 26, ""task_id"": 4}, {""client_id"": 15, ""task_id"": 5}, {""client_id"": 76, ""task_id"": 6}, {""client_id"": 48, ""task_id"": 7}, {""client_id"": 98, ""task_id"": 8}, {""client_id"": 12, ""task_id"": 9}]","[11800349, 11801346, 11802343, 11803340, 11804337, 11805334, 11806331, 11807328, 11808325, 11809322]"
118,FedPhoenix,1,71.13999938964844,10.620631799974944,0.0,"[46, 57, 0, 86, 26, 80, 73, 20, 63, 98]","[{""client_id"": 46, ""task_id"": 0}, {""client_id"": 57, ""task_id"": 1}, {""client_id"": 0, ""task_id"": 2}, {""client_id"": 86, ""task_id"": 3}, {""client_id"": 26, ""task_id"": 4}, {""client_id"": 80, ""task_id"": 5}, {""client_id"": 73, ""task_id"": 6}, {""client_id"": 20, ""task_id"": 7}, {""client_id"": 63, ""task_id"": 8}, {""client_id"": 98, ""task_id"": 9}]","[11900352, 11901349, 11902346, 11903343, 11904340, 11905337, 11906334, 11907331, 11908328, 11909325]"
119,FedPhoenix,1,71.2300033569336,8.64007009996567,0.0,"[81, 6, 64, 84, 20, 2, 8, 4, 66, 92]","[{""client_id"": 81, ""task_id"": 0}, {""client_id"": 6, ""task_id"": 1}, {""client_id"": 64, ""task_id"": 2}, {""client_id"": 84, ""task_id"": 3}, {""client_id"": 20, ""task_id"": 4}, {""client_id"": 2, ""task_id"": 5}, {""client_id"": 8, ""task_id"": 6}, {""client_id"": 4, ""task_id"": 7}, {""client_id"": 66, ""task_id"": 8}, {""client_id"": 92, ""task_id"": 9}]","[12000355, 12001352, 12002349, 12003346, 12004343, 12005340, 12006337, 12007334, 12008331, 12009328]"
120,FedPhoenix,1,66.44999694824219,8.485480899980757,0.0,"[61, 34, 64, 11, 96, 18, 82, 52, 72, 92]","[{""client_id"": 61, ""task_id"": 0}, {""client_id"": 34, ""task_id"": 1}, {""client_id"": 64, ""task_id"": 2}, {""client_id"": 11, ""task_id"": 3}, {""client_id"": 96, ""task_id"": 4}, {""client_id"": 18, ""task_id"": 5}, {""client_id"": 82, ""task_id"": 6}, {""client_id"": 52, ""task_id"": 7}, {""client_id"": 72, ""task_id"": 8}, {""client_id"": 92, ""task_id"": 9}]","[12100358, 12101355, 12102352, 12103349, 12104346, 12105343, 12106340, 12107337, 12108334, 12109331]"
121,FedPhoenix,1,72.16999816894531,10.322955200041179,0.0,"[93, 68, 94, 13, 36, 11, 5, 1, 40, 7]","[{""client_id"": 93, ""task_id"": 0}, {""client_id"": 68, ""task_id"": 1}, {""client_id"": 94, ""task_id"": 2}, {""client_id"": 13, ""task_id"": 3}, {""client_id"": 36, ""task_id"": 4}, {""client_id"": 11, ""task_id"": 5}, {""client_id"": 5, ""task_id"": 6}, {""client_id"": 1, ""task_id"": 7}, {""client_id"": 40, ""task_id"": 8}, {""client_id"": 7, ""task_id"": 9}]","[12200361, 12201358, 12202355, 12203352, 12204349, 12205346, 12206343, 12207340, 12208337, 12209334]"
122,FedPhoenix,1,68.86000061035156,8.344888099993113,0.0,"[73, 64, 37, 69, 31, 48, 77, 41, 53, 75]","[{""client_id"": 73, ""task_id"": 0}, {""client_id"": 64, ""task_id"": 1}, {""client_id"": 37, ""task_id"": 2}, {""client_id"": 69, ""task_id"": 3}, {""client_id"": 31, ""task_id"": 4}, {""client_id"": 48, ""task_id"": 5}, {""client_id"": 77, ""task_id"": 6}, {""client_id"": 41, ""task_id"": 7}, {""client_id"": 53, ""task_id"": 8}, {""client_id"": 75, ""task_id"": 9}]","[12300364, 12301361, 12302358, 12303355, 12304352, 12305349, 12306346, 12307343, 12308340, 12309337]"
123,FedPhoenix,1,70.01000213623047,7.9285777999903075,0.0,"[46, 43, 84, 11, 66, 92, 16, 19, 96, 37]","[{""client_id"": 46, ""task_id"": 0}, {""client_id"": 43, ""task_id"": 1}, {""client_id"": 84, ""task_id"": 2}, {""client_id"": 11, ""task_id"": 3}, {""client_id"": 66, ""task_id"": 4}, {""client_id"": 92, ""task_id"": 5}, {""client_id"": 16, ""task_id"": 6}, {""client_id"": 19, ""task_id"": 7}, {""client_id"": 96, ""task_id"": 8}, {""client_id"": 37, ""task_id"": 9}]","[12400367, 12401364, 12402361, 12403358, 12404355, 12405352, 12406349, 12407346, 12408343, 12409340]"
124,FedPhoenix,1,65.7300033569336,7.492654900008347,0.0,"[43, 96, 9, 0, 74, 19, 1, 23, 38, 66]","[{""client_id"": 43, ""task_id"": 0}, {""client_id"": 96, ""task_id"": 1}, {""client_id"": 9, ""task_id"": 2}, {""client_id"": 0, ""task_id"": 3}, {""client_id"": 74, ""task_id"": 4}, {""client_id"": 19, ""task_id"": 5}, {""client_id"": 1, ""task_id"": 6}, {""client_id"": 23, ""task_id"": 7}, {""client_id"": 38, ""task_id"": 8}, {""client_id"": 66, ""task_id"": 9}]","[12500370, 12501367, 12502364, 12503361, 12504358, 12505355, 12506352, 12507349, 12508346, 12509343]"
125,FedPhoenix,1,66.08000183105469,8.968677199969534,0.0,"[27, 62, 32, 10, 22, 72, 64, 25, 86, 60]","[{""client_id"": 27, ""task_id"": 0}, {""client_id"": 62, ""task_id"": 1}, {""client_id"": 32, ""task_id"": 2}, {""client_id"": 10, ""task_id"": 3}, {""client_id"": 22, ""task_id"": 4}, {""client_id"": 72, ""task_id"": 5}, {""client_id"": 64, ""task_id"": 6}, {""client_id"": 25, ""task_id"": 7}, {""client_id"": 86, ""task_id"": 8}, {""client_id"": 60, ""task_id"": 9}]","[12600373, 12601370, 12602367, 12603364, 12604361, 12605358, 12606355, 12607352, 12608349, 12609346]"
126,FedPhoenix,1,61.970001220703125,9.125091699999757,0.0,"[84, 7, 64, 76, 15, 46, 27, 47, 40, 69]","[{""client_id"": 84, ""task_id"": 0}, {""client_id"": 7, ""task_id"": 1}, {""client_id"": 64, ""task_id"": 2}, {""client_id"": 76, ""task_id"": 3}, {""client_id"": 15, ""task_id"": 4}, {""client_id"": 46, ""task_id"": 5}, {""client_id"": 27, ""task_id"": 6}, {""client_id"": 47, ""task_id"": 7}, {""client_id"": 40, ""task_id"": 8}, {""client_id"": 69, ""task_id"": 9}]","[12700376, 12701373, 12702370, 12703367, 12704364, 12705361, 12706358, 12707355, 12708352, 12709349]"
127,FedPhoenix,1,71.27999877929688,9.958632999972906,0.0,"[75, 97, 79, 87, 11, 7, 37, 92, 41, 12]","[{""client_id"": 75, ""task_id"": 0}, {""client_id"": 97, ""task_id"": 1}, {""client_id"": 79, ""task_id"": 2}, {""client_id"": 87, ""task_id"": 3}, {""client_id"": 11, ""task_id"": 4}, {""client_id"": 7, ""task_id"": 5}, {""client_id"": 37, ""task_id"": 6}, {""client_id"": 92, ""task_id"": 7}, {""client_id"": 41, ""task_id"": 8}, {""client_id"": 12, ""task_id"": 9}]","[12800379, 12801376, 12802373, 12803370, 12804367, 12805364, 12806361, 12807358, 12808355, 12809352]"
128,FedPhoenix,1,67.5199966430664,8.864656099991407,0.0,"[78, 4, 17, 21, 76, 74, 19, 61, 45, 86]","[{""client_id"": 78, ""task_id"": 0}, {""client_id"": 4, ""task_id"": 1}, {""client_id"": 17, ""task_id"": 2}, {""client_id"": 21, ""task_id"": 3}, {""client_id"": 76, ""task_id"": 4}, {""client_id"": 74, ""task_id"": 5}, {""client_id"": 19, ""task_id"": 6}, {""client_id"": 61, ""task_id"": 7}, {""client_id"": 45, ""task_id"": 8}, {""client_id"": 86, ""task_id"": 9}]","[12900382, 12901379, 12902376, 12903373, 12904370, 12905367, 12906364, 12907361, 12908358, 12909355]"
129,FedPhoenix,1,74.44999694824219,11.303037800011225,0.0,"[23, 41, 75, 36, 26, 49, 95, 16, 93, 72]","[{""client_id"": 23, ""task_id"": 0}, {""client_id"": 41, ""task_id"": 1}, {""client_id"": 75, ""task_id"": 2}, {""client_id"": 36, ""task_id"": 3}, {""client_id"": 26, ""task_id"": 4}, {""client_id"": 49, ""task_id"": 5}, {""client_id"": 95, ""task_id"": 6}, {""client_id"": 16, ""task_id"": 7}, {""client_id"": 93, ""task_id"": 8}, {""client_id"": 72, ""task_id"": 9}]","[13000385, 13001382, 13002379, 13003376, 13004373, 13005370, 13006367, 13007364, 13008361, 13009358]"
130,FedPhoenix,1,65.5199966430664,10.158688700001221,0.0,"[59, 53, 65, 8, 68, 35, 13, 55, 23, 97]","[{""client_id"": 59, ""task_id"": 0}, {""client_id"": 53, ""task_id"": 1}, {""client_id"": 65, ""task_id"": 2}, {""client_id"": 8, ""task_id"": 3}, {""client_id"": 68, ""task_id"": 4}, {""client_id"": 35, ""task_id"": 5}, {""client_id"": 13, ""task_id"": 6}, {""client_id"": 55, ""task_id"": 7}, {""client_id"": 23, ""task_id"": 8}, {""client_id"": 97, ""task_id"": 9}]","[13100388, 13101385, 13102382, 13103379, 13104376, 13105373, 13106370, 13107367, 13108364, 13109361]"
131,FedPhoenix,1,66.22000122070312,7.722075099998619,0.0,"[74, 98, 22, 45, 97, 87, 92, 71, 47, 79]","[{""client_id"": 74, ""task_id"": 0}, {""client_id"": 98, ""task_id"": 1}, {""client_id"": 22, ""task_id"": 2}, {""client_id"": 45, ""task_id"": 3}, {""client_id"": 97, ""task_id"": 4}, {""client_id"": 87, ""task_id"": 5}, {""client_id"": 92, ""task_id"": 6}, {""client_id"": 71, ""task_id"": 7}, {""client_id"": 47, ""task_id"": 8}, {""client_id"": 79, ""task_id"": 9}]","[13200391, 13201388, 13202385, 13203382, 13204379, 13205376, 13206373, 13207370, 13208367, 13209364]"
132,FedPhoenix,1,74.7699966430664,9.231793400016613,0.0,"[35, 70, 59, 49, 36, 91, 82, 50, 26, 72]","[{""client_id"": 35, ""task_id"": 0}, {""client_id"": 70, ""task_id"": 1}, {""client_id"": 59, ""task_id"": 2}, {""client_id"": 49, ""task_id"": 3}, {""client_id"": 36, ""task_id"": 4}, {""client_id"": 91, ""task_id"": 5}, {""client_id"": 82, ""task_id"": 6}, {""client_id"": 50, ""task_id"": 7}, {""client_id"": 26, ""task_id"": 8}, {""client_id"": 72, ""task_id"": 9}]","[13300394, 13301391, 13302388, 13303385, 13304382, 13305379, 13306376, 13307373, 13308370, 13309367]"
133,FedPhoenix,1,66.5999984741211,8.701398400007747,0.0,"[22, 83, 75, 29, 66, 48, 12, 10, 86, 1]","[{""client_id"": 22, ""task_id"": 0}, {""client_id"": 83, ""task_id"": 1}, {""client_id"": 75, ""task_id"": 2}, {""client_id"": 29, ""task_id"": 3}, {""client_id"": 66, ""task_id"": 4}, {""client_id"": 48, ""task_id"": 5}, {""client_id"": 12, ""task_id"": 6}, {""client_id"": 10, ""task_id"": 7}, {""client_id"": 86, ""task_id"": 8}, {""client_id"": 1, ""task_id"": 9}]","[13400397, 13401394, 13402391, 13403388, 13404385, 13405382, 13406379, 13407376, 13408373, 13409370]"
134,FedPhoenix,1,72.9000015258789,12.086882000032347,0.0,"[76, 33, 40, 59, 65, 63, 73, 36, 99, 82]","[{""client_id"": 76, ""task_id"": 0}, {""client_id"": 33, ""task_id"": 1}, {""client_id"": 40, ""task_id"": 2}, {""client_id"": 59, ""task_id"": 3}, {""client_id"": 65, ""task_id"": 4}, {""client_id"": 63, ""task_id"": 5}, {""client_id"": 73, ""task_id"": 6}, {""client_id"": 36, ""task_id"": 7}, {""client_id"": 99, ""task_id"": 8}, {""client_id"": 82, ""task_id"": 9}]","[13500400, 13501397, 13502394, 13503391, 13504388, 13505385, 13506382, 13507379, 13508376, 13509373]"
135,FedPhoenix,1,66.58000183105469,8.595642900036182,0.0,"[85, 88, 54, 40, 70, 67, 86, 38, 58, 42]","[{""client_id"": 85, ""task_id"": 0}, {""client_id"": 88, ""task_id"": 1}, {""client_id"": 54, ""task_id"": 2}, {""client_id"": 40, ""task_id"": 3}, {""client_id"": 70, ""task_id"": 4}, {""client_id"": 67, ""task_id"": 5}, {""client_id"": 86, ""task_id"": 6}, {""client_id"": 38, ""task_id"": 7}, {""client_id"": 58, ""task_id"": 8}, {""client_id"": 42, ""task_id"": 9}]","[13600403, 13601400, 13602397, 13603394, 13604391, 13605388, 13606385, 13607382, 13608379, 13609376]"
136,FedPhoenix,1,68.69999694824219,8.327291900001,0.0,"[89, 56, 12, 90, 94, 86, 19, 78, 92, 59]","[{""client_id"": 89, ""task_id"": 0}, {""client_id"": 56, ""task_id"": 1}, {""client_id"": 12, ""task_id"": 2}, {""client_id"": 90, ""task_id"": 3}, {""client_id"": 94, ""task_id"": 4}, {""client_id"": 86, ""task_id"": 5}, {""client_id"": 19, ""task_id"": 6}, {""client_id"": 78, ""task_id"": 7}, {""client_id"": 92, ""task_id"": 8}, {""client_id"": 59, ""task_id"": 9}]","[13700406, 13701403, 13702400, 13703397, 13704394, 13705391, 13706388, 13707385, 13708382, 13709379]"
137,FedPhoenix,1,71.13999938964844,10.993813599983696,0.0,"[7, 94, 69, 44, 50, 26, 75, 24, 33, 18]","[{""client_id"": 7, ""task_id"": 0}, {""client_id"": 94, ""task_id"": 1}, {""client_id"": 69, ""task_id"": 2}, {""client_id"": 44, ""task_id"": 3}, {""client_id"": 50, ""task_id"": 4}, {""client_id"": 26, ""task_id"": 5}, {""client_id"": 75, ""task_id"": 6}, {""client_id"": 24, ""task_id"": 7}, {""client_id"": 33, ""task_id"": 8}, {""client_id"": 18, ""task_id"": 9}]","[13800409, 13801406, 13802403, 13803400, 13804397, 13805394, 13806391, 13807388, 13808385, 13809382]"
138,FedPhoenix,1,74.33999633789062,9.071258200041484,0.0,"[89, 75, 84, 93, 35, 71, 19, 63, 59, 94]","[{""client_id"": 89, ""task_id"": 0}, {""client_id"": 75, ""task_id"": 1}, {""client_id"": 84, ""task_id"": 2}, {""client_id"": 93, ""task_id"": 3}, {""client_id"": 35, ""task_id"": 4}, {""client_id"": 71, ""task_id"": 5}, {""client_id"": 19, ""task_id"": 6}, {""client_id"": 63, ""task_id"": 7}, {""client_id"": 59, ""task_id"": 8}, {""client_id"": 94, ""task_id"": 9}]","[13900412, 13901409, 13902406, 13903403, 13904400, 13905397, 13906394, 13907391, 13908388, 13909385]"
139,FedPhoenix,1,72.20999908447266,8.083878499979619,0.0,"[54, 66, 17, 43, 53, 40, 76, 1, 4, 81]","[{""client_id"": 54, ""task_id"": 0}, {""client_id"": 66, ""task_id"": 1}, {""client_id"": 17, ""task_id"": 2}, {""client_id"": 43, ""task_id"": 3}, {""client_id"": 53, ""task_id"": 4}, {""client_id"": 40, ""task_id"": 5}, {""client_id"": 76, ""task_id"": 6}, {""client_id"": 1, ""task_id"": 7}, {""client_id"": 4, ""task_id"": 8}, {""client_id"": 81, ""task_id"": 9}]","[14000415, 14001412, 14002409, 14003406, 14004403, 14005400, 14006397, 14007394, 14008391, 14009388]"
140,FedPhoenix,1,73.44000244140625,9.411489000020083,0.0,"[52, 51, 97, 7, 41, 61, 29, 88, 49, 26]","[{""client_id"": 52, ""task_id"": 0}, {""client_id"": 51, ""task_id"": 1}, {""client_id"": 97, ""task_id"": 2}, {""client_id"": 7, ""task_id"": 3}, {""client_id"": 41, ""task_id"": 4}, {""client_id"": 61, ""task_id"": 5}, {""client_id"": 29, ""task_id"": 6}, {""client_id"": 88, ""task_id"": 7}, {""client_id"": 49, ""task_id"": 8}, {""client_id"": 26, ""task_id"": 9}]","[14100418, 14101415, 14102412, 14103409, 14104406, 14105403, 14106400, 14107397, 14108394, 14109391]"
141,FedPhoenix,1,75.58999633789062,8.830945099995006,0.0,"[21, 47, 20, 59, 85, 2, 99, 70, 54, 50]","[{""client_id"": 21, ""task_id"": 0}, {""client_id"": 47, ""task_id"": 1}, {""client_id"": 20, ""task_id"": 2}, {""client_id"": 59, ""task_id"": 3}, {""client_id"": 85, ""task_id"": 4}, {""client_id"": 2, ""task_id"": 5}, {""client_id"": 99, ""task_id"": 6}, {""client_id"": 70, ""task_id"": 7}, {""client_id"": 54, ""task_id"": 8}, {""client_id"": 50, ""task_id"": 9}]","[14200421, 14201418, 14202415, 14203412, 14204409, 14205406, 14206403, 14207400, 14208397, 14209394]"
142,FedPhoenix,1,67.88999938964844,12.052384099981282,0.0,"[65, 98, 79, 6, 58, 92, 19, 37, 33, 75]","[{""client_id"": 65, ""task_id"": 0}, {""client_id"": 98, ""task_id"": 1}, {""client_id"": 79, ""task_id"": 2}, {""client_id"": 6, ""task_id"": 3}, {""client_id"": 58, ""task_id"": 4}, {""client_id"": 92, ""task_id"": 5}, {""client_id"": 19, ""task_id"": 6}, {""client_id"": 37, ""task_id"": 7}, {""client_id"": 33, ""task_id"": 8}, {""client_id"": 75, ""task_id"": 9}]","[14300424, 14301421, 14302418, 14303415, 14304412, 14305409, 14306406, 14307403, 14308400, 14309397]"
143,FedPhoenix,1,64.80999755859375,8.569932600017637,0.0,"[44, 84, 56, 0, 69, 15, 66, 78, 42, 95]","[{""client_id"": 44, ""task_id"": 0}, {""client_id"": 84, ""task_id"": 1}, {""client_id"": 56, ""task_id"": 2}, {""client_id"": 0, ""task_id"": 3}, {""client_id"": 69, ""task_id"": 4}, {""client_id"": 15, ""task_id"": 5}, {""client_id"": 66, ""task_id"": 6}, {""client_id"": 78, ""task_id"": 7}, {""client_id"": 42, ""task_id"": 8}, {""client_id"": 95, ""task_id"": 9}]","[14400427, 14401424, 14402421, 14403418, 14404415, 14405412, 14406409, 14407406, 14408403, 14409400]"
144,FedPhoenix,1,74.97000122070312,10.578834699990693,0.0,"[36, 20, 53, 26, 80, 67, 25, 37, 39, 10]","[{""client_id"": 36, ""task_id"": 0}, {""client_id"": 20, ""task_id"": 1}, {""client_id"": 53, ""task_id"": 2}, {""client_id"": 26, ""task_id"": 3}, {""client_id"": 80, ""task_id"": 4}, {""client_id"": 67, ""task_id"": 5}, {""client_id"": 25, ""task_id"": 6}, {""client_id"": 37, ""task_id"": 7}, {""client_id"": 39, ""task_id"": 8}, {""client_id"": 10, ""task_id"": 9}]","[14500430, 14501427, 14502424, 14503421, 14504418, 14505415, 14506412, 14507409, 14508406, 14509403]"
145,FedPhoenix,1,68.2699966430664,10.52807830000529,0.0,"[54, 62, 65, 69, 82, 46, 64, 70, 59, 11]","[{""client_id"": 54, ""task_id"": 0}, {""client_id"": 62, ""task_id"": 1}, {""client_id"": 65, ""task_id"": 2}, {""client_id"": 69, ""task_id"": 3}, {""client_id"": 82, ""task_id"": 4}, {""client_id"": 46, ""task_id"": 5}, {""client_id"": 64, ""task_id"": 6}, {""client_id"": 70, ""task_id"": 7}, {""client_id"": 59, ""task_id"": 8}, {""client_id"": 11, ""task_id"": 9}]","[14600433, 14601430, 14602427, 14603424, 14604421, 14605418, 14606415, 14607412, 14608409, 14609406]"
146,FedPhoenix,1,66.8499984741211,8.89221889997134,0.0,"[78, 89, 64, 25, 85, 9, 57, 41, 97, 45]","[{""client_id"": 78, ""task_id"": 0}, {""client_id"": 89, ""task_id"": 1}, {""client_id"": 64, ""task_id"": 2}, {""client_id"": 25, ""task_id"": 3}, {""client_id"": 85, ""task_id"": 4}, {""client_id"": 9, ""task_id"": 5}, {""client_id"": 57, ""task_id"": 6}, {""client_id"": 41, ""task_id"": 7}, {""client_id"": 97, ""task_id"": 8}, {""client_id"": 45, ""task_id"": 9}]","[14700436, 14701433, 14702430, 14703427, 14704424, 14705421, 14706418, 14707415, 14708412, 14709409]"
147,FedPhoenix,1,70.13999938964844,8.84667920001084,0.0,"[32, 8, 70, 41, 12, 19, 88, 20, 98, 33]","[{""client_id"": 32, ""task_id"": 0}, {""client_id"": 8, ""task_id"": 1}, {""client_id"": 70, ""task_id"": 2}, {""client_id"": 41, ""task_id"": 3}, {""client_id"": 12, ""task_id"": 4}, {""client_id"": 19, ""task_id"": 5}, {""client_id"": 88, ""task_id"": 6}, {""client_id"": 20, ""task_id"": 7}, {""client_id"": 98, ""task_id"": 8}, {""client_id"": 33, ""task_id"": 9}]","[14800439, 14801436, 14802433, 14803430, 14804427, 14805424, 14806421, 14807418, 14808415, 14809412]"
148,FedPhoenix,1,69.58999633789062,9.699141199991573,0.0,"[50, 29, 81, 33, 44, 69, 2, 68, 93, 85]","[{""client_id"": 50, ""task_id"": 0}, {""client_id"": 29, ""task_id"": 1}, {""client_id"": 81, ""task_id"": 2}, {""client_id"": 33, ""task_id"": 3}, {""client_id"": 44, ""task_id"": 4}, {""client_id"": 69, ""task_id"": 5}, {""client_id"": 2, ""task_id"": 6}, {""client_id"": 68, ""task_id"": 7}, {""client_id"": 93, ""task_id"": 8}, {""client_id"": 85, ""task_id"": 9}]","[14900442, 14901439, 14902436, 14903433, 14904430, 14905427, 14906424, 14907421, 14908418, 14909415]"
149,FedPhoenix,1,68.26000213623047,8.57990609999979,0.0,"[5, 84, 70, 73, 31, 62, 69, 13, 86, 74]","[{""client_id"": 5, ""task_id"": 0}, {""client_id"": 84, ""task_id"": 1}, {""client_id"": 70, ""task_id"": 2}, {""client_id"": 73, ""task_id"": 3}, {""client_id"": 31, ""task_id"": 4}, {""client_id"": 62, ""task_id"": 5}, {""client_id"": 69, ""task_id"": 6}, {""client_id"": 13, ""task_id"": 7}, {""client_id"": 86, ""task_id"": 8}, {""client_id"": 74, ""task_id"": 9}]","[15000445, 15001442, 15002439, 15003436, 15004433, 15005430, 15006427, 15007424, 15008421, 15009418]"
150,FedPhoenix,1,74.44999694824219,9.04559530003462,0.0,"[69, 9, 41, 83, 76, 63, 34, 67, 36, 87]","[{""client_id"": 69, ""task_id"": 0}, {""client_id"": 9, ""task_id"": 1}, {""client_id"": 41, ""task_id"": 2}, {""client_id"": 83, ""task_id"": 3}, {""client_id"": 76, ""task_id"": 4}, {""client_id"": 63, ""task_id"": 5}, {""client_id"": 34, ""task_id"": 6}, {""client_id"": 67, ""task_id"": 7}, {""client_id"": 36, ""task_id"": 8}, {""client_id"": 87, ""task_id"": 9}]","[15100448, 15101445, 15102442, 15103439, 15104436, 15105433, 15106430, 15107427, 15108424, 15109421]"
151,FedPhoenix,1,61.810001373291016,8.867825699970126,0.0,"[40, 77, 95, 52, 25, 38, 46, 47, 93, 88]","[{""client_id"": 40, ""task_id"": 0}, {""client_id"": 77, ""task_id"": 1}, {""client_id"": 95, ""task_id"": 2}, {""client_id"": 52, ""task_id"": 3}, {""client_id"": 25, ""task_id"": 4}, {""client_id"": 38, ""task_id"": 5}, {""client_id"": 46, ""task_id"": 6}, {""client_id"": 47, ""task_id"": 7}, {""client_id"": 93, ""task_id"": 8}, {""client_id"": 88, ""task_id"": 9}]","[15200451, 15201448, 15202445, 15203442, 15204439, 15205436, 15206433, 15207430, 15208427, 15209424]"
152,FedPhoenix,1,68.30999755859375,10.5557373999618,0.0,"[14, 22, 87, 6, 15, 36, 37, 44, 48, 38]","[{""client_id"": 14, ""task_id"": 0}, {""client_id"": 22, ""task_id"": 1}, {""client_id"": 87, ""task_id"": 2}, {""client_id"": 6, ""task_id"": 3}, {""client_id"": 15, ""task_id"": 4}, {""client_id"": 36, ""task_id"": 5}, {""client_id"": 37, ""task_id"": 6}, {""client_id"": 44, ""task_id"": 7}, {""client_id"": 48, ""task_id"": 8}, {""client_id"": 38, ""task_id"": 9}]","[15300454, 15301451, 15302448, 15303445, 15304442, 15305439, 15306436, 15307433, 15308430, 15309427]"
153,FedPhoenix,1,74.8499984741211,9.579774200043175,0.0,"[14, 66, 74, 62, 49, 45, 18, 79, 15, 68]","[{""client_id"": 14, ""task_id"": 0}, {""client_id"": 66, ""task_id"": 1}, {""client_id"": 74, ""task_id"": 2}, {""client_id"": 62, ""task_id"": 3}, {""client_id"": 49, ""task_id"": 4}, {""client_id"": 45, ""task_id"": 5}, {""client_id"": 18, ""task_id"": 6}, {""client_id"": 79, ""task_id"": 7}, {""client_id"": 15, ""task_id"": 8}, {""client_id"": 68, ""task_id"": 9}]","[15400457, 15401454, 15402451, 15403448, 15404445, 15405442, 15406439, 15407436, 15408433, 15409430]"
154,FedPhoenix,1,72.76000213623047,7.606359900033567,0.0,"[92, 32, 77, 87, 27, 13, 14, 47, 22, 73]","[{""client_id"": 92, ""task_id"": 0}, {""client_id"": 32, ""task_id"": 1}, {""client_id"": 77, ""task_id"": 2}, {""client_id"": 87, ""task_id"": 3}, {""client_id"": 27, ""task_id"": 4}, {""client_id"": 13, ""task_id"": 5}, {""client_id"": 14, ""task_id"": 6}, {""client_id"": 47, ""task_id"": 7}, {""client_id"": 22, ""task_id"": 8}, {""client_id"": 73, ""task_id"": 9}]","[15500460, 15501457, 15502454, 15503451, 15504448, 15505445, 15506442, 15507439, 15508436, 15509433]"
155,FedPhoenix,1,69.81999969482422,9.395860199991148,0.0,"[60, 31, 44, 3, 84, 25, 98, 73, 52, 82]","[{""client_id"": 60, ""task_id"": 0}, {""client_id"": 31, ""task_id"": 1}, {""client_id"": 44, ""task_id"": 2}, {""client_id"": 3, ""task_id"": 3}, {""client_id"": 84, ""task_id"": 4}, {""client_id"": 25, ""task_id"": 5}, {""client_id"": 98, ""task_id"": 6}, {""client_id"": 73, ""task_id"": 7}, {""client_id"": 52, ""task_id"": 8}, {""client_id"": 82, ""task_id"": 9}]","[15600463, 15601460, 15602457, 15603454, 15604451, 15605448, 15606445, 15607442, 15608439, 15609436]"
156,FedPhoenix,1,72.47000122070312,9.54014559998177,0.0,"[66, 38, 74, 49, 46, 45, 12, 0, 81, 23]","[{""client_id"": 66, ""task_id"": 0}, {""client_id"": 38, ""task_id"": 1}, {""client_id"": 74, ""task_id"": 2}, {""client_id"": 49, ""task_id"": 3}, {""client_id"": 46, ""task_id"": 4}, {""client_id"": 45, ""task_id"": 5}, {""client_id"": 12, ""task_id"": 6}, {""client_id"": 0, ""task_id"": 7}, {""client_id"": 81, ""task_id"": 8}, {""client_id"": 23, ""task_id"": 9}]","[15700466, 15701463, 15702460, 15703457, 15704454, 15705451, 15706448, 15707445, 15708442, 15709439]"
157,FedPhoenix,1,67.9000015258789,10.650450200017076,0.0,"[6, 14, 56, 8, 37, 71, 68, 53, 88, 65]","[{""client_id"": 6, ""task_id"": 0}, {""client_id"": 14, ""task_id"": 1}, {""client_id"": 56, ""task_id"": 2}, {""client_id"": 8, ""task_id"": 3}, {""client_id"": 37, ""task_id"": 4}, {""client_id"": 71, ""task_id"": 5}, {""client_id"": 68, ""task_id"": 6}, {""client_id"": 53, ""task_id"": 7}, {""client_id"": 88, ""task_id"": 8}, {""client_id"": 65, ""task_id"": 9}]","[15800469, 15801466, 15802463, 15803460, 15804457, 15805454, 15806451, 15807448, 15808445, 15809442]"
158,FedPhoenix,1,69.0199966430664,8.08450840000296,0.0,"[76, 40, 68, 38, 91, 92, 18, 11, 69, 94]","[{""client_id"": 76, ""task_id"": 0}, {""client_id"": 40, ""task_id"": 1}, {""client_id"": 68, ""task_id"": 2}, {""client_id"": 38, ""task_id"": 3}, {""client_id"": 91, ""task_id"": 4}, {""client_id"": 92, ""task_id"": 5}, {""client_id"": 18, ""task_id"": 6}, {""client_id"": 11, ""task_id"": 7}, {""client_id"": 69, ""task_id"": 8}, {""client_id"": 94, ""task_id"": 9}]","[15900472, 15901469, 15902466, 15903463, 15904460, 15905457, 15906454, 15907451, 15908448, 15909445]"
159,FedPhoenix,1,71.05999755859375,8.5701389000169,0.0,"[0, 23, 91, 83, 98, 64, 90, 32, 84, 36]","[{""client_id"": 0, ""task_id"": 0}, {""client_id"": 23, ""task_id"": 1}, {""client_id"": 91, ""task_id"": 2}, {""client_id"": 83, ""task_id"": 3}, {""client_id"": 98, ""task_id"": 4}, {""client_id"": 64, ""task_id"": 5}, {""client_id"": 90, ""task_id"": 6}, {""client_id"": 32, ""task_id"": 7}, {""client_id"": 84, ""task_id"": 8}, {""client_id"": 36, ""task_id"": 9}]","[16000475, 16001472, 16002469, 16003466, 16004463, 16005460, 16006457, 16007454, 16008451, 16009448]"
160,FedPhoenix,1,66.01000213623047,9.114961199986283,0.0,"[15, 9, 95, 71, 80, 49, 39, 81, 30, 8]","[{""client_id"": 15, ""task_id"": 0}, {""client_id"": 9, ""task_id"": 1}, {""client_id"": 95, ""task_id"": 2}, {""client_id"": 71, ""task_id"": 3}, {""client_id"": 80, ""task_id"": 4}, {""client_id"": 49, ""task_id"": 5}, {""client_id"": 39, ""task_id"": 6}, {""client_id"": 81, ""task_id"": 7}, {""client_id"": 30, ""task_id"": 8}, {""client_id"": 8, ""task_id"": 9}]","[16100478, 16101475, 16102472, 16103469, 16104466, 16105463, 16106460, 16107457, 16108454, 16109451]"
161,FedPhoenix,1,74.97000122070312,8.663185600016732,0.0,"[29, 87, 67, 36, 35, 96, 15, 61, 24, 62]","[{""client_id"": 29, ""task_id"": 0}, {""client_id"": 87, ""task_id"": 1}, {""client_id"": 67, ""task_id"": 2}, {""client_id"": 36, ""task_id"": 3}, {""client_id"": 35, ""task_id"": 4}, {""client_id"": 96, ""task_id"": 5}, {""client_id"": 15, ""task_id"": 6}, {""client_id"": 61, ""task_id"": 7}, {""client_id"": 24, ""task_id"": 8}, {""client_id"": 62, ""task_id"": 9}]","[16200481, 16201478, 16202475, 16203472, 16204469, 16205466, 16206463, 16207460, 16208457, 16209454]"
162,FedPhoenix,1,71.23999786376953,9.807696699979715,0.0,"[13, 58, 87, 52, 50, 60, 3, 19, 35, 0]","[{""client_id"": 13, ""task_id"": 0}, {""client_id"": 58, ""task_id"": 1}, {""client_id"": 87, ""task_id"": 2}, {""client_id"": 52, ""task_id"": 3}, {""client_id"": 50, ""task_id"": 4}, {""client_id"": 60, ""task_id"": 5}, {""client_id"": 3, ""task_id"": 6}, {""client_id"": 19, ""task_id"": 7}, {""client_id"": 35, ""task_id"": 8}, {""client_id"": 0, ""task_id"": 9}]","[16300484, 16301481, 16302478, 16303475, 16304472, 16305469, 16306466, 16307463, 16308460, 16309457]"
163,FedPhoenix,1,70.75,8.59088829997927,0.0,"[55, 46, 66, 67, 73, 12, 51, 1, 57, 90]","[{""client_id"": 55, ""task_id"": 0}, {""client_id"": 46, ""task_id"": 1}, {""client_id"": 66, ""task_id"": 2}, {""client_id"": 67, ""task_id"": 3}, {""client_id"": 73, ""task_id"": 4}, {""client_id"": 12, ""task_id"": 5}, {""client_id"": 51, ""task_id"": 6}, {""client_id"": 1, ""task_id"": 7}, {""client_id"": 57, ""task_id"": 8}, {""client_id"": 90, ""task_id"": 9}]","[16400487, 16401484, 16402481, 16403478, 16404475, 16405472, 16406469, 16407466, 16408463, 16409460]"
164,FedPhoenix,1,67.79000091552734,9.14741639996646,0.0,"[40, 72, 92, 86, 89, 90, 16, 98, 73, 58]","[{""client_id"": 40, ""task_id"": 0}, {""client_id"": 72, ""task_id"": 1}, {""client_id"": 92, ""task_id"": 2}, {""client_id"": 86, ""task_id"": 3}, {""client_id"": 89, ""task_id"": 4}, {""client_id"": 90, ""task_id"": 5}, {""client_id"": 16, ""task_id"": 6}, {""client_id"": 98, ""task_id"": 7}, {""client_id"": 73, ""task_id"": 8}, {""client_id"": 58, ""task_id"": 9}]","[16500490, 16501487, 16502484, 16503481, 16504478, 16505475, 16506472, 16507469, 16508466, 16509463]"
165,FedPhoenix,1,74.43000030517578,10.055627199995797,0.0,"[0, 58, 47, 44, 94, 66, 4, 7, 27, 2]","[{""client_id"": 0, ""task_id"": 0}, {""client_id"": 58, ""task_id"": 1}, {""client_id"": 47, ""task_id"": 2}, {""client_id"": 44, ""task_id"": 3}, {""client_id"": 94, ""task_id"": 4}, {""client_id"": 66, ""task_id"": 5}, {""client_id"": 4, ""task_id"": 6}, {""client_id"": 7, ""task_id"": 7}, {""client_id"": 27, ""task_id"": 8}, {""client_id"": 2, ""task_id"": 9}]","[16600493, 16601490, 16602487, 16603484, 16604481, 16605478, 16606475, 16607472, 16608469, 16609466]"
166,FedPhoenix,1,72.91999816894531,10.289477000012994,0.0,"[58, 87, 14, 78, 40, 83, 73, 18, 52, 31]","[{""client_id"": 58, ""task_id"": 0}, {""client_id"": 87, ""task_id"": 1}, {""client_id"": 14, ""task_id"": 2}, {""client_id"": 78, ""task_id"": 3}, {""client_id"": 40, ""task_id"": 4}, {""client_id"": 83, ""task_id"": 5}, {""client_id"": 73, ""task_id"": 6}, {""client_id"": 18, ""task_id"": 7}, {""client_id"": 52, ""task_id"": 8}, {""client_id"": 31, ""task_id"": 9}]","[16700496, 16701493, 16702490, 16703487, 16704484, 16705481, 16706478, 16707475, 16708472, 16709469]"
167,FedPhoenix,1,71.61000061035156,10.429969000048004,0.0,"[99, 22, 62, 86, 5, 20, 9, 51, 7, 54]","[{""client_id"": 99, ""task_id"": 0}, {""client_id"": 22, ""task_id"": 1}, {""client_id"": 62, ""task_id"": 2}, {""client_id"": 86, ""task_id"": 3}, {""client_id"": 5, ""task_id"": 4}, {""client_id"": 20, ""task_id"": 5}, {""client_id"": 9, ""task_id"": 6}, {""client_id"": 51, ""task_id"": 7}, {""client_id"": 7, ""task_id"": 8}, {""client_id"": 54, ""task_id"": 9}]","[16800499, 16801496, 16802493, 16803490, 16804487, 16805484, 16806481, 16807478, 16808475, 16809472]"
168,FedPhoenix,1,70.66000366210938,9.492422700044699,0.0,"[97, 37, 42, 7, 22, 5, 24, 56, 69, 12]","[{""client_id"": 97, ""task_id"": 0}, {""client_id"": 37, ""task_id"": 1}, {""client_id"": 42, ""task_id"": 2}, {""client_id"": 7, ""task_id"": 3}, {""client_id"": 22, ""task_id"": 4}, {""client_id"": 5, ""task_id"": 5}, {""client_id"": 24, ""task_id"": 6}, {""client_id"": 56, ""task_id"": 7}, {""client_id"": 69, ""task_id"": 8}, {""client_id"": 12, ""task_id"": 9}]","[16900502, 16901499, 16902496, 16903493, 16904490, 16905487, 16906484, 16907481, 16908478, 16909475]"
169,FedPhoenix,1,71.0999984741211,8.73399999999674,0.0,"[96, 22, 76, 44, 59, 78, 12, 68, 94, 87]","[{""client_id"": 96, ""task_id"": 0}, {""client_id"": 22, ""task_id"": 1}, {""client_id"": 76, ""task_id"": 2}, {""client_id"": 44, ""task_id"": 3}, {""client_id"": 59, ""task_id"": 4}, {""client_id"": 78, ""task_id"": 5}, {""client_id"": 12, ""task_id"": 6}, {""client_id"": 68, ""task_id"": 7}, {""client_id"": 94, ""task_id"": 8}, {""client_id"": 87, ""task_id"": 9}]","[17000505, 17001502, 17002499, 17003496, 17004493, 17005490, 17006487, 17007484, 17008481, 17009478]"
170,FedPhoenix,1,69.95999908447266,11.323353400046472,0.0,"[45, 7, 65, 19, 95, 16, 35, 23, 83, 88]","[{""client_id"": 45, ""task_id"": 0}, {""client_id"": 7, ""task_id"": 1}, {""client_id"": 65, ""task_id"": 2}, {""client_id"": 19, ""task_id"": 3}, {""client_id"": 95, ""task_id"": 4}, {""client_id"": 16, ""task_id"": 5}, {""client_id"": 35, ""task_id"": 6}, {""client_id"": 23, ""task_id"": 7}, {""client_id"": 83, ""task_id"": 8}, {""client_id"": 88, ""task_id"": 9}]","[17100508, 17101505, 17102502, 17103499, 17104496, 17105493, 17106490, 17107487, 17108484, 17109481]"
171,FedPhoenix,1,67.62000274658203,9.291550099966116,0.0,"[12, 91, 4, 90, 47, 66, 33, 9, 61, 84]","[{""client_id"": 12, ""task_id"": 0}, {""client_id"": 91, ""task_id"": 1}, {""client_id"": 4, ""task_id"": 2}, {""client_id"": 90, ""task_id"": 3}, {""client_id"": 47, ""task_id"": 4}, {""client_id"": 66, ""task_id"": 5}, {""client_id"": 33, ""task_id"": 6}, {""client_id"": 9, ""task_id"": 7}, {""client_id"": 61, ""task_id"": 8}, {""client_id"": 84, ""task_id"": 9}]","[17200511, 17201508, 17202505, 17203502, 17204499, 17205496, 17206493, 17207490, 17208487, 17209484]"
172,FedPhoenix,1,68.18000030517578,8.574075999960769,0.0,"[46, 60, 83, 2, 37, 70, 93, 29, 3, 43]","[{""client_id"": 46, ""task_id"": 0}, {""client_id"": 60, ""task_id"": 1}, {""client_id"": 83, ""task_id"": 2}, {""client_id"": 2, ""task_id"": 3}, {""client_id"": 37, ""task_id"": 4}, {""client_id"": 70, ""task_id"": 5}, {""client_id"": 93, ""task_id"": 6}, {""client_id"": 29, ""task_id"": 7}, {""client_id"": 3, ""task_id"": 8}, {""client_id"": 43, ""task_id"": 9}]","[17300514, 17301511, 17302508, 17303505, 17304502, 17305499, 17306496, 17307493, 17308490, 17309487]"
173,FedPhoenix,1,69.16999816894531,7.792818500020076,0.0,"[27, 45, 49, 4, 31, 62, 9, 95, 69, 72]","[{""client_id"": 27, ""task_id"": 0}, {""client_id"": 45, ""task_id"": 1}, {""client_id"": 49, ""task_id"": 2}, {""client_id"": 4, ""task_id"": 3}, {""client_id"": 31, ""task_id"": 4}, {""client_id"": 62, ""task_id"": 5}, {""client_id"": 9, ""task_id"": 6}, {""client_id"": 95, ""task_id"": 7}, {""client_id"": 69, ""task_id"": 8}, {""client_id"": 72, ""task_id"": 9}]","[17400517, 17401514, 17402511, 17403508, 17404505, 17405502, 17406499, 17407496, 17408493, 17409490]"
174,FedPhoenix,1,68.73999786376953,8.473359900002833,0.0,"[27, 28, 1, 92, 55, 48, 74, 7, 99, 62]","[{""client_id"": 27, ""task_id"": 0}, {""client_id"": 28, ""task_id"": 1}, {""client_id"": 1, ""task_id"": 2}, {""client_id"": 92, ""task_id"": 3}, {""client_id"": 55, ""task_id"": 4}, {""client_id"": 48, ""task_id"": 5}, {""client_id"": 74, ""task_id"": 6}, {""client_id"": 7, ""task_id"": 7}, {""client_id"": 99, ""task_id"": 8}, {""client_id"": 62, ""task_id"": 9}]","[17500520, 17501517, 17502514, 17503511, 17504508, 17505505, 17506502, 17507499, 17508496, 17509493]"
175,FedPhoenix,1,72.94000244140625,9.12478040001588,0.0,"[24, 0, 9, 11, 31, 45, 58, 35, 69, 21]","[{""client_id"": 24, ""task_id"": 0}, {""client_id"": 0, ""task_id"": 1}, {""client_id"": 9, ""task_id"": 2}, {""client_id"": 11, ""task_id"": 3}, {""client_id"": 31, ""task_id"": 4}, {""client_id"": 45, ""task_id"": 5}, {""client_id"": 58, ""task_id"": 6}, {""client_id"": 35, ""task_id"": 7}, {""client_id"": 69, ""task_id"": 8}, {""client_id"": 21, ""task_id"": 9}]","[17600523, 17601520, 17602517, 17603514, 17604511, 17605508, 17606505, 17607502, 17608499, 17609496]"
176,FedPhoenix,1,75.5999984741211,9.07769260002533,0.0,"[42, 98, 67, 21, 24, 81, 20, 75, 29, 36]","[{""client_id"": 42, ""task_id"": 0}, {""client_id"": 98, ""task_id"": 1}, {""client_id"": 67, ""task_id"": 2}, {""client_id"": 21, ""task_id"": 3}, {""client_id"": 24, ""task_id"": 4}, {""client_id"": 81, ""task_id"": 5}, {""client_id"": 20, ""task_id"": 6}, {""client_id"": 75, ""task_id"": 7}, {""client_id"": 29, ""task_id"": 8}, {""client_id"": 36, ""task_id"": 9}]","[17700526, 17701523, 17702520, 17703517, 17704514, 17705511, 17706508, 17707505, 17708502, 17709499]"
177,FedPhoenix,1,71.87000274658203,9.931798500008881,0.0,"[49, 75, 33, 60, 42, 64, 69, 11, 47, 70]","[{""client_id"": 49, ""task_id"": 0}, {""client_id"": 75, ""task_id"": 1}, {""client_id"": 33, ""task_id"": 2}, {""client_id"": 60, ""task_id"": 3}, {""client_id"": 42, ""task_id"": 4}, {""client_id"": 64, ""task_id"": 5}, {""client_id"": 69, ""task_id"": 6}, {""client_id"": 11, ""task_id"": 7}, {""client_id"": 47, ""task_id"": 8}, {""client_id"": 70, ""task_id"": 9}]","[17800529, 17801526, 17802523, 17803520, 17804517, 17805514, 17806511, 17807508, 17808505, 17809502]"
178,FedPhoenix,1,67.0,9.544700199970976,0.0,"[96, 60, 16, 70, 73, 40, 11, 24, 87, 93]","[{""client_id"": 96, ""task_id"": 0}, {""client_id"": 60, ""task_id"": 1}, {""client_id"": 16, ""task_id"": 2}, {""client_id"": 70, ""task_id"": 3}, {""client_id"": 73, ""task_id"": 4}, {""client_id"": 40, ""task_id"": 5}, {""client_id"": 11, ""task_id"": 6}, {""client_id"": 24, ""task_id"": 7}, {""client_id"": 87, ""task_id"": 8}, {""client_id"": 93, ""task_id"": 9}]","[17900532, 17901529, 17902526, 17903523, 17904520, 17905517, 17906514, 17907511, 17908508, 17909505]"
179,FedPhoenix,1,75.70999908447266,8.964367599983234,0.0,"[37, 16, 85, 31, 69, 36, 54, 25, 32, 38]","[{""client_id"": 37, ""task_id"": 0}, {""client_id"": 16, ""task_id"": 1}, {""client_id"": 85, ""task_id"": 2}, {""client_id"": 31, ""task_id"": 3}, {""client_id"": 69, ""task_id"": 4}, {""client_id"": 36, ""task_id"": 5}, {""client_id"": 54, ""task_id"": 6}, {""client_id"": 25, ""task_id"": 7}, {""client_id"": 32, ""task_id"": 8}, {""client_id"": 38, ""task_id"": 9}]","[18000535, 18001532, 18002529, 18003526, 18004523, 18005520, 18006517, 18007514, 18008511, 18009508]"
180,FedPhoenix,1,71.69999694824219,9.6315467999666,0.0,"[80, 92, 61, 76, 19, 28, 7, 73, 67, 38]","[{""client_id"": 80, ""task_id"": 0}, {""client_id"": 92, ""task_id"": 1}, {""client_id"": 61, ""task_id"": 2}, {""client_id"": 76, ""task_id"": 3}, {""client_id"": 19, ""task_id"": 4}, {""client_id"": 28, ""task_id"": 5}, {""client_id"": 7, ""task_id"": 6}, {""client_id"": 73, ""task_id"": 7}, {""client_id"": 67, ""task_id"": 8}, {""client_id"": 38, ""task_id"": 9}]","[18100538, 18101535, 18102532, 18103529, 18104526, 18105523, 18106520, 18107517, 18108514, 18109511]"
181,FedPhoenix,1,74.23999786376953,8.446624399977736,0.0,"[78, 26, 35, 44, 29, 85, 64, 66, 97, 21]","[{""client_id"": 78, ""task_id"": 0}, {""client_id"": 26, ""task_id"": 1}, {""client_id"": 35, ""task_id"": 2}, {""client_id"": 44, ""task_id"": 3}, {""client_id"": 29, ""task_id"": 4}, {""client_id"": 85, ""task_id"": 5}, {""client_id"": 64, ""task_id"": 6}, {""client_id"": 66, ""task_id"": 7}, {""client_id"": 97, ""task_id"": 8}, {""client_id"": 21, ""task_id"": 9}]","[18200541, 18201538, 18202535, 18203532, 18204529, 18205526, 18206523, 18207520, 18208517, 18209514]"
182,FedPhoenix,1,68.19999694824219,9.732199899968691,0.0,"[78, 73, 10, 52, 54, 24, 44, 70, 99, 90]","[{""client_id"": 78, ""task_id"": 0}, {""client_id"": 73, ""task_id"": 1}, {""client_id"": 10, ""task_id"": 2}, {""client_id"": 52, ""task_id"": 3}, {""client_id"": 54, ""task_id"": 4}, {""client_id"": 24, ""task_id"": 5}, {""client_id"": 44, ""task_id"": 6}, {""client_id"": 70, ""task_id"": 7}, {""client_id"": 99, ""task_id"": 8}, {""client_id"": 90, ""task_id"": 9}]","[18300544, 18301541, 18302538, 18303535, 18304532, 18305529, 18306526, 18307523, 18308520, 18309517]"
183,FedPhoenix,1,76.5999984741211,7.785883200005628,0.0,"[96, 38, 1, 4, 36, 19, 77, 52, 41, 49]","[{""client_id"": 96, ""task_id"": 0}, {""client_id"": 38, ""task_id"": 1}, {""client_id"": 1, ""task_id"": 2}, {""client_id"": 4, ""task_id"": 3}, {""client_id"": 36, ""task_id"": 4}, {""client_id"": 19, ""task_id"": 5}, {""client_id"": 77, ""task_id"": 6}, {""client_id"": 52, ""task_id"": 7}, {""client_id"": 41, ""task_id"": 8}, {""client_id"": 49, ""task_id"": 9}]","[18400547, 18401544, 18402541, 18403538, 18404535, 18405532, 18406529, 18407526, 18408523, 18409520]"
184,FedPhoenix,1,73.5999984741211,9.752690099994652,0.0,"[87, 55, 49, 7, 51, 67, 40, 21, 34, 0]","[{""client_id"": 87, ""task_id"": 0}, {""client_id"": 55, ""task_id"": 1}, {""client_id"": 49, ""task_id"": 2}, {""client_id"": 7, ""task_id"": 3}, {""client_id"": 51, ""task_id"": 4}, {""client_id"": 67, ""task_id"": 5}, {""client_id"": 40, ""task_id"": 6}, {""client_id"": 21, ""task_id"": 7}, {""client_id"": 34, ""task_id"": 8}, {""client_id"": 0, ""task_id"": 9}]","[18500550, 18501547, 18502544, 18503541, 18504538, 18505535, 18506532, 18507529, 18508526, 18509523]"
185,FedPhoenix,1,74.02999877929688,7.940770199988037,0.0,"[74, 63, 39, 14, 96, 82, 21, 45, 88, 13]","[{""client_id"": 74, ""task_id"": 0}, {""client_id"": 63, ""task_id"": 1}, {""client_id"": 39, ""task_id"": 2}, {""client_id"": 14, ""task_id"": 3}, {""client_id"": 96, ""task_id"": 4}, {""client_id"": 82, ""task_id"": 5}, {""client_id"": 21, ""task_id"": 6}, {""client_id"": 45, ""task_id"": 7}, {""client_id"": 88, ""task_id"": 8}, {""client_id"": 13, ""task_id"": 9}]","[18600553, 18601550, 18602547, 18603544, 18604541, 18605538, 18606535, 18607532, 18608529, 18609526]"
186,FedPhoenix,1,73.61000061035156,9.424488999997266,0.0,"[1, 26, 23, 59, 22, 57, 27, 60, 18, 69]","[{""client_id"": 1, ""task_id"": 0}, {""client_id"": 26, ""task_id"": 1}, {""client_id"": 23, ""task_id"": 2}, {""client_id"": 59, ""task_id"": 3}, {""client_id"": 22, ""task_id"": 4}, {""client_id"": 57, ""task_id"": 5}, {""client_id"": 27, ""task_id"": 6}, {""client_id"": 60, ""task_id"": 7}, {""client_id"": 18, ""task_id"": 8}, {""client_id"": 69, ""task_id"": 9}]","[18700556, 18701553, 18702550, 18703547, 18704544, 18705541, 18706538, 18707535, 18708532, 18709529]"
187,FedPhoenix,1,69.75,8.142196199973114,0.0,"[34, 87, 43, 64, 27, 92, 78, 55, 68, 7]","[{""client_id"": 34, ""task_id"": 0}, {""client_id"": 87, ""task_id"": 1}, {""client_id"": 43, ""task_id"": 2}, {""client_id"": 64, ""task_id"": 3}, {""client_id"": 27, ""task_id"": 4}, {""client_id"": 92, ""task_id"": 5}, {""client_id"": 78, ""task_id"": 6}, {""client_id"": 55, ""task_id"": 7}, {""client_id"": 68, ""task_id"": 8}, {""client_id"": 7, ""task_id"": 9}]","[18800559, 18801556, 18802553, 18803550, 18804547, 18805544, 18806541, 18807538, 18808535, 18809532]"
188,FedPhoenix,1,73.58000183105469,10.892142800032161,0.0,"[67, 20, 34, 69, 85, 14, 86, 81, 36, 76]","[{""client_id"": 67, ""task_id"": 0}, {""client_id"": 20, ""task_id"": 1}, {""client_id"": 34, ""task_id"": 2}, {""client_id"": 69, ""task_id"": 3}, {""client_id"": 85, ""task_id"": 4}, {""client_id"": 14, ""task_id"": 5}, {""client_id"": 86, ""task_id"": 6}, {""client_id"": 81, ""task_id"": 7}, {""client_id"": 36, ""task_id"": 8}, {""client_id"": 76, ""task_id"": 9}]","[18900562, 18901559, 18902556, 18903553, 18904550, 18905547, 18906544, 18907541, 18908538, 18909535]"
189,FedPhoenix,1,66.75,11.8537384000374,0.0,"[57, 7, 53, 49, 74, 65, 76, 29, 78, 80]","[{""client_id"": 57, ""task_id"": 0}, {""client_id"": 7, ""task_id"": 1}, {""client_id"": 53, ""task_id"": 2}, {""client_id"": 49, ""task_id"": 3}, {""client_id"": 74, ""task_id"": 4}, {""client_id"": 65, ""task_id"": 5}, {""client_id"": 76, ""task_id"": 6}, {""client_id"": 29, ""task_id"": 7}, {""client_id"": 78, ""task_id"": 8}, {""client_id"": 80, ""task_id"": 9}]","[19000565, 19001562, 19002559, 19003556, 19004553, 19005550, 19006547, 19007544, 19008541, 19009538]"
190,FedPhoenix,1,69.47000122070312,8.689541800005827,0.0,"[71, 25, 7, 77, 39, 51, 87, 5, 45, 11]","[{""client_id"": 71, ""task_id"": 0}, {""client_id"": 25, ""task_id"": 1}, {""client_id"": 7, ""task_id"": 2}, {""client_id"": 77, ""task_id"": 3}, {""client_id"": 39, ""task_id"": 4}, {""client_id"": 51, ""task_id"": 5}, {""client_id"": 87, ""task_id"": 6}, {""client_id"": 5, ""task_id"": 7}, {""client_id"": 45, ""task_id"": 8}, {""client_id"": 11, ""task_id"": 9}]","[19100568, 19101565, 19102562, 19103559, 19104556, 19105553, 19106550, 19107547, 19108544, 19109541]"
191,FedPhoenix,1,64.7699966430664,9.86010879999958,0.0,"[60, 21, 34, 0, 98, 92, 44, 65, 66, 3]","[{""client_id"": 60, ""task_id"": 0}, {""client_id"": 21, ""task_id"": 1}, {""client_id"": 34, ""task_id"": 2}, {""client_id"": 0, ""task_id"": 3}, {""client_id"": 98, ""task_id"": 4}, {""client_id"": 92, ""task_id"": 5}, {""client_id"": 44, ""task_id"": 6}, {""client_id"": 65, ""task_id"": 7}, {""client_id"": 66, ""task_id"": 8}, {""client_id"": 3, ""task_id"": 9}]","[19200571, 19201568, 19202565, 19203562, 19204559, 19205556, 19206553, 19207550, 19208547, 19209544]"
192,FedPhoenix,1,72.56999969482422,9.838995400001295,0.0,"[36, 59, 66, 20, 0, 16, 86, 71, 90, 56]","[{""client_id"": 36, ""task_id"": 0}, {""client_id"": 59, ""task_id"": 1}, {""client_id"": 66, ""task_id"": 2}, {""client_id"": 20, ""task_id"": 3}, {""client_id"": 0, ""task_id"": 4}, {""client_id"": 16, ""task_id"": 5}, {""client_id"": 86, ""task_id"": 6}, {""client_id"": 71, ""task_id"": 7}, {""client_id"": 90, ""task_id"": 8}, {""client_id"": 56, ""task_id"": 9}]","[19300574, 19301571, 19302568, 19303565, 19304562, 19305559, 19306556, 19307553, 19308550, 19309547]"
193,FedPhoenix,1,73.88999938964844,7.954131899983622,0.0,"[19, 22, 51, 45, 91, 26, 14, 83, 15, 67]","[{""client_id"": 19, ""task_id"": 0}, {""client_id"": 22, ""task_id"": 1}, {""client_id"": 51, ""task_id"": 2}, {""client_id"": 45, ""task_id"": 3}, {""client_id"": 91, ""task_id"": 4}, {""client_id"": 26, ""task_id"": 5}, {""client_id"": 14, ""task_id"": 6}, {""client_id"": 83, ""task_id"": 7}, {""client_id"": 15, ""task_id"": 8}, {""client_id"": 67, ""task_id"": 9}]","[19400577, 19401574, 19402571, 19403568, 19404565, 19405562, 19406559, 19407556, 19408553, 19409550]"
194,FedPhoenix,1,71.91000366210938,10.277847999997903,0.0,"[62, 14, 3, 92, 78, 33, 89, 48, 70, 31]","[{""client_id"": 62, ""task_id"": 0}, {""client_id"": 14, ""task_id"": 1}, {""client_id"": 3, ""task_id"": 2}, {""client_id"": 92, ""task_id"": 3}, {""client_id"": 78, ""task_id"": 4}, {""client_id"": 33, ""task_id"": 5}, {""client_id"": 89, ""task_id"": 6}, {""client_id"": 48, ""task_id"": 7}, {""client_id"": 70, ""task_id"": 8}, {""client_id"": 31, ""task_id"": 9}]","[19500580, 19501577, 19502574, 19503571, 19504568, 19505565, 19506562, 19507559, 19508556, 19509553]"
195,FedPhoenix,1,73.05000305175781,8.795607700012624,0.0,"[37, 10, 88, 63, 53, 68, 2, 52, 26, 59]","[{""client_id"": 37, ""task_id"": 0}, {""client_id"": 10, ""task_id"": 1}, {""client_id"": 88, ""task_id"": 2}, {""client_id"": 63, ""task_id"": 3}, {""client_id"": 53, ""task_id"": 4}, {""client_id"": 68, ""task_id"": 5}, {""client_id"": 2, ""task_id"": 6}, {""client_id"": 52, ""task_id"": 7}, {""client_id"": 26, ""task_id"": 8}, {""client_id"": 59, ""task_id"": 9}]","[19600583, 19601580, 19602577, 19603574, 19604571, 19605568, 19606565, 19607562, 19608559, 19609556]"
196,FedPhoenix,1,77.16999816894531,10.266524700040463,0.0,"[59, 71, 85, 49, 20, 10, 3, 86, 88, 33]","[{""client_id"": 59, ""task_id"": 0}, {""client_id"": 71, ""task_id"": 1}, {""client_id"": 85, ""task_id"": 2}, {""client_id"": 49, ""task_id"": 3}, {""client_id"": 20, ""task_id"": 4}, {""client_id"": 10, ""task_id"": 5}, {""client_id"": 3, ""task_id"": 6}, {""client_id"": 86, ""task_id"": 7}, {""client_id"": 88, ""task_id"": 8}, {""client_id"": 33, ""task_id"": 9}]","[19700586, 19701583, 19702580, 19703577, 19704574, 19705571, 19706568, 19707565, 19708562, 19709559]"
197,FedPhoenix,1,68.12000274658203,8.546896299987566,0.0,"[9, 0, 18, 66, 44, 17, 92, 95, 64, 96]","[{""client_id"": 9, ""task_id"": 0}, {""client_id"": 0, ""task_id"": 1}, {""client_id"": 18, ""task_id"": 2}, {""client_id"": 66, ""task_id"": 3}, {""client_id"": 44, ""task_id"": 4}, {""client_id"": 17, ""task_id"": 5}, {""client_id"": 92, ""task_id"": 6}, {""client_id"": 95, ""task_id"": 7}, {""client_id"": 64, ""task_id"": 8}, {""client_id"": 96, ""task_id"": 9}]","[19800589, 19801586, 19802583, 19803580, 19804577, 19805574, 19806571, 19807568, 19808565, 19809562]"
198,FedPhoenix,1,69.1500015258789,10.681144699978177,0.0,"[70, 58, 24, 57, 32, 19, 43, 65, 5, 88]","[{""client_id"": 70, ""task_id"": 0}, {""client_id"": 58, ""task_id"": 1}, {""client_id"": 24, ""task_id"": 2}, {""client_id"": 57, ""task_id"": 3}, {""client_id"": 32, ""task_id"": 4}, {""client_id"": 19, ""task_id"": 5}, {""client_id"": 43, ""task_id"": 6}, {""client_id"": 65, ""task_id"": 7}, {""client_id"": 5, ""task_id"": 8}, {""client_id"": 88, ""task_id"": 9}]","[19900592, 19901589, 19902586, 19903583, 19904580, 19905577, 19906574, 19907571, 19908568, 19909565]"
199,FedPhoenix,1,65.87000274658203,8.405184400035068,0.0,"[61, 75, 68, 2, 6, 26, 1, 56, 78, 74]","[{""client_id"": 61, ""task_id"": 0}, {""client_id"": 75, ""task_id"": 1}, {""client_id"": 68, ""task_id"": 2}, {""client_id"": 2, ""task_id"": 3}, {""client_id"": 6, ""task_id"": 4}, {""client_id"": 26, ""task_id"": 5}, {""client_id"": 1, ""task_id"": 6}, {""client_id"": 56, ""task_id"": 7}, {""client_id"": 78, ""task_id"": 8}, {""client_id"": 74, ""task_id"": 9}]","[20000595, 20001592, 20002589, 20003586, 20004583, 20005580, 20006577, 20007574, 20008571, 20009568]"
200,FedPhoenix,1,56.4900016784668,8.217767000023741,0.0,"[8, 57, 22, 90, 46, 9, 56, 99, 89, 4]","[{""client_id"": 8, ""task_id"": 0}, {""client_id"": 57, ""task_id"": 1}, {""client_id"": 22, ""task_id"": 2}, {""client_id"": 90, ""task_id"": 3}, {""client_id"": 46, ""task_id"": 4}, {""client_id"": 9, ""task_id"": 5}, {""client_id"": 56, ""task_id"": 6}, {""client_id"": 99, ""task_id"": 7}, {""client_id"": 89, ""task_id"": 8}, {""client_id"": 4, ""task_id"": 9}]","[20100598, 20101595, 20102592, 20103589, 20104586, 20105583, 20106580, 20107577, 20108574, 20109571]"
201,FedPhoenix,1,67.37000274658203,9.111130999983288,0.0,"[83, 41, 69, 7, 63, 51, 78, 89, 43, 81]","[{""client_id"": 83, ""task_id"": 0}, {""client_id"": 41, ""task_id"": 1}, {""client_id"": 69, ""task_id"": 2}, {""client_id"": 7, ""task_id"": 3}, {""client_id"": 63, ""task_id"": 4}, {""client_id"": 51, ""task_id"": 5}, {""client_id"": 78, ""task_id"": 6}, {""client_id"": 89, ""task_id"": 7}, {""client_id"": 43, ""task_id"": 8}, {""client_id"": 81, ""task_id"": 9}]","[20200601, 20201598, 20202595, 20203592, 20204589, 20205586, 20206583, 20207580, 20208577, 20209574]"
202,FedPhoenix,1,72.52999877929688,9.259678799950052,0.0,"[74, 76, 14, 98, 73, 37, 94, 68, 39, 11]","[{""client_id"": 74, ""task_id"": 0}, {""client_id"": 76, ""task_id"": 1}, {""client_id"": 14, ""task_id"": 2}, {""client_id"": 98, ""task_id"": 3}, {""client_id"": 73, ""task_id"": 4}, {""client_id"": 37, ""task_id"": 5}, {""client_id"": 94, ""task_id"": 6}, {""client_id"": 68, ""task_id"": 7}, {""client_id"": 39, ""task_id"": 8}, {""client_id"": 11, ""task_id"": 9}]","[20300604, 20301601, 20302598, 20303595, 20304592, 20305589, 20306586, 20307583, 20308580, 20309577]"
203,FedPhoenix,1,63.04999923706055,7.822545300005004,0.0,"[38, 78, 17, 56, 90, 34, 42, 0, 1, 12]","[{""client_id"": 38, ""task_id"": 0}, {""client_id"": 78, ""task_id"": 1}, {""client_id"": 17, ""task_id"": 2}, {""client_id"": 56, ""task_id"": 3}, {""client_id"": 90, ""task_id"": 4}, {""client_id"": 34, ""task_id"": 5}, {""client_id"": 42, ""task_id"": 6}, {""client_id"": 0, ""task_id"": 7}, {""client_id"": 1, ""task_id"": 8}, {""client_id"": 12, ""task_id"": 9}]","[20400607, 20401604, 20402601, 20403598, 20404595, 20405592, 20406589, 20407586, 20408583, 20409580]"
204,FedPhoenix,1,74.51000213623047,9.74057870003162,0.0,"[45, 36, 95, 8, 99, 75, 93, 4, 24, 58]","[{""client_id"": 45, ""task_id"": 0}, {""client_id"": 36, ""task_id"": 1}, {""client_id"": 95, ""task_id"": 2}, {""client_id"": 8, ""task_id"": 3}, {""client_id"": 99, ""task_id"": 4}, {""client_id"": 75, ""task_id"": 5}, {""client_id"": 93, ""task_id"": 6}, {""client_id"": 4, ""task_id"": 7}, {""client_id"": 24, ""task_id"": 8}, {""client_id"": 58, ""task_id"": 9}]","[20500610, 20501607, 20502604, 20503601, 20504598, 20505595, 20506592, 20507589, 20508586, 20509583]"
205,FedPhoenix,1,73.37000274658203,10.12603060004767,0.0,"[66, 46, 89, 23, 4, 97, 78, 26, 79, 52]","[{""client_id"": 66, ""task_id"": 0}, {""client_id"": 46, ""task_id"": 1}, {""client_id"": 89, ""task_id"": 2}, {""client_id"": 23, ""task_id"": 3}, {""client_id"": 4, ""task_id"": 4}, {""client_id"": 97, ""task_id"": 5}, {""client_id"": 78, ""task_id"": 6}, {""client_id"": 26, ""task_id"": 7}, {""client_id"": 79, ""task_id"": 8}, {""client_id"": 52, ""task_id"": 9}]","[20600613, 20601610, 20602607, 20603604, 20604601, 20605598, 20606595, 20607592, 20608589, 20609586]"
206,FedPhoenix,1,75.0999984741211,11.552085099974647,0.0,"[71, 79, 23, 7, 97, 86, 72, 57, 70, 64]","[{""client_id"": 71, ""task_id"": 0}, {""client_id"": 79, ""task_id"": 1}, {""client_id"": 23, ""task_id"": 2}, {""client_id"": 7, ""task_id"": 3}, {""client_id"": 97, ""task_id"": 4}, {""client_id"": 86, ""task_id"": 5}, {""client_id"": 72, ""task_id"": 6}, {""client_id"": 57, ""task_id"": 7}, {""client_id"": 70, ""task_id"": 8}, {""client_id"": 64, ""task_id"": 9}]","[20700616, 20701613, 20702610, 20703607, 20704604, 20705601, 20706598, 20707595, 20708592, 20709589]"
207,FedPhoenix,1,74.79000091552734,8.840780200029258,0.0,"[55, 14, 21, 43, 5, 30, 35, 15, 28, 34]","[{""client_id"": 55, ""task_id"": 0}, {""client_id"": 14, ""task_id"": 1}, {""client_id"": 21, ""task_id"": 2}, {""client_id"": 43, ""task_id"": 3}, {""client_id"": 5, ""task_id"": 4}, {""client_id"": 30, ""task_id"": 5}, {""client_id"": 35, ""task_id"": 6}, {""client_id"": 15, ""task_id"": 7}, {""client_id"": 28, ""task_id"": 8}, {""client_id"": 34, ""task_id"": 9}]","[20800619, 20801616, 20802613, 20803610, 20804607, 20805604, 20806601, 20807598, 20808595, 20809592]"
208,FedPhoenix,1,74.58000183105469,8.570448199985549,0.0,"[54, 51, 22, 85, 73, 90, 4, 69, 75, 6]","[{""client_id"": 54, ""task_id"": 0}, {""client_id"": 51, ""task_id"": 1}, {""client_id"": 22, ""task_id"": 2}, {""client_id"": 85, ""task_id"": 3}, {""client_id"": 73, ""task_id"": 4}, {""client_id"": 90, ""task_id"": 5}, {""client_id"": 4, ""task_id"": 6}, {""client_id"": 69, ""task_id"": 7}, {""client_id"": 75, ""task_id"": 8}, {""client_id"": 6, ""task_id"": 9}]","[20900622, 20901619, 20902616, 20903613, 20904610, 20905607, 20906604, 20907601, 20908598, 20909595]"
209,FedPhoenix,1,70.44999694824219,9.62238030001754,0.0,"[78, 98, 48, 28, 76, 96, 97, 69, 66, 65]","[{""client_id"": 78, ""task_id"": 0}, {""client_id"": 98, ""task_id"": 1}, {""client_id"": 48, ""task_id"": 2}, {""client_id"": 28, ""task_id"": 3}, {""client_id"": 76, ""task_id"": 4}, {""client_id"": 96, ""task_id"": 5}, {""client_id"": 97, ""task_id"": 6}, {""client_id"": 69, ""task_id"": 7}, {""client_id"": 66, ""task_id"": 8}, {""client_id"": 65, ""task_id"": 9}]","[21000625, 21001622, 21002619, 21003616, 21004613, 21005610, 21006607, 21007604, 21008601, 21009598]"
210,FedPhoenix,1,73.12000274658203,8.479848099988885,0.0,"[52, 54, 70, 39, 89, 14, 77, 74, 15, 88]","[{""client_id"": 52, ""task_id"": 0}, {""client_id"": 54, ""task_id"": 1}, {""client_id"": 70, ""task_id"": 2}, {""client_id"": 39, ""task_id"": 3}, {""client_id"": 89, ""task_id"": 4}, {""client_id"": 14, ""task_id"": 5}, {""client_id"": 77, ""task_id"": 6}, {""client_id"": 74, ""task_id"": 7}, {""client_id"": 15, ""task_id"": 8}, {""client_id"": 88, ""task_id"": 9}]","[21100628, 21101625, 21102622, 21103619, 21104616, 21105613, 21106610, 21107607, 21108604, 21109601]"
211,FedPhoenix,1,65.0999984741211,10.803918999969028,0.0,"[58, 12, 87, 84, 91, 62, 82, 57, 6, 21]","[{""client_id"": 58, ""task_id"": 0}, {""client_id"": 12, ""task_id"": 1}, {""client_id"": 87, ""task_id"": 2}, {""client_id"": 84, ""task_id"": 3}, {""client_id"": 91, ""task_id"": 4}, {""client_id"": 62, ""task_id"": 5}, {""client_id"": 82, ""task_id"": 6}, {""client_id"": 57, ""task_id"": 7}, {""client_id"": 6, ""task_id"": 8}, {""client_id"": 21, ""task_id"": 9}]","[21200631, 21201628, 21202625, 21203622, 21204619, 21205616, 21206613, 21207610, 21208607, 21209604]"
212,FedPhoenix,1,77.33999633789062,9.97836130001815,0.0,"[59, 99, 54, 55, 14, 63, 7, 88, 91, 52]","[{""client_id"": 59, ""task_id"": 0}, {""client_id"": 99, ""task_id"": 1}, {""client_id"": 54, ""task_id"": 2}, {""client_id"": 55, ""task_id"": 3}, {""client_id"": 14, ""task_id"": 4}, {""client_id"": 63, ""task_id"": 5}, {""client_id"": 7, ""task_id"": 6}, {""client_id"": 88, ""task_id"": 7}, {""client_id"": 91, ""task_id"": 8}, {""client_id"": 52, ""task_id"": 9}]","[21300634, 21301631, 21302628, 21303625, 21304622, 21305619, 21306616, 21307613, 21308610, 21309607]"
213,FedPhoenix,1,73.70999908447266,8.699463800003286,0.0,"[44, 73, 39, 28, 18, 92, 52, 79, 54, 77]","[{""client_id"": 44, ""task_id"": 0}, {""client_id"": 73, ""task_id"": 1}, {""client_id"": 39, ""task_id"": 2}, {""client_id"": 28, ""task_id"": 3}, {""client_id"": 18, ""task_id"": 4}, {""client_id"": 92, ""task_id"": 5}, {""client_id"": 52, ""task_id"": 6}, {""client_id"": 79, ""task_id"": 7}, {""client_id"": 54, ""task_id"": 8}, {""client_id"": 77, ""task_id"": 9}]","[21400637, 21401634, 21402631, 21403628, 21404625, 21405622, 21406619, 21407616, 21408613, 21409610]"
214,FedPhoenix,1,76.22000122070312,8.65801489999285,0.0,"[59, 70, 54, 27, 89, 21, 42, 25, 60, 49]","[{""client_id"": 59, ""task_id"": 0}, {""client_id"": 70, ""task_id"": 1}, {""client_id"": 54, ""task_id"": 2}, {""client_id"": 27, ""task_id"": 3}, {""client_id"": 89, ""task_id"": 4}, {""client_id"": 21, ""task_id"": 5}, {""client_id"": 42, ""task_id"": 6}, {""client_id"": 25, ""task_id"": 7}, {""client_id"": 60, ""task_id"": 8}, {""client_id"": 49, ""task_id"": 9}]","[21500640, 21501637, 21502634, 21503631, 21504628, 21505625, 21506622, 21507619, 21508616, 21509613]"
215,FedPhoenix,1,75.01000213623047,8.643483599997126,0.0,"[2, 56, 59, 80, 62, 19, 42, 33, 72, 35]","[{""client_id"": 2, ""task_id"": 0}, {""client_id"": 56, ""task_id"": 1}, {""client_id"": 59, ""task_id"": 2}, {""client_id"": 80, ""task_id"": 3}, {""client_id"": 62, ""task_id"": 4}, {""client_id"": 19, ""task_id"": 5}, {""client_id"": 42, ""task_id"": 6}, {""client_id"": 33, ""task_id"": 7}, {""client_id"": 72, ""task_id"": 8}, {""client_id"": 35, ""task_id"": 9}]","[21600643, 21601640, 21602637, 21603634, 21604631, 21605628, 21606625, 21607622, 21608619, 21609616]"
216,FedPhoenix,1,74.22000122070312,8.92156360001536,0.0,"[53, 17, 11, 78, 66, 39, 94, 4, 47, 90]","[{""client_id"": 53, ""task_id"": 0}, {""client_id"": 17, ""task_id"": 1}, {""client_id"": 11, ""task_id"": 2}, {""client_id"": 78, ""task_id"": 3}, {""client_id"": 66, ""task_id"": 4}, {""client_id"": 39, ""task_id"": 5}, {""client_id"": 94, ""task_id"": 6}, {""client_id"": 4, ""task_id"": 7}, {""client_id"": 47, ""task_id"": 8}, {""client_id"": 90, ""task_id"": 9}]","[21700646, 21701643, 21702640, 21703637, 21704634, 21705631, 21706628, 21707625, 21708622, 21709619]"
217,FedPhoenix,1,68.4800033569336,7.326179099967703,0.0,"[48, 51, 34, 78, 92, 54, 96, 84, 88, 74]","[{""client_id"": 48, ""task_id"": 0}, {""client_id"": 51, ""task_id"": 1}, {""client_id"": 34, ""task_id"": 2}, {""client_id"": 78, ""task_id"": 3}, {""client_id"": 92, ""task_id"": 4}, {""client_id"": 54, ""task_id"": 5}, {""client_id"": 96, ""task_id"": 6}, {""client_id"": 84, ""task_id"": 7}, {""client_id"": 88, ""task_id"": 8}, {""client_id"": 74, ""task_id"": 9}]","[21800649, 21801646, 21802643, 21803640, 21804637, 21805634, 21806631, 21807628, 21808625, 21809622]"
218,FedPhoenix,1,78.3499984741211,9.504425699997228,0.0,"[15, 25, 50, 89, 72, 20, 85, 47, 1, 3]","[{""client_id"": 15, ""task_id"": 0}, {""client_id"": 25, ""task_id"": 1}, {""client_id"": 50, ""task_id"": 2}, {""client_id"": 89, ""task_id"": 3}, {""client_id"": 72, ""task_id"": 4}, {""client_id"": 20, ""task_id"": 5}, {""client_id"": 85, ""task_id"": 6}, {""client_id"": 47, ""task_id"": 7}, {""client_id"": 1, ""task_id"": 8}, {""client_id"": 3, ""task_id"": 9}]","[21900652, 21901649, 21902646, 21903643, 21904640, 21905637, 21906634, 21907631, 21908628, 21909625]"
219,FedPhoenix,1,72.19999694824219,8.903066099970601,0.0,"[91, 39, 11, 12, 93, 64, 30, 79, 29, 49]","[{""client_id"": 91, ""task_id"": 0}, {""client_id"": 39, ""task_id"": 1}, {""client_id"": 11, ""task_id"": 2}, {""client_id"": 12, ""task_id"": 3}, {""client_id"": 93, ""task_id"": 4}, {""client_id"": 64, ""task_id"": 5}, {""client_id"": 30, ""task_id"": 6}, {""client_id"": 79, ""task_id"": 7}, {""client_id"": 29, ""task_id"": 8}, {""client_id"": 49, ""task_id"": 9}]","[22000655, 22001652, 22002649, 22003646, 22004643, 22005640, 22006637, 22007634, 22008631, 22009628]"
220,FedPhoenix,1,71.76000213623047,9.73831860005157,0.0,"[21, 88, 95, 65, 60, 8, 46, 31, 63, 72]","[{""client_id"": 21, ""task_id"": 0}, {""client_id"": 88, ""task_id"": 1}, {""client_id"": 95, ""task_id"": 2}, {""client_id"": 65, ""task_id"": 3}, {""client_id"": 60, ""task_id"": 4}, {""client_id"": 8, ""task_id"": 5}, {""client_id"": 46, ""task_id"": 6}, {""client_id"": 31, ""task_id"": 7}, {""client_id"": 63, ""task_id"": 8}, {""client_id"": 72, ""task_id"": 9}]","[22100658, 22101655, 22102652, 22103649, 22104646, 22105643, 22106640, 22107637, 22108634, 22109631]"
221,FedPhoenix,1,71.79000091552734,9.200843599974178,0.0,"[96, 63, 58, 77, 95, 23, 61, 29, 91, 59]","[{""client_id"": 96, ""task_id"": 0}, {""client_id"": 63, ""task_id"": 1}, {""client_id"": 58, ""task_id"": 2}, {""client_id"": 77, ""task_id"": 3}, {""client_id"": 95, ""task_id"": 4}, {""client_id"": 23, ""task_id"": 5}, {""client_id"": 61, ""task_id"": 6}, {""client_id"": 29, ""task_id"": 7}, {""client_id"": 91, ""task_id"": 8}, {""client_id"": 59, ""task_id"": 9}]","[22200661, 22201658, 22202655, 22203652, 22204649, 22205646, 22206643, 22207640, 22208637, 22209634]"
222,FedPhoenix,1,68.3499984741211,8.547872700029984,0.0,"[8, 69, 44, 89, 49, 36, 77, 19, 92, 72]","[{""client_id"": 8, ""task_id"": 0}, {""client_id"": 69, ""task_id"": 1}, {""client_id"": 44, ""task_id"": 2}, {""client_id"": 89, ""task_id"": 3}, {""client_id"": 49, ""task_id"": 4}, {""client_id"": 36, ""task_id"": 5}, {""client_id"": 77, ""task_id"": 6}, {""client_id"": 19, ""task_id"": 7}, {""client_id"": 92, ""task_id"": 8}, {""client_id"": 72, ""task_id"": 9}]","[22300664, 22301661, 22302658, 22303655, 22304652, 22305649, 22306646, 22307643, 22308640, 22309637]"
223,FedPhoenix,1,75.11000061035156,7.6780964999925345,0.0,"[47, 49, 1, 80, 27, 9, 83, 72, 76, 92]","[{""client_id"": 47, ""task_id"": 0}, {""client_id"": 49, ""task_id"": 1}, {""client_id"": 1, ""task_id"": 2}, {""client_id"": 80, ""task_id"": 3}, {""client_id"": 27, ""task_id"": 4}, {""client_id"": 9, ""task_id"": 5}, {""client_id"": 83, ""task_id"": 6}, {""client_id"": 72, ""task_id"": 7}, {""client_id"": 76, ""task_id"": 8}, {""client_id"": 92, ""task_id"": 9}]","[22400667, 22401664, 22402661, 22403658, 22404655, 22405652, 22406649, 22407646, 22408643, 22409640]"
224,FedPhoenix,1,75.08999633789062,9.739201200020034,0.0,"[10, 57, 54, 1, 80, 76, 56, 39, 14, 20]","[{""client_id"": 10, ""task_id"": 0}, {""client_id"": 57, ""task_id"": 1}, {""client_id"": 54, ""task_id"": 2}, {""client_id"": 1, ""task_id"": 3}, {""client_id"": 80, ""task_id"": 4}, {""client_id"": 76, ""task_id"": 5}, {""client_id"": 56, ""task_id"": 6}, {""client_id"": 39, ""task_id"": 7}, {""client_id"": 14, ""task_id"": 8}, {""client_id"": 20, ""task_id"": 9}]","[22500670, 22501667, 22502664, 22503661, 22504658, 22505655, 22506652, 22507649, 22508646, 22509643]"
225,FedPhoenix,1,71.30000305175781,9.71839799999725,0.0,"[6, 62, 31, 90, 3, 51, 24, 91, 23, 55]","[{""client_id"": 6, ""task_id"": 0}, {""client_id"": 62, ""task_id"": 1}, {""client_id"": 31, ""task_id"": 2}, {""client_id"": 90, ""task_id"": 3}, {""client_id"": 3, ""task_id"": 4}, {""client_id"": 51, ""task_id"": 5}, {""client_id"": 24, ""task_id"": 6}, {""client_id"": 91, ""task_id"": 7}, {""client_id"": 23, ""task_id"": 8}, {""client_id"": 55, ""task_id"": 9}]","[22600673, 22601670, 22602667, 22603664, 22604661, 22605658, 22606655, 22607652, 22608649, 22609646]"
226,FedPhoenix,1,62.63999938964844,9.460850500036031,0.0,"[98, 18, 78, 89, 27, 80, 33, 86, 88, 15]","[{""client_id"": 98, ""task_id"": 0}, {""client_id"": 18, ""task_id"": 1}, {""client_id"": 78, ""task_id"": 2}, {""client_id"": 89, ""task_id"": 3}, {""client_id"": 27, ""task_id"": 4}, {""client_id"": 80, ""task_id"": 5}, {""client_id"": 33, ""task_id"": 6}, {""client_id"": 86, ""task_id"": 7}, {""client_id"": 88, ""task_id"": 8}, {""client_id"": 15, ""task_id"": 9}]","[22700676, 22701673, 22702670, 22703667, 22704664, 22705661, 22706658, 22707655, 22708652, 22709649]"
227,FedPhoenix,1,73.97000122070312,10.093253099999856,0.0,"[85, 12, 59, 60, 73, 80, 0, 10, 23, 13]","[{""client_id"": 85, ""task_id"": 0}, {""client_id"": 12, ""task_id"": 1}, {""client_id"": 59, ""task_id"": 2}, {""client_id"": 60, ""task_id"": 3}, {""client_id"": 73, ""task_id"": 4}, {""client_id"": 80, ""task_id"": 5}, {""client_id"": 0, ""task_id"": 6}, {""client_id"": 10, ""task_id"": 7}, {""client_id"": 23, ""task_id"": 8}, {""client_id"": 13, ""task_id"": 9}]","[22800679, 22801676, 22802673, 22803670, 22804667, 22805664, 22806661, 22807658, 22808655, 22809652]"
228,FedPhoenix,1,69.7699966430664,7.855334599968046,0.0,"[35, 46, 54, 87, 84, 51, 27, 95, 21, 61]","[{""client_id"": 35, ""task_id"": 0}, {""client_id"": 46, ""task_id"": 1}, {""client_id"": 54, ""task_id"": 2}, {""client_id"": 87, ""task_id"": 3}, {""client_id"": 84, ""task_id"": 4}, {""client_id"": 51, ""task_id"": 5}, {""client_id"": 27, ""task_id"": 6}, {""client_id"": 95, ""task_id"": 7}, {""client_id"": 21, ""task_id"": 8}, {""client_id"": 61, ""task_id"": 9}]","[22900682, 22901679, 22902676, 22903673, 22904670, 22905667, 22906664, 22907661, 22908658, 22909655]"
229,FedPhoenix,1,71.7300033569336,7.576176399947144,0.0,"[64, 6, 96, 98, 27, 71, 18, 3, 1, 95]","[{""client_id"": 64, ""task_id"": 0}, {""client_id"": 6, ""task_id"": 1}, {""client_id"": 96, ""task_id"": 2}, {""client_id"": 98, ""task_id"": 3}, {""client_id"": 27, ""task_id"": 4}, {""client_id"": 71, ""task_id"": 5}, {""client_id"": 18, ""task_id"": 6}, {""client_id"": 3, ""task_id"": 7}, {""client_id"": 1, ""task_id"": 8}, {""client_id"": 95, ""task_id"": 9}]","[23000685, 23001682, 23002679, 23003676, 23004673, 23005670, 23006667, 23007664, 23008661, 23009658]"
230,FedPhoenix,1,77.52999877929688,8.469462999957614,0.0,"[88, 90, 96, 35, 69, 11, 60, 48, 23, 42]","[{""client_id"": 88, ""task_id"": 0}, {""client_id"": 90, ""task_id"": 1}, {""client_id"": 96, ""task_id"": 2}, {""client_id"": 35, ""task_id"": 3}, {""client_id"": 69, ""task_id"": 4}, {""client_id"": 11, ""task_id"": 5}, {""client_id"": 60, ""task_id"": 6}, {""client_id"": 48, ""task_id"": 7}, {""client_id"": 23, ""task_id"": 8}, {""client_id"": 42, ""task_id"": 9}]","[23100688, 23101685, 23102682, 23103679, 23104676, 23105673, 23106670, 23107667, 23108664, 23109661]"
231,FedPhoenix,1,71.95999908447266,8.301339800003916,0.0,"[98, 88, 43, 57, 48, 99, 63, 53, 94, 55]","[{""client_id"": 98, ""task_id"": 0}, {""client_id"": 88, ""task_id"": 1}, {""client_id"": 43, ""task_id"": 2}, {""client_id"": 57, ""task_id"": 3}, {""client_id"": 48, ""task_id"": 4}, {""client_id"": 99, ""task_id"": 5}, {""client_id"": 63, ""task_id"": 6}, {""client_id"": 53, ""task_id"": 7}, {""client_id"": 94, ""task_id"": 8}, {""client_id"": 55, ""task_id"": 9}]","[23200691, 23201688, 23202685, 23203682, 23204679, 23205676, 23206673, 23207670, 23208667, 23209664]"
232,FedPhoenix,1,77.75,9.553147100028582,0.0,"[96, 75, 74, 76, 39, 80, 34, 12, 60, 20]","[{""client_id"": 96, ""task_id"": 0}, {""client_id"": 75, ""task_id"": 1}, {""client_id"": 74, ""task_id"": 2}, {""client_id"": 76, ""task_id"": 3}, {""client_id"": 39, ""task_id"": 4}, {""client_id"": 80, ""task_id"": 5}, {""client_id"": 34, ""task_id"": 6}, {""client_id"": 12, ""task_id"": 7}, {""client_id"": 60, ""task_id"": 8}, {""client_id"": 20, ""task_id"": 9}]","[23300694, 23301691, 23302688, 23303685, 23304682, 23305679, 23306676, 23307673, 23308670, 23309667]"
233,FedPhoenix,1,74.22000122070312,8.662609300052281,0.0,"[20, 47, 38, 59, 64, 82, 60, 45, 63, 85]","[{""client_id"": 20, ""task_id"": 0}, {""client_id"": 47, ""task_id"": 1}, {""client_id"": 38, ""task_id"": 2}, {""client_id"": 59, ""task_id"": 3}, {""client_id"": 64, ""task_id"": 4}, {""client_id"": 82, ""task_id"": 5}, {""client_id"": 60, ""task_id"": 6}, {""client_id"": 45, ""task_id"": 7}, {""client_id"": 63, ""task_id"": 8}, {""client_id"": 85, ""task_id"": 9}]","[23400697, 23401694, 23402691, 23403688, 23404685, 23405682, 23406679, 23407676, 23408673, 23409670]"
234,FedPhoenix,1,37.04999923706055,8.250571900047362,0.0,"[32, 6, 51, 4, 8, 22, 72, 86, 55, 12]","[{""client_id"": 32, ""task_id"": 0}, {""client_id"": 6, ""task_id"": 1}, {""client_id"": 51, ""task_id"": 2}, {""client_id"": 4, ""task_id"": 3}, {""client_id"": 8, ""task_id"": 4}, {""client_id"": 22, ""task_id"": 5}, {""client_id"": 72, ""task_id"": 6}, {""client_id"": 86, ""task_id"": 7}, {""client_id"": 55, ""task_id"": 8}, {""client_id"": 12, ""task_id"": 9}]","[23500700, 23501697, 23502694, 23503691, 23504688, 23505685, 23506682, 23507679, 23508676, 23509673]"
235,FedPhoenix,1,60.31999969482422,8.840320100018289,0.0,"[45, 71, 84, 65, 61, 83, 87, 53, 77, 51]","[{""client_id"": 45, ""task_id"": 0}, {""client_id"": 71, ""task_id"": 1}, {""client_id"": 84, ""task_id"": 2}, {""client_id"": 65, ""task_id"": 3}, {""client_id"": 61, ""task_id"": 4}, {""client_id"": 83, ""task_id"": 5}, {""client_id"": 87, ""task_id"": 6}, {""client_id"": 53, ""task_id"": 7}, {""client_id"": 77, ""task_id"": 8}, {""client_id"": 51, ""task_id"": 9}]","[23600703, 23601700, 23602697, 23603694, 23604691, 23605688, 23606685, 23607682, 23608679, 23609676]"
236,FedPhoenix,1,76.55999755859375,8.793058399984147,0.0,"[13, 71, 56, 63, 49, 44, 85, 76, 50, 93]","[{""client_id"": 13, ""task_id"": 0}, {""client_id"": 71, ""task_id"": 1}, {""client_id"": 56, ""task_id"": 2}, {""client_id"": 63, ""task_id"": 3}, {""client_id"": 49, ""task_id"": 4}, {""client_id"": 44, ""task_id"": 5}, {""client_id"": 85, ""task_id"": 6}, {""client_id"": 76, ""task_id"": 7}, {""client_id"": 50, ""task_id"": 8}, {""client_id"": 93, ""task_id"": 9}]","[23700706, 23701703, 23702700, 23703697, 23704694, 23705691, 23706688, 23707685, 23708682, 23709679]"
237,FedPhoenix,1,70.2300033569336,7.90378839999903,0.0,"[45, 52, 95, 68, 64, 15, 29, 54, 43, 93]","[{""client_id"": 45, ""task_id"": 0}, {""client_id"": 52, ""task_id"": 1}, {""client_id"": 95, ""task_id"": 2}, {""client_id"": 68, ""task_id"": 3}, {""client_id"": 64, ""task_id"": 4}, {""client_id"": 15, ""task_id"": 5}, {""client_id"": 29, ""task_id"": 6}, {""client_id"": 54, ""task_id"": 7}, {""client_id"": 43, ""task_id"": 8}, {""client_id"": 93, ""task_id"": 9}]","[23800709, 23801706, 23802703, 23803700, 23804697, 23805694, 23806691, 23807688, 23808685, 23809682]"
238,FedPhoenix,1,67.55999755859375,8.59724599996116,0.0,"[58, 70, 25, 56, 87, 27, 94, 1, 74, 44]","[{""client_id"": 58, ""task_id"": 0}, {""client_id"": 70, ""task_id"": 1}, {""client_id"": 25, ""task_id"": 2}, {""client_id"": 56, ""task_id"": 3}, {""client_id"": 87, ""task_id"": 4}, {""client_id"": 27, ""task_id"": 5}, {""client_id"": 94, ""task_id"": 6}, {""client_id"": 1, ""task_id"": 7}, {""client_id"": 74, ""task_id"": 8}, {""client_id"": 44, ""task_id"": 9}]","[23900712, 23901709, 23902706, 23903703, 23904700, 23905697, 23906694, 23907691, 23908688, 23909685]"
239,FedPhoenix,1,76.0199966430664,10.13695449999068,0.0,"[2, 7, 31, 45, 81, 62, 23, 97, 18, 27]","[{""client_id"": 2, ""task_id"": 0}, {""client_id"": 7, ""task_id"": 1}, {""client_id"": 31, ""task_id"": 2}, {""client_id"": 45, ""task_id"": 3}, {""client_id"": 81, ""task_id"": 4}, {""client_id"": 62, ""task_id"": 5}, {""client_id"": 23, ""task_id"": 6}, {""client_id"": 97, ""task_id"": 7}, {""client_id"": 18, ""task_id"": 8}, {""client_id"": 27, ""task_id"": 9}]","[24000715, 24001712, 24002709, 24003706, 24004703, 24005700, 24006697, 24007694, 24008691, 24009688]"
240,FedPhoenix,1,66.12000274658203,9.409974000009242,0.0,"[25, 13, 40, 64, 52, 44, 22, 48, 3, 46]","[{""client_id"": 25, ""task_id"": 0}, {""client_id"": 13, ""task_id"": 1}, {""client_id"": 40, ""task_id"": 2}, {""client_id"": 64, ""task_id"": 3}, {""client_id"": 52, ""task_id"": 4}, {""client_id"": 44, ""task_id"": 5}, {""client_id"": 22, ""task_id"": 6}, {""client_id"": 48, ""task_id"": 7}, {""client_id"": 3, ""task_id"": 8}, {""client_id"": 46, ""task_id"": 9}]","[24100718, 24101715, 24102712, 24103709, 24104706, 24105703, 24106700, 24107697, 24108694, 24109691]"
241,FedPhoenix,1,73.95999908447266,7.457998999976553,0.0,"[84, 9, 72, 56, 13, 98, 21, 79, 71, 32]","[{""client_id"": 84, ""task_id"": 0}, {""client_id"": 9, ""task_id"": 1}, {""client_id"": 72, ""task_id"": 2}, {""client_id"": 56, ""task_id"": 3}, {""client_id"": 13, ""task_id"": 4}, {""client_id"": 98, ""task_id"": 5}, {""client_id"": 21, ""task_id"": 6}, {""client_id"": 79, ""task_id"": 7}, {""client_id"": 71, ""task_id"": 8}, {""client_id"": 32, ""task_id"": 9}]","[24200721, 24201718, 24202715, 24203712, 24204709, 24205706, 24206703, 24207700, 24208697, 24209694]"
242,FedPhoenix,1,73.91999816894531,10.22772960003931,0.0,"[32, 2, 36, 91, 58, 81, 87, 68, 25, 5]","[{""client_id"": 32, ""task_id"": 0}, {""client_id"": 2, ""task_id"": 1}, {""client_id"": 36, ""task_id"": 2}, {""client_id"": 91, ""task_id"": 3}, {""client_id"": 58, ""task_id"": 4}, {""client_id"": 81, ""task_id"": 5}, {""client_id"": 87, ""task_id"": 6}, {""client_id"": 68, ""task_id"": 7}, {""client_id"": 25, ""task_id"": 8}, {""client_id"": 5, ""task_id"": 9}]","[24300724, 24301721, 24302718, 24303715, 24304712, 24305709, 24306706, 24307703, 24308700, 24309697]"
243,FedPhoenix,1,73.58999633789062,9.003172099997755,0.0,"[25, 41, 74, 21, 97, 69, 4, 17, 3, 88]","[{""client_id"": 25, ""task_id"": 0}, {""client_id"": 41, ""task_id"": 1}, {""client_id"": 74, ""task_id"": 2}, {""client_id"": 21, ""task_id"": 3}, {""client_id"": 97, ""task_id"": 4}, {""client_id"": 69, ""task_id"": 5}, {""client_id"": 4, ""task_id"": 6}, {""client_id"": 17, ""task_id"": 7}, {""client_id"": 3, ""task_id"": 8}, {""client_id"": 88, ""task_id"": 9}]","[24400727, 24401724, 24402721, 24403718, 24404715, 24405712, 24406709, 24407706, 24408703, 24409700]"
244,FedPhoenix,1,73.87999725341797,9.85234759998275,0.0,"[80, 19, 97, 75, 60, 93, 78, 40, 32, 87]","[{""client_id"": 80, ""task_id"": 0}, {""client_id"": 19, ""task_id"": 1}, {""client_id"": 97, ""task_id"": 2}, {""client_id"": 75, ""task_id"": 3}, {""client_id"": 60, ""task_id"": 4}, {""client_id"": 93, ""task_id"": 5}, {""client_id"": 78, ""task_id"": 6}, {""client_id"": 40, ""task_id"": 7}, {""client_id"": 32, ""task_id"": 8}, {""client_id"": 87, ""task_id"": 9}]","[24500730, 24501727, 24502724, 24503721, 24504718, 24505715, 24506712, 24507709, 24508706, 24509703]"
245,FedPhoenix,1,73.94999694824219,8.815262100019027,0.0,"[70, 59, 68, 16, 36, 72, 71, 45, 91, 56]","[{""client_id"": 70, ""task_id"": 0}, {""client_id"": 59, ""task_id"": 1}, {""client_id"": 68, ""task_id"": 2}, {""client_id"": 16, ""task_id"": 3}, {""client_id"": 36, ""task_id"": 4}, {""client_id"": 72, ""task_id"": 5}, {""client_id"": 71, ""task_id"": 6}, {""client_id"": 45, ""task_id"": 7}, {""client_id"": 91, ""task_id"": 8}, {""client_id"": 56, ""task_id"": 9}]","[24600733, 24601730, 24602727, 24603724, 24604721, 24605718, 24606715, 24607712, 24608709, 24609706]"
246,FedPhoenix,1,75.73999786376953,7.614277100015897,0.0,"[83, 81, 9, 39, 2, 67, 66, 98, 80, 51]","[{""client_id"": 83, ""task_id"": 0}, {""client_id"": 81, ""task_id"": 1}, {""client_id"": 9, ""task_id"": 2}, {""client_id"": 39, ""task_id"": 3}, {""client_id"": 2, ""task_id"": 4}, {""client_id"": 67, ""task_id"": 5}, {""client_id"": 66, ""task_id"": 6}, {""client_id"": 98, ""task_id"": 7}, {""client_id"": 80, ""task_id"": 8}, {""client_id"": 51, ""task_id"": 9}]","[24700736, 24701733, 24702730, 24703727, 24704724, 24705721, 24706718, 24707715, 24708712, 24709709]"
247,FedPhoenix,1,55.470001220703125,7.378228299960028,0.0,"[43, 64, 42, 4, 78, 0, 39, 57, 37, 98]","[{""client_id"": 43, ""task_id"": 0}, {""client_id"": 64, ""task_id"": 1}, {""client_id"": 42, ""task_id"": 2}, {""client_id"": 4, ""task_id"": 3}, {""client_id"": 78, ""task_id"": 4}, {""client_id"": 0, ""task_id"": 5}, {""client_id"": 39, ""task_id"": 6}, {""client_id"": 57, ""task_id"": 7}, {""client_id"": 37, ""task_id"": 8}, {""client_id"": 98, ""task_id"": 9}]","[24800739, 24801736, 24802733, 24803730, 24804727, 24805724, 24806721, 24807718, 24808715, 24809712]"
248,FedPhoenix,1,74.30000305175781,10.50872550002532,0.0,"[11, 6, 16, 48, 14, 19, 68, 82, 94, 39]","[{""client_id"": 11, ""task_id"": 0}, {""client_id"": 6, ""task_id"": 1}, {""client_id"": 16, ""task_id"": 2}, {""client_id"": 48, ""task_id"": 3}, {""client_id"": 14, ""task_id"": 4}, {""client_id"": 19, ""task_id"": 5}, {""client_id"": 68, ""task_id"": 6}, {""client_id"": 82, ""task_id"": 7}, {""client_id"": 94, ""task_id"": 8}, {""client_id"": 39, ""task_id"": 9}]","[24900742, 24901739, 24902736, 24903733, 24904730, 24905727, 24906724, 24907721, 24908718, 24909715]"
249,FedPhoenix,1,67.80999755859375,9.052042600000277,0.0,"[0, 7, 93, 77, 78, 38, 46, 99, 42, 54]","[{""client_id"": 0, ""task_id"": 0}, {""client_id"": 7, ""task_id"": 1}, {""client_id"": 93, ""task_id"": 2}, {""client_id"": 77, ""task_id"": 3}, {""client_id"": 78, ""task_id"": 4}, {""client_id"": 38, ""task_id"": 5}, {""client_id"": 46, ""task_id"": 6}, {""client_id"": 99, ""task_id"": 7}, {""client_id"": 42, ""task_id"": 8}, {""client_id"": 54, ""task_id"": 9}]","[25000745, 25001742, 25002739, 25003736, 25004733, 25005730, 25006727, 25007724, 25008721, 25009718]"
250,FedPhoenix,1,74.04000091552734,11.460370999993756,0.0,"[36, 70, 71, 57, 63, 73, 69, 17, 48, 47]","[{""client_id"": 36, ""task_id"": 0}, {""client_id"": 70, ""task_id"": 1}, {""client_id"": 71, ""task_id"": 2}, {""client_id"": 57, ""task_id"": 3}, {""client_id"": 63, ""task_id"": 4}, {""client_id"": 73, ""task_id"": 5}, {""client_id"": 69, ""task_id"": 6}, {""client_id"": 17, ""task_id"": 7}, {""client_id"": 48, ""task_id"": 8}, {""client_id"": 47, ""task_id"": 9}]","[25100748, 25101745, 25102742, 25103739, 25104736, 25105733, 25106730, 25107727, 25108724, 25109721]"
251,FedPhoenix,1,76.87999725341797,7.306499600003008,0.0,"[10, 42, 60, 43, 85, 48, 1, 91, 22, 26]","[{""client_id"": 10, ""task_id"": 0}, {""client_id"": 42, ""task_id"": 1}, {""client_id"": 60, ""task_id"": 2}, {""client_id"": 43, ""task_id"": 3}, {""client_id"": 85, ""task_id"": 4}, {""client_id"": 48, ""task_id"": 5}, {""client_id"": 1, ""task_id"": 6}, {""client_id"": 91, ""task_id"": 7}, {""client_id"": 22, ""task_id"": 8}, {""client_id"": 26, ""task_id"": 9}]","[25200751, 25201748, 25202745, 25203742, 25204739, 25205736, 25206733, 25207730, 25208727, 25209724]"
252,FedPhoenix,1,72.58000183105469,9.793890699977055,0.0,"[46, 3, 23, 96, 47, 32, 52, 50, 82, 28]","[{""client_id"": 46, ""task_id"": 0}, {""client_id"": 3, ""task_id"": 1}, {""client_id"": 23, ""task_id"": 2}, {""client_id"": 96, ""task_id"": 3}, {""client_id"": 47, ""task_id"": 4}, {""client_id"": 32, ""task_id"": 5}, {""client_id"": 52, ""task_id"": 6}, {""client_id"": 50, ""task_id"": 7}, {""client_id"": 82, ""task_id"": 8}, {""client_id"": 28, ""task_id"": 9}]","[25300754, 25301751, 25302748, 25303745, 25304742, 25305739, 25306736, 25307733, 25308730, 25309727]"
253,FedPhoenix,1,72.02999877929688,8.36539939994691,0.0,"[2, 55, 26, 94, 14, 72, 5, 50, 91, 42]","[{""client_id"": 2, ""task_id"": 0}, {""client_id"": 55, ""task_id"": 1}, {""client_id"": 26, ""task_id"": 2}, {""client_id"": 94, ""task_id"": 3}, {""client_id"": 14, ""task_id"": 4}, {""client_id"": 72, ""task_id"": 5}, {""client_id"": 5, ""task_id"": 6}, {""client_id"": 50, ""task_id"": 7}, {""client_id"": 91, ""task_id"": 8}, {""client_id"": 42, ""task_id"": 9}]","[25400757, 25401754, 25402751, 25403748, 25404745, 25405742, 25406739, 25407736, 25408733, 25409730]"
254,FedPhoenix,1,69.0199966430664,9.303964699967764,0.0,"[75, 69, 0, 7, 53, 77, 67, 64, 62, 73]","[{""client_id"": 75, ""task_id"": 0}, {""client_id"": 69, ""task_id"": 1}, {""client_id"": 0, ""task_id"": 2}, {""client_id"": 7, ""task_id"": 3}, {""client_id"": 53, ""task_id"": 4}, {""client_id"": 77, ""task_id"": 5}, {""client_id"": 67, ""task_id"": 6}, {""client_id"": 64, ""task_id"": 7}, {""client_id"": 62, ""task_id"": 8}, {""client_id"": 73, ""task_id"": 9}]","[25500760, 25501757, 25502754, 25503751, 25504748, 25505745, 25506742, 25507739, 25508736, 25509733]"
255,FedPhoenix,1,77.37999725341797,9.16031569999177,0.0,"[14, 27, 66, 5, 15, 75, 91, 28, 63, 62]","[{""client_id"": 14, ""task_id"": 0}, {""client_id"": 27, ""task_id"": 1}, {""client_id"": 66, ""task_id"": 2}, {""client_id"": 5, ""task_id"": 3}, {""client_id"": 15, ""task_id"": 4}, {""client_id"": 75, ""task_id"": 5}, {""client_id"": 91, ""task_id"": 6}, {""client_id"": 28, ""task_id"": 7}, {""client_id"": 63, ""task_id"": 8}, {""client_id"": 62, ""task_id"": 9}]","[25600763, 25601760, 25602757, 25603754, 25604751, 25605748, 25606745, 25607742, 25608739, 25609736]"
256,FedPhoenix,1,67.33999633789062,9.42487039999105,0.0,"[74, 39, 76, 51, 46, 12, 95, 17, 68, 93]","[{""client_id"": 74, ""task_id"": 0}, {""client_id"": 39, ""task_id"": 1}, {""client_id"": 76, ""task_id"": 2}, {""client_id"": 51, ""task_id"": 3}, {""client_id"": 46, ""task_id"": 4}, {""client_id"": 12, ""task_id"": 5}, {""client_id"": 95, ""task_id"": 6}, {""client_id"": 17, ""task_id"": 7}, {""client_id"": 68, ""task_id"": 8}, {""client_id"": 93, ""task_id"": 9}]","[25700766, 25701763, 25702760, 25703757, 25704754, 25705751, 25706748, 25707745, 25708742, 25709739]"
257,FedPhoenix,1,75.43000030517578,10.132365100027528,0.0,"[46, 28, 88, 96, 20, 23, 19, 15, 91, 11]","[{""client_id"": 46, ""task_id"": 0}, {""client_id"": 28, ""task_id"": 1}, {""client_id"": 88, ""task_id"": 2}, {""client_id"": 96, ""task_id"": 3}, {""client_id"": 20, ""task_id"": 4}, {""client_id"": 23, ""task_id"": 5}, {""client_id"": 19, ""task_id"": 6}, {""client_id"": 15, ""task_id"": 7}, {""client_id"": 91, ""task_id"": 8}, {""client_id"": 11, ""task_id"": 9}]","[25800769, 25801766, 25802763, 25803760, 25804757, 25805754, 25806751, 25807748, 25808745, 25809742]"
258,FedPhoenix,1,74.43000030517578,9.211338800028898,0.0,"[18, 46, 87, 61, 79, 50, 69, 97, 72, 37]","[{""client_id"": 18, ""task_id"": 0}, {""client_id"": 46, ""task_id"": 1}, {""client_id"": 87, ""task_id"": 2}, {""client_id"": 61, ""task_id"": 3}, {""client_id"": 79, ""task_id"": 4}, {""client_id"": 50, ""task_id"": 5}, {""client_id"": 69, ""task_id"": 6}, {""client_id"": 97, ""task_id"": 7}, {""client_id"": 72, ""task_id"": 8}, {""client_id"": 37, ""task_id"": 9}]","[25900772, 25901769, 25902766, 25903763, 25904760, 25905757, 25906754, 25907751, 25908748, 25909745]"
259,FedPhoenix,1,75.31999969482422,9.795490599994082,0.0,"[34, 57, 53, 30, 72, 9, 37, 19, 5, 14]","[{""client_id"": 34, ""task_id"": 0}, {""client_id"": 57, ""task_id"": 1}, {""client_id"": 53, ""task_id"": 2}, {""client_id"": 30, ""task_id"": 3}, {""client_id"": 72, ""task_id"": 4}, {""client_id"": 9, ""task_id"": 5}, {""client_id"": 37, ""task_id"": 6}, {""client_id"": 19, ""task_id"": 7}, {""client_id"": 5, ""task_id"": 8}, {""client_id"": 14, ""task_id"": 9}]","[26000775, 26001772, 26002769, 26003766, 26004763, 26005760, 26006757, 26007754, 26008751, 26009748]"
260,FedPhoenix,1,74.52999877929688,7.948555299954023,0.0,"[4, 67, 61, 35, 96, 86, 63, 9, 8, 36]","[{""client_id"": 4, ""task_id"": 0}, {""client_id"": 67, ""task_id"": 1}, {""client_id"": 61, ""task_id"": 2}, {""client_id"": 35, ""task_id"": 3}, {""client_id"": 96, ""task_id"": 4}, {""client_id"": 86, ""task_id"": 5}, {""client_id"": 63, ""task_id"": 6}, {""client_id"": 9, ""task_id"": 7}, {""client_id"": 8, ""task_id"": 8}, {""client_id"": 36, ""task_id"": 9}]","[26100778, 26101775, 26102772, 26103769, 26104766, 26105763, 26106760, 26107757, 26108754, 26109751]"
261,FedPhoenix,1,76.9000015258789,8.614576500025578,0.0,"[89, 41, 20, 92, 67, 44, 61, 77, 3, 9]","[{""client_id"": 89, ""task_id"": 0}, {""client_id"": 41, ""task_id"": 1}, {""client_id"": 20, ""task_id"": 2}, {""client_id"": 92, ""task_id"": 3}, {""client_id"": 67, ""task_id"": 4}, {""client_id"": 44, ""task_id"": 5}, {""client_id"": 61, ""task_id"": 6}, {""client_id"": 77, ""task_id"": 7}, {""client_id"": 3, ""task_id"": 8}, {""client_id"": 9, ""task_id"": 9}]","[26200781, 26201778, 26202775, 26203772, 26204769, 26205766, 26206763, 26207760, 26208757, 26209754]"
262,FedPhoenix,1,75.83999633789062,8.782110599975567,0.0,"[87, 20, 97, 50, 35, 68, 33, 98, 53, 96]","[{""client_id"": 87, ""task_id"": 0}, {""client_id"": 20, ""task_id"": 1}, {""client_id"": 97, ""task_id"": 2}, {""client_id"": 50, ""task_id"": 3}, {""client_id"": 35, ""task_id"": 4}, {""client_id"": 68, ""task_id"": 5}, {""client_id"": 33, ""task_id"": 6}, {""client_id"": 98, ""task_id"": 7}, {""client_id"": 53, ""task_id"": 8}, {""client_id"": 96, ""task_id"": 9}]","[26300784, 26301781, 26302778, 26303775, 26304772, 26305769, 26306766, 26307763, 26308760, 26309757]"
263,FedPhoenix,1,67.5199966430664,10.07416480005486,0.0,"[89, 57, 26, 69, 23, 54, 68, 92, 4, 82]","[{""client_id"": 89, ""task_id"": 0}, {""client_id"": 57, ""task_id"": 1}, {""client_id"": 26, ""task_id"": 2}, {""client_id"": 69, ""task_id"": 3}, {""client_id"": 23, ""task_id"": 4}, {""client_id"": 54, ""task_id"": 5}, {""client_id"": 68, ""task_id"": 6}, {""client_id"": 92, ""task_id"": 7}, {""client_id"": 4, ""task_id"": 8}, {""client_id"": 82, ""task_id"": 9}]","[26400787, 26401784, 26402781, 26403778, 26404775, 26405772, 26406769, 26407766, 26408763, 26409760]"
264,FedPhoenix,1,71.70999908447266,9.133457999967504,0.0,"[45, 31, 11, 28, 39, 71, 7, 91, 4, 93]","[{""client_id"": 45, ""task_id"": 0}, {""client_id"": 31, ""task_id"": 1}, {""client_id"": 11, ""task_id"": 2}, {""client_id"": 28, ""task_id"": 3}, {""client_id"": 39, ""task_id"": 4}, {""client_id"": 71, ""task_id"": 5}, {""client_id"": 7, ""task_id"": 6}, {""client_id"": 91, ""task_id"": 7}, {""client_id"": 4, ""task_id"": 8}, {""client_id"": 93, ""task_id"": 9}]","[26500790, 26501787, 26502784, 26503781, 26504778, 26505775, 26506772, 26507769, 26508766, 26509763]"
265,FedPhoenix,1,74.58999633789062,10.594836599950213,0.0,"[2, 85, 50, 23, 46, 82, 83, 20, 49, 6]","[{""client_id"": 2, ""task_id"": 0}, {""client_id"": 85, ""task_id"": 1}, {""client_id"": 50, ""task_id"": 2}, {""client_id"": 23, ""task_id"": 3}, {""client_id"": 46, ""task_id"": 4}, {""client_id"": 82, ""task_id"": 5}, {""client_id"": 83, ""task_id"": 6}, {""client_id"": 20, ""task_id"": 7}, {""client_id"": 49, ""task_id"": 8}, {""client_id"": 6, ""task_id"": 9}]","[26600793, 26601790, 26602787, 26603784, 26604781, 26605778, 26606775, 26607772, 26608769, 26609766]"
266,FedPhoenix,1,75.33000183105469,10.315305299998727,0.0,"[3, 42, 84, 62, 69, 25, 23, 76, 52, 75]","[{""client_id"": 3, ""task_id"": 0}, {""client_id"": 42, ""task_id"": 1}, {""client_id"": 84, ""task_id"": 2}, {""client_id"": 62, ""task_id"": 3}, {""client_id"": 69, ""task_id"": 4}, {""client_id"": 25, ""task_id"": 5}, {""client_id"": 23, ""task_id"": 6}, {""client_id"": 76, ""task_id"": 7}, {""client_id"": 52, ""task_id"": 8}, {""client_id"": 75, ""task_id"": 9}]","[26700796, 26701793, 26702790, 26703787, 26704784, 26705781, 26706778, 26707775, 26708772, 26709769]"
267,FedPhoenix,1,64.06999969482422,8.252250600024126,0.0,"[4, 95, 1, 21, 83, 23, 48, 78, 42, 31]","[{""client_id"": 4, ""task_id"": 0}, {""client_id"": 95, ""task_id"": 1}, {""client_id"": 1, ""task_id"": 2}, {""client_id"": 21, ""task_id"": 3}, {""client_id"": 83, ""task_id"": 4}, {""client_id"": 23, ""task_id"": 5}, {""client_id"": 48, ""task_id"": 6}, {""client_id"": 78, ""task_id"": 7}, {""client_id"": 42, ""task_id"": 8}, {""client_id"": 31, ""task_id"": 9}]","[26800799, 26801796, 26802793, 26803790, 26804787, 26805784, 26806781, 26807778, 26808775, 26809772]"
268,FedPhoenix,1,56.369998931884766,7.405470600002445,0.0,"[38, 6, 37, 55, 34, 97, 98, 74, 56, 45]","[{""client_id"": 38, ""task_id"": 0}, {""client_id"": 6, ""task_id"": 1}, {""client_id"": 37, ""task_id"": 2}, {""client_id"": 55, ""task_id"": 3}, {""client_id"": 34, ""task_id"": 4}, {""client_id"": 97, ""task_id"": 5}, {""client_id"": 98, ""task_id"": 6}, {""client_id"": 74, ""task_id"": 7}, {""client_id"": 56, ""task_id"": 8}, {""client_id"": 45, ""task_id"": 9}]","[26900802, 26901799, 26902796, 26903793, 26904790, 26905787, 26906784, 26907781, 26908778, 26909775]"
269,FedPhoenix,1,72.22000122070312,8.03427250002278,0.0,"[54, 93, 74, 85, 16, 98, 50, 59, 70, 3]","[{""client_id"": 54, ""task_id"": 0}, {""client_id"": 93, ""task_id"": 1}, {""client_id"": 74, ""task_id"": 2}, {""client_id"": 85, ""task_id"": 3}, {""client_id"": 16, ""task_id"": 4}, {""client_id"": 98, ""task_id"": 5}, {""client_id"": 50, ""task_id"": 6}, {""client_id"": 59, ""task_id"": 7}, {""client_id"": 70, ""task_id"": 8}, {""client_id"": 3, ""task_id"": 9}]","[27000805, 27001802, 27002799, 27003796, 27004793, 27005790, 27006787, 27007784, 27008781, 27009778]"
270,FedPhoenix,1,70.73999786376953,8.610177299997304,0.0,"[39, 20, 43, 1, 78, 0, 60, 31, 15, 6]","[{""client_id"": 39, ""task_id"": 0}, {""client_id"": 20, ""task_id"": 1}, {""client_id"": 43, ""task_id"": 2}, {""client_id"": 1, ""task_id"": 3}, {""client_id"": 78, ""task_id"": 4}, {""client_id"": 0, ""task_id"": 5}, {""client_id"": 60, ""task_id"": 6}, {""client_id"": 31, ""task_id"": 7}, {""client_id"": 15, ""task_id"": 8}, {""client_id"": 6, ""task_id"": 9}]","[27100808, 27101805, 27102802, 27103799, 27104796, 27105793, 27106790, 27107787, 27108784, 27109781]"
271,FedPhoenix,1,71.0199966430664,8.022785700042732,0.0,"[42, 76, 2, 31, 19, 17, 83, 92, 44, 35]","[{""client_id"": 42, ""task_id"": 0}, {""client_id"": 76, ""task_id"": 1}, {""client_id"": 2, ""task_id"": 2}, {""client_id"": 31, ""task_id"": 3}, {""client_id"": 19, ""task_id"": 4}, {""client_id"": 17, ""task_id"": 5}, {""client_id"": 83, ""task_id"": 6}, {""client_id"": 92, ""task_id"": 7}, {""client_id"": 44, ""task_id"": 8}, {""client_id"": 35, ""task_id"": 9}]","[27200811, 27201808, 27202805, 27203802, 27204799, 27205796, 27206793, 27207790, 27208787, 27209784]"
272,FedPhoenix,1,63.7599983215332,6.956225899979472,0.0,"[56, 91, 92, 28, 38, 82, 32, 98, 63, 85]","[{""client_id"": 56, ""task_id"": 0}, {""client_id"": 91, ""task_id"": 1}, {""client_id"": 92, ""task_id"": 2}, {""client_id"": 28, ""task_id"": 3}, {""client_id"": 38, ""task_id"": 4}, {""client_id"": 82, ""task_id"": 5}, {""client_id"": 32, ""task_id"": 6}, {""client_id"": 98, ""task_id"": 7}, {""client_id"": 63, ""task_id"": 8}, {""client_id"": 85, ""task_id"": 9}]","[27300814, 27301811, 27302808, 27303805, 27304802, 27305799, 27306796, 27307793, 27308790, 27309787]"
273,FedPhoenix,1,67.38999938964844,9.587701299984474,0.0,"[5, 84, 60, 47, 3, 13, 65, 92, 19, 74]","[{""client_id"": 5, ""task_id"": 0}, {""client_id"": 84, ""task_id"": 1}, {""client_id"": 60, ""task_id"": 2}, {""client_id"": 47, ""task_id"": 3}, {""client_id"": 3, ""task_id"": 4}, {""client_id"": 13, ""task_id"": 5}, {""client_id"": 65, ""task_id"": 6}, {""client_id"": 92, ""task_id"": 7}, {""client_id"": 19, ""task_id"": 8}, {""client_id"": 74, ""task_id"": 9}]","[27400817, 27401814, 27402811, 27403808, 27404805, 27405802, 27406799, 27407796, 27408793, 27409790]"
274,FedPhoenix,1,56.310001373291016,9.038998200034257,0.0,"[59, 45, 39, 67, 6, 78, 84, 80, 22, 57]","[{""client_id"": 59, ""task_id"": 0}, {""client_id"": 45, ""task_id"": 1}, {""client_id"": 39, ""task_id"": 2}, {""client_id"": 67, ""task_id"": 3}, {""client_id"": 6, ""task_id"": 4}, {""client_id"": 78, ""task_id"": 5}, {""client_id"": 84, ""task_id"": 6}, {""client_id"": 80, ""task_id"": 7}, {""client_id"": 22, ""task_id"": 8}, {""client_id"": 57, ""task_id"": 9}]","[27500820, 27501817, 27502814, 27503811, 27504808, 27505805, 27506802, 27507799, 27508796, 27509793]"
275,FedPhoenix,1,75.58999633789062,7.218186699959915,0.0,"[64, 42, 43, 38, 94, 36, 68, 8, 11, 89]","[{""client_id"": 64, ""task_id"": 0}, {""client_id"": 42, ""task_id"": 1}, {""client_id"": 43, ""task_id"": 2}, {""client_id"": 38, ""task_id"": 3}, {""client_id"": 94, ""task_id"": 4}, {""client_id"": 36, ""task_id"": 5}, {""client_id"": 68, ""task_id"": 6}, {""client_id"": 8, ""task_id"": 7}, {""client_id"": 11, ""task_id"": 8}, {""client_id"": 89, ""task_id"": 9}]","[27600823, 27601820, 27602817, 27603814, 27604811, 27605808, 27606805, 27607802, 27608799, 27609796]"
276,FedPhoenix,1,68.06999969482422,9.930283900001086,0.0,"[23, 69, 89, 9, 42, 74, 62, 68, 57, 93]","[{""client_id"": 23, ""task_id"": 0}, {""client_id"": 69, ""task_id"": 1}, {""client_id"": 89, ""task_id"": 2}, {""client_id"": 9, ""task_id"": 3}, {""client_id"": 42, ""task_id"": 4}, {""client_id"": 74, ""task_id"": 5}, {""client_id"": 62, ""task_id"": 6}, {""client_id"": 68, ""task_id"": 7}, {""client_id"": 57, ""task_id"": 8}, {""client_id"": 93, ""task_id"": 9}]","[27700826, 27701823, 27702820, 27703817, 27704814, 27705811, 27706808, 27707805, 27708802, 27709799]"
277,FedPhoenix,1,77.70999908447266,10.085858699982055,0.0,"[85, 66, 93, 44, 48, 13, 3, 21, 23, 39]","[{""client_id"": 85, ""task_id"": 0}, {""client_id"": 66, ""task_id"": 1}, {""client_id"": 93, ""task_id"": 2}, {""client_id"": 44, ""task_id"": 3}, {""client_id"": 48, ""task_id"": 4}, {""client_id"": 13, ""task_id"": 5}, {""client_id"": 3, ""task_id"": 6}, {""client_id"": 21, ""task_id"": 7}, {""client_id"": 23, ""task_id"": 8}, {""client_id"": 39, ""task_id"": 9}]","[27800829, 27801826, 27802823, 27803820, 27804817, 27805814, 27806811, 27807808, 27808805, 27809802]"
278,FedPhoenix,1,71.47000122070312,10.763296199962497,0.0,"[28, 94, 18, 68, 65, 53, 66, 75, 12, 92]","[{""client_id"": 28, ""task_id"": 0}, {""client_id"": 94, ""task_id"": 1}, {""client_id"": 18, ""task_id"": 2}, {""client_id"": 68, ""task_id"": 3}, {""client_id"": 65, ""task_id"": 4}, {""client_id"": 53, ""task_id"": 5}, {""client_id"": 66, ""task_id"": 6}, {""client_id"": 75, ""task_id"": 7}, {""client_id"": 12, ""task_id"": 8}, {""client_id"": 92, ""task_id"": 9}]","[27900832, 27901829, 27902826, 27903823, 27904820, 27905817, 27906814, 27907811, 27908808, 27909805]"
279,FedPhoenix,1,77.81999969482422,7.8899852999602444,0.0,"[90, 75, 39, 64, 49, 44, 66, 50, 60, 98]","[{""client_id"": 90, ""task_id"": 0}, {""client_id"": 75, ""task_id"": 1}, {""client_id"": 39, ""task_id"": 2}, {""client_id"": 64, ""task_id"": 3}, {""client_id"": 49, ""task_id"": 4}, {""client_id"": 44, ""task_id"": 5}, {""client_id"": 66, ""task_id"": 6}, {""client_id"": 50, ""task_id"": 7}, {""client_id"": 60, ""task_id"": 8}, {""client_id"": 98, ""task_id"": 9}]","[28000835, 28001832, 28002829, 28003826, 28004823, 28005820, 28006817, 28007814, 28008811, 28009808]"
280,FedPhoenix,1,74.77999877929688,9.641097899992019,0.0,"[61, 27, 77, 23, 66, 33, 26, 42, 37, 78]","[{""client_id"": 61, ""task_id"": 0}, {""client_id"": 27, ""task_id"": 1}, {""client_id"": 77, ""task_id"": 2}, {""client_id"": 23, ""task_id"": 3}, {""client_id"": 66, ""task_id"": 4}, {""client_id"": 33, ""task_id"": 5}, {""client_id"": 26, ""task_id"": 6}, {""client_id"": 42, ""task_id"": 7}, {""client_id"": 37, ""task_id"": 8}, {""client_id"": 78, ""task_id"": 9}]","[28100838, 28101835, 28102832, 28103829, 28104826, 28105823, 28106820, 28107817, 28108814, 28109811]"
281,FedPhoenix,1,70.75,8.78749739995692,0.0,"[0, 56, 5, 30, 76, 95, 53, 73, 63, 88]","[{""client_id"": 0, ""task_id"": 0}, {""client_id"": 56, ""task_id"": 1}, {""client_id"": 5, ""task_id"": 2}, {""client_id"": 30, ""task_id"": 3}, {""client_id"": 76, ""task_id"": 4}, {""client_id"": 95, ""task_id"": 5}, {""client_id"": 53, ""task_id"": 6}, {""client_id"": 73, ""task_id"": 7}, {""client_id"": 63, ""task_id"": 8}, {""client_id"": 88, ""task_id"": 9}]","[28200841, 28201838, 28202835, 28203832, 28204829, 28205826, 28206823, 28207820, 28208817, 28209814]"
282,FedPhoenix,1,64.54000091552734,9.772208099951968,0.0,"[84, 89, 68, 64, 78, 62, 28, 30, 49, 41]","[{""client_id"": 84, ""task_id"": 0}, {""client_id"": 89, ""task_id"": 1}, {""client_id"": 68, ""task_id"": 2}, {""client_id"": 64, ""task_id"": 3}, {""client_id"": 78, ""task_id"": 4}, {""client_id"": 62, ""task_id"": 5}, {""client_id"": 28, ""task_id"": 6}, {""client_id"": 30, ""task_id"": 7}, {""client_id"": 49, ""task_id"": 8}, {""client_id"": 41, ""task_id"": 9}]","[28300844, 28301841, 28302838, 28303835, 28304832, 28305829, 28306826, 28307823, 28308820, 28309817]"
283,FedPhoenix,1,72.0999984741211,8.742774199985433,0.0,"[67, 45, 94, 35, 39, 72, 5, 22, 7, 62]","[{""client_id"": 67, ""task_id"": 0}, {""client_id"": 45, ""task_id"": 1}, {""client_id"": 94, ""task_id"": 2}, {""client_id"": 35, ""task_id"": 3}, {""client_id"": 39, ""task_id"": 4}, {""client_id"": 72, ""task_id"": 5}, {""client_id"": 5, ""task_id"": 6}, {""client_id"": 22, ""task_id"": 7}, {""client_id"": 7, ""task_id"": 8}, {""client_id"": 62, ""task_id"": 9}]","[28400847, 28401844, 28402841, 28403838, 28404835, 28405832, 28406829, 28407826, 28408823, 28409820]"
284,FedPhoenix,1,73.44000244140625,8.131745899969246,0.0,"[90, 91, 9, 58, 98, 5, 97, 92, 55, 12]","[{""client_id"": 90, ""task_id"": 0}, {""client_id"": 91, ""task_id"": 1}, {""client_id"": 9, ""task_id"": 2}, {""client_id"": 58, ""task_id"": 3}, {""client_id"": 98, ""task_id"": 4}, {""client_id"": 5, ""task_id"": 5}, {""client_id"": 97, ""task_id"": 6}, {""client_id"": 92, ""task_id"": 7}, {""client_id"": 55, ""task_id"": 8}, {""client_id"": 12, ""task_id"": 9}]","[28500850, 28501847, 28502844, 28503841, 28504838, 28505835, 28506832, 28507829, 28508826, 28509823]"
285,FedPhoenix,1,72.19000244140625,8.017549199983478,0.0,"[84, 9, 22, 95, 91, 55, 21, 15, 13, 1]","[{""client_id"": 84, ""task_id"": 0}, {""client_id"": 9, ""task_id"": 1}, {""client_id"": 22, ""task_id"": 2}, {""client_id"": 95, ""task_id"": 3}, {""client_id"": 91, ""task_id"": 4}, {""client_id"": 55, ""task_id"": 5}, {""client_id"": 21, ""task_id"": 6}, {""client_id"": 15, ""task_id"": 7}, {""client_id"": 13, ""task_id"": 8}, {""client_id"": 1, ""task_id"": 9}]","[28600853, 28601850, 28602847, 28603844, 28604841, 28605838, 28606835, 28607832, 28608829, 28609826]"
286,FedPhoenix,1,69.30000305175781,9.289002000004984,0.0,"[1, 53, 10, 7, 6, 90, 21, 92, 78, 46]","[{""client_id"": 1, ""task_id"": 0}, {""client_id"": 53, ""task_id"": 1}, {""client_id"": 10, ""task_id"": 2}, {""client_id"": 7, ""task_id"": 3}, {""client_id"": 6, ""task_id"": 4}, {""client_id"": 90, ""task_id"": 5}, {""client_id"": 21, ""task_id"": 6}, {""client_id"": 92, ""task_id"": 7}, {""client_id"": 78, ""task_id"": 8}, {""client_id"": 46, ""task_id"": 9}]","[28700856, 28701853, 28702850, 28703847, 28704844, 28705841, 28706838, 28707835, 28708832, 28709829]"
287,FedPhoenix,1,73.69999694824219,9.965041499992367,0.0,"[85, 92, 66, 58, 24, 86, 82, 2, 7, 64]","[{""client_id"": 85, ""task_id"": 0}, {""client_id"": 92, ""task_id"": 1}, {""client_id"": 66, ""task_id"": 2}, {""client_id"": 58, ""task_id"": 3}, {""client_id"": 24, ""task_id"": 4}, {""client_id"": 86, ""task_id"": 5}, {""client_id"": 82, ""task_id"": 6}, {""client_id"": 2, ""task_id"": 7}, {""client_id"": 7, ""task_id"": 8}, {""client_id"": 64, ""task_id"": 9}]","[28800859, 28801856, 28802853, 28803850, 28804847, 28805844, 28806841, 28807838, 28808835, 28809832]"
288,FedPhoenix,1,70.33999633789062,10.36874170001829,0.0,"[40, 50, 36, 99, 33, 79, 62, 74, 16, 22]","[{""client_id"": 40, ""task_id"": 0}, {""client_id"": 50, ""task_id"": 1}, {""client_id"": 36, ""task_id"": 2}, {""client_id"": 99, ""task_id"": 3}, {""client_id"": 33, ""task_id"": 4}, {""client_id"": 79, ""task_id"": 5}, {""client_id"": 62, ""task_id"": 6}, {""client_id"": 74, ""task_id"": 7}, {""client_id"": 16, ""task_id"": 8}, {""client_id"": 22, ""task_id"": 9}]","[28900862, 28901859, 28902856, 28903853, 28904850, 28905847, 28906844, 28907841, 28908838, 28909835]"
289,FedPhoenix,1,74.25,9.72732340003131,0.0,"[25, 33, 10, 14, 87, 8, 51, 83, 69, 57]","[{""client_id"": 25, ""task_id"": 0}, {""client_id"": 33, ""task_id"": 1}, {""client_id"": 10, ""task_id"": 2}, {""client_id"": 14, ""task_id"": 3}, {""client_id"": 87, ""task_id"": 4}, {""client_id"": 8, ""task_id"": 5}, {""client_id"": 51, ""task_id"": 6}, {""client_id"": 83, ""task_id"": 7}, {""client_id"": 69, ""task_id"": 8}, {""client_id"": 57, ""task_id"": 9}]","[29000865, 29001862, 29002859, 29003856, 29004853, 29005850, 29006847, 29007844, 29008841, 29009838]"
290,FedPhoenix,1,77.62000274658203,9.259545899985824,0.0,"[35, 15, 38, 19, 52, 46, 71, 9, 47, 75]","[{""client_id"": 35, ""task_id"": 0}, {""client_id"": 15, ""task_id"": 1}, {""client_id"": 38, ""task_id"": 2}, {""client_id"": 19, ""task_id"": 3}, {""client_id"": 52, ""task_id"": 4}, {""client_id"": 46, ""task_id"": 5}, {""client_id"": 71, ""task_id"": 6}, {""client_id"": 9, ""task_id"": 7}, {""client_id"": 47, ""task_id"": 8}, {""client_id"": 75, ""task_id"": 9}]","[29100868, 29101865, 29102862, 29103859, 29104856, 29105853, 29106850, 29107847, 29108844, 29109841]"
291,FedPhoenix,1,74.91000366210938,8.626966800016817,0.0,"[86, 92, 14, 8, 45, 38, 60, 63, 82, 46]","[{""client_id"": 86, ""task_id"": 0}, {""client_id"": 92, ""task_id"": 1}, {""client_id"": 14, ""task_id"": 2}, {""client_id"": 8, ""task_id"": 3}, {""client_id"": 45, ""task_id"": 4}, {""client_id"": 38, ""task_id"": 5}, {""client_id"": 60, ""task_id"": 6}, {""client_id"": 63, ""task_id"": 7}, {""client_id"": 82, ""task_id"": 8}, {""client_id"": 46, ""task_id"": 9}]","[29200871, 29201868, 29202865, 29203862, 29204859, 29205856, 29206853, 29207850, 29208847, 29209844]"
292,FedPhoenix,1,71.9000015258789,10.456173499987926,0.0,"[73, 57, 67, 14, 40, 24, 63, 35, 72, 69]","[{""client_id"": 73, ""task_id"": 0}, {""client_id"": 57, ""task_id"": 1}, {""client_id"": 67, ""task_id"": 2}, {""client_id"": 14, ""task_id"": 3}, {""client_id"": 40, ""task_id"": 4}, {""client_id"": 24, ""task_id"": 5}, {""client_id"": 63, ""task_id"": 6}, {""client_id"": 35, ""task_id"": 7}, {""client_id"": 72, ""task_id"": 8}, {""client_id"": 69, ""task_id"": 9}]","[29300874, 29301871, 29302868, 29303865, 29304862, 29305859, 29306856, 29307853, 29308850, 29309847]"
293,FedPhoenix,1,75.41999816894531,8.62660949997371,0.0,"[77, 55, 61, 34, 18, 35, 0, 97, 98, 26]","[{""client_id"": 77, ""task_id"": 0}, {""client_id"": 55, ""task_id"": 1}, {""client_id"": 61, ""task_id"": 2}, {""client_id"": 34, ""task_id"": 3}, {""client_id"": 18, ""task_id"": 4}, {""client_id"": 35, ""task_id"": 5}, {""client_id"": 0, ""task_id"": 6}, {""client_id"": 97, ""task_id"": 7}, {""client_id"": 98, ""task_id"": 8}, {""client_id"": 26, ""task_id"": 9}]","[29400877, 29401874, 29402871, 29403868, 29404865, 29405862, 29406859, 29407856, 29408853, 29409850]"
294,FedPhoenix,1,72.83999633789062,7.8859526999876834,0.0,"[90, 30, 53, 77, 76, 85, 8, 35, 81, 69]","[{""client_id"": 90, ""task_id"": 0}, {""client_id"": 30, ""task_id"": 1}, {""client_id"": 53, ""task_id"": 2}, {""client_id"": 77, ""task_id"": 3}, {""client_id"": 76, ""task_id"": 4}, {""client_id"": 85, ""task_id"": 5}, {""client_id"": 8, ""task_id"": 6}, {""client_id"": 35, ""task_id"": 7}, {""client_id"": 81, ""task_id"": 8}, {""client_id"": 69, ""task_id"": 9}]","[29500880, 29501877, 29502874, 29503871, 29504868, 29505865, 29506862, 29507859, 29508856, 29509853]"
295,FedPhoenix,1,22.559999465942383,10.727364799997304,0.0,"[52, 30, 46, 49, 35, 90, 6, 40, 20, 97]","[{""client_id"": 52, ""task_id"": 0}, {""client_id"": 30, ""task_id"": 1}, {""client_id"": 46, ""task_id"": 2}, {""client_id"": 49, ""task_id"": 3}, {""client_id"": 35, ""task_id"": 4}, {""client_id"": 90, ""task_id"": 5}, {""client_id"": 6, ""task_id"": 6}, {""client_id"": 40, ""task_id"": 7}, {""client_id"": 20, ""task_id"": 8}, {""client_id"": 97, ""task_id"": 9}]","[29600883, 29601880, 29602877, 29603874, 29604871, 29605868, 29606865, 29607862, 29608859, 29609856]"
296,FedPhoenix,1,69.36000061035156,9.39353309996659,0.0,"[42, 21, 97, 18, 44, 48, 98, 45, 7, 95]","[{""client_id"": 42, ""task_id"": 0}, {""client_id"": 21, ""task_id"": 1}, {""client_id"": 97, ""task_id"": 2}, {""client_id"": 18, ""task_id"": 3}, {""client_id"": 44, ""task_id"": 4}, {""client_id"": 48, ""task_id"": 5}, {""client_id"": 98, ""task_id"": 6}, {""client_id"": 45, ""task_id"": 7}, {""client_id"": 7, ""task_id"": 8}, {""client_id"": 95, ""task_id"": 9}]","[29700886, 29701883, 29702880, 29703877, 29704874, 29705871, 29706868, 29707865, 29708862, 29709859]"
297,FedPhoenix,1,75.76000213623047,8.918841400009114,0.0,"[67, 72, 49, 58, 2, 66, 55, 98, 25, 53]","[{""client_id"": 67, ""task_id"": 0}, {""client_id"": 72, ""task_id"": 1}, {""client_id"": 49, ""task_id"": 2}, {""client_id"": 58, ""task_id"": 3}, {""client_id"": 2, ""task_id"": 4}, {""client_id"": 66, ""task_id"": 5}, {""client_id"": 55, ""task_id"": 6}, {""client_id"": 98, ""task_id"": 7}, {""client_id"": 25, ""task_id"": 8}, {""client_id"": 53, ""task_id"": 9}]","[29800889, 29801886, 29802883, 29803880, 29804877, 29805874, 29806871, 29807868, 29808865, 29809862]"
298,FedPhoenix,1,65.5199966430664,10.914202600019053,0.0,"[16, 2, 36, 77, 86, 40, 87, 33, 95, 75]","[{""client_id"": 16, ""task_id"": 0}, {""client_id"": 2, ""task_id"": 1}, {""client_id"": 36, ""task_id"": 2}, {""client_id"": 77, ""task_id"": 3}, {""client_id"": 86, ""task_id"": 4}, {""client_id"": 40, ""task_id"": 5}, {""client_id"": 87, ""task_id"": 6}, {""client_id"": 33, ""task_id"": 7}, {""client_id"": 95, ""task_id"": 8}, {""client_id"": 75, ""task_id"": 9}]","[29900892, 29901889, 29902886, 29903883, 29904880, 29905877, 29906874, 29907871, 29908868, 29909865]"
299,FedPhoenix,1,72.87000274658203,10.026850300026126,0.0,"[1, 66, 81, 52, 47, 99, 38, 56, 65, 4]","[{""client_id"": 1, ""task_id"": 0}, {""client_id"": 66, ""task_id"": 1}, {""client_id"": 81, ""task_id"": 2}, {""client_id"": 52, ""task_id"": 3}, {""client_id"": 47, ""task_id"": 4}, {""client_id"": 99, ""task_id"": 5}, {""client_id"": 38, ""task_id"": 6}, {""client_id"": 56, ""task_id"": 7}, {""client_id"": 65, ""task_id"": 8}, {""client_id"": 4, ""task_id"": 9}]","[30000895, 30001892, 30002889, 30003886, 30004883, 30005880, 30006877, 30007874, 30008871, 30009868]"
300,FedPhoenix,1,73.93000030517578,9.637556299974676,0.0,"[73, 93, 90, 66, 22, 52, 77, 18, 71, 39]","[{""client_id"": 73, ""task_id"": 0}, {""client_id"": 93, ""task_id"": 1}, {""client_id"": 90, ""task_id"": 2}, {""client_id"": 66, ""task_id"": 3}, {""client_id"": 22, ""task_id"": 4}, {""client_id"": 52, ""task_id"": 5}, {""client_id"": 77, ""task_id"": 6}, {""client_id"": 18, ""task_id"": 7}, {""client_id"": 71, ""task_id"": 8}, {""client_id"": 39, ""task_id"": 9}]","[30100898, 30101895, 30102892, 30103889, 30104886, 30105883, 30106880, 30107877, 30108874, 30109871]"
