Client partition: 100 clients, min=30, max=1447, mean=500.00, std=220.72
Evaluation protocol: full server test set evaluated every round (10000 samples).
VGG16(
  (features): Sequential(
    (0): Conv2d(3, 64, kernel_size=(3, 3), stride=(1, 1), padding=(1, 1))
    (1): BatchNorm2d(64, eps=1e-05, momentum=0.1, affine=True, track_running_stats=True)
    (2): ReLU(inplace=True)
    (3): Conv2d(64, 64, kernel_size=(3, 3), stride=(1, 1), padding=(1, 1))
    (4): BatchNorm2d(64, eps=1e-05, momentum=0.1, affine=True, track_running_stats=True)
    (5): ReLU(inplace=True)
    (6): MaxPool2d(kernel_size=2, stride=2, padding=0, dilation=1, ceil_mode=False)
    (7): Conv2d(64, 128, kernel_size=(3, 3), stride=(1, 1), padding=(1, 1))
    (8): BatchNorm2d(128, eps=1e-05, momentum=0.1, affine=True, track_running_stats=True)
    (9): ReLU(inplace=True)
    (10): Conv2d(128, 128, kernel_size=(3, 3), stride=(1, 1), padding=(1, 1))
    (11): BatchNorm2d(128, eps=1e-05, momentum=0.1, affine=True, track_running_stats=True)
    (12): ReLU(inplace=True)
    (13): MaxPool2d(kernel_size=2, stride=2, padding=0, dilation=1, ceil_mode=False)
    (14): Conv2d(128, 256, kernel_size=(3, 3), stride=(1, 1), padding=(1, 1))
    (15): BatchNorm2d(256, eps=1e-05, momentum=0.1, affine=True, track_running_stats=True)
    (16): ReLU(inplace=True)
    (17): Conv2d(256, 256, kernel_size=(3, 3), stride=(1, 1), padding=(1, 1))
    (18): BatchNorm2d(256, eps=1e-05, momentum=0.1, affine=True, track_running_stats=True)
    (19): ReLU(inplace=True)
    (20): Conv2d(256, 256, kernel_size=(3, 3), stride=(1, 1), padding=(1, 1))
    (21): BatchNorm2d(256, eps=1e-05, momentum=0.1, affine=True, track_running_stats=True)
    (22): ReLU(inplace=True)
    (23): MaxPool2d(kernel_size=2, stride=2, padding=0, dilation=1, ceil_mode=False)
    (24): Conv2d(256, 512, kernel_size=(3, 3), stride=(1, 1), padding=(1, 1))
    (25): BatchNorm2d(512, eps=1e-05, momentum=0.1, affine=True, track_running_stats=True)
    (26): ReLU(inplace=True)
    (27): Conv2d(512, 512, kernel_size=(3, 3), stride=(1, 1), padding=(1, 1))
    (28): BatchNorm2d(512, eps=1e-05, momentum=0.1, affine=True, track_running_stats=True)
    (29): ReLU(inplace=True)
    (30): Conv2d(512, 512, kernel_size=(3, 3), stride=(1, 1), padding=(1, 1))
    (31): BatchNorm2d(512, eps=1e-05, momentum=0.1, affine=True, track_running_stats=True)
    (32): ReLU(inplace=True)
    (33): MaxPool2d(kernel_size=2, stride=2, padding=0, dilation=1, ceil_mode=False)
    (34): Conv2d(512, 512, kernel_size=(3, 3), stride=(1, 1), padding=(1, 1))
    (35): BatchNorm2d(512, eps=1e-05, momentum=0.1, affine=True, track_running_stats=True)
    (36): ReLU(inplace=True)
    (37): Conv2d(512, 512, kernel_size=(3, 3), stride=(1, 1), padding=(1, 1))
    (38): BatchNorm2d(512, eps=1e-05, momentum=0.1, affine=True, track_running_stats=True)
    (39): ReLU(inplace=True)
    (40): Conv2d(512, 512, kernel_size=(3, 3), stride=(1, 1), padding=(1, 1))
    (41): BatchNorm2d(512, eps=1e-05, momentum=0.1, affine=True, track_running_stats=True)
    (42): ReLU(inplace=True)
    (43): MaxPool2d(kernel_size=2, stride=2, padding=0, dilation=1, ceil_mode=False)
    (44): AdaptiveAvgPool2d(output_size=(1, 1))
  )
  (classifier): Sequential(
    (0): Linear(in_features=512, out_features=4096, bias=True)
    (1): ReLU(inplace=True)
    (2): Dropout(p=0.5, inplace=False)
    (3): Linear(in_features=4096, out_features=4096, bias=True)
    (4): ReLU(inplace=True)
    (5): Dropout(p=0.5, inplace=False)
  )
  (fc): Linear(in_features=4096, out_features=10, bias=True)
)
********************************************************************************
Round   0
ROUND_ACCURACY method=FedPhoenixRG-RGE round=1 accuracy=10.000000
********************************************************************************
Round   1
ROUND_ACCURACY method=FedPhoenixRG-RGE round=2 accuracy=13.230000
********************************************************************************
Round   2
ROUND_ACCURACY method=FedPhoenixRG-RGE round=3 accuracy=12.230000
********************************************************************************
Round   3
ROUND_ACCURACY method=FedPhoenixRG-RGE round=4 accuracy=16.290001
********************************************************************************
Round   4
ROUND_ACCURACY method=FedPhoenixRG-RGE round=5 accuracy=32.419998
********************************************************************************
Round   5
ROUND_ACCURACY method=FedPhoenixRG-RGE round=6 accuracy=17.620001
********************************************************************************
Round   6
ROUND_ACCURACY method=FedPhoenixRG-RGE round=7 accuracy=24.139999
********************************************************************************
Round   7
ROUND_ACCURACY method=FedPhoenixRG-RGE round=8 accuracy=23.680000
********************************************************************************
Round   8
ROUND_ACCURACY method=FedPhoenixRG-RGE round=9 accuracy=30.129999
********************************************************************************
Round   9
ROUND_ACCURACY method=FedPhoenixRG-RGE round=10 accuracy=29.730000
********************************************************************************
Round  10
ROUND_ACCURACY method=FedPhoenixRG-RGE round=11 accuracy=38.230000
********************************************************************************
Round  11
ROUND_ACCURACY method=FedPhoenixRG-RGE round=12 accuracy=36.910000
********************************************************************************
Round  12
ROUND_ACCURACY method=FedPhoenixRG-RGE round=13 accuracy=38.220001
********************************************************************************
Round  13
ROUND_ACCURACY method=FedPhoenixRG-RGE round=14 accuracy=46.650002
********************************************************************************
Round  14
ROUND_ACCURACY method=FedPhoenixRG-RGE round=15 accuracy=45.459999
********************************************************************************
Round  15
ROUND_ACCURACY method=FedPhoenixRG-RGE round=16 accuracy=46.720001
********************************************************************************
Round  16
ROUND_ACCURACY method=FedPhoenixRG-RGE round=17 accuracy=45.529999
********************************************************************************
Round  17
ROUND_ACCURACY method=FedPhoenixRG-RGE round=18 accuracy=35.709999
********************************************************************************
Round  18
ROUND_ACCURACY method=FedPhoenixRG-RGE round=19 accuracy=44.220001
********************************************************************************
Round  19
RG_SCORE round=20 layer=features.0 mean_q=0.081847 max_q=0.267023 fraction_q_positive=0.828125 sampling_entropy=3.960480 uniform_entropy=4.158883 entropy_gap=0.198403 max_probability_over_uniform=2.696858 min_probability_over_uniform=0.250000
RG_SCORE round=20 layer=features.3 mean_q=0.059730 max_q=0.116280 fraction_q_positive=1.000000 sampling_entropy=4.113614 uniform_entropy=4.158883 entropy_gap=0.045269 max_probability_over_uniform=1.710082 min_probability_over_uniform=0.418985
RG_SCORE round=20 layer=features.7 mean_q=0.049782 max_q=0.101558 fraction_q_positive=0.992188 sampling_entropy=4.820838 uniform_entropy=4.852030 entropy_gap=0.031192 max_probability_over_uniform=1.780039 min_probability_over_uniform=0.250000
RG_SCORE round=20 layer=features.10 mean_q=0.043774 max_q=0.087141 fraction_q_positive=1.000000 sampling_entropy=4.828476 uniform_entropy=4.852030 entropy_gap=0.023554 max_probability_over_uniform=1.743026 min_probability_over_uniform=0.417044
RG_SCORE round=20 layer=features.14 mean_q=0.040955 max_q=0.081388 fraction_q_positive=1.000000 sampling_entropy=5.517949 uniform_entropy=5.545177 entropy_gap=0.027228 max_probability_over_uniform=1.740433 min_probability_over_uniform=0.493658
RG_SCORE round=20 layer=features.17 mean_q=0.039022 max_q=0.066574 fraction_q_positive=1.000000 sampling_entropy=5.530565 uniform_entropy=5.545177 entropy_gap=0.014612 max_probability_over_uniform=1.529546 min_probability_over_uniform=0.475188
RG_SCORE round=20 layer=features.20 mean_q=0.039846 max_q=0.061646 fraction_q_positive=1.000000 sampling_entropy=5.534711 uniform_entropy=5.545177 entropy_gap=0.010467 max_probability_over_uniform=1.410321 min_probability_over_uniform=0.644390
RG_SCORE round=20 layer=features.24 mean_q=0.041173 max_q=0.078098 fraction_q_positive=1.000000 sampling_entropy=6.211638 uniform_entropy=6.238325 entropy_gap=0.026687 max_probability_over_uniform=1.672632 min_probability_over_uniform=0.330413
RG_SCORE round=20 layer=features.27 mean_q=0.037594 max_q=0.080712 fraction_q_positive=1.000000 sampling_entropy=6.220241 uniform_entropy=6.238325 entropy_gap=0.018084 max_probability_over_uniform=1.860205 min_probability_over_uniform=0.530624
RG_SCORE round=20 layer=features.30 mean_q=0.037160 max_q=0.072138 fraction_q_positive=1.000000 sampling_entropy=6.212488 uniform_entropy=6.238325 entropy_gap=0.025836 max_probability_over_uniform=1.705957 min_probability_over_uniform=0.257568
RG_SCORE round=20 layer=features.34 mean_q=0.057084 max_q=0.134792 fraction_q_positive=0.992188 sampling_entropy=6.190251 uniform_entropy=6.238325 entropy_gap=0.048074 max_probability_over_uniform=2.020960 min_probability_over_uniform=0.250000
RG_SCORE round=20 layer=features.37 mean_q=0.063538 max_q=0.129223 fraction_q_positive=1.000000 sampling_entropy=6.206990 uniform_entropy=6.238325 entropy_gap=0.031334 max_probability_over_uniform=1.775338 min_probability_over_uniform=0.437227
RG_SCORE round=20 layer=features.40 mean_q=0.082664 max_q=0.183493 fraction_q_positive=1.000000 sampling_entropy=6.179332 uniform_entropy=6.238325 entropy_gap=0.058993 max_probability_over_uniform=1.914812 min_probability_over_uniform=0.306321
ROUND_ACCURACY method=FedPhoenixRG-RGE round=20 accuracy=45.060001
********************************************************************************
Round  20
ROUND_ACCURACY method=FedPhoenixRG-RGE round=21 accuracy=51.549999
********************************************************************************
Round  21
ROUND_ACCURACY method=FedPhoenixRG-RGE round=22 accuracy=55.709999
********************************************************************************
Round  22
ROUND_ACCURACY method=FedPhoenixRG-RGE round=23 accuracy=46.830002
********************************************************************************
Round  23
ROUND_ACCURACY method=FedPhoenixRG-RGE round=24 accuracy=52.770000
********************************************************************************
Round  24
ROUND_ACCURACY method=FedPhoenixRG-RGE round=25 accuracy=53.630001
********************************************************************************
Round  25
ROUND_ACCURACY method=FedPhoenixRG-RGE round=26 accuracy=51.180000
********************************************************************************
Round  26
ROUND_ACCURACY method=FedPhoenixRG-RGE round=27 accuracy=54.279999
********************************************************************************
Round  27
ROUND_ACCURACY method=FedPhoenixRG-RGE round=28 accuracy=50.610001
********************************************************************************
Round  28
ROUND_ACCURACY method=FedPhoenixRG-RGE round=29 accuracy=45.430000
********************************************************************************
Round  29
ROUND_ACCURACY method=FedPhoenixRG-RGE round=30 accuracy=56.060001
********************************************************************************
Round  30
ROUND_ACCURACY method=FedPhoenixRG-RGE round=31 accuracy=57.099998
********************************************************************************
Round  31
ROUND_ACCURACY method=FedPhoenixRG-RGE round=32 accuracy=58.470001
********************************************************************************
Round  32
ROUND_ACCURACY method=FedPhoenixRG-RGE round=33 accuracy=58.500000
********************************************************************************
Round  33
ROUND_ACCURACY method=FedPhoenixRG-RGE round=34 accuracy=65.550003
********************************************************************************
Round  34
ROUND_ACCURACY method=FedPhoenixRG-RGE round=35 accuracy=53.500000
********************************************************************************
Round  35
ROUND_ACCURACY method=FedPhoenixRG-RGE round=36 accuracy=52.959999
********************************************************************************
Round  36
ROUND_ACCURACY method=FedPhoenixRG-RGE round=37 accuracy=61.939999
********************************************************************************
Round  37
ROUND_ACCURACY method=FedPhoenixRG-RGE round=38 accuracy=58.490002
********************************************************************************
Round  38
ROUND_ACCURACY method=FedPhoenixRG-RGE round=39 accuracy=61.119999
********************************************************************************
Round  39
RG_SCORE round=40 layer=features.0 mean_q=0.178524 max_q=0.310149 fraction_q_positive=1.000000 sampling_entropy=4.120052 uniform_entropy=4.158883 entropy_gap=0.038831 max_probability_over_uniform=1.552970 min_probability_over_uniform=0.389150
RG_SCORE round=40 layer=features.3 mean_q=0.163910 max_q=0.198439 fraction_q_positive=1.000000 sampling_entropy=4.153500 uniform_entropy=4.158883 entropy_gap=0.005383 max_probability_over_uniform=1.157995 min_probability_over_uniform=0.653775
RG_SCORE round=40 layer=features.7 mean_q=0.142032 max_q=0.195572 fraction_q_positive=1.000000 sampling_entropy=4.846712 uniform_entropy=4.852030 entropy_gap=0.005318 max_probability_over_uniform=1.282722 min_probability_over_uniform=0.725072
RG_SCORE round=40 layer=features.10 mean_q=0.133905 max_q=0.185048 fraction_q_positive=1.000000 sampling_entropy=4.847508 uniform_entropy=4.852030 entropy_gap=0.004522 max_probability_over_uniform=1.286447 min_probability_over_uniform=0.802295
RG_SCORE round=40 layer=features.14 mean_q=0.128530 max_q=0.191092 fraction_q_positive=1.000000 sampling_entropy=5.540474 uniform_entropy=5.545177 entropy_gap=0.004703 max_probability_over_uniform=1.365062 min_probability_over_uniform=0.754754
RG_SCORE round=40 layer=features.17 mean_q=0.121043 max_q=0.160726 fraction_q_positive=1.000000 sampling_entropy=5.541963 uniform_entropy=5.545177 entropy_gap=0.003215 max_probability_over_uniform=1.245876 min_probability_over_uniform=0.751976
RG_SCORE round=40 layer=features.20 mean_q=0.124501 max_q=0.165964 fraction_q_positive=1.000000 sampling_entropy=5.541325 uniform_entropy=5.545177 entropy_gap=0.003852 max_probability_over_uniform=1.249774 min_probability_over_uniform=0.775672
RG_SCORE round=40 layer=features.24 mean_q=0.119368 max_q=0.175262 fraction_q_positive=1.000000 sampling_entropy=6.231052 uniform_entropy=6.238325 entropy_gap=0.007273 max_probability_over_uniform=1.351193 min_probability_over_uniform=0.648492
RG_SCORE round=40 layer=features.27 mean_q=0.099542 max_q=0.150593 fraction_q_positive=1.000000 sampling_entropy=6.230789 uniform_entropy=6.238325 entropy_gap=0.007536 max_probability_over_uniform=1.384643 min_probability_over_uniform=0.507840
RG_SCORE round=40 layer=features.30 mean_q=0.091693 max_q=0.146450 fraction_q_positive=1.000000 sampling_entropy=6.221496 uniform_entropy=6.238325 entropy_gap=0.016829 max_probability_over_uniform=1.447884 min_probability_over_uniform=0.303438
RG_SCORE round=40 layer=features.34 mean_q=0.131518 max_q=0.355996 fraction_q_positive=0.937500 sampling_entropy=6.158118 uniform_entropy=6.238325 entropy_gap=0.080206 max_probability_over_uniform=2.280121 min_probability_over_uniform=0.250000
RG_SCORE round=40 layer=features.37 mean_q=0.112119 max_q=0.256866 fraction_q_positive=0.929688 sampling_entropy=6.138949 uniform_entropy=6.238325 entropy_gap=0.099375 max_probability_over_uniform=1.968259 min_probability_over_uniform=0.250000
RG_SCORE round=40 layer=features.40 mean_q=0.130038 max_q=0.358129 fraction_q_positive=0.935547 sampling_entropy=6.123763 uniform_entropy=6.238325 entropy_gap=0.114562 max_probability_over_uniform=2.315519 min_probability_over_uniform=0.250000
ROUND_ACCURACY method=FedPhoenixRG-RGE round=40 accuracy=66.150002
********************************************************************************
Round  40
ROUND_ACCURACY method=FedPhoenixRG-RGE round=41 accuracy=67.300003
********************************************************************************
Round  41
ROUND_ACCURACY method=FedPhoenixRG-RGE round=42 accuracy=59.660000
********************************************************************************
Round  42
ROUND_ACCURACY method=FedPhoenixRG-RGE round=43 accuracy=60.799999
********************************************************************************
Round  43
ROUND_ACCURACY method=FedPhoenixRG-RGE round=44 accuracy=62.060001
********************************************************************************
Round  44
ROUND_ACCURACY method=FedPhoenixRG-RGE round=45 accuracy=50.759998
********************************************************************************
Round  45
ROUND_ACCURACY method=FedPhoenixRG-RGE round=46 accuracy=66.290001
********************************************************************************
Round  46
ROUND_ACCURACY method=FedPhoenixRG-RGE round=47 accuracy=59.919998
********************************************************************************
Round  47
ROUND_ACCURACY method=FedPhoenixRG-RGE round=48 accuracy=60.230000
********************************************************************************
Round  48
ROUND_ACCURACY method=FedPhoenixRG-RGE round=49 accuracy=60.549999
********************************************************************************
Round  49
ROUND_ACCURACY method=FedPhoenixRG-RGE round=50 accuracy=61.680000
********************************************************************************
Round  50
ROUND_ACCURACY method=FedPhoenixRG-RGE round=51 accuracy=57.380001
********************************************************************************
Round  51
ROUND_ACCURACY method=FedPhoenixRG-RGE round=52 accuracy=66.750000
********************************************************************************
Round  52
ROUND_ACCURACY method=FedPhoenixRG-RGE round=53 accuracy=57.939999
********************************************************************************
Round  53
ROUND_ACCURACY method=FedPhoenixRG-RGE round=54 accuracy=50.369999
********************************************************************************
Round  54
ROUND_ACCURACY method=FedPhoenixRG-RGE round=55 accuracy=66.480003
********************************************************************************
Round  55
ROUND_ACCURACY method=FedPhoenixRG-RGE round=56 accuracy=65.620003
********************************************************************************
Round  56
ROUND_ACCURACY method=FedPhoenixRG-RGE round=57 accuracy=59.990002
********************************************************************************
Round  57
ROUND_ACCURACY method=FedPhoenixRG-RGE round=58 accuracy=44.840000
********************************************************************************
Round  58
ROUND_ACCURACY method=FedPhoenixRG-RGE round=59 accuracy=63.689999
********************************************************************************
Round  59
RG_SCORE round=60 layer=features.0 mean_q=0.129396 max_q=0.308248 fraction_q_positive=0.937500 sampling_entropy=4.053327 uniform_entropy=4.158883 entropy_gap=0.105556 max_probability_over_uniform=2.036661 min_probability_over_uniform=0.250000
RG_SCORE round=60 layer=features.3 mean_q=0.153933 max_q=0.216224 fraction_q_positive=1.000000 sampling_entropy=4.147818 uniform_entropy=4.158883 entropy_gap=0.011066 max_probability_over_uniform=1.303495 min_probability_over_uniform=0.486746
RG_SCORE round=60 layer=features.7 mean_q=0.159292 max_q=0.230143 fraction_q_positive=1.000000 sampling_entropy=4.846218 uniform_entropy=4.852030 entropy_gap=0.005812 max_probability_over_uniform=1.333593 min_probability_over_uniform=0.693572
RG_SCORE round=60 layer=features.10 mean_q=0.156845 max_q=0.199652 fraction_q_positive=1.000000 sampling_entropy=4.848693 uniform_entropy=4.852030 entropy_gap=0.003337 max_probability_over_uniform=1.204691 min_probability_over_uniform=0.777309
RG_SCORE round=60 layer=features.14 mean_q=0.155262 max_q=0.229320 fraction_q_positive=1.000000 sampling_entropy=5.540631 uniform_entropy=5.545177 entropy_gap=0.004547 max_probability_over_uniform=1.357741 min_probability_over_uniform=0.753665
RG_SCORE round=60 layer=features.17 mean_q=0.147997 max_q=0.179202 fraction_q_positive=1.000000 sampling_entropy=5.543054 uniform_entropy=5.545177 entropy_gap=0.002123 max_probability_over_uniform=1.158135 min_probability_over_uniform=0.825396
RG_SCORE round=60 layer=features.20 mean_q=0.153578 max_q=0.195473 fraction_q_positive=1.000000 sampling_entropy=5.543137 uniform_entropy=5.545177 entropy_gap=0.002040 max_probability_over_uniform=1.204596 min_probability_over_uniform=0.836657
RG_SCORE round=60 layer=features.24 mean_q=0.150731 max_q=0.197832 fraction_q_positive=1.000000 sampling_entropy=6.234497 uniform_entropy=6.238325 entropy_gap=0.003828 max_probability_over_uniform=1.234360 min_probability_over_uniform=0.744600
RG_SCORE round=60 layer=features.27 mean_q=0.129480 max_q=0.175516 fraction_q_positive=1.000000 sampling_entropy=6.234597 uniform_entropy=6.238325 entropy_gap=0.003727 max_probability_over_uniform=1.266663 min_probability_over_uniform=0.731560
RG_SCORE round=60 layer=features.30 mean_q=0.127269 max_q=0.184791 fraction_q_positive=1.000000 sampling_entropy=6.231856 uniform_entropy=6.238325 entropy_gap=0.006469 max_probability_over_uniform=1.338979 min_probability_over_uniform=0.705523
RG_SCORE round=60 layer=features.34 mean_q=0.226963 max_q=0.347150 fraction_q_positive=1.000000 sampling_entropy=6.231131 uniform_entropy=6.238325 entropy_gap=0.007194 max_probability_over_uniform=1.397156 min_probability_over_uniform=0.497678
RG_SCORE round=60 layer=features.37 mean_q=0.254824 max_q=0.375760 fraction_q_positive=1.000000 sampling_entropy=6.229154 uniform_entropy=6.238325 entropy_gap=0.009171 max_probability_over_uniform=1.355941 min_probability_over_uniform=0.575664
RG_SCORE round=60 layer=features.40 mean_q=0.283831 max_q=0.534046 fraction_q_positive=0.994141 sampling_entropy=6.187725 uniform_entropy=6.238325 entropy_gap=0.050599 max_probability_over_uniform=1.661172 min_probability_over_uniform=0.250000
ROUND_ACCURACY method=FedPhoenixRG-RGE round=60 accuracy=65.580002
********************************************************************************
Round  60
ROUND_ACCURACY method=FedPhoenixRG-RGE round=61 accuracy=67.169998
********************************************************************************
Round  61
ROUND_ACCURACY method=FedPhoenixRG-RGE round=62 accuracy=65.470001
********************************************************************************
Round  62
ROUND_ACCURACY method=FedPhoenixRG-RGE round=63 accuracy=66.080002
********************************************************************************
Round  63
ROUND_ACCURACY method=FedPhoenixRG-RGE round=64 accuracy=64.389999
********************************************************************************
Round  64
ROUND_ACCURACY method=FedPhoenixRG-RGE round=65 accuracy=66.330002
********************************************************************************
Round  65
ROUND_ACCURACY method=FedPhoenixRG-RGE round=66 accuracy=64.360001
********************************************************************************
Round  66
ROUND_ACCURACY method=FedPhoenixRG-RGE round=67 accuracy=62.200001
********************************************************************************
Round  67
ROUND_ACCURACY method=FedPhoenixRG-RGE round=68 accuracy=57.169998
********************************************************************************
Round  68
ROUND_ACCURACY method=FedPhoenixRG-RGE round=69 accuracy=70.629997
********************************************************************************
Round  69
ROUND_ACCURACY method=FedPhoenixRG-RGE round=70 accuracy=62.660000
********************************************************************************
Round  70
ROUND_ACCURACY method=FedPhoenixRG-RGE round=71 accuracy=58.599998
********************************************************************************
Round  71
ROUND_ACCURACY method=FedPhoenixRG-RGE round=72 accuracy=62.740002
********************************************************************************
Round  72
ROUND_ACCURACY method=FedPhoenixRG-RGE round=73 accuracy=66.209999
********************************************************************************
Round  73
ROUND_ACCURACY method=FedPhoenixRG-RGE round=74 accuracy=68.959999
********************************************************************************
Round  74
ROUND_ACCURACY method=FedPhoenixRG-RGE round=75 accuracy=71.250000
********************************************************************************
Round  75
ROUND_ACCURACY method=FedPhoenixRG-RGE round=76 accuracy=64.139999
********************************************************************************
Round  76
ROUND_ACCURACY method=FedPhoenixRG-RGE round=77 accuracy=63.630001
********************************************************************************
Round  77
RGE_GATE round=78 layer=features.0 retention=0.993934 triggered=1 extended_rounds=20
ROUND_ACCURACY method=FedPhoenixRG-RGE round=78 accuracy=64.550003
********************************************************************************
Round  78
ROUND_ACCURACY method=FedPhoenixRG-RGE round=79 accuracy=69.309998
********************************************************************************
Round  79
RG_SCORE round=80 layer=features.0 mean_q=0.150036 max_q=0.325465 fraction_q_positive=0.984375 sampling_entropy=4.093506 uniform_entropy=4.158883 entropy_gap=0.065377 max_probability_over_uniform=1.876939 min_probability_over_uniform=0.250000
RG_SCORE round=80 layer=features.3 mean_q=0.179313 max_q=0.220334 fraction_q_positive=1.000000 sampling_entropy=4.153778 uniform_entropy=4.158883 entropy_gap=0.005105 max_probability_over_uniform=1.171575 min_probability_over_uniform=0.709780
RG_SCORE round=80 layer=features.7 mean_q=0.183028 max_q=0.230452 fraction_q_positive=1.000000 sampling_entropy=4.848807 uniform_entropy=4.852030 entropy_gap=0.003224 max_probability_over_uniform=1.194330 min_probability_over_uniform=0.799259
RG_SCORE round=80 layer=features.10 mean_q=0.180848 max_q=0.221929 fraction_q_positive=1.000000 sampling_entropy=4.849618 uniform_entropy=4.852030 entropy_gap=0.002412 max_probability_over_uniform=1.170365 min_probability_over_uniform=0.725682
RG_SCORE round=80 layer=features.14 mean_q=0.183278 max_q=0.236761 fraction_q_positive=1.000000 sampling_entropy=5.542423 uniform_entropy=5.545177 entropy_gap=0.002755 max_probability_over_uniform=1.218862 min_probability_over_uniform=0.805947
RG_SCORE round=80 layer=features.17 mean_q=0.171213 max_q=0.222187 fraction_q_positive=1.000000 sampling_entropy=5.542978 uniform_entropy=5.545177 entropy_gap=0.002200 max_probability_over_uniform=1.223292 min_probability_over_uniform=0.840213
RG_SCORE round=80 layer=features.20 mean_q=0.178290 max_q=0.217818 fraction_q_positive=1.000000 sampling_entropy=5.543670 uniform_entropy=5.545177 entropy_gap=0.001507 max_probability_over_uniform=1.166281 min_probability_over_uniform=0.842894
RG_SCORE round=80 layer=features.24 mean_q=0.182719 max_q=0.242530 fraction_q_positive=1.000000 sampling_entropy=6.235555 uniform_entropy=6.238325 entropy_gap=0.002770 max_probability_over_uniform=1.245502 min_probability_over_uniform=0.766004
RG_SCORE round=80 layer=features.27 mean_q=0.157547 max_q=0.203628 fraction_q_positive=1.000000 sampling_entropy=6.235669 uniform_entropy=6.238325 entropy_gap=0.002655 max_probability_over_uniform=1.219371 min_probability_over_uniform=0.814540
RG_SCORE round=80 layer=features.30 mean_q=0.155604 max_q=0.223348 fraction_q_positive=1.000000 sampling_entropy=6.234389 uniform_entropy=6.238325 entropy_gap=0.003936 max_probability_over_uniform=1.326520 min_probability_over_uniform=0.730985
RG_SCORE round=80 layer=features.34 mean_q=0.297424 max_q=0.402465 fraction_q_positive=1.000000 sampling_entropy=6.234338 uniform_entropy=6.238325 entropy_gap=0.003986 max_probability_over_uniform=1.264879 min_probability_over_uniform=0.708412
RG_SCORE round=80 layer=features.37 mean_q=0.336908 max_q=0.447696 fraction_q_positive=1.000000 sampling_entropy=6.233145 uniform_entropy=6.238325 entropy_gap=0.005180 max_probability_over_uniform=1.246629 min_probability_over_uniform=0.728994
RG_SCORE round=80 layer=features.40 mean_q=0.332894 max_q=0.575041 fraction_q_positive=1.000000 sampling_entropy=6.199002 uniform_entropy=6.238325 entropy_gap=0.039322 max_probability_over_uniform=1.545550 min_probability_over_uniform=0.275747
ROUND_ACCURACY method=FedPhoenixRG-RGE round=80 accuracy=68.690002
********************************************************************************
Round  80
ROUND_ACCURACY method=FedPhoenixRG-RGE round=81 accuracy=65.440002
********************************************************************************
Round  81
ROUND_ACCURACY method=FedPhoenixRG-RGE round=82 accuracy=65.029999
********************************************************************************
Round  82
ROUND_ACCURACY method=FedPhoenixRG-RGE round=83 accuracy=69.900002
********************************************************************************
Round  83
ROUND_ACCURACY method=FedPhoenixRG-RGE round=84 accuracy=66.099998
********************************************************************************
Round  84
ROUND_ACCURACY method=FedPhoenixRG-RGE round=85 accuracy=70.089996
********************************************************************************
Round  85
ROUND_ACCURACY method=FedPhoenixRG-RGE round=86 accuracy=67.940002
********************************************************************************
Round  86
ROUND_ACCURACY method=FedPhoenixRG-RGE round=87 accuracy=69.180000
********************************************************************************
Round  87
ROUND_ACCURACY method=FedPhoenixRG-RGE round=88 accuracy=69.790001
********************************************************************************
Round  88
ROUND_ACCURACY method=FedPhoenixRG-RGE round=89 accuracy=72.129997
********************************************************************************
Round  89
ROUND_ACCURACY method=FedPhoenixRG-RGE round=90 accuracy=58.470001
********************************************************************************
Round  90
ROUND_ACCURACY method=FedPhoenixRG-RGE round=91 accuracy=71.180000
********************************************************************************
Round  91
ROUND_ACCURACY method=FedPhoenixRG-RGE round=92 accuracy=67.699997
********************************************************************************
Round  92
ROUND_ACCURACY method=FedPhoenixRG-RGE round=93 accuracy=67.709999
********************************************************************************
Round  93
ROUND_ACCURACY method=FedPhoenixRG-RGE round=94 accuracy=67.519997
********************************************************************************
Round  94
ROUND_ACCURACY method=FedPhoenixRG-RGE round=95 accuracy=70.500000
********************************************************************************
Round  95
ROUND_ACCURACY method=FedPhoenixRG-RGE round=96 accuracy=69.599998
********************************************************************************
Round  96
ROUND_ACCURACY method=FedPhoenixRG-RGE round=97 accuracy=66.070000
********************************************************************************
Round  97
ROUND_ACCURACY method=FedPhoenixRG-RGE round=98 accuracy=65.239998
********************************************************************************
Round  98
ROUND_ACCURACY method=FedPhoenixRG-RGE round=99 accuracy=60.820000
********************************************************************************
Round  99
RG_SCORE round=100 layer=features.0 mean_q=0.136261 max_q=0.388437 fraction_q_positive=0.890625 sampling_entropy=4.000582 uniform_entropy=4.158883 entropy_gap=0.158301 max_probability_over_uniform=2.388009 min_probability_over_uniform=0.250000
RG_SCORE round=100 layer=features.3 mean_q=0.157589 max_q=0.217467 fraction_q_positive=1.000000 sampling_entropy=4.152665 uniform_entropy=4.158883 entropy_gap=0.006218 max_probability_over_uniform=1.284971 min_probability_over_uniform=0.749064
RG_SCORE round=100 layer=features.7 mean_q=0.180320 max_q=0.232015 fraction_q_positive=1.000000 sampling_entropy=4.847270 uniform_entropy=4.852030 entropy_gap=0.004760 max_probability_over_uniform=1.215012 min_probability_over_uniform=0.768224
RG_SCORE round=100 layer=features.10 mean_q=0.180128 max_q=0.227343 fraction_q_positive=1.000000 sampling_entropy=4.848894 uniform_entropy=4.852030 entropy_gap=0.003136 max_probability_over_uniform=1.196590 min_probability_over_uniform=0.720782
RG_SCORE round=100 layer=features.14 mean_q=0.184517 max_q=0.249771 fraction_q_positive=1.000000 sampling_entropy=5.541766 uniform_entropy=5.545177 entropy_gap=0.003411 max_probability_over_uniform=1.265234 min_probability_over_uniform=0.754353
RG_SCORE round=100 layer=features.17 mean_q=0.176032 max_q=0.222777 fraction_q_positive=1.000000 sampling_entropy=5.542783 uniform_entropy=5.545177 entropy_gap=0.002395 max_probability_over_uniform=1.199160 min_probability_over_uniform=0.846166
RG_SCORE round=100 layer=features.20 mean_q=0.183635 max_q=0.217513 fraction_q_positive=1.000000 sampling_entropy=5.543892 uniform_entropy=5.545177 entropy_gap=0.001285 max_probability_over_uniform=1.138363 min_probability_over_uniform=0.853786
RG_SCORE round=100 layer=features.24 mean_q=0.196898 max_q=0.259609 fraction_q_positive=1.000000 sampling_entropy=6.235947 uniform_entropy=6.238325 entropy_gap=0.002378 max_probability_over_uniform=1.238871 min_probability_over_uniform=0.612627
RG_SCORE round=100 layer=features.27 mean_q=0.172318 max_q=0.218727 fraction_q_positive=1.000000 sampling_entropy=6.235950 uniform_entropy=6.238325 entropy_gap=0.002374 max_probability_over_uniform=1.201995 min_probability_over_uniform=0.792328
RG_SCORE round=100 layer=features.30 mean_q=0.168439 max_q=0.229544 fraction_q_positive=1.000000 sampling_entropy=6.234988 uniform_entropy=6.238325 entropy_gap=0.003336 max_probability_over_uniform=1.272080 min_probability_over_uniform=0.770093
RG_SCORE round=100 layer=features.34 mean_q=0.320440 max_q=0.410001 fraction_q_positive=1.000000 sampling_entropy=6.234264 uniform_entropy=6.238325 entropy_gap=0.004061 max_probability_over_uniform=1.209619 min_probability_over_uniform=0.701747
RG_SCORE round=100 layer=features.37 mean_q=0.358018 max_q=0.491455 fraction_q_positive=1.000000 sampling_entropy=6.231973 uniform_entropy=6.238325 entropy_gap=0.006352 max_probability_over_uniform=1.279533 min_probability_over_uniform=0.356848
RG_SCORE round=100 layer=features.40 mean_q=0.306807 max_q=0.557902 fraction_q_positive=1.000000 sampling_entropy=6.197778 uniform_entropy=6.238325 entropy_gap=0.040546 max_probability_over_uniform=1.613811 min_probability_over_uniform=0.269136
ROUND_ACCURACY method=FedPhoenixRG-RGE round=100 accuracy=60.490002
********************************************************************************
Round 100
ROUND_ACCURACY method=FedPhoenixRG-RGE round=101 accuracy=70.070000
********************************************************************************
Round 101
ROUND_ACCURACY method=FedPhoenixRG-RGE round=102 accuracy=72.510002
********************************************************************************
Round 102
ROUND_ACCURACY method=FedPhoenixRG-RGE round=103 accuracy=72.650002
********************************************************************************
Round 103
ROUND_ACCURACY method=FedPhoenixRG-RGE round=104 accuracy=70.430000
********************************************************************************
Round 104
ROUND_ACCURACY method=FedPhoenixRG-RGE round=105 accuracy=70.370003
********************************************************************************
Round 105
ROUND_ACCURACY method=FedPhoenixRG-RGE round=106 accuracy=68.330002
********************************************************************************
Round 106
ROUND_ACCURACY method=FedPhoenixRG-RGE round=107 accuracy=49.990002
********************************************************************************
Round 107
ROUND_ACCURACY method=FedPhoenixRG-RGE round=108 accuracy=71.339996
********************************************************************************
Round 108
ROUND_ACCURACY method=FedPhoenixRG-RGE round=109 accuracy=73.599998
********************************************************************************
Round 109
ROUND_ACCURACY method=FedPhoenixRG-RGE round=110 accuracy=73.040001
********************************************************************************
Round 110
ROUND_ACCURACY method=FedPhoenixRG-RGE round=111 accuracy=73.190002
********************************************************************************
Round 111
ROUND_ACCURACY method=FedPhoenixRG-RGE round=112 accuracy=70.959999
********************************************************************************
Round 112
ROUND_ACCURACY method=FedPhoenixRG-RGE round=113 accuracy=67.269997
********************************************************************************
Round 113
ROUND_ACCURACY method=FedPhoenixRG-RGE round=114 accuracy=68.459999
********************************************************************************
Round 114
ROUND_ACCURACY method=FedPhoenixRG-RGE round=115 accuracy=58.360001
********************************************************************************
Round 115
ROUND_ACCURACY method=FedPhoenixRG-RGE round=116 accuracy=73.470001
********************************************************************************
Round 116
ROUND_ACCURACY method=FedPhoenixRG-RGE round=117 accuracy=64.779999
********************************************************************************
Round 117
ROUND_ACCURACY method=FedPhoenixRG-RGE round=118 accuracy=72.410004
********************************************************************************
Round 118
ROUND_ACCURACY method=FedPhoenixRG-RGE round=119 accuracy=57.970001
********************************************************************************
Round 119
RG_SCORE round=120 layer=features.0 mean_q=0.101966 max_q=0.346377 fraction_q_positive=0.796875 sampling_entropy=3.958878 uniform_entropy=4.158883 entropy_gap=0.200005 max_probability_over_uniform=2.797724 min_probability_over_uniform=0.250000
RG_SCORE round=120 layer=features.3 mean_q=0.164424 max_q=0.221559 fraction_q_positive=1.000000 sampling_entropy=4.150736 uniform_entropy=4.158883 entropy_gap=0.008147 max_probability_over_uniform=1.260618 min_probability_over_uniform=0.605427
RG_SCORE round=120 layer=features.7 mean_q=0.180321 max_q=0.223591 fraction_q_positive=1.000000 sampling_entropy=4.848007 uniform_entropy=4.852030 entropy_gap=0.004023 max_probability_over_uniform=1.179971 min_probability_over_uniform=0.804285
RG_SCORE round=120 layer=features.10 mean_q=0.178632 max_q=0.217554 fraction_q_positive=1.000000 sampling_entropy=4.850098 uniform_entropy=4.852030 entropy_gap=0.001932 max_probability_over_uniform=1.163415 min_probability_over_uniform=0.824512
RG_SCORE round=120 layer=features.14 mean_q=0.189671 max_q=0.244632 fraction_q_positive=1.000000 sampling_entropy=5.542787 uniform_entropy=5.545177 entropy_gap=0.002391 max_probability_over_uniform=1.217325 min_probability_over_uniform=0.813086
RG_SCORE round=120 layer=features.17 mean_q=0.178668 max_q=0.222560 fraction_q_positive=1.000000 sampling_entropy=5.543110 uniform_entropy=5.545177 entropy_gap=0.002067 max_probability_over_uniform=1.184246 min_probability_over_uniform=0.854845
RG_SCORE round=120 layer=features.20 mean_q=0.183910 max_q=0.210896 fraction_q_positive=1.000000 sampling_entropy=5.543888 uniform_entropy=5.545177 entropy_gap=0.001290 max_probability_over_uniform=1.110049 min_probability_over_uniform=0.862449
RG_SCORE round=120 layer=features.24 mean_q=0.195233 max_q=0.246704 fraction_q_positive=1.000000 sampling_entropy=6.236219 uniform_entropy=6.238325 entropy_gap=0.002105 max_probability_over_uniform=1.197731 min_probability_over_uniform=0.754582
RG_SCORE round=120 layer=features.27 mean_q=0.173661 max_q=0.242267 fraction_q_positive=1.000000 sampling_entropy=6.235768 uniform_entropy=6.238325 entropy_gap=0.002557 max_probability_over_uniform=1.296294 min_probability_over_uniform=0.782588
RG_SCORE round=120 layer=features.30 mean_q=0.163136 max_q=0.216295 fraction_q_positive=1.000000 sampling_entropy=6.234985 uniform_entropy=6.238325 entropy_gap=0.003340 max_probability_over_uniform=1.244389 min_probability_over_uniform=0.769718
RG_SCORE round=120 layer=features.34 mean_q=0.275994 max_q=0.437133 fraction_q_positive=0.998047 sampling_entropy=6.223674 uniform_entropy=6.238325 entropy_gap=0.014651 max_probability_over_uniform=1.437887 min_probability_over_uniform=0.250000
RG_SCORE round=120 layer=features.37 mean_q=0.210261 max_q=0.395672 fraction_q_positive=0.998047 sampling_entropy=6.193566 uniform_entropy=6.238325 entropy_gap=0.044758 max_probability_over_uniform=1.661363 min_probability_over_uniform=0.250000
RG_SCORE round=120 layer=features.40 mean_q=0.128378 max_q=0.429509 fraction_q_positive=0.949219 sampling_entropy=6.094744 uniform_entropy=6.238325 entropy_gap=0.143581 max_probability_over_uniform=2.759249 min_probability_over_uniform=0.250000
ROUND_ACCURACY method=FedPhoenixRG-RGE round=120 accuracy=66.160004
********************************************************************************
Round 120
ROUND_ACCURACY method=FedPhoenixRG-RGE round=121 accuracy=73.190002
********************************************************************************
Round 121
ROUND_ACCURACY method=FedPhoenixRG-RGE round=122 accuracy=70.580002
********************************************************************************
Round 122
ROUND_ACCURACY method=FedPhoenixRG-RGE round=123 accuracy=69.849998
********************************************************************************
Round 123
ROUND_ACCURACY method=FedPhoenixRG-RGE round=124 accuracy=64.910004
********************************************************************************
Round 124
ROUND_ACCURACY method=FedPhoenixRG-RGE round=125 accuracy=65.550003
********************************************************************************
Round 125
ROUND_ACCURACY method=FedPhoenixRG-RGE round=126 accuracy=64.760002
********************************************************************************
Round 126
ROUND_ACCURACY method=FedPhoenixRG-RGE round=127 accuracy=71.769997
********************************************************************************
Round 127
ROUND_ACCURACY method=FedPhoenixRG-RGE round=128 accuracy=70.769997
********************************************************************************
Round 128
ROUND_ACCURACY method=FedPhoenixRG-RGE round=129 accuracy=75.559998
********************************************************************************
Round 129
ROUND_ACCURACY method=FedPhoenixRG-RGE round=130 accuracy=67.370003
********************************************************************************
Round 130
ROUND_ACCURACY method=FedPhoenixRG-RGE round=131 accuracy=67.120003
********************************************************************************
Round 131
ROUND_ACCURACY method=FedPhoenixRG-RGE round=132 accuracy=74.980003
********************************************************************************
Round 132
ROUND_ACCURACY method=FedPhoenixRG-RGE round=133 accuracy=70.260002
********************************************************************************
Round 133
ROUND_ACCURACY method=FedPhoenixRG-RGE round=134 accuracy=73.430000
********************************************************************************
Round 134
ROUND_ACCURACY method=FedPhoenixRG-RGE round=135 accuracy=66.680000
********************************************************************************
Round 135
ROUND_ACCURACY method=FedPhoenixRG-RGE round=136 accuracy=66.300003
********************************************************************************
Round 136
ROUND_ACCURACY method=FedPhoenixRG-RGE round=137 accuracy=72.690002
********************************************************************************
Round 137
ROUND_ACCURACY method=FedPhoenixRG-RGE round=138 accuracy=74.849998
********************************************************************************
Round 138
ROUND_ACCURACY method=FedPhoenixRG-RGE round=139 accuracy=71.040001
********************************************************************************
Round 139
RG_SCORE round=140 layer=features.0 mean_q=0.180872 max_q=0.379720 fraction_q_positive=1.000000 sampling_entropy=4.093318 uniform_entropy=4.158883 entropy_gap=0.065565 max_probability_over_uniform=1.824542 min_probability_over_uniform=0.361172
RG_SCORE round=140 layer=features.3 mean_q=0.193160 max_q=0.235441 fraction_q_positive=1.000000 sampling_entropy=4.155251 uniform_entropy=4.158883 entropy_gap=0.003632 max_probability_over_uniform=1.164167 min_probability_over_uniform=0.774280
RG_SCORE round=140 layer=features.7 mean_q=0.197091 max_q=0.267657 fraction_q_positive=1.000000 sampling_entropy=4.849482 uniform_entropy=4.852030 entropy_gap=0.002548 max_probability_over_uniform=1.268527 min_probability_over_uniform=0.833174
RG_SCORE round=140 layer=features.10 mean_q=0.188949 max_q=0.224245 fraction_q_positive=1.000000 sampling_entropy=4.850289 uniform_entropy=4.852030 entropy_gap=0.001741 max_probability_over_uniform=1.140099 min_probability_over_uniform=0.825460
RG_SCORE round=140 layer=features.14 mean_q=0.201562 max_q=0.247419 fraction_q_positive=1.000000 sampling_entropy=5.543355 uniform_entropy=5.545177 entropy_gap=0.001822 max_probability_over_uniform=1.170632 min_probability_over_uniform=0.850869
RG_SCORE round=140 layer=features.17 mean_q=0.188588 max_q=0.237775 fraction_q_positive=1.000000 sampling_entropy=5.542838 uniform_entropy=5.545177 entropy_gap=0.002339 max_probability_over_uniform=1.195613 min_probability_over_uniform=0.835238
RG_SCORE round=140 layer=features.20 mean_q=0.189638 max_q=0.225069 fraction_q_positive=1.000000 sampling_entropy=5.544146 uniform_entropy=5.545177 entropy_gap=0.001032 max_probability_over_uniform=1.140127 min_probability_over_uniform=0.872227
RG_SCORE round=140 layer=features.24 mean_q=0.206489 max_q=0.268740 fraction_q_positive=1.000000 sampling_entropy=6.236400 uniform_entropy=6.238325 entropy_gap=0.001925 max_probability_over_uniform=1.226107 min_probability_over_uniform=0.818218
RG_SCORE round=140 layer=features.27 mean_q=0.187286 max_q=0.244453 fraction_q_positive=1.000000 sampling_entropy=6.235926 uniform_entropy=6.238325 entropy_gap=0.002399 max_probability_over_uniform=1.228933 min_probability_over_uniform=0.822727
RG_SCORE round=140 layer=features.30 mean_q=0.172564 max_q=0.226536 fraction_q_positive=1.000000 sampling_entropy=6.235522 uniform_entropy=6.238325 entropy_gap=0.002802 max_probability_over_uniform=1.234577 min_probability_over_uniform=0.738099
RG_SCORE round=140 layer=features.34 mean_q=0.311287 max_q=0.432690 fraction_q_positive=1.000000 sampling_entropy=6.228363 uniform_entropy=6.238325 entropy_gap=0.009962 max_probability_over_uniform=1.292503 min_probability_over_uniform=0.285269
RG_SCORE round=140 layer=features.37 mean_q=0.246250 max_q=0.438666 fraction_q_positive=0.996094 sampling_entropy=6.205908 uniform_entropy=6.238325 entropy_gap=0.032417 max_probability_over_uniform=1.586039 min_probability_over_uniform=0.250000
RG_SCORE round=140 layer=features.40 mean_q=0.148947 max_q=0.462899 fraction_q_positive=0.976562 sampling_entropy=6.134586 uniform_entropy=6.238325 entropy_gap=0.103738 max_probability_over_uniform=2.580853 min_probability_over_uniform=0.250000
ROUND_ACCURACY method=FedPhoenixRG-RGE round=140 accuracy=74.279999
********************************************************************************
Round 140
ROUND_ACCURACY method=FedPhoenixRG-RGE round=141 accuracy=75.680000
********************************************************************************
Round 141
ROUND_ACCURACY method=FedPhoenixRG-RGE round=142 accuracy=69.199997
********************************************************************************
Round 142
ROUND_ACCURACY method=FedPhoenixRG-RGE round=143 accuracy=63.849998
********************************************************************************
Round 143
ROUND_ACCURACY method=FedPhoenixRG-RGE round=144 accuracy=74.209999
********************************************************************************
Round 144
ROUND_ACCURACY method=FedPhoenixRG-RGE round=145 accuracy=68.860001
********************************************************************************
Round 145
ROUND_ACCURACY method=FedPhoenixRG-RGE round=146 accuracy=68.419998
********************************************************************************
Round 146
ROUND_ACCURACY method=FedPhoenixRG-RGE round=147 accuracy=73.110001
********************************************************************************
Round 147
ROUND_ACCURACY method=FedPhoenixRG-RGE round=148 accuracy=69.050003
********************************************************************************
Round 148
ROUND_ACCURACY method=FedPhoenixRG-RGE round=149 accuracy=69.209999
********************************************************************************
Round 149
ROUND_ACCURACY method=FedPhoenixRG-RGE round=150 accuracy=73.690002
********************************************************************************
Round 150
ROUND_ACCURACY method=FedPhoenixRG-RGE round=151 accuracy=57.950001
********************************************************************************
Round 151
ROUND_ACCURACY method=FedPhoenixRG-RGE round=152 accuracy=66.279999
********************************************************************************
Round 152
ROUND_ACCURACY method=FedPhoenixRG-RGE round=153 accuracy=73.750000
********************************************************************************
Round 153
ROUND_ACCURACY method=FedPhoenixRG-RGE round=154 accuracy=73.739998
********************************************************************************
Round 154
RGE_GATE round=155 layer=features.3 retention=1.318653 triggered=1 extended_rounds=20
ROUND_ACCURACY method=FedPhoenixRG-RGE round=155 accuracy=68.739998
********************************************************************************
Round 155
ROUND_ACCURACY method=FedPhoenixRG-RGE round=156 accuracy=72.349998
********************************************************************************
Round 156
ROUND_ACCURACY method=FedPhoenixRG-RGE round=157 accuracy=64.650002
********************************************************************************
Round 157
ROUND_ACCURACY method=FedPhoenixRG-RGE round=158 accuracy=64.750000
********************************************************************************
Round 158
ROUND_ACCURACY method=FedPhoenixRG-RGE round=159 accuracy=70.300003
********************************************************************************
Round 159
RG_SCORE round=160 layer=features.0 mean_q=0.134519 max_q=0.347118 fraction_q_positive=0.937500 sampling_entropy=4.048235 uniform_entropy=4.158883 entropy_gap=0.110648 max_probability_over_uniform=2.185334 min_probability_over_uniform=0.250000
RG_SCORE round=160 layer=features.3 mean_q=0.180386 max_q=0.230724 fraction_q_positive=1.000000 sampling_entropy=4.153297 uniform_entropy=4.158883 entropy_gap=0.005586 max_probability_over_uniform=1.209291 min_probability_over_uniform=0.676503
RG_SCORE round=160 layer=features.7 mean_q=0.182004 max_q=0.216680 fraction_q_positive=1.000000 sampling_entropy=4.849710 uniform_entropy=4.852030 entropy_gap=0.002320 max_probability_over_uniform=1.142894 min_probability_over_uniform=0.771480
RG_SCORE round=160 layer=features.10 mean_q=0.173293 max_q=0.208113 fraction_q_positive=1.000000 sampling_entropy=4.850716 uniform_entropy=4.852030 entropy_gap=0.001315 max_probability_over_uniform=1.150695 min_probability_over_uniform=0.856333
RG_SCORE round=160 layer=features.14 mean_q=0.185372 max_q=0.225009 fraction_q_positive=1.000000 sampling_entropy=5.543317 uniform_entropy=5.545177 entropy_gap=0.001860 max_probability_over_uniform=1.160367 min_probability_over_uniform=0.814309
RG_SCORE round=160 layer=features.17 mean_q=0.177259 max_q=0.221874 fraction_q_positive=1.000000 sampling_entropy=5.542974 uniform_entropy=5.545177 entropy_gap=0.002203 max_probability_over_uniform=1.188773 min_probability_over_uniform=0.800220
RG_SCORE round=160 layer=features.20 mean_q=0.180436 max_q=0.212988 fraction_q_positive=1.000000 sampling_entropy=5.543967 uniform_entropy=5.545177 entropy_gap=0.001210 max_probability_over_uniform=1.135304 min_probability_over_uniform=0.869007
RG_SCORE round=160 layer=features.24 mean_q=0.196488 max_q=0.248509 fraction_q_positive=1.000000 sampling_entropy=6.236558 uniform_entropy=6.238325 entropy_gap=0.001767 max_probability_over_uniform=1.198566 min_probability_over_uniform=0.816121
RG_SCORE round=160 layer=features.27 mean_q=0.181725 max_q=0.242513 fraction_q_positive=1.000000 sampling_entropy=6.236029 uniform_entropy=6.238325 entropy_gap=0.002296 max_probability_over_uniform=1.250878 min_probability_over_uniform=0.785377
RG_SCORE round=160 layer=features.30 mean_q=0.165065 max_q=0.211044 fraction_q_positive=1.000000 sampling_entropy=6.235676 uniform_entropy=6.238325 entropy_gap=0.002649 max_probability_over_uniform=1.208911 min_probability_over_uniform=0.778984
RG_SCORE round=160 layer=features.34 mean_q=0.290187 max_q=0.421973 fraction_q_positive=0.998047 sampling_entropy=6.223380 uniform_entropy=6.238325 entropy_gap=0.014945 max_probability_over_uniform=1.340607 min_probability_over_uniform=0.250000
RG_SCORE round=160 layer=features.37 mean_q=0.259150 max_q=0.460725 fraction_q_positive=0.992188 sampling_entropy=6.200321 uniform_entropy=6.238325 entropy_gap=0.038004 max_probability_over_uniform=1.583372 min_probability_over_uniform=0.250000
RG_SCORE round=160 layer=features.40 mean_q=0.147578 max_q=0.405502 fraction_q_positive=0.962891 sampling_entropy=6.128508 uniform_entropy=6.238325 entropy_gap=0.109817 max_probability_over_uniform=2.310792 min_probability_over_uniform=0.250000
ROUND_ACCURACY method=FedPhoenixRG-RGE round=160 accuracy=68.470001
********************************************************************************
Round 160
ROUND_ACCURACY method=FedPhoenixRG-RGE round=161 accuracy=76.120003
********************************************************************************
Round 161
ROUND_ACCURACY method=FedPhoenixRG-RGE round=162 accuracy=72.730003
********************************************************************************
Round 162
ROUND_ACCURACY method=FedPhoenixRG-RGE round=163 accuracy=69.419998
********************************************************************************
Round 163
ROUND_ACCURACY method=FedPhoenixRG-RGE round=164 accuracy=63.320000
********************************************************************************
Round 164
ROUND_ACCURACY method=FedPhoenixRG-RGE round=165 accuracy=74.389999
********************************************************************************
Round 165
ROUND_ACCURACY method=FedPhoenixRG-RGE round=166 accuracy=72.320000
********************************************************************************
Round 166
ROUND_ACCURACY method=FedPhoenixRG-RGE round=167 accuracy=67.849998
********************************************************************************
Round 167
ROUND_ACCURACY method=FedPhoenixRG-RGE round=168 accuracy=67.629997
********************************************************************************
Round 168
ROUND_ACCURACY method=FedPhoenixRG-RGE round=169 accuracy=69.690002
********************************************************************************
Round 169
ROUND_ACCURACY method=FedPhoenixRG-RGE round=170 accuracy=61.700001
********************************************************************************
Round 170
ROUND_ACCURACY method=FedPhoenixRG-RGE round=171 accuracy=65.540001
********************************************************************************
Round 171
ROUND_ACCURACY method=FedPhoenixRG-RGE round=172 accuracy=68.680000
********************************************************************************
Round 172
ROUND_ACCURACY method=FedPhoenixRG-RGE round=173 accuracy=69.529999
********************************************************************************
Round 173
ROUND_ACCURACY method=FedPhoenixRG-RGE round=174 accuracy=67.879997
********************************************************************************
Round 174
ROUND_ACCURACY method=FedPhoenixRG-RGE round=175 accuracy=73.180000
********************************************************************************
Round 175
ROUND_ACCURACY method=FedPhoenixRG-RGE round=176 accuracy=73.570000
********************************************************************************
Round 176
ROUND_ACCURACY method=FedPhoenixRG-RGE round=177 accuracy=71.779999
********************************************************************************
Round 177
ROUND_ACCURACY method=FedPhoenixRG-RGE round=178 accuracy=66.620003
********************************************************************************
Round 178
ROUND_ACCURACY method=FedPhoenixRG-RGE round=179 accuracy=76.110001
********************************************************************************
Round 179
RG_SCORE round=180 layer=features.0 mean_q=0.113395 max_q=0.386060 fraction_q_positive=0.828125 sampling_entropy=3.946936 uniform_entropy=4.158883 entropy_gap=0.211947 max_probability_over_uniform=2.803416 min_probability_over_uniform=0.250000
RG_SCORE round=180 layer=features.3 mean_q=0.146514 max_q=0.211536 fraction_q_positive=1.000000 sampling_entropy=4.146139 uniform_entropy=4.158883 entropy_gap=0.012744 max_probability_over_uniform=1.332847 min_probability_over_uniform=0.672785
RG_SCORE round=180 layer=features.7 mean_q=0.158480 max_q=0.220521 fraction_q_positive=1.000000 sampling_entropy=4.845091 uniform_entropy=4.852030 entropy_gap=0.006940 max_probability_over_uniform=1.293604 min_probability_over_uniform=0.598690
RG_SCORE round=180 layer=features.10 mean_q=0.154759 max_q=0.210549 fraction_q_positive=1.000000 sampling_entropy=4.848589 uniform_entropy=4.852030 entropy_gap=0.003441 max_probability_over_uniform=1.270372 min_probability_over_uniform=0.819463
RG_SCORE round=180 layer=features.14 mean_q=0.165195 max_q=0.222714 fraction_q_positive=1.000000 sampling_entropy=5.540709 uniform_entropy=5.545177 entropy_gap=0.004468 max_probability_over_uniform=1.261144 min_probability_over_uniform=0.713585
RG_SCORE round=180 layer=features.17 mean_q=0.159386 max_q=0.208761 fraction_q_positive=1.000000 sampling_entropy=5.541268 uniform_entropy=5.545177 entropy_gap=0.003909 max_probability_over_uniform=1.232332 min_probability_over_uniform=0.772898
RG_SCORE round=180 layer=features.20 mean_q=0.163263 max_q=0.200284 fraction_q_positive=1.000000 sampling_entropy=5.542603 uniform_entropy=5.545177 entropy_gap=0.002575 max_probability_over_uniform=1.170068 min_probability_over_uniform=0.718383
RG_SCORE round=180 layer=features.24 mean_q=0.177623 max_q=0.240087 fraction_q_positive=1.000000 sampling_entropy=6.233221 uniform_entropy=6.238325 entropy_gap=0.005104 max_probability_over_uniform=1.263752 min_probability_over_uniform=0.511185
RG_SCORE round=180 layer=features.27 mean_q=0.165931 max_q=0.223910 fraction_q_positive=1.000000 sampling_entropy=6.232560 uniform_entropy=6.238325 entropy_gap=0.005765 max_probability_over_uniform=1.262060 min_probability_over_uniform=0.593754
RG_SCORE round=180 layer=features.30 mean_q=0.145500 max_q=0.211587 fraction_q_positive=1.000000 sampling_entropy=6.231665 uniform_entropy=6.238325 entropy_gap=0.006659 max_probability_over_uniform=1.340658 min_probability_over_uniform=0.546388
RG_SCORE round=180 layer=features.34 mean_q=0.254554 max_q=0.425166 fraction_q_positive=0.998047 sampling_entropy=6.209373 uniform_entropy=6.238325 entropy_gap=0.028952 max_probability_over_uniform=1.502679 min_probability_over_uniform=0.250000
RG_SCORE round=180 layer=features.37 mean_q=0.207111 max_q=0.420398 fraction_q_positive=0.990234 sampling_entropy=6.182112 uniform_entropy=6.238325 entropy_gap=0.056213 max_probability_over_uniform=1.772362 min_probability_over_uniform=0.250000
RG_SCORE round=180 layer=features.40 mean_q=0.122120 max_q=0.409305 fraction_q_positive=0.925781 sampling_entropy=6.101680 uniform_entropy=6.238325 entropy_gap=0.136644 max_probability_over_uniform=2.763755 min_probability_over_uniform=0.250000
ROUND_ACCURACY method=FedPhoenixRG-RGE round=180 accuracy=70.970001
********************************************************************************
Round 180
ROUND_ACCURACY method=FedPhoenixRG-RGE round=181 accuracy=74.529999
********************************************************************************
Round 181
ROUND_ACCURACY method=FedPhoenixRG-RGE round=182 accuracy=65.379997
********************************************************************************
Round 182
ROUND_ACCURACY method=FedPhoenixRG-RGE round=183 accuracy=75.489998
********************************************************************************
Round 183
ROUND_ACCURACY method=FedPhoenixRG-RGE round=184 accuracy=74.760002
********************************************************************************
Round 184
ROUND_ACCURACY method=FedPhoenixRG-RGE round=185 accuracy=74.919998
********************************************************************************
Round 185
ROUND_ACCURACY method=FedPhoenixRG-RGE round=186 accuracy=72.339996
********************************************************************************
Round 186
ROUND_ACCURACY method=FedPhoenixRG-RGE round=187 accuracy=68.320000
********************************************************************************
Round 187
ROUND_ACCURACY method=FedPhoenixRG-RGE round=188 accuracy=73.739998
********************************************************************************
Round 188
ROUND_ACCURACY method=FedPhoenixRG-RGE round=189 accuracy=67.440002
********************************************************************************
Round 189
ROUND_ACCURACY method=FedPhoenixRG-RGE round=190 accuracy=69.500000
********************************************************************************
Round 190
ROUND_ACCURACY method=FedPhoenixRG-RGE round=191 accuracy=62.709999
********************************************************************************
Round 191
ROUND_ACCURACY method=FedPhoenixRG-RGE round=192 accuracy=69.919998
********************************************************************************
Round 192
ROUND_ACCURACY method=FedPhoenixRG-RGE round=193 accuracy=74.000000
********************************************************************************
Round 193
ROUND_ACCURACY method=FedPhoenixRG-RGE round=194 accuracy=68.779999
********************************************************************************
Round 194
ROUND_ACCURACY method=FedPhoenixRG-RGE round=195 accuracy=73.449997
********************************************************************************
Round 195
ROUND_ACCURACY method=FedPhoenixRG-RGE round=196 accuracy=77.160004
********************************************************************************
Round 196
ROUND_ACCURACY method=FedPhoenixRG-RGE round=197 accuracy=59.990002
********************************************************************************
Round 197
ROUND_ACCURACY method=FedPhoenixRG-RGE round=198 accuracy=69.169998
********************************************************************************
Round 198
ROUND_ACCURACY method=FedPhoenixRG-RGE round=199 accuracy=64.190002
********************************************************************************
Round 199
RG_SCORE round=200 layer=features.0 mean_q=0.142315 max_q=0.334042 fraction_q_positive=0.937500 sampling_entropy=4.074968 uniform_entropy=4.158883 entropy_gap=0.083915 max_probability_over_uniform=2.010395 min_probability_over_uniform=0.250000
RG_SCORE round=200 layer=features.3 mean_q=0.188567 max_q=0.222839 fraction_q_positive=1.000000 sampling_entropy=4.155794 uniform_entropy=4.158883 entropy_gap=0.003089 max_probability_over_uniform=1.136310 min_probability_over_uniform=0.774472
RG_SCORE round=200 layer=features.7 mean_q=0.189856 max_q=0.234357 fraction_q_positive=1.000000 sampling_entropy=4.849382 uniform_entropy=4.852030 entropy_gap=0.002648 max_probability_over_uniform=1.175794 min_probability_over_uniform=0.830552
RG_SCORE round=200 layer=features.10 mean_q=0.173989 max_q=0.209116 fraction_q_positive=1.000000 sampling_entropy=4.850600 uniform_entropy=4.852030 entropy_gap=0.001431 max_probability_over_uniform=1.151418 min_probability_over_uniform=0.833427
RG_SCORE round=200 layer=features.14 mean_q=0.185300 max_q=0.240537 fraction_q_positive=1.000000 sampling_entropy=5.543098 uniform_entropy=5.545177 entropy_gap=0.002079 max_probability_over_uniform=1.223568 min_probability_over_uniform=0.824236
RG_SCORE round=200 layer=features.17 mean_q=0.176948 max_q=0.218100 fraction_q_positive=1.000000 sampling_entropy=5.543123 uniform_entropy=5.545177 entropy_gap=0.002054 max_probability_over_uniform=1.174425 min_probability_over_uniform=0.807282
RG_SCORE round=200 layer=features.20 mean_q=0.176670 max_q=0.207759 fraction_q_positive=1.000000 sampling_entropy=5.544055 uniform_entropy=5.545177 entropy_gap=0.001122 max_probability_over_uniform=1.131979 min_probability_over_uniform=0.896819
RG_SCORE round=200 layer=features.24 mean_q=0.195218 max_q=0.243585 fraction_q_positive=1.000000 sampling_entropy=6.236149 uniform_entropy=6.238325 entropy_gap=0.002175 max_probability_over_uniform=1.185818 min_probability_over_uniform=0.772189
RG_SCORE round=200 layer=features.27 mean_q=0.186695 max_q=0.243102 fraction_q_positive=1.000000 sampling_entropy=6.235909 uniform_entropy=6.238325 entropy_gap=0.002415 max_probability_over_uniform=1.226604 min_probability_over_uniform=0.732507
RG_SCORE round=200 layer=features.30 mean_q=0.166774 max_q=0.207770 fraction_q_positive=1.000000 sampling_entropy=6.235600 uniform_entropy=6.238325 entropy_gap=0.002724 max_probability_over_uniform=1.184362 min_probability_over_uniform=0.674633
RG_SCORE round=200 layer=features.34 mean_q=0.300543 max_q=0.440723 fraction_q_positive=1.000000 sampling_entropy=6.224888 uniform_entropy=6.238325 entropy_gap=0.013437 max_probability_over_uniform=1.349816 min_probability_over_uniform=0.317718
RG_SCORE round=200 layer=features.37 mean_q=0.251370 max_q=0.468723 fraction_q_positive=0.996094 sampling_entropy=6.207751 uniform_entropy=6.238325 entropy_gap=0.030574 max_probability_over_uniform=1.648505 min_probability_over_uniform=0.250000
RG_SCORE round=200 layer=features.40 mean_q=0.123478 max_q=0.363578 fraction_q_positive=0.939453 sampling_entropy=6.122728 uniform_entropy=6.238325 entropy_gap=0.115596 max_probability_over_uniform=2.458363 min_probability_over_uniform=0.250000
ROUND_ACCURACY method=FedPhoenixRG-RGE round=200 accuracy=59.290001
********************************************************************************
Round 200
ROUND_ACCURACY method=FedPhoenixRG-RGE round=201 accuracy=70.320000
********************************************************************************
Round 201
ROUND_ACCURACY method=FedPhoenixRG-RGE round=202 accuracy=69.430000
********************************************************************************
Round 202
ROUND_ACCURACY method=FedPhoenixRG-RGE round=203 accuracy=62.919998
********************************************************************************
Round 203
ROUND_ACCURACY method=FedPhoenixRG-RGE round=204 accuracy=73.970001
********************************************************************************
Round 204
ROUND_ACCURACY method=FedPhoenixRG-RGE round=205 accuracy=71.129997
********************************************************************************
Round 205
ROUND_ACCURACY method=FedPhoenixRG-RGE round=206 accuracy=74.940002
********************************************************************************
Round 206
ROUND_ACCURACY method=FedPhoenixRG-RGE round=207 accuracy=74.160004
********************************************************************************
Round 207
ROUND_ACCURACY method=FedPhoenixRG-RGE round=208 accuracy=73.480003
********************************************************************************
Round 208
ROUND_ACCURACY method=FedPhoenixRG-RGE round=209 accuracy=69.760002
********************************************************************************
Round 209
ROUND_ACCURACY method=FedPhoenixRG-RGE round=210 accuracy=72.930000
********************************************************************************
Round 210
ROUND_ACCURACY method=FedPhoenixRG-RGE round=211 accuracy=65.550003
********************************************************************************
Round 211
ROUND_ACCURACY method=FedPhoenixRG-RGE round=212 accuracy=76.070000
********************************************************************************
Round 212
ROUND_ACCURACY method=FedPhoenixRG-RGE round=213 accuracy=73.300003
********************************************************************************
Round 213
ROUND_ACCURACY method=FedPhoenixRG-RGE round=214 accuracy=75.500000
********************************************************************************
Round 214
ROUND_ACCURACY method=FedPhoenixRG-RGE round=215 accuracy=74.430000
********************************************************************************
Round 215
ROUND_ACCURACY method=FedPhoenixRG-RGE round=216 accuracy=72.790001
********************************************************************************
Round 216
ROUND_ACCURACY method=FedPhoenixRG-RGE round=217 accuracy=63.849998
********************************************************************************
Round 217
ROUND_ACCURACY method=FedPhoenixRG-RGE round=218 accuracy=77.930000
********************************************************************************
Round 218
ROUND_ACCURACY method=FedPhoenixRG-RGE round=219 accuracy=72.820000
********************************************************************************
Round 219
RG_SCORE round=220 layer=features.0 mean_q=0.153311 max_q=0.305059 fraction_q_positive=0.937500 sampling_entropy=4.081100 uniform_entropy=4.158883 entropy_gap=0.077783 max_probability_over_uniform=1.742355 min_probability_over_uniform=0.250000
RG_SCORE round=220 layer=features.3 mean_q=0.180480 max_q=0.229138 fraction_q_positive=1.000000 sampling_entropy=4.155341 uniform_entropy=4.158883 entropy_gap=0.003542 max_probability_over_uniform=1.202203 min_probability_over_uniform=0.827844
RG_SCORE round=220 layer=features.7 mean_q=0.180933 max_q=0.240052 fraction_q_positive=1.000000 sampling_entropy=4.848298 uniform_entropy=4.852030 entropy_gap=0.003732 max_probability_over_uniform=1.245059 min_probability_over_uniform=0.808233
RG_SCORE round=220 layer=features.10 mean_q=0.164401 max_q=0.195052 fraction_q_positive=1.000000 sampling_entropy=4.850410 uniform_entropy=4.852030 entropy_gap=0.001620 max_probability_over_uniform=1.139827 min_probability_over_uniform=0.857137
RG_SCORE round=220 layer=features.14 mean_q=0.177472 max_q=0.245247 fraction_q_positive=1.000000 sampling_entropy=5.542121 uniform_entropy=5.545177 entropy_gap=0.003056 max_probability_over_uniform=1.286418 min_probability_over_uniform=0.782451
RG_SCORE round=220 layer=features.17 mean_q=0.168497 max_q=0.207102 fraction_q_positive=1.000000 sampling_entropy=5.542626 uniform_entropy=5.545177 entropy_gap=0.002552 max_probability_over_uniform=1.171837 min_probability_over_uniform=0.814022
RG_SCORE round=220 layer=features.20 mean_q=0.170262 max_q=0.202172 fraction_q_positive=1.000000 sampling_entropy=5.543467 uniform_entropy=5.545177 entropy_gap=0.001711 max_probability_over_uniform=1.140565 min_probability_over_uniform=0.853887
RG_SCORE round=220 layer=features.24 mean_q=0.190146 max_q=0.237657 fraction_q_positive=1.000000 sampling_entropy=6.236137 uniform_entropy=6.238325 entropy_gap=0.002187 max_probability_over_uniform=1.187403 min_probability_over_uniform=0.803652
RG_SCORE round=220 layer=features.27 mean_q=0.179371 max_q=0.234898 fraction_q_positive=1.000000 sampling_entropy=6.235670 uniform_entropy=6.238325 entropy_gap=0.002654 max_probability_over_uniform=1.232173 min_probability_over_uniform=0.747757
RG_SCORE round=220 layer=features.30 mean_q=0.160317 max_q=0.214680 fraction_q_positive=1.000000 sampling_entropy=6.234894 uniform_entropy=6.238325 entropy_gap=0.003431 max_probability_over_uniform=1.254322 min_probability_over_uniform=0.706800
RG_SCORE round=220 layer=features.34 mean_q=0.282961 max_q=0.430858 fraction_q_positive=0.998047 sampling_entropy=6.219701 uniform_entropy=6.238325 entropy_gap=0.018624 max_probability_over_uniform=1.392007 min_probability_over_uniform=0.250000
RG_SCORE round=220 layer=features.37 mean_q=0.252810 max_q=0.473528 fraction_q_positive=0.984375 sampling_entropy=6.197089 uniform_entropy=6.238325 entropy_gap=0.041236 max_probability_over_uniform=1.654792 min_probability_over_uniform=0.250000
RG_SCORE round=220 layer=features.40 mean_q=0.138803 max_q=0.426431 fraction_q_positive=0.873047 sampling_entropy=6.074210 uniform_entropy=6.238325 entropy_gap=0.164115 max_probability_over_uniform=2.554144 min_probability_over_uniform=0.250000
ROUND_ACCURACY method=FedPhoenixRG-RGE round=220 accuracy=71.669998
********************************************************************************
Round 220
ROUND_ACCURACY method=FedPhoenixRG-RGE round=221 accuracy=73.849998
********************************************************************************
Round 221
ROUND_ACCURACY method=FedPhoenixRG-RGE round=222 accuracy=69.019997
********************************************************************************
Round 222
ROUND_ACCURACY method=FedPhoenixRG-RGE round=223 accuracy=75.320000
********************************************************************************
Round 223
ROUND_ACCURACY method=FedPhoenixRG-RGE round=224 accuracy=75.500000
********************************************************************************
Round 224
ROUND_ACCURACY method=FedPhoenixRG-RGE round=225 accuracy=74.650002
********************************************************************************
Round 225
ROUND_ACCURACY method=FedPhoenixRG-RGE round=226 accuracy=68.779999
********************************************************************************
Round 226
ROUND_ACCURACY method=FedPhoenixRG-RGE round=227 accuracy=74.940002
********************************************************************************
Round 227
ROUND_ACCURACY method=FedPhoenixRG-RGE round=228 accuracy=69.809998
********************************************************************************
Round 228
ROUND_ACCURACY method=FedPhoenixRG-RGE round=229 accuracy=59.040001
********************************************************************************
Round 229
ROUND_ACCURACY method=FedPhoenixRG-RGE round=230 accuracy=76.459999
********************************************************************************
Round 230
ROUND_ACCURACY method=FedPhoenixRG-RGE round=231 accuracy=76.209999
********************************************************************************
Round 231
RGE_GATE round=232 layer=features.7 retention=1.115353 triggered=1 extended_rounds=20
ROUND_ACCURACY method=FedPhoenixRG-RGE round=232 accuracy=77.660004
********************************************************************************
Round 232
ROUND_ACCURACY method=FedPhoenixRG-RGE round=233 accuracy=70.440002
********************************************************************************
Round 233
ROUND_ACCURACY method=FedPhoenixRG-RGE round=234 accuracy=67.230003
********************************************************************************
Round 234
ROUND_ACCURACY method=FedPhoenixRG-RGE round=235 accuracy=63.470001
********************************************************************************
Round 235
ROUND_ACCURACY method=FedPhoenixRG-RGE round=236 accuracy=75.629997
********************************************************************************
Round 236
ROUND_ACCURACY method=FedPhoenixRG-RGE round=237 accuracy=67.099998
********************************************************************************
Round 237
ROUND_ACCURACY method=FedPhoenixRG-RGE round=238 accuracy=71.709999
********************************************************************************
Round 238
ROUND_ACCURACY method=FedPhoenixRG-RGE round=239 accuracy=75.760002
********************************************************************************
Round 239
RG_SCORE round=240 layer=features.0 mean_q=0.157689 max_q=0.381386 fraction_q_positive=1.000000 sampling_entropy=4.087092 uniform_entropy=4.158883 entropy_gap=0.071791 max_probability_over_uniform=2.063947 min_probability_over_uniform=0.297198
RG_SCORE round=240 layer=features.3 mean_q=0.172428 max_q=0.228977 fraction_q_positive=1.000000 sampling_entropy=4.155736 uniform_entropy=4.158883 entropy_gap=0.003147 max_probability_over_uniform=1.245966 min_probability_over_uniform=0.812157
RG_SCORE round=240 layer=features.7 mean_q=0.177242 max_q=0.259829 fraction_q_positive=1.000000 sampling_entropy=4.848175 uniform_entropy=4.852030 entropy_gap=0.003856 max_probability_over_uniform=1.349463 min_probability_over_uniform=0.765685
RG_SCORE round=240 layer=features.10 mean_q=0.164248 max_q=0.194115 fraction_q_positive=1.000000 sampling_entropy=4.850637 uniform_entropy=4.852030 entropy_gap=0.001393 max_probability_over_uniform=1.136380 min_probability_over_uniform=0.821643
RG_SCORE round=240 layer=features.14 mean_q=0.173667 max_q=0.214172 fraction_q_positive=1.000000 sampling_entropy=5.542743 uniform_entropy=5.545177 entropy_gap=0.002434 max_probability_over_uniform=1.174924 min_probability_over_uniform=0.783059
RG_SCORE round=240 layer=features.17 mean_q=0.167915 max_q=0.211963 fraction_q_positive=1.000000 sampling_entropy=5.542460 uniform_entropy=5.545177 entropy_gap=0.002718 max_probability_over_uniform=1.196745 min_probability_over_uniform=0.810735
RG_SCORE round=240 layer=features.20 mean_q=0.165961 max_q=0.196933 fraction_q_positive=1.000000 sampling_entropy=5.543717 uniform_entropy=5.545177 entropy_gap=0.001461 max_probability_over_uniform=1.139965 min_probability_over_uniform=0.836135
RG_SCORE round=240 layer=features.24 mean_q=0.183846 max_q=0.249799 fraction_q_positive=1.000000 sampling_entropy=6.235820 uniform_entropy=6.238325 entropy_gap=0.002504 max_probability_over_uniform=1.269052 min_probability_over_uniform=0.786447
RG_SCORE round=240 layer=features.27 mean_q=0.175082 max_q=0.234725 fraction_q_positive=1.000000 sampling_entropy=6.235091 uniform_entropy=6.238325 entropy_gap=0.003234 max_probability_over_uniform=1.255490 min_probability_over_uniform=0.724548
RG_SCORE round=240 layer=features.30 mean_q=0.156059 max_q=0.204839 fraction_q_positive=1.000000 sampling_entropy=6.234818 uniform_entropy=6.238325 entropy_gap=0.003507 max_probability_over_uniform=1.234429 min_probability_over_uniform=0.751782
RG_SCORE round=240 layer=features.34 mean_q=0.280933 max_q=0.429605 fraction_q_positive=0.992188 sampling_entropy=6.218560 uniform_entropy=6.238325 entropy_gap=0.019765 max_probability_over_uniform=1.396909 min_probability_over_uniform=0.250000
RG_SCORE round=240 layer=features.37 mean_q=0.252765 max_q=0.503659 fraction_q_positive=0.988281 sampling_entropy=6.191821 uniform_entropy=6.238325 entropy_gap=0.046504 max_probability_over_uniform=1.744447 min_probability_over_uniform=0.250000
RG_SCORE round=240 layer=features.40 mean_q=0.134436 max_q=0.438970 fraction_q_positive=0.865234 sampling_entropy=6.065866 uniform_entropy=6.238325 entropy_gap=0.172459 max_probability_over_uniform=2.698959 min_probability_over_uniform=0.250000
ROUND_ACCURACY method=FedPhoenixRG-RGE round=240 accuracy=65.599998
********************************************************************************
Round 240
ROUND_ACCURACY method=FedPhoenixRG-RGE round=241 accuracy=73.290001
********************************************************************************
Round 241
ROUND_ACCURACY method=FedPhoenixRG-RGE round=242 accuracy=75.129997
********************************************************************************
Round 242
ROUND_ACCURACY method=FedPhoenixRG-RGE round=243 accuracy=74.309998
********************************************************************************
Round 243
ROUND_ACCURACY method=FedPhoenixRG-RGE round=244 accuracy=73.870003
********************************************************************************
Round 244
ROUND_ACCURACY method=FedPhoenixRG-RGE round=245 accuracy=75.339996
********************************************************************************
Round 245
ROUND_ACCURACY method=FedPhoenixRG-RGE round=246 accuracy=76.099998
********************************************************************************
Round 246
ROUND_ACCURACY method=FedPhoenixRG-RGE round=247 accuracy=55.040001
********************************************************************************
Round 247
ROUND_ACCURACY method=FedPhoenixRG-RGE round=248 accuracy=70.830002
********************************************************************************
Round 248
ROUND_ACCURACY method=FedPhoenixRG-RGE round=249 accuracy=69.639999
********************************************************************************
Round 249
ROUND_ACCURACY method=FedPhoenixRG-RGE round=250 accuracy=73.940002
********************************************************************************
Round 250
ROUND_ACCURACY method=FedPhoenixRG-RGE round=251 accuracy=75.870003
********************************************************************************
Round 251
ROUND_ACCURACY method=FedPhoenixRG-RGE round=252 accuracy=72.540001
********************************************************************************
Round 252
ROUND_ACCURACY method=FedPhoenixRG-RGE round=253 accuracy=69.989998
********************************************************************************
Round 253
ROUND_ACCURACY method=FedPhoenixRG-RGE round=254 accuracy=68.000000
********************************************************************************
Round 254
ROUND_ACCURACY method=FedPhoenixRG-RGE round=255 accuracy=77.809998
********************************************************************************
Round 255
ROUND_ACCURACY method=FedPhoenixRG-RGE round=256 accuracy=66.279999
********************************************************************************
Round 256
ROUND_ACCURACY method=FedPhoenixRG-RGE round=257 accuracy=75.440002
********************************************************************************
Round 257
ROUND_ACCURACY method=FedPhoenixRG-RGE round=258 accuracy=72.970001
********************************************************************************
Round 258
ROUND_ACCURACY method=FedPhoenixRG-RGE round=259 accuracy=74.639999
********************************************************************************
Round 259
RG_SCORE round=260 layer=features.0 mean_q=0.138837 max_q=0.303399 fraction_q_positive=0.968750 sampling_entropy=4.068726 uniform_entropy=4.158883 entropy_gap=0.090157 max_probability_over_uniform=1.888973 min_probability_over_uniform=0.250000
RG_SCORE round=260 layer=features.3 mean_q=0.190359 max_q=0.240498 fraction_q_positive=1.000000 sampling_entropy=4.154648 uniform_entropy=4.158883 entropy_gap=0.004235 max_probability_over_uniform=1.197542 min_probability_over_uniform=0.772566
RG_SCORE round=260 layer=features.7 mean_q=0.188200 max_q=0.255163 fraction_q_positive=1.000000 sampling_entropy=4.849256 uniform_entropy=4.852030 entropy_gap=0.002774 max_probability_over_uniform=1.266857 min_probability_over_uniform=0.818654
RG_SCORE round=260 layer=features.10 mean_q=0.171482 max_q=0.217509 fraction_q_positive=1.000000 sampling_entropy=4.850261 uniform_entropy=4.852030 entropy_gap=0.001769 max_probability_over_uniform=1.201307 min_probability_over_uniform=0.840087
RG_SCORE round=260 layer=features.14 mean_q=0.178007 max_q=0.222591 fraction_q_positive=1.000000 sampling_entropy=5.543000 uniform_entropy=5.545177 entropy_gap=0.002177 max_probability_over_uniform=1.187847 min_probability_over_uniform=0.844575
RG_SCORE round=260 layer=features.17 mean_q=0.174271 max_q=0.218287 fraction_q_positive=1.000000 sampling_entropy=5.542706 uniform_entropy=5.545177 entropy_gap=0.002472 max_probability_over_uniform=1.189426 min_probability_over_uniform=0.848234
RG_SCORE round=260 layer=features.20 mean_q=0.173986 max_q=0.203894 fraction_q_positive=1.000000 sampling_entropy=5.544115 uniform_entropy=5.545177 entropy_gap=0.001062 max_probability_over_uniform=1.128922 min_probability_over_uniform=0.817450
RG_SCORE round=260 layer=features.24 mean_q=0.195172 max_q=0.239456 fraction_q_positive=1.000000 sampling_entropy=6.236608 uniform_entropy=6.238325 entropy_gap=0.001717 max_probability_over_uniform=1.170171 min_probability_over_uniform=0.823364
RG_SCORE round=260 layer=features.27 mean_q=0.191771 max_q=0.248385 fraction_q_positive=1.000000 sampling_entropy=6.236153 uniform_entropy=6.238325 entropy_gap=0.002172 max_probability_over_uniform=1.221410 min_probability_over_uniform=0.792601
RG_SCORE round=260 layer=features.30 mean_q=0.172067 max_q=0.212182 fraction_q_positive=1.000000 sampling_entropy=6.236136 uniform_entropy=6.238325 entropy_gap=0.002189 max_probability_over_uniform=1.174848 min_probability_over_uniform=0.764365
RG_SCORE round=260 layer=features.34 mean_q=0.354588 max_q=0.454879 fraction_q_positive=1.000000 sampling_entropy=6.234782 uniform_entropy=6.238325 entropy_gap=0.003543 max_probability_over_uniform=1.212130 min_probability_over_uniform=0.681621
RG_SCORE round=260 layer=features.37 mean_q=0.402908 max_q=0.539352 fraction_q_positive=1.000000 sampling_entropy=6.234083 uniform_entropy=6.238325 entropy_gap=0.004242 max_probability_over_uniform=1.253987 min_probability_over_uniform=0.647284
RG_SCORE round=260 layer=features.40 mean_q=0.319242 max_q=0.562367 fraction_q_positive=0.996094 sampling_entropy=6.198393 uniform_entropy=6.238325 entropy_gap=0.039932 max_probability_over_uniform=1.571176 min_probability_over_uniform=0.250000
ROUND_ACCURACY method=FedPhoenixRG-RGE round=260 accuracy=76.419998
********************************************************************************
Round 260
ROUND_ACCURACY method=FedPhoenixRG-RGE round=261 accuracy=75.690002
********************************************************************************
Round 261
ROUND_ACCURACY method=FedPhoenixRG-RGE round=262 accuracy=75.879997
********************************************************************************
Round 262
ROUND_ACCURACY method=FedPhoenixRG-RGE round=263 accuracy=68.430000
********************************************************************************
Round 263
ROUND_ACCURACY method=FedPhoenixRG-RGE round=264 accuracy=71.419998
********************************************************************************
Round 264
ROUND_ACCURACY method=FedPhoenixRG-RGE round=265 accuracy=71.129997
********************************************************************************
Round 265
ROUND_ACCURACY method=FedPhoenixRG-RGE round=266 accuracy=75.180000
********************************************************************************
Round 266
ROUND_ACCURACY method=FedPhoenixRG-RGE round=267 accuracy=66.500000
********************************************************************************
Round 267
ROUND_ACCURACY method=FedPhoenixRG-RGE round=268 accuracy=44.000000
********************************************************************************
Round 268
ROUND_ACCURACY method=FedPhoenixRG-RGE round=269 accuracy=70.550003
********************************************************************************
Round 269
ROUND_ACCURACY method=FedPhoenixRG-RGE round=270 accuracy=69.389999
********************************************************************************
Round 270
ROUND_ACCURACY method=FedPhoenixRG-RGE round=271 accuracy=70.099998
********************************************************************************
Round 271
ROUND_ACCURACY method=FedPhoenixRG-RGE round=272 accuracy=63.810001
********************************************************************************
Round 272
ROUND_ACCURACY method=FedPhoenixRG-RGE round=273 accuracy=68.050003
********************************************************************************
Round 273
ROUND_ACCURACY method=FedPhoenixRG-RGE round=274 accuracy=56.650002
********************************************************************************
Round 274
ROUND_ACCURACY method=FedPhoenixRG-RGE round=275 accuracy=76.260002
********************************************************************************
Round 275
ROUND_ACCURACY method=FedPhoenixRG-RGE round=276 accuracy=66.599998
********************************************************************************
Round 276
ROUND_ACCURACY method=FedPhoenixRG-RGE round=277 accuracy=77.080002
********************************************************************************
Round 277
ROUND_ACCURACY method=FedPhoenixRG-RGE round=278 accuracy=69.250000
********************************************************************************
Round 278
ROUND_ACCURACY method=FedPhoenixRG-RGE round=279 accuracy=78.199997
********************************************************************************
Round 279
RG_SCORE round=280 layer=features.0 mean_q=0.141905 max_q=0.295216 fraction_q_positive=0.937500 sampling_entropy=4.075022 uniform_entropy=4.158883 entropy_gap=0.083861 max_probability_over_uniform=1.810282 min_probability_over_uniform=0.250000
RG_SCORE round=280 layer=features.3 mean_q=0.163501 max_q=0.216052 fraction_q_positive=1.000000 sampling_entropy=4.153252 uniform_entropy=4.158883 entropy_gap=0.005631 max_probability_over_uniform=1.241056 min_probability_over_uniform=0.752456
RG_SCORE round=280 layer=features.7 mean_q=0.171921 max_q=0.229020 fraction_q_positive=1.000000 sampling_entropy=4.848356 uniform_entropy=4.852030 entropy_gap=0.003675 max_probability_over_uniform=1.249095 min_probability_over_uniform=0.788389
RG_SCORE round=280 layer=features.10 mean_q=0.166012 max_q=0.201740 fraction_q_positive=1.000000 sampling_entropy=4.850447 uniform_entropy=4.852030 entropy_gap=0.001583 max_probability_over_uniform=1.161412 min_probability_over_uniform=0.856705
RG_SCORE round=280 layer=features.14 mean_q=0.166696 max_q=0.213543 fraction_q_positive=1.000000 sampling_entropy=5.542940 uniform_entropy=5.545177 entropy_gap=0.002237 max_probability_over_uniform=1.210772 min_probability_over_uniform=0.802741
RG_SCORE round=280 layer=features.17 mean_q=0.159000 max_q=0.198439 fraction_q_positive=1.000000 sampling_entropy=5.542409 uniform_entropy=5.545177 entropy_gap=0.002769 max_probability_over_uniform=1.186033 min_probability_over_uniform=0.823758
RG_SCORE round=280 layer=features.20 mean_q=0.158021 max_q=0.199963 fraction_q_positive=1.000000 sampling_entropy=5.543080 uniform_entropy=5.545177 entropy_gap=0.002097 max_probability_over_uniform=1.199064 min_probability_over_uniform=0.785481
RG_SCORE round=280 layer=features.24 mean_q=0.174438 max_q=0.231135 fraction_q_positive=1.000000 sampling_entropy=6.234912 uniform_entropy=6.238325 entropy_gap=0.003412 max_probability_over_uniform=1.243772 min_probability_over_uniform=0.718929
RG_SCORE round=280 layer=features.27 mean_q=0.165646 max_q=0.237313 fraction_q_positive=1.000000 sampling_entropy=6.234236 uniform_entropy=6.238325 entropy_gap=0.004089 max_probability_over_uniform=1.324489 min_probability_over_uniform=0.678764
RG_SCORE round=280 layer=features.30 mean_q=0.141865 max_q=0.195125 fraction_q_positive=1.000000 sampling_entropy=6.232931 uniform_entropy=6.238325 entropy_gap=0.005393 max_probability_over_uniform=1.281570 min_probability_over_uniform=0.640592
RG_SCORE round=280 layer=features.34 mean_q=0.257847 max_q=0.382327 fraction_q_positive=1.000000 sampling_entropy=6.221685 uniform_entropy=6.238325 entropy_gap=0.016639 max_probability_over_uniform=1.362076 min_probability_over_uniform=0.330375
RG_SCORE round=280 layer=features.37 mean_q=0.212943 max_q=0.378935 fraction_q_positive=1.000000 sampling_entropy=6.209959 uniform_entropy=6.238325 entropy_gap=0.028366 max_probability_over_uniform=1.584639 min_probability_over_uniform=0.318017
RG_SCORE round=280 layer=features.40 mean_q=0.113156 max_q=0.296155 fraction_q_positive=0.964844 sampling_entropy=6.137213 uniform_entropy=6.238325 entropy_gap=0.101111 max_probability_over_uniform=2.212925 min_probability_over_uniform=0.250000
ROUND_ACCURACY method=FedPhoenixRG-RGE round=280 accuracy=74.419998
********************************************************************************
Round 280
ROUND_ACCURACY method=FedPhoenixRG-RGE round=281 accuracy=68.839996
********************************************************************************
Round 281
ROUND_ACCURACY method=FedPhoenixRG-RGE round=282 accuracy=64.709999
********************************************************************************
Round 282
ROUND_ACCURACY method=FedPhoenixRG-RGE round=283 accuracy=73.919998
********************************************************************************
Round 283
ROUND_ACCURACY method=FedPhoenixRG-RGE round=284 accuracy=74.089996
********************************************************************************
Round 284
ROUND_ACCURACY method=FedPhoenixRG-RGE round=285 accuracy=73.230003
********************************************************************************
Round 285
ROUND_ACCURACY method=FedPhoenixRG-RGE round=286 accuracy=69.419998
********************************************************************************
Round 286
ROUND_ACCURACY method=FedPhoenixRG-RGE round=287 accuracy=75.349998
********************************************************************************
Round 287
ROUND_ACCURACY method=FedPhoenixRG-RGE round=288 accuracy=69.720001
********************************************************************************
Round 288
ROUND_ACCURACY method=FedPhoenixRG-RGE round=289 accuracy=72.320000
********************************************************************************
Round 289
ROUND_ACCURACY method=FedPhoenixRG-RGE round=290 accuracy=78.500000
********************************************************************************
Round 290
ROUND_ACCURACY method=FedPhoenixRG-RGE round=291 accuracy=75.110001
********************************************************************************
Round 291
ROUND_ACCURACY method=FedPhoenixRG-RGE round=292 accuracy=72.180000
********************************************************************************
Round 292
ROUND_ACCURACY method=FedPhoenixRG-RGE round=293 accuracy=72.970001
********************************************************************************
Round 293
ROUND_ACCURACY method=FedPhoenixRG-RGE round=294 accuracy=71.150002
********************************************************************************
Round 294
ROUND_ACCURACY method=FedPhoenixRG-RGE round=295 accuracy=75.150002
********************************************************************************
Round 295
ROUND_ACCURACY method=FedPhoenixRG-RGE round=296 accuracy=76.269997
********************************************************************************
Round 296
ROUND_ACCURACY method=FedPhoenixRG-RGE round=297 accuracy=74.730003
********************************************************************************
Round 297
ROUND_ACCURACY method=FedPhoenixRG-RGE round=298 accuracy=67.370003
********************************************************************************
Round 298
ROUND_ACCURACY method=FedPhoenixRG-RGE round=299 accuracy=69.599998
********************************************************************************
Round 299
RG_SCORE round=300 layer=features.0 mean_q=0.152535 max_q=0.297866 fraction_q_positive=0.968750 sampling_entropy=4.099471 uniform_entropy=4.158883 entropy_gap=0.059412 max_probability_over_uniform=1.714579 min_probability_over_uniform=0.250000
RG_SCORE round=300 layer=features.3 mean_q=0.169329 max_q=0.227805 fraction_q_positive=1.000000 sampling_entropy=4.155703 uniform_entropy=4.158883 entropy_gap=0.003180 max_probability_over_uniform=1.259002 min_probability_over_uniform=0.778591
RG_SCORE round=300 layer=features.7 mean_q=0.173014 max_q=0.228134 fraction_q_positive=1.000000 sampling_entropy=4.848429 uniform_entropy=4.852030 entropy_gap=0.003601 max_probability_over_uniform=1.238943 min_probability_over_uniform=0.786852
RG_SCORE round=300 layer=features.10 mean_q=0.166961 max_q=0.205344 fraction_q_positive=1.000000 sampling_entropy=4.850045 uniform_entropy=4.852030 entropy_gap=0.001985 max_probability_over_uniform=1.172417 min_probability_over_uniform=0.848255
RG_SCORE round=300 layer=features.14 mean_q=0.164291 max_q=0.216978 fraction_q_positive=1.000000 sampling_entropy=5.542236 uniform_entropy=5.545177 entropy_gap=0.002942 max_probability_over_uniform=1.240517 min_probability_over_uniform=0.809537
RG_SCORE round=300 layer=features.17 mean_q=0.157373 max_q=0.209913 fraction_q_positive=1.000000 sampling_entropy=5.541538 uniform_entropy=5.545177 entropy_gap=0.003639 max_probability_over_uniform=1.250397 min_probability_over_uniform=0.794788
RG_SCORE round=300 layer=features.20 mean_q=0.152982 max_q=0.187373 fraction_q_positive=1.000000 sampling_entropy=5.543468 uniform_entropy=5.545177 entropy_gap=0.001710 max_probability_over_uniform=1.168606 min_probability_over_uniform=0.824837
RG_SCORE round=300 layer=features.24 mean_q=0.171997 max_q=0.217269 fraction_q_positive=1.000000 sampling_entropy=6.235165 uniform_entropy=6.238325 entropy_gap=0.003160 max_probability_over_uniform=1.197410 min_probability_over_uniform=0.636311
RG_SCORE round=300 layer=features.27 mean_q=0.166832 max_q=0.232133 fraction_q_positive=1.000000 sampling_entropy=6.233666 uniform_entropy=6.238325 entropy_gap=0.004659 max_probability_over_uniform=1.293563 min_probability_over_uniform=0.600470
RG_SCORE round=300 layer=features.30 mean_q=0.142749 max_q=0.194218 fraction_q_positive=1.000000 sampling_entropy=6.232570 uniform_entropy=6.238325 entropy_gap=0.005754 max_probability_over_uniform=1.270414 min_probability_over_uniform=0.631889
RG_SCORE round=300 layer=features.34 mean_q=0.254809 max_q=0.408238 fraction_q_positive=1.000000 sampling_entropy=6.212018 uniform_entropy=6.238325 entropy_gap=0.026306 max_probability_over_uniform=1.451600 min_probability_over_uniform=0.254681
RG_SCORE round=300 layer=features.37 mean_q=0.220716 max_q=0.399631 fraction_q_positive=0.996094 sampling_entropy=6.191966 uniform_entropy=6.238325 entropy_gap=0.046359 max_probability_over_uniform=1.607955 min_probability_over_uniform=0.250000
RG_SCORE round=300 layer=features.40 mean_q=0.121106 max_q=0.399436 fraction_q_positive=0.949219 sampling_entropy=6.122741 uniform_entropy=6.238325 entropy_gap=0.115584 max_probability_over_uniform=2.723684 min_probability_over_uniform=0.250000
ROUND_ACCURACY method=FedPhoenixRG-RGE round=300 accuracy=71.040001
********************************************************************************
Round 300
ROUND_ACCURACY method=FedPhoenixRG-RGE round=301 accuracy=77.599998
********************************************************************************
Round 301
ROUND_ACCURACY method=FedPhoenixRG-RGE round=302 accuracy=68.150002
********************************************************************************
Round 302
ROUND_ACCURACY method=FedPhoenixRG-RGE round=303 accuracy=76.120003
********************************************************************************
Round 303
ROUND_ACCURACY method=FedPhoenixRG-RGE round=304 accuracy=69.790001
********************************************************************************
Round 304
ROUND_ACCURACY method=FedPhoenixRG-RGE round=305 accuracy=77.419998
********************************************************************************
Round 305
ROUND_ACCURACY method=FedPhoenixRG-RGE round=306 accuracy=73.260002
********************************************************************************
Round 306
ROUND_ACCURACY method=FedPhoenixRG-RGE round=307 accuracy=73.860001
********************************************************************************
Round 307
ROUND_ACCURACY method=FedPhoenixRG-RGE round=308 accuracy=74.760002
********************************************************************************
Round 308
RGE_GATE round=309 layer=features.10 retention=1.047592 triggered=1 extended_rounds=20
ROUND_ACCURACY method=FedPhoenixRG-RGE round=309 accuracy=75.040001
********************************************************************************
Round 309
ROUND_ACCURACY method=FedPhoenixRG-RGE round=310 accuracy=77.360001
********************************************************************************
Round 310
ROUND_ACCURACY method=FedPhoenixRG-RGE round=311 accuracy=73.730003
********************************************************************************
Round 311
ROUND_ACCURACY method=FedPhoenixRG-RGE round=312 accuracy=78.160004
********************************************************************************
Round 312
ROUND_ACCURACY method=FedPhoenixRG-RGE round=313 accuracy=73.410004
********************************************************************************
Round 313
ROUND_ACCURACY method=FedPhoenixRG-RGE round=314 accuracy=76.599998
********************************************************************************
Round 314
ROUND_ACCURACY method=FedPhoenixRG-RGE round=315 accuracy=71.000000
********************************************************************************
Round 315
ROUND_ACCURACY method=FedPhoenixRG-RGE round=316 accuracy=73.129997
********************************************************************************
Round 316
ROUND_ACCURACY method=FedPhoenixRG-RGE round=317 accuracy=70.419998
********************************************************************************
Round 317
ROUND_ACCURACY method=FedPhoenixRG-RGE round=318 accuracy=66.760002
********************************************************************************
Round 318
ROUND_ACCURACY method=FedPhoenixRG-RGE round=319 accuracy=64.360001
********************************************************************************
Round 319
RG_SCORE round=320 layer=features.0 mean_q=0.137998 max_q=0.252188 fraction_q_positive=0.968750 sampling_entropy=4.092382 uniform_entropy=4.158883 entropy_gap=0.066501 max_probability_over_uniform=1.620611 min_probability_over_uniform=0.250000
RG_SCORE round=320 layer=features.3 mean_q=0.147046 max_q=0.200449 fraction_q_positive=1.000000 sampling_entropy=4.153041 uniform_entropy=4.158883 entropy_gap=0.005842 max_probability_over_uniform=1.272376 min_probability_over_uniform=0.714762
RG_SCORE round=320 layer=features.7 mean_q=0.156191 max_q=0.196207 fraction_q_positive=1.000000 sampling_entropy=4.849068 uniform_entropy=4.852030 entropy_gap=0.002962 max_probability_over_uniform=1.192149 min_probability_over_uniform=0.776872
RG_SCORE round=320 layer=features.10 mean_q=0.148392 max_q=0.196605 fraction_q_positive=1.000000 sampling_entropy=4.849140 uniform_entropy=4.852030 entropy_gap=0.002890 max_probability_over_uniform=1.243677 min_probability_over_uniform=0.791091
RG_SCORE round=320 layer=features.14 mean_q=0.146389 max_q=0.210400 fraction_q_positive=1.000000 sampling_entropy=5.541362 uniform_entropy=5.545177 entropy_gap=0.003816 max_probability_over_uniform=1.327945 min_probability_over_uniform=0.755107
RG_SCORE round=320 layer=features.17 mean_q=0.138601 max_q=0.185249 fraction_q_positive=1.000000 sampling_entropy=5.541596 uniform_entropy=5.545177 entropy_gap=0.003581 max_probability_over_uniform=1.252424 min_probability_over_uniform=0.764832
RG_SCORE round=320 layer=features.20 mean_q=0.136551 max_q=0.172612 fraction_q_positive=1.000000 sampling_entropy=5.542457 uniform_entropy=5.545177 entropy_gap=0.002721 max_probability_over_uniform=1.198062 min_probability_over_uniform=0.799887
RG_SCORE round=320 layer=features.24 mean_q=0.152404 max_q=0.212582 fraction_q_positive=1.000000 sampling_entropy=6.231652 uniform_entropy=6.238325 entropy_gap=0.006672 max_probability_over_uniform=1.296143 min_probability_over_uniform=0.591588
RG_SCORE round=320 layer=features.27 mean_q=0.146811 max_q=0.216956 fraction_q_positive=1.000000 sampling_entropy=6.230814 uniform_entropy=6.238325 entropy_gap=0.007510 max_probability_over_uniform=1.358341 min_probability_over_uniform=0.469454
RG_SCORE round=320 layer=features.30 mean_q=0.130464 max_q=0.173894 fraction_q_positive=1.000000 sampling_entropy=6.231874 uniform_entropy=6.238325 entropy_gap=0.006450 max_probability_over_uniform=1.249664 min_probability_over_uniform=0.612695
RG_SCORE round=320 layer=features.34 mean_q=0.254750 max_q=0.423492 fraction_q_positive=0.998047 sampling_entropy=6.206910 uniform_entropy=6.238325 entropy_gap=0.031415 max_probability_over_uniform=1.496786 min_probability_over_uniform=0.250000
RG_SCORE round=320 layer=features.37 mean_q=0.247412 max_q=0.481440 fraction_q_positive=0.992188 sampling_entropy=6.199864 uniform_entropy=6.238325 entropy_gap=0.038461 max_probability_over_uniform=1.709428 min_probability_over_uniform=0.250000
RG_SCORE round=320 layer=features.40 mean_q=0.144817 max_q=0.457062 fraction_q_positive=0.873047 sampling_entropy=6.083884 uniform_entropy=6.238325 entropy_gap=0.154441 max_probability_over_uniform=2.617095 min_probability_over_uniform=0.250000
ROUND_ACCURACY method=FedPhoenixRG-RGE round=320 accuracy=73.400002
********************************************************************************
Round 320
ROUND_ACCURACY method=FedPhoenixRG-RGE round=321 accuracy=67.480003
********************************************************************************
Round 321
ROUND_ACCURACY method=FedPhoenixRG-RGE round=322 accuracy=71.489998
********************************************************************************
Round 322
ROUND_ACCURACY method=FedPhoenixRG-RGE round=323 accuracy=74.010002
********************************************************************************
Round 323
ROUND_ACCURACY method=FedPhoenixRG-RGE round=324 accuracy=69.720001
********************************************************************************
Round 324
ROUND_ACCURACY method=FedPhoenixRG-RGE round=325 accuracy=71.599998
********************************************************************************
Round 325
ROUND_ACCURACY method=FedPhoenixRG-RGE round=326 accuracy=73.599998
********************************************************************************
Round 326
ROUND_ACCURACY method=FedPhoenixRG-RGE round=327 accuracy=76.339996
********************************************************************************
Round 327
ROUND_ACCURACY method=FedPhoenixRG-RGE round=328 accuracy=73.690002
********************************************************************************
Round 328
ROUND_ACCURACY method=FedPhoenixRG-RGE round=329 accuracy=78.550003
********************************************************************************
Round 329
ROUND_ACCURACY method=FedPhoenixRG-RGE round=330 accuracy=74.620003
********************************************************************************
Round 330
ROUND_ACCURACY method=FedPhoenixRG-RGE round=331 accuracy=69.970001
********************************************************************************
Round 331
ROUND_ACCURACY method=FedPhoenixRG-RGE round=332 accuracy=73.260002
********************************************************************************
Round 332
ROUND_ACCURACY method=FedPhoenixRG-RGE round=333 accuracy=74.510002
********************************************************************************
Round 333
ROUND_ACCURACY method=FedPhoenixRG-RGE round=334 accuracy=75.139999
********************************************************************************
Round 334
ROUND_ACCURACY method=FedPhoenixRG-RGE round=335 accuracy=79.529999
********************************************************************************
Round 335
ROUND_ACCURACY method=FedPhoenixRG-RGE round=336 accuracy=76.260002
********************************************************************************
Round 336
ROUND_ACCURACY method=FedPhoenixRG-RGE round=337 accuracy=76.190002
********************************************************************************
Round 337
ROUND_ACCURACY method=FedPhoenixRG-RGE round=338 accuracy=78.940002
********************************************************************************
Round 338
ROUND_ACCURACY method=FedPhoenixRG-RGE round=339 accuracy=70.980003
********************************************************************************
Round 339
RG_SCORE round=340 layer=features.0 mean_q=0.112795 max_q=0.268221 fraction_q_positive=0.937500 sampling_entropy=4.039664 uniform_entropy=4.158883 entropy_gap=0.119219 max_probability_over_uniform=2.033465 min_probability_over_uniform=0.250000
RG_SCORE round=340 layer=features.3 mean_q=0.138094 max_q=0.190879 fraction_q_positive=1.000000 sampling_entropy=4.150123 uniform_entropy=4.158883 entropy_gap=0.008760 max_probability_over_uniform=1.286680 min_probability_over_uniform=0.711657
RG_SCORE round=340 layer=features.7 mean_q=0.147989 max_q=0.196699 fraction_q_positive=1.000000 sampling_entropy=4.846101 uniform_entropy=4.852030 entropy_gap=0.005929 max_probability_over_uniform=1.246859 min_probability_over_uniform=0.661423
RG_SCORE round=340 layer=features.10 mean_q=0.139185 max_q=0.202863 fraction_q_positive=1.000000 sampling_entropy=4.847772 uniform_entropy=4.852030 entropy_gap=0.004258 max_probability_over_uniform=1.343132 min_probability_over_uniform=0.812778
RG_SCORE round=340 layer=features.14 mean_q=0.143535 max_q=0.210640 fraction_q_positive=1.000000 sampling_entropy=5.540384 uniform_entropy=5.545177 entropy_gap=0.004793 max_probability_over_uniform=1.350641 min_probability_over_uniform=0.710897
RG_SCORE round=340 layer=features.17 mean_q=0.136183 max_q=0.183309 fraction_q_positive=1.000000 sampling_entropy=5.539402 uniform_entropy=5.545177 entropy_gap=0.005775 max_probability_over_uniform=1.259538 min_probability_over_uniform=0.688703
RG_SCORE round=340 layer=features.20 mean_q=0.134235 max_q=0.171201 fraction_q_positive=1.000000 sampling_entropy=5.540009 uniform_entropy=5.545177 entropy_gap=0.005169 max_probability_over_uniform=1.206534 min_probability_over_uniform=0.640041
RG_SCORE round=340 layer=features.24 mean_q=0.141504 max_q=0.213578 fraction_q_positive=1.000000 sampling_entropy=6.225912 uniform_entropy=6.238325 entropy_gap=0.012413 max_probability_over_uniform=1.382009 min_probability_over_uniform=0.452287
RG_SCORE round=340 layer=features.27 mean_q=0.136430 max_q=0.227591 fraction_q_positive=1.000000 sampling_entropy=6.221169 uniform_entropy=6.238325 entropy_gap=0.017155 max_probability_over_uniform=1.501146 min_probability_over_uniform=0.432609
RG_SCORE round=340 layer=features.30 mean_q=0.118792 max_q=0.186405 fraction_q_positive=1.000000 sampling_entropy=6.220725 uniform_entropy=6.238325 entropy_gap=0.017600 max_probability_over_uniform=1.426879 min_probability_over_uniform=0.388169
RG_SCORE round=340 layer=features.34 mean_q=0.199148 max_q=0.413860 fraction_q_positive=0.970703 sampling_entropy=6.162381 uniform_entropy=6.238325 entropy_gap=0.075943 max_probability_over_uniform=1.808612 min_probability_over_uniform=0.250000
RG_SCORE round=340 layer=features.37 mean_q=0.204471 max_q=0.421109 fraction_q_positive=0.982422 sampling_entropy=6.167930 uniform_entropy=6.238325 entropy_gap=0.070395 max_probability_over_uniform=1.794631 min_probability_over_uniform=0.250000
RG_SCORE round=340 layer=features.40 mean_q=0.154205 max_q=0.403410 fraction_q_positive=0.968750 sampling_entropy=6.150005 uniform_entropy=6.238325 entropy_gap=0.088320 max_probability_over_uniform=2.212047 min_probability_over_uniform=0.250000
ROUND_ACCURACY method=FedPhoenixRG-RGE round=340 accuracy=73.139999
********************************************************************************
Round 340
ROUND_ACCURACY method=FedPhoenixRG-RGE round=341 accuracy=70.940002
********************************************************************************
Round 341
ROUND_ACCURACY method=FedPhoenixRG-RGE round=342 accuracy=75.730003
********************************************************************************
Round 342
ROUND_ACCURACY method=FedPhoenixRG-RGE round=343 accuracy=67.500000
********************************************************************************
Round 343
ROUND_ACCURACY method=FedPhoenixRG-RGE round=344 accuracy=75.870003
********************************************************************************
Round 344
ROUND_ACCURACY method=FedPhoenixRG-RGE round=345 accuracy=75.849998
********************************************************************************
Round 345
ROUND_ACCURACY method=FedPhoenixRG-RGE round=346 accuracy=78.550003
********************************************************************************
Round 346
ROUND_ACCURACY method=FedPhoenixRG-RGE round=347 accuracy=67.489998
********************************************************************************
Round 347
ROUND_ACCURACY method=FedPhoenixRG-RGE round=348 accuracy=69.599998
********************************************************************************
Round 348
ROUND_ACCURACY method=FedPhoenixRG-RGE round=349 accuracy=78.739998
********************************************************************************
Round 349
ROUND_ACCURACY method=FedPhoenixRG-RGE round=350 accuracy=77.750000
********************************************************************************
Round 350
ROUND_ACCURACY method=FedPhoenixRG-RGE round=351 accuracy=72.099998
********************************************************************************
Round 351
ROUND_ACCURACY method=FedPhoenixRG-RGE round=352 accuracy=77.720001
********************************************************************************
Round 352
ROUND_ACCURACY method=FedPhoenixRG-RGE round=353 accuracy=70.629997
********************************************************************************
Round 353
ROUND_ACCURACY method=FedPhoenixRG-RGE round=354 accuracy=70.339996
********************************************************************************
Round 354
ROUND_ACCURACY method=FedPhoenixRG-RGE round=355 accuracy=68.519997
********************************************************************************
Round 355
ROUND_ACCURACY method=FedPhoenixRG-RGE round=356 accuracy=75.260002
********************************************************************************
Round 356
ROUND_ACCURACY method=FedPhoenixRG-RGE round=357 accuracy=77.959999
********************************************************************************
Round 357
ROUND_ACCURACY method=FedPhoenixRG-RGE round=358 accuracy=79.269997
********************************************************************************
Round 358
ROUND_ACCURACY method=FedPhoenixRG-RGE round=359 accuracy=66.750000
********************************************************************************
Round 359
RG_SCORE round=360 layer=features.0 mean_q=0.124592 max_q=0.410099 fraction_q_positive=0.796875 sampling_entropy=3.944582 uniform_entropy=4.158883 entropy_gap=0.214301 max_probability_over_uniform=2.718656 min_probability_over_uniform=0.250000
RG_SCORE round=360 layer=features.3 mean_q=0.131259 max_q=0.223148 fraction_q_positive=1.000000 sampling_entropy=4.143050 uniform_entropy=4.158883 entropy_gap=0.015834 max_probability_over_uniform=1.525041 min_probability_over_uniform=0.636533
RG_SCORE round=360 layer=features.7 mean_q=0.147645 max_q=0.192300 fraction_q_positive=1.000000 sampling_entropy=4.845160 uniform_entropy=4.852030 entropy_gap=0.006870 max_probability_over_uniform=1.226837 min_probability_over_uniform=0.623269
RG_SCORE round=360 layer=features.10 mean_q=0.147292 max_q=0.188134 fraction_q_positive=1.000000 sampling_entropy=4.849464 uniform_entropy=4.852030 entropy_gap=0.002567 max_probability_over_uniform=1.207966 min_probability_over_uniform=0.818120
RG_SCORE round=360 layer=features.14 mean_q=0.150992 max_q=0.206109 fraction_q_positive=1.000000 sampling_entropy=5.541590 uniform_entropy=5.545177 entropy_gap=0.003588 max_probability_over_uniform=1.273771 min_probability_over_uniform=0.719592
RG_SCORE round=360 layer=features.17 mean_q=0.139341 max_q=0.187660 fraction_q_positive=1.000000 sampling_entropy=5.541187 uniform_entropy=5.545177 entropy_gap=0.003991 max_probability_over_uniform=1.260072 min_probability_over_uniform=0.749261
RG_SCORE round=360 layer=features.20 mean_q=0.138814 max_q=0.169557 fraction_q_positive=1.000000 sampling_entropy=5.542522 uniform_entropy=5.545177 entropy_gap=0.002655 max_probability_over_uniform=1.166097 min_probability_over_uniform=0.779953
RG_SCORE round=360 layer=features.24 mean_q=0.158740 max_q=0.210397 fraction_q_positive=1.000000 sampling_entropy=6.234348 uniform_entropy=6.238325 entropy_gap=0.003976 max_probability_over_uniform=1.244061 min_probability_over_uniform=0.607725
RG_SCORE round=360 layer=features.27 mean_q=0.161801 max_q=0.223833 fraction_q_positive=1.000000 sampling_entropy=6.233914 uniform_entropy=6.238325 entropy_gap=0.004410 max_probability_over_uniform=1.287535 min_probability_over_uniform=0.699348
RG_SCORE round=360 layer=features.30 mean_q=0.147736 max_q=0.196671 fraction_q_positive=1.000000 sampling_entropy=6.233600 uniform_entropy=6.238325 entropy_gap=0.004724 max_probability_over_uniform=1.248424 min_probability_over_uniform=0.599001
RG_SCORE round=360 layer=features.34 mean_q=0.322139 max_q=0.462079 fraction_q_positive=1.000000 sampling_entropy=6.230922 uniform_entropy=6.238325 entropy_gap=0.007403 max_probability_over_uniform=1.325807 min_probability_over_uniform=0.599445
RG_SCORE round=360 layer=features.37 mean_q=0.365341 max_q=0.505946 fraction_q_positive=1.000000 sampling_entropy=6.231852 uniform_entropy=6.238325 entropy_gap=0.006472 max_probability_over_uniform=1.288644 min_probability_over_uniform=0.594767
RG_SCORE round=360 layer=features.40 mean_q=0.270173 max_q=0.535574 fraction_q_positive=0.988281 sampling_entropy=6.195219 uniform_entropy=6.238325 entropy_gap=0.043105 max_probability_over_uniform=1.736751 min_probability_over_uniform=0.250000
ROUND_ACCURACY method=FedPhoenixRG-RGE round=360 accuracy=73.190002
********************************************************************************
Round 360
ROUND_ACCURACY method=FedPhoenixRG-RGE round=361 accuracy=69.220001
********************************************************************************
Round 361
ROUND_ACCURACY method=FedPhoenixRG-RGE round=362 accuracy=69.589996
********************************************************************************
Round 362
ROUND_ACCURACY method=FedPhoenixRG-RGE round=363 accuracy=65.430000
********************************************************************************
Round 363
ROUND_ACCURACY method=FedPhoenixRG-RGE round=364 accuracy=66.629997
********************************************************************************
Round 364
ROUND_ACCURACY method=FedPhoenixRG-RGE round=365 accuracy=63.900002
********************************************************************************
Round 365
ROUND_ACCURACY method=FedPhoenixRG-RGE round=366 accuracy=76.320000
********************************************************************************
Round 366
ROUND_ACCURACY method=FedPhoenixRG-RGE round=367 accuracy=72.330002
********************************************************************************
Round 367
ROUND_ACCURACY method=FedPhoenixRG-RGE round=368 accuracy=73.830002
********************************************************************************
Round 368
ROUND_ACCURACY method=FedPhoenixRG-RGE round=369 accuracy=71.610001
********************************************************************************
Round 369
ROUND_ACCURACY method=FedPhoenixRG-RGE round=370 accuracy=69.260002
********************************************************************************
Round 370
ROUND_ACCURACY method=FedPhoenixRG-RGE round=371 accuracy=79.320000
********************************************************************************
Round 371
ROUND_ACCURACY method=FedPhoenixRG-RGE round=372 accuracy=69.690002
********************************************************************************
Round 372
ROUND_ACCURACY method=FedPhoenixRG-RGE round=373 accuracy=67.900002
********************************************************************************
Round 373
ROUND_ACCURACY method=FedPhoenixRG-RGE round=374 accuracy=75.660004
********************************************************************************
Round 374
ROUND_ACCURACY method=FedPhoenixRG-RGE round=375 accuracy=75.290001
********************************************************************************
Round 375
ROUND_ACCURACY method=FedPhoenixRG-RGE round=376 accuracy=76.660004
********************************************************************************
Round 376
ROUND_ACCURACY method=FedPhoenixRG-RGE round=377 accuracy=54.810001
********************************************************************************
Round 377
ROUND_ACCURACY method=FedPhoenixRG-RGE round=378 accuracy=75.129997
********************************************************************************
Round 378
ROUND_ACCURACY method=FedPhoenixRG-RGE round=379 accuracy=77.330002
********************************************************************************
Round 379
RG_SCORE round=380 layer=features.0 mean_q=0.110810 max_q=0.312850 fraction_q_positive=0.921875 sampling_entropy=4.016043 uniform_entropy=4.158883 entropy_gap=0.142840 max_probability_over_uniform=2.367474 min_probability_over_uniform=0.250000
RG_SCORE round=380 layer=features.3 mean_q=0.139086 max_q=0.188828 fraction_q_positive=1.000000 sampling_entropy=4.145854 uniform_entropy=4.158883 entropy_gap=0.013029 max_probability_over_uniform=1.268225 min_probability_over_uniform=0.605107
RG_SCORE round=380 layer=features.7 mean_q=0.145878 max_q=0.210421 fraction_q_positive=1.000000 sampling_entropy=4.843697 uniform_entropy=4.852030 entropy_gap=0.008334 max_probability_over_uniform=1.331835 min_probability_over_uniform=0.701009
RG_SCORE round=380 layer=features.10 mean_q=0.141847 max_q=0.175729 fraction_q_positive=1.000000 sampling_entropy=4.849499 uniform_entropy=4.852030 entropy_gap=0.002531 max_probability_over_uniform=1.179144 min_probability_over_uniform=0.751416
RG_SCORE round=380 layer=features.14 mean_q=0.145635 max_q=0.195094 fraction_q_positive=1.000000 sampling_entropy=5.541479 uniform_entropy=5.545177 entropy_gap=0.003698 max_probability_over_uniform=1.254708 min_probability_over_uniform=0.763206
RG_SCORE round=380 layer=features.17 mean_q=0.136220 max_q=0.194302 fraction_q_positive=1.000000 sampling_entropy=5.541415 uniform_entropy=5.545177 entropy_gap=0.003762 max_probability_over_uniform=1.319788 min_probability_over_uniform=0.754959
RG_SCORE round=380 layer=features.20 mean_q=0.135456 max_q=0.180004 fraction_q_positive=1.000000 sampling_entropy=5.542307 uniform_entropy=5.545177 entropy_gap=0.002871 max_probability_over_uniform=1.246657 min_probability_over_uniform=0.814402
RG_SCORE round=380 layer=features.24 mean_q=0.151455 max_q=0.203680 fraction_q_positive=1.000000 sampling_entropy=6.234288 uniform_entropy=6.238325 entropy_gap=0.004037 max_probability_over_uniform=1.258616 min_probability_over_uniform=0.684069
RG_SCORE round=380 layer=features.27 mean_q=0.147817 max_q=0.211679 fraction_q_positive=1.000000 sampling_entropy=6.232949 uniform_entropy=6.238325 entropy_gap=0.005376 max_probability_over_uniform=1.324029 min_probability_over_uniform=0.689842
RG_SCORE round=380 layer=features.30 mean_q=0.126249 max_q=0.174864 fraction_q_positive=1.000000 sampling_entropy=6.231368 uniform_entropy=6.238325 entropy_gap=0.006956 max_probability_over_uniform=1.288809 min_probability_over_uniform=0.615379
RG_SCORE round=380 layer=features.34 mean_q=0.258594 max_q=0.396111 fraction_q_positive=1.000000 sampling_entropy=6.225425 uniform_entropy=6.238325 entropy_gap=0.012900 max_probability_over_uniform=1.398840 min_probability_over_uniform=0.449816
RG_SCORE round=380 layer=features.37 mean_q=0.291392 max_q=0.410369 fraction_q_positive=1.000000 sampling_entropy=6.230136 uniform_entropy=6.238325 entropy_gap=0.008188 max_probability_over_uniform=1.306229 min_probability_over_uniform=0.384421
RG_SCORE round=380 layer=features.40 mean_q=0.231670 max_q=0.433299 fraction_q_positive=0.994141 sampling_entropy=6.189506 uniform_entropy=6.238325 entropy_gap=0.048818 max_probability_over_uniform=1.652745 min_probability_over_uniform=0.250000
ROUND_ACCURACY method=FedPhoenixRG-RGE round=380 accuracy=79.419998
********************************************************************************
Round 380
ROUND_ACCURACY method=FedPhoenixRG-RGE round=381 accuracy=70.169998
********************************************************************************
Round 381
ROUND_ACCURACY method=FedPhoenixRG-RGE round=382 accuracy=74.980003
********************************************************************************
Round 382
ROUND_ACCURACY method=FedPhoenixRG-RGE round=383 accuracy=64.269997
********************************************************************************
Round 383
ROUND_ACCURACY method=FedPhoenixRG-RGE round=384 accuracy=70.870003
********************************************************************************
Round 384
ROUND_ACCURACY method=FedPhoenixRG-RGE round=385 accuracy=72.760002
********************************************************************************
Round 385
RGE_GATE round=386 layer=features.14 retention=0.897537 triggered=1 extended_rounds=20
ROUND_ACCURACY method=FedPhoenixRG-RGE round=386 accuracy=78.199997
********************************************************************************
Round 386
ROUND_ACCURACY method=FedPhoenixRG-RGE round=387 accuracy=76.769997
********************************************************************************
Round 387
ROUND_ACCURACY method=FedPhoenixRG-RGE round=388 accuracy=75.209999
********************************************************************************
Round 388
ROUND_ACCURACY method=FedPhoenixRG-RGE round=389 accuracy=74.379997
********************************************************************************
Round 389
ROUND_ACCURACY method=FedPhoenixRG-RGE round=390 accuracy=72.080002
********************************************************************************
Round 390
ROUND_ACCURACY method=FedPhoenixRG-RGE round=391 accuracy=72.040001
********************************************************************************
Round 391
ROUND_ACCURACY method=FedPhoenixRG-RGE round=392 accuracy=71.620003
********************************************************************************
Round 392
ROUND_ACCURACY method=FedPhoenixRG-RGE round=393 accuracy=76.019997
********************************************************************************
Round 393
ROUND_ACCURACY method=FedPhoenixRG-RGE round=394 accuracy=70.919998
********************************************************************************
Round 394
ROUND_ACCURACY method=FedPhoenixRG-RGE round=395 accuracy=69.419998
********************************************************************************
Round 395
ROUND_ACCURACY method=FedPhoenixRG-RGE round=396 accuracy=68.660004
********************************************************************************
Round 396
ROUND_ACCURACY method=FedPhoenixRG-RGE round=397 accuracy=79.260002
********************************************************************************
Round 397
ROUND_ACCURACY method=FedPhoenixRG-RGE round=398 accuracy=74.339996
********************************************************************************
Round 398
ROUND_ACCURACY method=FedPhoenixRG-RGE round=399 accuracy=70.349998
********************************************************************************
Round 399
RG_SCORE round=400 layer=features.0 mean_q=0.113936 max_q=0.258371 fraction_q_positive=0.921875 sampling_entropy=4.035592 uniform_entropy=4.158883 entropy_gap=0.123291 max_probability_over_uniform=1.950766 min_probability_over_uniform=0.250000
RG_SCORE round=400 layer=features.3 mean_q=0.127712 max_q=0.174838 fraction_q_positive=1.000000 sampling_entropy=4.150220 uniform_entropy=4.158883 entropy_gap=0.008663 max_probability_over_uniform=1.276749 min_probability_over_uniform=0.677311
RG_SCORE round=400 layer=features.7 mean_q=0.130632 max_q=0.193288 fraction_q_positive=1.000000 sampling_entropy=4.845402 uniform_entropy=4.852030 entropy_gap=0.006628 max_probability_over_uniform=1.359725 min_probability_over_uniform=0.701272
RG_SCORE round=400 layer=features.10 mean_q=0.129733 max_q=0.170858 fraction_q_positive=1.000000 sampling_entropy=4.849083 uniform_entropy=4.852030 entropy_gap=0.002947 max_probability_over_uniform=1.237747 min_probability_over_uniform=0.814864
RG_SCORE round=400 layer=features.14 mean_q=0.136468 max_q=0.175513 fraction_q_positive=1.000000 sampling_entropy=5.542120 uniform_entropy=5.545177 entropy_gap=0.003058 max_probability_over_uniform=1.214582 min_probability_over_uniform=0.804506
RG_SCORE round=400 layer=features.17 mean_q=0.129243 max_q=0.184988 fraction_q_positive=1.000000 sampling_entropy=5.541507 uniform_entropy=5.545177 entropy_gap=0.003671 max_probability_over_uniform=1.323496 min_probability_over_uniform=0.812652
RG_SCORE round=400 layer=features.20 mean_q=0.128796 max_q=0.163645 fraction_q_positive=1.000000 sampling_entropy=5.543088 uniform_entropy=5.545177 entropy_gap=0.002090 max_probability_over_uniform=1.202935 min_probability_over_uniform=0.799816
RG_SCORE round=400 layer=features.24 mean_q=0.148461 max_q=0.191846 fraction_q_positive=1.000000 sampling_entropy=6.235026 uniform_entropy=6.238325 entropy_gap=0.003298 max_probability_over_uniform=1.219177 min_probability_over_uniform=0.802005
RG_SCORE round=400 layer=features.27 mean_q=0.149529 max_q=0.206277 fraction_q_positive=1.000000 sampling_entropy=6.234358 uniform_entropy=6.238325 entropy_gap=0.003967 max_probability_over_uniform=1.284636 min_probability_over_uniform=0.704421
RG_SCORE round=400 layer=features.30 mean_q=0.135464 max_q=0.179791 fraction_q_positive=1.000000 sampling_entropy=6.235016 uniform_entropy=6.238325 entropy_gap=0.003309 max_probability_over_uniform=1.245423 min_probability_over_uniform=0.718344
RG_SCORE round=400 layer=features.34 mean_q=0.289425 max_q=0.408478 fraction_q_positive=1.000000 sampling_entropy=6.231676 uniform_entropy=6.238325 entropy_gap=0.006648 max_probability_over_uniform=1.308508 min_probability_over_uniform=0.524174
RG_SCORE round=400 layer=features.37 mean_q=0.314711 max_q=0.475146 fraction_q_positive=1.000000 sampling_entropy=6.230110 uniform_entropy=6.238325 entropy_gap=0.008215 max_probability_over_uniform=1.382340 min_probability_over_uniform=0.524230
RG_SCORE round=400 layer=features.40 mean_q=0.249033 max_q=0.508356 fraction_q_positive=1.000000 sampling_entropy=6.197456 uniform_entropy=6.238325 entropy_gap=0.040868 max_probability_over_uniform=1.780988 min_probability_over_uniform=0.291359
ROUND_ACCURACY method=FedPhoenixRG-RGE round=400 accuracy=75.070000
********************************************************************************
Round 400
ROUND_ACCURACY method=FedPhoenixRG-RGE round=401 accuracy=76.089996
********************************************************************************
Round 401
ROUND_ACCURACY method=FedPhoenixRG-RGE round=402 accuracy=68.010002
********************************************************************************
Round 402
ROUND_ACCURACY method=FedPhoenixRG-RGE round=403 accuracy=66.300003
********************************************************************************
Round 403
ROUND_ACCURACY method=FedPhoenixRG-RGE round=404 accuracy=70.230003
********************************************************************************
Round 404
ROUND_ACCURACY method=FedPhoenixRG-RGE round=405 accuracy=72.820000
********************************************************************************
Round 405
ROUND_ACCURACY method=FedPhoenixRG-RGE round=406 accuracy=75.589996
********************************************************************************
Round 406
ROUND_ACCURACY method=FedPhoenixRG-RGE round=407 accuracy=75.029999
********************************************************************************
Round 407
ROUND_ACCURACY method=FedPhoenixRG-RGE round=408 accuracy=75.419998
********************************************************************************
Round 408
ROUND_ACCURACY method=FedPhoenixRG-RGE round=409 accuracy=79.080002
********************************************************************************
Round 409
ROUND_ACCURACY method=FedPhoenixRG-RGE round=410 accuracy=69.180000
********************************************************************************
Round 410
ROUND_ACCURACY method=FedPhoenixRG-RGE round=411 accuracy=68.120003
********************************************************************************
Round 411
ROUND_ACCURACY method=FedPhoenixRG-RGE round=412 accuracy=63.290001
********************************************************************************
Round 412
ROUND_ACCURACY method=FedPhoenixRG-RGE round=413 accuracy=76.889999
********************************************************************************
Round 413
ROUND_ACCURACY method=FedPhoenixRG-RGE round=414 accuracy=77.339996
********************************************************************************
Round 414
ROUND_ACCURACY method=FedPhoenixRG-RGE round=415 accuracy=78.889999
********************************************************************************
Round 415
ROUND_ACCURACY method=FedPhoenixRG-RGE round=416 accuracy=72.870003
********************************************************************************
Round 416
ROUND_ACCURACY method=FedPhoenixRG-RGE round=417 accuracy=79.730003
********************************************************************************
Round 417
ROUND_ACCURACY method=FedPhoenixRG-RGE round=418 accuracy=68.669998
********************************************************************************
Round 418
ROUND_ACCURACY method=FedPhoenixRG-RGE round=419 accuracy=69.599998
********************************************************************************
Round 419
RG_SCORE round=420 layer=features.0 mean_q=0.120227 max_q=0.335264 fraction_q_positive=0.953125 sampling_entropy=4.034167 uniform_entropy=4.158883 entropy_gap=0.124716 max_probability_over_uniform=2.341441 min_probability_over_uniform=0.250000
RG_SCORE round=420 layer=features.3 mean_q=0.141876 max_q=0.191023 fraction_q_positive=1.000000 sampling_entropy=4.151579 uniform_entropy=4.158883 entropy_gap=0.007304 max_probability_over_uniform=1.259809 min_probability_over_uniform=0.753646
RG_SCORE round=420 layer=features.7 mean_q=0.151790 max_q=0.200937 fraction_q_positive=1.000000 sampling_entropy=4.846309 uniform_entropy=4.852030 entropy_gap=0.005721 max_probability_over_uniform=1.242835 min_probability_over_uniform=0.679055
RG_SCORE round=420 layer=features.10 mean_q=0.144303 max_q=0.181949 fraction_q_positive=1.000000 sampling_entropy=4.849489 uniform_entropy=4.852030 entropy_gap=0.002541 max_probability_over_uniform=1.195664 min_probability_over_uniform=0.797698
RG_SCORE round=420 layer=features.14 mean_q=0.146625 max_q=0.189388 fraction_q_positive=1.000000 sampling_entropy=5.541806 uniform_entropy=5.545177 entropy_gap=0.003371 max_probability_over_uniform=1.218734 min_probability_over_uniform=0.794774
RG_SCORE round=420 layer=features.17 mean_q=0.142213 max_q=0.196599 fraction_q_positive=1.000000 sampling_entropy=5.540586 uniform_entropy=5.545177 entropy_gap=0.004592 max_probability_over_uniform=1.286816 min_probability_over_uniform=0.787437
RG_SCORE round=420 layer=features.20 mean_q=0.131805 max_q=0.164362 fraction_q_positive=1.000000 sampling_entropy=5.542517 uniform_entropy=5.545177 entropy_gap=0.002661 max_probability_over_uniform=1.185254 min_probability_over_uniform=0.781219
RG_SCORE round=420 layer=features.24 mean_q=0.151417 max_q=0.211916 fraction_q_positive=1.000000 sampling_entropy=6.234075 uniform_entropy=6.238325 entropy_gap=0.004250 max_probability_over_uniform=1.299664 min_probability_over_uniform=0.707532
RG_SCORE round=420 layer=features.27 mean_q=0.150427 max_q=0.209098 fraction_q_positive=1.000000 sampling_entropy=6.232969 uniform_entropy=6.238325 entropy_gap=0.005356 max_probability_over_uniform=1.292525 min_probability_over_uniform=0.715435
RG_SCORE round=420 layer=features.30 mean_q=0.131582 max_q=0.199160 fraction_q_positive=1.000000 sampling_entropy=6.231728 uniform_entropy=6.238325 entropy_gap=0.006596 max_probability_over_uniform=1.385186 min_probability_over_uniform=0.612061
RG_SCORE round=420 layer=features.34 mean_q=0.246274 max_q=0.383897 fraction_q_positive=0.990234 sampling_entropy=6.212962 uniform_entropy=6.238325 entropy_gap=0.025362 max_probability_over_uniform=1.419115 min_probability_over_uniform=0.250000
RG_SCORE round=420 layer=features.37 mean_q=0.209142 max_q=0.418974 fraction_q_positive=0.974609 sampling_entropy=6.176584 uniform_entropy=6.238325 entropy_gap=0.061741 max_probability_over_uniform=1.752469 min_probability_over_uniform=0.250000
RG_SCORE round=420 layer=features.40 mean_q=0.117923 max_q=0.404059 fraction_q_positive=0.845703 sampling_entropy=6.045557 uniform_entropy=6.238325 entropy_gap=0.192767 max_probability_over_uniform=2.819852 min_probability_over_uniform=0.250000
ROUND_ACCURACY method=FedPhoenixRG-RGE round=420 accuracy=78.239998
********************************************************************************
Round 420
ROUND_ACCURACY method=FedPhoenixRG-RGE round=421 accuracy=75.769997
********************************************************************************
Round 421
ROUND_ACCURACY method=FedPhoenixRG-RGE round=422 accuracy=71.849998
********************************************************************************
Round 422
ROUND_ACCURACY method=FedPhoenixRG-RGE round=423 accuracy=74.510002
********************************************************************************
Round 423
ROUND_ACCURACY method=FedPhoenixRG-RGE round=424 accuracy=69.169998
********************************************************************************
Round 424
ROUND_ACCURACY method=FedPhoenixRG-RGE round=425 accuracy=77.120003
********************************************************************************
Round 425
ROUND_ACCURACY method=FedPhoenixRG-RGE round=426 accuracy=66.849998
********************************************************************************
Round 426
ROUND_ACCURACY method=FedPhoenixRG-RGE round=427 accuracy=71.370003
********************************************************************************
Round 427
ROUND_ACCURACY method=FedPhoenixRG-RGE round=428 accuracy=71.769997
********************************************************************************
Round 428
ROUND_ACCURACY method=FedPhoenixRG-RGE round=429 accuracy=71.010002
********************************************************************************
Round 429
ROUND_ACCURACY method=FedPhoenixRG-RGE round=430 accuracy=73.739998
********************************************************************************
Round 430
ROUND_ACCURACY method=FedPhoenixRG-RGE round=431 accuracy=75.650002
********************************************************************************
Round 431
ROUND_ACCURACY method=FedPhoenixRG-RGE round=432 accuracy=75.739998
********************************************************************************
Round 432
ROUND_ACCURACY method=FedPhoenixRG-RGE round=433 accuracy=74.029999
********************************************************************************
Round 433
ROUND_ACCURACY method=FedPhoenixRG-RGE round=434 accuracy=80.720001
********************************************************************************
Round 434
ROUND_ACCURACY method=FedPhoenixRG-RGE round=435 accuracy=79.360001
********************************************************************************
Round 435
ROUND_ACCURACY method=FedPhoenixRG-RGE round=436 accuracy=71.220001
********************************************************************************
Round 436
ROUND_ACCURACY method=FedPhoenixRG-RGE round=437 accuracy=71.489998
********************************************************************************
Round 437
ROUND_ACCURACY method=FedPhoenixRG-RGE round=438 accuracy=73.629997
********************************************************************************
Round 438
ROUND_ACCURACY method=FedPhoenixRG-RGE round=439 accuracy=76.099998
********************************************************************************
Round 439
RG_SCORE round=440 layer=features.0 mean_q=0.147033 max_q=0.301478 fraction_q_positive=0.968750 sampling_entropy=4.078092 uniform_entropy=4.158883 entropy_gap=0.080792 max_probability_over_uniform=1.787808 min_probability_over_uniform=0.250000
RG_SCORE round=440 layer=features.3 mean_q=0.157786 max_q=0.192732 fraction_q_positive=1.000000 sampling_entropy=4.154686 uniform_entropy=4.158883 entropy_gap=0.004197 max_probability_over_uniform=1.166106 min_probability_over_uniform=0.670563
RG_SCORE round=440 layer=features.7 mean_q=0.162248 max_q=0.223846 fraction_q_positive=1.000000 sampling_entropy=4.848703 uniform_entropy=4.852030 entropy_gap=0.003327 max_probability_over_uniform=1.284741 min_probability_over_uniform=0.815142
RG_SCORE round=440 layer=features.10 mean_q=0.155033 max_q=0.191794 fraction_q_positive=1.000000 sampling_entropy=4.850379 uniform_entropy=4.852030 entropy_gap=0.001652 max_probability_over_uniform=1.177841 min_probability_over_uniform=0.888006
RG_SCORE round=440 layer=features.14 mean_q=0.156321 max_q=0.198321 fraction_q_positive=1.000000 sampling_entropy=5.542988 uniform_entropy=5.545177 entropy_gap=0.002189 max_probability_over_uniform=1.201511 min_probability_over_uniform=0.828613
RG_SCORE round=440 layer=features.17 mean_q=0.152947 max_q=0.205372 fraction_q_positive=1.000000 sampling_entropy=5.541597 uniform_entropy=5.545177 entropy_gap=0.003580 max_probability_over_uniform=1.257079 min_probability_over_uniform=0.742967
RG_SCORE round=440 layer=features.20 mean_q=0.138243 max_q=0.164405 fraction_q_positive=1.000000 sampling_entropy=5.543605 uniform_entropy=5.545177 entropy_gap=0.001572 max_probability_over_uniform=1.141933 min_probability_over_uniform=0.860852
RG_SCORE round=440 layer=features.24 mean_q=0.167026 max_q=0.221839 fraction_q_positive=1.000000 sampling_entropy=6.235885 uniform_entropy=6.238325 entropy_gap=0.002439 max_probability_over_uniform=1.246130 min_probability_over_uniform=0.782336
RG_SCORE round=440 layer=features.27 mean_q=0.177935 max_q=0.240447 fraction_q_positive=1.000000 sampling_entropy=6.235365 uniform_entropy=6.238325 entropy_gap=0.002960 max_probability_over_uniform=1.263489 min_probability_over_uniform=0.707750
RG_SCORE round=440 layer=features.30 mean_q=0.164247 max_q=0.214178 fraction_q_positive=1.000000 sampling_entropy=6.235624 uniform_entropy=6.238325 entropy_gap=0.002701 max_probability_over_uniform=1.227998 min_probability_over_uniform=0.735962
RG_SCORE round=440 layer=features.34 mean_q=0.371427 max_q=0.461819 fraction_q_positive=1.000000 sampling_entropy=6.234452 uniform_entropy=6.238325 entropy_gap=0.003872 max_probability_over_uniform=1.182523 min_probability_over_uniform=0.624160
RG_SCORE round=440 layer=features.37 mean_q=0.392619 max_q=0.526450 fraction_q_positive=1.000000 sampling_entropy=6.234685 uniform_entropy=6.238325 entropy_gap=0.003639 max_probability_over_uniform=1.255650 min_probability_over_uniform=0.612965
RG_SCORE round=440 layer=features.40 mean_q=0.324156 max_q=0.592743 fraction_q_positive=0.998047 sampling_entropy=6.209177 uniform_entropy=6.238325 entropy_gap=0.029148 max_probability_over_uniform=1.621430 min_probability_over_uniform=0.250000
ROUND_ACCURACY method=FedPhoenixRG-RGE round=440 accuracy=75.440002
********************************************************************************
Round 440
ROUND_ACCURACY method=FedPhoenixRG-RGE round=441 accuracy=79.489998
********************************************************************************
Round 441
ROUND_ACCURACY method=FedPhoenixRG-RGE round=442 accuracy=77.790001
********************************************************************************
Round 442
ROUND_ACCURACY method=FedPhoenixRG-RGE round=443 accuracy=74.129997
********************************************************************************
Round 443
ROUND_ACCURACY method=FedPhoenixRG-RGE round=444 accuracy=70.639999
********************************************************************************
Round 444
ROUND_ACCURACY method=FedPhoenixRG-RGE round=445 accuracy=77.320000
********************************************************************************
Round 445
ROUND_ACCURACY method=FedPhoenixRG-RGE round=446 accuracy=74.849998
********************************************************************************
Round 446
ROUND_ACCURACY method=FedPhoenixRG-RGE round=447 accuracy=74.110001
********************************************************************************
Round 447
ROUND_ACCURACY method=FedPhoenixRG-RGE round=448 accuracy=77.739998
********************************************************************************
Round 448
ROUND_ACCURACY method=FedPhoenixRG-RGE round=449 accuracy=68.540001
********************************************************************************
Round 449
ROUND_ACCURACY method=FedPhoenixRG-RGE round=450 accuracy=76.430000
********************************************************************************
Round 450
ROUND_ACCURACY method=FedPhoenixRG-RGE round=451 accuracy=68.589996
********************************************************************************
Round 451
ROUND_ACCURACY method=FedPhoenixRG-RGE round=452 accuracy=78.400002
********************************************************************************
Round 452
ROUND_ACCURACY method=FedPhoenixRG-RGE round=453 accuracy=78.309998
********************************************************************************
Round 453
ROUND_ACCURACY method=FedPhoenixRG-RGE round=454 accuracy=76.120003
********************************************************************************
Round 454
ROUND_ACCURACY method=FedPhoenixRG-RGE round=455 accuracy=78.019997
********************************************************************************
Round 455
ROUND_ACCURACY method=FedPhoenixRG-RGE round=456 accuracy=76.139999
********************************************************************************
Round 456
ROUND_ACCURACY method=FedPhoenixRG-RGE round=457 accuracy=76.019997
********************************************************************************
Round 457
ROUND_ACCURACY method=FedPhoenixRG-RGE round=458 accuracy=68.580002
********************************************************************************
Round 458
ROUND_ACCURACY method=FedPhoenixRG-RGE round=459 accuracy=80.099998
********************************************************************************
Round 459
RG_SCORE round=460 layer=features.0 mean_q=0.145506 max_q=0.309935 fraction_q_positive=0.968750 sampling_entropy=4.083694 uniform_entropy=4.158883 entropy_gap=0.075189 max_probability_over_uniform=1.847538 min_probability_over_uniform=0.250000
RG_SCORE round=460 layer=features.3 mean_q=0.166004 max_q=0.212195 fraction_q_positive=1.000000 sampling_entropy=4.154562 uniform_entropy=4.158883 entropy_gap=0.004321 max_probability_over_uniform=1.208690 min_probability_over_uniform=0.805466
RG_SCORE round=460 layer=features.7 mean_q=0.164733 max_q=0.224043 fraction_q_positive=1.000000 sampling_entropy=4.849044 uniform_entropy=4.852030 entropy_gap=0.002986 max_probability_over_uniform=1.270028 min_probability_over_uniform=0.813786
RG_SCORE round=460 layer=features.10 mean_q=0.158373 max_q=0.184766 fraction_q_positive=1.000000 sampling_entropy=4.850300 uniform_entropy=4.852030 entropy_gap=0.001730 max_probability_over_uniform=1.124989 min_probability_over_uniform=0.867821
RG_SCORE round=460 layer=features.14 mean_q=0.158115 max_q=0.203164 fraction_q_positive=1.000000 sampling_entropy=5.542692 uniform_entropy=5.545177 entropy_gap=0.002486 max_probability_over_uniform=1.213684 min_probability_over_uniform=0.809167
RG_SCORE round=460 layer=features.17 mean_q=0.155689 max_q=0.219308 fraction_q_positive=1.000000 sampling_entropy=5.541704 uniform_entropy=5.545177 entropy_gap=0.003473 max_probability_over_uniform=1.306474 min_probability_over_uniform=0.800751
RG_SCORE round=460 layer=features.20 mean_q=0.138849 max_q=0.178593 fraction_q_positive=1.000000 sampling_entropy=5.543275 uniform_entropy=5.545177 entropy_gap=0.001902 max_probability_over_uniform=1.214680 min_probability_over_uniform=0.832270
RG_SCORE round=460 layer=features.24 mean_q=0.164193 max_q=0.210090 fraction_q_positive=1.000000 sampling_entropy=6.235572 uniform_entropy=6.238325 entropy_gap=0.002752 max_probability_over_uniform=1.209646 min_probability_over_uniform=0.766512
RG_SCORE round=460 layer=features.27 mean_q=0.169828 max_q=0.225582 fraction_q_positive=1.000000 sampling_entropy=6.235280 uniform_entropy=6.238325 entropy_gap=0.003044 max_probability_over_uniform=1.246222 min_probability_over_uniform=0.789298
RG_SCORE round=460 layer=features.30 mean_q=0.152360 max_q=0.193537 fraction_q_positive=1.000000 sampling_entropy=6.235738 uniform_entropy=6.238325 entropy_gap=0.002587 max_probability_over_uniform=1.202694 min_probability_over_uniform=0.786423
RG_SCORE round=460 layer=features.34 mean_q=0.330349 max_q=0.431011 fraction_q_positive=1.000000 sampling_entropy=6.234347 uniform_entropy=6.238325 entropy_gap=0.003977 max_probability_over_uniform=1.228537 min_probability_over_uniform=0.694395
RG_SCORE round=460 layer=features.37 mean_q=0.351954 max_q=0.473510 fraction_q_positive=1.000000 sampling_entropy=6.234574 uniform_entropy=6.238325 entropy_gap=0.003751 max_probability_over_uniform=1.259032 min_probability_over_uniform=0.631103
RG_SCORE round=460 layer=features.40 mean_q=0.290865 max_q=0.545002 fraction_q_positive=0.998047 sampling_entropy=6.207193 uniform_entropy=6.238325 entropy_gap=0.031132 max_probability_over_uniform=1.655297 min_probability_over_uniform=0.250000
ROUND_ACCURACY method=FedPhoenixRG-RGE round=460 accuracy=63.380001
********************************************************************************
Round 460
ROUND_ACCURACY method=FedPhoenixRG-RGE round=461 accuracy=79.419998
********************************************************************************
Round 461
ROUND_ACCURACY method=FedPhoenixRG-RGE round=462 accuracy=77.529999
********************************************************************************
Round 462
RGE_GATE round=463 layer=features.17 retention=1.026122 triggered=1 extended_rounds=20
ROUND_ACCURACY method=FedPhoenixRG-RGE round=463 accuracy=79.050003
********************************************************************************
Round 463
ROUND_ACCURACY method=FedPhoenixRG-RGE round=464 accuracy=72.080002
********************************************************************************
Round 464
ROUND_ACCURACY method=FedPhoenixRG-RGE round=465 accuracy=75.089996
********************************************************************************
Round 465
ROUND_ACCURACY method=FedPhoenixRG-RGE round=466 accuracy=78.839996
********************************************************************************
Round 466
ROUND_ACCURACY method=FedPhoenixRG-RGE round=467 accuracy=71.889999
********************************************************************************
Round 467
ROUND_ACCURACY method=FedPhoenixRG-RGE round=468 accuracy=71.820000
********************************************************************************
Round 468
ROUND_ACCURACY method=FedPhoenixRG-RGE round=469 accuracy=71.139999
********************************************************************************
Round 469
ROUND_ACCURACY method=FedPhoenixRG-RGE round=470 accuracy=68.750000
********************************************************************************
Round 470
ROUND_ACCURACY method=FedPhoenixRG-RGE round=471 accuracy=64.410004
********************************************************************************
Round 471
ROUND_ACCURACY method=FedPhoenixRG-RGE round=472 accuracy=78.629997
********************************************************************************
Round 472
ROUND_ACCURACY method=FedPhoenixRG-RGE round=473 accuracy=75.070000
********************************************************************************
Round 473
ROUND_ACCURACY method=FedPhoenixRG-RGE round=474 accuracy=76.389999
********************************************************************************
Round 474
ROUND_ACCURACY method=FedPhoenixRG-RGE round=475 accuracy=68.919998
********************************************************************************
Round 475
ROUND_ACCURACY method=FedPhoenixRG-RGE round=476 accuracy=75.970001
********************************************************************************
Round 476
ROUND_ACCURACY method=FedPhoenixRG-RGE round=477 accuracy=72.720001
********************************************************************************
Round 477
ROUND_ACCURACY method=FedPhoenixRG-RGE round=478 accuracy=69.470001
********************************************************************************
Round 478
ROUND_ACCURACY method=FedPhoenixRG-RGE round=479 accuracy=79.720001
********************************************************************************
Round 479
RG_SCORE round=480 layer=features.0 mean_q=0.113048 max_q=0.333410 fraction_q_positive=0.937500 sampling_entropy=4.042611 uniform_entropy=4.158883 entropy_gap=0.116272 max_probability_over_uniform=2.461956 min_probability_over_uniform=0.250000
RG_SCORE round=480 layer=features.3 mean_q=0.114692 max_q=0.175293 fraction_q_positive=1.000000 sampling_entropy=4.139555 uniform_entropy=4.158883 entropy_gap=0.019328 max_probability_over_uniform=1.396280 min_probability_over_uniform=0.525204
RG_SCORE round=480 layer=features.7 mean_q=0.116802 max_q=0.170311 fraction_q_positive=1.000000 sampling_entropy=4.841501 uniform_entropy=4.852030 entropy_gap=0.010530 max_probability_over_uniform=1.343592 min_probability_over_uniform=0.646587
RG_SCORE round=480 layer=features.10 mean_q=0.114717 max_q=0.183291 fraction_q_positive=1.000000 sampling_entropy=4.844369 uniform_entropy=4.852030 entropy_gap=0.007661 max_probability_over_uniform=1.448327 min_probability_over_uniform=0.715765
RG_SCORE round=480 layer=features.14 mean_q=0.120964 max_q=0.163490 fraction_q_positive=1.000000 sampling_entropy=5.540144 uniform_entropy=5.545177 entropy_gap=0.005033 max_probability_over_uniform=1.263666 min_probability_over_uniform=0.755554
RG_SCORE round=480 layer=features.17 mean_q=0.123096 max_q=0.184953 fraction_q_positive=1.000000 sampling_entropy=5.538355 uniform_entropy=5.545177 entropy_gap=0.006822 max_probability_over_uniform=1.376886 min_probability_over_uniform=0.692055
RG_SCORE round=480 layer=features.20 mean_q=0.110101 max_q=0.144577 fraction_q_positive=1.000000 sampling_entropy=5.540052 uniform_entropy=5.545177 entropy_gap=0.005125 max_probability_over_uniform=1.234844 min_probability_over_uniform=0.605669
RG_SCORE round=480 layer=features.24 mean_q=0.130938 max_q=0.186279 fraction_q_positive=1.000000 sampling_entropy=6.231557 uniform_entropy=6.238325 entropy_gap=0.006768 max_probability_over_uniform=1.316990 min_probability_over_uniform=0.623105
RG_SCORE round=480 layer=features.27 mean_q=0.133374 max_q=0.201605 fraction_q_positive=1.000000 sampling_entropy=6.230748 uniform_entropy=6.238325 entropy_gap=0.007577 max_probability_over_uniform=1.383681 min_probability_over_uniform=0.589411
RG_SCORE round=480 layer=features.30 mean_q=0.120857 max_q=0.181384 fraction_q_positive=1.000000 sampling_entropy=6.230070 uniform_entropy=6.238325 entropy_gap=0.008254 max_probability_over_uniform=1.375613 min_probability_over_uniform=0.431515
RG_SCORE round=480 layer=features.34 mean_q=0.255380 max_q=0.391619 fraction_q_positive=1.000000 sampling_entropy=6.224801 uniform_entropy=6.238325 entropy_gap=0.013523 max_probability_over_uniform=1.400107 min_probability_over_uniform=0.308376
RG_SCORE round=480 layer=features.37 mean_q=0.269906 max_q=0.436470 fraction_q_positive=1.000000 sampling_entropy=6.225510 uniform_entropy=6.238325 entropy_gap=0.012815 max_probability_over_uniform=1.462840 min_probability_over_uniform=0.311806
RG_SCORE round=480 layer=features.40 mean_q=0.212003 max_q=0.508748 fraction_q_positive=0.984375 sampling_entropy=6.182253 uniform_entropy=6.238325 entropy_gap=0.056072 max_probability_over_uniform=2.049796 min_probability_over_uniform=0.250000
ROUND_ACCURACY method=FedPhoenixRG-RGE round=480 accuracy=79.790001
********************************************************************************
Round 480
ROUND_ACCURACY method=FedPhoenixRG-RGE round=481 accuracy=78.360001
********************************************************************************
Round 481
ROUND_ACCURACY method=FedPhoenixRG-RGE round=482 accuracy=77.870003
********************************************************************************
Round 482
ROUND_ACCURACY method=FedPhoenixRG-RGE round=483 accuracy=76.730003
********************************************************************************
Round 483
ROUND_ACCURACY method=FedPhoenixRG-RGE round=484 accuracy=74.330002
********************************************************************************
Round 484
ROUND_ACCURACY method=FedPhoenixRG-RGE round=485 accuracy=75.550003
********************************************************************************
Round 485
ROUND_ACCURACY method=FedPhoenixRG-RGE round=486 accuracy=66.300003
********************************************************************************
Round 486
ROUND_ACCURACY method=FedPhoenixRG-RGE round=487 accuracy=75.750000
********************************************************************************
Round 487
ROUND_ACCURACY method=FedPhoenixRG-RGE round=488 accuracy=79.769997
********************************************************************************
Round 488
ROUND_ACCURACY method=FedPhoenixRG-RGE round=489 accuracy=78.900002
********************************************************************************
Round 489
ROUND_ACCURACY method=FedPhoenixRG-RGE round=490 accuracy=78.900002
********************************************************************************
Round 490
ROUND_ACCURACY method=FedPhoenixRG-RGE round=491 accuracy=70.239998
********************************************************************************
Round 491
ROUND_ACCURACY method=FedPhoenixRG-RGE round=492 accuracy=75.260002
********************************************************************************
Round 492
ROUND_ACCURACY method=FedPhoenixRG-RGE round=493 accuracy=77.839996
********************************************************************************
Round 493
ROUND_ACCURACY method=FedPhoenixRG-RGE round=494 accuracy=75.050003
********************************************************************************
Round 494
ROUND_ACCURACY method=FedPhoenixRG-RGE round=495 accuracy=73.099998
********************************************************************************
Round 495
ROUND_ACCURACY method=FedPhoenixRG-RGE round=496 accuracy=69.050003
********************************************************************************
Round 496
ROUND_ACCURACY method=FedPhoenixRG-RGE round=497 accuracy=65.830002
********************************************************************************
Round 497
ROUND_ACCURACY method=FedPhoenixRG-RGE round=498 accuracy=78.070000
********************************************************************************
Round 498
ROUND_ACCURACY method=FedPhoenixRG-RGE round=499 accuracy=68.330002
********************************************************************************
Round 499
RG_SCORE round=500 layer=features.0 mean_q=0.086033 max_q=0.294553 fraction_q_positive=0.875000 sampling_entropy=4.014876 uniform_entropy=4.158883 entropy_gap=0.144007 max_probability_over_uniform=2.817782 min_probability_over_uniform=0.250000
RG_SCORE round=500 layer=features.3 mean_q=0.102040 max_q=0.145327 fraction_q_positive=1.000000 sampling_entropy=4.144875 uniform_entropy=4.158883 entropy_gap=0.014008 max_probability_over_uniform=1.318164 min_probability_over_uniform=0.512148
RG_SCORE round=500 layer=features.7 mean_q=0.106444 max_q=0.170320 fraction_q_positive=1.000000 sampling_entropy=4.839246 uniform_entropy=4.852030 entropy_gap=0.012784 max_probability_over_uniform=1.450074 min_probability_over_uniform=0.509993
RG_SCORE round=500 layer=features.10 mean_q=0.111499 max_q=0.176603 fraction_q_positive=1.000000 sampling_entropy=4.846167 uniform_entropy=4.852030 entropy_gap=0.005863 max_probability_over_uniform=1.437919 min_probability_over_uniform=0.727697
RG_SCORE round=500 layer=features.14 mean_q=0.116086 max_q=0.178326 fraction_q_positive=1.000000 sampling_entropy=5.537506 uniform_entropy=5.545177 entropy_gap=0.007671 max_probability_over_uniform=1.402110 min_probability_over_uniform=0.643219
RG_SCORE round=500 layer=features.17 mean_q=0.111241 max_q=0.172065 fraction_q_positive=1.000000 sampling_entropy=5.535569 uniform_entropy=5.545177 entropy_gap=0.009608 max_probability_over_uniform=1.410080 min_probability_over_uniform=0.690173
RG_SCORE round=500 layer=features.20 mean_q=0.096316 max_q=0.144282 fraction_q_positive=1.000000 sampling_entropy=5.535352 uniform_entropy=5.545177 entropy_gap=0.009825 max_probability_over_uniform=1.373506 min_probability_over_uniform=0.616102
RG_SCORE round=500 layer=features.24 mean_q=0.103757 max_q=0.186178 fraction_q_positive=1.000000 sampling_entropy=6.213560 uniform_entropy=6.238325 entropy_gap=0.024765 max_probability_over_uniform=1.595767 min_probability_over_uniform=0.363401
RG_SCORE round=500 layer=features.27 mean_q=0.099444 max_q=0.190454 fraction_q_positive=1.000000 sampling_entropy=6.206308 uniform_entropy=6.238325 entropy_gap=0.032016 max_probability_over_uniform=1.686392 min_probability_over_uniform=0.341460
RG_SCORE round=500 layer=features.30 mean_q=0.079913 max_q=0.153071 fraction_q_positive=1.000000 sampling_entropy=6.193787 uniform_entropy=6.238325 entropy_gap=0.044538 max_probability_over_uniform=1.686605 min_probability_over_uniform=0.267942
RG_SCORE round=500 layer=features.34 mean_q=0.173024 max_q=0.346335 fraction_q_positive=0.984375 sampling_entropy=6.168739 uniform_entropy=6.238325 entropy_gap=0.069585 max_probability_over_uniform=1.751248 min_probability_over_uniform=0.250000
RG_SCORE round=500 layer=features.37 mean_q=0.169892 max_q=0.385191 fraction_q_positive=0.992188 sampling_entropy=6.186810 uniform_entropy=6.238325 entropy_gap=0.051514 max_probability_over_uniform=1.950458 min_probability_over_uniform=0.250000
RG_SCORE round=500 layer=features.40 mean_q=0.104091 max_q=0.316116 fraction_q_positive=0.945312 sampling_entropy=6.118388 uniform_entropy=6.238325 entropy_gap=0.119937 max_probability_over_uniform=2.527698 min_probability_over_uniform=0.250000
ROUND_ACCURACY method=FedPhoenixRG-RGE round=500 accuracy=81.180000
********************************************************************************
Round 500
ROUND_ACCURACY method=FedPhoenixRG-RGE round=501 accuracy=74.410004
********************************************************************************
Round 501
ROUND_ACCURACY method=FedPhoenixRG-RGE round=502 accuracy=74.550003
********************************************************************************
Round 502
ROUND_ACCURACY method=FedPhoenixRG-RGE round=503 accuracy=78.120003
********************************************************************************
Round 503
ROUND_ACCURACY method=FedPhoenixRG-RGE round=504 accuracy=78.760002
********************************************************************************
Round 504
ROUND_ACCURACY method=FedPhoenixRG-RGE round=505 accuracy=78.099998
********************************************************************************
Round 505
ROUND_ACCURACY method=FedPhoenixRG-RGE round=506 accuracy=62.259998
********************************************************************************
Round 506
ROUND_ACCURACY method=FedPhoenixRG-RGE round=507 accuracy=69.029999
********************************************************************************
Round 507
ROUND_ACCURACY method=FedPhoenixRG-RGE round=508 accuracy=75.099998
********************************************************************************
Round 508
ROUND_ACCURACY method=FedPhoenixRG-RGE round=509 accuracy=72.930000
********************************************************************************
Round 509
ROUND_ACCURACY method=FedPhoenixRG-RGE round=510 accuracy=75.029999
********************************************************************************
Round 510
ROUND_ACCURACY method=FedPhoenixRG-RGE round=511 accuracy=68.660004
********************************************************************************
Round 511
ROUND_ACCURACY method=FedPhoenixRG-RGE round=512 accuracy=68.809998
********************************************************************************
Round 512
ROUND_ACCURACY method=FedPhoenixRG-RGE round=513 accuracy=70.330002
********************************************************************************
Round 513
ROUND_ACCURACY method=FedPhoenixRG-RGE round=514 accuracy=72.410004
********************************************************************************
Round 514
ROUND_ACCURACY method=FedPhoenixRG-RGE round=515 accuracy=78.510002
********************************************************************************
Round 515
ROUND_ACCURACY method=FedPhoenixRG-RGE round=516 accuracy=78.110001
********************************************************************************
Round 516
ROUND_ACCURACY method=FedPhoenixRG-RGE round=517 accuracy=76.620003
********************************************************************************
Round 517
ROUND_ACCURACY method=FedPhoenixRG-RGE round=518 accuracy=71.709999
********************************************************************************
Round 518
ROUND_ACCURACY method=FedPhoenixRG-RGE round=519 accuracy=74.660004
********************************************************************************
Round 519
RG_SCORE round=520 layer=features.0 mean_q=0.128138 max_q=0.356614 fraction_q_positive=0.875000 sampling_entropy=4.007642 uniform_entropy=4.158883 entropy_gap=0.151241 max_probability_over_uniform=2.337292 min_probability_over_uniform=0.250000
RG_SCORE round=520 layer=features.3 mean_q=0.103086 max_q=0.171544 fraction_q_positive=1.000000 sampling_entropy=4.140898 uniform_entropy=4.158883 entropy_gap=0.017985 max_probability_over_uniform=1.498066 min_probability_over_uniform=0.390074
RG_SCORE round=520 layer=features.7 mean_q=0.114915 max_q=0.181300 fraction_q_positive=1.000000 sampling_entropy=4.838976 uniform_entropy=4.852030 entropy_gap=0.013054 max_probability_over_uniform=1.433269 min_probability_over_uniform=0.332513
RG_SCORE round=520 layer=features.10 mean_q=0.113161 max_q=0.150140 fraction_q_positive=1.000000 sampling_entropy=4.846686 uniform_entropy=4.852030 entropy_gap=0.005344 max_probability_over_uniform=1.245093 min_probability_over_uniform=0.707990
RG_SCORE round=520 layer=features.14 mean_q=0.116622 max_q=0.152992 fraction_q_positive=1.000000 sampling_entropy=5.539987 uniform_entropy=5.545177 entropy_gap=0.005190 max_probability_over_uniform=1.233900 min_probability_over_uniform=0.679891
RG_SCORE round=520 layer=features.17 mean_q=0.111280 max_q=0.178642 fraction_q_positive=1.000000 sampling_entropy=5.540633 uniform_entropy=5.545177 entropy_gap=0.004545 max_probability_over_uniform=1.454002 min_probability_over_uniform=0.701353
RG_SCORE round=520 layer=features.20 mean_q=0.101926 max_q=0.139994 fraction_q_positive=1.000000 sampling_entropy=5.540249 uniform_entropy=5.545177 entropy_gap=0.004928 max_probability_over_uniform=1.280116 min_probability_over_uniform=0.682834
RG_SCORE round=520 layer=features.24 mean_q=0.118280 max_q=0.194569 fraction_q_positive=1.000000 sampling_entropy=6.229927 uniform_entropy=6.238325 entropy_gap=0.008397 max_probability_over_uniform=1.483739 min_probability_over_uniform=0.575840
RG_SCORE round=520 layer=features.27 mean_q=0.125108 max_q=0.193487 fraction_q_positive=1.000000 sampling_entropy=6.228937 uniform_entropy=6.238325 entropy_gap=0.009387 max_probability_over_uniform=1.409918 min_probability_over_uniform=0.605227
RG_SCORE round=520 layer=features.30 mean_q=0.110561 max_q=0.162769 fraction_q_positive=1.000000 sampling_entropy=6.227335 uniform_entropy=6.238325 entropy_gap=0.010990 max_probability_over_uniform=1.354153 min_probability_over_uniform=0.498692
RG_SCORE round=520 layer=features.34 mean_q=0.238338 max_q=0.372734 fraction_q_positive=0.988281 sampling_entropy=6.208392 uniform_entropy=6.238325 entropy_gap=0.029932 max_probability_over_uniform=1.422918 min_probability_over_uniform=0.250000
RG_SCORE round=520 layer=features.37 mean_q=0.203781 max_q=0.414689 fraction_q_positive=0.986328 sampling_entropy=6.198598 uniform_entropy=6.238325 entropy_gap=0.039726 max_probability_over_uniform=1.776229 min_probability_over_uniform=0.250000
RG_SCORE round=520 layer=features.40 mean_q=0.118480 max_q=0.375068 fraction_q_positive=0.888672 sampling_entropy=6.101702 uniform_entropy=6.238325 entropy_gap=0.136622 max_probability_over_uniform=2.624237 min_probability_over_uniform=0.250000
ROUND_ACCURACY method=FedPhoenixRG-RGE round=520 accuracy=70.199997
********************************************************************************
Round 520
ROUND_ACCURACY method=FedPhoenixRG-RGE round=521 accuracy=72.660004
********************************************************************************
Round 521
ROUND_ACCURACY method=FedPhoenixRG-RGE round=522 accuracy=69.519997
********************************************************************************
Round 522
ROUND_ACCURACY method=FedPhoenixRG-RGE round=523 accuracy=69.529999
********************************************************************************
Round 523
ROUND_ACCURACY method=FedPhoenixRG-RGE round=524 accuracy=76.540001
********************************************************************************
Round 524
ROUND_ACCURACY method=FedPhoenixRG-RGE round=525 accuracy=74.980003
********************************************************************************
Round 525
ROUND_ACCURACY method=FedPhoenixRG-RGE round=526 accuracy=74.760002
********************************************************************************
Round 526
ROUND_ACCURACY method=FedPhoenixRG-RGE round=527 accuracy=69.169998
********************************************************************************
Round 527
ROUND_ACCURACY method=FedPhoenixRG-RGE round=528 accuracy=67.830002
********************************************************************************
Round 528
ROUND_ACCURACY method=FedPhoenixRG-RGE round=529 accuracy=78.239998
********************************************************************************
Round 529
ROUND_ACCURACY method=FedPhoenixRG-RGE round=530 accuracy=76.800003
********************************************************************************
Round 530
ROUND_ACCURACY method=FedPhoenixRG-RGE round=531 accuracy=69.370003
********************************************************************************
Round 531
ROUND_ACCURACY method=FedPhoenixRG-RGE round=532 accuracy=75.699997
********************************************************************************
Round 532
ROUND_ACCURACY method=FedPhoenixRG-RGE round=533 accuracy=78.320000
********************************************************************************
Round 533
ROUND_ACCURACY method=FedPhoenixRG-RGE round=534 accuracy=75.809998
********************************************************************************
Round 534
ROUND_ACCURACY method=FedPhoenixRG-RGE round=535 accuracy=75.230003
********************************************************************************
Round 535
ROUND_ACCURACY method=FedPhoenixRG-RGE round=536 accuracy=76.459999
********************************************************************************
Round 536
ROUND_ACCURACY method=FedPhoenixRG-RGE round=537 accuracy=77.290001
********************************************************************************
Round 537
ROUND_ACCURACY method=FedPhoenixRG-RGE round=538 accuracy=80.220001
********************************************************************************
Round 538
ROUND_ACCURACY method=FedPhoenixRG-RGE round=539 accuracy=80.139999
********************************************************************************
Round 539
RGE_GATE round=540 layer=features.20 retention=0.691650 triggered=1 extended_rounds=20
RG_SCORE round=540 layer=features.0 mean_q=0.106148 max_q=0.317010 fraction_q_positive=0.890625 sampling_entropy=4.025887 uniform_entropy=4.158883 entropy_gap=0.132997 max_probability_over_uniform=2.489862 min_probability_over_uniform=0.250000
RG_SCORE round=540 layer=features.3 mean_q=0.106183 max_q=0.161608 fraction_q_positive=1.000000 sampling_entropy=4.143793 uniform_entropy=4.158883 entropy_gap=0.015090 max_probability_over_uniform=1.391479 min_probability_over_uniform=0.518510
RG_SCORE round=540 layer=features.7 mean_q=0.105581 max_q=0.159752 fraction_q_positive=0.992188 sampling_entropy=4.838263 uniform_entropy=4.852030 entropy_gap=0.013767 max_probability_over_uniform=1.384807 min_probability_over_uniform=0.250000
RG_SCORE round=540 layer=features.10 mean_q=0.102804 max_q=0.140278 fraction_q_positive=1.000000 sampling_entropy=4.845881 uniform_entropy=4.852030 entropy_gap=0.006150 max_probability_over_uniform=1.273392 min_probability_over_uniform=0.602598
RG_SCORE round=540 layer=features.14 mean_q=0.110185 max_q=0.168664 fraction_q_positive=1.000000 sampling_entropy=5.537668 uniform_entropy=5.545177 entropy_gap=0.007510 max_probability_over_uniform=1.398058 min_probability_over_uniform=0.677918
RG_SCORE round=540 layer=features.17 mean_q=0.106425 max_q=0.155681 fraction_q_positive=1.000000 sampling_entropy=5.538984 uniform_entropy=5.545177 entropy_gap=0.006193 max_probability_over_uniform=1.347116 min_probability_over_uniform=0.691841
RG_SCORE round=540 layer=features.20 mean_q=0.099356 max_q=0.131137 fraction_q_positive=1.000000 sampling_entropy=5.540245 uniform_entropy=5.545177 entropy_gap=0.004932 max_probability_over_uniform=1.239903 min_probability_over_uniform=0.649540
RG_SCORE round=540 layer=features.24 mean_q=0.111721 max_q=0.180510 fraction_q_positive=1.000000 sampling_entropy=6.226188 uniform_entropy=6.238325 entropy_gap=0.012136 max_probability_over_uniform=1.461788 min_probability_over_uniform=0.501784
RG_SCORE round=540 layer=features.27 mean_q=0.113484 max_q=0.194522 fraction_q_positive=1.000000 sampling_entropy=6.215840 uniform_entropy=6.238325 entropy_gap=0.022485 max_probability_over_uniform=1.535568 min_probability_over_uniform=0.384051
RG_SCORE round=540 layer=features.30 mean_q=0.099331 max_q=0.167252 fraction_q_positive=1.000000 sampling_entropy=6.222640 uniform_entropy=6.238325 entropy_gap=0.015685 max_probability_over_uniform=1.512838 min_probability_over_uniform=0.468107
RG_SCORE round=540 layer=features.34 mean_q=0.212118 max_q=0.351338 fraction_q_positive=0.998047 sampling_entropy=6.208113 uniform_entropy=6.238325 entropy_gap=0.030211 max_probability_over_uniform=1.492248 min_probability_over_uniform=0.250000
RG_SCORE round=540 layer=features.37 mean_q=0.230873 max_q=0.401722 fraction_q_positive=1.000000 sampling_entropy=6.213883 uniform_entropy=6.238325 entropy_gap=0.024441 max_probability_over_uniform=1.555009 min_probability_over_uniform=0.282675
RG_SCORE round=540 layer=features.40 mean_q=0.195795 max_q=0.431958 fraction_q_positive=1.000000 sampling_entropy=6.186929 uniform_entropy=6.238325 entropy_gap=0.051396 max_probability_over_uniform=1.904629 min_probability_over_uniform=0.282347
ROUND_ACCURACY method=FedPhoenixRG-RGE round=540 accuracy=68.059998
********************************************************************************
Round 540
ROUND_ACCURACY method=FedPhoenixRG-RGE round=541 accuracy=67.540001
********************************************************************************
Round 541
ROUND_ACCURACY method=FedPhoenixRG-RGE round=542 accuracy=69.709999
********************************************************************************
Round 542
ROUND_ACCURACY method=FedPhoenixRG-RGE round=543 accuracy=69.379997
********************************************************************************
Round 543
ROUND_ACCURACY method=FedPhoenixRG-RGE round=544 accuracy=65.750000
********************************************************************************
Round 544
ROUND_ACCURACY method=FedPhoenixRG-RGE round=545 accuracy=76.709999
********************************************************************************
Round 545
ROUND_ACCURACY method=FedPhoenixRG-RGE round=546 accuracy=76.209999
********************************************************************************
Round 546
ROUND_ACCURACY method=FedPhoenixRG-RGE round=547 accuracy=71.660004
********************************************************************************
Round 547
ROUND_ACCURACY method=FedPhoenixRG-RGE round=548 accuracy=67.500000
********************************************************************************
Round 548
ROUND_ACCURACY method=FedPhoenixRG-RGE round=549 accuracy=52.349998
********************************************************************************
Round 549
ROUND_ACCURACY method=FedPhoenixRG-RGE round=550 accuracy=79.260002
********************************************************************************
Round 550
ROUND_ACCURACY method=FedPhoenixRG-RGE round=551 accuracy=75.519997
********************************************************************************
Round 551
ROUND_ACCURACY method=FedPhoenixRG-RGE round=552 accuracy=78.709999
********************************************************************************
Round 552
ROUND_ACCURACY method=FedPhoenixRG-RGE round=553 accuracy=79.730003
********************************************************************************
Round 553
ROUND_ACCURACY method=FedPhoenixRG-RGE round=554 accuracy=75.680000
********************************************************************************
Round 554
ROUND_ACCURACY method=FedPhoenixRG-RGE round=555 accuracy=77.529999
********************************************************************************
Round 555
ROUND_ACCURACY method=FedPhoenixRG-RGE round=556 accuracy=76.669998
********************************************************************************
Round 556
ROUND_ACCURACY method=FedPhoenixRG-RGE round=557 accuracy=75.339996
********************************************************************************
Round 557
ROUND_ACCURACY method=FedPhoenixRG-RGE round=558 accuracy=79.510002
********************************************************************************
Round 558
ROUND_ACCURACY method=FedPhoenixRG-RGE round=559 accuracy=77.699997
********************************************************************************
Round 559
RG_SCORE round=560 layer=features.0 mean_q=0.109967 max_q=0.330135 fraction_q_positive=0.781250 sampling_entropy=3.944771 uniform_entropy=4.158883 entropy_gap=0.214112 max_probability_over_uniform=2.501597 min_probability_over_uniform=0.250000
RG_SCORE round=560 layer=features.3 mean_q=0.105938 max_q=0.191597 fraction_q_positive=1.000000 sampling_entropy=4.133750 uniform_entropy=4.158883 entropy_gap=0.025133 max_probability_over_uniform=1.606438 min_probability_over_uniform=0.538939
RG_SCORE round=560 layer=features.7 mean_q=0.102201 max_q=0.160796 fraction_q_positive=1.000000 sampling_entropy=4.835524 uniform_entropy=4.852030 entropy_gap=0.016507 max_probability_over_uniform=1.429990 min_probability_over_uniform=0.561913
RG_SCORE round=560 layer=features.10 mean_q=0.096667 max_q=0.141665 fraction_q_positive=1.000000 sampling_entropy=4.844442 uniform_entropy=4.852030 entropy_gap=0.007588 max_probability_over_uniform=1.349120 min_probability_over_uniform=0.695218
RG_SCORE round=560 layer=features.14 mean_q=0.103657 max_q=0.167899 fraction_q_positive=1.000000 sampling_entropy=5.538028 uniform_entropy=5.545177 entropy_gap=0.007149 max_probability_over_uniform=1.464816 min_probability_over_uniform=0.626668
RG_SCORE round=560 layer=features.17 mean_q=0.098813 max_q=0.143691 fraction_q_positive=1.000000 sampling_entropy=5.538948 uniform_entropy=5.545177 entropy_gap=0.006230 max_probability_over_uniform=1.340623 min_probability_over_uniform=0.657608
RG_SCORE round=560 layer=features.20 mean_q=0.088899 max_q=0.125290 fraction_q_positive=1.000000 sampling_entropy=5.539606 uniform_entropy=5.545177 entropy_gap=0.005571 max_probability_over_uniform=1.307014 min_probability_over_uniform=0.708039
RG_SCORE round=560 layer=features.24 mean_q=0.100112 max_q=0.157262 fraction_q_positive=1.000000 sampling_entropy=6.226043 uniform_entropy=6.238325 entropy_gap=0.012281 max_probability_over_uniform=1.428146 min_probability_over_uniform=0.519540
RG_SCORE round=560 layer=features.27 mean_q=0.102623 max_q=0.165399 fraction_q_positive=1.000000 sampling_entropy=6.222461 uniform_entropy=6.238325 entropy_gap=0.015864 max_probability_over_uniform=1.458787 min_probability_over_uniform=0.524694
RG_SCORE round=560 layer=features.30 mean_q=0.084289 max_q=0.160225 fraction_q_positive=1.000000 sampling_entropy=6.211002 uniform_entropy=6.238325 entropy_gap=0.027323 max_probability_over_uniform=1.675671 min_probability_over_uniform=0.287246
RG_SCORE round=560 layer=features.34 mean_q=0.185225 max_q=0.412867 fraction_q_positive=0.984375 sampling_entropy=6.188371 uniform_entropy=6.238325 entropy_gap=0.049953 max_probability_over_uniform=1.921749 min_probability_over_uniform=0.250000
RG_SCORE round=560 layer=features.37 mean_q=0.177247 max_q=0.396642 fraction_q_positive=0.986328 sampling_entropy=6.185692 uniform_entropy=6.238325 entropy_gap=0.052633 max_probability_over_uniform=1.928346 min_probability_over_uniform=0.250000
RG_SCORE round=560 layer=features.40 mean_q=0.102554 max_q=0.311485 fraction_q_positive=0.943359 sampling_entropy=6.133699 uniform_entropy=6.238325 entropy_gap=0.104626 max_probability_over_uniform=2.527966 min_probability_over_uniform=0.250000
ROUND_ACCURACY method=FedPhoenixRG-RGE round=560 accuracy=74.980003
********************************************************************************
Round 560
ROUND_ACCURACY method=FedPhoenixRG-RGE round=561 accuracy=80.550003
********************************************************************************
Round 561
ROUND_ACCURACY method=FedPhoenixRG-RGE round=562 accuracy=77.699997
********************************************************************************
Round 562
ROUND_ACCURACY method=FedPhoenixRG-RGE round=563 accuracy=70.379997
********************************************************************************
Round 563
ROUND_ACCURACY method=FedPhoenixRG-RGE round=564 accuracy=77.790001
********************************************************************************
Round 564
ROUND_ACCURACY method=FedPhoenixRG-RGE round=565 accuracy=77.680000
********************************************************************************
Round 565
ROUND_ACCURACY method=FedPhoenixRG-RGE round=566 accuracy=73.839996
********************************************************************************
Round 566
ROUND_ACCURACY method=FedPhoenixRG-RGE round=567 accuracy=68.610001
********************************************************************************
Round 567
ROUND_ACCURACY method=FedPhoenixRG-RGE round=568 accuracy=68.760002
********************************************************************************
Round 568
ROUND_ACCURACY method=FedPhoenixRG-RGE round=569 accuracy=67.279999
********************************************************************************
Round 569
ROUND_ACCURACY method=FedPhoenixRG-RGE round=570 accuracy=80.459999
********************************************************************************
Round 570
ROUND_ACCURACY method=FedPhoenixRG-RGE round=571 accuracy=71.540001
********************************************************************************
Round 571
ROUND_ACCURACY method=FedPhoenixRG-RGE round=572 accuracy=77.839996
********************************************************************************
Round 572
ROUND_ACCURACY method=FedPhoenixRG-RGE round=573 accuracy=79.160004
********************************************************************************
Round 573
ROUND_ACCURACY method=FedPhoenixRG-RGE round=574 accuracy=81.050003
********************************************************************************
Round 574
ROUND_ACCURACY method=FedPhoenixRG-RGE round=575 accuracy=68.330002
********************************************************************************
Round 575
ROUND_ACCURACY method=FedPhoenixRG-RGE round=576 accuracy=74.230003
********************************************************************************
Round 576
ROUND_ACCURACY method=FedPhoenixRG-RGE round=577 accuracy=80.320000
********************************************************************************
Round 577
ROUND_ACCURACY method=FedPhoenixRG-RGE round=578 accuracy=74.040001
********************************************************************************
Round 578
ROUND_ACCURACY method=FedPhoenixRG-RGE round=579 accuracy=71.610001
********************************************************************************
Round 579
RG_SCORE round=580 layer=features.0 mean_q=0.096230 max_q=0.326179 fraction_q_positive=0.859375 sampling_entropy=3.950548 uniform_entropy=4.158883 entropy_gap=0.208335 max_probability_over_uniform=2.792178 min_probability_over_uniform=0.250000
RG_SCORE round=580 layer=features.3 mean_q=0.090479 max_q=0.132140 fraction_q_positive=1.000000 sampling_entropy=4.144173 uniform_entropy=4.158883 entropy_gap=0.014711 max_probability_over_uniform=1.345330 min_probability_over_uniform=0.663569
RG_SCORE round=580 layer=features.7 mean_q=0.096309 max_q=0.158235 fraction_q_positive=1.000000 sampling_entropy=4.840204 uniform_entropy=4.852030 entropy_gap=0.011826 max_probability_over_uniform=1.482243 min_probability_over_uniform=0.556654
RG_SCORE round=580 layer=features.10 mean_q=0.095364 max_q=0.130150 fraction_q_positive=1.000000 sampling_entropy=4.847140 uniform_entropy=4.852030 entropy_gap=0.004890 max_probability_over_uniform=1.273577 min_probability_over_uniform=0.775952
RG_SCORE round=580 layer=features.14 mean_q=0.100587 max_q=0.139974 fraction_q_positive=1.000000 sampling_entropy=5.539754 uniform_entropy=5.545177 entropy_gap=0.005423 max_probability_over_uniform=1.293675 min_probability_over_uniform=0.713510
RG_SCORE round=580 layer=features.17 mean_q=0.098767 max_q=0.135669 fraction_q_positive=1.000000 sampling_entropy=5.539409 uniform_entropy=5.545177 entropy_gap=0.005768 max_probability_over_uniform=1.280223 min_probability_over_uniform=0.699520
RG_SCORE round=580 layer=features.20 mean_q=0.087922 max_q=0.122140 fraction_q_positive=1.000000 sampling_entropy=5.539144 uniform_entropy=5.545177 entropy_gap=0.006033 max_probability_over_uniform=1.291883 min_probability_over_uniform=0.562345
RG_SCORE round=580 layer=features.24 mean_q=0.105692 max_q=0.164835 fraction_q_positive=1.000000 sampling_entropy=6.222332 uniform_entropy=6.238325 entropy_gap=0.015993 max_probability_over_uniform=1.419686 min_probability_over_uniform=0.346145
RG_SCORE round=580 layer=features.27 mean_q=0.112009 max_q=0.177811 fraction_q_positive=0.998047 sampling_entropy=6.223488 uniform_entropy=6.238325 entropy_gap=0.014837 max_probability_over_uniform=1.440605 min_probability_over_uniform=0.250000
RG_SCORE round=580 layer=features.30 mean_q=0.097033 max_q=0.150414 fraction_q_positive=1.000000 sampling_entropy=6.220217 uniform_entropy=6.238325 entropy_gap=0.018108 max_probability_over_uniform=1.412599 min_probability_over_uniform=0.267319
RG_SCORE round=580 layer=features.34 mean_q=0.214456 max_q=0.347542 fraction_q_positive=0.998047 sampling_entropy=6.208956 uniform_entropy=6.238325 entropy_gap=0.029368 max_probability_over_uniform=1.465430 min_probability_over_uniform=0.250000
RG_SCORE round=580 layer=features.37 mean_q=0.202568 max_q=0.383773 fraction_q_positive=0.992188 sampling_entropy=6.203235 uniform_entropy=6.238325 entropy_gap=0.035090 max_probability_over_uniform=1.670905 min_probability_over_uniform=0.250000
RG_SCORE round=580 layer=features.40 mean_q=0.121369 max_q=0.323531 fraction_q_positive=0.933594 sampling_entropy=6.123321 uniform_entropy=6.238325 entropy_gap=0.115004 max_probability_over_uniform=2.249258 min_probability_over_uniform=0.250000
ROUND_ACCURACY method=FedPhoenixRG-RGE round=580 accuracy=80.690002
********************************************************************************
Round 580
ROUND_ACCURACY method=FedPhoenixRG-RGE round=581 accuracy=80.480003
********************************************************************************
Round 581
ROUND_ACCURACY method=FedPhoenixRG-RGE round=582 accuracy=78.480003
********************************************************************************
Round 582
ROUND_ACCURACY method=FedPhoenixRG-RGE round=583 accuracy=78.760002
********************************************************************************
Round 583
ROUND_ACCURACY method=FedPhoenixRG-RGE round=584 accuracy=77.339996
********************************************************************************
Round 584
ROUND_ACCURACY method=FedPhoenixRG-RGE round=585 accuracy=76.279999
********************************************************************************
Round 585
ROUND_ACCURACY method=FedPhoenixRG-RGE round=586 accuracy=77.930000
********************************************************************************
Round 586
ROUND_ACCURACY method=FedPhoenixRG-RGE round=587 accuracy=62.990002
********************************************************************************
Round 587
ROUND_ACCURACY method=FedPhoenixRG-RGE round=588 accuracy=70.129997
********************************************************************************
Round 588
ROUND_ACCURACY method=FedPhoenixRG-RGE round=589 accuracy=77.019997
********************************************************************************
Round 589
ROUND_ACCURACY method=FedPhoenixRG-RGE round=590 accuracy=75.750000
********************************************************************************
Round 590
ROUND_ACCURACY method=FedPhoenixRG-RGE round=591 accuracy=61.740002
********************************************************************************
Round 591
ROUND_ACCURACY method=FedPhoenixRG-RGE round=592 accuracy=64.010002
********************************************************************************
Round 592
ROUND_ACCURACY method=FedPhoenixRG-RGE round=593 accuracy=79.449997
********************************************************************************
Round 593
ROUND_ACCURACY method=FedPhoenixRG-RGE round=594 accuracy=73.580002
********************************************************************************
Round 594
ROUND_ACCURACY method=FedPhoenixRG-RGE round=595 accuracy=77.639999
********************************************************************************
Round 595
ROUND_ACCURACY method=FedPhoenixRG-RGE round=596 accuracy=77.370003
********************************************************************************
Round 596
ROUND_ACCURACY method=FedPhoenixRG-RGE round=597 accuracy=77.800003
********************************************************************************
Round 597
ROUND_ACCURACY method=FedPhoenixRG-RGE round=598 accuracy=75.540001
********************************************************************************
Round 598
ROUND_ACCURACY method=FedPhoenixRG-RGE round=599 accuracy=73.330002
********************************************************************************
Round 599
RG_SCORE round=600 layer=features.0 mean_q=0.107727 max_q=0.297062 fraction_q_positive=0.906250 sampling_entropy=4.030098 uniform_entropy=4.158883 entropy_gap=0.128785 max_probability_over_uniform=2.318163 min_probability_over_uniform=0.250000
RG_SCORE round=600 layer=features.3 mean_q=0.105092 max_q=0.154987 fraction_q_positive=1.000000 sampling_entropy=4.147316 uniform_entropy=4.158883 entropy_gap=0.011567 max_probability_over_uniform=1.356075 min_probability_over_uniform=0.647324
RG_SCORE round=600 layer=features.7 mean_q=0.102805 max_q=0.154064 fraction_q_positive=1.000000 sampling_entropy=4.843382 uniform_entropy=4.852030 entropy_gap=0.008648 max_probability_over_uniform=1.373951 min_probability_over_uniform=0.601709
RG_SCORE round=600 layer=features.10 mean_q=0.099232 max_q=0.133450 fraction_q_positive=1.000000 sampling_entropy=4.846967 uniform_entropy=4.852030 entropy_gap=0.005063 max_probability_over_uniform=1.258628 min_probability_over_uniform=0.788773
RG_SCORE round=600 layer=features.14 mean_q=0.108910 max_q=0.155502 fraction_q_positive=1.000000 sampling_entropy=5.540695 uniform_entropy=5.545177 entropy_gap=0.004483 max_probability_over_uniform=1.320851 min_probability_over_uniform=0.788302
RG_SCORE round=600 layer=features.17 mean_q=0.109175 max_q=0.147468 fraction_q_positive=1.000000 sampling_entropy=5.541244 uniform_entropy=5.545177 entropy_gap=0.003933 max_probability_over_uniform=1.263064 min_probability_over_uniform=0.780636
RG_SCORE round=600 layer=features.20 mean_q=0.098227 max_q=0.128166 fraction_q_positive=1.000000 sampling_entropy=5.541353 uniform_entropy=5.545177 entropy_gap=0.003824 max_probability_over_uniform=1.228591 min_probability_over_uniform=0.804174
RG_SCORE round=600 layer=features.24 mean_q=0.129573 max_q=0.184208 fraction_q_positive=1.000000 sampling_entropy=6.233365 uniform_entropy=6.238325 entropy_gap=0.004959 max_probability_over_uniform=1.316243 min_probability_over_uniform=0.708682
RG_SCORE round=600 layer=features.27 mean_q=0.136280 max_q=0.206506 fraction_q_positive=1.000000 sampling_entropy=6.231045 uniform_entropy=6.238325 entropy_gap=0.007279 max_probability_over_uniform=1.386477 min_probability_over_uniform=0.629332
RG_SCORE round=600 layer=features.30 mean_q=0.119292 max_q=0.183572 fraction_q_positive=1.000000 sampling_entropy=6.230044 uniform_entropy=6.238325 entropy_gap=0.008280 max_probability_over_uniform=1.404131 min_probability_over_uniform=0.548665
RG_SCORE round=600 layer=features.34 mean_q=0.256875 max_q=0.380689 fraction_q_positive=0.996094 sampling_entropy=6.223200 uniform_entropy=6.238325 entropy_gap=0.015124 max_probability_over_uniform=1.361500 min_probability_over_uniform=0.250000
RG_SCORE round=600 layer=features.37 mean_q=0.248261 max_q=0.364184 fraction_q_positive=1.000000 sampling_entropy=6.226839 uniform_entropy=6.238325 entropy_gap=0.011486 max_probability_over_uniform=1.350203 min_probability_over_uniform=0.374972
RG_SCORE round=600 layer=features.40 mean_q=0.200280 max_q=0.438276 fraction_q_positive=0.990234 sampling_entropy=6.194821 uniform_entropy=6.238325 entropy_gap=0.043504 max_probability_over_uniform=1.891235 min_probability_over_uniform=0.250000
ROUND_ACCURACY method=FedPhoenixRG-RGE round=600 accuracy=77.669998
********************************************************************************
Round 600
ROUND_ACCURACY method=FedPhoenixRG-RGE round=601 accuracy=78.800003
********************************************************************************
Round 601
ROUND_ACCURACY method=FedPhoenixRG-RGE round=602 accuracy=75.540001
********************************************************************************
Round 602
ROUND_ACCURACY method=FedPhoenixRG-RGE round=603 accuracy=80.360001
********************************************************************************
Round 603
ROUND_ACCURACY method=FedPhoenixRG-RGE round=604 accuracy=81.160004
********************************************************************************
Round 604
ROUND_ACCURACY method=FedPhoenixRG-RGE round=605 accuracy=75.760002
********************************************************************************
Round 605
ROUND_ACCURACY method=FedPhoenixRG-RGE round=606 accuracy=78.860001
********************************************************************************
Round 606
ROUND_ACCURACY method=FedPhoenixRG-RGE round=607 accuracy=69.129997
********************************************************************************
Round 607
ROUND_ACCURACY method=FedPhoenixRG-RGE round=608 accuracy=76.239998
********************************************************************************
Round 608
ROUND_ACCURACY method=FedPhoenixRG-RGE round=609 accuracy=80.279999
********************************************************************************
Round 609
ROUND_ACCURACY method=FedPhoenixRG-RGE round=610 accuracy=75.650002
********************************************************************************
Round 610
ROUND_ACCURACY method=FedPhoenixRG-RGE round=611 accuracy=81.269997
********************************************************************************
Round 611
ROUND_ACCURACY method=FedPhoenixRG-RGE round=612 accuracy=78.110001
********************************************************************************
Round 612
ROUND_ACCURACY method=FedPhoenixRG-RGE round=613 accuracy=77.650002
********************************************************************************
Round 613
ROUND_ACCURACY method=FedPhoenixRG-RGE round=614 accuracy=73.389999
********************************************************************************
Round 614
ROUND_ACCURACY method=FedPhoenixRG-RGE round=615 accuracy=77.120003
********************************************************************************
Round 615
ROUND_ACCURACY method=FedPhoenixRG-RGE round=616 accuracy=78.239998
********************************************************************************
Round 616
RGE_GATE round=617 layer=features.24 retention=0.838148 triggered=1 extended_rounds=20
ROUND_ACCURACY method=FedPhoenixRG-RGE round=617 accuracy=79.919998
********************************************************************************
Round 617
ROUND_ACCURACY method=FedPhoenixRG-RGE round=618 accuracy=74.760002
********************************************************************************
Round 618
ROUND_ACCURACY method=FedPhoenixRG-RGE round=619 accuracy=74.430000
********************************************************************************
Round 619
RG_SCORE round=620 layer=features.0 mean_q=0.078582 max_q=0.354339 fraction_q_positive=0.859375 sampling_entropy=3.924670 uniform_entropy=4.158883 entropy_gap=0.234213 max_probability_over_uniform=3.631879 min_probability_over_uniform=0.250000
RG_SCORE round=620 layer=features.3 mean_q=0.086673 max_q=0.140150 fraction_q_positive=1.000000 sampling_entropy=4.138297 uniform_entropy=4.158883 entropy_gap=0.020586 max_probability_over_uniform=1.462750 min_probability_over_uniform=0.403212
RG_SCORE round=620 layer=features.7 mean_q=0.092441 max_q=0.139009 fraction_q_positive=1.000000 sampling_entropy=4.839106 uniform_entropy=4.852030 entropy_gap=0.012924 max_probability_over_uniform=1.377818 min_probability_over_uniform=0.443990
RG_SCORE round=620 layer=features.10 mean_q=0.091152 max_q=0.123956 fraction_q_positive=1.000000 sampling_entropy=4.846063 uniform_entropy=4.852030 entropy_gap=0.005968 max_probability_over_uniform=1.269904 min_probability_over_uniform=0.698484
RG_SCORE round=620 layer=features.14 mean_q=0.094751 max_q=0.131153 fraction_q_positive=1.000000 sampling_entropy=5.539963 uniform_entropy=5.545177 entropy_gap=0.005214 max_probability_over_uniform=1.288135 min_probability_over_uniform=0.693303
RG_SCORE round=620 layer=features.17 mean_q=0.095980 max_q=0.136035 fraction_q_positive=1.000000 sampling_entropy=5.539777 uniform_entropy=5.545177 entropy_gap=0.005400 max_probability_over_uniform=1.312997 min_probability_over_uniform=0.644675
RG_SCORE round=620 layer=features.20 mean_q=0.083393 max_q=0.121419 fraction_q_positive=1.000000 sampling_entropy=5.539853 uniform_entropy=5.545177 entropy_gap=0.005325 max_probability_over_uniform=1.341985 min_probability_over_uniform=0.624200
RG_SCORE round=620 layer=features.24 mean_q=0.110107 max_q=0.157969 fraction_q_positive=1.000000 sampling_entropy=6.228007 uniform_entropy=6.238325 entropy_gap=0.010318 max_probability_over_uniform=1.326011 min_probability_over_uniform=0.341476
RG_SCORE round=620 layer=features.27 mean_q=0.118192 max_q=0.196125 fraction_q_positive=1.000000 sampling_entropy=6.224165 uniform_entropy=6.238325 entropy_gap=0.014159 max_probability_over_uniform=1.494536 min_probability_over_uniform=0.361191
RG_SCORE round=620 layer=features.30 mean_q=0.100201 max_q=0.176545 fraction_q_positive=0.998047 sampling_entropy=6.213778 uniform_entropy=6.238325 entropy_gap=0.024547 max_probability_over_uniform=1.571429 min_probability_over_uniform=0.250000
RG_SCORE round=620 layer=features.34 mean_q=0.231222 max_q=0.378076 fraction_q_positive=0.976562 sampling_entropy=6.191729 uniform_entropy=6.238325 entropy_gap=0.046596 max_probability_over_uniform=1.476340 min_probability_over_uniform=0.250000
RG_SCORE round=620 layer=features.37 mean_q=0.186936 max_q=0.380500 fraction_q_positive=0.968750 sampling_entropy=6.172947 uniform_entropy=6.238325 entropy_gap=0.065378 max_probability_over_uniform=1.776591 min_probability_over_uniform=0.250000
RG_SCORE round=620 layer=features.40 mean_q=0.131526 max_q=0.445228 fraction_q_positive=0.892578 sampling_entropy=6.099086 uniform_entropy=6.238325 entropy_gap=0.139238 max_probability_over_uniform=2.788828 min_probability_over_uniform=0.250000
ROUND_ACCURACY method=FedPhoenixRG-RGE round=620 accuracy=70.209999
********************************************************************************
Round 620
ROUND_ACCURACY method=FedPhoenixRG-RGE round=621 accuracy=71.650002
********************************************************************************
Round 621
ROUND_ACCURACY method=FedPhoenixRG-RGE round=622 accuracy=79.709999
********************************************************************************
Round 622
ROUND_ACCURACY method=FedPhoenixRG-RGE round=623 accuracy=29.150000
********************************************************************************
Round 623
ROUND_ACCURACY method=FedPhoenixRG-RGE round=624 accuracy=69.099998
********************************************************************************
Round 624
ROUND_ACCURACY method=FedPhoenixRG-RGE round=625 accuracy=76.070000
********************************************************************************
Round 625
ROUND_ACCURACY method=FedPhoenixRG-RGE round=626 accuracy=67.550003
********************************************************************************
Round 626
ROUND_ACCURACY method=FedPhoenixRG-RGE round=627 accuracy=72.669998
********************************************************************************
Round 627
ROUND_ACCURACY method=FedPhoenixRG-RGE round=628 accuracy=71.800003
********************************************************************************
Round 628
ROUND_ACCURACY method=FedPhoenixRG-RGE round=629 accuracy=78.209999
********************************************************************************
Round 629
ROUND_ACCURACY method=FedPhoenixRG-RGE round=630 accuracy=76.870003
********************************************************************************
Round 630
ROUND_ACCURACY method=FedPhoenixRG-RGE round=631 accuracy=79.680000
********************************************************************************
Round 631
ROUND_ACCURACY method=FedPhoenixRG-RGE round=632 accuracy=76.279999
********************************************************************************
Round 632
ROUND_ACCURACY method=FedPhoenixRG-RGE round=633 accuracy=71.540001
********************************************************************************
Round 633
ROUND_ACCURACY method=FedPhoenixRG-RGE round=634 accuracy=80.040001
********************************************************************************
Round 634
ROUND_ACCURACY method=FedPhoenixRG-RGE round=635 accuracy=73.220001
********************************************************************************
Round 635
ROUND_ACCURACY method=FedPhoenixRG-RGE round=636 accuracy=78.900002
********************************************************************************
Round 636
ROUND_ACCURACY method=FedPhoenixRG-RGE round=637 accuracy=80.580002
********************************************************************************
Round 637
ROUND_ACCURACY method=FedPhoenixRG-RGE round=638 accuracy=77.830002
********************************************************************************
Round 638
ROUND_ACCURACY method=FedPhoenixRG-RGE round=639 accuracy=68.430000
********************************************************************************
Round 639
RG_SCORE round=640 layer=features.0 mean_q=0.056114 max_q=0.230625 fraction_q_positive=0.687500 sampling_entropy=3.833678 uniform_entropy=4.158883 entropy_gap=0.325206 max_probability_over_uniform=3.332469 min_probability_over_uniform=0.250000
RG_SCORE round=640 layer=features.3 mean_q=0.042670 max_q=0.082664 fraction_q_positive=0.968750 sampling_entropy=4.083251 uniform_entropy=4.158883 entropy_gap=0.075632 max_probability_over_uniform=1.702962 min_probability_over_uniform=0.250000
RG_SCORE round=640 layer=features.7 mean_q=0.054472 max_q=0.120921 fraction_q_positive=1.000000 sampling_entropy=4.823351 uniform_entropy=4.852030 entropy_gap=0.028679 max_probability_over_uniform=1.914921 min_probability_over_uniform=0.514726
RG_SCORE round=640 layer=features.10 mean_q=0.060349 max_q=0.104332 fraction_q_positive=1.000000 sampling_entropy=4.838422 uniform_entropy=4.852030 entropy_gap=0.013609 max_probability_over_uniform=1.546605 min_probability_over_uniform=0.440988
RG_SCORE round=640 layer=features.14 mean_q=0.065119 max_q=0.109771 fraction_q_positive=1.000000 sampling_entropy=5.529531 uniform_entropy=5.545177 entropy_gap=0.015646 max_probability_over_uniform=1.514270 min_probability_over_uniform=0.520140
RG_SCORE round=640 layer=features.17 mean_q=0.070244 max_q=0.104037 fraction_q_positive=1.000000 sampling_entropy=5.534580 uniform_entropy=5.545177 entropy_gap=0.010597 max_probability_over_uniform=1.360814 min_probability_over_uniform=0.617160
RG_SCORE round=640 layer=features.20 mean_q=0.063641 max_q=0.100074 fraction_q_positive=1.000000 sampling_entropy=5.533066 uniform_entropy=5.545177 entropy_gap=0.012112 max_probability_over_uniform=1.429354 min_probability_over_uniform=0.464263
RG_SCORE round=640 layer=features.24 mean_q=0.084529 max_q=0.151029 fraction_q_positive=1.000000 sampling_entropy=6.214469 uniform_entropy=6.238325 entropy_gap=0.023856 max_probability_over_uniform=1.590044 min_probability_over_uniform=0.264863
RG_SCORE round=640 layer=features.27 mean_q=0.087976 max_q=0.155818 fraction_q_positive=1.000000 sampling_entropy=6.213778 uniform_entropy=6.238325 entropy_gap=0.024546 max_probability_over_uniform=1.578357 min_probability_over_uniform=0.408507
RG_SCORE round=640 layer=features.30 mean_q=0.076438 max_q=0.143740 fraction_q_positive=1.000000 sampling_entropy=6.215676 uniform_entropy=6.238325 entropy_gap=0.022649 max_probability_over_uniform=1.660371 min_probability_over_uniform=0.352391
RG_SCORE round=640 layer=features.34 mean_q=0.170205 max_q=0.327067 fraction_q_positive=0.982422 sampling_entropy=6.187273 uniform_entropy=6.238325 entropy_gap=0.051051 max_probability_over_uniform=1.691208 min_probability_over_uniform=0.250000
RG_SCORE round=640 layer=features.37 mean_q=0.158112 max_q=0.351710 fraction_q_positive=0.982422 sampling_entropy=6.185771 uniform_entropy=6.238325 entropy_gap=0.052554 max_probability_over_uniform=1.918330 min_probability_over_uniform=0.250000
RG_SCORE round=640 layer=features.40 mean_q=0.090718 max_q=0.319192 fraction_q_positive=0.880859 sampling_entropy=6.089972 uniform_entropy=6.238325 entropy_gap=0.148353 max_probability_over_uniform=2.888881 min_probability_over_uniform=0.250000
ROUND_ACCURACY method=FedPhoenixRG-RGE round=640 accuracy=78.239998
********************************************************************************
Round 640
ROUND_ACCURACY method=FedPhoenixRG-RGE round=641 accuracy=78.309998
********************************************************************************
Round 641
ROUND_ACCURACY method=FedPhoenixRG-RGE round=642 accuracy=78.879997
********************************************************************************
Round 642
ROUND_ACCURACY method=FedPhoenixRG-RGE round=643 accuracy=79.540001
********************************************************************************
Round 643
ROUND_ACCURACY method=FedPhoenixRG-RGE round=644 accuracy=75.870003
********************************************************************************
Round 644
ROUND_ACCURACY method=FedPhoenixRG-RGE round=645 accuracy=72.260002
********************************************************************************
Round 645
ROUND_ACCURACY method=FedPhoenixRG-RGE round=646 accuracy=72.839996
********************************************************************************
Round 646
ROUND_ACCURACY method=FedPhoenixRG-RGE round=647 accuracy=80.629997
********************************************************************************
Round 647
ROUND_ACCURACY method=FedPhoenixRG-RGE round=648 accuracy=80.680000
********************************************************************************
Round 648
ROUND_ACCURACY method=FedPhoenixRG-RGE round=649 accuracy=78.680000
********************************************************************************
Round 649
ROUND_ACCURACY method=FedPhoenixRG-RGE round=650 accuracy=79.790001
********************************************************************************
Round 650
ROUND_ACCURACY method=FedPhoenixRG-RGE round=651 accuracy=76.959999
********************************************************************************
Round 651
ROUND_ACCURACY method=FedPhoenixRG-RGE round=652 accuracy=74.830002
********************************************************************************
Round 652
ROUND_ACCURACY method=FedPhoenixRG-RGE round=653 accuracy=74.430000
********************************************************************************
Round 653
ROUND_ACCURACY method=FedPhoenixRG-RGE round=654 accuracy=80.129997
********************************************************************************
Round 654
ROUND_ACCURACY method=FedPhoenixRG-RGE round=655 accuracy=77.989998
********************************************************************************
Round 655
ROUND_ACCURACY method=FedPhoenixRG-RGE round=656 accuracy=74.150002
********************************************************************************
Round 656
ROUND_ACCURACY method=FedPhoenixRG-RGE round=657 accuracy=81.300003
********************************************************************************
Round 657
ROUND_ACCURACY method=FedPhoenixRG-RGE round=658 accuracy=80.260002
********************************************************************************
Round 658
ROUND_ACCURACY method=FedPhoenixRG-RGE round=659 accuracy=77.709999
********************************************************************************
Round 659
RG_SCORE round=660 layer=features.0 mean_q=0.082829 max_q=0.250879 fraction_q_positive=0.812500 sampling_entropy=3.958028 uniform_entropy=4.158883 entropy_gap=0.200855 max_probability_over_uniform=2.521656 min_probability_over_uniform=0.250000
RG_SCORE round=660 layer=features.3 mean_q=0.096568 max_q=0.148560 fraction_q_positive=1.000000 sampling_entropy=4.148146 uniform_entropy=4.158883 entropy_gap=0.010737 max_probability_over_uniform=1.403798 min_probability_over_uniform=0.700071
RG_SCORE round=660 layer=features.7 mean_q=0.095998 max_q=0.161495 fraction_q_positive=1.000000 sampling_entropy=4.837879 uniform_entropy=4.852030 entropy_gap=0.014151 max_probability_over_uniform=1.511706 min_probability_over_uniform=0.601405
RG_SCORE round=660 layer=features.10 mean_q=0.095589 max_q=0.127665 fraction_q_positive=1.000000 sampling_entropy=4.848573 uniform_entropy=4.852030 entropy_gap=0.003457 max_probability_over_uniform=1.251674 min_probability_over_uniform=0.806979
RG_SCORE round=660 layer=features.14 mean_q=0.102711 max_q=0.161914 fraction_q_positive=1.000000 sampling_entropy=5.540174 uniform_entropy=5.545177 entropy_gap=0.005003 max_probability_over_uniform=1.432303 min_probability_over_uniform=0.688347
RG_SCORE round=660 layer=features.17 mean_q=0.104947 max_q=0.139246 fraction_q_positive=1.000000 sampling_entropy=5.542137 uniform_entropy=5.545177 entropy_gap=0.003040 max_probability_over_uniform=1.245113 min_probability_over_uniform=0.786658
RG_SCORE round=660 layer=features.20 mean_q=0.092556 max_q=0.128018 fraction_q_positive=1.000000 sampling_entropy=5.542138 uniform_entropy=5.545177 entropy_gap=0.003039 max_probability_over_uniform=1.287352 min_probability_over_uniform=0.753178
RG_SCORE round=660 layer=features.24 mean_q=0.126774 max_q=0.181380 fraction_q_positive=1.000000 sampling_entropy=6.233786 uniform_entropy=6.238325 entropy_gap=0.004539 max_probability_over_uniform=1.323047 min_probability_over_uniform=0.722680
RG_SCORE round=660 layer=features.27 mean_q=0.152946 max_q=0.224184 fraction_q_positive=1.000000 sampling_entropy=6.232496 uniform_entropy=6.238325 entropy_gap=0.005828 max_probability_over_uniform=1.349331 min_probability_over_uniform=0.673799
RG_SCORE round=660 layer=features.30 mean_q=0.129560 max_q=0.189844 fraction_q_positive=1.000000 sampling_entropy=6.231120 uniform_entropy=6.238325 entropy_gap=0.007205 max_probability_over_uniform=1.348977 min_probability_over_uniform=0.570412
RG_SCORE round=660 layer=features.34 mean_q=0.289981 max_q=0.400545 fraction_q_positive=1.000000 sampling_entropy=6.222364 uniform_entropy=6.238325 entropy_gap=0.015961 max_probability_over_uniform=1.285961 min_probability_over_uniform=0.255570
RG_SCORE round=660 layer=features.37 mean_q=0.302667 max_q=0.442140 fraction_q_positive=1.000000 sampling_entropy=6.228796 uniform_entropy=6.238325 entropy_gap=0.009529 max_probability_over_uniform=1.345611 min_probability_over_uniform=0.324345
RG_SCORE round=660 layer=features.40 mean_q=0.249847 max_q=0.451860 fraction_q_positive=1.000000 sampling_entropy=6.213055 uniform_entropy=6.238325 entropy_gap=0.025270 max_probability_over_uniform=1.606412 min_probability_over_uniform=0.310566
ROUND_ACCURACY method=FedPhoenixRG-RGE round=660 accuracy=72.129997
********************************************************************************
Round 660
ROUND_ACCURACY method=FedPhoenixRG-RGE round=661 accuracy=76.370003
********************************************************************************
Round 661
ROUND_ACCURACY method=FedPhoenixRG-RGE round=662 accuracy=78.580002
********************************************************************************
Round 662
ROUND_ACCURACY method=FedPhoenixRG-RGE round=663 accuracy=80.389999
********************************************************************************
Round 663
ROUND_ACCURACY method=FedPhoenixRG-RGE round=664 accuracy=81.029999
********************************************************************************
Round 664
ROUND_ACCURACY method=FedPhoenixRG-RGE round=665 accuracy=79.580002
********************************************************************************
Round 665
ROUND_ACCURACY method=FedPhoenixRG-RGE round=666 accuracy=81.480003
********************************************************************************
Round 666
ROUND_ACCURACY method=FedPhoenixRG-RGE round=667 accuracy=80.239998
********************************************************************************
Round 667
ROUND_ACCURACY method=FedPhoenixRG-RGE round=668 accuracy=77.190002
********************************************************************************
Round 668
ROUND_ACCURACY method=FedPhoenixRG-RGE round=669 accuracy=82.209999
********************************************************************************
Round 669
ROUND_ACCURACY method=FedPhoenixRG-RGE round=670 accuracy=70.239998
********************************************************************************
Round 670
ROUND_ACCURACY method=FedPhoenixRG-RGE round=671 accuracy=72.760002
********************************************************************************
Round 671
ROUND_ACCURACY method=FedPhoenixRG-RGE round=672 accuracy=72.629997
********************************************************************************
Round 672
ROUND_ACCURACY method=FedPhoenixRG-RGE round=673 accuracy=79.830002
********************************************************************************
Round 673
ROUND_ACCURACY method=FedPhoenixRG-RGE round=674 accuracy=73.720001
********************************************************************************
Round 674
ROUND_ACCURACY method=FedPhoenixRG-RGE round=675 accuracy=77.930000
********************************************************************************
Round 675
ROUND_ACCURACY method=FedPhoenixRG-RGE round=676 accuracy=79.339996
********************************************************************************
Round 676
ROUND_ACCURACY method=FedPhoenixRG-RGE round=677 accuracy=78.370003
********************************************************************************
Round 677
ROUND_ACCURACY method=FedPhoenixRG-RGE round=678 accuracy=74.870003
********************************************************************************
Round 678
ROUND_ACCURACY method=FedPhoenixRG-RGE round=679 accuracy=67.440002
********************************************************************************
Round 679
RG_SCORE round=680 layer=features.0 mean_q=0.077509 max_q=0.216166 fraction_q_positive=0.859375 sampling_entropy=3.976400 uniform_entropy=4.158883 entropy_gap=0.182483 max_probability_over_uniform=2.341680 min_probability_over_uniform=0.250000
RG_SCORE round=680 layer=features.3 mean_q=0.080548 max_q=0.126061 fraction_q_positive=1.000000 sampling_entropy=4.140968 uniform_entropy=4.158883 entropy_gap=0.017915 max_probability_over_uniform=1.423791 min_probability_over_uniform=0.670558
RG_SCORE round=680 layer=features.7 mean_q=0.083918 max_q=0.145377 fraction_q_positive=1.000000 sampling_entropy=4.839839 uniform_entropy=4.852030 entropy_gap=0.012191 max_probability_over_uniform=1.549278 min_probability_over_uniform=0.624718
RG_SCORE round=680 layer=features.10 mean_q=0.081859 max_q=0.112118 fraction_q_positive=1.000000 sampling_entropy=4.846019 uniform_entropy=4.852030 entropy_gap=0.006011 max_probability_over_uniform=1.277240 min_probability_over_uniform=0.705125
RG_SCORE round=680 layer=features.14 mean_q=0.092865 max_q=0.130506 fraction_q_positive=1.000000 sampling_entropy=5.540058 uniform_entropy=5.545177 entropy_gap=0.005119 max_probability_over_uniform=1.304005 min_probability_over_uniform=0.767037
RG_SCORE round=680 layer=features.17 mean_q=0.092237 max_q=0.142467 fraction_q_positive=1.000000 sampling_entropy=5.539184 uniform_entropy=5.545177 entropy_gap=0.005993 max_probability_over_uniform=1.408436 min_probability_over_uniform=0.779254
RG_SCORE round=680 layer=features.20 mean_q=0.080315 max_q=0.105745 fraction_q_positive=1.000000 sampling_entropy=5.541548 uniform_entropy=5.545177 entropy_gap=0.003630 max_probability_over_uniform=1.237470 min_probability_over_uniform=0.783094
RG_SCORE round=680 layer=features.24 mean_q=0.120861 max_q=0.186187 fraction_q_positive=1.000000 sampling_entropy=6.231624 uniform_entropy=6.238325 entropy_gap=0.006701 max_probability_over_uniform=1.405383 min_probability_over_uniform=0.730345
RG_SCORE round=680 layer=features.27 mean_q=0.155079 max_q=0.211750 fraction_q_positive=1.000000 sampling_entropy=6.233063 uniform_entropy=6.238325 entropy_gap=0.005262 max_probability_over_uniform=1.274076 min_probability_over_uniform=0.753686
RG_SCORE round=680 layer=features.30 mean_q=0.130741 max_q=0.183301 fraction_q_positive=1.000000 sampling_entropy=6.232728 uniform_entropy=6.238325 entropy_gap=0.005597 max_probability_over_uniform=1.301511 min_probability_over_uniform=0.555379
RG_SCORE round=680 layer=features.34 mean_q=0.306036 max_q=0.456624 fraction_q_positive=1.000000 sampling_entropy=6.231583 uniform_entropy=6.238325 entropy_gap=0.006741 max_probability_over_uniform=1.369044 min_probability_over_uniform=0.326446
RG_SCORE round=680 layer=features.37 mean_q=0.275322 max_q=0.409426 fraction_q_positive=1.000000 sampling_entropy=6.227499 uniform_entropy=6.238325 entropy_gap=0.010826 max_probability_over_uniform=1.365310 min_probability_over_uniform=0.308079
RG_SCORE round=680 layer=features.40 mean_q=0.202217 max_q=0.439867 fraction_q_positive=0.998047 sampling_entropy=6.191754 uniform_entropy=6.238325 entropy_gap=0.046571 max_probability_over_uniform=1.881419 min_probability_over_uniform=0.250000
ROUND_ACCURACY method=FedPhoenixRG-RGE round=680 accuracy=70.260002
********************************************************************************
Round 680
ROUND_ACCURACY method=FedPhoenixRG-RGE round=681 accuracy=70.480003
********************************************************************************
Round 681
ROUND_ACCURACY method=FedPhoenixRG-RGE round=682 accuracy=75.320000
********************************************************************************
Round 682
ROUND_ACCURACY method=FedPhoenixRG-RGE round=683 accuracy=80.769997
********************************************************************************
Round 683
ROUND_ACCURACY method=FedPhoenixRG-RGE round=684 accuracy=78.360001
********************************************************************************
Round 684
ROUND_ACCURACY method=FedPhoenixRG-RGE round=685 accuracy=67.400002
********************************************************************************
Round 685
ROUND_ACCURACY method=FedPhoenixRG-RGE round=686 accuracy=78.500000
********************************************************************************
Round 686
ROUND_ACCURACY method=FedPhoenixRG-RGE round=687 accuracy=74.290001
********************************************************************************
Round 687
ROUND_ACCURACY method=FedPhoenixRG-RGE round=688 accuracy=74.089996
********************************************************************************
Round 688
ROUND_ACCURACY method=FedPhoenixRG-RGE round=689 accuracy=76.040001
********************************************************************************
Round 689
ROUND_ACCURACY method=FedPhoenixRG-RGE round=690 accuracy=74.680000
********************************************************************************
Round 690
ROUND_ACCURACY method=FedPhoenixRG-RGE round=691 accuracy=72.959999
********************************************************************************
Round 691
ROUND_ACCURACY method=FedPhoenixRG-RGE round=692 accuracy=59.439999
********************************************************************************
Round 692
ROUND_ACCURACY method=FedPhoenixRG-RGE round=693 accuracy=75.489998
********************************************************************************
Round 693
RGE_GATE round=694 layer=features.27 retention=1.067838 triggered=1 extended_rounds=20
ROUND_ACCURACY method=FedPhoenixRG-RGE round=694 accuracy=74.980003
********************************************************************************
Round 694
ROUND_ACCURACY method=FedPhoenixRG-RGE round=695 accuracy=79.959999
********************************************************************************
Round 695
ROUND_ACCURACY method=FedPhoenixRG-RGE round=696 accuracy=78.339996
********************************************************************************
Round 696
ROUND_ACCURACY method=FedPhoenixRG-RGE round=697 accuracy=74.620003
********************************************************************************
Round 697
ROUND_ACCURACY method=FedPhoenixRG-RGE round=698 accuracy=81.010002
********************************************************************************
Round 698
ROUND_ACCURACY method=FedPhoenixRG-RGE round=699 accuracy=79.330002
********************************************************************************
Round 699
RG_SCORE round=700 layer=features.0 mean_q=0.073339 max_q=0.226459 fraction_q_positive=0.750000 sampling_entropy=3.896132 uniform_entropy=4.158883 entropy_gap=0.262751 max_probability_over_uniform=2.565889 min_probability_over_uniform=0.250000
RG_SCORE round=700 layer=features.3 mean_q=0.070307 max_q=0.160863 fraction_q_positive=1.000000 sampling_entropy=4.089244 uniform_entropy=4.158883 entropy_gap=0.069639 max_probability_over_uniform=1.966005 min_probability_over_uniform=0.316013
RG_SCORE round=700 layer=features.7 mean_q=0.076161 max_q=0.145835 fraction_q_positive=1.000000 sampling_entropy=4.818490 uniform_entropy=4.852030 entropy_gap=0.033541 max_probability_over_uniform=1.686116 min_probability_over_uniform=0.362551
RG_SCORE round=700 layer=features.10 mean_q=0.072734 max_q=0.120457 fraction_q_positive=1.000000 sampling_entropy=4.839509 uniform_entropy=4.852030 entropy_gap=0.012521 max_probability_over_uniform=1.492099 min_probability_over_uniform=0.543897
RG_SCORE round=700 layer=features.14 mean_q=0.076244 max_q=0.154771 fraction_q_positive=1.000000 sampling_entropy=5.528525 uniform_entropy=5.545177 entropy_gap=0.016653 max_probability_over_uniform=1.772468 min_probability_over_uniform=0.554339
RG_SCORE round=700 layer=features.17 mean_q=0.073633 max_q=0.125180 fraction_q_positive=1.000000 sampling_entropy=5.530712 uniform_entropy=5.545177 entropy_gap=0.014465 max_probability_over_uniform=1.525032 min_probability_over_uniform=0.309494
RG_SCORE round=700 layer=features.20 mean_q=0.063525 max_q=0.097972 fraction_q_positive=1.000000 sampling_entropy=5.531045 uniform_entropy=5.545177 entropy_gap=0.014133 max_probability_over_uniform=1.406694 min_probability_over_uniform=0.381040
RG_SCORE round=700 layer=features.24 mean_q=0.095417 max_q=0.197036 fraction_q_positive=0.998047 sampling_entropy=6.218223 uniform_entropy=6.238325 entropy_gap=0.020101 max_probability_over_uniform=1.798749 min_probability_over_uniform=0.250000
RG_SCORE round=700 layer=features.27 mean_q=0.129739 max_q=0.204060 fraction_q_positive=1.000000 sampling_entropy=6.226870 uniform_entropy=6.238325 entropy_gap=0.011455 max_probability_over_uniform=1.429633 min_probability_over_uniform=0.529614
RG_SCORE round=700 layer=features.30 mean_q=0.105491 max_q=0.175797 fraction_q_positive=1.000000 sampling_entropy=6.225618 uniform_entropy=6.238325 entropy_gap=0.012706 max_probability_over_uniform=1.499851 min_probability_over_uniform=0.489746
RG_SCORE round=700 layer=features.34 mean_q=0.265730 max_q=0.398684 fraction_q_positive=1.000000 sampling_entropy=6.227272 uniform_entropy=6.238325 entropy_gap=0.011053 max_probability_over_uniform=1.375249 min_probability_over_uniform=0.411641
RG_SCORE round=700 layer=features.37 mean_q=0.277163 max_q=0.412646 fraction_q_positive=1.000000 sampling_entropy=6.231182 uniform_entropy=6.238325 entropy_gap=0.007142 max_probability_over_uniform=1.366617 min_probability_over_uniform=0.610170
RG_SCORE round=700 layer=features.40 mean_q=0.229896 max_q=0.483290 fraction_q_positive=0.998047 sampling_entropy=6.208336 uniform_entropy=6.238325 entropy_gap=0.029988 max_probability_over_uniform=1.826660 min_probability_over_uniform=0.250000
ROUND_ACCURACY method=FedPhoenixRG-RGE round=700 accuracy=80.290001
********************************************************************************
Round 700
ROUND_ACCURACY method=FedPhoenixRG-RGE round=701 accuracy=77.839996
********************************************************************************
Round 701
ROUND_ACCURACY method=FedPhoenixRG-RGE round=702 accuracy=70.629997
********************************************************************************
Round 702
ROUND_ACCURACY method=FedPhoenixRG-RGE round=703 accuracy=70.779999
********************************************************************************
Round 703
ROUND_ACCURACY method=FedPhoenixRG-RGE round=704 accuracy=80.290001
********************************************************************************
Round 704
ROUND_ACCURACY method=FedPhoenixRG-RGE round=705 accuracy=80.800003
********************************************************************************
Round 705
ROUND_ACCURACY method=FedPhoenixRG-RGE round=706 accuracy=82.419998
********************************************************************************
Round 706
ROUND_ACCURACY method=FedPhoenixRG-RGE round=707 accuracy=80.639999
********************************************************************************
Round 707
ROUND_ACCURACY method=FedPhoenixRG-RGE round=708 accuracy=81.470001
********************************************************************************
Round 708
ROUND_ACCURACY method=FedPhoenixRG-RGE round=709 accuracy=78.790001
********************************************************************************
Round 709
ROUND_ACCURACY method=FedPhoenixRG-RGE round=710 accuracy=80.160004
********************************************************************************
Round 710
ROUND_ACCURACY method=FedPhoenixRG-RGE round=711 accuracy=81.540001
********************************************************************************
Round 711
ROUND_ACCURACY method=FedPhoenixRG-RGE round=712 accuracy=70.540001
********************************************************************************
Round 712
ROUND_ACCURACY method=FedPhoenixRG-RGE round=713 accuracy=78.900002
********************************************************************************
Round 713
ROUND_ACCURACY method=FedPhoenixRG-RGE round=714 accuracy=75.599998
********************************************************************************
Round 714
ROUND_ACCURACY method=FedPhoenixRG-RGE round=715 accuracy=77.379997
********************************************************************************
Round 715
ROUND_ACCURACY method=FedPhoenixRG-RGE round=716 accuracy=77.860001
********************************************************************************
Round 716
ROUND_ACCURACY method=FedPhoenixRG-RGE round=717 accuracy=77.010002
********************************************************************************
Round 717
ROUND_ACCURACY method=FedPhoenixRG-RGE round=718 accuracy=75.779999
********************************************************************************
Round 718
ROUND_ACCURACY method=FedPhoenixRG-RGE round=719 accuracy=80.029999
********************************************************************************
Round 719
RG_SCORE round=720 layer=features.0 mean_q=0.062554 max_q=0.220342 fraction_q_positive=0.750000 sampling_entropy=3.907573 uniform_entropy=4.158883 entropy_gap=0.251310 max_probability_over_uniform=2.891808 min_probability_over_uniform=0.250000
RG_SCORE round=720 layer=features.3 mean_q=0.049799 max_q=0.112487 fraction_q_positive=0.984375 sampling_entropy=4.096028 uniform_entropy=4.158883 entropy_gap=0.062855 max_probability_over_uniform=1.944115 min_probability_over_uniform=0.250000
RG_SCORE round=720 layer=features.7 mean_q=0.054997 max_q=0.100781 fraction_q_positive=1.000000 sampling_entropy=4.818813 uniform_entropy=4.852030 entropy_gap=0.033217 max_probability_over_uniform=1.624357 min_probability_over_uniform=0.475352
RG_SCORE round=720 layer=features.10 mean_q=0.051013 max_q=0.086078 fraction_q_positive=1.000000 sampling_entropy=4.837625 uniform_entropy=4.852030 entropy_gap=0.014405 max_probability_over_uniform=1.515534 min_probability_over_uniform=0.421871
RG_SCORE round=720 layer=features.14 mean_q=0.055858 max_q=0.099399 fraction_q_positive=1.000000 sampling_entropy=5.529270 uniform_entropy=5.545177 entropy_gap=0.015907 max_probability_over_uniform=1.584633 min_probability_over_uniform=0.467221
RG_SCORE round=720 layer=features.17 mean_q=0.052642 max_q=0.097467 fraction_q_positive=1.000000 sampling_entropy=5.529907 uniform_entropy=5.545177 entropy_gap=0.015271 max_probability_over_uniform=1.638641 min_probability_over_uniform=0.546395
RG_SCORE round=720 layer=features.20 mean_q=0.046326 max_q=0.073236 fraction_q_positive=1.000000 sampling_entropy=5.530579 uniform_entropy=5.545177 entropy_gap=0.014599 max_probability_over_uniform=1.435668 min_probability_over_uniform=0.461413
RG_SCORE round=720 layer=features.24 mean_q=0.067017 max_q=0.131973 fraction_q_positive=1.000000 sampling_entropy=6.211931 uniform_entropy=6.238325 entropy_gap=0.026394 max_probability_over_uniform=1.726947 min_probability_over_uniform=0.267607
RG_SCORE round=720 layer=features.27 mean_q=0.090237 max_q=0.150791 fraction_q_positive=1.000000 sampling_entropy=6.220080 uniform_entropy=6.238325 entropy_gap=0.018244 max_probability_over_uniform=1.503291 min_probability_over_uniform=0.501999
RG_SCORE round=720 layer=features.30 mean_q=0.074159 max_q=0.128383 fraction_q_positive=1.000000 sampling_entropy=6.214689 uniform_entropy=6.238325 entropy_gap=0.023636 max_probability_over_uniform=1.548387 min_probability_over_uniform=0.366265
RG_SCORE round=720 layer=features.34 mean_q=0.166943 max_q=0.384134 fraction_q_positive=0.990234 sampling_entropy=6.184302 uniform_entropy=6.238325 entropy_gap=0.054023 max_probability_over_uniform=1.975739 min_probability_over_uniform=0.250000
RG_SCORE round=720 layer=features.37 mean_q=0.130699 max_q=0.302312 fraction_q_positive=0.943359 sampling_entropy=6.148641 uniform_entropy=6.238325 entropy_gap=0.089684 max_probability_over_uniform=1.984779 min_probability_over_uniform=0.250000
RG_SCORE round=720 layer=features.40 mean_q=0.075752 max_q=0.326624 fraction_q_positive=0.785156 sampling_entropy=6.003635 uniform_entropy=6.238325 entropy_gap=0.234690 max_probability_over_uniform=3.483826 min_probability_over_uniform=0.250000
ROUND_ACCURACY method=FedPhoenixRG-RGE round=720 accuracy=76.889999
********************************************************************************
Round 720
ROUND_ACCURACY method=FedPhoenixRG-RGE round=721 accuracy=76.580002
********************************************************************************
Round 721
ROUND_ACCURACY method=FedPhoenixRG-RGE round=722 accuracy=71.820000
********************************************************************************
Round 722
ROUND_ACCURACY method=FedPhoenixRG-RGE round=723 accuracy=79.419998
********************************************************************************
Round 723
ROUND_ACCURACY method=FedPhoenixRG-RGE round=724 accuracy=74.120003
********************************************************************************
Round 724
ROUND_ACCURACY method=FedPhoenixRG-RGE round=725 accuracy=72.070000
********************************************************************************
Round 725
ROUND_ACCURACY method=FedPhoenixRG-RGE round=726 accuracy=70.570000
********************************************************************************
Round 726
ROUND_ACCURACY method=FedPhoenixRG-RGE round=727 accuracy=80.089996
********************************************************************************
Round 727
ROUND_ACCURACY method=FedPhoenixRG-RGE round=728 accuracy=81.809998
********************************************************************************
Round 728
ROUND_ACCURACY method=FedPhoenixRG-RGE round=729 accuracy=73.919998
********************************************************************************
Round 729
ROUND_ACCURACY method=FedPhoenixRG-RGE round=730 accuracy=76.279999
********************************************************************************
Round 730
ROUND_ACCURACY method=FedPhoenixRG-RGE round=731 accuracy=79.040001
********************************************************************************
Round 731
ROUND_ACCURACY method=FedPhoenixRG-RGE round=732 accuracy=76.099998
********************************************************************************
Round 732
ROUND_ACCURACY method=FedPhoenixRG-RGE round=733 accuracy=72.769997
********************************************************************************
Round 733
ROUND_ACCURACY method=FedPhoenixRG-RGE round=734 accuracy=74.790001
********************************************************************************
Round 734
ROUND_ACCURACY method=FedPhoenixRG-RGE round=735 accuracy=59.330002
********************************************************************************
Round 735
ROUND_ACCURACY method=FedPhoenixRG-RGE round=736 accuracy=72.919998
********************************************************************************
Round 736
ROUND_ACCURACY method=FedPhoenixRG-RGE round=737 accuracy=76.639999
********************************************************************************
Round 737
ROUND_ACCURACY method=FedPhoenixRG-RGE round=738 accuracy=75.860001
********************************************************************************
Round 738
ROUND_ACCURACY method=FedPhoenixRG-RGE round=739 accuracy=80.580002
********************************************************************************
Round 739
RG_SCORE round=740 layer=features.0 mean_q=0.045746 max_q=0.174280 fraction_q_positive=0.640625 sampling_entropy=3.859586 uniform_entropy=4.158883 entropy_gap=0.299297 max_probability_over_uniform=3.107289 min_probability_over_uniform=0.250000
RG_SCORE round=740 layer=features.3 mean_q=0.051795 max_q=0.134463 fraction_q_positive=0.968750 sampling_entropy=4.070871 uniform_entropy=4.158883 entropy_gap=0.088012 max_probability_over_uniform=2.197032 min_probability_over_uniform=0.250000
RG_SCORE round=740 layer=features.7 mean_q=0.050527 max_q=0.121996 fraction_q_positive=0.992188 sampling_entropy=4.796218 uniform_entropy=4.852030 entropy_gap=0.055812 max_probability_over_uniform=2.060846 min_probability_over_uniform=0.250000
RG_SCORE round=740 layer=features.10 mean_q=0.049451 max_q=0.093056 fraction_q_positive=1.000000 sampling_entropy=4.818578 uniform_entropy=4.852030 entropy_gap=0.033452 max_probability_over_uniform=1.661345 min_probability_over_uniform=0.283610
RG_SCORE round=740 layer=features.14 mean_q=0.054971 max_q=0.096556 fraction_q_positive=1.000000 sampling_entropy=5.518496 uniform_entropy=5.545177 entropy_gap=0.026681 max_probability_over_uniform=1.567366 min_probability_over_uniform=0.364813
RG_SCORE round=740 layer=features.17 mean_q=0.056565 max_q=0.106218 fraction_q_positive=1.000000 sampling_entropy=5.530813 uniform_entropy=5.545177 entropy_gap=0.014365 max_probability_over_uniform=1.658337 min_probability_over_uniform=0.596421
RG_SCORE round=740 layer=features.20 mean_q=0.049506 max_q=0.077052 fraction_q_positive=0.996094 sampling_entropy=5.526232 uniform_entropy=5.545177 entropy_gap=0.018946 max_probability_over_uniform=1.417312 min_probability_over_uniform=0.250000
RG_SCORE round=740 layer=features.24 mean_q=0.073757 max_q=0.136499 fraction_q_positive=0.998047 sampling_entropy=6.213726 uniform_entropy=6.238325 entropy_gap=0.024598 max_probability_over_uniform=1.638001 min_probability_over_uniform=0.250000
RG_SCORE round=740 layer=features.27 mean_q=0.093761 max_q=0.159251 fraction_q_positive=1.000000 sampling_entropy=6.218820 uniform_entropy=6.238325 entropy_gap=0.019505 max_probability_over_uniform=1.523862 min_probability_over_uniform=0.392034
RG_SCORE round=740 layer=features.30 mean_q=0.081353 max_q=0.139973 fraction_q_positive=0.998047 sampling_entropy=6.219188 uniform_entropy=6.238325 entropy_gap=0.019137 max_probability_over_uniform=1.540422 min_probability_over_uniform=0.250000
RG_SCORE round=740 layer=features.34 mean_q=0.199681 max_q=0.378859 fraction_q_positive=0.998047 sampling_entropy=6.210889 uniform_entropy=6.238325 entropy_gap=0.027435 max_probability_over_uniform=1.672992 min_probability_over_uniform=0.250000
RG_SCORE round=740 layer=features.37 mean_q=0.215139 max_q=0.361329 fraction_q_positive=0.996094 sampling_entropy=6.211926 uniform_entropy=6.238325 entropy_gap=0.026399 max_probability_over_uniform=1.509635 min_probability_over_uniform=0.250000
RG_SCORE round=740 layer=features.40 mean_q=0.171564 max_q=0.387925 fraction_q_positive=0.996094 sampling_entropy=6.189763 uniform_entropy=6.238325 entropy_gap=0.048562 max_probability_over_uniform=1.945833 min_probability_over_uniform=0.250000
ROUND_ACCURACY method=FedPhoenixRG-RGE round=740 accuracy=62.160000
********************************************************************************
Round 740
ROUND_ACCURACY method=FedPhoenixRG-RGE round=741 accuracy=68.190002
********************************************************************************
Round 741
ROUND_ACCURACY method=FedPhoenixRG-RGE round=742 accuracy=63.759998
********************************************************************************
Round 742
ROUND_ACCURACY method=FedPhoenixRG-RGE round=743 accuracy=78.949997
********************************************************************************
Round 743
ROUND_ACCURACY method=FedPhoenixRG-RGE round=744 accuracy=80.639999
********************************************************************************
Round 744
ROUND_ACCURACY method=FedPhoenixRG-RGE round=745 accuracy=79.889999
********************************************************************************
Round 745
ROUND_ACCURACY method=FedPhoenixRG-RGE round=746 accuracy=72.269997
********************************************************************************
Round 746
ROUND_ACCURACY method=FedPhoenixRG-RGE round=747 accuracy=77.629997
********************************************************************************
Round 747
ROUND_ACCURACY method=FedPhoenixRG-RGE round=748 accuracy=79.459999
********************************************************************************
Round 748
ROUND_ACCURACY method=FedPhoenixRG-RGE round=749 accuracy=79.580002
********************************************************************************
Round 749
ROUND_ACCURACY method=FedPhoenixRG-RGE round=750 accuracy=78.849998
********************************************************************************
Round 750
ROUND_ACCURACY method=FedPhoenixRG-RGE round=751 accuracy=80.309998
********************************************************************************
Round 751
ROUND_ACCURACY method=FedPhoenixRG-RGE round=752 accuracy=76.199997
********************************************************************************
Round 752
ROUND_ACCURACY method=FedPhoenixRG-RGE round=753 accuracy=80.570000
********************************************************************************
Round 753
ROUND_ACCURACY method=FedPhoenixRG-RGE round=754 accuracy=78.839996
********************************************************************************
Round 754
ROUND_ACCURACY method=FedPhoenixRG-RGE round=755 accuracy=78.389999
********************************************************************************
Round 755
ROUND_ACCURACY method=FedPhoenixRG-RGE round=756 accuracy=79.849998
********************************************************************************
Round 756
ROUND_ACCURACY method=FedPhoenixRG-RGE round=757 accuracy=79.550003
********************************************************************************
Round 757
ROUND_ACCURACY method=FedPhoenixRG-RGE round=758 accuracy=77.180000
********************************************************************************
Round 758
ROUND_ACCURACY method=FedPhoenixRG-RGE round=759 accuracy=68.059998
********************************************************************************
Round 759
RG_SCORE round=760 layer=features.0 mean_q=0.136152 max_q=0.605092 fraction_q_positive=0.703125 sampling_entropy=3.851478 uniform_entropy=4.158883 entropy_gap=0.307405 max_probability_over_uniform=3.583188 min_probability_over_uniform=0.250000
RG_SCORE round=760 layer=features.3 mean_q=0.047780 max_q=0.164670 fraction_q_positive=0.828125 sampling_entropy=3.960656 uniform_entropy=4.158883 entropy_gap=0.198227 max_probability_over_uniform=2.834805 min_probability_over_uniform=0.250000
RG_SCORE round=760 layer=features.7 mean_q=0.051065 max_q=0.128312 fraction_q_positive=0.960938 sampling_entropy=4.776239 uniform_entropy=4.852030 entropy_gap=0.075792 max_probability_over_uniform=2.134527 min_probability_over_uniform=0.250000
RG_SCORE round=760 layer=features.10 mean_q=0.055091 max_q=0.114757 fraction_q_positive=1.000000 sampling_entropy=4.812902 uniform_entropy=4.852030 entropy_gap=0.039128 max_probability_over_uniform=1.812276 min_probability_over_uniform=0.264333
RG_SCORE round=760 layer=features.14 mean_q=0.057621 max_q=0.107943 fraction_q_positive=0.984375 sampling_entropy=5.499180 uniform_entropy=5.545177 entropy_gap=0.045997 max_probability_over_uniform=1.655000 min_probability_over_uniform=0.250000
RG_SCORE round=760 layer=features.17 mean_q=0.055401 max_q=0.110935 fraction_q_positive=0.996094 sampling_entropy=5.507407 uniform_entropy=5.545177 entropy_gap=0.037770 max_probability_over_uniform=1.751811 min_probability_over_uniform=0.250000
RG_SCORE round=760 layer=features.20 mean_q=0.047517 max_q=0.098022 fraction_q_positive=0.980469 sampling_entropy=5.501233 uniform_entropy=5.545177 entropy_gap=0.043944 max_probability_over_uniform=1.797183 min_probability_over_uniform=0.250000
RG_SCORE round=760 layer=features.24 mean_q=0.072852 max_q=0.162773 fraction_q_positive=0.941406 sampling_entropy=6.158285 uniform_entropy=6.238325 entropy_gap=0.080040 max_probability_over_uniform=1.925716 min_probability_over_uniform=0.250000
RG_SCORE round=760 layer=features.27 mean_q=0.094433 max_q=0.181653 fraction_q_positive=0.951172 sampling_entropy=6.169997 uniform_entropy=6.238325 entropy_gap=0.068328 max_probability_over_uniform=1.692716 min_probability_over_uniform=0.250000
RG_SCORE round=760 layer=features.30 mean_q=0.082292 max_q=0.212837 fraction_q_positive=0.978516 sampling_entropy=6.178160 uniform_entropy=6.238325 entropy_gap=0.060165 max_probability_over_uniform=2.189782 min_probability_over_uniform=0.250000
RG_SCORE round=760 layer=features.34 mean_q=0.201542 max_q=0.461221 fraction_q_positive=0.953125 sampling_entropy=6.166109 uniform_entropy=6.238325 entropy_gap=0.072215 max_probability_over_uniform=1.966346 min_probability_over_uniform=0.250000
RG_SCORE round=760 layer=features.37 mean_q=0.171473 max_q=0.329400 fraction_q_positive=0.960938 sampling_entropy=6.173078 uniform_entropy=6.238325 entropy_gap=0.065247 max_probability_over_uniform=1.690755 min_probability_over_uniform=0.250000
RG_SCORE round=760 layer=features.40 mean_q=0.111066 max_q=0.378492 fraction_q_positive=0.855469 sampling_entropy=6.068344 uniform_entropy=6.238325 entropy_gap=0.169981 max_probability_over_uniform=2.805868 min_probability_over_uniform=0.250000
ROUND_ACCURACY method=FedPhoenixRG-RGE round=760 accuracy=80.500000
********************************************************************************
Round 760
ROUND_ACCURACY method=FedPhoenixRG-RGE round=761 accuracy=79.529999
********************************************************************************
Round 761
ROUND_ACCURACY method=FedPhoenixRG-RGE round=762 accuracy=77.769997
********************************************************************************
Round 762
ROUND_ACCURACY method=FedPhoenixRG-RGE round=763 accuracy=79.089996
********************************************************************************
Round 763
ROUND_ACCURACY method=FedPhoenixRG-RGE round=764 accuracy=79.269997
********************************************************************************
Round 764
ROUND_ACCURACY method=FedPhoenixRG-RGE round=765 accuracy=81.239998
********************************************************************************
Round 765
ROUND_ACCURACY method=FedPhoenixRG-RGE round=766 accuracy=80.400002
********************************************************************************
Round 766
ROUND_ACCURACY method=FedPhoenixRG-RGE round=767 accuracy=80.500000
********************************************************************************
Round 767
ROUND_ACCURACY method=FedPhoenixRG-RGE round=768 accuracy=76.150002
********************************************************************************
Round 768
ROUND_ACCURACY method=FedPhoenixRG-RGE round=769 accuracy=81.690002
********************************************************************************
Round 769
ROUND_ACCURACY method=FedPhoenixRG-RGE round=770 accuracy=82.129997
********************************************************************************
Round 770
RGE_GATE round=771 layer=features.30 retention=0.650267 triggered=1 extended_rounds=20
ROUND_ACCURACY method=FedPhoenixRG-RGE round=771 accuracy=80.879997
********************************************************************************
Round 771
ROUND_ACCURACY method=FedPhoenixRG-RGE round=772 accuracy=78.410004
********************************************************************************
Round 772
ROUND_ACCURACY method=FedPhoenixRG-RGE round=773 accuracy=69.879997
********************************************************************************
Round 773
ROUND_ACCURACY method=FedPhoenixRG-RGE round=774 accuracy=75.260002
********************************************************************************
Round 774
ROUND_ACCURACY method=FedPhoenixRG-RGE round=775 accuracy=75.879997
********************************************************************************
Round 775
ROUND_ACCURACY method=FedPhoenixRG-RGE round=776 accuracy=73.519997
********************************************************************************
Round 776
ROUND_ACCURACY method=FedPhoenixRG-RGE round=777 accuracy=80.839996
********************************************************************************
Round 777
ROUND_ACCURACY method=FedPhoenixRG-RGE round=778 accuracy=69.599998
********************************************************************************
Round 778
ROUND_ACCURACY method=FedPhoenixRG-RGE round=779 accuracy=64.690002
********************************************************************************
Round 779
RG_SCORE round=780 layer=features.0 mean_q=0.071941 max_q=0.296508 fraction_q_positive=0.796875 sampling_entropy=3.916137 uniform_entropy=4.158883 entropy_gap=0.242746 max_probability_over_uniform=3.341150 min_probability_over_uniform=0.250000
RG_SCORE round=780 layer=features.3 mean_q=0.048452 max_q=0.097792 fraction_q_positive=1.000000 sampling_entropy=4.111652 uniform_entropy=4.158883 entropy_gap=0.047231 max_probability_over_uniform=1.763748 min_probability_over_uniform=0.297241
RG_SCORE round=780 layer=features.7 mean_q=0.054498 max_q=0.099813 fraction_q_positive=1.000000 sampling_entropy=4.820570 uniform_entropy=4.852030 entropy_gap=0.031460 max_probability_over_uniform=1.623616 min_probability_over_uniform=0.471502
RG_SCORE round=780 layer=features.10 mean_q=0.049560 max_q=0.098063 fraction_q_positive=1.000000 sampling_entropy=4.832125 uniform_entropy=4.852030 entropy_gap=0.019906 max_probability_over_uniform=1.734004 min_probability_over_uniform=0.434051
RG_SCORE round=780 layer=features.14 mean_q=0.058096 max_q=0.098757 fraction_q_positive=1.000000 sampling_entropy=5.531235 uniform_entropy=5.545177 entropy_gap=0.013943 max_probability_over_uniform=1.524923 min_probability_over_uniform=0.628631
RG_SCORE round=780 layer=features.17 mean_q=0.055865 max_q=0.096865 fraction_q_positive=1.000000 sampling_entropy=5.532109 uniform_entropy=5.545177 entropy_gap=0.013069 max_probability_over_uniform=1.550427 min_probability_over_uniform=0.600388
RG_SCORE round=780 layer=features.20 mean_q=0.048428 max_q=0.085747 fraction_q_positive=1.000000 sampling_entropy=5.534807 uniform_entropy=5.545177 entropy_gap=0.010371 max_probability_over_uniform=1.577945 min_probability_over_uniform=0.602301
RG_SCORE round=780 layer=features.24 mean_q=0.084503 max_q=0.165694 fraction_q_positive=1.000000 sampling_entropy=6.221404 uniform_entropy=6.238325 entropy_gap=0.016921 max_probability_over_uniform=1.720604 min_probability_over_uniform=0.403338
RG_SCORE round=780 layer=features.27 mean_q=0.107894 max_q=0.166365 fraction_q_positive=1.000000 sampling_entropy=6.223957 uniform_entropy=6.238325 entropy_gap=0.014368 max_probability_over_uniform=1.406455 min_probability_over_uniform=0.560567
RG_SCORE round=780 layer=features.30 mean_q=0.089400 max_q=0.139675 fraction_q_positive=1.000000 sampling_entropy=6.224950 uniform_entropy=6.238325 entropy_gap=0.013375 max_probability_over_uniform=1.421774 min_probability_over_uniform=0.452948
RG_SCORE round=780 layer=features.34 mean_q=0.218710 max_q=0.353428 fraction_q_positive=0.994141 sampling_entropy=6.211697 uniform_entropy=6.238325 entropy_gap=0.026628 max_probability_over_uniform=1.461976 min_probability_over_uniform=0.250000
RG_SCORE round=780 layer=features.37 mean_q=0.201480 max_q=0.341626 fraction_q_positive=0.980469 sampling_entropy=6.209099 uniform_entropy=6.238325 entropy_gap=0.029225 max_probability_over_uniform=1.521683 min_probability_over_uniform=0.250000
RG_SCORE round=780 layer=features.40 mean_q=0.146917 max_q=0.388211 fraction_q_positive=0.988281 sampling_entropy=6.171976 uniform_entropy=6.238325 entropy_gap=0.066349 max_probability_over_uniform=2.231794 min_probability_over_uniform=0.250000
ROUND_ACCURACY method=FedPhoenixRG-RGE round=780 accuracy=73.790001
********************************************************************************
Round 780
ROUND_ACCURACY method=FedPhoenixRG-RGE round=781 accuracy=71.500000
********************************************************************************
Round 781
ROUND_ACCURACY method=FedPhoenixRG-RGE round=782 accuracy=73.580002
********************************************************************************
Round 782
ROUND_ACCURACY method=FedPhoenixRG-RGE round=783 accuracy=81.680000
********************************************************************************
Round 783
ROUND_ACCURACY method=FedPhoenixRG-RGE round=784 accuracy=78.120003
********************************************************************************
Round 784
ROUND_ACCURACY method=FedPhoenixRG-RGE round=785 accuracy=75.180000
********************************************************************************
Round 785
ROUND_ACCURACY method=FedPhoenixRG-RGE round=786 accuracy=71.339996
********************************************************************************
Round 786
ROUND_ACCURACY method=FedPhoenixRG-RGE round=787 accuracy=79.300003
********************************************************************************
Round 787
ROUND_ACCURACY method=FedPhoenixRG-RGE round=788 accuracy=81.150002
********************************************************************************
Round 788
ROUND_ACCURACY method=FedPhoenixRG-RGE round=789 accuracy=80.709999
********************************************************************************
Round 789
ROUND_ACCURACY method=FedPhoenixRG-RGE round=790 accuracy=80.080002
********************************************************************************
Round 790
ROUND_ACCURACY method=FedPhoenixRG-RGE round=791 accuracy=82.050003
********************************************************************************
Round 791
ROUND_ACCURACY method=FedPhoenixRG-RGE round=792 accuracy=79.410004
********************************************************************************
Round 792
ROUND_ACCURACY method=FedPhoenixRG-RGE round=793 accuracy=72.570000
********************************************************************************
Round 793
ROUND_ACCURACY method=FedPhoenixRG-RGE round=794 accuracy=76.970001
********************************************************************************
Round 794
ROUND_ACCURACY method=FedPhoenixRG-RGE round=795 accuracy=80.769997
********************************************************************************
Round 795
ROUND_ACCURACY method=FedPhoenixRG-RGE round=796 accuracy=75.830002
********************************************************************************
Round 796
ROUND_ACCURACY method=FedPhoenixRG-RGE round=797 accuracy=78.750000
********************************************************************************
Round 797
ROUND_ACCURACY method=FedPhoenixRG-RGE round=798 accuracy=80.849998
********************************************************************************
Round 798
ROUND_ACCURACY method=FedPhoenixRG-RGE round=799 accuracy=82.080002
********************************************************************************
Round 799
RG_SCORE round=800 layer=features.0 mean_q=0.061983 max_q=0.205928 fraction_q_positive=0.812500 sampling_entropy=3.928600 uniform_entropy=4.158883 entropy_gap=0.230283 max_probability_over_uniform=2.741759 min_probability_over_uniform=0.250000
RG_SCORE round=800 layer=features.3 mean_q=0.051646 max_q=0.097811 fraction_q_positive=1.000000 sampling_entropy=4.108430 uniform_entropy=4.158883 entropy_gap=0.050453 max_probability_over_uniform=1.670399 min_probability_over_uniform=0.425523
RG_SCORE round=800 layer=features.7 mean_q=0.058964 max_q=0.109464 fraction_q_positive=1.000000 sampling_entropy=4.816365 uniform_entropy=4.852030 entropy_gap=0.035666 max_probability_over_uniform=1.642339 min_probability_over_uniform=0.296925
RG_SCORE round=800 layer=features.10 mean_q=0.052692 max_q=0.094443 fraction_q_positive=1.000000 sampling_entropy=4.837258 uniform_entropy=4.852030 entropy_gap=0.014773 max_probability_over_uniform=1.594278 min_probability_over_uniform=0.630653
RG_SCORE round=800 layer=features.14 mean_q=0.059265 max_q=0.121571 fraction_q_positive=1.000000 sampling_entropy=5.528497 uniform_entropy=5.545177 entropy_gap=0.016680 max_probability_over_uniform=1.788478 min_probability_over_uniform=0.571591
RG_SCORE round=800 layer=features.17 mean_q=0.056313 max_q=0.108365 fraction_q_positive=1.000000 sampling_entropy=5.531175 uniform_entropy=5.545177 entropy_gap=0.014003 max_probability_over_uniform=1.693249 min_probability_over_uniform=0.667464
RG_SCORE round=800 layer=features.20 mean_q=0.049033 max_q=0.078608 fraction_q_positive=1.000000 sampling_entropy=5.530555 uniform_entropy=5.545177 entropy_gap=0.014622 max_probability_over_uniform=1.452380 min_probability_over_uniform=0.579813
RG_SCORE round=800 layer=features.24 mean_q=0.087709 max_q=0.179637 fraction_q_positive=1.000000 sampling_entropy=6.221961 uniform_entropy=6.238325 entropy_gap=0.016364 max_probability_over_uniform=1.786081 min_probability_over_uniform=0.577733
RG_SCORE round=800 layer=features.27 mean_q=0.124282 max_q=0.202318 fraction_q_positive=1.000000 sampling_entropy=6.229002 uniform_entropy=6.238325 entropy_gap=0.009322 max_probability_over_uniform=1.470918 min_probability_over_uniform=0.632874
RG_SCORE round=800 layer=features.30 mean_q=0.106297 max_q=0.165849 fraction_q_positive=1.000000 sampling_entropy=6.225399 uniform_entropy=6.238325 entropy_gap=0.012926 max_probability_over_uniform=1.420178 min_probability_over_uniform=0.529876
RG_SCORE round=800 layer=features.34 mean_q=0.244739 max_q=0.366852 fraction_q_positive=1.000000 sampling_entropy=6.219995 uniform_entropy=6.238325 entropy_gap=0.018329 max_probability_over_uniform=1.374216 min_probability_over_uniform=0.327845
RG_SCORE round=800 layer=features.37 mean_q=0.214105 max_q=0.366018 fraction_q_positive=1.000000 sampling_entropy=6.208787 uniform_entropy=6.238325 entropy_gap=0.029537 max_probability_over_uniform=1.532143 min_probability_over_uniform=0.263241
RG_SCORE round=800 layer=features.40 mean_q=0.116609 max_q=0.365005 fraction_q_positive=0.927734 sampling_entropy=6.099508 uniform_entropy=6.238325 entropy_gap=0.138816 max_probability_over_uniform=2.597629 min_probability_over_uniform=0.250000
ROUND_ACCURACY method=FedPhoenixRG-RGE round=800 accuracy=79.870003
********************************************************************************
Round 800
ROUND_ACCURACY method=FedPhoenixRG-RGE round=801 accuracy=78.839996
********************************************************************************
Round 801
ROUND_ACCURACY method=FedPhoenixRG-RGE round=802 accuracy=77.489998
********************************************************************************
Round 802
ROUND_ACCURACY method=FedPhoenixRG-RGE round=803 accuracy=82.000000
********************************************************************************
Round 803
ROUND_ACCURACY method=FedPhoenixRG-RGE round=804 accuracy=74.489998
********************************************************************************
Round 804
ROUND_ACCURACY method=FedPhoenixRG-RGE round=805 accuracy=71.720001
********************************************************************************
Round 805
ROUND_ACCURACY method=FedPhoenixRG-RGE round=806 accuracy=79.800003
********************************************************************************
Round 806
ROUND_ACCURACY method=FedPhoenixRG-RGE round=807 accuracy=73.220001
********************************************************************************
Round 807
ROUND_ACCURACY method=FedPhoenixRG-RGE round=808 accuracy=61.820000
********************************************************************************
Round 808
ROUND_ACCURACY method=FedPhoenixRG-RGE round=809 accuracy=74.849998
********************************************************************************
Round 809
ROUND_ACCURACY method=FedPhoenixRG-RGE round=810 accuracy=78.910004
********************************************************************************
Round 810
ROUND_ACCURACY method=FedPhoenixRG-RGE round=811 accuracy=70.730003
********************************************************************************
Round 811
ROUND_ACCURACY method=FedPhoenixRG-RGE round=812 accuracy=78.510002
********************************************************************************
Round 812
ROUND_ACCURACY method=FedPhoenixRG-RGE round=813 accuracy=78.930000
********************************************************************************
Round 813
ROUND_ACCURACY method=FedPhoenixRG-RGE round=814 accuracy=66.519997
********************************************************************************
Round 814
ROUND_ACCURACY method=FedPhoenixRG-RGE round=815 accuracy=78.089996
********************************************************************************
Round 815
ROUND_ACCURACY method=FedPhoenixRG-RGE round=816 accuracy=80.680000
********************************************************************************
Round 816
ROUND_ACCURACY method=FedPhoenixRG-RGE round=817 accuracy=79.129997
********************************************************************************
Round 817
ROUND_ACCURACY method=FedPhoenixRG-RGE round=818 accuracy=78.930000
********************************************************************************
Round 818
ROUND_ACCURACY method=FedPhoenixRG-RGE round=819 accuracy=80.220001
********************************************************************************
Round 819
RG_SCORE round=820 layer=features.0 mean_q=0.078693 max_q=0.201717 fraction_q_positive=0.796875 sampling_entropy=3.953488 uniform_entropy=4.158883 entropy_gap=0.205395 max_probability_over_uniform=2.172509 min_probability_over_uniform=0.250000
RG_SCORE round=820 layer=features.3 mean_q=0.056040 max_q=0.111587 fraction_q_positive=1.000000 sampling_entropy=4.113591 uniform_entropy=4.158883 entropy_gap=0.045292 max_probability_over_uniform=1.743396 min_probability_over_uniform=0.283299
RG_SCORE round=820 layer=features.7 mean_q=0.055629 max_q=0.110572 fraction_q_positive=1.000000 sampling_entropy=4.822195 uniform_entropy=4.852030 entropy_gap=0.029835 max_probability_over_uniform=1.740746 min_probability_over_uniform=0.254867
RG_SCORE round=820 layer=features.10 mean_q=0.050683 max_q=0.100789 fraction_q_positive=1.000000 sampling_entropy=4.832985 uniform_entropy=4.852030 entropy_gap=0.019045 max_probability_over_uniform=1.741470 min_probability_over_uniform=0.445866
RG_SCORE round=820 layer=features.14 mean_q=0.053611 max_q=0.125143 fraction_q_positive=1.000000 sampling_entropy=5.522279 uniform_entropy=5.545177 entropy_gap=0.022898 max_probability_over_uniform=2.000708 min_probability_over_uniform=0.495456
RG_SCORE round=820 layer=features.17 mean_q=0.049772 max_q=0.102556 fraction_q_positive=1.000000 sampling_entropy=5.524816 uniform_entropy=5.545177 entropy_gap=0.020361 max_probability_over_uniform=1.795395 min_probability_over_uniform=0.580896
RG_SCORE round=820 layer=features.20 mean_q=0.040704 max_q=0.076091 fraction_q_positive=1.000000 sampling_entropy=5.530793 uniform_entropy=5.545177 entropy_gap=0.014385 max_probability_over_uniform=1.652057 min_probability_over_uniform=0.533361
RG_SCORE round=820 layer=features.24 mean_q=0.072928 max_q=0.154079 fraction_q_positive=1.000000 sampling_entropy=6.211723 uniform_entropy=6.238325 entropy_gap=0.026601 max_probability_over_uniform=1.834570 min_probability_over_uniform=0.428685
RG_SCORE round=820 layer=features.27 mean_q=0.109093 max_q=0.176685 fraction_q_positive=1.000000 sampling_entropy=6.220498 uniform_entropy=6.238325 entropy_gap=0.017827 max_probability_over_uniform=1.464689 min_probability_over_uniform=0.377805
RG_SCORE round=820 layer=features.30 mean_q=0.083011 max_q=0.136263 fraction_q_positive=1.000000 sampling_entropy=6.223930 uniform_entropy=6.238325 entropy_gap=0.014395 max_probability_over_uniform=1.481122 min_probability_over_uniform=0.496699
RG_SCORE round=820 layer=features.34 mean_q=0.232009 max_q=0.355615 fraction_q_positive=1.000000 sampling_entropy=6.222242 uniform_entropy=6.238325 entropy_gap=0.016082 max_probability_over_uniform=1.399576 min_probability_over_uniform=0.379159
RG_SCORE round=820 layer=features.37 mean_q=0.226834 max_q=0.339530 fraction_q_positive=1.000000 sampling_entropy=6.222065 uniform_entropy=6.238325 entropy_gap=0.016259 max_probability_over_uniform=1.372614 min_probability_over_uniform=0.366300
RG_SCORE round=820 layer=features.40 mean_q=0.178320 max_q=0.352244 fraction_q_positive=1.000000 sampling_entropy=6.209737 uniform_entropy=6.238325 entropy_gap=0.028587 max_probability_over_uniform=1.731514 min_probability_over_uniform=0.352777
ROUND_ACCURACY method=FedPhoenixRG-RGE round=820 accuracy=78.199997
********************************************************************************
Round 820
ROUND_ACCURACY method=FedPhoenixRG-RGE round=821 accuracy=79.489998
********************************************************************************
Round 821
ROUND_ACCURACY method=FedPhoenixRG-RGE round=822 accuracy=77.239998
********************************************************************************
Round 822
ROUND_ACCURACY method=FedPhoenixRG-RGE round=823 accuracy=65.839996
********************************************************************************
Round 823
ROUND_ACCURACY method=FedPhoenixRG-RGE round=824 accuracy=35.049999
********************************************************************************
Round 824
ROUND_ACCURACY method=FedPhoenixRG-RGE round=825 accuracy=71.849998
********************************************************************************
Round 825
ROUND_ACCURACY method=FedPhoenixRG-RGE round=826 accuracy=74.959999
********************************************************************************
Round 826
ROUND_ACCURACY method=FedPhoenixRG-RGE round=827 accuracy=70.269997
********************************************************************************
Round 827
ROUND_ACCURACY method=FedPhoenixRG-RGE round=828 accuracy=68.529999
********************************************************************************
Round 828
ROUND_ACCURACY method=FedPhoenixRG-RGE round=829 accuracy=80.089996
********************************************************************************
Round 829
ROUND_ACCURACY method=FedPhoenixRG-RGE round=830 accuracy=69.650002
********************************************************************************
Round 830
ROUND_ACCURACY method=FedPhoenixRG-RGE round=831 accuracy=75.110001
********************************************************************************
Round 831
ROUND_ACCURACY method=FedPhoenixRG-RGE round=832 accuracy=80.660004
********************************************************************************
Round 832
ROUND_ACCURACY method=FedPhoenixRG-RGE round=833 accuracy=77.110001
********************************************************************************
Round 833
ROUND_ACCURACY method=FedPhoenixRG-RGE round=834 accuracy=80.139999
********************************************************************************
Round 834
ROUND_ACCURACY method=FedPhoenixRG-RGE round=835 accuracy=75.760002
********************************************************************************
Round 835
ROUND_ACCURACY method=FedPhoenixRG-RGE round=836 accuracy=80.610001
********************************************************************************
Round 836
ROUND_ACCURACY method=FedPhoenixRG-RGE round=837 accuracy=82.000000
********************************************************************************
Round 837
ROUND_ACCURACY method=FedPhoenixRG-RGE round=838 accuracy=81.459999
********************************************************************************
Round 838
ROUND_ACCURACY method=FedPhoenixRG-RGE round=839 accuracy=80.199997
********************************************************************************
Round 839
RG_SCORE round=840 layer=features.0 mean_q=0.066464 max_q=0.203244 fraction_q_positive=0.859375 sampling_entropy=3.981528 uniform_entropy=4.158883 entropy_gap=0.177355 max_probability_over_uniform=2.543481 min_probability_over_uniform=0.250000
RG_SCORE round=840 layer=features.3 mean_q=0.046054 max_q=0.095379 fraction_q_positive=1.000000 sampling_entropy=4.115527 uniform_entropy=4.158883 entropy_gap=0.043356 max_probability_over_uniform=1.803270 min_probability_over_uniform=0.354445
RG_SCORE round=840 layer=features.7 mean_q=0.050883 max_q=0.098181 fraction_q_positive=1.000000 sampling_entropy=4.827274 uniform_entropy=4.852030 entropy_gap=0.024757 max_probability_over_uniform=1.697161 min_probability_over_uniform=0.468864
RG_SCORE round=840 layer=features.10 mean_q=0.050170 max_q=0.073059 fraction_q_positive=1.000000 sampling_entropy=4.842456 uniform_entropy=4.852030 entropy_gap=0.009574 max_probability_over_uniform=1.342176 min_probability_over_uniform=0.652707
RG_SCORE round=840 layer=features.14 mean_q=0.054944 max_q=0.097697 fraction_q_positive=1.000000 sampling_entropy=5.530523 uniform_entropy=5.545177 entropy_gap=0.014654 max_probability_over_uniform=1.583592 min_probability_over_uniform=0.613706
RG_SCORE round=840 layer=features.17 mean_q=0.055065 max_q=0.114010 fraction_q_positive=1.000000 sampling_entropy=5.529269 uniform_entropy=5.545177 entropy_gap=0.015909 max_probability_over_uniform=1.802831 min_probability_over_uniform=0.549417
RG_SCORE round=840 layer=features.20 mean_q=0.047244 max_q=0.075492 fraction_q_positive=1.000000 sampling_entropy=5.533446 uniform_entropy=5.545177 entropy_gap=0.011731 max_probability_over_uniform=1.448448 min_probability_over_uniform=0.616301
RG_SCORE round=840 layer=features.24 mean_q=0.072516 max_q=0.167339 fraction_q_positive=1.000000 sampling_entropy=6.208727 uniform_entropy=6.238325 entropy_gap=0.029598 max_probability_over_uniform=1.980717 min_probability_over_uniform=0.362659
RG_SCORE round=840 layer=features.27 mean_q=0.093626 max_q=0.154120 fraction_q_positive=1.000000 sampling_entropy=6.217356 uniform_entropy=6.238325 entropy_gap=0.020969 max_probability_over_uniform=1.484598 min_probability_over_uniform=0.456651
RG_SCORE round=840 layer=features.30 mean_q=0.069821 max_q=0.125710 fraction_q_positive=1.000000 sampling_entropy=6.213841 uniform_entropy=6.238325 entropy_gap=0.024484 max_probability_over_uniform=1.600339 min_probability_over_uniform=0.406005
RG_SCORE round=840 layer=features.34 mean_q=0.187722 max_q=0.350702 fraction_q_positive=1.000000 sampling_entropy=6.200426 uniform_entropy=6.238325 entropy_gap=0.037899 max_probability_over_uniform=1.651146 min_probability_over_uniform=0.259655
RG_SCORE round=840 layer=features.37 mean_q=0.189717 max_q=0.375394 fraction_q_positive=1.000000 sampling_entropy=6.201540 uniform_entropy=6.238325 entropy_gap=0.036785 max_probability_over_uniform=1.734032 min_probability_over_uniform=0.269799
RG_SCORE round=840 layer=features.40 mean_q=0.131853 max_q=0.307511 fraction_q_positive=0.994141 sampling_entropy=6.186925 uniform_entropy=6.238325 entropy_gap=0.051400 max_probability_over_uniform=1.999177 min_probability_over_uniform=0.250000
ROUND_ACCURACY method=FedPhoenixRG-RGE round=840 accuracy=69.529999
********************************************************************************
Round 840
ROUND_ACCURACY method=FedPhoenixRG-RGE round=841 accuracy=78.139999
********************************************************************************
Round 841
ROUND_ACCURACY method=FedPhoenixRG-RGE round=842 accuracy=80.169998
********************************************************************************
Round 842
ROUND_ACCURACY method=FedPhoenixRG-RGE round=843 accuracy=80.400002
********************************************************************************
Round 843
ROUND_ACCURACY method=FedPhoenixRG-RGE round=844 accuracy=79.930000
********************************************************************************
Round 844
ROUND_ACCURACY method=FedPhoenixRG-RGE round=845 accuracy=76.279999
********************************************************************************
Round 845
ROUND_ACCURACY method=FedPhoenixRG-RGE round=846 accuracy=71.199997
********************************************************************************
Round 846
ROUND_ACCURACY method=FedPhoenixRG-RGE round=847 accuracy=69.000000
********************************************************************************
Round 847
RGE_GATE round=848 layer=features.34 retention=0.752250 triggered=1 extended_rounds=20
ROUND_ACCURACY method=FedPhoenixRG-RGE round=848 accuracy=78.930000
********************************************************************************
Round 848
ROUND_ACCURACY method=FedPhoenixRG-RGE round=849 accuracy=80.709999
********************************************************************************
Round 849
ROUND_ACCURACY method=FedPhoenixRG-RGE round=850 accuracy=75.470001
********************************************************************************
Round 850
ROUND_ACCURACY method=FedPhoenixRG-RGE round=851 accuracy=76.889999
********************************************************************************
Round 851
ROUND_ACCURACY method=FedPhoenixRG-RGE round=852 accuracy=80.510002
********************************************************************************
Round 852
ROUND_ACCURACY method=FedPhoenixRG-RGE round=853 accuracy=69.809998
********************************************************************************
Round 853
ROUND_ACCURACY method=FedPhoenixRG-RGE round=854 accuracy=68.169998
********************************************************************************
Round 854
ROUND_ACCURACY method=FedPhoenixRG-RGE round=855 accuracy=65.809998
********************************************************************************
Round 855
ROUND_ACCURACY method=FedPhoenixRG-RGE round=856 accuracy=73.059998
********************************************************************************
Round 856
ROUND_ACCURACY method=FedPhoenixRG-RGE round=857 accuracy=76.550003
********************************************************************************
Round 857
ROUND_ACCURACY method=FedPhoenixRG-RGE round=858 accuracy=79.790001
********************************************************************************
Round 858
ROUND_ACCURACY method=FedPhoenixRG-RGE round=859 accuracy=78.750000
********************************************************************************
Round 859
RG_SCORE round=860 layer=features.0 mean_q=0.042240 max_q=0.176200 fraction_q_positive=0.609375 sampling_entropy=3.777050 uniform_entropy=4.158883 entropy_gap=0.381833 max_probability_over_uniform=3.378553 min_probability_over_uniform=0.250000
RG_SCORE round=860 layer=features.3 mean_q=0.037309 max_q=0.105425 fraction_q_positive=0.812500 sampling_entropy=3.983306 uniform_entropy=4.158883 entropy_gap=0.175577 max_probability_over_uniform=2.369300 min_probability_over_uniform=0.250000
RG_SCORE round=860 layer=features.7 mean_q=0.040783 max_q=0.121960 fraction_q_positive=0.960938 sampling_entropy=4.761266 uniform_entropy=4.852030 entropy_gap=0.090765 max_probability_over_uniform=2.492853 min_probability_over_uniform=0.250000
RG_SCORE round=860 layer=features.10 mean_q=0.033034 max_q=0.067801 fraction_q_positive=0.992188 sampling_entropy=4.795546 uniform_entropy=4.852030 entropy_gap=0.056485 max_probability_over_uniform=1.789329 min_probability_over_uniform=0.250000
RG_SCORE round=860 layer=features.14 mean_q=0.036625 max_q=0.097528 fraction_q_positive=0.992188 sampling_entropy=5.489801 uniform_entropy=5.545177 entropy_gap=0.055376 max_probability_over_uniform=2.247142 min_probability_over_uniform=0.250000
RG_SCORE round=860 layer=features.17 mean_q=0.036537 max_q=0.085347 fraction_q_positive=0.992188 sampling_entropy=5.508079 uniform_entropy=5.545177 entropy_gap=0.037098 max_probability_over_uniform=2.001939 min_probability_over_uniform=0.250000
RG_SCORE round=860 layer=features.20 mean_q=0.028489 max_q=0.058086 fraction_q_positive=0.996094 sampling_entropy=5.511449 uniform_entropy=5.545177 entropy_gap=0.033729 max_probability_over_uniform=1.779150 min_probability_over_uniform=0.250000
RG_SCORE round=860 layer=features.24 mean_q=0.053404 max_q=0.133102 fraction_q_positive=0.986328 sampling_entropy=6.180828 uniform_entropy=6.238325 entropy_gap=0.057497 max_probability_over_uniform=2.119264 min_probability_over_uniform=0.250000
RG_SCORE round=860 layer=features.27 mean_q=0.078850 max_q=0.176182 fraction_q_positive=1.000000 sampling_entropy=6.201359 uniform_entropy=6.238325 entropy_gap=0.036965 max_probability_over_uniform=1.925786 min_probability_over_uniform=0.315486
RG_SCORE round=860 layer=features.30 mean_q=0.052437 max_q=0.144574 fraction_q_positive=0.996094 sampling_entropy=6.196373 uniform_entropy=6.238325 entropy_gap=0.041952 max_probability_over_uniform=2.317810 min_probability_over_uniform=0.250000
RG_SCORE round=860 layer=features.34 mean_q=0.135620 max_q=0.294949 fraction_q_positive=0.964844 sampling_entropy=6.157101 uniform_entropy=6.238325 entropy_gap=0.081224 max_probability_over_uniform=1.881111 min_probability_over_uniform=0.250000
RG_SCORE round=860 layer=features.37 mean_q=0.103934 max_q=0.261760 fraction_q_positive=0.970703 sampling_entropy=6.152162 uniform_entropy=6.238325 entropy_gap=0.086163 max_probability_over_uniform=2.138894 min_probability_over_uniform=0.250000
RG_SCORE round=860 layer=features.40 mean_q=0.071531 max_q=0.215221 fraction_q_positive=0.914062 sampling_entropy=6.102634 uniform_entropy=6.238325 entropy_gap=0.135691 max_probability_over_uniform=2.506600 min_probability_over_uniform=0.250000
ROUND_ACCURACY method=FedPhoenixRG-RGE round=860 accuracy=74.709999
********************************************************************************
Round 860
ROUND_ACCURACY method=FedPhoenixRG-RGE round=861 accuracy=75.680000
********************************************************************************
Round 861
ROUND_ACCURACY method=FedPhoenixRG-RGE round=862 accuracy=73.370003
********************************************************************************
Round 862
ROUND_ACCURACY method=FedPhoenixRG-RGE round=863 accuracy=70.750000
********************************************************************************
Round 863
ROUND_ACCURACY method=FedPhoenixRG-RGE round=864 accuracy=73.779999
********************************************************************************
Round 864
ROUND_ACCURACY method=FedPhoenixRG-RGE round=865 accuracy=79.339996
********************************************************************************
Round 865
ROUND_ACCURACY method=FedPhoenixRG-RGE round=866 accuracy=73.910004
********************************************************************************
Round 866
ROUND_ACCURACY method=FedPhoenixRG-RGE round=867 accuracy=79.589996
********************************************************************************
Round 867
ROUND_ACCURACY method=FedPhoenixRG-RGE round=868 accuracy=74.639999
********************************************************************************
Round 868
ROUND_ACCURACY method=FedPhoenixRG-RGE round=869 accuracy=81.559998
********************************************************************************
Round 869
ROUND_ACCURACY method=FedPhoenixRG-RGE round=870 accuracy=80.419998
********************************************************************************
Round 870
ROUND_ACCURACY method=FedPhoenixRG-RGE round=871 accuracy=77.820000
********************************************************************************
Round 871
ROUND_ACCURACY method=FedPhoenixRG-RGE round=872 accuracy=80.459999
********************************************************************************
Round 872
ROUND_ACCURACY method=FedPhoenixRG-RGE round=873 accuracy=80.190002
********************************************************************************
Round 873
ROUND_ACCURACY method=FedPhoenixRG-RGE round=874 accuracy=77.930000
********************************************************************************
Round 874
ROUND_ACCURACY method=FedPhoenixRG-RGE round=875 accuracy=79.750000
********************************************************************************
Round 875
ROUND_ACCURACY method=FedPhoenixRG-RGE round=876 accuracy=81.790001
********************************************************************************
Round 876
ROUND_ACCURACY method=FedPhoenixRG-RGE round=877 accuracy=73.949997
********************************************************************************
Round 877
ROUND_ACCURACY method=FedPhoenixRG-RGE round=878 accuracy=67.699997
********************************************************************************
Round 878
ROUND_ACCURACY method=FedPhoenixRG-RGE round=879 accuracy=64.879997
********************************************************************************
Round 879
RG_SCORE round=880 layer=features.0 mean_q=0.056842 max_q=0.253080 fraction_q_positive=0.703125 sampling_entropy=3.900334 uniform_entropy=4.158883 entropy_gap=0.258549 max_probability_over_uniform=3.589264 min_probability_over_uniform=0.250000
RG_SCORE round=880 layer=features.3 mean_q=0.046236 max_q=0.094915 fraction_q_positive=1.000000 sampling_entropy=4.108473 uniform_entropy=4.158883 entropy_gap=0.050410 max_probability_over_uniform=1.789641 min_probability_over_uniform=0.297069
RG_SCORE round=880 layer=features.7 mean_q=0.056591 max_q=0.104880 fraction_q_positive=1.000000 sampling_entropy=4.823741 uniform_entropy=4.852030 entropy_gap=0.028290 max_probability_over_uniform=1.639975 min_probability_over_uniform=0.416076
RG_SCORE round=880 layer=features.10 mean_q=0.053937 max_q=0.086825 fraction_q_positive=1.000000 sampling_entropy=4.838719 uniform_entropy=4.852030 entropy_gap=0.013311 max_probability_over_uniform=1.457320 min_probability_over_uniform=0.582934
RG_SCORE round=880 layer=features.14 mean_q=0.062994 max_q=0.128632 fraction_q_positive=1.000000 sampling_entropy=5.528507 uniform_entropy=5.545177 entropy_gap=0.016670 max_probability_over_uniform=1.781471 min_probability_over_uniform=0.657383
RG_SCORE round=880 layer=features.17 mean_q=0.061084 max_q=0.119490 fraction_q_positive=1.000000 sampling_entropy=5.530040 uniform_entropy=5.545177 entropy_gap=0.015138 max_probability_over_uniform=1.717109 min_probability_over_uniform=0.608443
RG_SCORE round=880 layer=features.20 mean_q=0.053582 max_q=0.104114 fraction_q_positive=1.000000 sampling_entropy=5.534588 uniform_entropy=5.545177 entropy_gap=0.010589 max_probability_over_uniform=1.707301 min_probability_over_uniform=0.713937
RG_SCORE round=880 layer=features.24 mean_q=0.098250 max_q=0.197291 fraction_q_positive=1.000000 sampling_entropy=6.222556 uniform_entropy=6.238325 entropy_gap=0.015769 max_probability_over_uniform=1.756039 min_probability_over_uniform=0.612415
RG_SCORE round=880 layer=features.27 mean_q=0.144154 max_q=0.209563 fraction_q_positive=1.000000 sampling_entropy=6.231395 uniform_entropy=6.238325 entropy_gap=0.006929 max_probability_over_uniform=1.340306 min_probability_over_uniform=0.622586
RG_SCORE round=880 layer=features.30 mean_q=0.107860 max_q=0.172320 fraction_q_positive=1.000000 sampling_entropy=6.229933 uniform_entropy=6.238325 entropy_gap=0.008392 max_probability_over_uniform=1.448216 min_probability_over_uniform=0.653639
RG_SCORE round=880 layer=features.34 mean_q=0.267305 max_q=0.380642 fraction_q_positive=1.000000 sampling_entropy=6.230753 uniform_entropy=6.238325 entropy_gap=0.007572 max_probability_over_uniform=1.318000 min_probability_over_uniform=0.569662
RG_SCORE round=880 layer=features.37 mean_q=0.241297 max_q=0.364967 fraction_q_positive=1.000000 sampling_entropy=6.229604 uniform_entropy=6.238325 entropy_gap=0.008720 max_probability_over_uniform=1.384390 min_probability_over_uniform=0.429112
RG_SCORE round=880 layer=features.40 mean_q=0.174912 max_q=0.345208 fraction_q_positive=1.000000 sampling_entropy=6.205009 uniform_entropy=6.238325 entropy_gap=0.033315 max_probability_over_uniform=1.730208 min_probability_over_uniform=0.250405
ROUND_ACCURACY method=FedPhoenixRG-RGE round=880 accuracy=78.820000
********************************************************************************
Round 880
ROUND_ACCURACY method=FedPhoenixRG-RGE round=881 accuracy=78.070000
********************************************************************************
Round 881
ROUND_ACCURACY method=FedPhoenixRG-RGE round=882 accuracy=77.050003
********************************************************************************
Round 882
ROUND_ACCURACY method=FedPhoenixRG-RGE round=883 accuracy=70.239998
********************************************************************************
Round 883
ROUND_ACCURACY method=FedPhoenixRG-RGE round=884 accuracy=79.610001
********************************************************************************
Round 884
ROUND_ACCURACY method=FedPhoenixRG-RGE round=885 accuracy=77.279999
********************************************************************************
Round 885
ROUND_ACCURACY method=FedPhoenixRG-RGE round=886 accuracy=78.339996
********************************************************************************
Round 886
ROUND_ACCURACY method=FedPhoenixRG-RGE round=887 accuracy=69.099998
********************************************************************************
Round 887
ROUND_ACCURACY method=FedPhoenixRG-RGE round=888 accuracy=80.529999
********************************************************************************
Round 888
ROUND_ACCURACY method=FedPhoenixRG-RGE round=889 accuracy=82.070000
********************************************************************************
Round 889
ROUND_ACCURACY method=FedPhoenixRG-RGE round=890 accuracy=81.110001
********************************************************************************
Round 890
ROUND_ACCURACY method=FedPhoenixRG-RGE round=891 accuracy=81.529999
********************************************************************************
Round 891
ROUND_ACCURACY method=FedPhoenixRG-RGE round=892 accuracy=76.959999
********************************************************************************
Round 892
ROUND_ACCURACY method=FedPhoenixRG-RGE round=893 accuracy=80.790001
********************************************************************************
Round 893
ROUND_ACCURACY method=FedPhoenixRG-RGE round=894 accuracy=81.379997
********************************************************************************
Round 894
ROUND_ACCURACY method=FedPhoenixRG-RGE round=895 accuracy=79.559998
********************************************************************************
Round 895
ROUND_ACCURACY method=FedPhoenixRG-RGE round=896 accuracy=72.650002
********************************************************************************
Round 896
ROUND_ACCURACY method=FedPhoenixRG-RGE round=897 accuracy=76.430000
********************************************************************************
Round 897
ROUND_ACCURACY method=FedPhoenixRG-RGE round=898 accuracy=64.769997
********************************************************************************
Round 898
ROUND_ACCURACY method=FedPhoenixRG-RGE round=899 accuracy=79.480003
********************************************************************************
Round 899
RG_SCORE round=900 layer=features.0 mean_q=0.082895 max_q=0.371158 fraction_q_positive=0.593750 sampling_entropy=3.775260 uniform_entropy=4.158883 entropy_gap=0.383623 max_probability_over_uniform=3.608084 min_probability_over_uniform=0.250000
RG_SCORE round=900 layer=features.3 mean_q=0.048379 max_q=0.205058 fraction_q_positive=0.812500 sampling_entropy=3.910742 uniform_entropy=4.158883 entropy_gap=0.248142 max_probability_over_uniform=3.428906 min_probability_over_uniform=0.250000
RG_SCORE round=900 layer=features.7 mean_q=0.032179 max_q=0.170376 fraction_q_positive=0.710938 sampling_entropy=4.550855 uniform_entropy=4.852030 entropy_gap=0.301175 max_probability_over_uniform=4.220935 min_probability_over_uniform=0.250000
RG_SCORE round=900 layer=features.10 mean_q=0.021107 max_q=0.085428 fraction_q_positive=0.718750 sampling_entropy=4.577840 uniform_entropy=4.852030 entropy_gap=0.274190 max_probability_over_uniform=3.285499 min_probability_over_uniform=0.250000
RG_SCORE round=900 layer=features.14 mean_q=0.026904 max_q=0.133766 fraction_q_positive=0.800781 sampling_entropy=5.327229 uniform_entropy=5.545177 entropy_gap=0.217949 max_probability_over_uniform=3.978932 min_probability_over_uniform=0.250000
RG_SCORE round=900 layer=features.17 mean_q=0.026786 max_q=0.097918 fraction_q_positive=0.859375 sampling_entropy=5.389096 uniform_entropy=5.545177 entropy_gap=0.156082 max_probability_over_uniform=2.991722 min_probability_over_uniform=0.250000
RG_SCORE round=900 layer=features.20 mean_q=0.026049 max_q=0.083589 fraction_q_positive=0.863281 sampling_entropy=5.385943 uniform_entropy=5.545177 entropy_gap=0.159234 max_probability_over_uniform=2.656690 min_probability_over_uniform=0.250000
RG_SCORE round=900 layer=features.24 mean_q=0.049376 max_q=0.200321 fraction_q_positive=0.910156 sampling_entropy=6.106174 uniform_entropy=6.238325 entropy_gap=0.132151 max_probability_over_uniform=3.292772 min_probability_over_uniform=0.250000
RG_SCORE round=900 layer=features.27 mean_q=0.061878 max_q=0.187404 fraction_q_positive=0.900391 sampling_entropy=6.110629 uniform_entropy=6.238325 entropy_gap=0.127696 max_probability_over_uniform=2.521436 min_probability_over_uniform=0.250000
RG_SCORE round=900 layer=features.30 mean_q=0.037516 max_q=0.158006 fraction_q_positive=0.771484 sampling_entropy=6.012322 uniform_entropy=6.238325 entropy_gap=0.226003 max_probability_over_uniform=3.408732 min_probability_over_uniform=0.250000
RG_SCORE round=900 layer=features.34 mean_q=0.129404 max_q=0.465434 fraction_q_positive=0.875000 sampling_entropy=6.086170 uniform_entropy=6.238325 entropy_gap=0.152155 max_probability_over_uniform=2.947572 min_probability_over_uniform=0.250000
RG_SCORE round=900 layer=features.37 mean_q=0.134002 max_q=0.387036 fraction_q_positive=0.833984 sampling_entropy=6.077334 uniform_entropy=6.238325 entropy_gap=0.160990 max_probability_over_uniform=2.416222 min_probability_over_uniform=0.250000
RG_SCORE round=900 layer=features.40 mean_q=0.091891 max_q=0.330764 fraction_q_positive=0.816406 sampling_entropy=6.036566 uniform_entropy=6.238325 entropy_gap=0.201759 max_probability_over_uniform=2.949643 min_probability_over_uniform=0.250000
ROUND_ACCURACY method=FedPhoenixRG-RGE round=900 accuracy=77.459999
********************************************************************************
Round 900
ROUND_ACCURACY method=FedPhoenixRG-RGE round=901 accuracy=79.639999
********************************************************************************
Round 901
ROUND_ACCURACY method=FedPhoenixRG-RGE round=902 accuracy=81.500000
********************************************************************************
Round 902
ROUND_ACCURACY method=FedPhoenixRG-RGE round=903 accuracy=81.279999
********************************************************************************
Round 903
ROUND_ACCURACY method=FedPhoenixRG-RGE round=904 accuracy=81.709999
********************************************************************************
Round 904
ROUND_ACCURACY method=FedPhoenixRG-RGE round=905 accuracy=82.220001
********************************************************************************
Round 905
ROUND_ACCURACY method=FedPhoenixRG-RGE round=906 accuracy=81.320000
********************************************************************************
Round 906
ROUND_ACCURACY method=FedPhoenixRG-RGE round=907 accuracy=80.650002
********************************************************************************
Round 907
ROUND_ACCURACY method=FedPhoenixRG-RGE round=908 accuracy=81.860001
********************************************************************************
Round 908
ROUND_ACCURACY method=FedPhoenixRG-RGE round=909 accuracy=81.190002
********************************************************************************
Round 909
ROUND_ACCURACY method=FedPhoenixRG-RGE round=910 accuracy=78.519997
********************************************************************************
Round 910
ROUND_ACCURACY method=FedPhoenixRG-RGE round=911 accuracy=78.870003
********************************************************************************
Round 911
ROUND_ACCURACY method=FedPhoenixRG-RGE round=912 accuracy=79.940002
********************************************************************************
Round 912
ROUND_ACCURACY method=FedPhoenixRG-RGE round=913 accuracy=70.889999
********************************************************************************
Round 913
ROUND_ACCURACY method=FedPhoenixRG-RGE round=914 accuracy=71.410004
********************************************************************************
Round 914
ROUND_ACCURACY method=FedPhoenixRG-RGE round=915 accuracy=78.550003
********************************************************************************
Round 915
ROUND_ACCURACY method=FedPhoenixRG-RGE round=916 accuracy=80.510002
********************************************************************************
Round 916
ROUND_ACCURACY method=FedPhoenixRG-RGE round=917 accuracy=81.540001
********************************************************************************
Round 917
ROUND_ACCURACY method=FedPhoenixRG-RGE round=918 accuracy=81.239998
********************************************************************************
Round 918
ROUND_ACCURACY method=FedPhoenixRG-RGE round=919 accuracy=81.510002
********************************************************************************
Round 919
RG_SCORE round=920 layer=features.0 mean_q=0.048904 max_q=0.227898 fraction_q_positive=0.656250 sampling_entropy=3.777410 uniform_entropy=4.158883 entropy_gap=0.381473 max_probability_over_uniform=3.745068 min_probability_over_uniform=0.250000
RG_SCORE round=920 layer=features.3 mean_q=0.056407 max_q=0.132459 fraction_q_positive=1.000000 sampling_entropy=4.103765 uniform_entropy=4.158883 entropy_gap=0.055118 max_probability_over_uniform=2.011185 min_probability_over_uniform=0.261838
RG_SCORE round=920 layer=features.7 mean_q=0.051572 max_q=0.114599 fraction_q_positive=0.992188 sampling_entropy=4.806934 uniform_entropy=4.852030 entropy_gap=0.045097 max_probability_over_uniform=1.916594 min_probability_over_uniform=0.250000
RG_SCORE round=920 layer=features.10 mean_q=0.043206 max_q=0.100422 fraction_q_positive=1.000000 sampling_entropy=4.829007 uniform_entropy=4.852030 entropy_gap=0.023023 max_probability_over_uniform=1.993181 min_probability_over_uniform=0.507100
RG_SCORE round=920 layer=features.14 mean_q=0.048888 max_q=0.119367 fraction_q_positive=1.000000 sampling_entropy=5.513483 uniform_entropy=5.545177 entropy_gap=0.031694 max_probability_over_uniform=2.081229 min_probability_over_uniform=0.563022
RG_SCORE round=920 layer=features.17 mean_q=0.046803 max_q=0.132948 fraction_q_positive=1.000000 sampling_entropy=5.519499 uniform_entropy=5.545177 entropy_gap=0.025678 max_probability_over_uniform=2.380426 min_probability_over_uniform=0.532703
RG_SCORE round=920 layer=features.20 mean_q=0.040187 max_q=0.069014 fraction_q_positive=1.000000 sampling_entropy=5.527981 uniform_entropy=5.545177 entropy_gap=0.017197 max_probability_over_uniform=1.538001 min_probability_over_uniform=0.423175
RG_SCORE round=920 layer=features.24 mean_q=0.082258 max_q=0.166537 fraction_q_positive=1.000000 sampling_entropy=6.218830 uniform_entropy=6.238325 entropy_gap=0.019494 max_probability_over_uniform=1.768435 min_probability_over_uniform=0.531222
RG_SCORE round=920 layer=features.27 mean_q=0.132820 max_q=0.218553 fraction_q_positive=1.000000 sampling_entropy=6.232335 uniform_entropy=6.238325 entropy_gap=0.005989 max_probability_over_uniform=1.484108 min_probability_over_uniform=0.693477
RG_SCORE round=920 layer=features.30 mean_q=0.098713 max_q=0.160443 fraction_q_positive=1.000000 sampling_entropy=6.229931 uniform_entropy=6.238325 entropy_gap=0.008394 max_probability_over_uniform=1.469012 min_probability_over_uniform=0.640678
RG_SCORE round=920 layer=features.34 mean_q=0.275770 max_q=0.398646 fraction_q_positive=1.000000 sampling_entropy=6.230889 uniform_entropy=6.238325 entropy_gap=0.007436 max_probability_over_uniform=1.334180 min_probability_over_uniform=0.482723
RG_SCORE round=920 layer=features.37 mean_q=0.271656 max_q=0.428049 fraction_q_positive=1.000000 sampling_entropy=6.229392 uniform_entropy=6.238325 entropy_gap=0.008932 max_probability_over_uniform=1.431779 min_probability_over_uniform=0.576166
RG_SCORE round=920 layer=features.40 mean_q=0.193811 max_q=0.329212 fraction_q_positive=1.000000 sampling_entropy=6.215109 uniform_entropy=6.238325 entropy_gap=0.023216 max_probability_over_uniform=1.523971 min_probability_over_uniform=0.430047
ROUND_ACCURACY method=FedPhoenixRG-RGE round=920 accuracy=66.430000
********************************************************************************
Round 920
ROUND_ACCURACY method=FedPhoenixRG-RGE round=921 accuracy=80.589996
********************************************************************************
Round 921
ROUND_ACCURACY method=FedPhoenixRG-RGE round=922 accuracy=81.580002
********************************************************************************
Round 922
ROUND_ACCURACY method=FedPhoenixRG-RGE round=923 accuracy=81.379997
********************************************************************************
Round 923
ROUND_ACCURACY method=FedPhoenixRG-RGE round=924 accuracy=71.309998
********************************************************************************
Round 924
RGE_GATE round=925 layer=features.37 retention=1.158706 triggered=1 extended_rounds=20
ROUND_ACCURACY method=FedPhoenixRG-RGE round=925 accuracy=80.809998
********************************************************************************
Round 925
ROUND_ACCURACY method=FedPhoenixRG-RGE round=926 accuracy=73.709999
********************************************************************************
Round 926
ROUND_ACCURACY method=FedPhoenixRG-RGE round=927 accuracy=81.180000
********************************************************************************
Round 927
ROUND_ACCURACY method=FedPhoenixRG-RGE round=928 accuracy=81.790001
********************************************************************************
Round 928
ROUND_ACCURACY method=FedPhoenixRG-RGE round=929 accuracy=82.040001
********************************************************************************
Round 929
ROUND_ACCURACY method=FedPhoenixRG-RGE round=930 accuracy=82.349998
********************************************************************************
Round 930
ROUND_ACCURACY method=FedPhoenixRG-RGE round=931 accuracy=81.940002
********************************************************************************
Round 931
ROUND_ACCURACY method=FedPhoenixRG-RGE round=932 accuracy=82.029999
********************************************************************************
Round 932
ROUND_ACCURACY method=FedPhoenixRG-RGE round=933 accuracy=81.849998
********************************************************************************
Round 933
ROUND_ACCURACY method=FedPhoenixRG-RGE round=934 accuracy=82.769997
********************************************************************************
Round 934
ROUND_ACCURACY method=FedPhoenixRG-RGE round=935 accuracy=80.940002
********************************************************************************
Round 935
ROUND_ACCURACY method=FedPhoenixRG-RGE round=936 accuracy=81.660004
********************************************************************************
Round 936
ROUND_ACCURACY method=FedPhoenixRG-RGE round=937 accuracy=81.190002
********************************************************************************
Round 937
ROUND_ACCURACY method=FedPhoenixRG-RGE round=938 accuracy=82.169998
********************************************************************************
Round 938
ROUND_ACCURACY method=FedPhoenixRG-RGE round=939 accuracy=80.760002
********************************************************************************
Round 939
RG_SCORE round=940 layer=features.0 mean_q=0.044241 max_q=0.165487 fraction_q_positive=0.765625 sampling_entropy=3.867359 uniform_entropy=4.158883 entropy_gap=0.291524 max_probability_over_uniform=3.055432 min_probability_over_uniform=0.250000
RG_SCORE round=940 layer=features.3 mean_q=0.041555 max_q=0.098289 fraction_q_positive=0.984375 sampling_entropy=4.092520 uniform_entropy=4.158883 entropy_gap=0.066363 max_probability_over_uniform=2.023970 min_probability_over_uniform=0.250000
RG_SCORE round=940 layer=features.7 mean_q=0.042995 max_q=0.108867 fraction_q_positive=0.984375 sampling_entropy=4.793857 uniform_entropy=4.852030 entropy_gap=0.058174 max_probability_over_uniform=2.149049 min_probability_over_uniform=0.250000
RG_SCORE round=940 layer=features.10 mean_q=0.042127 max_q=0.087133 fraction_q_positive=1.000000 sampling_entropy=4.831192 uniform_entropy=4.852030 entropy_gap=0.020839 max_probability_over_uniform=1.801254 min_probability_over_uniform=0.318065
RG_SCORE round=940 layer=features.14 mean_q=0.048907 max_q=0.110922 fraction_q_positive=1.000000 sampling_entropy=5.524148 uniform_entropy=5.545177 entropy_gap=0.021030 max_probability_over_uniform=1.950999 min_probability_over_uniform=0.575745
RG_SCORE round=940 layer=features.17 mean_q=0.047030 max_q=0.109436 fraction_q_positive=1.000000 sampling_entropy=5.524327 uniform_entropy=5.545177 entropy_gap=0.020850 max_probability_over_uniform=1.995201 min_probability_over_uniform=0.603316
RG_SCORE round=940 layer=features.20 mean_q=0.041822 max_q=0.076395 fraction_q_positive=1.000000 sampling_entropy=5.531410 uniform_entropy=5.545177 entropy_gap=0.013767 max_probability_over_uniform=1.620010 min_probability_over_uniform=0.585257
RG_SCORE round=940 layer=features.24 mean_q=0.072241 max_q=0.132960 fraction_q_positive=1.000000 sampling_entropy=6.221966 uniform_entropy=6.238325 entropy_gap=0.016359 max_probability_over_uniform=1.630371 min_probability_over_uniform=0.550931
RG_SCORE round=940 layer=features.27 mean_q=0.108774 max_q=0.177233 fraction_q_positive=1.000000 sampling_entropy=6.229525 uniform_entropy=6.238325 entropy_gap=0.008800 max_probability_over_uniform=1.472027 min_probability_over_uniform=0.543499
RG_SCORE round=940 layer=features.30 mean_q=0.075298 max_q=0.112163 fraction_q_positive=1.000000 sampling_entropy=6.227013 uniform_entropy=6.238325 entropy_gap=0.011311 max_probability_over_uniform=1.367192 min_probability_over_uniform=0.574765
RG_SCORE round=940 layer=features.34 mean_q=0.207113 max_q=0.332679 fraction_q_positive=1.000000 sampling_entropy=6.224054 uniform_entropy=6.238325 entropy_gap=0.014271 max_probability_over_uniform=1.454703 min_probability_over_uniform=0.324238
RG_SCORE round=940 layer=features.37 mean_q=0.205334 max_q=0.363178 fraction_q_positive=1.000000 sampling_entropy=6.219027 uniform_entropy=6.238325 entropy_gap=0.019297 max_probability_over_uniform=1.576541 min_probability_over_uniform=0.332691
RG_SCORE round=940 layer=features.40 mean_q=0.111295 max_q=0.323036 fraction_q_positive=0.982422 sampling_entropy=6.148516 uniform_entropy=6.238325 entropy_gap=0.089809 max_probability_over_uniform=2.426893 min_probability_over_uniform=0.250000
ROUND_ACCURACY method=FedPhoenixRG-RGE round=940 accuracy=76.339996
********************************************************************************
Round 940
ROUND_ACCURACY method=FedPhoenixRG-RGE round=941 accuracy=81.989998
********************************************************************************
Round 941
ROUND_ACCURACY method=FedPhoenixRG-RGE round=942 accuracy=79.959999
********************************************************************************
Round 942
ROUND_ACCURACY method=FedPhoenixRG-RGE round=943 accuracy=70.400002
********************************************************************************
Round 943
ROUND_ACCURACY method=FedPhoenixRG-RGE round=944 accuracy=79.800003
********************************************************************************
Round 944
ROUND_ACCURACY method=FedPhoenixRG-RGE round=945 accuracy=81.879997
********************************************************************************
Round 945
ROUND_ACCURACY method=FedPhoenixRG-RGE round=946 accuracy=68.440002
********************************************************************************
Round 946
ROUND_ACCURACY method=FedPhoenixRG-RGE round=947 accuracy=69.800003
********************************************************************************
Round 947
ROUND_ACCURACY method=FedPhoenixRG-RGE round=948 accuracy=80.489998
********************************************************************************
Round 948
ROUND_ACCURACY method=FedPhoenixRG-RGE round=949 accuracy=79.750000
********************************************************************************
Round 949
ROUND_ACCURACY method=FedPhoenixRG-RGE round=950 accuracy=80.180000
********************************************************************************
Round 950
ROUND_ACCURACY method=FedPhoenixRG-RGE round=951 accuracy=80.449997
********************************************************************************
Round 951
ROUND_ACCURACY method=FedPhoenixRG-RGE round=952 accuracy=80.800003
********************************************************************************
Round 952
ROUND_ACCURACY method=FedPhoenixRG-RGE round=953 accuracy=80.760002
********************************************************************************
Round 953
ROUND_ACCURACY method=FedPhoenixRG-RGE round=954 accuracy=77.260002
********************************************************************************
Round 954
ROUND_ACCURACY method=FedPhoenixRG-RGE round=955 accuracy=72.769997
********************************************************************************
Round 955
ROUND_ACCURACY method=FedPhoenixRG-RGE round=956 accuracy=81.209999
********************************************************************************
Round 956
ROUND_ACCURACY method=FedPhoenixRG-RGE round=957 accuracy=72.760002
********************************************************************************
Round 957
ROUND_ACCURACY method=FedPhoenixRG-RGE round=958 accuracy=81.279999
********************************************************************************
Round 958
ROUND_ACCURACY method=FedPhoenixRG-RGE round=959 accuracy=79.230003
********************************************************************************
Round 959
RG_SCORE round=960 layer=features.0 mean_q=0.034616 max_q=0.188538 fraction_q_positive=0.609375 sampling_entropy=3.745522 uniform_entropy=4.158883 entropy_gap=0.413361 max_probability_over_uniform=4.334902 min_probability_over_uniform=0.250000
RG_SCORE round=960 layer=features.3 mean_q=0.029926 max_q=0.074759 fraction_q_positive=0.937500 sampling_entropy=4.064919 uniform_entropy=4.158883 entropy_gap=0.093964 max_probability_over_uniform=2.123584 min_probability_over_uniform=0.250000
RG_SCORE round=960 layer=features.7 mean_q=0.032242 max_q=0.082444 fraction_q_positive=0.968750 sampling_entropy=4.777572 uniform_entropy=4.852030 entropy_gap=0.074458 max_probability_over_uniform=2.167771 min_probability_over_uniform=0.250000
RG_SCORE round=960 layer=features.10 mean_q=0.030923 max_q=0.061353 fraction_q_positive=1.000000 sampling_entropy=4.821024 uniform_entropy=4.852030 entropy_gap=0.031006 max_probability_over_uniform=1.738074 min_probability_over_uniform=0.395399
RG_SCORE round=960 layer=features.14 mean_q=0.034595 max_q=0.081502 fraction_q_positive=1.000000 sampling_entropy=5.509346 uniform_entropy=5.545177 entropy_gap=0.035831 max_probability_over_uniform=2.016923 min_probability_over_uniform=0.380713
RG_SCORE round=960 layer=features.17 mean_q=0.034456 max_q=0.095741 fraction_q_positive=1.000000 sampling_entropy=5.502640 uniform_entropy=5.545177 entropy_gap=0.042538 max_probability_over_uniform=2.333956 min_probability_over_uniform=0.444897
RG_SCORE round=960 layer=features.20 mean_q=0.031022 max_q=0.056222 fraction_q_positive=1.000000 sampling_entropy=5.519362 uniform_entropy=5.545177 entropy_gap=0.025816 max_probability_over_uniform=1.609248 min_probability_over_uniform=0.417153
RG_SCORE round=960 layer=features.24 mean_q=0.058421 max_q=0.155398 fraction_q_positive=0.996094 sampling_entropy=6.194527 uniform_entropy=6.238325 entropy_gap=0.043797 max_probability_over_uniform=2.244994 min_probability_over_uniform=0.250000
RG_SCORE round=960 layer=features.27 mean_q=0.091126 max_q=0.162909 fraction_q_positive=1.000000 sampling_entropy=6.208715 uniform_entropy=6.238325 entropy_gap=0.029610 max_probability_over_uniform=1.590800 min_probability_over_uniform=0.348333
RG_SCORE round=960 layer=features.30 mean_q=0.067856 max_q=0.140055 fraction_q_positive=1.000000 sampling_entropy=6.216764 uniform_entropy=6.238325 entropy_gap=0.021561 max_probability_over_uniform=1.797999 min_probability_over_uniform=0.430059
RG_SCORE round=960 layer=features.34 mean_q=0.220294 max_q=0.343700 fraction_q_positive=1.000000 sampling_entropy=6.213543 uniform_entropy=6.238325 entropy_gap=0.024782 max_probability_over_uniform=1.420139 min_probability_over_uniform=0.254790
RG_SCORE round=960 layer=features.37 mean_q=0.238860 max_q=0.389082 fraction_q_positive=1.000000 sampling_entropy=6.223868 uniform_entropy=6.238325 entropy_gap=0.014456 max_probability_over_uniform=1.471684 min_probability_over_uniform=0.278790
RG_SCORE round=960 layer=features.40 mean_q=0.168130 max_q=0.327089 fraction_q_positive=1.000000 sampling_entropy=6.205455 uniform_entropy=6.238325 entropy_gap=0.032869 max_probability_over_uniform=1.709089 min_probability_over_uniform=0.291645
ROUND_ACCURACY method=FedPhoenixRG-RGE round=960 accuracy=74.019997
********************************************************************************
Round 960
ROUND_ACCURACY method=FedPhoenixRG-RGE round=961 accuracy=82.180000
********************************************************************************
Round 961
ROUND_ACCURACY method=FedPhoenixRG-RGE round=962 accuracy=81.220001
********************************************************************************
Round 962
ROUND_ACCURACY method=FedPhoenixRG-RGE round=963 accuracy=80.430000
********************************************************************************
Round 963
ROUND_ACCURACY method=FedPhoenixRG-RGE round=964 accuracy=80.669998
********************************************************************************
Round 964
ROUND_ACCURACY method=FedPhoenixRG-RGE round=965 accuracy=80.760002
********************************************************************************
Round 965
ROUND_ACCURACY method=FedPhoenixRG-RGE round=966 accuracy=81.989998
********************************************************************************
Round 966
ROUND_ACCURACY method=FedPhoenixRG-RGE round=967 accuracy=82.440002
********************************************************************************
Round 967
ROUND_ACCURACY method=FedPhoenixRG-RGE round=968 accuracy=81.220001
********************************************************************************
Round 968
ROUND_ACCURACY method=FedPhoenixRG-RGE round=969 accuracy=82.519997
********************************************************************************
Round 969
ROUND_ACCURACY method=FedPhoenixRG-RGE round=970 accuracy=82.300003
********************************************************************************
Round 970
ROUND_ACCURACY method=FedPhoenixRG-RGE round=971 accuracy=81.970001
********************************************************************************
Round 971
ROUND_ACCURACY method=FedPhoenixRG-RGE round=972 accuracy=82.199997
********************************************************************************
Round 972
ROUND_ACCURACY method=FedPhoenixRG-RGE round=973 accuracy=82.529999
********************************************************************************
Round 973
ROUND_ACCURACY method=FedPhoenixRG-RGE round=974 accuracy=81.889999
********************************************************************************
Round 974
ROUND_ACCURACY method=FedPhoenixRG-RGE round=975 accuracy=66.779999
********************************************************************************
Round 975
ROUND_ACCURACY method=FedPhoenixRG-RGE round=976 accuracy=76.589996
********************************************************************************
Round 976
ROUND_ACCURACY method=FedPhoenixRG-RGE round=977 accuracy=80.660004
********************************************************************************
Round 977
ROUND_ACCURACY method=FedPhoenixRG-RGE round=978 accuracy=78.239998
********************************************************************************
Round 978
ROUND_ACCURACY method=FedPhoenixRG-RGE round=979 accuracy=74.050003
********************************************************************************
Round 979
RG_SCORE round=980 layer=features.0 mean_q=0.095713 max_q=0.540775 fraction_q_positive=0.531250 sampling_entropy=3.670689 uniform_entropy=4.158883 entropy_gap=0.488194 max_probability_over_uniform=4.487472 min_probability_over_uniform=0.250000
RG_SCORE round=980 layer=features.3 mean_q=0.053325 max_q=0.208952 fraction_q_positive=0.593750 sampling_entropy=3.817776 uniform_entropy=4.158883 entropy_gap=0.341107 max_probability_over_uniform=3.188856 min_probability_over_uniform=0.250000
RG_SCORE round=980 layer=features.7 mean_q=0.035074 max_q=0.165907 fraction_q_positive=0.593750 sampling_entropy=4.453918 uniform_entropy=4.852030 entropy_gap=0.398113 max_probability_over_uniform=3.797610 min_probability_over_uniform=0.250000
RG_SCORE round=980 layer=features.10 mean_q=0.020227 max_q=0.134810 fraction_q_positive=0.515625 sampling_entropy=4.413086 uniform_entropy=4.852030 entropy_gap=0.438944 max_probability_over_uniform=5.248681 min_probability_over_uniform=0.250000
RG_SCORE round=980 layer=features.14 mean_q=0.021785 max_q=0.143199 fraction_q_positive=0.539062 sampling_entropy=5.132251 uniform_entropy=5.545177 entropy_gap=0.412926 max_probability_over_uniform=5.179895 min_probability_over_uniform=0.250000
RG_SCORE round=980 layer=features.17 mean_q=0.023565 max_q=0.113534 fraction_q_positive=0.617188 sampling_entropy=5.201043 uniform_entropy=5.545177 entropy_gap=0.344134 max_probability_over_uniform=3.863354 min_probability_over_uniform=0.250000
RG_SCORE round=980 layer=features.20 mean_q=0.016506 max_q=0.124082 fraction_q_positive=0.492188 sampling_entropy=4.998300 uniform_entropy=5.545177 entropy_gap=0.546877 max_probability_over_uniform=5.887873 min_probability_over_uniform=0.250000
RG_SCORE round=980 layer=features.24 mean_q=0.028737 max_q=0.292659 fraction_q_positive=0.531250 sampling_entropy=5.775486 uniform_entropy=6.238325 entropy_gap=0.462838 max_probability_over_uniform=7.888136 min_probability_over_uniform=0.250000
RG_SCORE round=980 layer=features.27 mean_q=0.022919 max_q=0.196066 fraction_q_positive=0.548828 sampling_entropy=5.789777 uniform_entropy=6.238325 entropy_gap=0.448548 max_probability_over_uniform=6.665969 min_probability_over_uniform=0.250000
RG_SCORE round=980 layer=features.30 mean_q=0.020532 max_q=0.160133 fraction_q_positive=0.515625 sampling_entropy=5.732708 uniform_entropy=6.238325 entropy_gap=0.505616 max_probability_over_uniform=6.099527 min_probability_over_uniform=0.250000
RG_SCORE round=980 layer=features.34 mean_q=0.051374 max_q=0.352582 fraction_q_positive=0.468750 sampling_entropy=5.670983 uniform_entropy=6.238325 entropy_gap=0.567341 max_probability_over_uniform=5.397327 min_probability_over_uniform=0.250000
RG_SCORE round=980 layer=features.37 mean_q=0.078989 max_q=0.294477 fraction_q_positive=0.703125 sampling_entropy=5.950713 uniform_entropy=6.238325 entropy_gap=0.287611 max_probability_over_uniform=3.046043 min_probability_over_uniform=0.250000
RG_SCORE round=980 layer=features.40 mean_q=0.052934 max_q=0.504135 fraction_q_positive=0.546875 sampling_entropy=5.781664 uniform_entropy=6.238325 entropy_gap=0.456660 max_probability_over_uniform=7.392875 min_probability_over_uniform=0.250000
ROUND_ACCURACY method=FedPhoenixRG-RGE round=980 accuracy=78.730003
********************************************************************************
Round 980
ROUND_ACCURACY method=FedPhoenixRG-RGE round=981 accuracy=62.939999
********************************************************************************
Round 981
ROUND_ACCURACY method=FedPhoenixRG-RGE round=982 accuracy=77.930000
********************************************************************************
Round 982
ROUND_ACCURACY method=FedPhoenixRG-RGE round=983 accuracy=81.339996
********************************************************************************
Round 983
ROUND_ACCURACY method=FedPhoenixRG-RGE round=984 accuracy=81.209999
********************************************************************************
Round 984
ROUND_ACCURACY method=FedPhoenixRG-RGE round=985 accuracy=81.059998
********************************************************************************
Round 985
ROUND_ACCURACY method=FedPhoenixRG-RGE round=986 accuracy=82.120003
********************************************************************************
Round 986
ROUND_ACCURACY method=FedPhoenixRG-RGE round=987 accuracy=82.150002
********************************************************************************
Round 987
ROUND_ACCURACY method=FedPhoenixRG-RGE round=988 accuracy=81.680000
********************************************************************************
Round 988
ROUND_ACCURACY method=FedPhoenixRG-RGE round=989 accuracy=82.129997
********************************************************************************
Round 989
ROUND_ACCURACY method=FedPhoenixRG-RGE round=990 accuracy=82.339996
********************************************************************************
Round 990
ROUND_ACCURACY method=FedPhoenixRG-RGE round=991 accuracy=82.129997
********************************************************************************
Round 991
ROUND_ACCURACY method=FedPhoenixRG-RGE round=992 accuracy=81.459999
********************************************************************************
Round 992
ROUND_ACCURACY method=FedPhoenixRG-RGE round=993 accuracy=81.680000
********************************************************************************
Round 993
ROUND_ACCURACY method=FedPhoenixRG-RGE round=994 accuracy=82.400002
********************************************************************************
Round 994
ROUND_ACCURACY method=FedPhoenixRG-RGE round=995 accuracy=78.750000
********************************************************************************
Round 995
ROUND_ACCURACY method=FedPhoenixRG-RGE round=996 accuracy=77.730003
********************************************************************************
Round 996
ROUND_ACCURACY method=FedPhoenixRG-RGE round=997 accuracy=82.370003
********************************************************************************
Round 997
ROUND_ACCURACY method=FedPhoenixRG-RGE round=998 accuracy=81.959999
********************************************************************************
Round 998
ROUND_ACCURACY method=FedPhoenixRG-RGE round=999 accuracy=80.779999
********************************************************************************
Round 999
RG_SCORE round=1000 layer=features.0 mean_q=0.031940 max_q=0.153995 fraction_q_positive=0.718750 sampling_entropy=3.848363 uniform_entropy=4.158883 entropy_gap=0.310520 max_probability_over_uniform=3.866077 min_probability_over_uniform=0.250000
RG_SCORE round=1000 layer=features.3 mean_q=0.014400 max_q=0.063478 fraction_q_positive=0.781250 sampling_entropy=3.922787 uniform_entropy=4.158883 entropy_gap=0.236096 max_probability_over_uniform=3.556183 min_probability_over_uniform=0.250000
RG_SCORE round=1000 layer=features.7 mean_q=0.009742 max_q=0.049401 fraction_q_positive=0.664062 sampling_entropy=4.530376 uniform_entropy=4.852030 entropy_gap=0.321654 max_probability_over_uniform=4.053159 min_probability_over_uniform=0.250000
RG_SCORE round=1000 layer=features.10 mean_q=0.007115 max_q=0.037535 fraction_q_positive=0.734375 sampling_entropy=4.567359 uniform_entropy=4.852030 entropy_gap=0.284671 max_probability_over_uniform=4.206448 min_probability_over_uniform=0.250000
RG_SCORE round=1000 layer=features.14 mean_q=0.006783 max_q=0.057012 fraction_q_positive=0.726562 sampling_entropy=5.225857 uniform_entropy=5.545177 entropy_gap=0.319320 max_probability_over_uniform=6.553947 min_probability_over_uniform=0.250000
RG_SCORE round=1000 layer=features.17 mean_q=0.006054 max_q=0.036737 fraction_q_positive=0.757812 sampling_entropy=5.255313 uniform_entropy=5.545177 entropy_gap=0.289865 max_probability_over_uniform=4.800958 min_probability_over_uniform=0.250000
RG_SCORE round=1000 layer=features.20 mean_q=0.005925 max_q=0.029762 fraction_q_positive=0.718750 sampling_entropy=5.242052 uniform_entropy=5.545177 entropy_gap=0.303126 max_probability_over_uniform=4.017615 min_probability_over_uniform=0.250000
RG_SCORE round=1000 layer=features.24 mean_q=0.016578 max_q=0.144380 fraction_q_positive=0.869141 sampling_entropy=5.975815 uniform_entropy=6.238325 entropy_gap=0.262509 max_probability_over_uniform=6.782022 min_probability_over_uniform=0.250000
RG_SCORE round=1000 layer=features.27 mean_q=0.025639 max_q=0.123907 fraction_q_positive=0.939453 sampling_entropy=6.014461 uniform_entropy=6.238325 entropy_gap=0.223864 max_probability_over_uniform=3.874557 min_probability_over_uniform=0.250000
RG_SCORE round=1000 layer=features.30 mean_q=0.018594 max_q=0.123580 fraction_q_positive=0.775391 sampling_entropy=5.908496 uniform_entropy=6.238325 entropy_gap=0.329828 max_probability_over_uniform=5.234572 min_probability_over_uniform=0.250000
RG_SCORE round=1000 layer=features.34 mean_q=0.105519 max_q=0.366941 fraction_q_positive=0.796875 sampling_entropy=5.994938 uniform_entropy=6.238325 entropy_gap=0.243386 max_probability_over_uniform=2.858121 min_probability_over_uniform=0.250000
RG_SCORE round=1000 layer=features.37 mean_q=0.109542 max_q=0.412421 fraction_q_positive=0.794922 sampling_entropy=6.016902 uniform_entropy=6.238325 entropy_gap=0.221423 max_probability_over_uniform=3.073730 min_probability_over_uniform=0.250000
RG_SCORE round=1000 layer=features.40 mean_q=0.064331 max_q=0.495863 fraction_q_positive=0.593750 sampling_entropy=5.844201 uniform_entropy=6.238325 entropy_gap=0.394124 max_probability_over_uniform=6.030953 min_probability_over_uniform=0.250000
ROUND_ACCURACY method=FedPhoenixRG-RGE round=1000 accuracy=78.589996
PEAK_ACCURACY method=FedPhoenixRG-RGE round=934 accuracy=82.769997
Unified training metrics saved to C:\Users\admin\Desktop\need_do\new_paper_four\FedPhoenix-finish\results\training_metrics\cifar10_vgg_FedPhoenixRG-RGE_seed1_original_FedPhoenixRG-RGE_seed1_1000.csv
RGE diagnostics saved to C:\Users\admin\Desktop\need_do\new_paper_four\FedPhoenix-finish\results\training_metrics\cifar10_vgg_FedPhoenixRG-RGE_seed1_original_FedPhoenixRG-RGE_seed1_1000_rge_diagnostics.jsonl
