Client partition: 100 clients, min=30, max=1447, mean=500.00, std=220.72
Evaluation protocol: full server test set evaluated every round (10000 samples).
VGG16(
  (features): Sequential(
    (0): Conv2d(3, 64, kernel_size=(3, 3), stride=(1, 1), padding=(1, 1))
    (1): BatchNorm2d(64, eps=1e-05, momentum=0.1, affine=True, track_running_stats=True)
    (2): ReLU(inplace=True)
    (3): Conv2d(64, 64, kernel_size=(3, 3), stride=(1, 1), padding=(1, 1))
    (4): BatchNorm2d(64, eps=1e-05, momentum=0.1, affine=True, track_running_stats=True)
    (5): ReLU(inplace=True)
    (6): MaxPool2d(kernel_size=2, stride=2, padding=0, dilation=1, ceil_mode=False)
    (7): Conv2d(64, 128, kernel_size=(3, 3), stride=(1, 1), padding=(1, 1))
    (8): BatchNorm2d(128, eps=1e-05, momentum=0.1, affine=True, track_running_stats=True)
    (9): ReLU(inplace=True)
    (10): Conv2d(128, 128, kernel_size=(3, 3), stride=(1, 1), padding=(1, 1))
    (11): BatchNorm2d(128, eps=1e-05, momentum=0.1, affine=True, track_running_stats=True)
    (12): ReLU(inplace=True)
    (13): MaxPool2d(kernel_size=2, stride=2, padding=0, dilation=1, ceil_mode=False)
    (14): Conv2d(128, 256, kernel_size=(3, 3), stride=(1, 1), padding=(1, 1))
    (15): BatchNorm2d(256, eps=1e-05, momentum=0.1, affine=True, track_running_stats=True)
    (16): ReLU(inplace=True)
    (17): Conv2d(256, 256, kernel_size=(3, 3), stride=(1, 1), padding=(1, 1))
    (18): BatchNorm2d(256, eps=1e-05, momentum=0.1, affine=True, track_running_stats=True)
    (19): ReLU(inplace=True)
    (20): Conv2d(256, 256, kernel_size=(3, 3), stride=(1, 1), padding=(1, 1))
    (21): BatchNorm2d(256, eps=1e-05, momentum=0.1, affine=True, track_running_stats=True)
    (22): ReLU(inplace=True)
    (23): MaxPool2d(kernel_size=2, stride=2, padding=0, dilation=1, ceil_mode=False)
    (24): Conv2d(256, 512, kernel_size=(3, 3), stride=(1, 1), padding=(1, 1))
    (25): BatchNorm2d(512, eps=1e-05, momentum=0.1, affine=True, track_running_stats=True)
    (26): ReLU(inplace=True)
    (27): Conv2d(512, 512, kernel_size=(3, 3), stride=(1, 1), padding=(1, 1))
    (28): BatchNorm2d(512, eps=1e-05, momentum=0.1, affine=True, track_running_stats=True)
    (29): ReLU(inplace=True)
    (30): Conv2d(512, 512, kernel_size=(3, 3), stride=(1, 1), padding=(1, 1))
    (31): BatchNorm2d(512, eps=1e-05, momentum=0.1, affine=True, track_running_stats=True)
    (32): ReLU(inplace=True)
    (33): MaxPool2d(kernel_size=2, stride=2, padding=0, dilation=1, ceil_mode=False)
    (34): Conv2d(512, 512, kernel_size=(3, 3), stride=(1, 1), padding=(1, 1))
    (35): BatchNorm2d(512, eps=1e-05, momentum=0.1, affine=True, track_running_stats=True)
    (36): ReLU(inplace=True)
    (37): Conv2d(512, 512, kernel_size=(3, 3), stride=(1, 1), padding=(1, 1))
    (38): BatchNorm2d(512, eps=1e-05, momentum=0.1, affine=True, track_running_stats=True)
    (39): ReLU(inplace=True)
    (40): Conv2d(512, 512, kernel_size=(3, 3), stride=(1, 1), padding=(1, 1))
    (41): BatchNorm2d(512, eps=1e-05, momentum=0.1, affine=True, track_running_stats=True)
    (42): ReLU(inplace=True)
    (43): MaxPool2d(kernel_size=2, stride=2, padding=0, dilation=1, ceil_mode=False)
    (44): AdaptiveAvgPool2d(output_size=(1, 1))
  )
  (classifier): Sequential(
    (0): Linear(in_features=512, out_features=4096, bias=True)
    (1): ReLU(inplace=True)
    (2): Dropout(p=0.5, inplace=False)
    (3): Linear(in_features=4096, out_features=4096, bias=True)
    (4): ReLU(inplace=True)
    (5): Dropout(p=0.5, inplace=False)
  )
  (fc): Linear(in_features=4096, out_features=10, bias=True)
)
********************************************************************************
Round   0
ROUND_ACCURACY method=FedPhoenixRG-LC round=1 accuracy=10.000000
********************************************************************************
Round   1
ROUND_ACCURACY method=FedPhoenixRG-LC round=2 accuracy=13.230000
********************************************************************************
Round   2
ROUND_ACCURACY method=FedPhoenixRG-LC round=3 accuracy=12.230000
********************************************************************************
Round   3
ROUND_ACCURACY method=FedPhoenixRG-LC round=4 accuracy=16.290001
********************************************************************************
Round   4
ROUND_ACCURACY method=FedPhoenixRG-LC round=5 accuracy=32.419998
********************************************************************************
Round   5
ROUND_ACCURACY method=FedPhoenixRG-LC round=6 accuracy=17.620001
********************************************************************************
Round   6
ROUND_ACCURACY method=FedPhoenixRG-LC round=7 accuracy=24.139999
********************************************************************************
Round   7
ROUND_ACCURACY method=FedPhoenixRG-LC round=8 accuracy=23.680000
********************************************************************************
Round   8
ROUND_ACCURACY method=FedPhoenixRG-LC round=9 accuracy=30.129999
********************************************************************************
Round   9
ROUND_ACCURACY method=FedPhoenixRG-LC round=10 accuracy=29.730000
********************************************************************************
Round  10
ROUND_ACCURACY method=FedPhoenixRG-LC round=11 accuracy=38.230000
********************************************************************************
Round  11
ROUND_ACCURACY method=FedPhoenixRG-LC round=12 accuracy=36.910000
********************************************************************************
Round  12
ROUND_ACCURACY method=FedPhoenixRG-LC round=13 accuracy=38.220001
********************************************************************************
Round  13
ROUND_ACCURACY method=FedPhoenixRG-LC round=14 accuracy=46.650002
********************************************************************************
Round  14
ROUND_ACCURACY method=FedPhoenixRG-LC round=15 accuracy=45.459999
********************************************************************************
Round  15
ROUND_ACCURACY method=FedPhoenixRG-LC round=16 accuracy=46.720001
********************************************************************************
Round  16
ROUND_ACCURACY method=FedPhoenixRG-LC round=17 accuracy=45.529999
********************************************************************************
Round  17
ROUND_ACCURACY method=FedPhoenixRG-LC round=18 accuracy=35.709999
********************************************************************************
Round  18
ROUND_ACCURACY method=FedPhoenixRG-LC round=19 accuracy=44.220001
********************************************************************************
Round  19
RG_LC_SCORE round=20 layer=features.0 mean_q=0.081847 S_bar=0.050935 gamma_l=0.750000 mean_eligible_clients=60.203125 min_eligible_clients=58 sampling_entropy=3.960480 uniform_entropy=4.158883
RG_LC_SCORE round=20 layer=features.3 mean_q=0.059730 S_bar=0.050935 gamma_l=0.750000 mean_eligible_clients=60.187500 min_eligible_clients=58 sampling_entropy=4.113614 uniform_entropy=4.158883
RG_LC_SCORE round=20 layer=features.7 mean_q=0.049782 S_bar=0.050935 gamma_l=0.733030 mean_eligible_clients=60.171875 min_eligible_clients=57 sampling_entropy=4.822279 uniform_entropy=4.852030
RG_LC_SCORE round=20 layer=features.10 mean_q=0.043774 S_bar=0.050935 gamma_l=0.644562 mean_eligible_clients=60.187500 min_eligible_clients=57 sampling_entropy=4.834756 uniform_entropy=4.852030
RG_LC_SCORE round=20 layer=features.14 mean_q=0.040955 S_bar=0.050935 gamma_l=0.603054 mean_eligible_clients=60.171875 min_eligible_clients=56 sampling_entropy=5.527652 uniform_entropy=5.545177
RG_LC_SCORE round=20 layer=features.17 mean_q=0.039022 S_bar=0.050935 gamma_l=0.574588 mean_eligible_clients=60.191406 min_eligible_clients=57 sampling_entropy=5.536619 uniform_entropy=5.545177
RG_LC_SCORE round=20 layer=features.20 mean_q=0.039846 S_bar=0.050935 gamma_l=0.586729 mean_eligible_clients=60.179688 min_eligible_clients=57 sampling_entropy=5.538794 uniform_entropy=5.545177
RG_LC_SCORE round=20 layer=features.24 mean_q=0.041173 S_bar=0.050935 gamma_l=0.606259 mean_eligible_clients=60.189453 min_eligible_clients=55 sampling_entropy=6.221027 uniform_entropy=6.238325
RG_LC_SCORE round=20 layer=features.27 mean_q=0.037594 S_bar=0.050935 gamma_l=0.553559 mean_eligible_clients=60.181641 min_eligible_clients=57 sampling_entropy=6.228483 uniform_entropy=6.238325
RG_LC_SCORE round=20 layer=features.30 mean_q=0.037160 S_bar=0.050935 gamma_l=0.547171 mean_eligible_clients=60.177734 min_eligible_clients=56 sampling_entropy=6.224743 uniform_entropy=6.238325
RG_LC_SCORE round=20 layer=features.34 mean_q=0.057084 S_bar=0.050935 gamma_l=0.750000 mean_eligible_clients=60.183594 min_eligible_clients=56 sampling_entropy=6.190251 uniform_entropy=6.238325
RG_LC_SCORE round=20 layer=features.37 mean_q=0.063538 S_bar=0.050935 gamma_l=0.750000 mean_eligible_clients=60.173828 min_eligible_clients=56 sampling_entropy=6.206990 uniform_entropy=6.238325
RG_LC_SCORE round=20 layer=features.40 mean_q=0.082664 S_bar=0.050935 gamma_l=0.750000 mean_eligible_clients=60.179688 min_eligible_clients=57 sampling_entropy=6.179332 uniform_entropy=6.238325
ROUND_ACCURACY method=FedPhoenixRG-LC round=20 accuracy=45.060001
********************************************************************************
Round  20
ROUND_ACCURACY method=FedPhoenixRG-LC round=21 accuracy=50.770000
********************************************************************************
Round  21
ROUND_ACCURACY method=FedPhoenixRG-LC round=22 accuracy=54.650002
********************************************************************************
Round  22
ROUND_ACCURACY method=FedPhoenixRG-LC round=23 accuracy=48.490002
********************************************************************************
Round  23
ROUND_ACCURACY method=FedPhoenixRG-LC round=24 accuracy=50.570000
********************************************************************************
Round  24
ROUND_ACCURACY method=FedPhoenixRG-LC round=25 accuracy=54.049999
********************************************************************************
Round  25
ROUND_ACCURACY method=FedPhoenixRG-LC round=26 accuracy=51.020000
********************************************************************************
Round  26
ROUND_ACCURACY method=FedPhoenixRG-LC round=27 accuracy=52.470001
********************************************************************************
Round  27
ROUND_ACCURACY method=FedPhoenixRG-LC round=28 accuracy=50.509998
********************************************************************************
Round  28
ROUND_ACCURACY method=FedPhoenixRG-LC round=29 accuracy=47.430000
********************************************************************************
Round  29
ROUND_ACCURACY method=FedPhoenixRG-LC round=30 accuracy=56.980000
********************************************************************************
Round  30
ROUND_ACCURACY method=FedPhoenixRG-LC round=31 accuracy=57.070000
********************************************************************************
Round  31
ROUND_ACCURACY method=FedPhoenixRG-LC round=32 accuracy=56.810001
********************************************************************************
Round  32
ROUND_ACCURACY method=FedPhoenixRG-LC round=33 accuracy=59.000000
********************************************************************************
Round  33
ROUND_ACCURACY method=FedPhoenixRG-LC round=34 accuracy=65.650002
********************************************************************************
Round  34
ROUND_ACCURACY method=FedPhoenixRG-LC round=35 accuracy=55.070000
********************************************************************************
Round  35
ROUND_ACCURACY method=FedPhoenixRG-LC round=36 accuracy=51.430000
********************************************************************************
Round  36
ROUND_ACCURACY method=FedPhoenixRG-LC round=37 accuracy=62.439999
********************************************************************************
Round  37
ROUND_ACCURACY method=FedPhoenixRG-LC round=38 accuracy=56.980000
********************************************************************************
Round  38
ROUND_ACCURACY method=FedPhoenixRG-LC round=39 accuracy=59.040001
********************************************************************************
Round  39
RG_LC_SCORE round=40 layer=features.0 mean_q=0.172958 S_bar=0.113282 gamma_l=0.750000 mean_eligible_clients=66.859375 min_eligible_clients=64 sampling_entropy=4.125436 uniform_entropy=4.158883
RG_LC_SCORE round=40 layer=features.3 mean_q=0.165680 S_bar=0.113282 gamma_l=0.750000 mean_eligible_clients=66.875000 min_eligible_clients=63 sampling_entropy=4.152523 uniform_entropy=4.158883
RG_LC_SCORE round=40 layer=features.7 mean_q=0.143335 S_bar=0.113282 gamma_l=0.750000 mean_eligible_clients=66.851562 min_eligible_clients=63 sampling_entropy=4.845154 uniform_entropy=4.852030
RG_LC_SCORE round=40 layer=features.10 mean_q=0.134221 S_bar=0.113282 gamma_l=0.750000 mean_eligible_clients=66.859375 min_eligible_clients=64 sampling_entropy=4.848595 uniform_entropy=4.852030
RG_LC_SCORE round=40 layer=features.14 mean_q=0.128701 S_bar=0.113282 gamma_l=0.750000 mean_eligible_clients=66.855469 min_eligible_clients=64 sampling_entropy=5.539968 uniform_entropy=5.545177
RG_LC_SCORE round=40 layer=features.17 mean_q=0.119011 S_bar=0.113282 gamma_l=0.750000 mean_eligible_clients=66.863281 min_eligible_clients=63 sampling_entropy=5.541920 uniform_entropy=5.545177
RG_LC_SCORE round=40 layer=features.20 mean_q=0.122097 S_bar=0.113282 gamma_l=0.750000 mean_eligible_clients=66.875000 min_eligible_clients=63 sampling_entropy=5.541023 uniform_entropy=5.545177
RG_LC_SCORE round=40 layer=features.24 mean_q=0.115993 S_bar=0.113282 gamma_l=0.750000 mean_eligible_clients=66.869141 min_eligible_clients=60 sampling_entropy=6.228475 uniform_entropy=6.238325
RG_LC_SCORE round=40 layer=features.27 mean_q=0.094559 S_bar=0.113282 gamma_l=0.626043 mean_eligible_clients=66.849609 min_eligible_clients=61 sampling_entropy=6.231197 uniform_entropy=6.238325
RG_LC_SCORE round=40 layer=features.30 mean_q=0.082977 S_bar=0.113282 gamma_l=0.549363 mean_eligible_clients=66.869141 min_eligible_clients=63 sampling_entropy=6.225017 uniform_entropy=6.238325
RG_LC_SCORE round=40 layer=features.34 mean_q=0.108876 S_bar=0.113282 gamma_l=0.720833 mean_eligible_clients=66.857422 min_eligible_clients=63 sampling_entropy=6.102633 uniform_entropy=6.238325
RG_LC_SCORE round=40 layer=features.37 mean_q=0.102134 S_bar=0.113282 gamma_l=0.676191 mean_eligible_clients=66.863281 min_eligible_clients=63 sampling_entropy=6.127443 uniform_entropy=6.238325
RG_LC_SCORE round=40 layer=features.40 mean_q=0.133413 S_bar=0.113282 gamma_l=0.750000 mean_eligible_clients=66.857422 min_eligible_clients=61 sampling_entropy=6.114944 uniform_entropy=6.238325
ROUND_ACCURACY method=FedPhoenixRG-LC round=40 accuracy=65.949997
********************************************************************************
Round  40
ROUND_ACCURACY method=FedPhoenixRG-LC round=41 accuracy=64.779999
********************************************************************************
Round  41
ROUND_ACCURACY method=FedPhoenixRG-LC round=42 accuracy=60.770000
********************************************************************************
Round  42
ROUND_ACCURACY method=FedPhoenixRG-LC round=43 accuracy=62.060001
********************************************************************************
Round  43
ROUND_ACCURACY method=FedPhoenixRG-LC round=44 accuracy=62.060001
********************************************************************************
Round  44
ROUND_ACCURACY method=FedPhoenixRG-LC round=45 accuracy=55.970001
********************************************************************************
Round  45
ROUND_ACCURACY method=FedPhoenixRG-LC round=46 accuracy=66.900002
********************************************************************************
Round  46
ROUND_ACCURACY method=FedPhoenixRG-LC round=47 accuracy=60.310001
********************************************************************************
Round  47
ROUND_ACCURACY method=FedPhoenixRG-LC round=48 accuracy=60.250000
********************************************************************************
Round  48
ROUND_ACCURACY method=FedPhoenixRG-LC round=49 accuracy=59.790001
********************************************************************************
Round  49
ROUND_ACCURACY method=FedPhoenixRG-LC round=50 accuracy=62.630001
********************************************************************************
Round  50
ROUND_ACCURACY method=FedPhoenixRG-LC round=51 accuracy=55.779999
********************************************************************************
Round  51
ROUND_ACCURACY method=FedPhoenixRG-LC round=52 accuracy=67.800003
********************************************************************************
Round  52
ROUND_ACCURACY method=FedPhoenixRG-LC round=53 accuracy=60.900002
********************************************************************************
Round  53
ROUND_ACCURACY method=FedPhoenixRG-LC round=54 accuracy=51.680000
********************************************************************************
Round  54
ROUND_ACCURACY method=FedPhoenixRG-LC round=55 accuracy=66.760002
********************************************************************************
Round  55
ROUND_ACCURACY method=FedPhoenixRG-LC round=56 accuracy=66.230003
********************************************************************************
Round  56
ROUND_ACCURACY method=FedPhoenixRG-LC round=57 accuracy=59.619999
********************************************************************************
Round  57
ROUND_ACCURACY method=FedPhoenixRG-LC round=58 accuracy=59.650002
********************************************************************************
Round  58
ROUND_ACCURACY method=FedPhoenixRG-LC round=59 accuracy=62.540001
********************************************************************************
Round  59
RG_LC_SCORE round=60 layer=features.0 mean_q=0.175282 S_bar=0.192903 gamma_l=0.681488 mean_eligible_clients=60.031250 min_eligible_clients=57 sampling_entropy=4.116594 uniform_entropy=4.158883
RG_LC_SCORE round=60 layer=features.3 mean_q=0.186342 S_bar=0.192903 gamma_l=0.724491 mean_eligible_clients=60.046875 min_eligible_clients=58 sampling_entropy=4.154575 uniform_entropy=4.158883
RG_LC_SCORE round=60 layer=features.7 mean_q=0.175146 S_bar=0.192903 gamma_l=0.680962 mean_eligible_clients=60.046875 min_eligible_clients=56 sampling_entropy=4.848874 uniform_entropy=4.852030
RG_LC_SCORE round=60 layer=features.10 mean_q=0.167556 S_bar=0.192903 gamma_l=0.651451 mean_eligible_clients=60.031250 min_eligible_clients=57 sampling_entropy=4.850266 uniform_entropy=4.852030
RG_LC_SCORE round=60 layer=features.14 mean_q=0.166378 S_bar=0.192903 gamma_l=0.646871 mean_eligible_clients=60.062500 min_eligible_clients=57 sampling_entropy=5.542842 uniform_entropy=5.545177
RG_LC_SCORE round=60 layer=features.17 mean_q=0.156063 S_bar=0.192903 gamma_l=0.606765 mean_eligible_clients=60.039062 min_eligible_clients=56 sampling_entropy=5.543821 uniform_entropy=5.545177
RG_LC_SCORE round=60 layer=features.20 mean_q=0.161950 S_bar=0.192903 gamma_l=0.629657 mean_eligible_clients=60.046875 min_eligible_clients=57 sampling_entropy=5.543972 uniform_entropy=5.545177
RG_LC_SCORE round=60 layer=features.24 mean_q=0.161814 S_bar=0.192903 gamma_l=0.629127 mean_eligible_clients=60.064453 min_eligible_clients=57 sampling_entropy=6.235709 uniform_entropy=6.238325
RG_LC_SCORE round=60 layer=features.27 mean_q=0.138492 S_bar=0.192903 gamma_l=0.538451 mean_eligible_clients=60.072266 min_eligible_clients=57 sampling_entropy=6.236598 uniform_entropy=6.238325
RG_LC_SCORE round=60 layer=features.30 mean_q=0.135964 S_bar=0.192903 gamma_l=0.528624 mean_eligible_clients=60.064453 min_eligible_clients=54 sampling_entropy=6.235730 uniform_entropy=6.238325
RG_LC_SCORE round=60 layer=features.34 mean_q=0.235821 S_bar=0.192903 gamma_l=0.750000 mean_eligible_clients=60.044922 min_eligible_clients=55 sampling_entropy=6.231631 uniform_entropy=6.238325
RG_LC_SCORE round=60 layer=features.37 mean_q=0.262677 S_bar=0.192903 gamma_l=0.750000 mean_eligible_clients=60.062500 min_eligible_clients=56 sampling_entropy=6.229477 uniform_entropy=6.238325
RG_LC_SCORE round=60 layer=features.40 mean_q=0.283609 S_bar=0.192903 gamma_l=0.750000 mean_eligible_clients=60.058594 min_eligible_clients=55 sampling_entropy=6.189264 uniform_entropy=6.238325
ROUND_ACCURACY method=FedPhoenixRG-LC round=60 accuracy=65.250000
********************************************************************************
Round  60
ROUND_ACCURACY method=FedPhoenixRG-LC round=61 accuracy=67.650002
********************************************************************************
Round  61
ROUND_ACCURACY method=FedPhoenixRG-LC round=62 accuracy=65.570000
********************************************************************************
Round  62
ROUND_ACCURACY method=FedPhoenixRG-LC round=63 accuracy=65.809998
********************************************************************************
Round  63
ROUND_ACCURACY method=FedPhoenixRG-LC round=64 accuracy=64.519997
********************************************************************************
Round  64
ROUND_ACCURACY method=FedPhoenixRG-LC round=65 accuracy=67.739998
********************************************************************************
Round  65
ROUND_ACCURACY method=FedPhoenixRG-LC round=66 accuracy=66.550003
********************************************************************************
Round  66
ROUND_ACCURACY method=FedPhoenixRG-LC round=67 accuracy=62.500000
********************************************************************************
Round  67
ROUND_ACCURACY method=FedPhoenixRG-LC round=68 accuracy=58.529999
********************************************************************************
Round  68
ROUND_ACCURACY method=FedPhoenixRG-LC round=69 accuracy=70.070000
********************************************************************************
Round  69
ROUND_ACCURACY method=FedPhoenixRG-LC round=70 accuracy=62.689999
********************************************************************************
Round  70
ROUND_ACCURACY method=FedPhoenixRG-LC round=71 accuracy=59.020000
********************************************************************************
Round  71
ROUND_ACCURACY method=FedPhoenixRG-LC round=72 accuracy=65.519997
********************************************************************************
Round  72
ROUND_ACCURACY method=FedPhoenixRG-LC round=73 accuracy=67.620003
********************************************************************************
Round  73
ROUND_ACCURACY method=FedPhoenixRG-LC round=74 accuracy=68.500000
********************************************************************************
Round  74
ROUND_ACCURACY method=FedPhoenixRG-LC round=75 accuracy=72.750000
********************************************************************************
Round  75
ROUND_ACCURACY method=FedPhoenixRG-LC round=76 accuracy=62.070000
********************************************************************************
Round  76
ROUND_ACCURACY method=FedPhoenixRG-LC round=77 accuracy=65.250000
********************************************************************************
Round  77
ROUND_ACCURACY method=FedPhoenixRG-LC round=78 accuracy=66.480003
********************************************************************************
Round  78
ROUND_ACCURACY method=FedPhoenixRG-LC round=79 accuracy=68.809998
********************************************************************************
Round  79
RG_LC_SCORE round=80 layer=features.3 mean_q=0.174224 S_bar=0.225538 gamma_l=0.579361 mean_eligible_clients=61.171875 min_eligible_clients=60 sampling_entropy=4.156169 uniform_entropy=4.158883
RG_LC_SCORE round=80 layer=features.7 mean_q=0.181155 S_bar=0.225538 gamma_l=0.602410 mean_eligible_clients=61.164062 min_eligible_clients=58 sampling_entropy=4.850305 uniform_entropy=4.852030
RG_LC_SCORE round=80 layer=features.10 mean_q=0.174515 S_bar=0.225538 gamma_l=0.580331 mean_eligible_clients=61.179688 min_eligible_clients=59 sampling_entropy=4.850744 uniform_entropy=4.852030
RG_LC_SCORE round=80 layer=features.14 mean_q=0.178414 S_bar=0.225538 gamma_l=0.593296 mean_eligible_clients=61.175781 min_eligible_clients=58 sampling_entropy=5.543594 uniform_entropy=5.545177
RG_LC_SCORE round=80 layer=features.17 mean_q=0.168315 S_bar=0.225538 gamma_l=0.559712 mean_eligible_clients=61.152344 min_eligible_clients=57 sampling_entropy=5.544084 uniform_entropy=5.545177
RG_LC_SCORE round=80 layer=features.20 mean_q=0.174843 S_bar=0.225538 gamma_l=0.581421 mean_eligible_clients=61.167969 min_eligible_clients=58 sampling_entropy=5.544358 uniform_entropy=5.545177
RG_LC_SCORE round=80 layer=features.24 mean_q=0.182244 S_bar=0.225538 gamma_l=0.606030 mean_eligible_clients=61.179688 min_eligible_clients=58 sampling_entropy=6.236579 uniform_entropy=6.238325
RG_LC_SCORE round=80 layer=features.27 mean_q=0.157892 S_bar=0.225538 gamma_l=0.525051 mean_eligible_clients=61.167969 min_eligible_clients=58 sampling_entropy=6.237023 uniform_entropy=6.238325
RG_LC_SCORE round=80 layer=features.30 mean_q=0.156738 S_bar=0.225538 gamma_l=0.521214 mean_eligible_clients=61.177734 min_eligible_clients=58 sampling_entropy=6.236557 uniform_entropy=6.238325
RG_LC_SCORE round=80 layer=features.34 mean_q=0.300149 S_bar=0.225538 gamma_l=0.750000 mean_eligible_clients=61.179688 min_eligible_clients=57 sampling_entropy=6.234389 uniform_entropy=6.238325
RG_LC_SCORE round=80 layer=features.37 mean_q=0.338903 S_bar=0.225538 gamma_l=0.750000 mean_eligible_clients=61.179688 min_eligible_clients=56 sampling_entropy=6.233527 uniform_entropy=6.238325
RG_LC_SCORE round=80 layer=features.40 mean_q=0.325088 S_bar=0.225538 gamma_l=0.750000 mean_eligible_clients=61.183594 min_eligible_clients=56 sampling_entropy=6.192246 uniform_entropy=6.238325
ROUND_ACCURACY method=FedPhoenixRG-LC round=80 accuracy=66.430000
********************************************************************************
Round  80
ROUND_ACCURACY method=FedPhoenixRG-LC round=81 accuracy=64.099998
********************************************************************************
Round  81
ROUND_ACCURACY method=FedPhoenixRG-LC round=82 accuracy=66.489998
********************************************************************************
Round  82
ROUND_ACCURACY method=FedPhoenixRG-LC round=83 accuracy=69.940002
********************************************************************************
Round  83
ROUND_ACCURACY method=FedPhoenixRG-LC round=84 accuracy=65.199997
********************************************************************************
Round  84
ROUND_ACCURACY method=FedPhoenixRG-LC round=85 accuracy=67.989998
********************************************************************************
Round  85
ROUND_ACCURACY method=FedPhoenixRG-LC round=86 accuracy=68.000000
********************************************************************************
Round  86
ROUND_ACCURACY method=FedPhoenixRG-LC round=87 accuracy=70.059998
********************************************************************************
Round  87
ROUND_ACCURACY method=FedPhoenixRG-LC round=88 accuracy=70.110001
********************************************************************************
Round  88
ROUND_ACCURACY method=FedPhoenixRG-LC round=89 accuracy=71.379997
********************************************************************************
Round  89
ROUND_ACCURACY method=FedPhoenixRG-LC round=90 accuracy=56.570000
********************************************************************************
Round  90
ROUND_ACCURACY method=FedPhoenixRG-LC round=91 accuracy=69.120003
********************************************************************************
Round  91
ROUND_ACCURACY method=FedPhoenixRG-LC round=92 accuracy=69.519997
********************************************************************************
Round  92
ROUND_ACCURACY method=FedPhoenixRG-LC round=93 accuracy=69.570000
********************************************************************************
Round  93
ROUND_ACCURACY method=FedPhoenixRG-LC round=94 accuracy=69.599998
********************************************************************************
Round  94
ROUND_ACCURACY method=FedPhoenixRG-LC round=95 accuracy=71.000000
********************************************************************************
Round  95
ROUND_ACCURACY method=FedPhoenixRG-LC round=96 accuracy=70.300003
********************************************************************************
Round  96
ROUND_ACCURACY method=FedPhoenixRG-LC round=97 accuracy=65.370003
********************************************************************************
Round  97
ROUND_ACCURACY method=FedPhoenixRG-LC round=98 accuracy=64.300003
********************************************************************************
Round  98
ROUND_ACCURACY method=FedPhoenixRG-LC round=99 accuracy=61.880001
********************************************************************************
Round  99
RG_LC_SCORE round=100 layer=features.3 mean_q=0.169704 S_bar=0.234363 gamma_l=0.543079 mean_eligible_clients=61.171875 min_eligible_clients=59 sampling_entropy=4.153288 uniform_entropy=4.158883
RG_LC_SCORE round=100 layer=features.7 mean_q=0.184059 S_bar=0.234363 gamma_l=0.589019 mean_eligible_clients=61.125000 min_eligible_clients=58 sampling_entropy=4.849285 uniform_entropy=4.852030
RG_LC_SCORE round=100 layer=features.10 mean_q=0.179446 S_bar=0.234363 gamma_l=0.574257 mean_eligible_clients=61.140625 min_eligible_clients=58 sampling_entropy=4.850889 uniform_entropy=4.852030
RG_LC_SCORE round=100 layer=features.14 mean_q=0.184052 S_bar=0.234363 gamma_l=0.588997 mean_eligible_clients=61.152344 min_eligible_clients=58 sampling_entropy=5.543460 uniform_entropy=5.545177
RG_LC_SCORE round=100 layer=features.17 mean_q=0.174788 S_bar=0.234363 gamma_l=0.559351 mean_eligible_clients=61.148438 min_eligible_clients=58 sampling_entropy=5.544023 uniform_entropy=5.545177
RG_LC_SCORE round=100 layer=features.20 mean_q=0.181887 S_bar=0.234363 gamma_l=0.582068 mean_eligible_clients=61.132812 min_eligible_clients=58 sampling_entropy=5.544288 uniform_entropy=5.545177
RG_LC_SCORE round=100 layer=features.24 mean_q=0.194468 S_bar=0.234363 gamma_l=0.622330 mean_eligible_clients=61.142578 min_eligible_clients=57 sampling_entropy=6.236707 uniform_entropy=6.238325
RG_LC_SCORE round=100 layer=features.27 mean_q=0.170037 S_bar=0.234363 gamma_l=0.544148 mean_eligible_clients=61.134766 min_eligible_clients=58 sampling_entropy=6.236887 uniform_entropy=6.238325
RG_LC_SCORE round=100 layer=features.30 mean_q=0.165437 S_bar=0.234363 gamma_l=0.529426 mean_eligible_clients=61.152344 min_eligible_clients=57 sampling_entropy=6.236842 uniform_entropy=6.238325
RG_LC_SCORE round=100 layer=features.34 mean_q=0.321539 S_bar=0.234363 gamma_l=0.750000 mean_eligible_clients=61.142578 min_eligible_clients=57 sampling_entropy=6.234170 uniform_entropy=6.238325
RG_LC_SCORE round=100 layer=features.37 mean_q=0.361153 S_bar=0.234363 gamma_l=0.750000 mean_eligible_clients=61.152344 min_eligible_clients=58 sampling_entropy=6.232246 uniform_entropy=6.238325
RG_LC_SCORE round=100 layer=features.40 mean_q=0.309111 S_bar=0.234363 gamma_l=0.750000 mean_eligible_clients=61.156250 min_eligible_clients=55 sampling_entropy=6.196837 uniform_entropy=6.238325
ROUND_ACCURACY method=FedPhoenixRG-LC round=100 accuracy=65.250000
********************************************************************************
Round 100
ROUND_ACCURACY method=FedPhoenixRG-LC round=101 accuracy=69.150002
********************************************************************************
Round 101
ROUND_ACCURACY method=FedPhoenixRG-LC round=102 accuracy=72.930000
********************************************************************************
Round 102
ROUND_ACCURACY method=FedPhoenixRG-LC round=103 accuracy=72.199997
********************************************************************************
Round 103
ROUND_ACCURACY method=FedPhoenixRG-LC round=104 accuracy=70.330002
********************************************************************************
Round 104
ROUND_ACCURACY method=FedPhoenixRG-LC round=105 accuracy=70.190002
********************************************************************************
Round 105
ROUND_ACCURACY method=FedPhoenixRG-LC round=106 accuracy=67.570000
********************************************************************************
Round 106
ROUND_ACCURACY method=FedPhoenixRG-LC round=107 accuracy=44.240002
********************************************************************************
Round 107
ROUND_ACCURACY method=FedPhoenixRG-LC round=108 accuracy=70.709999
********************************************************************************
Round 108
ROUND_ACCURACY method=FedPhoenixRG-LC round=109 accuracy=73.519997
********************************************************************************
Round 109
ROUND_ACCURACY method=FedPhoenixRG-LC round=110 accuracy=72.400002
********************************************************************************
Round 110
ROUND_ACCURACY method=FedPhoenixRG-LC round=111 accuracy=72.790001
********************************************************************************
Round 111
ROUND_ACCURACY method=FedPhoenixRG-LC round=112 accuracy=70.669998
********************************************************************************
Round 112
ROUND_ACCURACY method=FedPhoenixRG-LC round=113 accuracy=68.800003
********************************************************************************
Round 113
ROUND_ACCURACY method=FedPhoenixRG-LC round=114 accuracy=66.849998
********************************************************************************
Round 114
ROUND_ACCURACY method=FedPhoenixRG-LC round=115 accuracy=62.660000
********************************************************************************
Round 115
ROUND_ACCURACY method=FedPhoenixRG-LC round=116 accuracy=71.800003
********************************************************************************
Round 116
ROUND_ACCURACY method=FedPhoenixRG-LC round=117 accuracy=67.080002
********************************************************************************
Round 117
ROUND_ACCURACY method=FedPhoenixRG-LC round=118 accuracy=71.820000
********************************************************************************
Round 118
ROUND_ACCURACY method=FedPhoenixRG-LC round=119 accuracy=72.930000
********************************************************************************
Round 119
RG_LC_SCORE round=120 layer=features.3 mean_q=0.163585 S_bar=0.190406 gamma_l=0.644353 mean_eligible_clients=61.062500 min_eligible_clients=58 sampling_entropy=4.153037 uniform_entropy=4.158883
RG_LC_SCORE round=120 layer=features.7 mean_q=0.173847 S_bar=0.190406 gamma_l=0.684773 mean_eligible_clients=61.031250 min_eligible_clients=57 sampling_entropy=4.848746 uniform_entropy=4.852030
RG_LC_SCORE round=120 layer=features.10 mean_q=0.171979 S_bar=0.190406 gamma_l=0.677417 mean_eligible_clients=61.046875 min_eligible_clients=58 sampling_entropy=4.850438 uniform_entropy=4.852030
RG_LC_SCORE round=120 layer=features.14 mean_q=0.182748 S_bar=0.190406 gamma_l=0.719836 mean_eligible_clients=61.046875 min_eligible_clients=57 sampling_entropy=5.542563 uniform_entropy=5.545177
RG_LC_SCORE round=120 layer=features.17 mean_q=0.175463 S_bar=0.190406 gamma_l=0.691142 mean_eligible_clients=61.054688 min_eligible_clients=57 sampling_entropy=5.542831 uniform_entropy=5.545177
RG_LC_SCORE round=120 layer=features.20 mean_q=0.182429 S_bar=0.190406 gamma_l=0.718579 mean_eligible_clients=61.050781 min_eligible_clients=57 sampling_entropy=5.543797 uniform_entropy=5.545177
RG_LC_SCORE round=120 layer=features.24 mean_q=0.197664 S_bar=0.190406 gamma_l=0.750000 mean_eligible_clients=61.056641 min_eligible_clients=58 sampling_entropy=6.236061 uniform_entropy=6.238325
RG_LC_SCORE round=120 layer=features.27 mean_q=0.176353 S_bar=0.190406 gamma_l=0.694646 mean_eligible_clients=61.050781 min_eligible_clients=58 sampling_entropy=6.236268 uniform_entropy=6.238325
RG_LC_SCORE round=120 layer=features.30 mean_q=0.166068 S_bar=0.190406 gamma_l=0.654134 mean_eligible_clients=61.066406 min_eligible_clients=57 sampling_entropy=6.235537 uniform_entropy=6.238325
RG_LC_SCORE round=120 layer=features.34 mean_q=0.284219 S_bar=0.190406 gamma_l=0.750000 mean_eligible_clients=61.058594 min_eligible_clients=57 sampling_entropy=6.225666 uniform_entropy=6.238325
RG_LC_SCORE round=120 layer=features.37 mean_q=0.212760 S_bar=0.190406 gamma_l=0.750000 mean_eligible_clients=61.052734 min_eligible_clients=57 sampling_entropy=6.194793 uniform_entropy=6.238325
RG_LC_SCORE round=120 layer=features.40 mean_q=0.132760 S_bar=0.190406 gamma_l=0.522936 mean_eligible_clients=61.054688 min_eligible_clients=57 sampling_entropy=6.182151 uniform_entropy=6.238325
ROUND_ACCURACY method=FedPhoenixRG-LC round=120 accuracy=67.260002
********************************************************************************
Round 120
ROUND_ACCURACY method=FedPhoenixRG-LC round=121 accuracy=74.080002
********************************************************************************
Round 121
ROUND_ACCURACY method=FedPhoenixRG-LC round=122 accuracy=69.459999
********************************************************************************
Round 122
ROUND_ACCURACY method=FedPhoenixRG-LC round=123 accuracy=71.410004
********************************************************************************
Round 123
ROUND_ACCURACY method=FedPhoenixRG-LC round=124 accuracy=64.129997
********************************************************************************
Round 124
ROUND_ACCURACY method=FedPhoenixRG-LC round=125 accuracy=66.830002
********************************************************************************
Round 125
ROUND_ACCURACY method=FedPhoenixRG-LC round=126 accuracy=64.250000
********************************************************************************
Round 126
ROUND_ACCURACY method=FedPhoenixRG-LC round=127 accuracy=71.760002
********************************************************************************
Round 127
ROUND_ACCURACY method=FedPhoenixRG-LC round=128 accuracy=69.690002
********************************************************************************
Round 128
ROUND_ACCURACY method=FedPhoenixRG-LC round=129 accuracy=74.050003
********************************************************************************
Round 129
ROUND_ACCURACY method=FedPhoenixRG-LC round=130 accuracy=67.279999
********************************************************************************
Round 130
ROUND_ACCURACY method=FedPhoenixRG-LC round=131 accuracy=67.959999
********************************************************************************
Round 131
ROUND_ACCURACY method=FedPhoenixRG-LC round=132 accuracy=75.029999
********************************************************************************
Round 132
ROUND_ACCURACY method=FedPhoenixRG-LC round=133 accuracy=70.230003
********************************************************************************
Round 133
ROUND_ACCURACY method=FedPhoenixRG-LC round=134 accuracy=74.739998
********************************************************************************
Round 134
ROUND_ACCURACY method=FedPhoenixRG-LC round=135 accuracy=66.440002
********************************************************************************
Round 135
ROUND_ACCURACY method=FedPhoenixRG-LC round=136 accuracy=68.779999
********************************************************************************
Round 136
ROUND_ACCURACY method=FedPhoenixRG-LC round=137 accuracy=72.989998
********************************************************************************
Round 137
ROUND_ACCURACY method=FedPhoenixRG-LC round=138 accuracy=73.669998
********************************************************************************
Round 138
ROUND_ACCURACY method=FedPhoenixRG-LC round=139 accuracy=71.830002
********************************************************************************
Round 139
RG_LC_SCORE round=140 layer=features.3 mean_q=0.200496 S_bar=0.208285 gamma_l=0.721955 mean_eligible_clients=58.093750 min_eligible_clients=55 sampling_entropy=4.155738 uniform_entropy=4.158883
RG_LC_SCORE round=140 layer=features.7 mean_q=0.197790 S_bar=0.208285 gamma_l=0.712211 mean_eligible_clients=58.093750 min_eligible_clients=56 sampling_entropy=4.849890 uniform_entropy=4.852030
RG_LC_SCORE round=140 layer=features.10 mean_q=0.187919 S_bar=0.208285 gamma_l=0.676666 mean_eligible_clients=58.093750 min_eligible_clients=55 sampling_entropy=4.850551 uniform_entropy=4.852030
RG_LC_SCORE round=140 layer=features.14 mean_q=0.198488 S_bar=0.208285 gamma_l=0.714723 mean_eligible_clients=58.097656 min_eligible_clients=53 sampling_entropy=5.542993 uniform_entropy=5.545177
RG_LC_SCORE round=140 layer=features.17 mean_q=0.186014 S_bar=0.208285 gamma_l=0.669808 mean_eligible_clients=58.097656 min_eligible_clients=55 sampling_entropy=5.543248 uniform_entropy=5.545177
RG_LC_SCORE round=140 layer=features.20 mean_q=0.188405 S_bar=0.208285 gamma_l=0.678417 mean_eligible_clients=58.101562 min_eligible_clients=55 sampling_entropy=5.544283 uniform_entropy=5.545177
RG_LC_SCORE round=140 layer=features.24 mean_q=0.205792 S_bar=0.208285 gamma_l=0.741026 mean_eligible_clients=58.093750 min_eligible_clients=54 sampling_entropy=6.236558 uniform_entropy=6.238325
RG_LC_SCORE round=140 layer=features.27 mean_q=0.189832 S_bar=0.208285 gamma_l=0.683556 mean_eligible_clients=58.091797 min_eligible_clients=54 sampling_entropy=6.236563 uniform_entropy=6.238325
RG_LC_SCORE round=140 layer=features.30 mean_q=0.176191 S_bar=0.208285 gamma_l=0.634437 mean_eligible_clients=58.085938 min_eligible_clients=55 sampling_entropy=6.236551 uniform_entropy=6.238325
RG_LC_SCORE round=140 layer=features.34 mean_q=0.318866 S_bar=0.208285 gamma_l=0.750000 mean_eligible_clients=58.083984 min_eligible_clients=54 sampling_entropy=6.230711 uniform_entropy=6.238325
RG_LC_SCORE round=140 layer=features.37 mean_q=0.253291 S_bar=0.208285 gamma_l=0.750000 mean_eligible_clients=58.089844 min_eligible_clients=54 sampling_entropy=6.201974 uniform_entropy=6.238325
RG_LC_SCORE round=140 layer=features.40 mean_q=0.140396 S_bar=0.208285 gamma_l=0.505544 mean_eligible_clients=58.087891 min_eligible_clients=53 sampling_entropy=6.190518 uniform_entropy=6.238325
ROUND_ACCURACY method=FedPhoenixRG-LC round=140 accuracy=73.220001
********************************************************************************
Round 140
ROUND_ACCURACY method=FedPhoenixRG-LC round=141 accuracy=76.150002
********************************************************************************
Round 141
ROUND_ACCURACY method=FedPhoenixRG-LC round=142 accuracy=66.000000
********************************************************************************
Round 142
ROUND_ACCURACY method=FedPhoenixRG-LC round=143 accuracy=62.680000
********************************************************************************
Round 143
ROUND_ACCURACY method=FedPhoenixRG-LC round=144 accuracy=75.139999
********************************************************************************
Round 144
ROUND_ACCURACY method=FedPhoenixRG-LC round=145 accuracy=67.290001
********************************************************************************
Round 145
ROUND_ACCURACY method=FedPhoenixRG-LC round=146 accuracy=66.250000
********************************************************************************
Round 146
ROUND_ACCURACY method=FedPhoenixRG-LC round=147 accuracy=73.860001
********************************************************************************
Round 147
ROUND_ACCURACY method=FedPhoenixRG-LC round=148 accuracy=72.250000
********************************************************************************
Round 148
ROUND_ACCURACY method=FedPhoenixRG-LC round=149 accuracy=67.019997
********************************************************************************
Round 149
ROUND_ACCURACY method=FedPhoenixRG-LC round=150 accuracy=75.129997
********************************************************************************
Round 150
ROUND_ACCURACY method=FedPhoenixRG-LC round=151 accuracy=59.380001
********************************************************************************
Round 151
ROUND_ACCURACY method=FedPhoenixRG-LC round=152 accuracy=64.820000
********************************************************************************
Round 152
ROUND_ACCURACY method=FedPhoenixRG-LC round=153 accuracy=74.650002
********************************************************************************
Round 153
ROUND_ACCURACY method=FedPhoenixRG-LC round=154 accuracy=72.430000
********************************************************************************
Round 154
ROUND_ACCURACY method=FedPhoenixRG-LC round=155 accuracy=70.430000
********************************************************************************
Round 155
ROUND_ACCURACY method=FedPhoenixRG-LC round=156 accuracy=74.160004
********************************************************************************
Round 156
ROUND_ACCURACY method=FedPhoenixRG-LC round=157 accuracy=67.519997
********************************************************************************
Round 157
ROUND_ACCURACY method=FedPhoenixRG-LC round=158 accuracy=65.970001
********************************************************************************
Round 158
ROUND_ACCURACY method=FedPhoenixRG-LC round=159 accuracy=70.550003
********************************************************************************
Round 159
RG_LC_SCORE round=160 layer=features.7 mean_q=0.184700 S_bar=0.198439 gamma_l=0.698075 mean_eligible_clients=63.109375 min_eligible_clients=61 sampling_entropy=4.849730 uniform_entropy=4.852030
RG_LC_SCORE round=160 layer=features.10 mean_q=0.173586 S_bar=0.198439 gamma_l=0.656070 mean_eligible_clients=63.125000 min_eligible_clients=60 sampling_entropy=4.851201 uniform_entropy=4.852030
RG_LC_SCORE round=160 layer=features.14 mean_q=0.186311 S_bar=0.198439 gamma_l=0.704165 mean_eligible_clients=63.117188 min_eligible_clients=60 sampling_entropy=5.543348 uniform_entropy=5.545177
RG_LC_SCORE round=160 layer=features.17 mean_q=0.176684 S_bar=0.198439 gamma_l=0.667777 mean_eligible_clients=63.113281 min_eligible_clients=60 sampling_entropy=5.543096 uniform_entropy=5.545177
RG_LC_SCORE round=160 layer=features.20 mean_q=0.178941 S_bar=0.198439 gamma_l=0.676310 mean_eligible_clients=63.117188 min_eligible_clients=59 sampling_entropy=5.544205 uniform_entropy=5.545177
RG_LC_SCORE round=160 layer=features.24 mean_q=0.198100 S_bar=0.198439 gamma_l=0.748721 mean_eligible_clients=63.111328 min_eligible_clients=59 sampling_entropy=6.236475 uniform_entropy=6.238325
RG_LC_SCORE round=160 layer=features.27 mean_q=0.184866 S_bar=0.198439 gamma_l=0.698702 mean_eligible_clients=63.115234 min_eligible_clients=59 sampling_entropy=6.236561 uniform_entropy=6.238325
RG_LC_SCORE round=160 layer=features.30 mean_q=0.170238 S_bar=0.198439 gamma_l=0.643414 mean_eligible_clients=63.103516 min_eligible_clients=60 sampling_entropy=6.236206 uniform_entropy=6.238325
RG_LC_SCORE round=160 layer=features.34 mean_q=0.296263 S_bar=0.198439 gamma_l=0.750000 mean_eligible_clients=63.111328 min_eligible_clients=60 sampling_entropy=6.225409 uniform_entropy=6.238325
RG_LC_SCORE round=160 layer=features.37 mean_q=0.249164 S_bar=0.198439 gamma_l=0.750000 mean_eligible_clients=63.111328 min_eligible_clients=59 sampling_entropy=6.203037 uniform_entropy=6.238325
RG_LC_SCORE round=160 layer=features.40 mean_q=0.128338 S_bar=0.198439 gamma_l=0.485053 mean_eligible_clients=63.125000 min_eligible_clients=59 sampling_entropy=6.184949 uniform_entropy=6.238325
ROUND_ACCURACY method=FedPhoenixRG-LC round=160 accuracy=70.699997
********************************************************************************
Round 160
ROUND_ACCURACY method=FedPhoenixRG-LC round=161 accuracy=76.129997
********************************************************************************
Round 161
ROUND_ACCURACY method=FedPhoenixRG-LC round=162 accuracy=72.029999
********************************************************************************
Round 162
ROUND_ACCURACY method=FedPhoenixRG-LC round=163 accuracy=71.430000
********************************************************************************
Round 163
ROUND_ACCURACY method=FedPhoenixRG-LC round=164 accuracy=66.120003
********************************************************************************
Round 164
ROUND_ACCURACY method=FedPhoenixRG-LC round=165 accuracy=74.589996
********************************************************************************
Round 165
ROUND_ACCURACY method=FedPhoenixRG-LC round=166 accuracy=71.610001
********************************************************************************
Round 166
ROUND_ACCURACY method=FedPhoenixRG-LC round=167 accuracy=69.129997
********************************************************************************
Round 167
ROUND_ACCURACY method=FedPhoenixRG-LC round=168 accuracy=69.540001
********************************************************************************
Round 168
ROUND_ACCURACY method=FedPhoenixRG-LC round=169 accuracy=71.209999
********************************************************************************
Round 169
ROUND_ACCURACY method=FedPhoenixRG-LC round=170 accuracy=69.070000
********************************************************************************
Round 170
ROUND_ACCURACY method=FedPhoenixRG-LC round=171 accuracy=66.620003
********************************************************************************
Round 171
ROUND_ACCURACY method=FedPhoenixRG-LC round=172 accuracy=67.940002
********************************************************************************
Round 172
ROUND_ACCURACY method=FedPhoenixRG-LC round=173 accuracy=59.990002
********************************************************************************
Round 173
ROUND_ACCURACY method=FedPhoenixRG-LC round=174 accuracy=71.059998
********************************************************************************
Round 174
ROUND_ACCURACY method=FedPhoenixRG-LC round=175 accuracy=74.639999
********************************************************************************
Round 175
ROUND_ACCURACY method=FedPhoenixRG-LC round=176 accuracy=74.510002
********************************************************************************
Round 176
ROUND_ACCURACY method=FedPhoenixRG-LC round=177 accuracy=70.489998
********************************************************************************
Round 177
ROUND_ACCURACY method=FedPhoenixRG-LC round=178 accuracy=66.870003
********************************************************************************
Round 178
ROUND_ACCURACY method=FedPhoenixRG-LC round=179 accuracy=76.279999
********************************************************************************
Round 179
RG_LC_SCORE round=180 layer=features.7 mean_q=0.177472 S_bar=0.190727 gamma_l=0.697875 mean_eligible_clients=59.171875 min_eligible_clients=57 sampling_entropy=4.848045 uniform_entropy=4.852030
RG_LC_SCORE round=180 layer=features.10 mean_q=0.168320 S_bar=0.190727 gamma_l=0.661888 mean_eligible_clients=59.171875 min_eligible_clients=56 sampling_entropy=4.850376 uniform_entropy=4.852030
RG_LC_SCORE round=180 layer=features.14 mean_q=0.176410 S_bar=0.190727 gamma_l=0.693701 mean_eligible_clients=59.167969 min_eligible_clients=55 sampling_entropy=5.542889 uniform_entropy=5.545177
RG_LC_SCORE round=180 layer=features.17 mean_q=0.166957 S_bar=0.190727 gamma_l=0.656528 mean_eligible_clients=59.187500 min_eligible_clients=55 sampling_entropy=5.543082 uniform_entropy=5.545177
RG_LC_SCORE round=180 layer=features.20 mean_q=0.168253 S_bar=0.190727 gamma_l=0.661622 mean_eligible_clients=59.183594 min_eligible_clients=56 sampling_entropy=5.544027 uniform_entropy=5.545177
RG_LC_SCORE round=180 layer=features.24 mean_q=0.185335 S_bar=0.190727 gamma_l=0.728793 mean_eligible_clients=59.175781 min_eligible_clients=56 sampling_entropy=6.235871 uniform_entropy=6.238325
RG_LC_SCORE round=180 layer=features.27 mean_q=0.174402 S_bar=0.190727 gamma_l=0.685803 mean_eligible_clients=59.173828 min_eligible_clients=56 sampling_entropy=6.235594 uniform_entropy=6.238325
RG_LC_SCORE round=180 layer=features.30 mean_q=0.157782 S_bar=0.190727 gamma_l=0.620447 mean_eligible_clients=59.181641 min_eligible_clients=56 sampling_entropy=6.235748 uniform_entropy=6.238325
RG_LC_SCORE round=180 layer=features.34 mean_q=0.287841 S_bar=0.190727 gamma_l=0.750000 mean_eligible_clients=59.177734 min_eligible_clients=55 sampling_entropy=6.224112 uniform_entropy=6.238325
RG_LC_SCORE round=180 layer=features.37 mean_q=0.245003 S_bar=0.190727 gamma_l=0.750000 mean_eligible_clients=59.171875 min_eligible_clients=56 sampling_entropy=6.197279 uniform_entropy=6.238325
RG_LC_SCORE round=180 layer=features.40 mean_q=0.133199 S_bar=0.190727 gamma_l=0.523779 mean_eligible_clients=59.179688 min_eligible_clients=55 sampling_entropy=6.178637 uniform_entropy=6.238325
ROUND_ACCURACY method=FedPhoenixRG-LC round=180 accuracy=71.849998
********************************************************************************
Round 180
ROUND_ACCURACY method=FedPhoenixRG-LC round=181 accuracy=75.120003
********************************************************************************
Round 181
ROUND_ACCURACY method=FedPhoenixRG-LC round=182 accuracy=64.739998
********************************************************************************
Round 182
ROUND_ACCURACY method=FedPhoenixRG-LC round=183 accuracy=76.809998
********************************************************************************
Round 183
ROUND_ACCURACY method=FedPhoenixRG-LC round=184 accuracy=73.720001
********************************************************************************
Round 184
ROUND_ACCURACY method=FedPhoenixRG-LC round=185 accuracy=76.269997
********************************************************************************
Round 185
ROUND_ACCURACY method=FedPhoenixRG-LC round=186 accuracy=73.379997
********************************************************************************
Round 186
ROUND_ACCURACY method=FedPhoenixRG-LC round=187 accuracy=69.150002
********************************************************************************
Round 187
ROUND_ACCURACY method=FedPhoenixRG-LC round=188 accuracy=73.360001
********************************************************************************
Round 188
ROUND_ACCURACY method=FedPhoenixRG-LC round=189 accuracy=65.669998
********************************************************************************
Round 189
ROUND_ACCURACY method=FedPhoenixRG-LC round=190 accuracy=68.309998
********************************************************************************
Round 190
ROUND_ACCURACY method=FedPhoenixRG-LC round=191 accuracy=63.340000
********************************************************************************
Round 191
ROUND_ACCURACY method=FedPhoenixRG-LC round=192 accuracy=71.639999
********************************************************************************
Round 192
ROUND_ACCURACY method=FedPhoenixRG-LC round=193 accuracy=74.669998
********************************************************************************
Round 193
ROUND_ACCURACY method=FedPhoenixRG-LC round=194 accuracy=73.419998
********************************************************************************
Round 194
ROUND_ACCURACY method=FedPhoenixRG-LC round=195 accuracy=74.000000
********************************************************************************
Round 195
ROUND_ACCURACY method=FedPhoenixRG-LC round=196 accuracy=77.480003
********************************************************************************
Round 196
ROUND_ACCURACY method=FedPhoenixRG-LC round=197 accuracy=63.160000
********************************************************************************
Round 197
ROUND_ACCURACY method=FedPhoenixRG-LC round=198 accuracy=71.500000
********************************************************************************
Round 198
ROUND_ACCURACY method=FedPhoenixRG-LC round=199 accuracy=52.720001
********************************************************************************
Round 199
RG_LC_SCORE round=200 layer=features.7 mean_q=0.189622 S_bar=0.186681 gamma_l=0.750000 mean_eligible_clients=56.359375 min_eligible_clients=54 sampling_entropy=4.849453 uniform_entropy=4.852030
RG_LC_SCORE round=200 layer=features.10 mean_q=0.174836 S_bar=0.186681 gamma_l=0.702412 mean_eligible_clients=56.367188 min_eligible_clients=54 sampling_entropy=4.850727 uniform_entropy=4.852030
RG_LC_SCORE round=200 layer=features.14 mean_q=0.184842 S_bar=0.186681 gamma_l=0.742612 mean_eligible_clients=56.367188 min_eligible_clients=53 sampling_entropy=5.543291 uniform_entropy=5.545177
RG_LC_SCORE round=200 layer=features.17 mean_q=0.175088 S_bar=0.186681 gamma_l=0.703425 mean_eligible_clients=56.359375 min_eligible_clients=54 sampling_entropy=5.543025 uniform_entropy=5.545177
RG_LC_SCORE round=200 layer=features.20 mean_q=0.174947 S_bar=0.186681 gamma_l=0.702860 mean_eligible_clients=56.371094 min_eligible_clients=54 sampling_entropy=5.544210 uniform_entropy=5.545177
RG_LC_SCORE round=200 layer=features.24 mean_q=0.193168 S_bar=0.186681 gamma_l=0.750000 mean_eligible_clients=56.365234 min_eligible_clients=53 sampling_entropy=6.236290 uniform_entropy=6.238325
RG_LC_SCORE round=200 layer=features.27 mean_q=0.183920 S_bar=0.186681 gamma_l=0.738910 mean_eligible_clients=56.367188 min_eligible_clients=53 sampling_entropy=6.235698 uniform_entropy=6.238325
RG_LC_SCORE round=200 layer=features.30 mean_q=0.159308 S_bar=0.186681 gamma_l=0.640030 mean_eligible_clients=56.365234 min_eligible_clients=53 sampling_entropy=6.235480 uniform_entropy=6.238325
RG_LC_SCORE round=200 layer=features.34 mean_q=0.269643 S_bar=0.186681 gamma_l=0.750000 mean_eligible_clients=56.365234 min_eligible_clients=53 sampling_entropy=6.211486 uniform_entropy=6.238325
RG_LC_SCORE round=200 layer=features.37 mean_q=0.221973 S_bar=0.186681 gamma_l=0.750000 mean_eligible_clients=56.367188 min_eligible_clients=53 sampling_entropy=6.195181 uniform_entropy=6.238325
RG_LC_SCORE round=200 layer=features.40 mean_q=0.106881 S_bar=0.186681 gamma_l=0.429400 mean_eligible_clients=56.355469 min_eligible_clients=52 sampling_entropy=6.195856 uniform_entropy=6.238325
ROUND_ACCURACY method=FedPhoenixRG-LC round=200 accuracy=53.730000
********************************************************************************
Round 200
ROUND_ACCURACY method=FedPhoenixRG-LC round=201 accuracy=67.180000
********************************************************************************
Round 201
ROUND_ACCURACY method=FedPhoenixRG-LC round=202 accuracy=72.360001
********************************************************************************
Round 202
ROUND_ACCURACY method=FedPhoenixRG-LC round=203 accuracy=61.430000
********************************************************************************
Round 203
ROUND_ACCURACY method=FedPhoenixRG-LC round=204 accuracy=73.110001
********************************************************************************
Round 204
ROUND_ACCURACY method=FedPhoenixRG-LC round=205 accuracy=70.260002
********************************************************************************
Round 205
ROUND_ACCURACY method=FedPhoenixRG-LC round=206 accuracy=76.510002
********************************************************************************
Round 206
ROUND_ACCURACY method=FedPhoenixRG-LC round=207 accuracy=76.029999
********************************************************************************
Round 207
ROUND_ACCURACY method=FedPhoenixRG-LC round=208 accuracy=72.040001
********************************************************************************
Round 208
ROUND_ACCURACY method=FedPhoenixRG-LC round=209 accuracy=73.550003
********************************************************************************
Round 209
ROUND_ACCURACY method=FedPhoenixRG-LC round=210 accuracy=75.300003
********************************************************************************
Round 210
ROUND_ACCURACY method=FedPhoenixRG-LC round=211 accuracy=68.220001
********************************************************************************
Round 211
ROUND_ACCURACY method=FedPhoenixRG-LC round=212 accuracy=77.199997
********************************************************************************
Round 212
ROUND_ACCURACY method=FedPhoenixRG-LC round=213 accuracy=72.180000
********************************************************************************
Round 213
ROUND_ACCURACY method=FedPhoenixRG-LC round=214 accuracy=74.809998
********************************************************************************
Round 214
ROUND_ACCURACY method=FedPhoenixRG-LC round=215 accuracy=73.629997
********************************************************************************
Round 215
ROUND_ACCURACY method=FedPhoenixRG-LC round=216 accuracy=72.970001
********************************************************************************
Round 216
ROUND_ACCURACY method=FedPhoenixRG-LC round=217 accuracy=62.470001
********************************************************************************
Round 217
ROUND_ACCURACY method=FedPhoenixRG-LC round=218 accuracy=78.599998
********************************************************************************
Round 218
ROUND_ACCURACY method=FedPhoenixRG-LC round=219 accuracy=67.480003
********************************************************************************
Round 219
RG_LC_SCORE round=220 layer=features.7 mean_q=0.189855 S_bar=0.199235 gamma_l=0.714688 mean_eligible_clients=60.968750 min_eligible_clients=58 sampling_entropy=4.848822 uniform_entropy=4.852030
RG_LC_SCORE round=220 layer=features.10 mean_q=0.170885 S_bar=0.199235 gamma_l=0.643279 mean_eligible_clients=60.953125 min_eligible_clients=58 sampling_entropy=4.850902 uniform_entropy=4.852030
RG_LC_SCORE round=220 layer=features.14 mean_q=0.179429 S_bar=0.199235 gamma_l=0.675442 mean_eligible_clients=60.964844 min_eligible_clients=58 sampling_entropy=5.542600 uniform_entropy=5.545177
RG_LC_SCORE round=220 layer=features.17 mean_q=0.171887 S_bar=0.199235 gamma_l=0.647048 mean_eligible_clients=60.972656 min_eligible_clients=57 sampling_entropy=5.543233 uniform_entropy=5.545177
RG_LC_SCORE round=220 layer=features.20 mean_q=0.171132 S_bar=0.199235 gamma_l=0.644209 mean_eligible_clients=60.976562 min_eligible_clients=58 sampling_entropy=5.544036 uniform_entropy=5.545177
RG_LC_SCORE round=220 layer=features.24 mean_q=0.187435 S_bar=0.199235 gamma_l=0.705577 mean_eligible_clients=60.962891 min_eligible_clients=56 sampling_entropy=6.235506 uniform_entropy=6.238325
RG_LC_SCORE round=220 layer=features.27 mean_q=0.180388 S_bar=0.199235 gamma_l=0.679049 mean_eligible_clients=60.968750 min_eligible_clients=57 sampling_entropy=6.234956 uniform_entropy=6.238325
RG_LC_SCORE round=220 layer=features.30 mean_q=0.158241 S_bar=0.199235 gamma_l=0.595682 mean_eligible_clients=60.974609 min_eligible_clients=57 sampling_entropy=6.234938 uniform_entropy=6.238325
RG_LC_SCORE round=220 layer=features.34 mean_q=0.292594 S_bar=0.199235 gamma_l=0.750000 mean_eligible_clients=60.955078 min_eligible_clients=57 sampling_entropy=6.217882 uniform_entropy=6.238325
RG_LC_SCORE round=220 layer=features.37 mean_q=0.266408 S_bar=0.199235 gamma_l=0.750000 mean_eligible_clients=60.958984 min_eligible_clients=56 sampling_entropy=6.203594 uniform_entropy=6.238325
RG_LC_SCORE round=220 layer=features.40 mean_q=0.157408 S_bar=0.199235 gamma_l=0.592547 mean_eligible_clients=60.958984 min_eligible_clients=57 sampling_entropy=6.158725 uniform_entropy=6.238325
ROUND_ACCURACY method=FedPhoenixRG-LC round=220 accuracy=71.589996
********************************************************************************
Round 220
ROUND_ACCURACY method=FedPhoenixRG-LC round=221 accuracy=71.500000
********************************************************************************
Round 221
ROUND_ACCURACY method=FedPhoenixRG-LC round=222 accuracy=70.739998
********************************************************************************
Round 222
ROUND_ACCURACY method=FedPhoenixRG-LC round=223 accuracy=76.550003
********************************************************************************
Round 223
ROUND_ACCURACY method=FedPhoenixRG-LC round=224 accuracy=75.320000
********************************************************************************
Round 224
ROUND_ACCURACY method=FedPhoenixRG-LC round=225 accuracy=74.870003
********************************************************************************
Round 225
ROUND_ACCURACY method=FedPhoenixRG-LC round=226 accuracy=66.699997
********************************************************************************
Round 226
ROUND_ACCURACY method=FedPhoenixRG-LC round=227 accuracy=73.449997
********************************************************************************
Round 227
ROUND_ACCURACY method=FedPhoenixRG-LC round=228 accuracy=68.500000
********************************************************************************
Round 228
ROUND_ACCURACY method=FedPhoenixRG-LC round=229 accuracy=70.059998
********************************************************************************
Round 229
ROUND_ACCURACY method=FedPhoenixRG-LC round=230 accuracy=76.650002
********************************************************************************
Round 230
ROUND_ACCURACY method=FedPhoenixRG-LC round=231 accuracy=73.440002
********************************************************************************
Round 231
ROUND_ACCURACY method=FedPhoenixRG-LC round=232 accuracy=77.540001
********************************************************************************
Round 232
ROUND_ACCURACY method=FedPhoenixRG-LC round=233 accuracy=72.830002
********************************************************************************
Round 233
ROUND_ACCURACY method=FedPhoenixRG-LC round=234 accuracy=68.940002
********************************************************************************
Round 234
ROUND_ACCURACY method=FedPhoenixRG-LC round=235 accuracy=64.910004
********************************************************************************
Round 235
ROUND_ACCURACY method=FedPhoenixRG-LC round=236 accuracy=77.180000
********************************************************************************
Round 236
ROUND_ACCURACY method=FedPhoenixRG-LC round=237 accuracy=72.589996
********************************************************************************
Round 237
ROUND_ACCURACY method=FedPhoenixRG-LC round=238 accuracy=70.099998
********************************************************************************
Round 238
ROUND_ACCURACY method=FedPhoenixRG-LC round=239 accuracy=75.139999
********************************************************************************
Round 239
RG_LC_SCORE round=240 layer=features.10 mean_q=0.161535 S_bar=0.188618 gamma_l=0.642312 mean_eligible_clients=60.093750 min_eligible_clients=57 sampling_entropy=4.850171 uniform_entropy=4.852030
RG_LC_SCORE round=240 layer=features.14 mean_q=0.168407 S_bar=0.188618 gamma_l=0.669637 mean_eligible_clients=60.128906 min_eligible_clients=57 sampling_entropy=5.543206 uniform_entropy=5.545177
RG_LC_SCORE round=240 layer=features.17 mean_q=0.162293 S_bar=0.188618 gamma_l=0.645323 mean_eligible_clients=60.125000 min_eligible_clients=57 sampling_entropy=5.542916 uniform_entropy=5.545177
RG_LC_SCORE round=240 layer=features.20 mean_q=0.162591 S_bar=0.188618 gamma_l=0.646509 mean_eligible_clients=60.117188 min_eligible_clients=57 sampling_entropy=5.544071 uniform_entropy=5.545177
RG_LC_SCORE round=240 layer=features.24 mean_q=0.183196 S_bar=0.188618 gamma_l=0.728441 mean_eligible_clients=60.115234 min_eligible_clients=57 sampling_entropy=6.235930 uniform_entropy=6.238325
RG_LC_SCORE round=240 layer=features.27 mean_q=0.177360 S_bar=0.188618 gamma_l=0.705235 mean_eligible_clients=60.121094 min_eligible_clients=56 sampling_entropy=6.235454 uniform_entropy=6.238325
RG_LC_SCORE round=240 layer=features.30 mean_q=0.156690 S_bar=0.188618 gamma_l=0.623046 mean_eligible_clients=60.117188 min_eligible_clients=56 sampling_entropy=6.236194 uniform_entropy=6.238325
RG_LC_SCORE round=240 layer=features.34 mean_q=0.284909 S_bar=0.188618 gamma_l=0.750000 mean_eligible_clients=60.111328 min_eligible_clients=57 sampling_entropy=6.211180 uniform_entropy=6.238325
RG_LC_SCORE round=240 layer=features.37 mean_q=0.247225 S_bar=0.188618 gamma_l=0.750000 mean_eligible_clients=60.105469 min_eligible_clients=55 sampling_entropy=6.188160 uniform_entropy=6.238325
RG_LC_SCORE round=240 layer=features.40 mean_q=0.125379 S_bar=0.188618 gamma_l=0.498544 mean_eligible_clients=60.109375 min_eligible_clients=56 sampling_entropy=6.145997 uniform_entropy=6.238325
ROUND_ACCURACY method=FedPhoenixRG-LC round=240 accuracy=66.760002
********************************************************************************
Round 240
ROUND_ACCURACY method=FedPhoenixRG-LC round=241 accuracy=74.839996
********************************************************************************
Round 241
ROUND_ACCURACY method=FedPhoenixRG-LC round=242 accuracy=74.940002
********************************************************************************
Round 242
ROUND_ACCURACY method=FedPhoenixRG-LC round=243 accuracy=75.190002
********************************************************************************
Round 243
ROUND_ACCURACY method=FedPhoenixRG-LC round=244 accuracy=74.050003
********************************************************************************
Round 244
ROUND_ACCURACY method=FedPhoenixRG-LC round=245 accuracy=73.959999
********************************************************************************
Round 245
ROUND_ACCURACY method=FedPhoenixRG-LC round=246 accuracy=75.309998
********************************************************************************
Round 246
ROUND_ACCURACY method=FedPhoenixRG-LC round=247 accuracy=53.029999
********************************************************************************
Round 247
ROUND_ACCURACY method=FedPhoenixRG-LC round=248 accuracy=72.430000
********************************************************************************
Round 248
ROUND_ACCURACY method=FedPhoenixRG-LC round=249 accuracy=69.330002
********************************************************************************
Round 249
ROUND_ACCURACY method=FedPhoenixRG-LC round=250 accuracy=68.709999
********************************************************************************
Round 250
ROUND_ACCURACY method=FedPhoenixRG-LC round=251 accuracy=76.160004
********************************************************************************
Round 251
ROUND_ACCURACY method=FedPhoenixRG-LC round=252 accuracy=73.050003
********************************************************************************
Round 252
ROUND_ACCURACY method=FedPhoenixRG-LC round=253 accuracy=68.459999
********************************************************************************
Round 253
ROUND_ACCURACY method=FedPhoenixRG-LC round=254 accuracy=68.040001
********************************************************************************
Round 254
ROUND_ACCURACY method=FedPhoenixRG-LC round=255 accuracy=78.309998
********************************************************************************
Round 255
ROUND_ACCURACY method=FedPhoenixRG-LC round=256 accuracy=65.930000
********************************************************************************
Round 256
ROUND_ACCURACY method=FedPhoenixRG-LC round=257 accuracy=75.120003
********************************************************************************
Round 257
ROUND_ACCURACY method=FedPhoenixRG-LC round=258 accuracy=73.500000
********************************************************************************
Round 258
ROUND_ACCURACY method=FedPhoenixRG-LC round=259 accuracy=74.470001
********************************************************************************
Round 259
RG_LC_SCORE round=260 layer=features.10 mean_q=0.179746 S_bar=0.245489 gamma_l=0.549147 mean_eligible_clients=60.078125 min_eligible_clients=58 sampling_entropy=4.850916 uniform_entropy=4.852030
RG_LC_SCORE round=260 layer=features.14 mean_q=0.179251 S_bar=0.245489 gamma_l=0.547636 mean_eligible_clients=60.085938 min_eligible_clients=56 sampling_entropy=5.543786 uniform_entropy=5.545177
RG_LC_SCORE round=260 layer=features.17 mean_q=0.171887 S_bar=0.245489 gamma_l=0.525138 mean_eligible_clients=60.085938 min_eligible_clients=57 sampling_entropy=5.543996 uniform_entropy=5.545177
RG_LC_SCORE round=260 layer=features.20 mean_q=0.171807 S_bar=0.245489 gamma_l=0.524894 mean_eligible_clients=60.082031 min_eligible_clients=56 sampling_entropy=5.544577 uniform_entropy=5.545177
RG_LC_SCORE round=260 layer=features.24 mean_q=0.192122 S_bar=0.245489 gamma_l=0.586959 mean_eligible_clients=60.095703 min_eligible_clients=56 sampling_entropy=6.237074 uniform_entropy=6.238325
RG_LC_SCORE round=260 layer=features.27 mean_q=0.189057 S_bar=0.245489 gamma_l=0.577595 mean_eligible_clients=60.095703 min_eligible_clients=56 sampling_entropy=6.236807 uniform_entropy=6.238325
RG_LC_SCORE round=260 layer=features.30 mean_q=0.169283 S_bar=0.245489 gamma_l=0.517182 mean_eligible_clients=60.082031 min_eligible_clients=56 sampling_entropy=6.237244 uniform_entropy=6.238325
RG_LC_SCORE round=260 layer=features.34 mean_q=0.346424 S_bar=0.245489 gamma_l=0.750000 mean_eligible_clients=60.085938 min_eligible_clients=56 sampling_entropy=6.234697 uniform_entropy=6.238325
RG_LC_SCORE round=260 layer=features.37 mean_q=0.392595 S_bar=0.245489 gamma_l=0.750000 mean_eligible_clients=60.091797 min_eligible_clients=56 sampling_entropy=6.233947 uniform_entropy=6.238325
RG_LC_SCORE round=260 layer=features.40 mean_q=0.306645 S_bar=0.245489 gamma_l=0.750000 mean_eligible_clients=60.082031 min_eligible_clients=56 sampling_entropy=6.197945 uniform_entropy=6.238325
ROUND_ACCURACY method=FedPhoenixRG-LC round=260 accuracy=76.220001
********************************************************************************
Round 260
ROUND_ACCURACY method=FedPhoenixRG-LC round=261 accuracy=76.419998
********************************************************************************
Round 261
ROUND_ACCURACY method=FedPhoenixRG-LC round=262 accuracy=74.099998
********************************************************************************
Round 262
ROUND_ACCURACY method=FedPhoenixRG-LC round=263 accuracy=67.239998
********************************************************************************
Round 263
ROUND_ACCURACY method=FedPhoenixRG-LC round=264 accuracy=71.150002
********************************************************************************
Round 264
ROUND_ACCURACY method=FedPhoenixRG-LC round=265 accuracy=74.550003
********************************************************************************
Round 265
ROUND_ACCURACY method=FedPhoenixRG-LC round=266 accuracy=76.199997
********************************************************************************
Round 266
ROUND_ACCURACY method=FedPhoenixRG-LC round=267 accuracy=65.589996
********************************************************************************
Round 267
ROUND_ACCURACY method=FedPhoenixRG-LC round=268 accuracy=59.480000
********************************************************************************
Round 268
ROUND_ACCURACY method=FedPhoenixRG-LC round=269 accuracy=72.300003
********************************************************************************
Round 269
ROUND_ACCURACY method=FedPhoenixRG-LC round=270 accuracy=67.050003
********************************************************************************
Round 270
ROUND_ACCURACY method=FedPhoenixRG-LC round=271 accuracy=72.400002
********************************************************************************
Round 271
ROUND_ACCURACY method=FedPhoenixRG-LC round=272 accuracy=63.009998
********************************************************************************
Round 272
ROUND_ACCURACY method=FedPhoenixRG-LC round=273 accuracy=68.150002
********************************************************************************
Round 273
ROUND_ACCURACY method=FedPhoenixRG-LC round=274 accuracy=53.830002
********************************************************************************
Round 274
ROUND_ACCURACY method=FedPhoenixRG-LC round=275 accuracy=75.949997
********************************************************************************
Round 275
ROUND_ACCURACY method=FedPhoenixRG-LC round=276 accuracy=69.839996
********************************************************************************
Round 276
ROUND_ACCURACY method=FedPhoenixRG-LC round=277 accuracy=77.160004
********************************************************************************
Round 277
ROUND_ACCURACY method=FedPhoenixRG-LC round=278 accuracy=71.779999
********************************************************************************
Round 278
ROUND_ACCURACY method=FedPhoenixRG-LC round=279 accuracy=78.190002
********************************************************************************
Round 279
RG_LC_SCORE round=280 layer=features.10 mean_q=0.173299 S_bar=0.177174 gamma_l=0.733595 mean_eligible_clients=56.125000 min_eligible_clients=53 sampling_entropy=4.850683 uniform_entropy=4.852030
RG_LC_SCORE round=280 layer=features.14 mean_q=0.169170 S_bar=0.177174 gamma_l=0.716119 mean_eligible_clients=56.125000 min_eligible_clients=53 sampling_entropy=5.542604 uniform_entropy=5.545177
RG_LC_SCORE round=280 layer=features.17 mean_q=0.161480 S_bar=0.177174 gamma_l=0.683564 mean_eligible_clients=56.125000 min_eligible_clients=51 sampling_entropy=5.542869 uniform_entropy=5.545177
RG_LC_SCORE round=280 layer=features.20 mean_q=0.159169 S_bar=0.177174 gamma_l=0.673780 mean_eligible_clients=56.113281 min_eligible_clients=53 sampling_entropy=5.543880 uniform_entropy=5.545177
RG_LC_SCORE round=280 layer=features.24 mean_q=0.177850 S_bar=0.177174 gamma_l=0.750000 mean_eligible_clients=56.125000 min_eligible_clients=53 sampling_entropy=6.235624 uniform_entropy=6.238325
RG_LC_SCORE round=280 layer=features.27 mean_q=0.172800 S_bar=0.177174 gamma_l=0.731484 mean_eligible_clients=56.125000 min_eligible_clients=53 sampling_entropy=6.235008 uniform_entropy=6.238325
RG_LC_SCORE round=280 layer=features.30 mean_q=0.150185 S_bar=0.177174 gamma_l=0.635750 mean_eligible_clients=56.123047 min_eligible_clients=53 sampling_entropy=6.235727 uniform_entropy=6.238325
RG_LC_SCORE round=280 layer=features.34 mean_q=0.265540 S_bar=0.177174 gamma_l=0.750000 mean_eligible_clients=56.128906 min_eligible_clients=52 sampling_entropy=6.224430 uniform_entropy=6.238325
RG_LC_SCORE round=280 layer=features.37 mean_q=0.213246 S_bar=0.177174 gamma_l=0.750000 mean_eligible_clients=56.121094 min_eligible_clients=53 sampling_entropy=6.210333 uniform_entropy=6.238325
RG_LC_SCORE round=280 layer=features.40 mean_q=0.105244 S_bar=0.177174 gamma_l=0.445512 mean_eligible_clients=56.123047 min_eligible_clients=53 sampling_entropy=6.201639 uniform_entropy=6.238325
ROUND_ACCURACY method=FedPhoenixRG-LC round=280 accuracy=75.110001
********************************************************************************
Round 280
ROUND_ACCURACY method=FedPhoenixRG-LC round=281 accuracy=69.360001
********************************************************************************
Round 281
ROUND_ACCURACY method=FedPhoenixRG-LC round=282 accuracy=65.010002
********************************************************************************
Round 282
ROUND_ACCURACY method=FedPhoenixRG-LC round=283 accuracy=72.300003
********************************************************************************
Round 283
ROUND_ACCURACY method=FedPhoenixRG-LC round=284 accuracy=75.480003
********************************************************************************
Round 284
ROUND_ACCURACY method=FedPhoenixRG-LC round=285 accuracy=74.849998
********************************************************************************
Round 285
ROUND_ACCURACY method=FedPhoenixRG-LC round=286 accuracy=66.260002
********************************************************************************
Round 286
ROUND_ACCURACY method=FedPhoenixRG-LC round=287 accuracy=74.309998
********************************************************************************
Round 287
ROUND_ACCURACY method=FedPhoenixRG-LC round=288 accuracy=70.860001
********************************************************************************
Round 288
ROUND_ACCURACY method=FedPhoenixRG-LC round=289 accuracy=74.550003
********************************************************************************
Round 289
ROUND_ACCURACY method=FedPhoenixRG-LC round=290 accuracy=77.550003
********************************************************************************
Round 290
ROUND_ACCURACY method=FedPhoenixRG-LC round=291 accuracy=74.930000
********************************************************************************
Round 291
ROUND_ACCURACY method=FedPhoenixRG-LC round=292 accuracy=71.989998
********************************************************************************
Round 292
ROUND_ACCURACY method=FedPhoenixRG-LC round=293 accuracy=74.080002
********************************************************************************
Round 293
ROUND_ACCURACY method=FedPhoenixRG-LC round=294 accuracy=73.489998
********************************************************************************
Round 294
ROUND_ACCURACY method=FedPhoenixRG-LC round=295 accuracy=72.330002
********************************************************************************
Round 295
ROUND_ACCURACY method=FedPhoenixRG-LC round=296 accuracy=75.870003
********************************************************************************
Round 296
ROUND_ACCURACY method=FedPhoenixRG-LC round=297 accuracy=76.360001
********************************************************************************
Round 297
ROUND_ACCURACY method=FedPhoenixRG-LC round=298 accuracy=60.520000
********************************************************************************
Round 298
ROUND_ACCURACY method=FedPhoenixRG-LC round=299 accuracy=70.940002
********************************************************************************
Round 299
RG_LC_SCORE round=300 layer=features.10 mean_q=0.154080 S_bar=0.166683 gamma_l=0.693291 mean_eligible_clients=59.242188 min_eligible_clients=56 sampling_entropy=4.849716 uniform_entropy=4.852030
RG_LC_SCORE round=300 layer=features.14 mean_q=0.152467 S_bar=0.166683 gamma_l=0.686033 mean_eligible_clients=59.242188 min_eligible_clients=56 sampling_entropy=5.542914 uniform_entropy=5.545177
RG_LC_SCORE round=300 layer=features.17 mean_q=0.145301 S_bar=0.166683 gamma_l=0.653788 mean_eligible_clients=59.250000 min_eligible_clients=56 sampling_entropy=5.542879 uniform_entropy=5.545177
RG_LC_SCORE round=300 layer=features.20 mean_q=0.144272 S_bar=0.166683 gamma_l=0.649159 mean_eligible_clients=59.230469 min_eligible_clients=55 sampling_entropy=5.543578 uniform_entropy=5.545177
RG_LC_SCORE round=300 layer=features.24 mean_q=0.161794 S_bar=0.166683 gamma_l=0.728001 mean_eligible_clients=59.228516 min_eligible_clients=55 sampling_entropy=6.235024 uniform_entropy=6.238325
RG_LC_SCORE round=300 layer=features.27 mean_q=0.154544 S_bar=0.166683 gamma_l=0.695380 mean_eligible_clients=59.240234 min_eligible_clients=55 sampling_entropy=6.234619 uniform_entropy=6.238325
RG_LC_SCORE round=300 layer=features.30 mean_q=0.136707 S_bar=0.166683 gamma_l=0.615123 mean_eligible_clients=59.240234 min_eligible_clients=54 sampling_entropy=6.235290 uniform_entropy=6.238325
RG_LC_SCORE round=300 layer=features.34 mean_q=0.241680 S_bar=0.166683 gamma_l=0.750000 mean_eligible_clients=59.232422 min_eligible_clients=55 sampling_entropy=6.216183 uniform_entropy=6.238325
RG_LC_SCORE round=300 layer=features.37 mean_q=0.223063 S_bar=0.166683 gamma_l=0.750000 mean_eligible_clients=59.238281 min_eligible_clients=56 sampling_entropy=6.210605 uniform_entropy=6.238325
RG_LC_SCORE round=300 layer=features.40 mean_q=0.114466 S_bar=0.166683 gamma_l=0.515048 mean_eligible_clients=59.250000 min_eligible_clients=55 sampling_entropy=6.187443 uniform_entropy=6.238325
ROUND_ACCURACY method=FedPhoenixRG-LC round=300 accuracy=74.800003
********************************************************************************
Round 300
ROUND_ACCURACY method=FedPhoenixRG-LC round=301 accuracy=77.559998
********************************************************************************
Round 301
ROUND_ACCURACY method=FedPhoenixRG-LC round=302 accuracy=67.910004
********************************************************************************
Round 302
ROUND_ACCURACY method=FedPhoenixRG-LC round=303 accuracy=76.809998
********************************************************************************
Round 303
ROUND_ACCURACY method=FedPhoenixRG-LC round=304 accuracy=72.860001
********************************************************************************
Round 304
ROUND_ACCURACY method=FedPhoenixRG-LC round=305 accuracy=77.680000
********************************************************************************
Round 305
ROUND_ACCURACY method=FedPhoenixRG-LC round=306 accuracy=71.559998
********************************************************************************
Round 306
ROUND_ACCURACY method=FedPhoenixRG-LC round=307 accuracy=75.160004
********************************************************************************
Round 307
ROUND_ACCURACY method=FedPhoenixRG-LC round=308 accuracy=72.410004
********************************************************************************
Round 308
ROUND_ACCURACY method=FedPhoenixRG-LC round=309 accuracy=77.239998
********************************************************************************
Round 309
ROUND_ACCURACY method=FedPhoenixRG-LC round=310 accuracy=77.459999
********************************************************************************
Round 310
ROUND_ACCURACY method=FedPhoenixRG-LC round=311 accuracy=75.379997
********************************************************************************
Round 311
ROUND_ACCURACY method=FedPhoenixRG-LC round=312 accuracy=74.570000
********************************************************************************
Round 312
ROUND_ACCURACY method=FedPhoenixRG-LC round=313 accuracy=73.169998
********************************************************************************
Round 313
ROUND_ACCURACY method=FedPhoenixRG-LC round=314 accuracy=75.959999
********************************************************************************
Round 314
ROUND_ACCURACY method=FedPhoenixRG-LC round=315 accuracy=70.879997
********************************************************************************
Round 315
ROUND_ACCURACY method=FedPhoenixRG-LC round=316 accuracy=75.190002
********************************************************************************
Round 316
ROUND_ACCURACY method=FedPhoenixRG-LC round=317 accuracy=71.949997
********************************************************************************
Round 317
ROUND_ACCURACY method=FedPhoenixRG-LC round=318 accuracy=66.809998
********************************************************************************
Round 318
ROUND_ACCURACY method=FedPhoenixRG-LC round=319 accuracy=68.190002
********************************************************************************
Round 319
RG_LC_SCORE round=320 layer=features.14 mean_q=0.136628 S_bar=0.160763 gamma_l=0.637407 mean_eligible_clients=62.035156 min_eligible_clients=59 sampling_entropy=5.540178 uniform_entropy=5.545177
RG_LC_SCORE round=320 layer=features.17 mean_q=0.128020 S_bar=0.160763 gamma_l=0.597248 mean_eligible_clients=62.027344 min_eligible_clients=59 sampling_entropy=5.540128 uniform_entropy=5.545177
RG_LC_SCORE round=320 layer=features.20 mean_q=0.126371 S_bar=0.160763 gamma_l=0.589554 mean_eligible_clients=62.019531 min_eligible_clients=59 sampling_entropy=5.541475 uniform_entropy=5.545177
RG_LC_SCORE round=320 layer=features.24 mean_q=0.144288 S_bar=0.160763 gamma_l=0.673142 mean_eligible_clients=62.025391 min_eligible_clients=58 sampling_entropy=6.226987 uniform_entropy=6.238325
RG_LC_SCORE round=320 layer=features.27 mean_q=0.144328 S_bar=0.160763 gamma_l=0.673325 mean_eligible_clients=62.023438 min_eligible_clients=59 sampling_entropy=6.226394 uniform_entropy=6.238325
RG_LC_SCORE round=320 layer=features.30 mean_q=0.125131 S_bar=0.160763 gamma_l=0.583767 mean_eligible_clients=62.021484 min_eligible_clients=58 sampling_entropy=6.230080 uniform_entropy=6.238325
RG_LC_SCORE round=320 layer=features.34 mean_q=0.239981 S_bar=0.160763 gamma_l=0.750000 mean_eligible_clients=62.021484 min_eligible_clients=59 sampling_entropy=6.184513 uniform_entropy=6.238325
RG_LC_SCORE round=320 layer=features.37 mean_q=0.210962 S_bar=0.160763 gamma_l=0.750000 mean_eligible_clients=62.029297 min_eligible_clients=58 sampling_entropy=6.155312 uniform_entropy=6.238325
RG_LC_SCORE round=320 layer=features.40 mean_q=0.145521 S_bar=0.160763 gamma_l=0.678895 mean_eligible_clients=62.007812 min_eligible_clients=58 sampling_entropy=6.102911 uniform_entropy=6.238325
ROUND_ACCURACY method=FedPhoenixRG-LC round=320 accuracy=74.529999
********************************************************************************
Round 320
ROUND_ACCURACY method=FedPhoenixRG-LC round=321 accuracy=68.110001
********************************************************************************
Round 321
ROUND_ACCURACY method=FedPhoenixRG-LC round=322 accuracy=75.839996
********************************************************************************
Round 322
ROUND_ACCURACY method=FedPhoenixRG-LC round=323 accuracy=75.070000
********************************************************************************
Round 323
ROUND_ACCURACY method=FedPhoenixRG-LC round=324 accuracy=70.230003
********************************************************************************
Round 324
ROUND_ACCURACY method=FedPhoenixRG-LC round=325 accuracy=77.160004
********************************************************************************
Round 325
ROUND_ACCURACY method=FedPhoenixRG-LC round=326 accuracy=74.970001
********************************************************************************
Round 326
ROUND_ACCURACY method=FedPhoenixRG-LC round=327 accuracy=78.239998
********************************************************************************
Round 327
ROUND_ACCURACY method=FedPhoenixRG-LC round=328 accuracy=74.070000
********************************************************************************
Round 328
ROUND_ACCURACY method=FedPhoenixRG-LC round=329 accuracy=78.739998
********************************************************************************
Round 329
ROUND_ACCURACY method=FedPhoenixRG-LC round=330 accuracy=76.080002
********************************************************************************
Round 330
ROUND_ACCURACY method=FedPhoenixRG-LC round=331 accuracy=66.349998
********************************************************************************
Round 331
ROUND_ACCURACY method=FedPhoenixRG-LC round=332 accuracy=72.300003
********************************************************************************
Round 332
ROUND_ACCURACY method=FedPhoenixRG-LC round=333 accuracy=76.389999
********************************************************************************
Round 333
ROUND_ACCURACY method=FedPhoenixRG-LC round=334 accuracy=74.430000
********************************************************************************
Round 334
ROUND_ACCURACY method=FedPhoenixRG-LC round=335 accuracy=77.209999
********************************************************************************
Round 335
ROUND_ACCURACY method=FedPhoenixRG-LC round=336 accuracy=77.629997
********************************************************************************
Round 336
ROUND_ACCURACY method=FedPhoenixRG-LC round=337 accuracy=76.059998
********************************************************************************
Round 337
ROUND_ACCURACY method=FedPhoenixRG-LC round=338 accuracy=79.129997
********************************************************************************
Round 338
ROUND_ACCURACY method=FedPhoenixRG-LC round=339 accuracy=73.910004
********************************************************************************
Round 339
RG_LC_SCORE round=340 layer=features.14 mean_q=0.179257 S_bar=0.185244 gamma_l=0.725757 mean_eligible_clients=64.023438 min_eligible_clients=61 sampling_entropy=5.543205 uniform_entropy=5.545177
RG_LC_SCORE round=340 layer=features.17 mean_q=0.164497 S_bar=0.185244 gamma_l=0.665999 mean_eligible_clients=64.019531 min_eligible_clients=60 sampling_entropy=5.542869 uniform_entropy=5.545177
RG_LC_SCORE round=340 layer=features.20 mean_q=0.160403 S_bar=0.185244 gamma_l=0.649423 mean_eligible_clients=64.023438 min_eligible_clients=61 sampling_entropy=5.544181 uniform_entropy=5.545177
RG_LC_SCORE round=340 layer=features.24 mean_q=0.178832 S_bar=0.185244 gamma_l=0.724039 mean_eligible_clients=64.011719 min_eligible_clients=60 sampling_entropy=6.236242 uniform_entropy=6.238325
RG_LC_SCORE round=340 layer=features.27 mean_q=0.176450 S_bar=0.185244 gamma_l=0.714396 mean_eligible_clients=64.009766 min_eligible_clients=60 sampling_entropy=6.235452 uniform_entropy=6.238325
RG_LC_SCORE round=340 layer=features.30 mean_q=0.153435 S_bar=0.185244 gamma_l=0.621212 mean_eligible_clients=64.015625 min_eligible_clients=60 sampling_entropy=6.235754 uniform_entropy=6.238325
RG_LC_SCORE round=340 layer=features.34 mean_q=0.268236 S_bar=0.185244 gamma_l=0.750000 mean_eligible_clients=64.025391 min_eligible_clients=60 sampling_entropy=6.219535 uniform_entropy=6.238325
RG_LC_SCORE round=340 layer=features.37 mean_q=0.234876 S_bar=0.185244 gamma_l=0.750000 mean_eligible_clients=64.021484 min_eligible_clients=59 sampling_entropy=6.201862 uniform_entropy=6.238325
RG_LC_SCORE round=340 layer=features.40 mean_q=0.125426 S_bar=0.185244 gamma_l=0.507812 mean_eligible_clients=64.025391 min_eligible_clients=60 sampling_entropy=6.190297 uniform_entropy=6.238325
ROUND_ACCURACY method=FedPhoenixRG-LC round=340 accuracy=73.610001
********************************************************************************
Round 340
ROUND_ACCURACY method=FedPhoenixRG-LC round=341 accuracy=69.769997
********************************************************************************
Round 341
ROUND_ACCURACY method=FedPhoenixRG-LC round=342 accuracy=75.110001
********************************************************************************
Round 342
ROUND_ACCURACY method=FedPhoenixRG-LC round=343 accuracy=65.620003
********************************************************************************
Round 343
ROUND_ACCURACY method=FedPhoenixRG-LC round=344 accuracy=75.650002
********************************************************************************
Round 344
ROUND_ACCURACY method=FedPhoenixRG-LC round=345 accuracy=76.220001
********************************************************************************
Round 345
ROUND_ACCURACY method=FedPhoenixRG-LC round=346 accuracy=77.860001
********************************************************************************
Round 346
ROUND_ACCURACY method=FedPhoenixRG-LC round=347 accuracy=70.190002
********************************************************************************
Round 347
ROUND_ACCURACY method=FedPhoenixRG-LC round=348 accuracy=67.239998
********************************************************************************
Round 348
ROUND_ACCURACY method=FedPhoenixRG-LC round=349 accuracy=79.019997
********************************************************************************
Round 349
ROUND_ACCURACY method=FedPhoenixRG-LC round=350 accuracy=78.370003
********************************************************************************
Round 350
ROUND_ACCURACY method=FedPhoenixRG-LC round=351 accuracy=70.910004
********************************************************************************
Round 351
ROUND_ACCURACY method=FedPhoenixRG-LC round=352 accuracy=78.690002
********************************************************************************
Round 352
ROUND_ACCURACY method=FedPhoenixRG-LC round=353 accuracy=71.440002
********************************************************************************
Round 353
ROUND_ACCURACY method=FedPhoenixRG-LC round=354 accuracy=68.160004
********************************************************************************
Round 354
ROUND_ACCURACY method=FedPhoenixRG-LC round=355 accuracy=71.449997
********************************************************************************
Round 355
ROUND_ACCURACY method=FedPhoenixRG-LC round=356 accuracy=74.099998
********************************************************************************
Round 356
ROUND_ACCURACY method=FedPhoenixRG-LC round=357 accuracy=79.550003
********************************************************************************
Round 357
ROUND_ACCURACY method=FedPhoenixRG-LC round=358 accuracy=78.800003
********************************************************************************
Round 358
ROUND_ACCURACY method=FedPhoenixRG-LC round=359 accuracy=71.139999
********************************************************************************
Round 359
RG_LC_SCORE round=360 layer=features.14 mean_q=0.162168 S_bar=0.221706 gamma_l=0.548590 mean_eligible_clients=60.117188 min_eligible_clients=56 sampling_entropy=5.543565 uniform_entropy=5.545177
RG_LC_SCORE round=360 layer=features.17 mean_q=0.149624 S_bar=0.221706 gamma_l=0.506157 mean_eligible_clients=60.101562 min_eligible_clients=57 sampling_entropy=5.543717 uniform_entropy=5.545177
RG_LC_SCORE round=360 layer=features.20 mean_q=0.145021 S_bar=0.221706 gamma_l=0.490585 mean_eligible_clients=60.117188 min_eligible_clients=57 sampling_entropy=5.544376 uniform_entropy=5.545177
RG_LC_SCORE round=360 layer=features.24 mean_q=0.166875 S_bar=0.221706 gamma_l=0.564515 mean_eligible_clients=60.125000 min_eligible_clients=56 sampling_entropy=6.236747 uniform_entropy=6.238325
RG_LC_SCORE round=360 layer=features.27 mean_q=0.168383 S_bar=0.221706 gamma_l=0.569615 mean_eligible_clients=60.111328 min_eligible_clients=56 sampling_entropy=6.236249 uniform_entropy=6.238325
RG_LC_SCORE round=360 layer=features.30 mean_q=0.149485 S_bar=0.221706 gamma_l=0.505685 mean_eligible_clients=60.115234 min_eligible_clients=56 sampling_entropy=6.236714 uniform_entropy=6.238325
RG_LC_SCORE round=360 layer=features.34 mean_q=0.329527 S_bar=0.221706 gamma_l=0.750000 mean_eligible_clients=60.121094 min_eligible_clients=56 sampling_entropy=6.233045 uniform_entropy=6.238325
RG_LC_SCORE round=360 layer=features.37 mean_q=0.356352 S_bar=0.221706 gamma_l=0.750000 mean_eligible_clients=60.121094 min_eligible_clients=56 sampling_entropy=6.231455 uniform_entropy=6.238325
RG_LC_SCORE round=360 layer=features.40 mean_q=0.263767 S_bar=0.221706 gamma_l=0.750000 mean_eligible_clients=60.119141 min_eligible_clients=56 sampling_entropy=6.201559 uniform_entropy=6.238325
ROUND_ACCURACY method=FedPhoenixRG-LC round=360 accuracy=76.570000
********************************************************************************
Round 360
ROUND_ACCURACY method=FedPhoenixRG-LC round=361 accuracy=72.099998
********************************************************************************
Round 361
ROUND_ACCURACY method=FedPhoenixRG-LC round=362 accuracy=65.870003
********************************************************************************
Round 362
ROUND_ACCURACY method=FedPhoenixRG-LC round=363 accuracy=64.470001
********************************************************************************
Round 363
ROUND_ACCURACY method=FedPhoenixRG-LC round=364 accuracy=64.290001
********************************************************************************
Round 364
ROUND_ACCURACY method=FedPhoenixRG-LC round=365 accuracy=66.809998
********************************************************************************
Round 365
ROUND_ACCURACY method=FedPhoenixRG-LC round=366 accuracy=75.370003
********************************************************************************
Round 366
ROUND_ACCURACY method=FedPhoenixRG-LC round=367 accuracy=72.470001
********************************************************************************
Round 367
ROUND_ACCURACY method=FedPhoenixRG-LC round=368 accuracy=74.349998
********************************************************************************
Round 368
ROUND_ACCURACY method=FedPhoenixRG-LC round=369 accuracy=75.589996
********************************************************************************
Round 369
ROUND_ACCURACY method=FedPhoenixRG-LC round=370 accuracy=69.400002
********************************************************************************
Round 370
ROUND_ACCURACY method=FedPhoenixRG-LC round=371 accuracy=78.809998
********************************************************************************
Round 371
ROUND_ACCURACY method=FedPhoenixRG-LC round=372 accuracy=68.940002
********************************************************************************
Round 372
ROUND_ACCURACY method=FedPhoenixRG-LC round=373 accuracy=65.849998
********************************************************************************
Round 373
ROUND_ACCURACY method=FedPhoenixRG-LC round=374 accuracy=76.330002
********************************************************************************
Round 374
ROUND_ACCURACY method=FedPhoenixRG-LC round=375 accuracy=74.639999
********************************************************************************
Round 375
ROUND_ACCURACY method=FedPhoenixRG-LC round=376 accuracy=75.370003
********************************************************************************
Round 376
ROUND_ACCURACY method=FedPhoenixRG-LC round=377 accuracy=62.619999
********************************************************************************
Round 377
ROUND_ACCURACY method=FedPhoenixRG-LC round=378 accuracy=75.160004
********************************************************************************
Round 378
ROUND_ACCURACY method=FedPhoenixRG-LC round=379 accuracy=77.589996
********************************************************************************
Round 379
RG_LC_SCORE round=380 layer=features.14 mean_q=0.164682 S_bar=0.204125 gamma_l=0.605079 mean_eligible_clients=64.847656 min_eligible_clients=61 sampling_entropy=5.543503 uniform_entropy=5.545177
RG_LC_SCORE round=380 layer=features.17 mean_q=0.151732 S_bar=0.204125 gamma_l=0.557497 mean_eligible_clients=64.835938 min_eligible_clients=61 sampling_entropy=5.543532 uniform_entropy=5.545177
RG_LC_SCORE round=380 layer=features.20 mean_q=0.146780 S_bar=0.204125 gamma_l=0.539303 mean_eligible_clients=64.839844 min_eligible_clients=62 sampling_entropy=5.544253 uniform_entropy=5.545177
RG_LC_SCORE round=380 layer=features.24 mean_q=0.166950 S_bar=0.204125 gamma_l=0.613414 mean_eligible_clients=64.843750 min_eligible_clients=60 sampling_entropy=6.236536 uniform_entropy=6.238325
RG_LC_SCORE round=380 layer=features.27 mean_q=0.163976 S_bar=0.204125 gamma_l=0.602484 mean_eligible_clients=64.835938 min_eligible_clients=61 sampling_entropy=6.236080 uniform_entropy=6.238325
RG_LC_SCORE round=380 layer=features.30 mean_q=0.145630 S_bar=0.204125 gamma_l=0.535079 mean_eligible_clients=64.843750 min_eligible_clients=60 sampling_entropy=6.236857 uniform_entropy=6.238325
RG_LC_SCORE round=380 layer=features.34 mean_q=0.288673 S_bar=0.204125 gamma_l=0.750000 mean_eligible_clients=64.837891 min_eligible_clients=61 sampling_entropy=6.232330 uniform_entropy=6.238325
RG_LC_SCORE round=380 layer=features.37 mean_q=0.302083 S_bar=0.204125 gamma_l=0.750000 mean_eligible_clients=64.837891 min_eligible_clients=60 sampling_entropy=6.230234 uniform_entropy=6.238325
RG_LC_SCORE round=380 layer=features.40 mean_q=0.232025 S_bar=0.204125 gamma_l=0.750000 mean_eligible_clients=64.839844 min_eligible_clients=61 sampling_entropy=6.193473 uniform_entropy=6.238325
ROUND_ACCURACY method=FedPhoenixRG-LC round=380 accuracy=79.570000
********************************************************************************
Round 380
ROUND_ACCURACY method=FedPhoenixRG-LC round=381 accuracy=70.690002
********************************************************************************
Round 381
ROUND_ACCURACY method=FedPhoenixRG-LC round=382 accuracy=75.750000
********************************************************************************
Round 382
ROUND_ACCURACY method=FedPhoenixRG-LC round=383 accuracy=67.389999
********************************************************************************
Round 383
ROUND_ACCURACY method=FedPhoenixRG-LC round=384 accuracy=70.269997
********************************************************************************
Round 384
ROUND_ACCURACY method=FedPhoenixRG-LC round=385 accuracy=70.699997
********************************************************************************
Round 385
ROUND_ACCURACY method=FedPhoenixRG-LC round=386 accuracy=75.400002
********************************************************************************
Round 386
ROUND_ACCURACY method=FedPhoenixRG-LC round=387 accuracy=77.910004
********************************************************************************
Round 387
ROUND_ACCURACY method=FedPhoenixRG-LC round=388 accuracy=76.339996
********************************************************************************
Round 388
ROUND_ACCURACY method=FedPhoenixRG-LC round=389 accuracy=79.930000
********************************************************************************
Round 389
ROUND_ACCURACY method=FedPhoenixRG-LC round=390 accuracy=71.220001
********************************************************************************
Round 390
ROUND_ACCURACY method=FedPhoenixRG-LC round=391 accuracy=72.690002
********************************************************************************
Round 391
ROUND_ACCURACY method=FedPhoenixRG-LC round=392 accuracy=63.590000
********************************************************************************
Round 392
ROUND_ACCURACY method=FedPhoenixRG-LC round=393 accuracy=75.849998
********************************************************************************
Round 393
ROUND_ACCURACY method=FedPhoenixRG-LC round=394 accuracy=71.900002
********************************************************************************
Round 394
ROUND_ACCURACY method=FedPhoenixRG-LC round=395 accuracy=70.279999
********************************************************************************
Round 395
ROUND_ACCURACY method=FedPhoenixRG-LC round=396 accuracy=64.290001
********************************************************************************
Round 396
ROUND_ACCURACY method=FedPhoenixRG-LC round=397 accuracy=78.580002
********************************************************************************
Round 397
ROUND_ACCURACY method=FedPhoenixRG-LC round=398 accuracy=77.180000
********************************************************************************
Round 398
ROUND_ACCURACY method=FedPhoenixRG-LC round=399 accuracy=68.739998
********************************************************************************
Round 399
RG_LC_SCORE round=400 layer=features.17 mean_q=0.121629 S_bar=0.195021 gamma_l=0.467754 mean_eligible_clients=57.203125 min_eligible_clients=54 sampling_entropy=5.543491 uniform_entropy=5.545177
RG_LC_SCORE round=400 layer=features.20 mean_q=0.116224 S_bar=0.195021 gamma_l=0.446967 mean_eligible_clients=57.203125 min_eligible_clients=54 sampling_entropy=5.544128 uniform_entropy=5.545177
RG_LC_SCORE round=400 layer=features.24 mean_q=0.138139 S_bar=0.195021 gamma_l=0.531246 mean_eligible_clients=57.218750 min_eligible_clients=53 sampling_entropy=6.236064 uniform_entropy=6.238325
RG_LC_SCORE round=400 layer=features.27 mean_q=0.141898 S_bar=0.195021 gamma_l=0.545703 mean_eligible_clients=57.210938 min_eligible_clients=54 sampling_entropy=6.235754 uniform_entropy=6.238325
RG_LC_SCORE round=400 layer=features.30 mean_q=0.128539 S_bar=0.195021 gamma_l=0.494328 mean_eligible_clients=57.208984 min_eligible_clients=54 sampling_entropy=6.236431 uniform_entropy=6.238325
RG_LC_SCORE round=400 layer=features.34 mean_q=0.278896 S_bar=0.195021 gamma_l=0.750000 mean_eligible_clients=57.212891 min_eligible_clients=54 sampling_entropy=6.230611 uniform_entropy=6.238325
RG_LC_SCORE round=400 layer=features.37 mean_q=0.316630 S_bar=0.195021 gamma_l=0.750000 mean_eligible_clients=57.216797 min_eligible_clients=54 sampling_entropy=6.230262 uniform_entropy=6.238325
RG_LC_SCORE round=400 layer=features.40 mean_q=0.242121 S_bar=0.195021 gamma_l=0.750000 mean_eligible_clients=57.205078 min_eligible_clients=54 sampling_entropy=6.202542 uniform_entropy=6.238325
ROUND_ACCURACY method=FedPhoenixRG-LC round=400 accuracy=71.919998
********************************************************************************
Round 400
ROUND_ACCURACY method=FedPhoenixRG-LC round=401 accuracy=75.620003
********************************************************************************
Round 401
ROUND_ACCURACY method=FedPhoenixRG-LC round=402 accuracy=69.150002
********************************************************************************
Round 402
ROUND_ACCURACY method=FedPhoenixRG-LC round=403 accuracy=73.070000
********************************************************************************
Round 403
ROUND_ACCURACY method=FedPhoenixRG-LC round=404 accuracy=74.120003
********************************************************************************
Round 404
ROUND_ACCURACY method=FedPhoenixRG-LC round=405 accuracy=73.379997
********************************************************************************
Round 405
ROUND_ACCURACY method=FedPhoenixRG-LC round=406 accuracy=74.059998
********************************************************************************
Round 406
ROUND_ACCURACY method=FedPhoenixRG-LC round=407 accuracy=73.040001
********************************************************************************
Round 407
ROUND_ACCURACY method=FedPhoenixRG-LC round=408 accuracy=75.260002
********************************************************************************
Round 408
ROUND_ACCURACY method=FedPhoenixRG-LC round=409 accuracy=76.470001
********************************************************************************
Round 409
ROUND_ACCURACY method=FedPhoenixRG-LC round=410 accuracy=66.110001
********************************************************************************
Round 410
ROUND_ACCURACY method=FedPhoenixRG-LC round=411 accuracy=64.110001
********************************************************************************
Round 411
ROUND_ACCURACY method=FedPhoenixRG-LC round=412 accuracy=56.869999
********************************************************************************
Round 412
ROUND_ACCURACY method=FedPhoenixRG-LC round=413 accuracy=72.339996
********************************************************************************
Round 413
ROUND_ACCURACY method=FedPhoenixRG-LC round=414 accuracy=75.930000
********************************************************************************
Round 414
ROUND_ACCURACY method=FedPhoenixRG-LC round=415 accuracy=79.180000
********************************************************************************
Round 415
ROUND_ACCURACY method=FedPhoenixRG-LC round=416 accuracy=71.940002
********************************************************************************
Round 416
ROUND_ACCURACY method=FedPhoenixRG-LC round=417 accuracy=78.230003
********************************************************************************
Round 417
ROUND_ACCURACY method=FedPhoenixRG-LC round=418 accuracy=69.900002
********************************************************************************
Round 418
ROUND_ACCURACY method=FedPhoenixRG-LC round=419 accuracy=71.190002
********************************************************************************
Round 419
RG_LC_SCORE round=420 layer=features.17 mean_q=0.122258 S_bar=0.149216 gamma_l=0.614503 mean_eligible_clients=60.140625 min_eligible_clients=57 sampling_entropy=5.535956 uniform_entropy=5.545177
RG_LC_SCORE round=420 layer=features.20 mean_q=0.106441 S_bar=0.149216 gamma_l=0.535003 mean_eligible_clients=60.148438 min_eligible_clients=57 sampling_entropy=5.538963 uniform_entropy=5.545177
RG_LC_SCORE round=420 layer=features.24 mean_q=0.118186 S_bar=0.149216 gamma_l=0.594036 mean_eligible_clients=60.150391 min_eligible_clients=56 sampling_entropy=6.223698 uniform_entropy=6.238325
RG_LC_SCORE round=420 layer=features.27 mean_q=0.112431 S_bar=0.149216 gamma_l=0.565110 mean_eligible_clients=60.150391 min_eligible_clients=56 sampling_entropy=6.223109 uniform_entropy=6.238325
RG_LC_SCORE round=420 layer=features.30 mean_q=0.091035 S_bar=0.149216 gamma_l=0.457567 mean_eligible_clients=60.150391 min_eligible_clients=57 sampling_entropy=6.217140 uniform_entropy=6.238325
RG_LC_SCORE round=420 layer=features.34 mean_q=0.214099 S_bar=0.149216 gamma_l=0.750000 mean_eligible_clients=60.148438 min_eligible_clients=57 sampling_entropy=6.173567 uniform_entropy=6.238325
RG_LC_SCORE round=420 layer=features.37 mean_q=0.229031 S_bar=0.149216 gamma_l=0.750000 mean_eligible_clients=60.146484 min_eligible_clients=56 sampling_entropy=6.187089 uniform_entropy=6.238325
RG_LC_SCORE round=420 layer=features.40 mean_q=0.165379 S_bar=0.149216 gamma_l=0.750000 mean_eligible_clients=60.152344 min_eligible_clients=57 sampling_entropy=6.130542 uniform_entropy=6.238325
ROUND_ACCURACY method=FedPhoenixRG-LC round=420 accuracy=77.430000
********************************************************************************
Round 420
ROUND_ACCURACY method=FedPhoenixRG-LC round=421 accuracy=77.519997
********************************************************************************
Round 421
ROUND_ACCURACY method=FedPhoenixRG-LC round=422 accuracy=72.720001
********************************************************************************
Round 422
ROUND_ACCURACY method=FedPhoenixRG-LC round=423 accuracy=73.919998
********************************************************************************
Round 423
ROUND_ACCURACY method=FedPhoenixRG-LC round=424 accuracy=73.779999
********************************************************************************
Round 424
ROUND_ACCURACY method=FedPhoenixRG-LC round=425 accuracy=78.150002
********************************************************************************
Round 425
ROUND_ACCURACY method=FedPhoenixRG-LC round=426 accuracy=68.089996
********************************************************************************
Round 426
ROUND_ACCURACY method=FedPhoenixRG-LC round=427 accuracy=70.620003
********************************************************************************
Round 427
ROUND_ACCURACY method=FedPhoenixRG-LC round=428 accuracy=72.800003
********************************************************************************
Round 428
ROUND_ACCURACY method=FedPhoenixRG-LC round=429 accuracy=71.139999
********************************************************************************
Round 429
ROUND_ACCURACY method=FedPhoenixRG-LC round=430 accuracy=75.570000
********************************************************************************
Round 430
ROUND_ACCURACY method=FedPhoenixRG-LC round=431 accuracy=73.769997
********************************************************************************
Round 431
ROUND_ACCURACY method=FedPhoenixRG-LC round=432 accuracy=74.589996
********************************************************************************
Round 432
ROUND_ACCURACY method=FedPhoenixRG-LC round=433 accuracy=76.190002
********************************************************************************
Round 433
ROUND_ACCURACY method=FedPhoenixRG-LC round=434 accuracy=80.190002
********************************************************************************
Round 434
ROUND_ACCURACY method=FedPhoenixRG-LC round=435 accuracy=73.930000
********************************************************************************
Round 435
ROUND_ACCURACY method=FedPhoenixRG-LC round=436 accuracy=71.220001
********************************************************************************
Round 436
ROUND_ACCURACY method=FedPhoenixRG-LC round=437 accuracy=70.089996
********************************************************************************
Round 437
ROUND_ACCURACY method=FedPhoenixRG-LC round=438 accuracy=72.400002
********************************************************************************
Round 438
ROUND_ACCURACY method=FedPhoenixRG-LC round=439 accuracy=69.839996
********************************************************************************
Round 439
RG_LC_SCORE round=440 layer=features.17 mean_q=0.144709 S_bar=0.236011 gamma_l=0.459858 mean_eligible_clients=62.976562 min_eligible_clients=60 sampling_entropy=5.543769 uniform_entropy=5.545177
RG_LC_SCORE round=440 layer=features.20 mean_q=0.129721 S_bar=0.236011 gamma_l=0.412229 mean_eligible_clients=63.007812 min_eligible_clients=58 sampling_entropy=5.544458 uniform_entropy=5.545177
RG_LC_SCORE round=440 layer=features.24 mean_q=0.157708 S_bar=0.236011 gamma_l=0.501166 mean_eligible_clients=62.990234 min_eligible_clients=60 sampling_entropy=6.236991 uniform_entropy=6.238325
RG_LC_SCORE round=440 layer=features.27 mean_q=0.170087 S_bar=0.236011 gamma_l=0.540504 mean_eligible_clients=62.994141 min_eligible_clients=59 sampling_entropy=6.236308 uniform_entropy=6.238325
RG_LC_SCORE round=440 layer=features.30 mean_q=0.153635 S_bar=0.236011 gamma_l=0.488222 mean_eligible_clients=62.992188 min_eligible_clients=60 sampling_entropy=6.236845 uniform_entropy=6.238325
RG_LC_SCORE round=440 layer=features.34 mean_q=0.350284 S_bar=0.236011 gamma_l=0.750000 mean_eligible_clients=62.996094 min_eligible_clients=59 sampling_entropy=6.234263 uniform_entropy=6.238325
RG_LC_SCORE round=440 layer=features.37 mean_q=0.375934 S_bar=0.236011 gamma_l=0.750000 mean_eligible_clients=62.994141 min_eligible_clients=59 sampling_entropy=6.234319 uniform_entropy=6.238325
RG_LC_SCORE round=440 layer=features.40 mean_q=0.307218 S_bar=0.236011 gamma_l=0.750000 mean_eligible_clients=62.994141 min_eligible_clients=58 sampling_entropy=6.208253 uniform_entropy=6.238325
ROUND_ACCURACY method=FedPhoenixRG-LC round=440 accuracy=71.070000
********************************************************************************
Round 440
ROUND_ACCURACY method=FedPhoenixRG-LC round=441 accuracy=79.250000
********************************************************************************
Round 441
ROUND_ACCURACY method=FedPhoenixRG-LC round=442 accuracy=79.000000
********************************************************************************
Round 442
ROUND_ACCURACY method=FedPhoenixRG-LC round=443 accuracy=72.000000
********************************************************************************
Round 443
ROUND_ACCURACY method=FedPhoenixRG-LC round=444 accuracy=67.599998
********************************************************************************
Round 444
ROUND_ACCURACY method=FedPhoenixRG-LC round=445 accuracy=76.199997
********************************************************************************
Round 445
ROUND_ACCURACY method=FedPhoenixRG-LC round=446 accuracy=76.839996
********************************************************************************
Round 446
ROUND_ACCURACY method=FedPhoenixRG-LC round=447 accuracy=76.349998
********************************************************************************
Round 447
ROUND_ACCURACY method=FedPhoenixRG-LC round=448 accuracy=76.330002
********************************************************************************
Round 448
ROUND_ACCURACY method=FedPhoenixRG-LC round=449 accuracy=64.330002
********************************************************************************
Round 449
ROUND_ACCURACY method=FedPhoenixRG-LC round=450 accuracy=74.269997
********************************************************************************
Round 450
ROUND_ACCURACY method=FedPhoenixRG-LC round=451 accuracy=69.050003
********************************************************************************
Round 451
ROUND_ACCURACY method=FedPhoenixRG-LC round=452 accuracy=79.690002
********************************************************************************
Round 452
ROUND_ACCURACY method=FedPhoenixRG-LC round=453 accuracy=78.040001
********************************************************************************
Round 453
ROUND_ACCURACY method=FedPhoenixRG-LC round=454 accuracy=72.750000
********************************************************************************
Round 454
ROUND_ACCURACY method=FedPhoenixRG-LC round=455 accuracy=77.489998
********************************************************************************
Round 455
ROUND_ACCURACY method=FedPhoenixRG-LC round=456 accuracy=75.989998
********************************************************************************
Round 456
ROUND_ACCURACY method=FedPhoenixRG-LC round=457 accuracy=75.910004
********************************************************************************
Round 457
ROUND_ACCURACY method=FedPhoenixRG-LC round=458 accuracy=66.470001
********************************************************************************
Round 458
ROUND_ACCURACY method=FedPhoenixRG-LC round=459 accuracy=78.250000
********************************************************************************
Round 459
RG_LC_SCORE round=460 layer=features.17 mean_q=0.145448 S_bar=0.225638 gamma_l=0.483456 mean_eligible_clients=63.019531 min_eligible_clients=60 sampling_entropy=5.543078 uniform_entropy=5.545177
RG_LC_SCORE round=460 layer=features.20 mean_q=0.130729 S_bar=0.225638 gamma_l=0.434531 mean_eligible_clients=62.992188 min_eligible_clients=60 sampling_entropy=5.544269 uniform_entropy=5.545177
RG_LC_SCORE round=460 layer=features.24 mean_q=0.156882 S_bar=0.225638 gamma_l=0.521460 mean_eligible_clients=62.996094 min_eligible_clients=59 sampling_entropy=6.236576 uniform_entropy=6.238325
RG_LC_SCORE round=460 layer=features.27 mean_q=0.164965 S_bar=0.225638 gamma_l=0.548329 mean_eligible_clients=62.994141 min_eligible_clients=59 sampling_entropy=6.235974 uniform_entropy=6.238325
RG_LC_SCORE round=460 layer=features.30 mean_q=0.148199 S_bar=0.225638 gamma_l=0.492599 mean_eligible_clients=62.984375 min_eligible_clients=59 sampling_entropy=6.236748 uniform_entropy=6.238325
RG_LC_SCORE round=460 layer=features.34 mean_q=0.328666 S_bar=0.225638 gamma_l=0.750000 mean_eligible_clients=62.986328 min_eligible_clients=59 sampling_entropy=6.233904 uniform_entropy=6.238325
RG_LC_SCORE round=460 layer=features.37 mean_q=0.351945 S_bar=0.225638 gamma_l=0.750000 mean_eligible_clients=62.990234 min_eligible_clients=60 sampling_entropy=6.233605 uniform_entropy=6.238325
RG_LC_SCORE round=460 layer=features.40 mean_q=0.290722 S_bar=0.225638 gamma_l=0.750000 mean_eligible_clients=62.990234 min_eligible_clients=60 sampling_entropy=6.208659 uniform_entropy=6.238325
ROUND_ACCURACY method=FedPhoenixRG-LC round=460 accuracy=64.379997
********************************************************************************
Round 460
ROUND_ACCURACY method=FedPhoenixRG-LC round=461 accuracy=76.519997
********************************************************************************
Round 461
ROUND_ACCURACY method=FedPhoenixRG-LC round=462 accuracy=77.129997
********************************************************************************
Round 462
ROUND_ACCURACY method=FedPhoenixRG-LC round=463 accuracy=79.279999
********************************************************************************
Round 463
ROUND_ACCURACY method=FedPhoenixRG-LC round=464 accuracy=70.750000
********************************************************************************
Round 464
ROUND_ACCURACY method=FedPhoenixRG-LC round=465 accuracy=77.180000
********************************************************************************
Round 465
ROUND_ACCURACY method=FedPhoenixRG-LC round=466 accuracy=78.160004
********************************************************************************
Round 466
ROUND_ACCURACY method=FedPhoenixRG-LC round=467 accuracy=62.470001
********************************************************************************
Round 467
ROUND_ACCURACY method=FedPhoenixRG-LC round=468 accuracy=74.449997
********************************************************************************
Round 468
ROUND_ACCURACY method=FedPhoenixRG-LC round=469 accuracy=76.940002
********************************************************************************
Round 469
ROUND_ACCURACY method=FedPhoenixRG-LC round=470 accuracy=71.680000
********************************************************************************
Round 470
ROUND_ACCURACY method=FedPhoenixRG-LC round=471 accuracy=59.029999
********************************************************************************
Round 471
ROUND_ACCURACY method=FedPhoenixRG-LC round=472 accuracy=77.110001
********************************************************************************
Round 472
ROUND_ACCURACY method=FedPhoenixRG-LC round=473 accuracy=74.680000
********************************************************************************
Round 473
ROUND_ACCURACY method=FedPhoenixRG-LC round=474 accuracy=69.989998
********************************************************************************
Round 474
ROUND_ACCURACY method=FedPhoenixRG-LC round=475 accuracy=75.440002
********************************************************************************
Round 475
ROUND_ACCURACY method=FedPhoenixRG-LC round=476 accuracy=74.610001
********************************************************************************
Round 476
ROUND_ACCURACY method=FedPhoenixRG-LC round=477 accuracy=72.639999
********************************************************************************
Round 477
ROUND_ACCURACY method=FedPhoenixRG-LC round=478 accuracy=69.790001
********************************************************************************
Round 478
ROUND_ACCURACY method=FedPhoenixRG-LC round=479 accuracy=80.169998
********************************************************************************
Round 479
RG_LC_SCORE round=480 layer=features.20 mean_q=0.110438 S_bar=0.178374 gamma_l=0.464353 mean_eligible_clients=63.921875 min_eligible_clients=57 sampling_entropy=5.542270 uniform_entropy=5.545177
RG_LC_SCORE round=480 layer=features.24 mean_q=0.126234 S_bar=0.178374 gamma_l=0.530772 mean_eligible_clients=63.941406 min_eligible_clients=60 sampling_entropy=6.231761 uniform_entropy=6.238325
RG_LC_SCORE round=480 layer=features.27 mean_q=0.130868 S_bar=0.178374 gamma_l=0.550255 mean_eligible_clients=63.935547 min_eligible_clients=60 sampling_entropy=6.229505 uniform_entropy=6.238325
RG_LC_SCORE round=480 layer=features.30 mean_q=0.115346 S_bar=0.178374 gamma_l=0.484992 mean_eligible_clients=63.937500 min_eligible_clients=59 sampling_entropy=6.232765 uniform_entropy=6.238325
RG_LC_SCORE round=480 layer=features.34 mean_q=0.244625 S_bar=0.178374 gamma_l=0.750000 mean_eligible_clients=63.931641 min_eligible_clients=59 sampling_entropy=6.214361 uniform_entropy=6.238325
RG_LC_SCORE round=480 layer=features.37 mean_q=0.274054 S_bar=0.178374 gamma_l=0.750000 mean_eligible_clients=63.939453 min_eligible_clients=59 sampling_entropy=6.225772 uniform_entropy=6.238325
RG_LC_SCORE round=480 layer=features.40 mean_q=0.213082 S_bar=0.178374 gamma_l=0.750000 mean_eligible_clients=63.937500 min_eligible_clients=60 sampling_entropy=6.193670 uniform_entropy=6.238325
ROUND_ACCURACY method=FedPhoenixRG-LC round=480 accuracy=78.110001
********************************************************************************
Round 480
ROUND_ACCURACY method=FedPhoenixRG-LC round=481 accuracy=77.739998
********************************************************************************
Round 481
ROUND_ACCURACY method=FedPhoenixRG-LC round=482 accuracy=77.800003
********************************************************************************
Round 482
ROUND_ACCURACY method=FedPhoenixRG-LC round=483 accuracy=75.940002
********************************************************************************
Round 483
ROUND_ACCURACY method=FedPhoenixRG-LC round=484 accuracy=70.650002
********************************************************************************
Round 484
ROUND_ACCURACY method=FedPhoenixRG-LC round=485 accuracy=70.099998
********************************************************************************
Round 485
ROUND_ACCURACY method=FedPhoenixRG-LC round=486 accuracy=66.540001
********************************************************************************
Round 486
ROUND_ACCURACY method=FedPhoenixRG-LC round=487 accuracy=76.709999
********************************************************************************
Round 487
ROUND_ACCURACY method=FedPhoenixRG-LC round=488 accuracy=79.790001
********************************************************************************
Round 488
ROUND_ACCURACY method=FedPhoenixRG-LC round=489 accuracy=79.529999
********************************************************************************
Round 489
ROUND_ACCURACY method=FedPhoenixRG-LC round=490 accuracy=79.040001
********************************************************************************
Round 490
ROUND_ACCURACY method=FedPhoenixRG-LC round=491 accuracy=70.139999
********************************************************************************
Round 491
ROUND_ACCURACY method=FedPhoenixRG-LC round=492 accuracy=73.309998
********************************************************************************
Round 492
ROUND_ACCURACY method=FedPhoenixRG-LC round=493 accuracy=75.349998
********************************************************************************
Round 493
ROUND_ACCURACY method=FedPhoenixRG-LC round=494 accuracy=72.709999
********************************************************************************
Round 494
ROUND_ACCURACY method=FedPhoenixRG-LC round=495 accuracy=72.930000
********************************************************************************
Round 495
ROUND_ACCURACY method=FedPhoenixRG-LC round=496 accuracy=69.910004
********************************************************************************
Round 496
ROUND_ACCURACY method=FedPhoenixRG-LC round=497 accuracy=74.220001
********************************************************************************
Round 497
ROUND_ACCURACY method=FedPhoenixRG-LC round=498 accuracy=79.980003
********************************************************************************
Round 498
ROUND_ACCURACY method=FedPhoenixRG-LC round=499 accuracy=60.889999
********************************************************************************
Round 499
RG_LC_SCORE round=500 layer=features.20 mean_q=0.108897 S_bar=0.129802 gamma_l=0.629207 mean_eligible_clients=62.921875 min_eligible_clients=57 sampling_entropy=5.541989 uniform_entropy=5.545177
RG_LC_SCORE round=500 layer=features.24 mean_q=0.119067 S_bar=0.129802 gamma_l=0.687969 mean_eligible_clients=62.923828 min_eligible_clients=58 sampling_entropy=6.231817 uniform_entropy=6.238325
RG_LC_SCORE round=500 layer=features.27 mean_q=0.116877 S_bar=0.129802 gamma_l=0.675317 mean_eligible_clients=62.941406 min_eligible_clients=58 sampling_entropy=6.229682 uniform_entropy=6.238325
RG_LC_SCORE round=500 layer=features.30 mean_q=0.101799 S_bar=0.129802 gamma_l=0.588196 mean_eligible_clients=62.927734 min_eligible_clients=59 sampling_entropy=6.230912 uniform_entropy=6.238325
RG_LC_SCORE round=500 layer=features.34 mean_q=0.186415 S_bar=0.129802 gamma_l=0.750000 mean_eligible_clients=62.937500 min_eligible_clients=59 sampling_entropy=6.204058 uniform_entropy=6.238325
RG_LC_SCORE round=500 layer=features.37 mean_q=0.161967 S_bar=0.129802 gamma_l=0.750000 mean_eligible_clients=62.925781 min_eligible_clients=59 sampling_entropy=6.188030 uniform_entropy=6.238325
RG_LC_SCORE round=500 layer=features.40 mean_q=0.103142 S_bar=0.129802 gamma_l=0.595956 mean_eligible_clients=62.929688 min_eligible_clients=59 sampling_entropy=6.165062 uniform_entropy=6.238325
ROUND_ACCURACY method=FedPhoenixRG-LC round=500 accuracy=79.860001
********************************************************************************
Round 500
ROUND_ACCURACY method=FedPhoenixRG-LC round=501 accuracy=73.980003
********************************************************************************
Round 501
ROUND_ACCURACY method=FedPhoenixRG-LC round=502 accuracy=75.519997
********************************************************************************
Round 502
ROUND_ACCURACY method=FedPhoenixRG-LC round=503 accuracy=75.400002
********************************************************************************
Round 503
ROUND_ACCURACY method=FedPhoenixRG-LC round=504 accuracy=78.279999
********************************************************************************
Round 504
ROUND_ACCURACY method=FedPhoenixRG-LC round=505 accuracy=79.290001
********************************************************************************
Round 505
ROUND_ACCURACY method=FedPhoenixRG-LC round=506 accuracy=62.730000
********************************************************************************
Round 506
ROUND_ACCURACY method=FedPhoenixRG-LC round=507 accuracy=69.449997
********************************************************************************
Round 507
ROUND_ACCURACY method=FedPhoenixRG-LC round=508 accuracy=76.269997
********************************************************************************
Round 508
ROUND_ACCURACY method=FedPhoenixRG-LC round=509 accuracy=73.180000
********************************************************************************
Round 509
ROUND_ACCURACY method=FedPhoenixRG-LC round=510 accuracy=72.690002
********************************************************************************
Round 510
ROUND_ACCURACY method=FedPhoenixRG-LC round=511 accuracy=72.559998
********************************************************************************
Round 511
ROUND_ACCURACY method=FedPhoenixRG-LC round=512 accuracy=69.040001
********************************************************************************
Round 512
ROUND_ACCURACY method=FedPhoenixRG-LC round=513 accuracy=69.199997
********************************************************************************
Round 513
ROUND_ACCURACY method=FedPhoenixRG-LC round=514 accuracy=72.739998
********************************************************************************
Round 514
ROUND_ACCURACY method=FedPhoenixRG-LC round=515 accuracy=76.760002
********************************************************************************
Round 515
ROUND_ACCURACY method=FedPhoenixRG-LC round=516 accuracy=77.160004
********************************************************************************
Round 516
ROUND_ACCURACY method=FedPhoenixRG-LC round=517 accuracy=77.029999
********************************************************************************
Round 517
ROUND_ACCURACY method=FedPhoenixRG-LC round=518 accuracy=71.739998
********************************************************************************
Round 518
ROUND_ACCURACY method=FedPhoenixRG-LC round=519 accuracy=74.519997
********************************************************************************
Round 519
RG_LC_SCORE round=520 layer=features.20 mean_q=0.105049 S_bar=0.150830 gamma_l=0.522355 mean_eligible_clients=60.050781 min_eligible_clients=56 sampling_entropy=5.542958 uniform_entropy=5.545177
RG_LC_SCORE round=520 layer=features.24 mean_q=0.123511 S_bar=0.150830 gamma_l=0.614156 mean_eligible_clients=60.052734 min_eligible_clients=57 sampling_entropy=6.234129 uniform_entropy=6.238325
RG_LC_SCORE round=520 layer=features.27 mean_q=0.126402 S_bar=0.150830 gamma_l=0.628533 mean_eligible_clients=60.058594 min_eligible_clients=56 sampling_entropy=6.231770 uniform_entropy=6.238325
RG_LC_SCORE round=520 layer=features.30 mean_q=0.103550 S_bar=0.150830 gamma_l=0.514901 mean_eligible_clients=60.046875 min_eligible_clients=56 sampling_entropy=6.230015 uniform_entropy=6.238325
RG_LC_SCORE round=520 layer=features.34 mean_q=0.226368 S_bar=0.150830 gamma_l=0.750000 mean_eligible_clients=60.060547 min_eligible_clients=56 sampling_entropy=6.201370 uniform_entropy=6.238325
RG_LC_SCORE round=520 layer=features.37 mean_q=0.212334 S_bar=0.150830 gamma_l=0.750000 mean_eligible_clients=60.042969 min_eligible_clients=56 sampling_entropy=6.201519 uniform_entropy=6.238325
RG_LC_SCORE round=520 layer=features.40 mean_q=0.135704 S_bar=0.150830 gamma_l=0.674787 mean_eligible_clients=60.060547 min_eligible_clients=56 sampling_entropy=6.127587 uniform_entropy=6.238325
ROUND_ACCURACY method=FedPhoenixRG-LC round=520 accuracy=72.940002
********************************************************************************
Round 520
ROUND_ACCURACY method=FedPhoenixRG-LC round=521 accuracy=74.980003
********************************************************************************
Round 521
ROUND_ACCURACY method=FedPhoenixRG-LC round=522 accuracy=72.139999
********************************************************************************
Round 522
ROUND_ACCURACY method=FedPhoenixRG-LC round=523 accuracy=69.260002
********************************************************************************
Round 523
ROUND_ACCURACY method=FedPhoenixRG-LC round=524 accuracy=77.570000
********************************************************************************
Round 524
ROUND_ACCURACY method=FedPhoenixRG-LC round=525 accuracy=75.379997
********************************************************************************
Round 525
ROUND_ACCURACY method=FedPhoenixRG-LC round=526 accuracy=72.820000
********************************************************************************
Round 526
ROUND_ACCURACY method=FedPhoenixRG-LC round=527 accuracy=71.680000
********************************************************************************
Round 527
ROUND_ACCURACY method=FedPhoenixRG-LC round=528 accuracy=74.510002
********************************************************************************
Round 528
ROUND_ACCURACY method=FedPhoenixRG-LC round=529 accuracy=79.610001
********************************************************************************
Round 529
ROUND_ACCURACY method=FedPhoenixRG-LC round=530 accuracy=79.779999
********************************************************************************
Round 530
ROUND_ACCURACY method=FedPhoenixRG-LC round=531 accuracy=72.480003
********************************************************************************
Round 531
ROUND_ACCURACY method=FedPhoenixRG-LC round=532 accuracy=70.540001
********************************************************************************
Round 532
ROUND_ACCURACY method=FedPhoenixRG-LC round=533 accuracy=77.629997
********************************************************************************
Round 533
ROUND_ACCURACY method=FedPhoenixRG-LC round=534 accuracy=77.730003
********************************************************************************
Round 534
ROUND_ACCURACY method=FedPhoenixRG-LC round=535 accuracy=76.800003
********************************************************************************
Round 535
ROUND_ACCURACY method=FedPhoenixRG-LC round=536 accuracy=79.550003
********************************************************************************
Round 536
ROUND_ACCURACY method=FedPhoenixRG-LC round=537 accuracy=77.900002
********************************************************************************
Round 537
ROUND_ACCURACY method=FedPhoenixRG-LC round=538 accuracy=79.260002
********************************************************************************
Round 538
ROUND_ACCURACY method=FedPhoenixRG-LC round=539 accuracy=80.059998
********************************************************************************
Round 539
RG_LC_SCORE round=540 layer=features.24 mean_q=0.137046 S_bar=0.213586 gamma_l=0.481230 mean_eligible_clients=64.982422 min_eligible_clients=61 sampling_entropy=6.236939 uniform_entropy=6.238325
RG_LC_SCORE round=540 layer=features.27 mean_q=0.152604 S_bar=0.213586 gamma_l=0.535864 mean_eligible_clients=64.990234 min_eligible_clients=62 sampling_entropy=6.235960 uniform_entropy=6.238325
RG_LC_SCORE round=540 layer=features.30 mean_q=0.135095 S_bar=0.213586 gamma_l=0.474380 mean_eligible_clients=64.992188 min_eligible_clients=61 sampling_entropy=6.236769 uniform_entropy=6.238325
RG_LC_SCORE round=540 layer=features.34 mean_q=0.300792 S_bar=0.213586 gamma_l=0.750000 mean_eligible_clients=64.996094 min_eligible_clients=60 sampling_entropy=6.232222 uniform_entropy=6.238325
RG_LC_SCORE round=540 layer=features.37 mean_q=0.315862 S_bar=0.213586 gamma_l=0.750000 mean_eligible_clients=64.994141 min_eligible_clients=62 sampling_entropy=6.229422 uniform_entropy=6.238325
RG_LC_SCORE round=540 layer=features.40 mean_q=0.240119 S_bar=0.213586 gamma_l=0.750000 mean_eligible_clients=64.988281 min_eligible_clients=59 sampling_entropy=6.207178 uniform_entropy=6.238325
ROUND_ACCURACY method=FedPhoenixRG-LC round=540 accuracy=66.589996
********************************************************************************
Round 540
ROUND_ACCURACY method=FedPhoenixRG-LC round=541 accuracy=67.400002
********************************************************************************
Round 541
ROUND_ACCURACY method=FedPhoenixRG-LC round=542 accuracy=70.760002
********************************************************************************
Round 542
ROUND_ACCURACY method=FedPhoenixRG-LC round=543 accuracy=42.240002
********************************************************************************
Round 543
ROUND_ACCURACY method=FedPhoenixRG-LC round=544 accuracy=68.300003
********************************************************************************
Round 544
ROUND_ACCURACY method=FedPhoenixRG-LC round=545 accuracy=76.550003
********************************************************************************
Round 545
ROUND_ACCURACY method=FedPhoenixRG-LC round=546 accuracy=72.730003
********************************************************************************
Round 546
ROUND_ACCURACY method=FedPhoenixRG-LC round=547 accuracy=68.970001
********************************************************************************
Round 547
ROUND_ACCURACY method=FedPhoenixRG-LC round=548 accuracy=65.870003
********************************************************************************
Round 548
ROUND_ACCURACY method=FedPhoenixRG-LC round=549 accuracy=42.860001
********************************************************************************
Round 549
ROUND_ACCURACY method=FedPhoenixRG-LC round=550 accuracy=76.470001
********************************************************************************
Round 550
ROUND_ACCURACY method=FedPhoenixRG-LC round=551 accuracy=74.269997
********************************************************************************
Round 551
ROUND_ACCURACY method=FedPhoenixRG-LC round=552 accuracy=73.510002
********************************************************************************
Round 552
ROUND_ACCURACY method=FedPhoenixRG-LC round=553 accuracy=72.370003
********************************************************************************
Round 553
ROUND_ACCURACY method=FedPhoenixRG-LC round=554 accuracy=68.330002
********************************************************************************
Round 554
ROUND_ACCURACY method=FedPhoenixRG-LC round=555 accuracy=77.449997
********************************************************************************
Round 555
ROUND_ACCURACY method=FedPhoenixRG-LC round=556 accuracy=75.029999
********************************************************************************
Round 556
ROUND_ACCURACY method=FedPhoenixRG-LC round=557 accuracy=75.709999
********************************************************************************
Round 557
ROUND_ACCURACY method=FedPhoenixRG-LC round=558 accuracy=79.000000
********************************************************************************
Round 558
ROUND_ACCURACY method=FedPhoenixRG-LC round=559 accuracy=78.660004
********************************************************************************
Round 559
RG_LC_SCORE round=560 layer=features.24 mean_q=0.095694 S_bar=0.112977 gamma_l=0.635265 mean_eligible_clients=61.011719 min_eligible_clients=58 sampling_entropy=6.220358 uniform_entropy=6.238325
RG_LC_SCORE round=560 layer=features.27 mean_q=0.101264 S_bar=0.112977 gamma_l=0.672241 mean_eligible_clients=61.023438 min_eligible_clients=57 sampling_entropy=6.220205 uniform_entropy=6.238325
RG_LC_SCORE round=560 layer=features.30 mean_q=0.081996 S_bar=0.112977 gamma_l=0.544333 mean_eligible_clients=61.019531 min_eligible_clients=57 sampling_entropy=6.225914 uniform_entropy=6.238325
RG_LC_SCORE round=560 layer=features.34 mean_q=0.154746 S_bar=0.112977 gamma_l=0.750000 mean_eligible_clients=61.027344 min_eligible_clients=57 sampling_entropy=6.181994 uniform_entropy=6.238325
RG_LC_SCORE round=560 layer=features.37 mean_q=0.150398 S_bar=0.112977 gamma_l=0.750000 mean_eligible_clients=61.023438 min_eligible_clients=58 sampling_entropy=6.188349 uniform_entropy=6.238325
RG_LC_SCORE round=560 layer=features.40 mean_q=0.093766 S_bar=0.112977 gamma_l=0.622464 mean_eligible_clients=61.015625 min_eligible_clients=57 sampling_entropy=6.177066 uniform_entropy=6.238325
ROUND_ACCURACY method=FedPhoenixRG-LC round=560 accuracy=77.529999
********************************************************************************
Round 560
ROUND_ACCURACY method=FedPhoenixRG-LC round=561 accuracy=80.470001
********************************************************************************
Round 561
ROUND_ACCURACY method=FedPhoenixRG-LC round=562 accuracy=77.800003
********************************************************************************
Round 562
ROUND_ACCURACY method=FedPhoenixRG-LC round=563 accuracy=68.989998
********************************************************************************
Round 563
ROUND_ACCURACY method=FedPhoenixRG-LC round=564 accuracy=77.010002
********************************************************************************
Round 564
ROUND_ACCURACY method=FedPhoenixRG-LC round=565 accuracy=80.669998
********************************************************************************
Round 565
ROUND_ACCURACY method=FedPhoenixRG-LC round=566 accuracy=67.099998
********************************************************************************
Round 566
ROUND_ACCURACY method=FedPhoenixRG-LC round=567 accuracy=76.400002
********************************************************************************
Round 567
ROUND_ACCURACY method=FedPhoenixRG-LC round=568 accuracy=67.580002
********************************************************************************
Round 568
ROUND_ACCURACY method=FedPhoenixRG-LC round=569 accuracy=67.809998
********************************************************************************
Round 569
ROUND_ACCURACY method=FedPhoenixRG-LC round=570 accuracy=79.779999
********************************************************************************
Round 570
ROUND_ACCURACY method=FedPhoenixRG-LC round=571 accuracy=66.029999
********************************************************************************
Round 571
ROUND_ACCURACY method=FedPhoenixRG-LC round=572 accuracy=76.769997
********************************************************************************
Round 572
ROUND_ACCURACY method=FedPhoenixRG-LC round=573 accuracy=79.059998
********************************************************************************
Round 573
ROUND_ACCURACY method=FedPhoenixRG-LC round=574 accuracy=80.940002
********************************************************************************
Round 574
ROUND_ACCURACY method=FedPhoenixRG-LC round=575 accuracy=68.010002
********************************************************************************
Round 575
ROUND_ACCURACY method=FedPhoenixRG-LC round=576 accuracy=74.040001
********************************************************************************
Round 576
ROUND_ACCURACY method=FedPhoenixRG-LC round=577 accuracy=77.699997
********************************************************************************
Round 577
ROUND_ACCURACY method=FedPhoenixRG-LC round=578 accuracy=73.000000
********************************************************************************
Round 578
ROUND_ACCURACY method=FedPhoenixRG-LC round=579 accuracy=54.580002
********************************************************************************
Round 579
RG_LC_SCORE round=580 layer=features.24 mean_q=0.083388 S_bar=0.134365 gamma_l=0.465459 mean_eligible_clients=61.164062 min_eligible_clients=58 sampling_entropy=6.222317 uniform_entropy=6.238325
RG_LC_SCORE round=580 layer=features.27 mean_q=0.092414 S_bar=0.134365 gamma_l=0.515837 mean_eligible_clients=61.181641 min_eligible_clients=58 sampling_entropy=6.220632 uniform_entropy=6.238325
RG_LC_SCORE round=580 layer=features.30 mean_q=0.078524 S_bar=0.134365 gamma_l=0.438306 mean_eligible_clients=61.167969 min_eligible_clients=58 sampling_entropy=6.222888 uniform_entropy=6.238325
RG_LC_SCORE round=580 layer=features.34 mean_q=0.195305 S_bar=0.134365 gamma_l=0.750000 mean_eligible_clients=61.171875 min_eligible_clients=57 sampling_entropy=6.197282 uniform_entropy=6.238325
RG_LC_SCORE round=580 layer=features.37 mean_q=0.210011 S_bar=0.134365 gamma_l=0.750000 mean_eligible_clients=61.173828 min_eligible_clients=57 sampling_entropy=6.203392 uniform_entropy=6.238325
RG_LC_SCORE round=580 layer=features.40 mean_q=0.146547 S_bar=0.134365 gamma_l=0.750000 mean_eligible_clients=61.164062 min_eligible_clients=58 sampling_entropy=6.169063 uniform_entropy=6.238325
ROUND_ACCURACY method=FedPhoenixRG-LC round=580 accuracy=73.550003
********************************************************************************
Round 580
ROUND_ACCURACY method=FedPhoenixRG-LC round=581 accuracy=79.300003
********************************************************************************
Round 581
ROUND_ACCURACY method=FedPhoenixRG-LC round=582 accuracy=79.029999
********************************************************************************
Round 582
ROUND_ACCURACY method=FedPhoenixRG-LC round=583 accuracy=76.160004
********************************************************************************
Round 583
ROUND_ACCURACY method=FedPhoenixRG-LC round=584 accuracy=78.260002
********************************************************************************
Round 584
ROUND_ACCURACY method=FedPhoenixRG-LC round=585 accuracy=76.870003
********************************************************************************
Round 585
ROUND_ACCURACY method=FedPhoenixRG-LC round=586 accuracy=76.839996
********************************************************************************
Round 586
ROUND_ACCURACY method=FedPhoenixRG-LC round=587 accuracy=65.209999
********************************************************************************
Round 587
ROUND_ACCURACY method=FedPhoenixRG-LC round=588 accuracy=74.680000
********************************************************************************
Round 588
ROUND_ACCURACY method=FedPhoenixRG-LC round=589 accuracy=77.900002
********************************************************************************
Round 589
ROUND_ACCURACY method=FedPhoenixRG-LC round=590 accuracy=77.949997
********************************************************************************
Round 590
ROUND_ACCURACY method=FedPhoenixRG-LC round=591 accuracy=63.380001
********************************************************************************
Round 591
ROUND_ACCURACY method=FedPhoenixRG-LC round=592 accuracy=65.230003
********************************************************************************
Round 592
ROUND_ACCURACY method=FedPhoenixRG-LC round=593 accuracy=80.129997
********************************************************************************
Round 593
ROUND_ACCURACY method=FedPhoenixRG-LC round=594 accuracy=73.360001
********************************************************************************
Round 594
ROUND_ACCURACY method=FedPhoenixRG-LC round=595 accuracy=78.720001
********************************************************************************
Round 595
ROUND_ACCURACY method=FedPhoenixRG-LC round=596 accuracy=77.949997
********************************************************************************
Round 596
ROUND_ACCURACY method=FedPhoenixRG-LC round=597 accuracy=78.110001
********************************************************************************
Round 597
ROUND_ACCURACY method=FedPhoenixRG-LC round=598 accuracy=71.269997
********************************************************************************
Round 598
ROUND_ACCURACY method=FedPhoenixRG-LC round=599 accuracy=72.290001
********************************************************************************
Round 599
RG_LC_SCORE round=600 layer=features.24 mean_q=0.117170 S_bar=0.184411 gamma_l=0.476531 mean_eligible_clients=64.082031 min_eligible_clients=61 sampling_entropy=6.236032 uniform_entropy=6.238325
RG_LC_SCORE round=600 layer=features.27 mean_q=0.127629 S_bar=0.184411 gamma_l=0.519067 mean_eligible_clients=64.068359 min_eligible_clients=60 sampling_entropy=6.235228 uniform_entropy=6.238325
RG_LC_SCORE round=600 layer=features.30 mean_q=0.116413 S_bar=0.184411 gamma_l=0.473454 mean_eligible_clients=64.076172 min_eligible_clients=61 sampling_entropy=6.235039 uniform_entropy=6.238325
RG_LC_SCORE round=600 layer=features.34 mean_q=0.270891 S_bar=0.184411 gamma_l=0.750000 mean_eligible_clients=64.076172 min_eligible_clients=59 sampling_entropy=6.230884 uniform_entropy=6.238325
RG_LC_SCORE round=600 layer=features.37 mean_q=0.267678 S_bar=0.184411 gamma_l=0.750000 mean_eligible_clients=64.083984 min_eligible_clients=59 sampling_entropy=6.232529 uniform_entropy=6.238325
RG_LC_SCORE round=600 layer=features.40 mean_q=0.206683 S_bar=0.184411 gamma_l=0.750000 mean_eligible_clients=64.085938 min_eligible_clients=60 sampling_entropy=6.197746 uniform_entropy=6.238325
ROUND_ACCURACY method=FedPhoenixRG-LC round=600 accuracy=76.110001
********************************************************************************
Round 600
ROUND_ACCURACY method=FedPhoenixRG-LC round=601 accuracy=75.190002
********************************************************************************
Round 601
ROUND_ACCURACY method=FedPhoenixRG-LC round=602 accuracy=73.739998
********************************************************************************
Round 602
ROUND_ACCURACY method=FedPhoenixRG-LC round=603 accuracy=80.750000
********************************************************************************
Round 603
ROUND_ACCURACY method=FedPhoenixRG-LC round=604 accuracy=80.349998
********************************************************************************
Round 604
ROUND_ACCURACY method=FedPhoenixRG-LC round=605 accuracy=72.480003
********************************************************************************
Round 605
ROUND_ACCURACY method=FedPhoenixRG-LC round=606 accuracy=79.360001
********************************************************************************
Round 606
ROUND_ACCURACY method=FedPhoenixRG-LC round=607 accuracy=71.580002
********************************************************************************
Round 607
ROUND_ACCURACY method=FedPhoenixRG-LC round=608 accuracy=76.809998
********************************************************************************
Round 608
ROUND_ACCURACY method=FedPhoenixRG-LC round=609 accuracy=80.489998
********************************************************************************
Round 609
ROUND_ACCURACY method=FedPhoenixRG-LC round=610 accuracy=73.480003
********************************************************************************
Round 610
ROUND_ACCURACY method=FedPhoenixRG-LC round=611 accuracy=81.129997
********************************************************************************
Round 611
ROUND_ACCURACY method=FedPhoenixRG-LC round=612 accuracy=78.889999
********************************************************************************
Round 612
ROUND_ACCURACY method=FedPhoenixRG-LC round=613 accuracy=79.220001
********************************************************************************
Round 613
ROUND_ACCURACY method=FedPhoenixRG-LC round=614 accuracy=74.879997
********************************************************************************
Round 614
ROUND_ACCURACY method=FedPhoenixRG-LC round=615 accuracy=59.860001
********************************************************************************
Round 615
ROUND_ACCURACY method=FedPhoenixRG-LC round=616 accuracy=77.300003
********************************************************************************
Round 616
ROUND_ACCURACY method=FedPhoenixRG-LC round=617 accuracy=79.800003
********************************************************************************
Round 617
ROUND_ACCURACY method=FedPhoenixRG-LC round=618 accuracy=74.320000
********************************************************************************
Round 618
ROUND_ACCURACY method=FedPhoenixRG-LC round=619 accuracy=75.800003
********************************************************************************
Round 619
RG_LC_SCORE round=620 layer=features.27 mean_q=0.098488 S_bar=0.156722 gamma_l=0.471320 mean_eligible_clients=58.238281 min_eligible_clients=55 sampling_entropy=6.223867 uniform_entropy=6.238325
RG_LC_SCORE round=620 layer=features.30 mean_q=0.080772 S_bar=0.156722 gamma_l=0.386537 mean_eligible_clients=58.238281 min_eligible_clients=54 sampling_entropy=6.225629 uniform_entropy=6.238325
RG_LC_SCORE round=620 layer=features.34 mean_q=0.220753 S_bar=0.156722 gamma_l=0.750000 mean_eligible_clients=58.240234 min_eligible_clients=54 sampling_entropy=6.172321 uniform_entropy=6.238325
RG_LC_SCORE round=620 layer=features.37 mean_q=0.230940 S_bar=0.156722 gamma_l=0.750000 mean_eligible_clients=58.257812 min_eligible_clients=55 sampling_entropy=6.181461 uniform_entropy=6.238325
RG_LC_SCORE round=620 layer=features.40 mean_q=0.152657 S_bar=0.156722 gamma_l=0.730547 mean_eligible_clients=58.250000 min_eligible_clients=55 sampling_entropy=6.097958 uniform_entropy=6.238325
ROUND_ACCURACY method=FedPhoenixRG-LC round=620 accuracy=70.980003
********************************************************************************
Round 620
ROUND_ACCURACY method=FedPhoenixRG-LC round=621 accuracy=70.639999
********************************************************************************
Round 621
ROUND_ACCURACY method=FedPhoenixRG-LC round=622 accuracy=80.320000
********************************************************************************
Round 622
ROUND_ACCURACY method=FedPhoenixRG-LC round=623 accuracy=70.809998
********************************************************************************
Round 623
ROUND_ACCURACY method=FedPhoenixRG-LC round=624 accuracy=76.930000
********************************************************************************
Round 624
ROUND_ACCURACY method=FedPhoenixRG-LC round=625 accuracy=79.900002
********************************************************************************
Round 625
ROUND_ACCURACY method=FedPhoenixRG-LC round=626 accuracy=69.680000
********************************************************************************
Round 626
ROUND_ACCURACY method=FedPhoenixRG-LC round=627 accuracy=76.739998
********************************************************************************
Round 627
ROUND_ACCURACY method=FedPhoenixRG-LC round=628 accuracy=66.449997
********************************************************************************
Round 628
ROUND_ACCURACY method=FedPhoenixRG-LC round=629 accuracy=79.349998
********************************************************************************
Round 629
ROUND_ACCURACY method=FedPhoenixRG-LC round=630 accuracy=77.949997
********************************************************************************
Round 630
ROUND_ACCURACY method=FedPhoenixRG-LC round=631 accuracy=79.849998
********************************************************************************
Round 631
ROUND_ACCURACY method=FedPhoenixRG-LC round=632 accuracy=76.290001
********************************************************************************
Round 632
ROUND_ACCURACY method=FedPhoenixRG-LC round=633 accuracy=73.650002
********************************************************************************
Round 633
ROUND_ACCURACY method=FedPhoenixRG-LC round=634 accuracy=78.209999
********************************************************************************
Round 634
ROUND_ACCURACY method=FedPhoenixRG-LC round=635 accuracy=74.320000
********************************************************************************
Round 635
ROUND_ACCURACY method=FedPhoenixRG-LC round=636 accuracy=78.040001
********************************************************************************
Round 636
ROUND_ACCURACY method=FedPhoenixRG-LC round=637 accuracy=80.629997
********************************************************************************
Round 637
ROUND_ACCURACY method=FedPhoenixRG-LC round=638 accuracy=76.169998
********************************************************************************
Round 638
ROUND_ACCURACY method=FedPhoenixRG-LC round=639 accuracy=65.120003
********************************************************************************
Round 639
RG_LC_SCORE round=640 layer=features.27 mean_q=0.134959 S_bar=0.164260 gamma_l=0.616212 mean_eligible_clients=61.210938 min_eligible_clients=57 sampling_entropy=6.232133 uniform_entropy=6.238325
RG_LC_SCORE round=640 layer=features.30 mean_q=0.111139 S_bar=0.164260 gamma_l=0.507454 mean_eligible_clients=61.203125 min_eligible_clients=57 sampling_entropy=6.234914 uniform_entropy=6.238325
RG_LC_SCORE round=640 layer=features.34 mean_q=0.241354 S_bar=0.164260 gamma_l=0.750000 mean_eligible_clients=61.216797 min_eligible_clients=57 sampling_entropy=6.221083 uniform_entropy=6.238325
RG_LC_SCORE round=640 layer=features.37 mean_q=0.215507 S_bar=0.164260 gamma_l=0.750000 mean_eligible_clients=61.214844 min_eligible_clients=57 sampling_entropy=6.211986 uniform_entropy=6.238325
RG_LC_SCORE round=640 layer=features.40 mean_q=0.118342 S_bar=0.164260 gamma_l=0.540340 mean_eligible_clients=61.201172 min_eligible_clients=57 sampling_entropy=6.177519 uniform_entropy=6.238325
ROUND_ACCURACY method=FedPhoenixRG-LC round=640 accuracy=75.669998
********************************************************************************
Round 640
ROUND_ACCURACY method=FedPhoenixRG-LC round=641 accuracy=76.349998
********************************************************************************
Round 641
ROUND_ACCURACY method=FedPhoenixRG-LC round=642 accuracy=72.930000
********************************************************************************
Round 642
ROUND_ACCURACY method=FedPhoenixRG-LC round=643 accuracy=72.919998
********************************************************************************
Round 643
ROUND_ACCURACY method=FedPhoenixRG-LC round=644 accuracy=76.949997
********************************************************************************
Round 644
ROUND_ACCURACY method=FedPhoenixRG-LC round=645 accuracy=75.230003
********************************************************************************
Round 645
ROUND_ACCURACY method=FedPhoenixRG-LC round=646 accuracy=74.879997
********************************************************************************
Round 646
ROUND_ACCURACY method=FedPhoenixRG-LC round=647 accuracy=80.500000
********************************************************************************
Round 647
ROUND_ACCURACY method=FedPhoenixRG-LC round=648 accuracy=78.919998
********************************************************************************
Round 648
ROUND_ACCURACY method=FedPhoenixRG-LC round=649 accuracy=79.900002
********************************************************************************
Round 649
ROUND_ACCURACY method=FedPhoenixRG-LC round=650 accuracy=79.599998
********************************************************************************
Round 650
ROUND_ACCURACY method=FedPhoenixRG-LC round=651 accuracy=79.029999
********************************************************************************
Round 651
ROUND_ACCURACY method=FedPhoenixRG-LC round=652 accuracy=74.269997
********************************************************************************
Round 652
ROUND_ACCURACY method=FedPhoenixRG-LC round=653 accuracy=76.639999
********************************************************************************
Round 653
ROUND_ACCURACY method=FedPhoenixRG-LC round=654 accuracy=80.730003
********************************************************************************
Round 654
ROUND_ACCURACY method=FedPhoenixRG-LC round=655 accuracy=81.099998
********************************************************************************
Round 655
ROUND_ACCURACY method=FedPhoenixRG-LC round=656 accuracy=73.739998
********************************************************************************
Round 656
ROUND_ACCURACY method=FedPhoenixRG-LC round=657 accuracy=81.199997
********************************************************************************
Round 657
ROUND_ACCURACY method=FedPhoenixRG-LC round=658 accuracy=77.849998
********************************************************************************
Round 658
ROUND_ACCURACY method=FedPhoenixRG-LC round=659 accuracy=77.480003
********************************************************************************
Round 659
RG_LC_SCORE round=660 layer=features.27 mean_q=0.133184 S_bar=0.207108 gamma_l=0.482299 mean_eligible_clients=59.111328 min_eligible_clients=55 sampling_entropy=6.234088 uniform_entropy=6.238325
RG_LC_SCORE round=660 layer=features.30 mean_q=0.109572 S_bar=0.207108 gamma_l=0.396794 mean_eligible_clients=59.117188 min_eligible_clients=55 sampling_entropy=6.235803 uniform_entropy=6.238325
RG_LC_SCORE round=660 layer=features.34 mean_q=0.267039 S_bar=0.207108 gamma_l=0.750000 mean_eligible_clients=59.115234 min_eligible_clients=55 sampling_entropy=6.229076 uniform_entropy=6.238325
RG_LC_SCORE round=660 layer=features.37 mean_q=0.296828 S_bar=0.207108 gamma_l=0.750000 mean_eligible_clients=59.119141 min_eligible_clients=55 sampling_entropy=6.231701 uniform_entropy=6.238325
RG_LC_SCORE round=660 layer=features.40 mean_q=0.228915 S_bar=0.207108 gamma_l=0.750000 mean_eligible_clients=59.111328 min_eligible_clients=55 sampling_entropy=6.207626 uniform_entropy=6.238325
ROUND_ACCURACY method=FedPhoenixRG-LC round=660 accuracy=70.760002
********************************************************************************
Round 660
ROUND_ACCURACY method=FedPhoenixRG-LC round=661 accuracy=78.519997
********************************************************************************
Round 661
ROUND_ACCURACY method=FedPhoenixRG-LC round=662 accuracy=78.260002
********************************************************************************
Round 662
ROUND_ACCURACY method=FedPhoenixRG-LC round=663 accuracy=79.349998
********************************************************************************
Round 663
ROUND_ACCURACY method=FedPhoenixRG-LC round=664 accuracy=80.980003
********************************************************************************
Round 664
ROUND_ACCURACY method=FedPhoenixRG-LC round=665 accuracy=80.529999
********************************************************************************
Round 665
ROUND_ACCURACY method=FedPhoenixRG-LC round=666 accuracy=79.330002
********************************************************************************
Round 666
ROUND_ACCURACY method=FedPhoenixRG-LC round=667 accuracy=76.739998
********************************************************************************
Round 667
ROUND_ACCURACY method=FedPhoenixRG-LC round=668 accuracy=72.220001
********************************************************************************
Round 668
ROUND_ACCURACY method=FedPhoenixRG-LC round=669 accuracy=81.360001
********************************************************************************
Round 669
ROUND_ACCURACY method=FedPhoenixRG-LC round=670 accuracy=72.360001
********************************************************************************
Round 670
ROUND_ACCURACY method=FedPhoenixRG-LC round=671 accuracy=66.519997
********************************************************************************
Round 671
ROUND_ACCURACY method=FedPhoenixRG-LC round=672 accuracy=72.169998
********************************************************************************
Round 672
ROUND_ACCURACY method=FedPhoenixRG-LC round=673 accuracy=79.910004
********************************************************************************
Round 673
ROUND_ACCURACY method=FedPhoenixRG-LC round=674 accuracy=76.540001
********************************************************************************
Round 674
ROUND_ACCURACY method=FedPhoenixRG-LC round=675 accuracy=75.900002
********************************************************************************
Round 675
ROUND_ACCURACY method=FedPhoenixRG-LC round=676 accuracy=78.690002
********************************************************************************
Round 676
ROUND_ACCURACY method=FedPhoenixRG-LC round=677 accuracy=77.199997
********************************************************************************
Round 677
ROUND_ACCURACY method=FedPhoenixRG-LC round=678 accuracy=75.589996
********************************************************************************
Round 678
ROUND_ACCURACY method=FedPhoenixRG-LC round=679 accuracy=66.930000
********************************************************************************
Round 679
RG_LC_SCORE round=680 layer=features.27 mean_q=0.138182 S_bar=0.198813 gamma_l=0.521277 mean_eligible_clients=58.304688 min_eligible_clients=55 sampling_entropy=6.233438 uniform_entropy=6.238325
RG_LC_SCORE round=680 layer=features.30 mean_q=0.110398 S_bar=0.198813 gamma_l=0.416465 mean_eligible_clients=58.300781 min_eligible_clients=54 sampling_entropy=6.235523 uniform_entropy=6.238325
RG_LC_SCORE round=680 layer=features.34 mean_q=0.272941 S_bar=0.198813 gamma_l=0.750000 mean_eligible_clients=58.296875 min_eligible_clients=54 sampling_entropy=6.226600 uniform_entropy=6.238325
RG_LC_SCORE round=680 layer=features.37 mean_q=0.272985 S_bar=0.198813 gamma_l=0.750000 mean_eligible_clients=58.298828 min_eligible_clients=55 sampling_entropy=6.229217 uniform_entropy=6.238325
RG_LC_SCORE round=680 layer=features.40 mean_q=0.199557 S_bar=0.198813 gamma_l=0.750000 mean_eligible_clients=58.302734 min_eligible_clients=55 sampling_entropy=6.203324 uniform_entropy=6.238325
ROUND_ACCURACY method=FedPhoenixRG-LC round=680 accuracy=69.730003
********************************************************************************
Round 680
ROUND_ACCURACY method=FedPhoenixRG-LC round=681 accuracy=73.470001
********************************************************************************
Round 681
ROUND_ACCURACY method=FedPhoenixRG-LC round=682 accuracy=77.739998
********************************************************************************
Round 682
ROUND_ACCURACY method=FedPhoenixRG-LC round=683 accuracy=79.180000
********************************************************************************
Round 683
ROUND_ACCURACY method=FedPhoenixRG-LC round=684 accuracy=78.809998
********************************************************************************
Round 684
ROUND_ACCURACY method=FedPhoenixRG-LC round=685 accuracy=64.699997
********************************************************************************
Round 685
ROUND_ACCURACY method=FedPhoenixRG-LC round=686 accuracy=77.519997
********************************************************************************
Round 686
ROUND_ACCURACY method=FedPhoenixRG-LC round=687 accuracy=76.019997
********************************************************************************
Round 687
ROUND_ACCURACY method=FedPhoenixRG-LC round=688 accuracy=77.000000
********************************************************************************
Round 688
ROUND_ACCURACY method=FedPhoenixRG-LC round=689 accuracy=78.150002
********************************************************************************
Round 689
ROUND_ACCURACY method=FedPhoenixRG-LC round=690 accuracy=75.750000
********************************************************************************
Round 690
ROUND_ACCURACY method=FedPhoenixRG-LC round=691 accuracy=79.550003
********************************************************************************
Round 691
ROUND_ACCURACY method=FedPhoenixRG-LC round=692 accuracy=67.750000
********************************************************************************
Round 692
ROUND_ACCURACY method=FedPhoenixRG-LC round=693 accuracy=78.809998
********************************************************************************
Round 693
ROUND_ACCURACY method=FedPhoenixRG-LC round=694 accuracy=63.130001
********************************************************************************
Round 694
ROUND_ACCURACY method=FedPhoenixRG-LC round=695 accuracy=76.769997
********************************************************************************
Round 695
ROUND_ACCURACY method=FedPhoenixRG-LC round=696 accuracy=77.500000
********************************************************************************
Round 696
ROUND_ACCURACY method=FedPhoenixRG-LC round=697 accuracy=71.379997
********************************************************************************
Round 697
ROUND_ACCURACY method=FedPhoenixRG-LC round=698 accuracy=81.570000
********************************************************************************
Round 698
ROUND_ACCURACY method=FedPhoenixRG-LC round=699 accuracy=78.900002
********************************************************************************
Round 699
RG_LC_SCORE round=700 layer=features.30 mean_q=0.097050 S_bar=0.207740 gamma_l=0.350379 mean_eligible_clients=62.091797 min_eligible_clients=58 sampling_entropy=6.235125 uniform_entropy=6.238325
RG_LC_SCORE round=700 layer=features.34 mean_q=0.246886 S_bar=0.207740 gamma_l=0.750000 mean_eligible_clients=62.103516 min_eligible_clients=58 sampling_entropy=6.220649 uniform_entropy=6.238325
RG_LC_SCORE round=700 layer=features.37 mean_q=0.265012 S_bar=0.207740 gamma_l=0.750000 mean_eligible_clients=62.085938 min_eligible_clients=58 sampling_entropy=6.222533 uniform_entropy=6.238325
RG_LC_SCORE round=700 layer=features.40 mean_q=0.222014 S_bar=0.207740 gamma_l=0.750000 mean_eligible_clients=62.068359 min_eligible_clients=59 sampling_entropy=6.210219 uniform_entropy=6.238325
ROUND_ACCURACY method=FedPhoenixRG-LC round=700 accuracy=79.269997
********************************************************************************
Round 700
ROUND_ACCURACY method=FedPhoenixRG-LC round=701 accuracy=77.300003
********************************************************************************
Round 701
ROUND_ACCURACY method=FedPhoenixRG-LC round=702 accuracy=72.620003
********************************************************************************
Round 702
ROUND_ACCURACY method=FedPhoenixRG-LC round=703 accuracy=69.550003
********************************************************************************
Round 703
ROUND_ACCURACY method=FedPhoenixRG-LC round=704 accuracy=80.809998
********************************************************************************
Round 704
ROUND_ACCURACY method=FedPhoenixRG-LC round=705 accuracy=80.669998
********************************************************************************
Round 705
ROUND_ACCURACY method=FedPhoenixRG-LC round=706 accuracy=81.750000
********************************************************************************
Round 706
ROUND_ACCURACY method=FedPhoenixRG-LC round=707 accuracy=80.809998
********************************************************************************
Round 707
ROUND_ACCURACY method=FedPhoenixRG-LC round=708 accuracy=80.360001
********************************************************************************
Round 708
ROUND_ACCURACY method=FedPhoenixRG-LC round=709 accuracy=78.650002
********************************************************************************
Round 709
ROUND_ACCURACY method=FedPhoenixRG-LC round=710 accuracy=81.529999
********************************************************************************
Round 710
ROUND_ACCURACY method=FedPhoenixRG-LC round=711 accuracy=77.300003
********************************************************************************
Round 711
ROUND_ACCURACY method=FedPhoenixRG-LC round=712 accuracy=68.180000
********************************************************************************
Round 712
ROUND_ACCURACY method=FedPhoenixRG-LC round=713 accuracy=78.779999
********************************************************************************
Round 713
ROUND_ACCURACY method=FedPhoenixRG-LC round=714 accuracy=75.769997
********************************************************************************
Round 714
ROUND_ACCURACY method=FedPhoenixRG-LC round=715 accuracy=77.500000
********************************************************************************
Round 715
ROUND_ACCURACY method=FedPhoenixRG-LC round=716 accuracy=78.050003
********************************************************************************
Round 716
ROUND_ACCURACY method=FedPhoenixRG-LC round=717 accuracy=76.529999
********************************************************************************
Round 717
ROUND_ACCURACY method=FedPhoenixRG-LC round=718 accuracy=75.750000
********************************************************************************
Round 718
ROUND_ACCURACY method=FedPhoenixRG-LC round=719 accuracy=78.089996
********************************************************************************
Round 719
RG_LC_SCORE round=720 layer=features.30 mean_q=0.083391 S_bar=0.135815 gamma_l=0.460504 mean_eligible_clients=59.115234 min_eligible_clients=55 sampling_entropy=6.228389 uniform_entropy=6.238325
RG_LC_SCORE round=720 layer=features.34 mean_q=0.188139 S_bar=0.135815 gamma_l=0.750000 mean_eligible_clients=59.109375 min_eligible_clients=55 sampling_entropy=6.179488 uniform_entropy=6.238325
RG_LC_SCORE round=720 layer=features.37 mean_q=0.176366 S_bar=0.135815 gamma_l=0.750000 mean_eligible_clients=59.117188 min_eligible_clients=54 sampling_entropy=6.189087 uniform_entropy=6.238325
RG_LC_SCORE round=720 layer=features.40 mean_q=0.095365 S_bar=0.135815 gamma_l=0.526624 mean_eligible_clients=59.117188 min_eligible_clients=55 sampling_entropy=6.133201 uniform_entropy=6.238325
ROUND_ACCURACY method=FedPhoenixRG-LC round=720 accuracy=72.989998
********************************************************************************
Round 720
ROUND_ACCURACY method=FedPhoenixRG-LC round=721 accuracy=74.529999
********************************************************************************
Round 721
ROUND_ACCURACY method=FedPhoenixRG-LC round=722 accuracy=71.830002
********************************************************************************
Round 722
ROUND_ACCURACY method=FedPhoenixRG-LC round=723 accuracy=78.070000
********************************************************************************
Round 723
ROUND_ACCURACY method=FedPhoenixRG-LC round=724 accuracy=79.019997
********************************************************************************
Round 724
ROUND_ACCURACY method=FedPhoenixRG-LC round=725 accuracy=80.220001
********************************************************************************
Round 725
ROUND_ACCURACY method=FedPhoenixRG-LC round=726 accuracy=74.550003
********************************************************************************
Round 726
ROUND_ACCURACY method=FedPhoenixRG-LC round=727 accuracy=80.120003
********************************************************************************
Round 727
ROUND_ACCURACY method=FedPhoenixRG-LC round=728 accuracy=80.900002
********************************************************************************
Round 728
ROUND_ACCURACY method=FedPhoenixRG-LC round=729 accuracy=78.989998
********************************************************************************
Round 729
ROUND_ACCURACY method=FedPhoenixRG-LC round=730 accuracy=71.680000
********************************************************************************
Round 730
ROUND_ACCURACY method=FedPhoenixRG-LC round=731 accuracy=75.669998
********************************************************************************
Round 731
ROUND_ACCURACY method=FedPhoenixRG-LC round=732 accuracy=74.559998
********************************************************************************
Round 732
ROUND_ACCURACY method=FedPhoenixRG-LC round=733 accuracy=72.330002
********************************************************************************
Round 733
ROUND_ACCURACY method=FedPhoenixRG-LC round=734 accuracy=79.410004
********************************************************************************
Round 734
ROUND_ACCURACY method=FedPhoenixRG-LC round=735 accuracy=77.440002
********************************************************************************
Round 735
ROUND_ACCURACY method=FedPhoenixRG-LC round=736 accuracy=68.599998
********************************************************************************
Round 736
ROUND_ACCURACY method=FedPhoenixRG-LC round=737 accuracy=76.550003
********************************************************************************
Round 737
ROUND_ACCURACY method=FedPhoenixRG-LC round=738 accuracy=72.430000
********************************************************************************
Round 738
ROUND_ACCURACY method=FedPhoenixRG-LC round=739 accuracy=80.730003
********************************************************************************
Round 739
RG_LC_SCORE round=740 layer=features.30 mean_q=0.105224 S_bar=0.187970 gamma_l=0.419843 mean_eligible_clients=58.234375 min_eligible_clients=55 sampling_entropy=6.236530 uniform_entropy=6.238325
RG_LC_SCORE round=740 layer=features.34 mean_q=0.235973 S_bar=0.187970 gamma_l=0.750000 mean_eligible_clients=58.238281 min_eligible_clients=55 sampling_entropy=6.227307 uniform_entropy=6.238325
RG_LC_SCORE round=740 layer=features.37 mean_q=0.236489 S_bar=0.187970 gamma_l=0.750000 mean_eligible_clients=58.246094 min_eligible_clients=55 sampling_entropy=6.227775 uniform_entropy=6.238325
RG_LC_SCORE round=740 layer=features.40 mean_q=0.174193 S_bar=0.187970 gamma_l=0.695032 mean_eligible_clients=58.242188 min_eligible_clients=55 sampling_entropy=6.209568 uniform_entropy=6.238325
ROUND_ACCURACY method=FedPhoenixRG-LC round=740 accuracy=62.459999
********************************************************************************
Round 740
ROUND_ACCURACY method=FedPhoenixRG-LC round=741 accuracy=69.870003
********************************************************************************
Round 741
ROUND_ACCURACY method=FedPhoenixRG-LC round=742 accuracy=64.519997
********************************************************************************
Round 742
ROUND_ACCURACY method=FedPhoenixRG-LC round=743 accuracy=75.830002
********************************************************************************
Round 743
ROUND_ACCURACY method=FedPhoenixRG-LC round=744 accuracy=81.169998
********************************************************************************
Round 744
ROUND_ACCURACY method=FedPhoenixRG-LC round=745 accuracy=79.279999
********************************************************************************
Round 745
ROUND_ACCURACY method=FedPhoenixRG-LC round=746 accuracy=72.550003
********************************************************************************
Round 746
ROUND_ACCURACY method=FedPhoenixRG-LC round=747 accuracy=77.860001
********************************************************************************
Round 747
ROUND_ACCURACY method=FedPhoenixRG-LC round=748 accuracy=77.400002
********************************************************************************
Round 748
ROUND_ACCURACY method=FedPhoenixRG-LC round=749 accuracy=79.550003
********************************************************************************
Round 749
ROUND_ACCURACY method=FedPhoenixRG-LC round=750 accuracy=80.379997
********************************************************************************
Round 750
ROUND_ACCURACY method=FedPhoenixRG-LC round=751 accuracy=80.489998
********************************************************************************
Round 751
ROUND_ACCURACY method=FedPhoenixRG-LC round=752 accuracy=76.410004
********************************************************************************
Round 752
ROUND_ACCURACY method=FedPhoenixRG-LC round=753 accuracy=81.120003
********************************************************************************
Round 753
ROUND_ACCURACY method=FedPhoenixRG-LC round=754 accuracy=78.309998
********************************************************************************
Round 754
ROUND_ACCURACY method=FedPhoenixRG-LC round=755 accuracy=80.279999
********************************************************************************
Round 755
ROUND_ACCURACY method=FedPhoenixRG-LC round=756 accuracy=81.400002
********************************************************************************
Round 756
ROUND_ACCURACY method=FedPhoenixRG-LC round=757 accuracy=80.860001
********************************************************************************
Round 757
ROUND_ACCURACY method=FedPhoenixRG-LC round=758 accuracy=79.000000
********************************************************************************
Round 758
ROUND_ACCURACY method=FedPhoenixRG-LC round=759 accuracy=79.379997
********************************************************************************
Round 759
RG_LC_SCORE round=760 layer=features.30 mean_q=0.047529 S_bar=0.124635 gamma_l=0.286007 mean_eligible_clients=57.121094 min_eligible_clients=52 sampling_entropy=6.209548 uniform_entropy=6.238325
RG_LC_SCORE round=760 layer=features.34 mean_q=0.155078 S_bar=0.124635 gamma_l=0.750000 mean_eligible_clients=57.109375 min_eligible_clients=54 sampling_entropy=6.092071 uniform_entropy=6.238325
RG_LC_SCORE round=760 layer=features.37 mean_q=0.173219 S_bar=0.124635 gamma_l=0.750000 mean_eligible_clients=57.126953 min_eligible_clients=54 sampling_entropy=6.154479 uniform_entropy=6.238325
RG_LC_SCORE round=760 layer=features.40 mean_q=0.122715 S_bar=0.124635 gamma_l=0.738444 mean_eligible_clients=57.121094 min_eligible_clients=53 sampling_entropy=6.078567 uniform_entropy=6.238325
ROUND_ACCURACY method=FedPhoenixRG-LC round=760 accuracy=78.949997
********************************************************************************
Round 760
ROUND_ACCURACY method=FedPhoenixRG-LC round=761 accuracy=80.900002
********************************************************************************
Round 761
ROUND_ACCURACY method=FedPhoenixRG-LC round=762 accuracy=79.089996
********************************************************************************
Round 762
ROUND_ACCURACY method=FedPhoenixRG-LC round=763 accuracy=78.589996
********************************************************************************
Round 763
ROUND_ACCURACY method=FedPhoenixRG-LC round=764 accuracy=76.919998
********************************************************************************
Round 764
ROUND_ACCURACY method=FedPhoenixRG-LC round=765 accuracy=81.360001
********************************************************************************
Round 765
ROUND_ACCURACY method=FedPhoenixRG-LC round=766 accuracy=77.230003
********************************************************************************
Round 766
ROUND_ACCURACY method=FedPhoenixRG-LC round=767 accuracy=80.680000
********************************************************************************
Round 767
ROUND_ACCURACY method=FedPhoenixRG-LC round=768 accuracy=74.870003
********************************************************************************
Round 768
ROUND_ACCURACY method=FedPhoenixRG-LC round=769 accuracy=74.129997
********************************************************************************
Round 769
ROUND_ACCURACY method=FedPhoenixRG-LC round=770 accuracy=81.080002
********************************************************************************
Round 770
ROUND_ACCURACY method=FedPhoenixRG-LC round=771 accuracy=79.470001
********************************************************************************
Round 771
ROUND_ACCURACY method=FedPhoenixRG-LC round=772 accuracy=78.320000
********************************************************************************
Round 772
ROUND_ACCURACY method=FedPhoenixRG-LC round=773 accuracy=74.949997
********************************************************************************
Round 773
ROUND_ACCURACY method=FedPhoenixRG-LC round=774 accuracy=78.419998
********************************************************************************
Round 774
ROUND_ACCURACY method=FedPhoenixRG-LC round=775 accuracy=70.059998
********************************************************************************
Round 775
ROUND_ACCURACY method=FedPhoenixRG-LC round=776 accuracy=74.360001
********************************************************************************
Round 776
ROUND_ACCURACY method=FedPhoenixRG-LC round=777 accuracy=81.220001
********************************************************************************
Round 777
ROUND_ACCURACY method=FedPhoenixRG-LC round=778 accuracy=70.290001
********************************************************************************
Round 778
ROUND_ACCURACY method=FedPhoenixRG-LC round=779 accuracy=67.860001
********************************************************************************
Round 779
RG_LC_SCORE round=780 layer=features.34 mean_q=0.202583 S_bar=0.193813 gamma_l=0.750000 mean_eligible_clients=62.988281 min_eligible_clients=58 sampling_entropy=6.217310 uniform_entropy=6.238325
RG_LC_SCORE round=780 layer=features.37 mean_q=0.221852 S_bar=0.193813 gamma_l=0.750000 mean_eligible_clients=62.986328 min_eligible_clients=59 sampling_entropy=6.222931 uniform_entropy=6.238325
RG_LC_SCORE round=780 layer=features.40 mean_q=0.157004 S_bar=0.193813 gamma_l=0.607560 mean_eligible_clients=62.992188 min_eligible_clients=59 sampling_entropy=6.207792 uniform_entropy=6.238325
ROUND_ACCURACY method=FedPhoenixRG-LC round=780 accuracy=77.120003
********************************************************************************
Round 780
ROUND_ACCURACY method=FedPhoenixRG-LC round=781 accuracy=75.290001
********************************************************************************
Round 781
ROUND_ACCURACY method=FedPhoenixRG-LC round=782 accuracy=80.309998
********************************************************************************
Round 782
ROUND_ACCURACY method=FedPhoenixRG-LC round=783 accuracy=82.089996
********************************************************************************
Round 783
ROUND_ACCURACY method=FedPhoenixRG-LC round=784 accuracy=72.989998
********************************************************************************
Round 784
ROUND_ACCURACY method=FedPhoenixRG-LC round=785 accuracy=77.830002
********************************************************************************
Round 785
ROUND_ACCURACY method=FedPhoenixRG-LC round=786 accuracy=71.010002
********************************************************************************
Round 786
ROUND_ACCURACY method=FedPhoenixRG-LC round=787 accuracy=78.900002
********************************************************************************
Round 787
ROUND_ACCURACY method=FedPhoenixRG-LC round=788 accuracy=81.160004
********************************************************************************
Round 788
ROUND_ACCURACY method=FedPhoenixRG-LC round=789 accuracy=78.379997
********************************************************************************
Round 789
ROUND_ACCURACY method=FedPhoenixRG-LC round=790 accuracy=80.610001
********************************************************************************
Round 790
ROUND_ACCURACY method=FedPhoenixRG-LC round=791 accuracy=79.489998
********************************************************************************
Round 791
ROUND_ACCURACY method=FedPhoenixRG-LC round=792 accuracy=77.989998
********************************************************************************
Round 792
ROUND_ACCURACY method=FedPhoenixRG-LC round=793 accuracy=74.889999
********************************************************************************
Round 793
ROUND_ACCURACY method=FedPhoenixRG-LC round=794 accuracy=78.410004
********************************************************************************
Round 794
ROUND_ACCURACY method=FedPhoenixRG-LC round=795 accuracy=79.830002
********************************************************************************
Round 795
ROUND_ACCURACY method=FedPhoenixRG-LC round=796 accuracy=78.519997
********************************************************************************
Round 796
ROUND_ACCURACY method=FedPhoenixRG-LC round=797 accuracy=76.410004
********************************************************************************
Round 797
ROUND_ACCURACY method=FedPhoenixRG-LC round=798 accuracy=81.309998
********************************************************************************
Round 798
ROUND_ACCURACY method=FedPhoenixRG-LC round=799 accuracy=82.150002
********************************************************************************
Round 799
RG_LC_SCORE round=800 layer=features.34 mean_q=0.190890 S_bar=0.182460 gamma_l=0.750000 mean_eligible_clients=61.152344 min_eligible_clients=57 sampling_entropy=6.159312 uniform_entropy=6.238325
RG_LC_SCORE round=800 layer=features.37 mean_q=0.215641 S_bar=0.182460 gamma_l=0.750000 mean_eligible_clients=61.138672 min_eligible_clients=57 sampling_entropy=6.188196 uniform_entropy=6.238325
RG_LC_SCORE round=800 layer=features.40 mean_q=0.140848 S_bar=0.182460 gamma_l=0.578957 mean_eligible_clients=61.136719 min_eligible_clients=58 sampling_entropy=6.191857 uniform_entropy=6.238325
ROUND_ACCURACY method=FedPhoenixRG-LC round=800 accuracy=78.720001
********************************************************************************
Round 800
ROUND_ACCURACY method=FedPhoenixRG-LC round=801 accuracy=79.169998
********************************************************************************
Round 801
ROUND_ACCURACY method=FedPhoenixRG-LC round=802 accuracy=78.989998
********************************************************************************
Round 802
ROUND_ACCURACY method=FedPhoenixRG-LC round=803 accuracy=81.889999
********************************************************************************
Round 803
ROUND_ACCURACY method=FedPhoenixRG-LC round=804 accuracy=77.820000
********************************************************************************
Round 804
ROUND_ACCURACY method=FedPhoenixRG-LC round=805 accuracy=71.370003
********************************************************************************
Round 805
ROUND_ACCURACY method=FedPhoenixRG-LC round=806 accuracy=80.080002
********************************************************************************
Round 806
ROUND_ACCURACY method=FedPhoenixRG-LC round=807 accuracy=56.090000
********************************************************************************
Round 807
ROUND_ACCURACY method=FedPhoenixRG-LC round=808 accuracy=68.070000
********************************************************************************
Round 808
ROUND_ACCURACY method=FedPhoenixRG-LC round=809 accuracy=77.099998
********************************************************************************
Round 809
ROUND_ACCURACY method=FedPhoenixRG-LC round=810 accuracy=80.309998
********************************************************************************
Round 810
ROUND_ACCURACY method=FedPhoenixRG-LC round=811 accuracy=77.629997
********************************************************************************
Round 811
ROUND_ACCURACY method=FedPhoenixRG-LC round=812 accuracy=67.080002
********************************************************************************
Round 812
ROUND_ACCURACY method=FedPhoenixRG-LC round=813 accuracy=68.220001
********************************************************************************
Round 813
ROUND_ACCURACY method=FedPhoenixRG-LC round=814 accuracy=70.739998
********************************************************************************
Round 814
ROUND_ACCURACY method=FedPhoenixRG-LC round=815 accuracy=77.849998
********************************************************************************
Round 815
ROUND_ACCURACY method=FedPhoenixRG-LC round=816 accuracy=81.110001
********************************************************************************
Round 816
ROUND_ACCURACY method=FedPhoenixRG-LC round=817 accuracy=80.739998
********************************************************************************
Round 817
ROUND_ACCURACY method=FedPhoenixRG-LC round=818 accuracy=81.419998
********************************************************************************
Round 818
ROUND_ACCURACY method=FedPhoenixRG-LC round=819 accuracy=81.010002
********************************************************************************
Round 819
RG_LC_SCORE round=820 layer=features.34 mean_q=0.168485 S_bar=0.155030 gamma_l=0.750000 mean_eligible_clients=59.119141 min_eligible_clients=56 sampling_entropy=6.201227 uniform_entropy=6.238325
RG_LC_SCORE round=820 layer=features.37 mean_q=0.163916 S_bar=0.155030 gamma_l=0.750000 mean_eligible_clients=59.121094 min_eligible_clients=56 sampling_entropy=6.204075 uniform_entropy=6.238325
RG_LC_SCORE round=820 layer=features.40 mean_q=0.132689 S_bar=0.155030 gamma_l=0.641919 mean_eligible_clients=59.117188 min_eligible_clients=55 sampling_entropy=6.195875 uniform_entropy=6.238325
ROUND_ACCURACY method=FedPhoenixRG-LC round=820 accuracy=80.820000
********************************************************************************
Round 820
ROUND_ACCURACY method=FedPhoenixRG-LC round=821 accuracy=79.300003
********************************************************************************
Round 821
ROUND_ACCURACY method=FedPhoenixRG-LC round=822 accuracy=77.070000
********************************************************************************
Round 822
ROUND_ACCURACY method=FedPhoenixRG-LC round=823 accuracy=70.000000
********************************************************************************
Round 823
ROUND_ACCURACY method=FedPhoenixRG-LC round=824 accuracy=18.940001
********************************************************************************
Round 824
ROUND_ACCURACY method=FedPhoenixRG-LC round=825 accuracy=70.290001
********************************************************************************
Round 825
ROUND_ACCURACY method=FedPhoenixRG-LC round=826 accuracy=74.639999
********************************************************************************
Round 826
ROUND_ACCURACY method=FedPhoenixRG-LC round=827 accuracy=70.699997
********************************************************************************
Round 827
ROUND_ACCURACY method=FedPhoenixRG-LC round=828 accuracy=74.389999
********************************************************************************
Round 828
ROUND_ACCURACY method=FedPhoenixRG-LC round=829 accuracy=77.720001
********************************************************************************
Round 829
ROUND_ACCURACY method=FedPhoenixRG-LC round=830 accuracy=68.900002
********************************************************************************
Round 830
ROUND_ACCURACY method=FedPhoenixRG-LC round=831 accuracy=72.769997
********************************************************************************
Round 831
ROUND_ACCURACY method=FedPhoenixRG-LC round=832 accuracy=81.330002
********************************************************************************
Round 832
ROUND_ACCURACY method=FedPhoenixRG-LC round=833 accuracy=77.910004
********************************************************************************
Round 833
ROUND_ACCURACY method=FedPhoenixRG-LC round=834 accuracy=79.040001
********************************************************************************
Round 834
ROUND_ACCURACY method=FedPhoenixRG-LC round=835 accuracy=81.809998
********************************************************************************
Round 835
ROUND_ACCURACY method=FedPhoenixRG-LC round=836 accuracy=79.010002
********************************************************************************
Round 836
ROUND_ACCURACY method=FedPhoenixRG-LC round=837 accuracy=81.430000
********************************************************************************
Round 837
ROUND_ACCURACY method=FedPhoenixRG-LC round=838 accuracy=81.459999
********************************************************************************
Round 838
ROUND_ACCURACY method=FedPhoenixRG-LC round=839 accuracy=79.029999
********************************************************************************
Round 839
RG_LC_SCORE round=840 layer=features.34 mean_q=0.213819 S_bar=0.189375 gamma_l=0.750000 mean_eligible_clients=60.029297 min_eligible_clients=57 sampling_entropy=6.209466 uniform_entropy=6.238325
RG_LC_SCORE round=840 layer=features.37 mean_q=0.216298 S_bar=0.189375 gamma_l=0.750000 mean_eligible_clients=60.039062 min_eligible_clients=57 sampling_entropy=6.215690 uniform_entropy=6.238325
RG_LC_SCORE round=840 layer=features.40 mean_q=0.138008 S_bar=0.189375 gamma_l=0.546567 mean_eligible_clients=60.019531 min_eligible_clients=57 sampling_entropy=6.205164 uniform_entropy=6.238325
ROUND_ACCURACY method=FedPhoenixRG-LC round=840 accuracy=68.440002
********************************************************************************
Round 840
ROUND_ACCURACY method=FedPhoenixRG-LC round=841 accuracy=74.559998
********************************************************************************
Round 841
ROUND_ACCURACY method=FedPhoenixRG-LC round=842 accuracy=61.270000
********************************************************************************
Round 842
ROUND_ACCURACY method=FedPhoenixRG-LC round=843 accuracy=78.720001
********************************************************************************
Round 843
ROUND_ACCURACY method=FedPhoenixRG-LC round=844 accuracy=80.300003
********************************************************************************
Round 844
ROUND_ACCURACY method=FedPhoenixRG-LC round=845 accuracy=79.769997
********************************************************************************
Round 845
ROUND_ACCURACY method=FedPhoenixRG-LC round=846 accuracy=72.720001
********************************************************************************
Round 846
ROUND_ACCURACY method=FedPhoenixRG-LC round=847 accuracy=71.570000
********************************************************************************
Round 847
ROUND_ACCURACY method=FedPhoenixRG-LC round=848 accuracy=80.900002
********************************************************************************
Round 848
ROUND_ACCURACY method=FedPhoenixRG-LC round=849 accuracy=78.500000
********************************************************************************
Round 849
ROUND_ACCURACY method=FedPhoenixRG-LC round=850 accuracy=81.879997
********************************************************************************
Round 850
ROUND_ACCURACY method=FedPhoenixRG-LC round=851 accuracy=81.459999
********************************************************************************
Round 851
ROUND_ACCURACY method=FedPhoenixRG-LC round=852 accuracy=80.650002
********************************************************************************
Round 852
ROUND_ACCURACY method=FedPhoenixRG-LC round=853 accuracy=75.570000
********************************************************************************
Round 853
ROUND_ACCURACY method=FedPhoenixRG-LC round=854 accuracy=69.970001
********************************************************************************
Round 854
ROUND_ACCURACY method=FedPhoenixRG-LC round=855 accuracy=72.650002
********************************************************************************
Round 855
ROUND_ACCURACY method=FedPhoenixRG-LC round=856 accuracy=77.870003
********************************************************************************
Round 856
ROUND_ACCURACY method=FedPhoenixRG-LC round=857 accuracy=79.599998
********************************************************************************
Round 857
ROUND_ACCURACY method=FedPhoenixRG-LC round=858 accuracy=78.430000
********************************************************************************
Round 858
ROUND_ACCURACY method=FedPhoenixRG-LC round=859 accuracy=80.550003
********************************************************************************
Round 859
RG_LC_SCORE round=860 layer=features.37 mean_q=0.212730 S_bar=0.162521 gamma_l=0.750000 mean_eligible_clients=58.320312 min_eligible_clients=54 sampling_entropy=6.207302 uniform_entropy=6.238325
RG_LC_SCORE round=860 layer=features.40 mean_q=0.112312 S_bar=0.162521 gamma_l=0.518296 mean_eligible_clients=58.333984 min_eligible_clients=55 sampling_entropy=6.182756 uniform_entropy=6.238325
ROUND_ACCURACY method=FedPhoenixRG-LC round=860 accuracy=56.900002
********************************************************************************
Round 860
ROUND_ACCURACY method=FedPhoenixRG-LC round=861 accuracy=69.650002
********************************************************************************
Round 861
ROUND_ACCURACY method=FedPhoenixRG-LC round=862 accuracy=69.529999
********************************************************************************
Round 862
ROUND_ACCURACY method=FedPhoenixRG-LC round=863 accuracy=70.699997
********************************************************************************
Round 863
ROUND_ACCURACY method=FedPhoenixRG-LC round=864 accuracy=76.730003
********************************************************************************
Round 864
ROUND_ACCURACY method=FedPhoenixRG-LC round=865 accuracy=44.400002
********************************************************************************
Round 865
ROUND_ACCURACY method=FedPhoenixRG-LC round=866 accuracy=65.849998
********************************************************************************
Round 866
ROUND_ACCURACY method=FedPhoenixRG-LC round=867 accuracy=78.220001
********************************************************************************
Round 867
ROUND_ACCURACY method=FedPhoenixRG-LC round=868 accuracy=76.110001
********************************************************************************
Round 868
ROUND_ACCURACY method=FedPhoenixRG-LC round=869 accuracy=80.889999
********************************************************************************
Round 869
ROUND_ACCURACY method=FedPhoenixRG-LC round=870 accuracy=77.379997
********************************************************************************
Round 870
ROUND_ACCURACY method=FedPhoenixRG-LC round=871 accuracy=78.800003
********************************************************************************
Round 871
ROUND_ACCURACY method=FedPhoenixRG-LC round=872 accuracy=79.470001
********************************************************************************
Round 872
ROUND_ACCURACY method=FedPhoenixRG-LC round=873 accuracy=77.629997
********************************************************************************
Round 873
ROUND_ACCURACY method=FedPhoenixRG-LC round=874 accuracy=73.959999
********************************************************************************
Round 874
ROUND_ACCURACY method=FedPhoenixRG-LC round=875 accuracy=76.980003
********************************************************************************
Round 875
ROUND_ACCURACY method=FedPhoenixRG-LC round=876 accuracy=80.580002
********************************************************************************
Round 876
ROUND_ACCURACY method=FedPhoenixRG-LC round=877 accuracy=77.029999
********************************************************************************
Round 877
ROUND_ACCURACY method=FedPhoenixRG-LC round=878 accuracy=76.320000
********************************************************************************
Round 878
ROUND_ACCURACY method=FedPhoenixRG-LC round=879 accuracy=61.700001
********************************************************************************
Round 879
RG_LC_SCORE round=880 layer=features.37 mean_q=0.230330 S_bar=0.192503 gamma_l=0.750000 mean_eligible_clients=60.210938 min_eligible_clients=57 sampling_entropy=6.220504 uniform_entropy=6.238325
RG_LC_SCORE round=880 layer=features.40 mean_q=0.154676 S_bar=0.192503 gamma_l=0.602625 mean_eligible_clients=60.207031 min_eligible_clients=56 sampling_entropy=6.214510 uniform_entropy=6.238325
ROUND_ACCURACY method=FedPhoenixRG-LC round=880 accuracy=81.290001
********************************************************************************
Round 880
ROUND_ACCURACY method=FedPhoenixRG-LC round=881 accuracy=72.389999
********************************************************************************
Round 881
ROUND_ACCURACY method=FedPhoenixRG-LC round=882 accuracy=80.440002
********************************************************************************
Round 882
ROUND_ACCURACY method=FedPhoenixRG-LC round=883 accuracy=73.489998
********************************************************************************
Round 883
ROUND_ACCURACY method=FedPhoenixRG-LC round=884 accuracy=80.220001
********************************************************************************
Round 884
ROUND_ACCURACY method=FedPhoenixRG-LC round=885 accuracy=75.889999
********************************************************************************
Round 885
ROUND_ACCURACY method=FedPhoenixRG-LC round=886 accuracy=77.980003
********************************************************************************
Round 886
ROUND_ACCURACY method=FedPhoenixRG-LC round=887 accuracy=69.970001
********************************************************************************
Round 887
ROUND_ACCURACY method=FedPhoenixRG-LC round=888 accuracy=80.750000
********************************************************************************
Round 888
ROUND_ACCURACY method=FedPhoenixRG-LC round=889 accuracy=81.790001
********************************************************************************
Round 889
ROUND_ACCURACY method=FedPhoenixRG-LC round=890 accuracy=80.940002
********************************************************************************
Round 890
ROUND_ACCURACY method=FedPhoenixRG-LC round=891 accuracy=81.459999
********************************************************************************
Round 891
ROUND_ACCURACY method=FedPhoenixRG-LC round=892 accuracy=77.400002
********************************************************************************
Round 892
ROUND_ACCURACY method=FedPhoenixRG-LC round=893 accuracy=79.180000
********************************************************************************
Round 893
ROUND_ACCURACY method=FedPhoenixRG-LC round=894 accuracy=76.660004
********************************************************************************
Round 894
ROUND_ACCURACY method=FedPhoenixRG-LC round=895 accuracy=76.389999
********************************************************************************
Round 895
ROUND_ACCURACY method=FedPhoenixRG-LC round=896 accuracy=76.500000
********************************************************************************
Round 896
ROUND_ACCURACY method=FedPhoenixRG-LC round=897 accuracy=76.129997
********************************************************************************
Round 897
ROUND_ACCURACY method=FedPhoenixRG-LC round=898 accuracy=71.059998
********************************************************************************
Round 898
ROUND_ACCURACY method=FedPhoenixRG-LC round=899 accuracy=76.889999
********************************************************************************
Round 899
RG_LC_SCORE round=900 layer=features.37 mean_q=0.173943 S_bar=0.138598 gamma_l=0.750000 mean_eligible_clients=59.175781 min_eligible_clients=55 sampling_entropy=6.194055 uniform_entropy=6.238325
RG_LC_SCORE round=900 layer=features.40 mean_q=0.103254 S_bar=0.138598 gamma_l=0.558740 mean_eligible_clients=59.185547 min_eligible_clients=55 sampling_entropy=6.173069 uniform_entropy=6.238325
ROUND_ACCURACY method=FedPhoenixRG-LC round=900 accuracy=76.599998
********************************************************************************
Round 900
ROUND_ACCURACY method=FedPhoenixRG-LC round=901 accuracy=80.050003
********************************************************************************
Round 901
ROUND_ACCURACY method=FedPhoenixRG-LC round=902 accuracy=81.940002
********************************************************************************
Round 902
ROUND_ACCURACY method=FedPhoenixRG-LC round=903 accuracy=80.330002
********************************************************************************
Round 903
ROUND_ACCURACY method=FedPhoenixRG-LC round=904 accuracy=81.239998
********************************************************************************
Round 904
ROUND_ACCURACY method=FedPhoenixRG-LC round=905 accuracy=80.080002
********************************************************************************
Round 905
ROUND_ACCURACY method=FedPhoenixRG-LC round=906 accuracy=79.220001
********************************************************************************
Round 906
ROUND_ACCURACY method=FedPhoenixRG-LC round=907 accuracy=79.949997
********************************************************************************
Round 907
ROUND_ACCURACY method=FedPhoenixRG-LC round=908 accuracy=81.400002
********************************************************************************
Round 908
ROUND_ACCURACY method=FedPhoenixRG-LC round=909 accuracy=78.070000
********************************************************************************
Round 909
ROUND_ACCURACY method=FedPhoenixRG-LC round=910 accuracy=79.839996
********************************************************************************
Round 910
ROUND_ACCURACY method=FedPhoenixRG-LC round=911 accuracy=80.529999
********************************************************************************
Round 911
ROUND_ACCURACY method=FedPhoenixRG-LC round=912 accuracy=78.779999
********************************************************************************
Round 912
ROUND_ACCURACY method=FedPhoenixRG-LC round=913 accuracy=75.900002
********************************************************************************
Round 913
ROUND_ACCURACY method=FedPhoenixRG-LC round=914 accuracy=73.480003
********************************************************************************
Round 914
ROUND_ACCURACY method=FedPhoenixRG-LC round=915 accuracy=80.419998
********************************************************************************
Round 915
ROUND_ACCURACY method=FedPhoenixRG-LC round=916 accuracy=80.410004
********************************************************************************
Round 916
ROUND_ACCURACY method=FedPhoenixRG-LC round=917 accuracy=81.790001
********************************************************************************
Round 917
ROUND_ACCURACY method=FedPhoenixRG-LC round=918 accuracy=81.440002
********************************************************************************
Round 918
ROUND_ACCURACY method=FedPhoenixRG-LC round=919 accuracy=80.879997
********************************************************************************
Round 919
RG_LC_SCORE round=920 layer=features.37 mean_q=0.226109 S_bar=0.175647 gamma_l=0.750000 mean_eligible_clients=60.042969 min_eligible_clients=56 sampling_entropy=6.199161 uniform_entropy=6.238325
RG_LC_SCORE round=920 layer=features.40 mean_q=0.125184 S_bar=0.175647 gamma_l=0.534528 mean_eligible_clients=60.052734 min_eligible_clients=55 sampling_entropy=6.206187 uniform_entropy=6.238325
ROUND_ACCURACY method=FedPhoenixRG-LC round=920 accuracy=68.370003
********************************************************************************
Round 920
ROUND_ACCURACY method=FedPhoenixRG-LC round=921 accuracy=80.150002
********************************************************************************
Round 921
ROUND_ACCURACY method=FedPhoenixRG-LC round=922 accuracy=81.349998
********************************************************************************
Round 922
ROUND_ACCURACY method=FedPhoenixRG-LC round=923 accuracy=81.589996
********************************************************************************
Round 923
ROUND_ACCURACY method=FedPhoenixRG-LC round=924 accuracy=78.860001
********************************************************************************
Round 924
ROUND_ACCURACY method=FedPhoenixRG-LC round=925 accuracy=81.400002
********************************************************************************
Round 925
ROUND_ACCURACY method=FedPhoenixRG-LC round=926 accuracy=78.330002
********************************************************************************
Round 926
ROUND_ACCURACY method=FedPhoenixRG-LC round=927 accuracy=81.449997
********************************************************************************
Round 927
ROUND_ACCURACY method=FedPhoenixRG-LC round=928 accuracy=81.690002
********************************************************************************
Round 928
ROUND_ACCURACY method=FedPhoenixRG-LC round=929 accuracy=81.379997
********************************************************************************
Round 929
ROUND_ACCURACY method=FedPhoenixRG-LC round=930 accuracy=82.320000
********************************************************************************
Round 930
ROUND_ACCURACY method=FedPhoenixRG-LC round=931 accuracy=81.879997
********************************************************************************
Round 931
ROUND_ACCURACY method=FedPhoenixRG-LC round=932 accuracy=81.510002
********************************************************************************
Round 932
ROUND_ACCURACY method=FedPhoenixRG-LC round=933 accuracy=80.980003
********************************************************************************
Round 933
ROUND_ACCURACY method=FedPhoenixRG-LC round=934 accuracy=81.910004
********************************************************************************
Round 934
ROUND_ACCURACY method=FedPhoenixRG-LC round=935 accuracy=77.029999
********************************************************************************
Round 935
ROUND_ACCURACY method=FedPhoenixRG-LC round=936 accuracy=71.570000
********************************************************************************
Round 936
ROUND_ACCURACY method=FedPhoenixRG-LC round=937 accuracy=81.540001
********************************************************************************
Round 937
ROUND_ACCURACY method=FedPhoenixRG-LC round=938 accuracy=77.400002
********************************************************************************
Round 938
ROUND_ACCURACY method=FedPhoenixRG-LC round=939 accuracy=79.970001
********************************************************************************
Round 939
RG_LC_SCORE round=940 layer=features.40 mean_q=0.134114 S_bar=0.134114 gamma_l=0.750000 mean_eligible_clients=59.996094 min_eligible_clients=57 sampling_entropy=6.160525 uniform_entropy=6.238325
ROUND_ACCURACY method=FedPhoenixRG-LC round=940 accuracy=76.550003
********************************************************************************
Round 940
ROUND_ACCURACY method=FedPhoenixRG-LC round=941 accuracy=80.849998
********************************************************************************
Round 941
ROUND_ACCURACY method=FedPhoenixRG-LC round=942 accuracy=73.080002
********************************************************************************
Round 942
ROUND_ACCURACY method=FedPhoenixRG-LC round=943 accuracy=73.290001
********************************************************************************
Round 943
ROUND_ACCURACY method=FedPhoenixRG-LC round=944 accuracy=80.800003
********************************************************************************
Round 944
ROUND_ACCURACY method=FedPhoenixRG-LC round=945 accuracy=81.720001
********************************************************************************
Round 945
ROUND_ACCURACY method=FedPhoenixRG-LC round=946 accuracy=74.029999
********************************************************************************
Round 946
ROUND_ACCURACY method=FedPhoenixRG-LC round=947 accuracy=78.889999
********************************************************************************
Round 947
ROUND_ACCURACY method=FedPhoenixRG-LC round=948 accuracy=79.139999
********************************************************************************
Round 948
ROUND_ACCURACY method=FedPhoenixRG-LC round=949 accuracy=77.760002
********************************************************************************
Round 949
ROUND_ACCURACY method=FedPhoenixRG-LC round=950 accuracy=78.489998
********************************************************************************
Round 950
ROUND_ACCURACY method=FedPhoenixRG-LC round=951 accuracy=74.879997
********************************************************************************
Round 951
ROUND_ACCURACY method=FedPhoenixRG-LC round=952 accuracy=80.809998
********************************************************************************
Round 952
ROUND_ACCURACY method=FedPhoenixRG-LC round=953 accuracy=81.570000
********************************************************************************
Round 953
ROUND_ACCURACY method=FedPhoenixRG-LC round=954 accuracy=79.690002
********************************************************************************
Round 954
ROUND_ACCURACY method=FedPhoenixRG-LC round=955 accuracy=77.330002
********************************************************************************
Round 955
ROUND_ACCURACY method=FedPhoenixRG-LC round=956 accuracy=81.410004
********************************************************************************
Round 956
ROUND_ACCURACY method=FedPhoenixRG-LC round=957 accuracy=71.489998
********************************************************************************
Round 957
ROUND_ACCURACY method=FedPhoenixRG-LC round=958 accuracy=80.480003
********************************************************************************
Round 958
ROUND_ACCURACY method=FedPhoenixRG-LC round=959 accuracy=81.150002
********************************************************************************
Round 959
RG_LC_SCORE round=960 layer=features.40 mean_q=0.142627 S_bar=0.142627 gamma_l=0.750000 mean_eligible_clients=62.958984 min_eligible_clients=59 sampling_entropy=6.155398 uniform_entropy=6.238325
ROUND_ACCURACY method=FedPhoenixRG-LC round=960 accuracy=73.559998
********************************************************************************
Round 960
ROUND_ACCURACY method=FedPhoenixRG-LC round=961 accuracy=77.599998
********************************************************************************
Round 961
ROUND_ACCURACY method=FedPhoenixRG-LC round=962 accuracy=76.139999
********************************************************************************
Round 962
ROUND_ACCURACY method=FedPhoenixRG-LC round=963 accuracy=81.029999
********************************************************************************
Round 963
ROUND_ACCURACY method=FedPhoenixRG-LC round=964 accuracy=80.849998
********************************************************************************
Round 964
ROUND_ACCURACY method=FedPhoenixRG-LC round=965 accuracy=81.779999
********************************************************************************
Round 965
ROUND_ACCURACY method=FedPhoenixRG-LC round=966 accuracy=80.760002
********************************************************************************
Round 966
ROUND_ACCURACY method=FedPhoenixRG-LC round=967 accuracy=81.639999
********************************************************************************
Round 967
ROUND_ACCURACY method=FedPhoenixRG-LC round=968 accuracy=81.070000
********************************************************************************
Round 968
ROUND_ACCURACY method=FedPhoenixRG-LC round=969 accuracy=81.980003
********************************************************************************
Round 969
ROUND_ACCURACY method=FedPhoenixRG-LC round=970 accuracy=82.089996
********************************************************************************
Round 970
ROUND_ACCURACY method=FedPhoenixRG-LC round=971 accuracy=81.610001
********************************************************************************
Round 971
ROUND_ACCURACY method=FedPhoenixRG-LC round=972 accuracy=81.839996
********************************************************************************
Round 972
ROUND_ACCURACY method=FedPhoenixRG-LC round=973 accuracy=81.639999
********************************************************************************
Round 973
ROUND_ACCURACY method=FedPhoenixRG-LC round=974 accuracy=80.760002
********************************************************************************
Round 974
ROUND_ACCURACY method=FedPhoenixRG-LC round=975 accuracy=68.570000
********************************************************************************
Round 975
ROUND_ACCURACY method=FedPhoenixRG-LC round=976 accuracy=77.849998
********************************************************************************
Round 976
ROUND_ACCURACY method=FedPhoenixRG-LC round=977 accuracy=80.400002
********************************************************************************
Round 977
ROUND_ACCURACY method=FedPhoenixRG-LC round=978 accuracy=77.349998
********************************************************************************
Round 978
ROUND_ACCURACY method=FedPhoenixRG-LC round=979 accuracy=80.739998
********************************************************************************
Round 979
RG_LC_SCORE round=980 layer=features.40 mean_q=0.059472 S_bar=0.059472 gamma_l=0.750000 mean_eligible_clients=60.962891 min_eligible_clients=57 sampling_entropy=5.983205 uniform_entropy=6.238325
ROUND_ACCURACY method=FedPhoenixRG-LC round=980 accuracy=79.300003
********************************************************************************
Round 980
ROUND_ACCURACY method=FedPhoenixRG-LC round=981 accuracy=81.099998
********************************************************************************
Round 981
ROUND_ACCURACY method=FedPhoenixRG-LC round=982 accuracy=77.580002
********************************************************************************
Round 982
ROUND_ACCURACY method=FedPhoenixRG-LC round=983 accuracy=81.779999
********************************************************************************
Round 983
ROUND_ACCURACY method=FedPhoenixRG-LC round=984 accuracy=82.040001
********************************************************************************
Round 984
ROUND_ACCURACY method=FedPhoenixRG-LC round=985 accuracy=81.949997
********************************************************************************
Round 985
ROUND_ACCURACY method=FedPhoenixRG-LC round=986 accuracy=82.150002
********************************************************************************
Round 986
ROUND_ACCURACY method=FedPhoenixRG-LC round=987 accuracy=82.639999
********************************************************************************
Round 987
ROUND_ACCURACY method=FedPhoenixRG-LC round=988 accuracy=81.949997
********************************************************************************
Round 988
ROUND_ACCURACY method=FedPhoenixRG-LC round=989 accuracy=81.400002
********************************************************************************
Round 989
ROUND_ACCURACY method=FedPhoenixRG-LC round=990 accuracy=81.809998
********************************************************************************
Round 990
ROUND_ACCURACY method=FedPhoenixRG-LC round=991 accuracy=82.110001
********************************************************************************
Round 991
ROUND_ACCURACY method=FedPhoenixRG-LC round=992 accuracy=81.540001
********************************************************************************
Round 992
ROUND_ACCURACY method=FedPhoenixRG-LC round=993 accuracy=81.720001
********************************************************************************
Round 993
ROUND_ACCURACY method=FedPhoenixRG-LC round=994 accuracy=81.589996
********************************************************************************
Round 994
ROUND_ACCURACY method=FedPhoenixRG-LC round=995 accuracy=72.949997
********************************************************************************
Round 995
ROUND_ACCURACY method=FedPhoenixRG-LC round=996 accuracy=78.769997
********************************************************************************
Round 996
ROUND_ACCURACY method=FedPhoenixRG-LC round=997 accuracy=81.459999
********************************************************************************
Round 997
ROUND_ACCURACY method=FedPhoenixRG-LC round=998 accuracy=80.949997
********************************************************************************
Round 998
ROUND_ACCURACY method=FedPhoenixRG-LC round=999 accuracy=79.750000
********************************************************************************
Round 999
ROUND_ACCURACY method=FedPhoenixRG-LC round=1000 accuracy=73.300003
PEAK_ACCURACY method=FedPhoenixRG-LC round=987 accuracy=82.639999
Unified training metrics saved to C:\Users\admin\Desktop\need_do\new_paper_four\FedPhoenix-finish\results\training_metrics\cifar10_vgg_FedPhoenixRG-LC_seed1_original_FedPhoenixRG-LC_seed1_1000.csv
