Client partition: 100 clients, min=30, max=1447, mean=500.00, std=220.72
Evaluation protocol: full server test set evaluated every round (10000 samples).
VGG16(
  (features): Sequential(
    (0): Conv2d(3, 64, kernel_size=(3, 3), stride=(1, 1), padding=(1, 1))
    (1): BatchNorm2d(64, eps=1e-05, momentum=0.1, affine=True, track_running_stats=True)
    (2): ReLU(inplace=True)
    (3): Conv2d(64, 64, kernel_size=(3, 3), stride=(1, 1), padding=(1, 1))
    (4): BatchNorm2d(64, eps=1e-05, momentum=0.1, affine=True, track_running_stats=True)
    (5): ReLU(inplace=True)
    (6): MaxPool2d(kernel_size=2, stride=2, padding=0, dilation=1, ceil_mode=False)
    (7): Conv2d(64, 128, kernel_size=(3, 3), stride=(1, 1), padding=(1, 1))
    (8): BatchNorm2d(128, eps=1e-05, momentum=0.1, affine=True, track_running_stats=True)
    (9): ReLU(inplace=True)
    (10): Conv2d(128, 128, kernel_size=(3, 3), stride=(1, 1), padding=(1, 1))
    (11): BatchNorm2d(128, eps=1e-05, momentum=0.1, affine=True, track_running_stats=True)
    (12): ReLU(inplace=True)
    (13): MaxPool2d(kernel_size=2, stride=2, padding=0, dilation=1, ceil_mode=False)
    (14): Conv2d(128, 256, kernel_size=(3, 3), stride=(1, 1), padding=(1, 1))
    (15): BatchNorm2d(256, eps=1e-05, momentum=0.1, affine=True, track_running_stats=True)
    (16): ReLU(inplace=True)
    (17): Conv2d(256, 256, kernel_size=(3, 3), stride=(1, 1), padding=(1, 1))
    (18): BatchNorm2d(256, eps=1e-05, momentum=0.1, affine=True, track_running_stats=True)
    (19): ReLU(inplace=True)
    (20): Conv2d(256, 256, kernel_size=(3, 3), stride=(1, 1), padding=(1, 1))
    (21): BatchNorm2d(256, eps=1e-05, momentum=0.1, affine=True, track_running_stats=True)
    (22): ReLU(inplace=True)
    (23): MaxPool2d(kernel_size=2, stride=2, padding=0, dilation=1, ceil_mode=False)
    (24): Conv2d(256, 512, kernel_size=(3, 3), stride=(1, 1), padding=(1, 1))
    (25): BatchNorm2d(512, eps=1e-05, momentum=0.1, affine=True, track_running_stats=True)
    (26): ReLU(inplace=True)
    (27): Conv2d(512, 512, kernel_size=(3, 3), stride=(1, 1), padding=(1, 1))
    (28): BatchNorm2d(512, eps=1e-05, momentum=0.1, affine=True, track_running_stats=True)
    (29): ReLU(inplace=True)
    (30): Conv2d(512, 512, kernel_size=(3, 3), stride=(1, 1), padding=(1, 1))
    (31): BatchNorm2d(512, eps=1e-05, momentum=0.1, affine=True, track_running_stats=True)
    (32): ReLU(inplace=True)
    (33): MaxPool2d(kernel_size=2, stride=2, padding=0, dilation=1, ceil_mode=False)
    (34): Conv2d(512, 512, kernel_size=(3, 3), stride=(1, 1), padding=(1, 1))
    (35): BatchNorm2d(512, eps=1e-05, momentum=0.1, affine=True, track_running_stats=True)
    (36): ReLU(inplace=True)
    (37): Conv2d(512, 512, kernel_size=(3, 3), stride=(1, 1), padding=(1, 1))
    (38): BatchNorm2d(512, eps=1e-05, momentum=0.1, affine=True, track_running_stats=True)
    (39): ReLU(inplace=True)
    (40): Conv2d(512, 512, kernel_size=(3, 3), stride=(1, 1), padding=(1, 1))
    (41): BatchNorm2d(512, eps=1e-05, momentum=0.1, affine=True, track_running_stats=True)
    (42): ReLU(inplace=True)
    (43): MaxPool2d(kernel_size=2, stride=2, padding=0, dilation=1, ceil_mode=False)
    (44): AdaptiveAvgPool2d(output_size=(1, 1))
  )
  (classifier): Sequential(
    (0): Linear(in_features=512, out_features=4096, bias=True)
    (1): ReLU(inplace=True)
    (2): Dropout(p=0.5, inplace=False)
    (3): Linear(in_features=4096, out_features=4096, bias=True)
    (4): ReLU(inplace=True)
    (5): Dropout(p=0.5, inplace=False)
  )
  (fc): Linear(in_features=4096, out_features=10, bias=True)
)
********************************************************************************
Round   0
ROUND_ACCURACY method=FedPhoenixRG-Excess round=1 accuracy=10.000000
********************************************************************************
Round   1
ROUND_ACCURACY method=FedPhoenixRG-Excess round=2 accuracy=13.230000
********************************************************************************
Round   2
ROUND_ACCURACY method=FedPhoenixRG-Excess round=3 accuracy=12.230000
********************************************************************************
Round   3
ROUND_ACCURACY method=FedPhoenixRG-Excess round=4 accuracy=16.290001
********************************************************************************
Round   4
ROUND_ACCURACY method=FedPhoenixRG-Excess round=5 accuracy=32.419998
********************************************************************************
Round   5
ROUND_ACCURACY method=FedPhoenixRG-Excess round=6 accuracy=17.620001
********************************************************************************
Round   6
ROUND_ACCURACY method=FedPhoenixRG-Excess round=7 accuracy=24.139999
********************************************************************************
Round   7
ROUND_ACCURACY method=FedPhoenixRG-Excess round=8 accuracy=23.680000
********************************************************************************
Round   8
ROUND_ACCURACY method=FedPhoenixRG-Excess round=9 accuracy=30.129999
********************************************************************************
Round   9
ROUND_ACCURACY method=FedPhoenixRG-Excess round=10 accuracy=29.730000
********************************************************************************
Round  10
ROUND_ACCURACY method=FedPhoenixRG-Excess round=11 accuracy=38.230000
********************************************************************************
Round  11
ROUND_ACCURACY method=FedPhoenixRG-Excess round=12 accuracy=36.910000
********************************************************************************
Round  12
ROUND_ACCURACY method=FedPhoenixRG-Excess round=13 accuracy=38.220001
********************************************************************************
Round  13
ROUND_ACCURACY method=FedPhoenixRG-Excess round=14 accuracy=46.650002
********************************************************************************
Round  14
ROUND_ACCURACY method=FedPhoenixRG-Excess round=15 accuracy=45.459999
********************************************************************************
Round  15
ROUND_ACCURACY method=FedPhoenixRG-Excess round=16 accuracy=46.720001
********************************************************************************
Round  16
ROUND_ACCURACY method=FedPhoenixRG-Excess round=17 accuracy=45.529999
********************************************************************************
Round  17
ROUND_ACCURACY method=FedPhoenixRG-Excess round=18 accuracy=35.709999
********************************************************************************
Round  18
ROUND_ACCURACY method=FedPhoenixRG-Excess round=19 accuracy=44.220001
********************************************************************************
Round  19
RG_SCORE round=20 layer=features.0 mean_q=0.081847 max_q=0.267023 fraction_q_positive=0.828125 sampling_entropy=3.614897 uniform_entropy=4.158883 entropy_gap=0.543986 max_probability_over_uniform=5.152377 min_probability_over_uniform=0.250000
RG_REMAP_SCORE round=20 layer=features.0 mode=excess mean_q=0.081847 mean_excess_score=0.028330 fraction_excess_positive=0.500000 sampling_entropy=3.614897
RG_SCORE round=20 layer=features.3 mean_q=0.059730 max_q=0.116280 fraction_q_positive=1.000000 sampling_entropy=3.660711 uniform_entropy=4.158883 entropy_gap=0.498172 max_probability_over_uniform=4.692562 min_probability_over_uniform=0.250000
RG_REMAP_SCORE round=20 layer=features.3 mode=excess mean_q=0.059730 mean_excess_score=0.009547 fraction_excess_positive=0.453125 sampling_entropy=3.660711
RG_SCORE round=20 layer=features.7 mean_q=0.049782 max_q=0.101558 fraction_q_positive=0.992188 sampling_entropy=4.278814 uniform_entropy=4.852030 entropy_gap=0.573216 max_probability_over_uniform=6.326032 min_probability_over_uniform=0.250000
RG_REMAP_SCORE round=20 layer=features.7 mode=excess mean_q=0.049782 mean_excess_score=0.006391 fraction_excess_positive=0.453125 sampling_entropy=4.278814
RG_SCORE round=20 layer=features.10 mean_q=0.043774 max_q=0.087141 fraction_q_positive=1.000000 sampling_entropy=4.366007 uniform_entropy=4.852030 entropy_gap=0.486023 max_probability_over_uniform=6.889986 min_probability_over_uniform=0.250000
RG_REMAP_SCORE round=20 layer=features.10 mode=excess mean_q=0.043774 mean_excess_score=0.004898 fraction_excess_positive=0.500000 sampling_entropy=4.366007
RG_SCORE round=20 layer=features.14 mean_q=0.040955 max_q=0.081388 fraction_q_positive=1.000000 sampling_entropy=5.035020 uniform_entropy=5.545177 entropy_gap=0.510157 max_probability_over_uniform=6.228422 min_probability_over_uniform=0.250000
RG_REMAP_SCORE round=20 layer=features.14 mode=excess mean_q=0.040955 mean_excess_score=0.005072 fraction_excess_positive=0.507812 sampling_entropy=5.035020
RG_SCORE round=20 layer=features.17 mean_q=0.039022 max_q=0.066574 fraction_q_positive=1.000000 sampling_entropy=4.961850 uniform_entropy=5.545177 entropy_gap=0.583327 max_probability_over_uniform=6.269580 min_probability_over_uniform=0.250000
RG_REMAP_SCORE round=20 layer=features.17 mode=excess mean_q=0.039022 mean_excess_score=0.003433 fraction_excess_positive=0.445312 sampling_entropy=4.961850
RG_SCORE round=20 layer=features.20 mean_q=0.039846 max_q=0.061646 fraction_q_positive=1.000000 sampling_entropy=5.043141 uniform_entropy=5.545177 entropy_gap=0.502036 max_probability_over_uniform=5.593170 min_probability_over_uniform=0.250000
RG_REMAP_SCORE round=20 layer=features.20 mode=excess mean_q=0.039846 mean_excess_score=0.003060 fraction_excess_positive=0.496094 sampling_entropy=5.043141
RG_SCORE round=20 layer=features.24 mean_q=0.041173 max_q=0.078098 fraction_q_positive=1.000000 sampling_entropy=5.732952 uniform_entropy=6.238325 entropy_gap=0.505373 max_probability_over_uniform=5.735355 min_probability_over_uniform=0.250000
RG_REMAP_SCORE round=20 layer=features.24 mode=excess mean_q=0.041173 mean_excess_score=0.005049 fraction_excess_positive=0.488281 sampling_entropy=5.732952
RG_SCORE round=20 layer=features.27 mean_q=0.037594 max_q=0.080712 fraction_q_positive=1.000000 sampling_entropy=5.700902 uniform_entropy=6.238325 entropy_gap=0.537422 max_probability_over_uniform=8.742512 min_probability_over_uniform=0.250000
RG_REMAP_SCORE round=20 layer=features.27 mode=excess mean_q=0.037594 mean_excess_score=0.003808 fraction_excess_positive=0.492188 sampling_entropy=5.700902
RG_SCORE round=20 layer=features.30 mean_q=0.037160 max_q=0.072138 fraction_q_positive=1.000000 sampling_entropy=5.714283 uniform_entropy=6.238325 entropy_gap=0.524041 max_probability_over_uniform=6.218883 min_probability_over_uniform=0.250000
RG_REMAP_SCORE round=20 layer=features.30 mode=excess mean_q=0.037160 mean_excess_score=0.004395 fraction_excess_positive=0.476562 sampling_entropy=5.714283
RG_SCORE round=20 layer=features.34 mean_q=0.057084 max_q=0.134792 fraction_q_positive=0.992188 sampling_entropy=5.750362 uniform_entropy=6.238325 entropy_gap=0.487963 max_probability_over_uniform=6.592832 min_probability_over_uniform=0.250000
RG_REMAP_SCORE round=20 layer=features.34 mode=excess mean_q=0.057084 mean_excess_score=0.009188 fraction_excess_positive=0.486328 sampling_entropy=5.750362
RG_SCORE round=20 layer=features.37 mean_q=0.063538 max_q=0.129223 fraction_q_positive=1.000000 sampling_entropy=5.703934 uniform_entropy=6.238325 entropy_gap=0.534390 max_probability_over_uniform=6.191027 min_probability_over_uniform=0.250000
RG_REMAP_SCORE round=20 layer=features.37 mode=excess mean_q=0.063538 mean_excess_score=0.008292 fraction_excess_positive=0.496094 sampling_entropy=5.703934
RG_SCORE round=20 layer=features.40 mean_q=0.082664 max_q=0.183493 fraction_q_positive=1.000000 sampling_entropy=5.722314 uniform_entropy=6.238325 entropy_gap=0.516010 max_probability_over_uniform=5.145979 min_probability_over_uniform=0.250000
RG_REMAP_SCORE round=20 layer=features.40 mode=excess mean_q=0.082664 mean_excess_score=0.015446 fraction_excess_positive=0.478516 sampling_entropy=5.722314
ROUND_ACCURACY method=FedPhoenixRG-Excess round=20 accuracy=45.060001
********************************************************************************
Round  20
ROUND_ACCURACY method=FedPhoenixRG-Excess round=21 accuracy=50.610001
********************************************************************************
Round  21
ROUND_ACCURACY method=FedPhoenixRG-Excess round=22 accuracy=54.049999
********************************************************************************
Round  22
ROUND_ACCURACY method=FedPhoenixRG-Excess round=23 accuracy=50.150002
********************************************************************************
Round  23
ROUND_ACCURACY method=FedPhoenixRG-Excess round=24 accuracy=49.950001
********************************************************************************
Round  24
ROUND_ACCURACY method=FedPhoenixRG-Excess round=25 accuracy=53.240002
********************************************************************************
Round  25
ROUND_ACCURACY method=FedPhoenixRG-Excess round=26 accuracy=48.869999
********************************************************************************
Round  26
ROUND_ACCURACY method=FedPhoenixRG-Excess round=27 accuracy=53.720001
********************************************************************************
Round  27
ROUND_ACCURACY method=FedPhoenixRG-Excess round=28 accuracy=50.889999
********************************************************************************
Round  28
ROUND_ACCURACY method=FedPhoenixRG-Excess round=29 accuracy=47.180000
********************************************************************************
Round  29
ROUND_ACCURACY method=FedPhoenixRG-Excess round=30 accuracy=54.220001
********************************************************************************
Round  30
ROUND_ACCURACY method=FedPhoenixRG-Excess round=31 accuracy=57.720001
********************************************************************************
Round  31
ROUND_ACCURACY method=FedPhoenixRG-Excess round=32 accuracy=54.639999
********************************************************************************
Round  32
ROUND_ACCURACY method=FedPhoenixRG-Excess round=33 accuracy=56.580002
********************************************************************************
Round  33
ROUND_ACCURACY method=FedPhoenixRG-Excess round=34 accuracy=64.550003
********************************************************************************
Round  34
ROUND_ACCURACY method=FedPhoenixRG-Excess round=35 accuracy=54.419998
********************************************************************************
Round  35
ROUND_ACCURACY method=FedPhoenixRG-Excess round=36 accuracy=51.790001
********************************************************************************
Round  36
ROUND_ACCURACY method=FedPhoenixRG-Excess round=37 accuracy=61.459999
********************************************************************************
Round  37
ROUND_ACCURACY method=FedPhoenixRG-Excess round=38 accuracy=58.410000
********************************************************************************
Round  38
ROUND_ACCURACY method=FedPhoenixRG-Excess round=39 accuracy=58.840000
********************************************************************************
Round  39
RG_SCORE round=40 layer=features.0 mean_q=0.160619 max_q=0.305604 fraction_q_positive=1.000000 sampling_entropy=3.674660 uniform_entropy=4.158883 entropy_gap=0.484224 max_probability_over_uniform=3.933912 min_probability_over_uniform=0.250000
RG_REMAP_SCORE round=40 layer=features.0 mode=excess mean_q=0.160619 mean_excess_score=0.029517 fraction_excess_positive=0.484375 sampling_entropy=3.674660
RG_SCORE round=40 layer=features.3 mean_q=0.163775 max_q=0.217016 fraction_q_positive=1.000000 sampling_entropy=3.723768 uniform_entropy=4.158883 entropy_gap=0.435115 max_probability_over_uniform=4.013041 min_probability_over_uniform=0.250000
RG_REMAP_SCORE round=40 layer=features.3 mode=excess mean_q=0.163775 mean_excess_score=0.010611 fraction_excess_positive=0.515625 sampling_entropy=3.723768
RG_SCORE round=40 layer=features.7 mean_q=0.142897 max_q=0.199042 fraction_q_positive=1.000000 sampling_entropy=4.348788 uniform_entropy=4.852030 entropy_gap=0.503243 max_probability_over_uniform=4.880544 min_probability_over_uniform=0.250000
RG_REMAP_SCORE round=40 layer=features.7 mode=excess mean_q=0.142897 mean_excess_score=0.009094 fraction_excess_positive=0.492188 sampling_entropy=4.348788
RG_SCORE round=40 layer=features.10 mean_q=0.131299 max_q=0.190846 fraction_q_positive=1.000000 sampling_entropy=4.316288 uniform_entropy=4.852030 entropy_gap=0.535743 max_probability_over_uniform=7.084332 min_probability_over_uniform=0.250000
RG_REMAP_SCORE round=40 layer=features.10 mode=excess mean_q=0.131299 mean_excess_score=0.006535 fraction_excess_positive=0.476562 sampling_entropy=4.316288
RG_SCORE round=40 layer=features.14 mean_q=0.127137 max_q=0.167706 fraction_q_positive=1.000000 sampling_entropy=5.031227 uniform_entropy=5.545177 entropy_gap=0.513950 max_probability_over_uniform=5.173074 min_probability_over_uniform=0.250000
RG_REMAP_SCORE round=40 layer=features.14 mode=excess mean_q=0.127137 mean_excess_score=0.006180 fraction_excess_positive=0.507812 sampling_entropy=5.031227
RG_SCORE round=40 layer=features.17 mean_q=0.118695 max_q=0.162807 fraction_q_positive=1.000000 sampling_entropy=5.025285 uniform_entropy=5.545177 entropy_gap=0.519893 max_probability_over_uniform=6.812804 min_probability_over_uniform=0.250000
RG_REMAP_SCORE round=40 layer=features.17 mode=excess mean_q=0.118695 mean_excess_score=0.005041 fraction_excess_positive=0.468750 sampling_entropy=5.025285
RG_SCORE round=40 layer=features.20 mean_q=0.123173 max_q=0.167867 fraction_q_positive=1.000000 sampling_entropy=5.035413 uniform_entropy=5.545177 entropy_gap=0.509764 max_probability_over_uniform=6.613585 min_probability_over_uniform=0.250000
RG_REMAP_SCORE round=40 layer=features.20 mode=excess mean_q=0.123173 mean_excess_score=0.005268 fraction_excess_positive=0.496094 sampling_entropy=5.035413
RG_SCORE round=40 layer=features.24 mean_q=0.118674 max_q=0.161606 fraction_q_positive=1.000000 sampling_entropy=5.766433 uniform_entropy=6.238325 entropy_gap=0.471892 max_probability_over_uniform=4.859287 min_probability_over_uniform=0.250000
RG_REMAP_SCORE round=40 layer=features.24 mode=excess mean_q=0.118674 mean_excess_score=0.006986 fraction_excess_positive=0.515625 sampling_entropy=5.766433
RG_SCORE round=40 layer=features.27 mean_q=0.099399 max_q=0.138870 fraction_q_positive=1.000000 sampling_entropy=5.767648 uniform_entropy=6.238325 entropy_gap=0.470676 max_probability_over_uniform=5.313873 min_probability_over_uniform=0.250000
RG_REMAP_SCORE round=40 layer=features.27 mode=excess mean_q=0.099399 mean_excess_score=0.005846 fraction_excess_positive=0.521484 sampling_entropy=5.767648
RG_SCORE round=40 layer=features.30 mean_q=0.093036 max_q=0.152266 fraction_q_positive=1.000000 sampling_entropy=5.743734 uniform_entropy=6.238325 entropy_gap=0.494590 max_probability_over_uniform=5.841260 min_probability_over_uniform=0.250000
RG_REMAP_SCORE round=40 layer=features.30 mode=excess mean_q=0.093036 mean_excess_score=0.007945 fraction_excess_positive=0.486328 sampling_entropy=5.743734
RG_SCORE round=40 layer=features.34 mean_q=0.128974 max_q=0.337501 fraction_q_positive=0.949219 sampling_entropy=5.791430 uniform_entropy=6.238325 entropy_gap=0.446894 max_probability_over_uniform=6.852029 min_probability_over_uniform=0.250000
RG_REMAP_SCORE round=40 layer=features.34 mode=excess mean_q=0.128974 mean_excess_score=0.023689 fraction_excess_positive=0.548828 sampling_entropy=5.791430
RG_SCORE round=40 layer=features.37 mean_q=0.115725 max_q=0.295048 fraction_q_positive=0.933594 sampling_entropy=5.800576 uniform_entropy=6.238325 entropy_gap=0.437749 max_probability_over_uniform=5.614817 min_probability_over_uniform=0.250000
RG_REMAP_SCORE round=40 layer=features.37 mode=excess mean_q=0.115725 mean_excess_score=0.025069 fraction_excess_positive=0.533203 sampling_entropy=5.800576
RG_SCORE round=40 layer=features.40 mean_q=0.136508 max_q=0.375944 fraction_q_positive=0.943359 sampling_entropy=5.733717 uniform_entropy=6.238325 entropy_gap=0.504608 max_probability_over_uniform=5.440603 min_probability_over_uniform=0.250000
RG_REMAP_SCORE round=40 layer=features.40 mode=excess mean_q=0.136508 mean_excess_score=0.034597 fraction_excess_positive=0.494141 sampling_entropy=5.733717
ROUND_ACCURACY method=FedPhoenixRG-Excess round=40 accuracy=64.120003
********************************************************************************
Round  40
ROUND_ACCURACY method=FedPhoenixRG-Excess round=41 accuracy=66.150002
********************************************************************************
Round  41
ROUND_ACCURACY method=FedPhoenixRG-Excess round=42 accuracy=59.029999
********************************************************************************
Round  42
ROUND_ACCURACY method=FedPhoenixRG-Excess round=43 accuracy=62.990002
********************************************************************************
Round  43
ROUND_ACCURACY method=FedPhoenixRG-Excess round=44 accuracy=60.200001
********************************************************************************
Round  44
ROUND_ACCURACY method=FedPhoenixRG-Excess round=45 accuracy=54.759998
********************************************************************************
Round  45
ROUND_ACCURACY method=FedPhoenixRG-Excess round=46 accuracy=66.489998
********************************************************************************
Round  46
ROUND_ACCURACY method=FedPhoenixRG-Excess round=47 accuracy=62.189999
********************************************************************************
Round  47
ROUND_ACCURACY method=FedPhoenixRG-Excess round=48 accuracy=58.419998
********************************************************************************
Round  48
ROUND_ACCURACY method=FedPhoenixRG-Excess round=49 accuracy=58.540001
********************************************************************************
Round  49
ROUND_ACCURACY method=FedPhoenixRG-Excess round=50 accuracy=61.599998
********************************************************************************
Round  50
ROUND_ACCURACY method=FedPhoenixRG-Excess round=51 accuracy=55.900002
********************************************************************************
Round  51
ROUND_ACCURACY method=FedPhoenixRG-Excess round=52 accuracy=65.300003
********************************************************************************
Round  52
ROUND_ACCURACY method=FedPhoenixRG-Excess round=53 accuracy=60.020000
********************************************************************************
Round  53
ROUND_ACCURACY method=FedPhoenixRG-Excess round=54 accuracy=50.340000
********************************************************************************
Round  54
ROUND_ACCURACY method=FedPhoenixRG-Excess round=55 accuracy=65.779999
********************************************************************************
Round  55
ROUND_ACCURACY method=FedPhoenixRG-Excess round=56 accuracy=65.580002
********************************************************************************
Round  56
ROUND_ACCURACY method=FedPhoenixRG-Excess round=57 accuracy=58.880001
********************************************************************************
Round  57
ROUND_ACCURACY method=FedPhoenixRG-Excess round=58 accuracy=40.189999
********************************************************************************
Round  58
ROUND_ACCURACY method=FedPhoenixRG-Excess round=59 accuracy=62.669998
********************************************************************************
Round  59
RG_SCORE round=60 layer=features.0 mean_q=0.119009 max_q=0.350431 fraction_q_positive=0.843750 sampling_entropy=3.624734 uniform_entropy=4.158883 entropy_gap=0.534149 max_probability_over_uniform=4.677353 min_probability_over_uniform=0.250000
RG_REMAP_SCORE round=60 layer=features.0 mode=excess mean_q=0.119009 mean_excess_score=0.039203 fraction_excess_positive=0.453125 sampling_entropy=3.624734
RG_SCORE round=60 layer=features.3 mean_q=0.143110 max_q=0.214726 fraction_q_positive=1.000000 sampling_entropy=3.652197 uniform_entropy=4.158883 entropy_gap=0.506686 max_probability_over_uniform=4.605591 min_probability_over_uniform=0.250000
RG_REMAP_SCORE round=60 layer=features.3 mode=excess mean_q=0.143110 mean_excess_score=0.012332 fraction_excess_positive=0.531250 sampling_entropy=3.652197
RG_SCORE round=60 layer=features.7 mean_q=0.151765 max_q=0.203307 fraction_q_positive=1.000000 sampling_entropy=4.407782 uniform_entropy=4.852030 entropy_gap=0.444248 max_probability_over_uniform=4.642152 min_probability_over_uniform=0.250000
RG_REMAP_SCORE round=60 layer=features.7 mode=excess mean_q=0.151765 mean_excess_score=0.008801 fraction_excess_positive=0.507812 sampling_entropy=4.407782
RG_SCORE round=60 layer=features.10 mean_q=0.151175 max_q=0.194466 fraction_q_positive=1.000000 sampling_entropy=4.361856 uniform_entropy=4.852030 entropy_gap=0.490174 max_probability_over_uniform=5.514678 min_probability_over_uniform=0.250000
RG_REMAP_SCORE round=60 layer=features.10 mode=excess mean_q=0.151175 mean_excess_score=0.006167 fraction_excess_positive=0.500000 sampling_entropy=4.361856
RG_SCORE round=60 layer=features.14 mean_q=0.149120 max_q=0.191762 fraction_q_positive=1.000000 sampling_entropy=5.000276 uniform_entropy=5.545177 entropy_gap=0.544902 max_probability_over_uniform=5.504851 min_probability_over_uniform=0.250000
RG_REMAP_SCORE round=60 layer=features.14 mode=excess mean_q=0.149120 mean_excess_score=0.006086 fraction_excess_positive=0.480469 sampling_entropy=5.000276
RG_SCORE round=60 layer=features.17 mean_q=0.140532 max_q=0.178641 fraction_q_positive=1.000000 sampling_entropy=5.058764 uniform_entropy=5.545177 entropy_gap=0.486414 max_probability_over_uniform=5.827263 min_probability_over_uniform=0.250000
RG_REMAP_SCORE round=60 layer=features.17 mode=excess mean_q=0.140532 mean_excess_score=0.005125 fraction_excess_positive=0.511719 sampling_entropy=5.058764
RG_SCORE round=60 layer=features.20 mean_q=0.146072 max_q=0.181407 fraction_q_positive=1.000000 sampling_entropy=5.023395 uniform_entropy=5.545177 entropy_gap=0.521782 max_probability_over_uniform=5.706330 min_probability_over_uniform=0.250000
RG_REMAP_SCORE round=60 layer=features.20 mode=excess mean_q=0.146072 mean_excess_score=0.004857 fraction_excess_positive=0.484375 sampling_entropy=5.023395
RG_SCORE round=60 layer=features.24 mean_q=0.143759 max_q=0.198503 fraction_q_positive=1.000000 sampling_entropy=5.781147 uniform_entropy=6.238325 entropy_gap=0.457178 max_probability_over_uniform=5.711637 min_probability_over_uniform=0.250000
RG_REMAP_SCORE round=60 layer=features.24 mode=excess mean_q=0.143759 mean_excess_score=0.007518 fraction_excess_positive=0.521484 sampling_entropy=5.781147
RG_SCORE round=60 layer=features.27 mean_q=0.122318 max_q=0.166602 fraction_q_positive=1.000000 sampling_entropy=5.760635 uniform_entropy=6.238325 entropy_gap=0.477690 max_probability_over_uniform=6.269910 min_probability_over_uniform=0.250000
RG_REMAP_SCORE round=60 layer=features.27 mode=excess mean_q=0.122318 mean_excess_score=0.005517 fraction_excess_positive=0.515625 sampling_entropy=5.760635
RG_SCORE round=60 layer=features.30 mean_q=0.120520 max_q=0.172668 fraction_q_positive=1.000000 sampling_entropy=5.734014 uniform_entropy=6.238325 entropy_gap=0.504310 max_probability_over_uniform=6.073423 min_probability_over_uniform=0.250000
RG_REMAP_SCORE round=60 layer=features.30 mode=excess mean_q=0.120520 mean_excess_score=0.006716 fraction_excess_positive=0.488281 sampling_entropy=5.734014
RG_SCORE round=60 layer=features.34 mean_q=0.207731 max_q=0.299991 fraction_q_positive=1.000000 sampling_entropy=5.791856 uniform_entropy=6.238325 entropy_gap=0.446469 max_probability_over_uniform=5.057671 min_probability_over_uniform=0.250000
RG_REMAP_SCORE round=60 layer=features.34 mode=excess mean_q=0.207731 mean_excess_score=0.014393 fraction_excess_positive=0.519531 sampling_entropy=5.791856
RG_SCORE round=60 layer=features.37 mean_q=0.239091 max_q=0.375647 fraction_q_positive=1.000000 sampling_entropy=5.744555 uniform_entropy=6.238325 entropy_gap=0.493770 max_probability_over_uniform=6.037298 min_probability_over_uniform=0.250000
RG_REMAP_SCORE round=60 layer=features.37 mode=excess mean_q=0.239091 mean_excess_score=0.017697 fraction_excess_positive=0.501953 sampling_entropy=5.744555
RG_SCORE round=60 layer=features.40 mean_q=0.274414 max_q=0.549974 fraction_q_positive=0.996094 sampling_entropy=5.797931 uniform_entropy=6.238325 entropy_gap=0.440394 max_probability_over_uniform=4.586961 min_probability_over_uniform=0.250000
RG_REMAP_SCORE round=60 layer=features.40 mode=excess mean_q=0.274414 mean_excess_score=0.047653 fraction_excess_positive=0.527344 sampling_entropy=5.797931
ROUND_ACCURACY method=FedPhoenixRG-Excess round=60 accuracy=65.699997
********************************************************************************
Round  60
ROUND_ACCURACY method=FedPhoenixRG-Excess round=61 accuracy=65.480003
********************************************************************************
Round  61
ROUND_ACCURACY method=FedPhoenixRG-Excess round=62 accuracy=63.490002
********************************************************************************
Round  62
ROUND_ACCURACY method=FedPhoenixRG-Excess round=63 accuracy=65.330002
********************************************************************************
Round  63
ROUND_ACCURACY method=FedPhoenixRG-Excess round=64 accuracy=64.110001
********************************************************************************
Round  64
ROUND_ACCURACY method=FedPhoenixRG-Excess round=65 accuracy=64.910004
********************************************************************************
Round  65
ROUND_ACCURACY method=FedPhoenixRG-Excess round=66 accuracy=64.230003
********************************************************************************
Round  66
ROUND_ACCURACY method=FedPhoenixRG-Excess round=67 accuracy=62.259998
********************************************************************************
Round  67
ROUND_ACCURACY method=FedPhoenixRG-Excess round=68 accuracy=55.110001
********************************************************************************
Round  68
ROUND_ACCURACY method=FedPhoenixRG-Excess round=69 accuracy=69.050003
********************************************************************************
Round  69
ROUND_ACCURACY method=FedPhoenixRG-Excess round=70 accuracy=60.830002
********************************************************************************
Round  70
ROUND_ACCURACY method=FedPhoenixRG-Excess round=71 accuracy=56.230000
********************************************************************************
Round  71
ROUND_ACCURACY method=FedPhoenixRG-Excess round=72 accuracy=62.779999
********************************************************************************
Round  72
ROUND_ACCURACY method=FedPhoenixRG-Excess round=73 accuracy=65.000000
********************************************************************************
Round  73
ROUND_ACCURACY method=FedPhoenixRG-Excess round=74 accuracy=66.930000
********************************************************************************
Round  74
ROUND_ACCURACY method=FedPhoenixRG-Excess round=75 accuracy=72.529999
********************************************************************************
Round  75
ROUND_ACCURACY method=FedPhoenixRG-Excess round=76 accuracy=65.019997
********************************************************************************
Round  76
ROUND_ACCURACY method=FedPhoenixRG-Excess round=77 accuracy=63.810001
********************************************************************************
Round  77
ROUND_ACCURACY method=FedPhoenixRG-Excess round=78 accuracy=65.709999
********************************************************************************
Round  78
ROUND_ACCURACY method=FedPhoenixRG-Excess round=79 accuracy=67.459999
********************************************************************************
Round  79
RG_SCORE round=80 layer=features.0 mean_q=0.143672 max_q=0.381727 fraction_q_positive=0.937500 sampling_entropy=3.679539 uniform_entropy=4.158883 entropy_gap=0.479345 max_probability_over_uniform=5.470216 min_probability_over_uniform=0.250000
RG_REMAP_SCORE round=80 layer=features.0 mode=excess mean_q=0.143672 mean_excess_score=0.034202 fraction_excess_positive=0.500000 sampling_entropy=3.679539
RG_SCORE round=80 layer=features.3 mean_q=0.179466 max_q=0.223261 fraction_q_positive=1.000000 sampling_entropy=3.657517 uniform_entropy=4.158883 entropy_gap=0.501366 max_probability_over_uniform=3.908639 min_probability_over_uniform=0.250000
RG_REMAP_SCORE round=80 layer=features.3 mode=excess mean_q=0.179466 mean_excess_score=0.008978 fraction_excess_positive=0.484375 sampling_entropy=3.657517
RG_SCORE round=80 layer=features.7 mean_q=0.183082 max_q=0.230816 fraction_q_positive=1.000000 sampling_entropy=4.383122 uniform_entropy=4.852030 entropy_gap=0.468908 max_probability_over_uniform=4.336452 min_probability_over_uniform=0.250000
RG_REMAP_SCORE round=80 layer=features.7 mode=excess mean_q=0.183082 mean_excess_score=0.008761 fraction_excess_positive=0.500000 sampling_entropy=4.383122
RG_SCORE round=80 layer=features.10 mean_q=0.177546 max_q=0.207001 fraction_q_positive=1.000000 sampling_entropy=4.374327 uniform_entropy=4.852030 entropy_gap=0.477703 max_probability_over_uniform=4.287212 min_probability_over_uniform=0.250000
RG_REMAP_SCORE round=80 layer=features.10 mode=excess mean_q=0.177546 mean_excess_score=0.005472 fraction_excess_positive=0.507812 sampling_entropy=4.374327
RG_SCORE round=80 layer=features.14 mean_q=0.180572 max_q=0.230803 fraction_q_positive=1.000000 sampling_entropy=5.046571 uniform_entropy=5.545177 entropy_gap=0.498606 max_probability_over_uniform=6.030157 min_probability_over_uniform=0.250000
RG_REMAP_SCORE round=80 layer=features.14 mode=excess mean_q=0.180572 mean_excess_score=0.006518 fraction_excess_positive=0.503906 sampling_entropy=5.046571
RG_SCORE round=80 layer=features.17 mean_q=0.171274 max_q=0.201789 fraction_q_positive=1.000000 sampling_entropy=5.050813 uniform_entropy=5.545177 entropy_gap=0.494364 max_probability_over_uniform=5.069536 min_probability_over_uniform=0.250000
RG_REMAP_SCORE round=80 layer=features.17 mode=excess mean_q=0.171274 mean_excess_score=0.004749 fraction_excess_positive=0.511719 sampling_entropy=5.050813
RG_SCORE round=80 layer=features.20 mean_q=0.177873 max_q=0.213431 fraction_q_positive=1.000000 sampling_entropy=5.077088 uniform_entropy=5.545177 entropy_gap=0.468090 max_probability_over_uniform=5.597296 min_probability_over_uniform=0.250000
RG_REMAP_SCORE round=80 layer=features.20 mode=excess mean_q=0.177873 mean_excess_score=0.004987 fraction_excess_positive=0.519531 sampling_entropy=5.077088
RG_SCORE round=80 layer=features.24 mean_q=0.179369 max_q=0.249324 fraction_q_positive=1.000000 sampling_entropy=5.777053 uniform_entropy=6.238325 entropy_gap=0.461272 max_probability_over_uniform=8.276409 min_probability_over_uniform=0.250000
RG_REMAP_SCORE round=80 layer=features.24 mode=excess mean_q=0.179369 mean_excess_score=0.006537 fraction_excess_positive=0.525391 sampling_entropy=5.777053
RG_SCORE round=80 layer=features.27 mean_q=0.153101 max_q=0.206653 fraction_q_positive=1.000000 sampling_entropy=5.738873 uniform_entropy=6.238325 entropy_gap=0.499451 max_probability_over_uniform=7.303246 min_probability_over_uniform=0.250000
RG_REMAP_SCORE round=80 layer=features.27 mode=excess mean_q=0.153101 mean_excess_score=0.005694 fraction_excess_positive=0.492188 sampling_entropy=5.738873
RG_SCORE round=80 layer=features.30 mean_q=0.153697 max_q=0.206943 fraction_q_positive=1.000000 sampling_entropy=5.734291 uniform_entropy=6.238325 entropy_gap=0.504034 max_probability_over_uniform=6.240348 min_probability_over_uniform=0.250000
RG_REMAP_SCORE round=80 layer=features.30 mode=excess mean_q=0.153697 mean_excess_score=0.006666 fraction_excess_positive=0.505859 sampling_entropy=5.734291
RG_SCORE round=80 layer=features.34 mean_q=0.281367 max_q=0.375460 fraction_q_positive=1.000000 sampling_entropy=5.769722 uniform_entropy=6.238325 entropy_gap=0.468603 max_probability_over_uniform=5.219039 min_probability_over_uniform=0.250000
RG_REMAP_SCORE round=80 layer=features.34 mode=excess mean_q=0.281367 mean_excess_score=0.014202 fraction_excess_positive=0.509766 sampling_entropy=5.769722
RG_SCORE round=80 layer=features.37 mean_q=0.319421 max_q=0.439995 fraction_q_positive=1.000000 sampling_entropy=5.764077 uniform_entropy=6.238325 entropy_gap=0.474248 max_probability_over_uniform=5.364730 min_probability_over_uniform=0.250000
RG_REMAP_SCORE round=80 layer=features.37 mode=excess mean_q=0.319421 mean_excess_score=0.017680 fraction_excess_positive=0.505859 sampling_entropy=5.764077
RG_SCORE round=80 layer=features.40 mean_q=0.334411 max_q=0.588779 fraction_q_positive=1.000000 sampling_entropy=5.854305 uniform_entropy=6.238325 entropy_gap=0.384020 max_probability_over_uniform=4.151966 min_probability_over_uniform=0.250000
RG_REMAP_SCORE round=80 layer=features.40 mode=excess mean_q=0.334411 mean_excess_score=0.048892 fraction_excess_positive=0.580078 sampling_entropy=5.854305
ROUND_ACCURACY method=FedPhoenixRG-Excess round=80 accuracy=67.699997
********************************************************************************
Round  80
ROUND_ACCURACY method=FedPhoenixRG-Excess round=81 accuracy=63.950001
********************************************************************************
Round  81
ROUND_ACCURACY method=FedPhoenixRG-Excess round=82 accuracy=67.550003
********************************************************************************
Round  82
ROUND_ACCURACY method=FedPhoenixRG-Excess round=83 accuracy=68.860001
********************************************************************************
Round  83
ROUND_ACCURACY method=FedPhoenixRG-Excess round=84 accuracy=66.480003
********************************************************************************
Round  84
ROUND_ACCURACY method=FedPhoenixRG-Excess round=85 accuracy=68.610001
********************************************************************************
Round  85
ROUND_ACCURACY method=FedPhoenixRG-Excess round=86 accuracy=67.489998
********************************************************************************
Round  86
ROUND_ACCURACY method=FedPhoenixRG-Excess round=87 accuracy=68.690002
********************************************************************************
Round  87
ROUND_ACCURACY method=FedPhoenixRG-Excess round=88 accuracy=68.959999
********************************************************************************
Round  88
ROUND_ACCURACY method=FedPhoenixRG-Excess round=89 accuracy=71.790001
********************************************************************************
Round  89
ROUND_ACCURACY method=FedPhoenixRG-Excess round=90 accuracy=66.089996
********************************************************************************
Round  90
ROUND_ACCURACY method=FedPhoenixRG-Excess round=91 accuracy=68.959999
********************************************************************************
Round  91
ROUND_ACCURACY method=FedPhoenixRG-Excess round=92 accuracy=68.629997
********************************************************************************
Round  92
ROUND_ACCURACY method=FedPhoenixRG-Excess round=93 accuracy=68.470001
********************************************************************************
Round  93
ROUND_ACCURACY method=FedPhoenixRG-Excess round=94 accuracy=69.529999
********************************************************************************
Round  94
ROUND_ACCURACY method=FedPhoenixRG-Excess round=95 accuracy=70.360001
********************************************************************************
Round  95
ROUND_ACCURACY method=FedPhoenixRG-Excess round=96 accuracy=67.279999
********************************************************************************
Round  96
ROUND_ACCURACY method=FedPhoenixRG-Excess round=97 accuracy=65.580002
********************************************************************************
Round  97
ROUND_ACCURACY method=FedPhoenixRG-Excess round=98 accuracy=64.800003
********************************************************************************
Round  98
ROUND_ACCURACY method=FedPhoenixRG-Excess round=99 accuracy=62.209999
********************************************************************************
Round  99
RG_SCORE round=100 layer=features.0 mean_q=0.137928 max_q=0.350453 fraction_q_positive=0.890625 sampling_entropy=3.662524 uniform_entropy=4.158883 entropy_gap=0.496359 max_probability_over_uniform=4.273721 min_probability_over_uniform=0.250000
RG_REMAP_SCORE round=100 layer=features.0 mode=excess mean_q=0.137928 mean_excess_score=0.039613 fraction_excess_positive=0.468750 sampling_entropy=3.662524
RG_SCORE round=100 layer=features.3 mean_q=0.174962 max_q=0.227969 fraction_q_positive=1.000000 sampling_entropy=3.701590 uniform_entropy=4.158883 entropy_gap=0.457293 max_probability_over_uniform=3.716533 min_probability_over_uniform=0.250000
RG_REMAP_SCORE round=100 layer=features.3 mode=excess mean_q=0.174962 mean_excess_score=0.011468 fraction_excess_positive=0.500000 sampling_entropy=3.701590
RG_SCORE round=100 layer=features.7 mean_q=0.189310 max_q=0.257082 fraction_q_positive=1.000000 sampling_entropy=4.339162 uniform_entropy=4.852030 entropy_gap=0.512869 max_probability_over_uniform=5.823860 min_probability_over_uniform=0.250000
RG_REMAP_SCORE round=100 layer=features.7 mode=excess mean_q=0.189310 mean_excess_score=0.009119 fraction_excess_positive=0.500000 sampling_entropy=4.339162
RG_SCORE round=100 layer=features.10 mean_q=0.182369 max_q=0.221789 fraction_q_positive=1.000000 sampling_entropy=4.334418 uniform_entropy=4.852030 entropy_gap=0.517612 max_probability_over_uniform=5.205240 min_probability_over_uniform=0.250000
RG_REMAP_SCORE round=100 layer=features.10 mode=excess mean_q=0.182369 mean_excess_score=0.005966 fraction_excess_positive=0.476562 sampling_entropy=4.334418
RG_SCORE round=100 layer=features.14 mean_q=0.187937 max_q=0.235649 fraction_q_positive=1.000000 sampling_entropy=5.053547 uniform_entropy=5.545177 entropy_gap=0.491631 max_probability_over_uniform=5.424225 min_probability_over_uniform=0.250000
RG_REMAP_SCORE round=100 layer=features.14 mode=excess mean_q=0.187937 mean_excess_score=0.006916 fraction_excess_positive=0.500000 sampling_entropy=5.053547
RG_SCORE round=100 layer=features.17 mean_q=0.179074 max_q=0.211735 fraction_q_positive=1.000000 sampling_entropy=5.033161 uniform_entropy=5.545177 entropy_gap=0.512016 max_probability_over_uniform=5.283633 min_probability_over_uniform=0.250000
RG_REMAP_SCORE round=100 layer=features.17 mode=excess mean_q=0.179074 mean_excess_score=0.004866 fraction_excess_positive=0.484375 sampling_entropy=5.033161
RG_SCORE round=100 layer=features.20 mean_q=0.187171 max_q=0.212188 fraction_q_positive=1.000000 sampling_entropy=5.105131 uniform_entropy=5.545177 entropy_gap=0.440046 max_probability_over_uniform=4.381172 min_probability_over_uniform=0.250000
RG_REMAP_SCORE round=100 layer=features.20 mode=excess mean_q=0.187171 mean_excess_score=0.004542 fraction_excess_positive=0.542969 sampling_entropy=5.105131
RG_SCORE round=100 layer=features.24 mean_q=0.192479 max_q=0.240351 fraction_q_positive=1.000000 sampling_entropy=5.779208 uniform_entropy=6.238325 entropy_gap=0.459116 max_probability_over_uniform=5.979604 min_probability_over_uniform=0.250000
RG_REMAP_SCORE round=100 layer=features.24 mode=excess mean_q=0.192479 mean_excess_score=0.006266 fraction_excess_positive=0.523438 sampling_entropy=5.779208
RG_SCORE round=100 layer=features.27 mean_q=0.165454 max_q=0.204440 fraction_q_positive=1.000000 sampling_entropy=5.790640 uniform_entropy=6.238325 entropy_gap=0.447685 max_probability_over_uniform=5.513487 min_probability_over_uniform=0.250000
RG_REMAP_SCORE round=100 layer=features.27 mode=excess mean_q=0.165454 mean_excess_score=0.005555 fraction_excess_positive=0.531250 sampling_entropy=5.790640
RG_SCORE round=100 layer=features.30 mean_q=0.165488 max_q=0.216888 fraction_q_positive=1.000000 sampling_entropy=5.761252 uniform_entropy=6.238325 entropy_gap=0.477073 max_probability_over_uniform=6.826533 min_probability_over_uniform=0.250000
RG_REMAP_SCORE round=100 layer=features.30 mode=excess mean_q=0.165488 mean_excess_score=0.005862 fraction_excess_positive=0.527344 sampling_entropy=5.761252
RG_SCORE round=100 layer=features.34 mean_q=0.306151 max_q=0.411803 fraction_q_positive=1.000000 sampling_entropy=5.766328 uniform_entropy=6.238325 entropy_gap=0.471997 max_probability_over_uniform=6.130631 min_probability_over_uniform=0.250000
RG_REMAP_SCORE round=100 layer=features.34 mode=excess mean_q=0.306151 mean_excess_score=0.013475 fraction_excess_positive=0.527344 sampling_entropy=5.766328
RG_SCORE round=100 layer=features.37 mean_q=0.341651 max_q=0.459695 fraction_q_positive=1.000000 sampling_entropy=5.811441 uniform_entropy=6.238325 entropy_gap=0.426884 max_probability_over_uniform=4.779427 min_probability_over_uniform=0.250000
RG_REMAP_SCORE round=100 layer=features.37 mode=excess mean_q=0.341651 mean_excess_score=0.019546 fraction_excess_positive=0.541016 sampling_entropy=5.811441
RG_SCORE round=100 layer=features.40 mean_q=0.324358 max_q=0.549909 fraction_q_positive=0.998047 sampling_entropy=5.839296 uniform_entropy=6.238325 entropy_gap=0.399029 max_probability_over_uniform=4.130369 min_probability_over_uniform=0.250000
RG_REMAP_SCORE round=100 layer=features.40 mode=excess mean_q=0.324358 mean_excess_score=0.043595 fraction_excess_positive=0.552734 sampling_entropy=5.839296
ROUND_ACCURACY method=FedPhoenixRG-Excess round=100 accuracy=65.070000
********************************************************************************
Round 100
ROUND_ACCURACY method=FedPhoenixRG-Excess round=101 accuracy=69.300003
********************************************************************************
Round 101
ROUND_ACCURACY method=FedPhoenixRG-Excess round=102 accuracy=73.320000
********************************************************************************
Round 102
ROUND_ACCURACY method=FedPhoenixRG-Excess round=103 accuracy=72.260002
********************************************************************************
Round 103
ROUND_ACCURACY method=FedPhoenixRG-Excess round=104 accuracy=71.529999
********************************************************************************
Round 104
ROUND_ACCURACY method=FedPhoenixRG-Excess round=105 accuracy=69.440002
********************************************************************************
Round 105
ROUND_ACCURACY method=FedPhoenixRG-Excess round=106 accuracy=70.419998
********************************************************************************
Round 106
ROUND_ACCURACY method=FedPhoenixRG-Excess round=107 accuracy=55.189999
********************************************************************************
Round 107
ROUND_ACCURACY method=FedPhoenixRG-Excess round=108 accuracy=72.339996
********************************************************************************
Round 108
ROUND_ACCURACY method=FedPhoenixRG-Excess round=109 accuracy=72.730003
********************************************************************************
Round 109
ROUND_ACCURACY method=FedPhoenixRG-Excess round=110 accuracy=71.699997
********************************************************************************
Round 110
ROUND_ACCURACY method=FedPhoenixRG-Excess round=111 accuracy=73.040001
********************************************************************************
Round 111
ROUND_ACCURACY method=FedPhoenixRG-Excess round=112 accuracy=70.800003
********************************************************************************
Round 112
ROUND_ACCURACY method=FedPhoenixRG-Excess round=113 accuracy=69.339996
********************************************************************************
Round 113
ROUND_ACCURACY method=FedPhoenixRG-Excess round=114 accuracy=67.309998
********************************************************************************
Round 114
ROUND_ACCURACY method=FedPhoenixRG-Excess round=115 accuracy=57.119999
********************************************************************************
Round 115
ROUND_ACCURACY method=FedPhoenixRG-Excess round=116 accuracy=73.290001
********************************************************************************
Round 116
ROUND_ACCURACY method=FedPhoenixRG-Excess round=117 accuracy=65.209999
********************************************************************************
Round 117
ROUND_ACCURACY method=FedPhoenixRG-Excess round=118 accuracy=71.400002
********************************************************************************
Round 118
ROUND_ACCURACY method=FedPhoenixRG-Excess round=119 accuracy=73.779999
********************************************************************************
Round 119
RG_SCORE round=120 layer=features.0 mean_q=0.166259 max_q=0.309079 fraction_q_positive=0.984375 sampling_entropy=3.723716 uniform_entropy=4.158883 entropy_gap=0.435168 max_probability_over_uniform=3.597600 min_probability_over_uniform=0.250000
RG_REMAP_SCORE round=120 layer=features.0 mode=excess mean_q=0.166259 mean_excess_score=0.031998 fraction_excess_positive=0.484375 sampling_entropy=3.723716
RG_SCORE round=120 layer=features.3 mean_q=0.196367 max_q=0.244698 fraction_q_positive=1.000000 sampling_entropy=3.737937 uniform_entropy=4.158883 entropy_gap=0.420946 max_probability_over_uniform=4.365821 min_probability_over_uniform=0.250000
RG_REMAP_SCORE round=120 layer=features.3 mode=excess mean_q=0.196367 mean_excess_score=0.008807 fraction_excess_positive=0.531250 sampling_entropy=3.737937
RG_SCORE round=120 layer=features.7 mean_q=0.196693 max_q=0.244207 fraction_q_positive=1.000000 sampling_entropy=4.342302 uniform_entropy=4.852030 entropy_gap=0.509728 max_probability_over_uniform=4.724555 min_probability_over_uniform=0.250000
RG_REMAP_SCORE round=120 layer=features.7 mode=excess mean_q=0.196693 mean_excess_score=0.007964 fraction_excess_positive=0.492188 sampling_entropy=4.342302
RG_SCORE round=120 layer=features.10 mean_q=0.186421 max_q=0.217854 fraction_q_positive=1.000000 sampling_entropy=4.355097 uniform_entropy=4.852030 entropy_gap=0.496934 max_probability_over_uniform=4.751159 min_probability_over_uniform=0.250000
RG_REMAP_SCORE round=120 layer=features.10 mode=excess mean_q=0.186421 mean_excess_score=0.005238 fraction_excess_positive=0.500000 sampling_entropy=4.355097
RG_SCORE round=120 layer=features.14 mean_q=0.193773 max_q=0.240761 fraction_q_positive=1.000000 sampling_entropy=5.030206 uniform_entropy=5.545177 entropy_gap=0.514971 max_probability_over_uniform=6.132414 min_probability_over_uniform=0.250000
RG_REMAP_SCORE round=120 layer=features.14 mode=excess mean_q=0.193773 mean_excess_score=0.005991 fraction_excess_positive=0.507812 sampling_entropy=5.030206
RG_SCORE round=120 layer=features.17 mean_q=0.181375 max_q=0.218650 fraction_q_positive=1.000000 sampling_entropy=5.018434 uniform_entropy=5.545177 entropy_gap=0.526744 max_probability_over_uniform=5.742332 min_probability_over_uniform=0.250000
RG_REMAP_SCORE round=120 layer=features.17 mode=excess mean_q=0.181375 mean_excess_score=0.005090 fraction_excess_positive=0.464844 sampling_entropy=5.018434
RG_SCORE round=120 layer=features.20 mean_q=0.186102 max_q=0.226120 fraction_q_positive=1.000000 sampling_entropy=5.014847 uniform_entropy=5.545177 entropy_gap=0.530330 max_probability_over_uniform=6.672426 min_probability_over_uniform=0.250000
RG_REMAP_SCORE round=120 layer=features.20 mode=excess mean_q=0.186102 mean_excess_score=0.004673 fraction_excess_positive=0.460938 sampling_entropy=5.014847
RG_SCORE round=120 layer=features.24 mean_q=0.189662 max_q=0.230847 fraction_q_positive=1.000000 sampling_entropy=5.791194 uniform_entropy=6.238325 entropy_gap=0.447131 max_probability_over_uniform=4.440377 min_probability_over_uniform=0.250000
RG_REMAP_SCORE round=120 layer=features.24 mode=excess mean_q=0.189662 mean_excess_score=0.007371 fraction_excess_positive=0.533203 sampling_entropy=5.791194
RG_SCORE round=120 layer=features.27 mean_q=0.160794 max_q=0.202423 fraction_q_positive=1.000000 sampling_entropy=5.801238 uniform_entropy=6.238325 entropy_gap=0.437087 max_probability_over_uniform=5.519791 min_probability_over_uniform=0.250000
RG_REMAP_SCORE round=120 layer=features.27 mode=excess mean_q=0.160794 mean_excess_score=0.005925 fraction_excess_positive=0.550781 sampling_entropy=5.801238
RG_SCORE round=120 layer=features.30 mean_q=0.151941 max_q=0.201665 fraction_q_positive=1.000000 sampling_entropy=5.795680 uniform_entropy=6.238325 entropy_gap=0.442644 max_probability_over_uniform=4.895850 min_probability_over_uniform=0.250000
RG_REMAP_SCORE round=120 layer=features.30 mode=excess mean_q=0.151941 mean_excess_score=0.008027 fraction_excess_positive=0.521484 sampling_entropy=5.795680
RG_SCORE round=120 layer=features.34 mean_q=0.266623 max_q=0.437131 fraction_q_positive=0.994141 sampling_entropy=5.878774 uniform_entropy=6.238325 entropy_gap=0.359551 max_probability_over_uniform=5.584003 min_probability_over_uniform=0.250000
RG_REMAP_SCORE round=120 layer=features.34 mode=excess mean_q=0.266623 mean_excess_score=0.023975 fraction_excess_positive=0.587891 sampling_entropy=5.878774
RG_SCORE round=120 layer=features.37 mean_q=0.218235 max_q=0.397017 fraction_q_positive=0.994141 sampling_entropy=5.815424 uniform_entropy=6.238325 entropy_gap=0.422900 max_probability_over_uniform=4.517623 min_probability_over_uniform=0.250000
RG_REMAP_SCORE round=120 layer=features.37 mode=excess mean_q=0.218235 mean_excess_score=0.031420 fraction_excess_positive=0.544922 sampling_entropy=5.815424
RG_SCORE round=120 layer=features.40 mean_q=0.163466 max_q=0.496444 fraction_q_positive=0.978516 sampling_entropy=5.712689 uniform_entropy=6.238325 entropy_gap=0.525636 max_probability_over_uniform=6.603829 min_probability_over_uniform=0.250000
RG_REMAP_SCORE round=120 layer=features.40 mode=excess mean_q=0.163466 mean_excess_score=0.039304 fraction_excess_positive=0.488281 sampling_entropy=5.712689
ROUND_ACCURACY method=FedPhoenixRG-Excess round=120 accuracy=69.239998
********************************************************************************
Round 120
ROUND_ACCURACY method=FedPhoenixRG-Excess round=121 accuracy=74.080002
********************************************************************************
Round 121
ROUND_ACCURACY method=FedPhoenixRG-Excess round=122 accuracy=70.360001
********************************************************************************
Round 122
ROUND_ACCURACY method=FedPhoenixRG-Excess round=123 accuracy=69.809998
********************************************************************************
Round 123
ROUND_ACCURACY method=FedPhoenixRG-Excess round=124 accuracy=64.199997
********************************************************************************
Round 124
ROUND_ACCURACY method=FedPhoenixRG-Excess round=125 accuracy=66.300003
********************************************************************************
Round 125
ROUND_ACCURACY method=FedPhoenixRG-Excess round=126 accuracy=65.839996
********************************************************************************
Round 126
ROUND_ACCURACY method=FedPhoenixRG-Excess round=127 accuracy=71.230003
********************************************************************************
Round 127
ROUND_ACCURACY method=FedPhoenixRG-Excess round=128 accuracy=67.199997
********************************************************************************
Round 128
ROUND_ACCURACY method=FedPhoenixRG-Excess round=129 accuracy=75.959999
********************************************************************************
Round 129
ROUND_ACCURACY method=FedPhoenixRG-Excess round=130 accuracy=67.570000
********************************************************************************
Round 130
ROUND_ACCURACY method=FedPhoenixRG-Excess round=131 accuracy=67.290001
********************************************************************************
Round 131
ROUND_ACCURACY method=FedPhoenixRG-Excess round=132 accuracy=75.610001
********************************************************************************
Round 132
ROUND_ACCURACY method=FedPhoenixRG-Excess round=133 accuracy=69.580002
********************************************************************************
Round 133
ROUND_ACCURACY method=FedPhoenixRG-Excess round=134 accuracy=73.440002
********************************************************************************
Round 134
ROUND_ACCURACY method=FedPhoenixRG-Excess round=135 accuracy=66.599998
********************************************************************************
Round 135
ROUND_ACCURACY method=FedPhoenixRG-Excess round=136 accuracy=66.330002
********************************************************************************
Round 136
ROUND_ACCURACY method=FedPhoenixRG-Excess round=137 accuracy=72.470001
********************************************************************************
Round 137
ROUND_ACCURACY method=FedPhoenixRG-Excess round=138 accuracy=75.470001
********************************************************************************
Round 138
ROUND_ACCURACY method=FedPhoenixRG-Excess round=139 accuracy=73.019997
********************************************************************************
Round 139
RG_SCORE round=140 layer=features.0 mean_q=0.165038 max_q=0.331359 fraction_q_positive=0.984375 sampling_entropy=3.713426 uniform_entropy=4.158883 entropy_gap=0.445457 max_probability_over_uniform=4.132212 min_probability_over_uniform=0.250000
RG_REMAP_SCORE round=140 layer=features.0 mode=excess mean_q=0.165038 mean_excess_score=0.032131 fraction_excess_positive=0.500000 sampling_entropy=3.713426
RG_SCORE round=140 layer=features.3 mean_q=0.207691 max_q=0.258676 fraction_q_positive=1.000000 sampling_entropy=3.621377 uniform_entropy=4.158883 entropy_gap=0.537506 max_probability_over_uniform=4.773954 min_probability_over_uniform=0.250000
RG_REMAP_SCORE round=140 layer=features.3 mode=excess mean_q=0.207691 mean_excess_score=0.008452 fraction_excess_positive=0.468750 sampling_entropy=3.621377
RG_SCORE round=140 layer=features.7 mean_q=0.201318 max_q=0.263432 fraction_q_positive=1.000000 sampling_entropy=4.333098 uniform_entropy=4.852030 entropy_gap=0.518932 max_probability_over_uniform=6.706600 min_probability_over_uniform=0.250000
RG_REMAP_SCORE round=140 layer=features.7 mode=excess mean_q=0.201318 mean_excess_score=0.007215 fraction_excess_positive=0.492188 sampling_entropy=4.333098
RG_SCORE round=140 layer=features.10 mean_q=0.188552 max_q=0.216297 fraction_q_positive=1.000000 sampling_entropy=4.441849 uniform_entropy=4.852030 entropy_gap=0.410181 max_probability_over_uniform=3.920240 min_probability_over_uniform=0.250000
RG_REMAP_SCORE round=140 layer=features.10 mode=excess mean_q=0.188552 mean_excess_score=0.005670 fraction_excess_positive=0.539062 sampling_entropy=4.441849
RG_SCORE round=140 layer=features.14 mean_q=0.197098 max_q=0.244121 fraction_q_positive=1.000000 sampling_entropy=5.047275 uniform_entropy=5.545177 entropy_gap=0.497902 max_probability_over_uniform=6.102366 min_probability_over_uniform=0.250000
RG_REMAP_SCORE round=140 layer=features.14 mode=excess mean_q=0.197098 mean_excess_score=0.006026 fraction_excess_positive=0.515625 sampling_entropy=5.047275
RG_SCORE round=140 layer=features.17 mean_q=0.187991 max_q=0.221956 fraction_q_positive=1.000000 sampling_entropy=5.059676 uniform_entropy=5.545177 entropy_gap=0.485501 max_probability_over_uniform=5.572541 min_probability_over_uniform=0.250000
RG_REMAP_SCORE round=140 layer=features.17 mode=excess mean_q=0.187991 mean_excess_score=0.004786 fraction_excess_positive=0.503906 sampling_entropy=5.059676
RG_SCORE round=140 layer=features.20 mean_q=0.193059 max_q=0.223443 fraction_q_positive=1.000000 sampling_entropy=5.062620 uniform_entropy=5.545177 entropy_gap=0.482558 max_probability_over_uniform=5.064412 min_probability_over_uniform=0.250000
RG_REMAP_SCORE round=140 layer=features.20 mode=excess mean_q=0.193059 mean_excess_score=0.004733 fraction_excess_positive=0.503906 sampling_entropy=5.062620
RG_SCORE round=140 layer=features.24 mean_q=0.204137 max_q=0.263364 fraction_q_positive=1.000000 sampling_entropy=5.733640 uniform_entropy=6.238325 entropy_gap=0.504684 max_probability_over_uniform=7.854867 min_probability_over_uniform=0.250000
RG_REMAP_SCORE round=140 layer=features.24 mode=excess mean_q=0.204137 mean_excess_score=0.005841 fraction_excess_positive=0.509766 sampling_entropy=5.733640
RG_SCORE round=140 layer=features.27 mean_q=0.177897 max_q=0.221792 fraction_q_positive=1.000000 sampling_entropy=5.775322 uniform_entropy=6.238325 entropy_gap=0.463003 max_probability_over_uniform=6.293868 min_probability_over_uniform=0.250000
RG_REMAP_SCORE round=140 layer=features.27 mode=excess mean_q=0.177897 mean_excess_score=0.005447 fraction_excess_positive=0.515625 sampling_entropy=5.775322
RG_SCORE round=140 layer=features.30 mean_q=0.172716 max_q=0.212355 fraction_q_positive=1.000000 sampling_entropy=5.752146 uniform_entropy=6.238325 entropy_gap=0.486179 max_probability_over_uniform=5.425435 min_probability_over_uniform=0.250000
RG_REMAP_SCORE round=140 layer=features.30 mode=excess mean_q=0.172716 mean_excess_score=0.005744 fraction_excess_positive=0.490234 sampling_entropy=5.752146
RG_SCORE round=140 layer=features.34 mean_q=0.304447 max_q=0.441238 fraction_q_positive=1.000000 sampling_entropy=5.809317 uniform_entropy=6.238325 entropy_gap=0.429008 max_probability_over_uniform=5.339025 min_probability_over_uniform=0.250000
RG_REMAP_SCORE round=140 layer=features.34 mode=excess mean_q=0.304447 mean_excess_score=0.020160 fraction_excess_positive=0.568359 sampling_entropy=5.809317
RG_SCORE round=140 layer=features.37 mean_q=0.217622 max_q=0.415949 fraction_q_positive=0.996094 sampling_entropy=5.815259 uniform_entropy=6.238325 entropy_gap=0.423065 max_probability_over_uniform=4.726983 min_probability_over_uniform=0.250000
RG_REMAP_SCORE round=140 layer=features.37 mode=excess mean_q=0.217622 mean_excess_score=0.033224 fraction_excess_positive=0.556641 sampling_entropy=5.815259
RG_SCORE round=140 layer=features.40 mean_q=0.155680 max_q=0.472301 fraction_q_positive=0.960938 sampling_entropy=5.756599 uniform_entropy=6.238325 entropy_gap=0.481725 max_probability_over_uniform=6.413462 min_probability_over_uniform=0.250000
RG_REMAP_SCORE round=140 layer=features.40 mode=excess mean_q=0.155680 mean_excess_score=0.038528 fraction_excess_positive=0.507812 sampling_entropy=5.756599
ROUND_ACCURACY method=FedPhoenixRG-Excess round=140 accuracy=73.550003
********************************************************************************
Round 140
ROUND_ACCURACY method=FedPhoenixRG-Excess round=141 accuracy=73.459999
********************************************************************************
Round 141
ROUND_ACCURACY method=FedPhoenixRG-Excess round=142 accuracy=66.669998
********************************************************************************
Round 142
ROUND_ACCURACY method=FedPhoenixRG-Excess round=143 accuracy=61.180000
********************************************************************************
Round 143
ROUND_ACCURACY method=FedPhoenixRG-Excess round=144 accuracy=74.839996
********************************************************************************
Round 144
ROUND_ACCURACY method=FedPhoenixRG-Excess round=145 accuracy=68.529999
********************************************************************************
Round 145
ROUND_ACCURACY method=FedPhoenixRG-Excess round=146 accuracy=67.459999
********************************************************************************
Round 146
ROUND_ACCURACY method=FedPhoenixRG-Excess round=147 accuracy=69.410004
********************************************************************************
Round 147
ROUND_ACCURACY method=FedPhoenixRG-Excess round=148 accuracy=70.970001
********************************************************************************
Round 148
ROUND_ACCURACY method=FedPhoenixRG-Excess round=149 accuracy=70.370003
********************************************************************************
Round 149
ROUND_ACCURACY method=FedPhoenixRG-Excess round=150 accuracy=75.709999
********************************************************************************
Round 150
ROUND_ACCURACY method=FedPhoenixRG-Excess round=151 accuracy=59.099998
********************************************************************************
Round 151
ROUND_ACCURACY method=FedPhoenixRG-Excess round=152 accuracy=68.300003
********************************************************************************
Round 152
ROUND_ACCURACY method=FedPhoenixRG-Excess round=153 accuracy=74.709999
********************************************************************************
Round 153
ROUND_ACCURACY method=FedPhoenixRG-Excess round=154 accuracy=73.540001
********************************************************************************
Round 154
ROUND_ACCURACY method=FedPhoenixRG-Excess round=155 accuracy=70.599998
********************************************************************************
Round 155
ROUND_ACCURACY method=FedPhoenixRG-Excess round=156 accuracy=72.360001
********************************************************************************
Round 156
ROUND_ACCURACY method=FedPhoenixRG-Excess round=157 accuracy=65.260002
********************************************************************************
Round 157
ROUND_ACCURACY method=FedPhoenixRG-Excess round=158 accuracy=71.139999
********************************************************************************
Round 158
ROUND_ACCURACY method=FedPhoenixRG-Excess round=159 accuracy=69.599998
********************************************************************************
Round 159
RG_SCORE round=160 layer=features.0 mean_q=0.135041 max_q=0.382433 fraction_q_positive=0.906250 sampling_entropy=3.630682 uniform_entropy=4.158883 entropy_gap=0.528201 max_probability_over_uniform=5.307956 min_probability_over_uniform=0.250000
RG_REMAP_SCORE round=160 layer=features.0 mode=excess mean_q=0.135041 mean_excess_score=0.036684 fraction_excess_positive=0.468750 sampling_entropy=3.630682
RG_SCORE round=160 layer=features.3 mean_q=0.162853 max_q=0.209187 fraction_q_positive=1.000000 sampling_entropy=3.688912 uniform_entropy=4.158883 entropy_gap=0.469972 max_probability_over_uniform=4.015606 min_probability_over_uniform=0.250000
RG_REMAP_SCORE round=160 layer=features.3 mode=excess mean_q=0.162853 mean_excess_score=0.009228 fraction_excess_positive=0.500000 sampling_entropy=3.688912
RG_SCORE round=160 layer=features.7 mean_q=0.164368 max_q=0.205665 fraction_q_positive=1.000000 sampling_entropy=4.414279 uniform_entropy=4.852030 entropy_gap=0.437751 max_probability_over_uniform=4.338365 min_probability_over_uniform=0.250000
RG_REMAP_SCORE round=160 layer=features.7 mode=excess mean_q=0.164368 mean_excess_score=0.007576 fraction_excess_positive=0.554688 sampling_entropy=4.414279
RG_SCORE round=160 layer=features.10 mean_q=0.160604 max_q=0.205276 fraction_q_positive=1.000000 sampling_entropy=4.339691 uniform_entropy=4.852030 entropy_gap=0.512339 max_probability_over_uniform=7.010434 min_probability_over_uniform=0.250000
RG_REMAP_SCORE round=160 layer=features.10 mode=excess mean_q=0.160604 mean_excess_score=0.004956 fraction_excess_positive=0.507812 sampling_entropy=4.339691
RG_SCORE round=160 layer=features.14 mean_q=0.170046 max_q=0.204679 fraction_q_positive=1.000000 sampling_entropy=5.067651 uniform_entropy=5.545177 entropy_gap=0.477527 max_probability_over_uniform=4.686975 min_probability_over_uniform=0.250000
RG_REMAP_SCORE round=160 layer=features.14 mode=excess mean_q=0.170046 mean_excess_score=0.005854 fraction_excess_positive=0.531250 sampling_entropy=5.067651
RG_SCORE round=160 layer=features.17 mean_q=0.163928 max_q=0.197973 fraction_q_positive=1.000000 sampling_entropy=5.045682 uniform_entropy=5.545177 entropy_gap=0.499496 max_probability_over_uniform=6.116305 min_probability_over_uniform=0.250000
RG_REMAP_SCORE round=160 layer=features.17 mode=excess mean_q=0.163928 mean_excess_score=0.004353 fraction_excess_positive=0.503906 sampling_entropy=5.045682
RG_SCORE round=160 layer=features.20 mean_q=0.169703 max_q=0.198716 fraction_q_positive=1.000000 sampling_entropy=5.098278 uniform_entropy=5.545177 entropy_gap=0.446899 max_probability_over_uniform=4.843324 min_probability_over_uniform=0.250000
RG_REMAP_SCORE round=160 layer=features.20 mode=excess mean_q=0.169703 mean_excess_score=0.004737 fraction_excess_positive=0.519531 sampling_entropy=5.098278
RG_SCORE round=160 layer=features.24 mean_q=0.179608 max_q=0.220927 fraction_q_positive=1.000000 sampling_entropy=5.792643 uniform_entropy=6.238325 entropy_gap=0.445681 max_probability_over_uniform=5.741471 min_probability_over_uniform=0.250000
RG_REMAP_SCORE round=160 layer=features.24 mode=excess mean_q=0.179608 mean_excess_score=0.005643 fraction_excess_positive=0.539062 sampling_entropy=5.792643
RG_SCORE round=160 layer=features.27 mean_q=0.157282 max_q=0.195875 fraction_q_positive=1.000000 sampling_entropy=5.748120 uniform_entropy=6.238325 entropy_gap=0.490205 max_probability_over_uniform=5.521786 min_probability_over_uniform=0.250000
RG_REMAP_SCORE round=160 layer=features.27 mode=excess mean_q=0.157282 mean_excess_score=0.005490 fraction_excess_positive=0.496094 sampling_entropy=5.748120
RG_SCORE round=160 layer=features.30 mean_q=0.150879 max_q=0.188143 fraction_q_positive=1.000000 sampling_entropy=5.751032 uniform_entropy=6.238325 entropy_gap=0.487292 max_probability_over_uniform=5.241779 min_probability_over_uniform=0.250000
RG_REMAP_SCORE round=160 layer=features.30 mode=excess mean_q=0.150879 mean_excess_score=0.005599 fraction_excess_positive=0.515625 sampling_entropy=5.751032
RG_SCORE round=160 layer=features.34 mean_q=0.266516 max_q=0.429357 fraction_q_positive=0.998047 sampling_entropy=5.787966 uniform_entropy=6.238325 entropy_gap=0.450358 max_probability_over_uniform=6.278865 min_probability_over_uniform=0.250000
RG_REMAP_SCORE round=160 layer=features.34 mode=excess mean_q=0.266516 mean_excess_score=0.020258 fraction_excess_positive=0.521484 sampling_entropy=5.787966
RG_SCORE round=160 layer=features.37 mean_q=0.229415 max_q=0.439966 fraction_q_positive=0.988281 sampling_entropy=5.831967 uniform_entropy=6.238325 entropy_gap=0.406357 max_probability_over_uniform=5.377010 min_probability_over_uniform=0.250000
RG_REMAP_SCORE round=160 layer=features.37 mode=excess mean_q=0.229415 mean_excess_score=0.030800 fraction_excess_positive=0.552734 sampling_entropy=5.831967
RG_SCORE round=160 layer=features.40 mean_q=0.142333 max_q=0.385652 fraction_q_positive=0.947266 sampling_entropy=5.737042 uniform_entropy=6.238325 entropy_gap=0.501283 max_probability_over_uniform=5.660062 min_probability_over_uniform=0.250000
RG_REMAP_SCORE round=160 layer=features.40 mode=excess mean_q=0.142333 mean_excess_score=0.033731 fraction_excess_positive=0.498047 sampling_entropy=5.737042
ROUND_ACCURACY method=FedPhoenixRG-Excess round=160 accuracy=69.750000
********************************************************************************
Round 160
ROUND_ACCURACY method=FedPhoenixRG-Excess round=161 accuracy=77.160004
********************************************************************************
Round 161
ROUND_ACCURACY method=FedPhoenixRG-Excess round=162 accuracy=71.379997
********************************************************************************
Round 162
ROUND_ACCURACY method=FedPhoenixRG-Excess round=163 accuracy=69.769997
********************************************************************************
Round 163
ROUND_ACCURACY method=FedPhoenixRG-Excess round=164 accuracy=69.230003
********************************************************************************
Round 164
ROUND_ACCURACY method=FedPhoenixRG-Excess round=165 accuracy=74.919998
********************************************************************************
Round 165
ROUND_ACCURACY method=FedPhoenixRG-Excess round=166 accuracy=71.680000
********************************************************************************
Round 166
ROUND_ACCURACY method=FedPhoenixRG-Excess round=167 accuracy=69.739998
********************************************************************************
Round 167
ROUND_ACCURACY method=FedPhoenixRG-Excess round=168 accuracy=68.279999
********************************************************************************
Round 168
ROUND_ACCURACY method=FedPhoenixRG-Excess round=169 accuracy=72.000000
********************************************************************************
Round 169
ROUND_ACCURACY method=FedPhoenixRG-Excess round=170 accuracy=69.540001
********************************************************************************
Round 170
ROUND_ACCURACY method=FedPhoenixRG-Excess round=171 accuracy=69.510002
********************************************************************************
Round 171
ROUND_ACCURACY method=FedPhoenixRG-Excess round=172 accuracy=69.059998
********************************************************************************
Round 172
ROUND_ACCURACY method=FedPhoenixRG-Excess round=173 accuracy=62.150002
********************************************************************************
Round 173
ROUND_ACCURACY method=FedPhoenixRG-Excess round=174 accuracy=71.370003
********************************************************************************
Round 174
ROUND_ACCURACY method=FedPhoenixRG-Excess round=175 accuracy=73.320000
********************************************************************************
Round 175
ROUND_ACCURACY method=FedPhoenixRG-Excess round=176 accuracy=74.629997
********************************************************************************
Round 176
ROUND_ACCURACY method=FedPhoenixRG-Excess round=177 accuracy=71.449997
********************************************************************************
Round 177
ROUND_ACCURACY method=FedPhoenixRG-Excess round=178 accuracy=64.550003
********************************************************************************
Round 178
ROUND_ACCURACY method=FedPhoenixRG-Excess round=179 accuracy=76.120003
********************************************************************************
Round 179
RG_SCORE round=180 layer=features.0 mean_q=0.124116 max_q=0.384361 fraction_q_positive=0.890625 sampling_entropy=3.615958 uniform_entropy=4.158883 entropy_gap=0.542925 max_probability_over_uniform=5.426992 min_probability_over_uniform=0.250000
RG_REMAP_SCORE round=180 layer=features.0 mode=excess mean_q=0.124116 mean_excess_score=0.037702 fraction_excess_positive=0.484375 sampling_entropy=3.615958
RG_SCORE round=180 layer=features.3 mean_q=0.155071 max_q=0.220099 fraction_q_positive=1.000000 sampling_entropy=3.731291 uniform_entropy=4.158883 entropy_gap=0.427592 max_probability_over_uniform=3.707724 min_probability_over_uniform=0.250000
RG_REMAP_SCORE round=180 layer=features.3 mode=excess mean_q=0.155071 mean_excess_score=0.014105 fraction_excess_positive=0.515625 sampling_entropy=3.731291
RG_SCORE round=180 layer=features.7 mean_q=0.166324 max_q=0.220367 fraction_q_positive=1.000000 sampling_entropy=4.397258 uniform_entropy=4.852030 entropy_gap=0.454772 max_probability_over_uniform=4.069741 min_probability_over_uniform=0.250000
RG_REMAP_SCORE round=180 layer=features.7 mode=excess mean_q=0.166324 mean_excess_score=0.010611 fraction_excess_positive=0.531250 sampling_entropy=4.397258
RG_SCORE round=180 layer=features.10 mean_q=0.161832 max_q=0.201230 fraction_q_positive=1.000000 sampling_entropy=4.375109 uniform_entropy=4.852030 entropy_gap=0.476921 max_probability_over_uniform=4.613556 min_probability_over_uniform=0.250000
RG_REMAP_SCORE round=180 layer=features.10 mode=excess mean_q=0.161832 mean_excess_score=0.006772 fraction_excess_positive=0.546875 sampling_entropy=4.375109
RG_SCORE round=180 layer=features.14 mean_q=0.166647 max_q=0.209804 fraction_q_positive=1.000000 sampling_entropy=5.088978 uniform_entropy=5.545177 entropy_gap=0.456199 max_probability_over_uniform=4.594794 min_probability_over_uniform=0.250000
RG_REMAP_SCORE round=180 layer=features.14 mode=excess mean_q=0.166647 mean_excess_score=0.007450 fraction_excess_positive=0.519531 sampling_entropy=5.088978
RG_SCORE round=180 layer=features.17 mean_q=0.160696 max_q=0.202407 fraction_q_positive=1.000000 sampling_entropy=5.094100 uniform_entropy=5.545177 entropy_gap=0.451077 max_probability_over_uniform=5.514286 min_probability_over_uniform=0.250000
RG_REMAP_SCORE round=180 layer=features.17 mode=excess mean_q=0.160696 mean_excess_score=0.005943 fraction_excess_positive=0.523438 sampling_entropy=5.094100
RG_SCORE round=180 layer=features.20 mean_q=0.165547 max_q=0.198059 fraction_q_positive=1.000000 sampling_entropy=5.114302 uniform_entropy=5.545177 entropy_gap=0.430876 max_probability_over_uniform=4.963253 min_probability_over_uniform=0.250000
RG_REMAP_SCORE round=180 layer=features.20 mode=excess mean_q=0.165547 mean_excess_score=0.005174 fraction_excess_positive=0.546875 sampling_entropy=5.114302
RG_SCORE round=180 layer=features.24 mean_q=0.177048 max_q=0.249834 fraction_q_positive=1.000000 sampling_entropy=5.773188 uniform_entropy=6.238325 entropy_gap=0.465137 max_probability_over_uniform=7.304385 min_probability_over_uniform=0.250000
RG_REMAP_SCORE round=180 layer=features.24 mode=excess mean_q=0.177048 mean_excess_score=0.007738 fraction_excess_positive=0.523438 sampling_entropy=5.773188
RG_SCORE round=180 layer=features.27 mean_q=0.159574 max_q=0.213272 fraction_q_positive=1.000000 sampling_entropy=5.792694 uniform_entropy=6.238325 entropy_gap=0.445630 max_probability_over_uniform=5.931289 min_probability_over_uniform=0.250000
RG_REMAP_SCORE round=180 layer=features.27 mode=excess mean_q=0.159574 mean_excess_score=0.007089 fraction_excess_positive=0.544922 sampling_entropy=5.792694
RG_SCORE round=180 layer=features.30 mean_q=0.152825 max_q=0.202207 fraction_q_positive=1.000000 sampling_entropy=5.774293 uniform_entropy=6.238325 entropy_gap=0.464031 max_probability_over_uniform=5.443758 min_probability_over_uniform=0.250000
RG_REMAP_SCORE round=180 layer=features.30 mode=excess mean_q=0.152825 mean_excess_score=0.007131 fraction_excess_positive=0.517578 sampling_entropy=5.774293
RG_SCORE round=180 layer=features.34 mean_q=0.287511 max_q=0.431132 fraction_q_positive=1.000000 sampling_entropy=5.813455 uniform_entropy=6.238325 entropy_gap=0.424870 max_probability_over_uniform=4.606306 min_probability_over_uniform=0.250000
RG_REMAP_SCORE round=180 layer=features.34 mode=excess mean_q=0.287511 mean_excess_score=0.024726 fraction_excess_positive=0.531250 sampling_entropy=5.813455
RG_SCORE round=180 layer=features.37 mean_q=0.220955 max_q=0.402093 fraction_q_positive=0.984375 sampling_entropy=5.820128 uniform_entropy=6.238325 entropy_gap=0.418196 max_probability_over_uniform=4.277058 min_probability_over_uniform=0.250000
RG_REMAP_SCORE round=180 layer=features.37 mode=excess mean_q=0.220955 mean_excess_score=0.033735 fraction_excess_positive=0.552734 sampling_entropy=5.820128
RG_SCORE round=180 layer=features.40 mean_q=0.140376 max_q=0.387790 fraction_q_positive=0.921875 sampling_entropy=5.737863 uniform_entropy=6.238325 entropy_gap=0.500462 max_probability_over_uniform=5.203555 min_probability_over_uniform=0.250000
RG_REMAP_SCORE round=180 layer=features.40 mode=excess mean_q=0.140376 mean_excess_score=0.037460 fraction_excess_positive=0.484375 sampling_entropy=5.737863
ROUND_ACCURACY method=FedPhoenixRG-Excess round=180 accuracy=73.510002
********************************************************************************
Round 180
ROUND_ACCURACY method=FedPhoenixRG-Excess round=181 accuracy=75.690002
********************************************************************************
Round 181
ROUND_ACCURACY method=FedPhoenixRG-Excess round=182 accuracy=65.099998
********************************************************************************
Round 182
ROUND_ACCURACY method=FedPhoenixRG-Excess round=183 accuracy=77.050003
********************************************************************************
Round 183
ROUND_ACCURACY method=FedPhoenixRG-Excess round=184 accuracy=73.870003
********************************************************************************
Round 184
ROUND_ACCURACY method=FedPhoenixRG-Excess round=185 accuracy=76.019997
********************************************************************************
Round 185
ROUND_ACCURACY method=FedPhoenixRG-Excess round=186 accuracy=72.750000
********************************************************************************
Round 186
ROUND_ACCURACY method=FedPhoenixRG-Excess round=187 accuracy=69.349998
********************************************************************************
Round 187
ROUND_ACCURACY method=FedPhoenixRG-Excess round=188 accuracy=76.550003
********************************************************************************
Round 188
ROUND_ACCURACY method=FedPhoenixRG-Excess round=189 accuracy=67.709999
********************************************************************************
Round 189
ROUND_ACCURACY method=FedPhoenixRG-Excess round=190 accuracy=69.089996
********************************************************************************
Round 190
ROUND_ACCURACY method=FedPhoenixRG-Excess round=191 accuracy=64.510002
********************************************************************************
Round 191
ROUND_ACCURACY method=FedPhoenixRG-Excess round=192 accuracy=72.949997
********************************************************************************
Round 192
ROUND_ACCURACY method=FedPhoenixRG-Excess round=193 accuracy=75.779999
********************************************************************************
Round 193
ROUND_ACCURACY method=FedPhoenixRG-Excess round=194 accuracy=71.599998
********************************************************************************
Round 194
ROUND_ACCURACY method=FedPhoenixRG-Excess round=195 accuracy=72.589996
********************************************************************************
Round 195
ROUND_ACCURACY method=FedPhoenixRG-Excess round=196 accuracy=76.190002
********************************************************************************
Round 196
ROUND_ACCURACY method=FedPhoenixRG-Excess round=197 accuracy=67.309998
********************************************************************************
Round 197
ROUND_ACCURACY method=FedPhoenixRG-Excess round=198 accuracy=69.620003
********************************************************************************
Round 198
ROUND_ACCURACY method=FedPhoenixRG-Excess round=199 accuracy=62.730000
********************************************************************************
Round 199
RG_SCORE round=200 layer=features.0 mean_q=0.167916 max_q=0.360455 fraction_q_positive=1.000000 sampling_entropy=3.581095 uniform_entropy=4.158883 entropy_gap=0.577788 max_probability_over_uniform=5.674144 min_probability_over_uniform=0.250000
RG_REMAP_SCORE round=200 layer=features.0 mode=excess mean_q=0.167916 mean_excess_score=0.026622 fraction_excess_positive=0.468750 sampling_entropy=3.581095
RG_SCORE round=200 layer=features.3 mean_q=0.191520 max_q=0.237056 fraction_q_positive=1.000000 sampling_entropy=3.670396 uniform_entropy=4.158883 entropy_gap=0.488487 max_probability_over_uniform=4.285745 min_probability_over_uniform=0.250000
RG_REMAP_SCORE round=200 layer=features.3 mode=excess mean_q=0.191520 mean_excess_score=0.008462 fraction_excess_positive=0.500000 sampling_entropy=3.670396
RG_SCORE round=200 layer=features.7 mean_q=0.194523 max_q=0.242540 fraction_q_positive=1.000000 sampling_entropy=4.300450 uniform_entropy=4.852030 entropy_gap=0.551580 max_probability_over_uniform=5.178934 min_probability_over_uniform=0.250000
RG_REMAP_SCORE round=200 layer=features.7 mode=excess mean_q=0.194523 mean_excess_score=0.007306 fraction_excess_positive=0.500000 sampling_entropy=4.300450
RG_SCORE round=200 layer=features.10 mean_q=0.177576 max_q=0.208356 fraction_q_positive=1.000000 sampling_entropy=4.412690 uniform_entropy=4.852030 entropy_gap=0.439341 max_probability_over_uniform=3.949892 min_probability_over_uniform=0.250000
RG_REMAP_SCORE round=200 layer=features.10 mode=excess mean_q=0.177576 mean_excess_score=0.006239 fraction_excess_positive=0.484375 sampling_entropy=4.412690
RG_SCORE round=200 layer=features.14 mean_q=0.187547 max_q=0.238129 fraction_q_positive=1.000000 sampling_entropy=5.038964 uniform_entropy=5.545177 entropy_gap=0.506213 max_probability_over_uniform=6.560557 min_probability_over_uniform=0.250000
RG_REMAP_SCORE round=200 layer=features.14 mode=excess mean_q=0.187547 mean_excess_score=0.006012 fraction_excess_positive=0.519531 sampling_entropy=5.038964
RG_SCORE round=200 layer=features.17 mean_q=0.181636 max_q=0.212390 fraction_q_positive=1.000000 sampling_entropy=5.097039 uniform_entropy=5.545177 entropy_gap=0.448139 max_probability_over_uniform=4.669695 min_probability_over_uniform=0.250000
RG_REMAP_SCORE round=200 layer=features.17 mode=excess mean_q=0.181636 mean_excess_score=0.005219 fraction_excess_positive=0.531250 sampling_entropy=5.097039
RG_SCORE round=200 layer=features.20 mean_q=0.180843 max_q=0.211482 fraction_q_positive=1.000000 sampling_entropy=5.104787 uniform_entropy=5.545177 entropy_gap=0.440391 max_probability_over_uniform=5.004708 min_probability_over_uniform=0.250000
RG_REMAP_SCORE round=200 layer=features.20 mode=excess mean_q=0.180843 mean_excess_score=0.004833 fraction_excess_positive=0.511719 sampling_entropy=5.104787
RG_SCORE round=200 layer=features.24 mean_q=0.193540 max_q=0.233532 fraction_q_positive=1.000000 sampling_entropy=5.774326 uniform_entropy=6.238325 entropy_gap=0.463999 max_probability_over_uniform=5.028817 min_probability_over_uniform=0.250000
RG_REMAP_SCORE round=200 layer=features.24 mode=excess mean_q=0.193540 mean_excess_score=0.006276 fraction_excess_positive=0.521484 sampling_entropy=5.774326
RG_SCORE round=200 layer=features.27 mean_q=0.177042 max_q=0.212571 fraction_q_positive=1.000000 sampling_entropy=5.776384 uniform_entropy=6.238325 entropy_gap=0.461940 max_probability_over_uniform=4.987126 min_probability_over_uniform=0.250000
RG_REMAP_SCORE round=200 layer=features.27 mode=excess mean_q=0.177042 mean_excess_score=0.005625 fraction_excess_positive=0.525391 sampling_entropy=5.776384
RG_SCORE round=200 layer=features.30 mean_q=0.165103 max_q=0.206659 fraction_q_positive=1.000000 sampling_entropy=5.747282 uniform_entropy=6.238325 entropy_gap=0.491043 max_probability_over_uniform=5.511105 min_probability_over_uniform=0.250000
RG_REMAP_SCORE round=200 layer=features.30 mode=excess mean_q=0.165103 mean_excess_score=0.005924 fraction_excess_positive=0.494141 sampling_entropy=5.747282
RG_SCORE round=200 layer=features.34 mean_q=0.297048 max_q=0.421577 fraction_q_positive=1.000000 sampling_entropy=5.839491 uniform_entropy=6.238325 entropy_gap=0.398834 max_probability_over_uniform=4.325801 min_probability_over_uniform=0.250000
RG_REMAP_SCORE round=200 layer=features.34 mode=excess mean_q=0.297048 mean_excess_score=0.022915 fraction_excess_positive=0.564453 sampling_entropy=5.839491
RG_SCORE round=200 layer=features.37 mean_q=0.218357 max_q=0.422957 fraction_q_positive=1.000000 sampling_entropy=5.778481 uniform_entropy=6.238325 entropy_gap=0.459844 max_probability_over_uniform=5.096895 min_probability_over_uniform=0.250000
RG_REMAP_SCORE round=200 layer=features.37 mode=excess mean_q=0.218357 mean_excess_score=0.031659 fraction_excess_positive=0.517578 sampling_entropy=5.778481
RG_SCORE round=200 layer=features.40 mean_q=0.113936 max_q=0.420110 fraction_q_positive=0.931641 sampling_entropy=5.700395 uniform_entropy=6.238325 entropy_gap=0.537929 max_probability_over_uniform=7.169822 min_probability_over_uniform=0.250000
RG_REMAP_SCORE round=200 layer=features.40 mode=excess mean_q=0.113936 mean_excess_score=0.033184 fraction_excess_positive=0.474609 sampling_entropy=5.700395
ROUND_ACCURACY method=FedPhoenixRG-Excess round=200 accuracy=58.160000
********************************************************************************
Round 200
ROUND_ACCURACY method=FedPhoenixRG-Excess round=201 accuracy=69.599998
********************************************************************************
Round 201
ROUND_ACCURACY method=FedPhoenixRG-Excess round=202 accuracy=72.519997
********************************************************************************
Round 202
ROUND_ACCURACY method=FedPhoenixRG-Excess round=203 accuracy=61.369999
********************************************************************************
Round 203
ROUND_ACCURACY method=FedPhoenixRG-Excess round=204 accuracy=74.400002
********************************************************************************
Round 204
ROUND_ACCURACY method=FedPhoenixRG-Excess round=205 accuracy=72.300003
********************************************************************************
Round 205
ROUND_ACCURACY method=FedPhoenixRG-Excess round=206 accuracy=75.919998
********************************************************************************
Round 206
ROUND_ACCURACY method=FedPhoenixRG-Excess round=207 accuracy=74.489998
********************************************************************************
Round 207
ROUND_ACCURACY method=FedPhoenixRG-Excess round=208 accuracy=73.139999
********************************************************************************
Round 208
ROUND_ACCURACY method=FedPhoenixRG-Excess round=209 accuracy=72.570000
********************************************************************************
Round 209
ROUND_ACCURACY method=FedPhoenixRG-Excess round=210 accuracy=73.870003
********************************************************************************
Round 210
ROUND_ACCURACY method=FedPhoenixRG-Excess round=211 accuracy=68.379997
********************************************************************************
Round 211
ROUND_ACCURACY method=FedPhoenixRG-Excess round=212 accuracy=76.870003
********************************************************************************
Round 212
ROUND_ACCURACY method=FedPhoenixRG-Excess round=213 accuracy=71.470001
********************************************************************************
Round 213
ROUND_ACCURACY method=FedPhoenixRG-Excess round=214 accuracy=75.760002
********************************************************************************
Round 214
ROUND_ACCURACY method=FedPhoenixRG-Excess round=215 accuracy=73.769997
********************************************************************************
Round 215
ROUND_ACCURACY method=FedPhoenixRG-Excess round=216 accuracy=73.730003
********************************************************************************
Round 216
ROUND_ACCURACY method=FedPhoenixRG-Excess round=217 accuracy=63.910000
********************************************************************************
Round 217
ROUND_ACCURACY method=FedPhoenixRG-Excess round=218 accuracy=78.209999
********************************************************************************
Round 218
ROUND_ACCURACY method=FedPhoenixRG-Excess round=219 accuracy=69.580002
********************************************************************************
Round 219
RG_SCORE round=220 layer=features.0 mean_q=0.154877 max_q=0.354996 fraction_q_positive=0.953125 sampling_entropy=3.616095 uniform_entropy=4.158883 entropy_gap=0.542788 max_probability_over_uniform=4.689738 min_probability_over_uniform=0.250000
RG_REMAP_SCORE round=220 layer=features.0 mode=excess mean_q=0.154877 mean_excess_score=0.033806 fraction_excess_positive=0.453125 sampling_entropy=3.616095
RG_SCORE round=220 layer=features.3 mean_q=0.185559 max_q=0.230747 fraction_q_positive=1.000000 sampling_entropy=3.772854 uniform_entropy=4.158883 entropy_gap=0.386029 max_probability_over_uniform=4.021818 min_probability_over_uniform=0.250000
RG_REMAP_SCORE round=220 layer=features.3 mode=excess mean_q=0.185559 mean_excess_score=0.008985 fraction_excess_positive=0.578125 sampling_entropy=3.772854
RG_SCORE round=220 layer=features.7 mean_q=0.190384 max_q=0.236005 fraction_q_positive=1.000000 sampling_entropy=4.384583 uniform_entropy=4.852030 entropy_gap=0.467447 max_probability_over_uniform=4.508355 min_probability_over_uniform=0.250000
RG_REMAP_SCORE round=220 layer=features.7 mode=excess mean_q=0.190384 mean_excess_score=0.008035 fraction_excess_positive=0.500000 sampling_entropy=4.384583
RG_SCORE round=220 layer=features.10 mean_q=0.172419 max_q=0.204647 fraction_q_positive=1.000000 sampling_entropy=4.376316 uniform_entropy=4.852030 entropy_gap=0.475715 max_probability_over_uniform=4.462743 min_probability_over_uniform=0.250000
RG_REMAP_SCORE round=220 layer=features.10 mode=excess mean_q=0.172419 mean_excess_score=0.005738 fraction_excess_positive=0.515625 sampling_entropy=4.376316
RG_SCORE round=220 layer=features.14 mean_q=0.185445 max_q=0.227764 fraction_q_positive=1.000000 sampling_entropy=5.026488 uniform_entropy=5.545177 entropy_gap=0.518689 max_probability_over_uniform=5.836777 min_probability_over_uniform=0.250000
RG_REMAP_SCORE round=220 layer=features.14 mode=excess mean_q=0.185445 mean_excess_score=0.005681 fraction_excess_positive=0.468750 sampling_entropy=5.026488
RG_SCORE round=220 layer=features.17 mean_q=0.175525 max_q=0.223289 fraction_q_positive=1.000000 sampling_entropy=5.013849 uniform_entropy=5.545177 entropy_gap=0.531328 max_probability_over_uniform=7.983519 min_probability_over_uniform=0.250000
RG_REMAP_SCORE round=220 layer=features.17 mode=excess mean_q=0.175525 mean_excess_score=0.004632 fraction_excess_positive=0.488281 sampling_entropy=5.013849
RG_SCORE round=220 layer=features.20 mean_q=0.176256 max_q=0.211621 fraction_q_positive=1.000000 sampling_entropy=5.030603 uniform_entropy=5.545177 entropy_gap=0.514575 max_probability_over_uniform=6.042274 min_probability_over_uniform=0.250000
RG_REMAP_SCORE round=220 layer=features.20 mode=excess mean_q=0.176256 mean_excess_score=0.004579 fraction_excess_positive=0.476562 sampling_entropy=5.030603
RG_SCORE round=220 layer=features.24 mean_q=0.189410 max_q=0.235717 fraction_q_positive=1.000000 sampling_entropy=5.772524 uniform_entropy=6.238325 entropy_gap=0.465801 max_probability_over_uniform=5.611801 min_probability_over_uniform=0.250000
RG_REMAP_SCORE round=220 layer=features.24 mode=excess mean_q=0.189410 mean_excess_score=0.006477 fraction_excess_positive=0.525391 sampling_entropy=5.772524
RG_SCORE round=220 layer=features.27 mean_q=0.173504 max_q=0.217783 fraction_q_positive=1.000000 sampling_entropy=5.790898 uniform_entropy=6.238325 entropy_gap=0.447427 max_probability_over_uniform=5.917596 min_probability_over_uniform=0.250000
RG_REMAP_SCORE round=220 layer=features.27 mode=excess mean_q=0.173504 mean_excess_score=0.005860 fraction_excess_positive=0.515625 sampling_entropy=5.790898
RG_SCORE round=220 layer=features.30 mean_q=0.158137 max_q=0.204194 fraction_q_positive=1.000000 sampling_entropy=5.792687 uniform_entropy=6.238325 entropy_gap=0.445638 max_probability_over_uniform=5.467608 min_probability_over_uniform=0.250000
RG_REMAP_SCORE round=220 layer=features.30 mode=excess mean_q=0.158137 mean_excess_score=0.006620 fraction_excess_positive=0.529297 sampling_entropy=5.792687
RG_SCORE round=220 layer=features.34 mean_q=0.282143 max_q=0.414911 fraction_q_positive=0.992188 sampling_entropy=5.858104 uniform_entropy=6.238325 entropy_gap=0.380221 max_probability_over_uniform=4.100859 min_probability_over_uniform=0.250000
RG_REMAP_SCORE round=220 layer=features.34 mode=excess mean_q=0.282143 mean_excess_score=0.025858 fraction_excess_positive=0.580078 sampling_entropy=5.858104
RG_SCORE round=220 layer=features.37 mean_q=0.257211 max_q=0.483425 fraction_q_positive=0.984375 sampling_entropy=5.856169 uniform_entropy=6.238325 entropy_gap=0.382155 max_probability_over_uniform=4.746039 min_probability_over_uniform=0.250000
RG_REMAP_SCORE round=220 layer=features.37 mode=excess mean_q=0.257211 mean_excess_score=0.037736 fraction_excess_positive=0.583984 sampling_entropy=5.856169
RG_SCORE round=220 layer=features.40 mean_q=0.176086 max_q=0.484079 fraction_q_positive=0.937500 sampling_entropy=5.748944 uniform_entropy=6.238325 entropy_gap=0.489381 max_probability_over_uniform=5.565588 min_probability_over_uniform=0.250000
RG_REMAP_SCORE round=220 layer=features.40 mode=excess mean_q=0.176086 mean_excess_score=0.043456 fraction_excess_positive=0.500000 sampling_entropy=5.748944
ROUND_ACCURACY method=FedPhoenixRG-Excess round=220 accuracy=69.370003
********************************************************************************
Round 220
ROUND_ACCURACY method=FedPhoenixRG-Excess round=221 accuracy=74.709999
********************************************************************************
Round 221
ROUND_ACCURACY method=FedPhoenixRG-Excess round=222 accuracy=68.889999
********************************************************************************
Round 222
ROUND_ACCURACY method=FedPhoenixRG-Excess round=223 accuracy=76.129997
********************************************************************************
Round 223
ROUND_ACCURACY method=FedPhoenixRG-Excess round=224 accuracy=76.980003
********************************************************************************
Round 224
ROUND_ACCURACY method=FedPhoenixRG-Excess round=225 accuracy=74.769997
********************************************************************************
Round 225
ROUND_ACCURACY method=FedPhoenixRG-Excess round=226 accuracy=67.050003
********************************************************************************
Round 226
ROUND_ACCURACY method=FedPhoenixRG-Excess round=227 accuracy=74.239998
********************************************************************************
Round 227
ROUND_ACCURACY method=FedPhoenixRG-Excess round=228 accuracy=68.800003
********************************************************************************
Round 228
ROUND_ACCURACY method=FedPhoenixRG-Excess round=229 accuracy=72.269997
********************************************************************************
Round 229
ROUND_ACCURACY method=FedPhoenixRG-Excess round=230 accuracy=77.519997
********************************************************************************
Round 230
ROUND_ACCURACY method=FedPhoenixRG-Excess round=231 accuracy=72.629997
********************************************************************************
Round 231
ROUND_ACCURACY method=FedPhoenixRG-Excess round=232 accuracy=76.839996
********************************************************************************
Round 232
ROUND_ACCURACY method=FedPhoenixRG-Excess round=233 accuracy=71.809998
********************************************************************************
Round 233
ROUND_ACCURACY method=FedPhoenixRG-Excess round=234 accuracy=54.240002
********************************************************************************
Round 234
ROUND_ACCURACY method=FedPhoenixRG-Excess round=235 accuracy=60.959999
********************************************************************************
Round 235
ROUND_ACCURACY method=FedPhoenixRG-Excess round=236 accuracy=77.430000
********************************************************************************
Round 236
ROUND_ACCURACY method=FedPhoenixRG-Excess round=237 accuracy=69.169998
********************************************************************************
Round 237
ROUND_ACCURACY method=FedPhoenixRG-Excess round=238 accuracy=70.660004
********************************************************************************
Round 238
ROUND_ACCURACY method=FedPhoenixRG-Excess round=239 accuracy=75.820000
********************************************************************************
Round 239
RG_SCORE round=240 layer=features.0 mean_q=0.117508 max_q=0.319690 fraction_q_positive=0.859375 sampling_entropy=3.664997 uniform_entropy=4.158883 entropy_gap=0.493887 max_probability_over_uniform=4.205940 min_probability_over_uniform=0.250000
RG_REMAP_SCORE round=240 layer=features.0 mode=excess mean_q=0.117508 mean_excess_score=0.038331 fraction_excess_positive=0.468750 sampling_entropy=3.664997
RG_SCORE round=240 layer=features.3 mean_q=0.155893 max_q=0.211703 fraction_q_positive=1.000000 sampling_entropy=3.693405 uniform_entropy=4.158883 entropy_gap=0.465478 max_probability_over_uniform=4.491889 min_probability_over_uniform=0.250000
RG_REMAP_SCORE round=240 layer=features.3 mode=excess mean_q=0.155893 mean_excess_score=0.009868 fraction_excess_positive=0.515625 sampling_entropy=3.693405
RG_SCORE round=240 layer=features.7 mean_q=0.166398 max_q=0.231718 fraction_q_positive=1.000000 sampling_entropy=4.404755 uniform_entropy=4.852030 entropy_gap=0.447275 max_probability_over_uniform=5.536250 min_probability_over_uniform=0.250000
RG_REMAP_SCORE round=240 layer=features.7 mode=excess mean_q=0.166398 mean_excess_score=0.009267 fraction_excess_positive=0.554688 sampling_entropy=4.404755
RG_SCORE round=240 layer=features.10 mean_q=0.159167 max_q=0.189326 fraction_q_positive=1.000000 sampling_entropy=4.416434 uniform_entropy=4.852030 entropy_gap=0.435597 max_probability_over_uniform=4.640978 min_probability_over_uniform=0.250000
RG_REMAP_SCORE round=240 layer=features.10 mode=excess mean_q=0.159167 mean_excess_score=0.005151 fraction_excess_positive=0.539062 sampling_entropy=4.416434
RG_SCORE round=240 layer=features.14 mean_q=0.166994 max_q=0.209562 fraction_q_positive=1.000000 sampling_entropy=5.068611 uniform_entropy=5.545177 entropy_gap=0.476566 max_probability_over_uniform=5.529295 min_probability_over_uniform=0.250000
RG_REMAP_SCORE round=240 layer=features.14 mode=excess mean_q=0.166994 mean_excess_score=0.006047 fraction_excess_positive=0.503906 sampling_entropy=5.068611
RG_SCORE round=240 layer=features.17 mean_q=0.162831 max_q=0.194746 fraction_q_positive=1.000000 sampling_entropy=5.074625 uniform_entropy=5.545177 entropy_gap=0.470552 max_probability_over_uniform=4.996241 min_probability_over_uniform=0.250000
RG_REMAP_SCORE round=240 layer=features.17 mode=excess mean_q=0.162831 mean_excess_score=0.005043 fraction_excess_positive=0.511719 sampling_entropy=5.074625
RG_SCORE round=240 layer=features.20 mean_q=0.163812 max_q=0.204959 fraction_q_positive=1.000000 sampling_entropy=5.020402 uniform_entropy=5.545177 entropy_gap=0.524776 max_probability_over_uniform=7.116435 min_probability_over_uniform=0.250000
RG_REMAP_SCORE round=240 layer=features.20 mode=excess mean_q=0.163812 mean_excess_score=0.004494 fraction_excess_positive=0.496094 sampling_entropy=5.020402
RG_SCORE round=240 layer=features.24 mean_q=0.181944 max_q=0.237198 fraction_q_positive=1.000000 sampling_entropy=5.745865 uniform_entropy=6.238325 entropy_gap=0.492459 max_probability_over_uniform=6.767699 min_probability_over_uniform=0.250000
RG_REMAP_SCORE round=240 layer=features.24 mode=excess mean_q=0.181944 mean_excess_score=0.006358 fraction_excess_positive=0.492188 sampling_entropy=5.745865
RG_SCORE round=240 layer=features.27 mean_q=0.170503 max_q=0.204622 fraction_q_positive=1.000000 sampling_entropy=5.785590 uniform_entropy=6.238325 entropy_gap=0.452734 max_probability_over_uniform=4.579169 min_probability_over_uniform=0.250000
RG_REMAP_SCORE round=240 layer=features.27 mode=excess mean_q=0.170503 mean_excess_score=0.005911 fraction_excess_positive=0.531250 sampling_entropy=5.785590
RG_SCORE round=240 layer=features.30 mean_q=0.158077 max_q=0.214098 fraction_q_positive=1.000000 sampling_entropy=5.742930 uniform_entropy=6.238325 entropy_gap=0.495394 max_probability_over_uniform=7.174678 min_probability_over_uniform=0.250000
RG_REMAP_SCORE round=240 layer=features.30 mode=excess mean_q=0.158077 mean_excess_score=0.006068 fraction_excess_positive=0.519531 sampling_entropy=5.742930
RG_SCORE round=240 layer=features.34 mean_q=0.287826 max_q=0.423520 fraction_q_positive=0.998047 sampling_entropy=5.846171 uniform_entropy=6.238325 entropy_gap=0.392153 max_probability_over_uniform=4.224389 min_probability_over_uniform=0.250000
RG_REMAP_SCORE round=240 layer=features.34 mode=excess mean_q=0.287826 mean_excess_score=0.025607 fraction_excess_positive=0.582031 sampling_entropy=5.846171
RG_SCORE round=240 layer=features.37 mean_q=0.225958 max_q=0.521971 fraction_q_positive=0.972656 sampling_entropy=5.813763 uniform_entropy=6.238325 entropy_gap=0.424561 max_probability_over_uniform=5.361906 min_probability_over_uniform=0.250000
RG_REMAP_SCORE round=240 layer=features.37 mode=excess mean_q=0.225958 mean_excess_score=0.043430 fraction_excess_positive=0.519531 sampling_entropy=5.813763
RG_SCORE round=240 layer=features.40 mean_q=0.134652 max_q=0.502318 fraction_q_positive=0.849609 sampling_entropy=5.741888 uniform_entropy=6.238325 entropy_gap=0.496437 max_probability_over_uniform=6.537083 min_probability_over_uniform=0.250000
RG_REMAP_SCORE round=240 layer=features.40 mode=excess mean_q=0.134652 mean_excess_score=0.043860 fraction_excess_positive=0.490234 sampling_entropy=5.741888
ROUND_ACCURACY method=FedPhoenixRG-Excess round=240 accuracy=65.430000
********************************************************************************
Round 240
ROUND_ACCURACY method=FedPhoenixRG-Excess round=241 accuracy=74.639999
********************************************************************************
Round 241
ROUND_ACCURACY method=FedPhoenixRG-Excess round=242 accuracy=75.279999
********************************************************************************
Round 242
ROUND_ACCURACY method=FedPhoenixRG-Excess round=243 accuracy=74.330002
********************************************************************************
Round 243
ROUND_ACCURACY method=FedPhoenixRG-Excess round=244 accuracy=73.510002
********************************************************************************
Round 244
ROUND_ACCURACY method=FedPhoenixRG-Excess round=245 accuracy=75.720001
********************************************************************************
Round 245
ROUND_ACCURACY method=FedPhoenixRG-Excess round=246 accuracy=75.470001
********************************************************************************
Round 246
ROUND_ACCURACY method=FedPhoenixRG-Excess round=247 accuracy=55.150002
********************************************************************************
Round 247
ROUND_ACCURACY method=FedPhoenixRG-Excess round=248 accuracy=72.279999
********************************************************************************
Round 248
ROUND_ACCURACY method=FedPhoenixRG-Excess round=249 accuracy=68.889999
********************************************************************************
Round 249
ROUND_ACCURACY method=FedPhoenixRG-Excess round=250 accuracy=72.820000
********************************************************************************
Round 250
ROUND_ACCURACY method=FedPhoenixRG-Excess round=251 accuracy=77.000000
********************************************************************************
Round 251
ROUND_ACCURACY method=FedPhoenixRG-Excess round=252 accuracy=71.610001
********************************************************************************
Round 252
ROUND_ACCURACY method=FedPhoenixRG-Excess round=253 accuracy=72.330002
********************************************************************************
Round 253
ROUND_ACCURACY method=FedPhoenixRG-Excess round=254 accuracy=69.120003
********************************************************************************
Round 254
ROUND_ACCURACY method=FedPhoenixRG-Excess round=255 accuracy=77.800003
********************************************************************************
Round 255
ROUND_ACCURACY method=FedPhoenixRG-Excess round=256 accuracy=69.830002
********************************************************************************
Round 256
ROUND_ACCURACY method=FedPhoenixRG-Excess round=257 accuracy=76.459999
********************************************************************************
Round 257
ROUND_ACCURACY method=FedPhoenixRG-Excess round=258 accuracy=73.349998
********************************************************************************
Round 258
ROUND_ACCURACY method=FedPhoenixRG-Excess round=259 accuracy=74.610001
********************************************************************************
Round 259
RG_SCORE round=260 layer=features.0 mean_q=0.148943 max_q=0.385240 fraction_q_positive=0.906250 sampling_entropy=3.689447 uniform_entropy=4.158883 entropy_gap=0.469436 max_probability_over_uniform=5.614775 min_probability_over_uniform=0.250000
RG_REMAP_SCORE round=260 layer=features.0 mode=excess mean_q=0.148943 mean_excess_score=0.033035 fraction_excess_positive=0.531250 sampling_entropy=3.689447
RG_SCORE round=260 layer=features.3 mean_q=0.176801 max_q=0.219780 fraction_q_positive=1.000000 sampling_entropy=3.671255 uniform_entropy=4.158883 entropy_gap=0.487628 max_probability_over_uniform=4.907833 min_probability_over_uniform=0.250000
RG_REMAP_SCORE round=260 layer=features.3 mode=excess mean_q=0.176801 mean_excess_score=0.006920 fraction_excess_positive=0.546875 sampling_entropy=3.671255
RG_SCORE round=260 layer=features.7 mean_q=0.184949 max_q=0.246517 fraction_q_positive=1.000000 sampling_entropy=4.331706 uniform_entropy=4.852030 entropy_gap=0.520325 max_probability_over_uniform=6.460138 min_probability_over_uniform=0.250000
RG_REMAP_SCORE round=260 layer=features.7 mode=excess mean_q=0.184949 mean_excess_score=0.007436 fraction_excess_positive=0.515625 sampling_entropy=4.331706
RG_SCORE round=260 layer=features.10 mean_q=0.177418 max_q=0.207370 fraction_q_positive=1.000000 sampling_entropy=4.382273 uniform_entropy=4.852030 entropy_gap=0.469757 max_probability_over_uniform=4.612771 min_probability_over_uniform=0.250000
RG_REMAP_SCORE round=260 layer=features.10 mode=excess mean_q=0.177418 mean_excess_score=0.005149 fraction_excess_positive=0.523438 sampling_entropy=4.382273
RG_SCORE round=260 layer=features.14 mean_q=0.178318 max_q=0.208706 fraction_q_positive=1.000000 sampling_entropy=5.069360 uniform_entropy=5.545177 entropy_gap=0.475817 max_probability_over_uniform=4.621987 min_probability_over_uniform=0.250000
RG_REMAP_SCORE round=260 layer=features.14 mode=excess mean_q=0.178318 mean_excess_score=0.005213 fraction_excess_positive=0.527344 sampling_entropy=5.069360
RG_SCORE round=260 layer=features.17 mean_q=0.172996 max_q=0.202793 fraction_q_positive=1.000000 sampling_entropy=5.120575 uniform_entropy=5.545177 entropy_gap=0.424603 max_probability_over_uniform=5.155073 min_probability_over_uniform=0.250000
RG_REMAP_SCORE round=260 layer=features.17 mode=excess mean_q=0.172996 mean_excess_score=0.004556 fraction_excess_positive=0.554688 sampling_entropy=5.120575
RG_SCORE round=260 layer=features.20 mean_q=0.172977 max_q=0.204387 fraction_q_positive=1.000000 sampling_entropy=5.098480 uniform_entropy=5.545177 entropy_gap=0.446697 max_probability_over_uniform=4.917502 min_probability_over_uniform=0.250000
RG_REMAP_SCORE round=260 layer=features.20 mode=excess mean_q=0.172977 mean_excess_score=0.005047 fraction_excess_positive=0.507812 sampling_entropy=5.098480
RG_SCORE round=260 layer=features.24 mean_q=0.190865 max_q=0.230836 fraction_q_positive=1.000000 sampling_entropy=5.756848 uniform_entropy=6.238325 entropy_gap=0.481477 max_probability_over_uniform=5.485737 min_probability_over_uniform=0.250000
RG_REMAP_SCORE round=260 layer=features.24 mode=excess mean_q=0.190865 mean_excess_score=0.005726 fraction_excess_positive=0.521484 sampling_entropy=5.756848
RG_SCORE round=260 layer=features.27 mean_q=0.185522 max_q=0.229034 fraction_q_positive=1.000000 sampling_entropy=5.728800 uniform_entropy=6.238325 entropy_gap=0.509525 max_probability_over_uniform=6.491913 min_probability_over_uniform=0.250000
RG_REMAP_SCORE round=260 layer=features.27 mode=excess mean_q=0.185522 mean_excess_score=0.005228 fraction_excess_positive=0.490234 sampling_entropy=5.728800
RG_SCORE round=260 layer=features.30 mean_q=0.173250 max_q=0.220544 fraction_q_positive=1.000000 sampling_entropy=5.774837 uniform_entropy=6.238325 entropy_gap=0.463488 max_probability_over_uniform=6.333984 min_probability_over_uniform=0.250000
RG_REMAP_SCORE round=260 layer=features.30 mode=excess mean_q=0.173250 mean_excess_score=0.005830 fraction_excess_positive=0.507812 sampling_entropy=5.774837
RG_SCORE round=260 layer=features.34 mean_q=0.352725 max_q=0.446040 fraction_q_positive=1.000000 sampling_entropy=5.766969 uniform_entropy=6.238325 entropy_gap=0.471355 max_probability_over_uniform=5.008475 min_probability_over_uniform=0.250000
RG_REMAP_SCORE round=260 layer=features.34 mode=excess mean_q=0.352725 mean_excess_score=0.014708 fraction_excess_positive=0.517578 sampling_entropy=5.766969
RG_SCORE round=260 layer=features.37 mean_q=0.409012 max_q=0.540797 fraction_q_positive=1.000000 sampling_entropy=5.763655 uniform_entropy=6.238325 entropy_gap=0.474670 max_probability_over_uniform=4.956612 min_probability_over_uniform=0.250000
RG_REMAP_SCORE round=260 layer=features.37 mode=excess mean_q=0.409012 mean_excess_score=0.021000 fraction_excess_positive=0.507812 sampling_entropy=5.763655
RG_SCORE round=260 layer=features.40 mean_q=0.332180 max_q=0.567573 fraction_q_positive=0.992188 sampling_entropy=5.854351 uniform_entropy=6.238325 entropy_gap=0.383974 max_probability_over_uniform=4.140894 min_probability_over_uniform=0.250000
RG_REMAP_SCORE round=260 layer=features.40 mode=excess mean_q=0.332180 mean_excess_score=0.045374 fraction_excess_positive=0.578125 sampling_entropy=5.854351
ROUND_ACCURACY method=FedPhoenixRG-Excess round=260 accuracy=76.250000
********************************************************************************
Round 260
ROUND_ACCURACY method=FedPhoenixRG-Excess round=261 accuracy=76.330002
********************************************************************************
Round 261
ROUND_ACCURACY method=FedPhoenixRG-Excess round=262 accuracy=73.480003
********************************************************************************
Round 262
ROUND_ACCURACY method=FedPhoenixRG-Excess round=263 accuracy=64.980003
********************************************************************************
Round 263
ROUND_ACCURACY method=FedPhoenixRG-Excess round=264 accuracy=70.269997
********************************************************************************
Round 264
ROUND_ACCURACY method=FedPhoenixRG-Excess round=265 accuracy=76.300003
********************************************************************************
Round 265
ROUND_ACCURACY method=FedPhoenixRG-Excess round=266 accuracy=75.379997
********************************************************************************
Round 266
ROUND_ACCURACY method=FedPhoenixRG-Excess round=267 accuracy=75.339996
********************************************************************************
Round 267
ROUND_ACCURACY method=FedPhoenixRG-Excess round=268 accuracy=51.150002
********************************************************************************
Round 268
ROUND_ACCURACY method=FedPhoenixRG-Excess round=269 accuracy=71.580002
********************************************************************************
Round 269
ROUND_ACCURACY method=FedPhoenixRG-Excess round=270 accuracy=67.099998
********************************************************************************
Round 270
ROUND_ACCURACY method=FedPhoenixRG-Excess round=271 accuracy=72.889999
********************************************************************************
Round 271
ROUND_ACCURACY method=FedPhoenixRG-Excess round=272 accuracy=66.400002
********************************************************************************
Round 272
ROUND_ACCURACY method=FedPhoenixRG-Excess round=273 accuracy=68.309998
********************************************************************************
Round 273
ROUND_ACCURACY method=FedPhoenixRG-Excess round=274 accuracy=59.529999
********************************************************************************
Round 274
ROUND_ACCURACY method=FedPhoenixRG-Excess round=275 accuracy=76.900002
********************************************************************************
Round 275
ROUND_ACCURACY method=FedPhoenixRG-Excess round=276 accuracy=69.440002
********************************************************************************
Round 276
ROUND_ACCURACY method=FedPhoenixRG-Excess round=277 accuracy=76.440002
********************************************************************************
Round 277
ROUND_ACCURACY method=FedPhoenixRG-Excess round=278 accuracy=73.290001
********************************************************************************
Round 278
ROUND_ACCURACY method=FedPhoenixRG-Excess round=279 accuracy=78.250000
********************************************************************************
Round 279
RG_SCORE round=280 layer=features.0 mean_q=0.175940 max_q=0.342324 fraction_q_positive=0.984375 sampling_entropy=3.682246 uniform_entropy=4.158883 entropy_gap=0.476637 max_probability_over_uniform=4.319522 min_probability_over_uniform=0.250000
RG_REMAP_SCORE round=280 layer=features.0 mode=excess mean_q=0.175940 mean_excess_score=0.030664 fraction_excess_positive=0.484375 sampling_entropy=3.682246
RG_SCORE round=280 layer=features.3 mean_q=0.189839 max_q=0.232234 fraction_q_positive=1.000000 sampling_entropy=3.697315 uniform_entropy=4.158883 entropy_gap=0.461568 max_probability_over_uniform=3.714955 min_probability_over_uniform=0.250000
RG_REMAP_SCORE round=280 layer=features.3 mode=excess mean_q=0.189839 mean_excess_score=0.009177 fraction_excess_positive=0.515625 sampling_entropy=3.697315
RG_SCORE round=280 layer=features.7 mean_q=0.191327 max_q=0.257799 fraction_q_positive=1.000000 sampling_entropy=4.274331 uniform_entropy=4.852030 entropy_gap=0.577699 max_probability_over_uniform=7.517220 min_probability_over_uniform=0.250000
RG_REMAP_SCORE round=280 layer=features.7 mode=excess mean_q=0.191327 mean_excess_score=0.006860 fraction_excess_positive=0.500000 sampling_entropy=4.274331
RG_SCORE round=280 layer=features.10 mean_q=0.180758 max_q=0.214004 fraction_q_positive=1.000000 sampling_entropy=4.381408 uniform_entropy=4.852030 entropy_gap=0.470622 max_probability_over_uniform=4.551921 min_probability_over_uniform=0.250000
RG_REMAP_SCORE round=280 layer=features.10 mode=excess mean_q=0.180758 mean_excess_score=0.005796 fraction_excess_positive=0.492188 sampling_entropy=4.381408
RG_SCORE round=280 layer=features.14 mean_q=0.177565 max_q=0.212641 fraction_q_positive=1.000000 sampling_entropy=5.076262 uniform_entropy=5.545177 entropy_gap=0.468915 max_probability_over_uniform=4.768717 min_probability_over_uniform=0.250000
RG_REMAP_SCORE round=280 layer=features.14 mode=excess mean_q=0.177565 mean_excess_score=0.005822 fraction_excess_positive=0.515625 sampling_entropy=5.076262
RG_SCORE round=280 layer=features.17 mean_q=0.169259 max_q=0.202508 fraction_q_positive=1.000000 sampling_entropy=5.085565 uniform_entropy=5.545177 entropy_gap=0.459612 max_probability_over_uniform=5.217977 min_probability_over_uniform=0.250000
RG_REMAP_SCORE round=280 layer=features.17 mode=excess mean_q=0.169259 mean_excess_score=0.005019 fraction_excess_positive=0.527344 sampling_entropy=5.085565
RG_SCORE round=280 layer=features.20 mean_q=0.166618 max_q=0.197230 fraction_q_positive=1.000000 sampling_entropy=5.074089 uniform_entropy=5.545177 entropy_gap=0.471088 max_probability_over_uniform=4.807232 min_probability_over_uniform=0.250000
RG_REMAP_SCORE round=280 layer=features.20 mode=excess mean_q=0.166618 mean_excess_score=0.005038 fraction_excess_positive=0.472656 sampling_entropy=5.074089
RG_SCORE round=280 layer=features.24 mean_q=0.182299 max_q=0.229715 fraction_q_positive=1.000000 sampling_entropy=5.784642 uniform_entropy=6.238325 entropy_gap=0.453682 max_probability_over_uniform=5.902201 min_probability_over_uniform=0.250000
RG_REMAP_SCORE round=280 layer=features.24 mode=excess mean_q=0.182299 mean_excess_score=0.006292 fraction_excess_positive=0.523438 sampling_entropy=5.784642
RG_SCORE round=280 layer=features.27 mean_q=0.171132 max_q=0.211872 fraction_q_positive=1.000000 sampling_entropy=5.781358 uniform_entropy=6.238325 entropy_gap=0.456967 max_probability_over_uniform=5.482254 min_probability_over_uniform=0.250000
RG_REMAP_SCORE round=280 layer=features.27 mode=excess mean_q=0.171132 mean_excess_score=0.005840 fraction_excess_positive=0.523438 sampling_entropy=5.781358
RG_SCORE round=280 layer=features.30 mean_q=0.153621 max_q=0.190381 fraction_q_positive=1.000000 sampling_entropy=5.786323 uniform_entropy=6.238325 entropy_gap=0.452001 max_probability_over_uniform=4.787355 min_probability_over_uniform=0.250000
RG_REMAP_SCORE round=280 layer=features.30 mode=excess mean_q=0.153621 mean_excess_score=0.006076 fraction_excess_positive=0.517578 sampling_entropy=5.786323
RG_SCORE round=280 layer=features.34 mean_q=0.276374 max_q=0.400939 fraction_q_positive=1.000000 sampling_entropy=5.841385 uniform_entropy=6.238325 entropy_gap=0.396939 max_probability_over_uniform=4.976942 min_probability_over_uniform=0.250000
RG_REMAP_SCORE round=280 layer=features.34 mode=excess mean_q=0.276374 mean_excess_score=0.019764 fraction_excess_positive=0.585938 sampling_entropy=5.841385
RG_SCORE round=280 layer=features.37 mean_q=0.218384 max_q=0.385241 fraction_q_positive=1.000000 sampling_entropy=5.798244 uniform_entropy=6.238325 entropy_gap=0.440081 max_probability_over_uniform=4.864287 min_probability_over_uniform=0.250000
RG_REMAP_SCORE round=280 layer=features.37 mode=excess mean_q=0.218384 mean_excess_score=0.027121 fraction_excess_positive=0.531250 sampling_entropy=5.798244
RG_SCORE round=280 layer=features.40 mean_q=0.107210 max_q=0.351882 fraction_q_positive=0.964844 sampling_entropy=5.673463 uniform_entropy=6.238325 entropy_gap=0.564862 max_probability_over_uniform=7.345762 min_probability_over_uniform=0.250000
RG_REMAP_SCORE round=280 layer=features.40 mode=excess mean_q=0.107210 mean_excess_score=0.025861 fraction_excess_positive=0.449219 sampling_entropy=5.673463
ROUND_ACCURACY method=FedPhoenixRG-Excess round=280 accuracy=75.410004
********************************************************************************
Round 280
ROUND_ACCURACY method=FedPhoenixRG-Excess round=281 accuracy=68.050003
********************************************************************************
Round 281
ROUND_ACCURACY method=FedPhoenixRG-Excess round=282 accuracy=64.209999
********************************************************************************
Round 282
ROUND_ACCURACY method=FedPhoenixRG-Excess round=283 accuracy=74.349998
********************************************************************************
Round 283
ROUND_ACCURACY method=FedPhoenixRG-Excess round=284 accuracy=76.510002
********************************************************************************
Round 284
ROUND_ACCURACY method=FedPhoenixRG-Excess round=285 accuracy=70.839996
********************************************************************************
Round 285
ROUND_ACCURACY method=FedPhoenixRG-Excess round=286 accuracy=65.000000
********************************************************************************
Round 286
ROUND_ACCURACY method=FedPhoenixRG-Excess round=287 accuracy=74.239998
********************************************************************************
Round 287
ROUND_ACCURACY method=FedPhoenixRG-Excess round=288 accuracy=70.400002
********************************************************************************
Round 288
ROUND_ACCURACY method=FedPhoenixRG-Excess round=289 accuracy=75.019997
********************************************************************************
Round 289
ROUND_ACCURACY method=FedPhoenixRG-Excess round=290 accuracy=77.550003
********************************************************************************
Round 290
ROUND_ACCURACY method=FedPhoenixRG-Excess round=291 accuracy=73.550003
********************************************************************************
Round 291
ROUND_ACCURACY method=FedPhoenixRG-Excess round=292 accuracy=69.300003
********************************************************************************
Round 292
ROUND_ACCURACY method=FedPhoenixRG-Excess round=293 accuracy=75.120003
********************************************************************************
Round 293
ROUND_ACCURACY method=FedPhoenixRG-Excess round=294 accuracy=73.040001
********************************************************************************
Round 294
ROUND_ACCURACY method=FedPhoenixRG-Excess round=295 accuracy=42.740002
********************************************************************************
Round 295
ROUND_ACCURACY method=FedPhoenixRG-Excess round=296 accuracy=70.029999
********************************************************************************
Round 296
ROUND_ACCURACY method=FedPhoenixRG-Excess round=297 accuracy=75.370003
********************************************************************************
Round 297
ROUND_ACCURACY method=FedPhoenixRG-Excess round=298 accuracy=67.540001
********************************************************************************
Round 298
ROUND_ACCURACY method=FedPhoenixRG-Excess round=299 accuracy=71.930000
********************************************************************************
Round 299
RG_SCORE round=300 layer=features.0 mean_q=0.120460 max_q=0.416353 fraction_q_positive=0.859375 sampling_entropy=3.578263 uniform_entropy=4.158883 entropy_gap=0.580620 max_probability_over_uniform=6.137840 min_probability_over_uniform=0.250000
RG_REMAP_SCORE round=300 layer=features.0 mode=excess mean_q=0.120460 mean_excess_score=0.037691 fraction_excess_positive=0.437500 sampling_entropy=3.578263
RG_SCORE round=300 layer=features.3 mean_q=0.119180 max_q=0.207701 fraction_q_positive=1.000000 sampling_entropy=3.741446 uniform_entropy=4.158883 entropy_gap=0.417437 max_probability_over_uniform=3.897994 min_probability_over_uniform=0.250000
RG_REMAP_SCORE round=300 layer=features.3 mode=excess mean_q=0.119180 mean_excess_score=0.018199 fraction_excess_positive=0.546875 sampling_entropy=3.741446
RG_SCORE round=300 layer=features.7 mean_q=0.120491 max_q=0.197057 fraction_q_positive=1.000000 sampling_entropy=4.377000 uniform_entropy=4.852030 entropy_gap=0.475031 max_probability_over_uniform=4.965592 min_probability_over_uniform=0.250000
RG_REMAP_SCORE round=300 layer=features.7 mode=excess mean_q=0.120491 mean_excess_score=0.012178 fraction_excess_positive=0.539062 sampling_entropy=4.377000
RG_SCORE round=300 layer=features.10 mean_q=0.119121 max_q=0.170828 fraction_q_positive=1.000000 sampling_entropy=4.489999 uniform_entropy=4.852030 entropy_gap=0.362031 max_probability_over_uniform=4.432105 min_probability_over_uniform=0.250000
RG_REMAP_SCORE round=300 layer=features.10 mode=excess mean_q=0.119121 mean_excess_score=0.009273 fraction_excess_positive=0.585938 sampling_entropy=4.489999
RG_SCORE round=300 layer=features.14 mean_q=0.119627 max_q=0.174789 fraction_q_positive=1.000000 sampling_entropy=5.112438 uniform_entropy=5.545177 entropy_gap=0.432740 max_probability_over_uniform=5.119196 min_probability_over_uniform=0.250000
RG_REMAP_SCORE round=300 layer=features.14 mode=excess mean_q=0.119627 mean_excess_score=0.008496 fraction_excess_positive=0.550781 sampling_entropy=5.112438
RG_SCORE round=300 layer=features.17 mean_q=0.117123 max_q=0.172715 fraction_q_positive=1.000000 sampling_entropy=5.103234 uniform_entropy=5.545177 entropy_gap=0.441943 max_probability_over_uniform=6.151346 min_probability_over_uniform=0.250000
RG_REMAP_SCORE round=300 layer=features.17 mode=excess mean_q=0.117123 mean_excess_score=0.007065 fraction_excess_positive=0.507812 sampling_entropy=5.103234
RG_SCORE round=300 layer=features.20 mean_q=0.120157 max_q=0.173057 fraction_q_positive=1.000000 sampling_entropy=5.089816 uniform_entropy=5.545177 entropy_gap=0.455361 max_probability_over_uniform=5.771912 min_probability_over_uniform=0.250000
RG_REMAP_SCORE round=300 layer=features.20 mode=excess mean_q=0.120157 mean_excess_score=0.007185 fraction_excess_positive=0.507812 sampling_entropy=5.089816
RG_SCORE round=300 layer=features.24 mean_q=0.139190 max_q=0.195879 fraction_q_positive=1.000000 sampling_entropy=5.820673 uniform_entropy=6.238325 entropy_gap=0.417652 max_probability_over_uniform=4.912383 min_probability_over_uniform=0.250000
RG_REMAP_SCORE round=300 layer=features.24 mode=excess mean_q=0.139190 mean_excess_score=0.009119 fraction_excess_positive=0.539062 sampling_entropy=5.820673
RG_SCORE round=300 layer=features.27 mean_q=0.136608 max_q=0.187569 fraction_q_positive=1.000000 sampling_entropy=5.794900 uniform_entropy=6.238325 entropy_gap=0.443425 max_probability_over_uniform=4.944916 min_probability_over_uniform=0.250000
RG_REMAP_SCORE round=300 layer=features.27 mode=excess mean_q=0.136608 mean_excess_score=0.008141 fraction_excess_positive=0.537109 sampling_entropy=5.794900
RG_SCORE round=300 layer=features.30 mean_q=0.129423 max_q=0.175900 fraction_q_positive=1.000000 sampling_entropy=5.807765 uniform_entropy=6.238325 entropy_gap=0.430560 max_probability_over_uniform=5.380011 min_probability_over_uniform=0.250000
RG_REMAP_SCORE round=300 layer=features.30 mode=excess mean_q=0.129423 mean_excess_score=0.006795 fraction_excess_positive=0.539062 sampling_entropy=5.807765
RG_SCORE round=300 layer=features.34 mean_q=0.247343 max_q=0.363046 fraction_q_positive=1.000000 sampling_entropy=5.851044 uniform_entropy=6.238325 entropy_gap=0.387280 max_probability_over_uniform=4.034689 min_probability_over_uniform=0.250000
RG_REMAP_SCORE round=300 layer=features.34 mode=excess mean_q=0.247343 mean_excess_score=0.022929 fraction_excess_positive=0.562500 sampling_entropy=5.851044
RG_SCORE round=300 layer=features.37 mean_q=0.208572 max_q=0.386037 fraction_q_positive=0.996094 sampling_entropy=5.830508 uniform_entropy=6.238325 entropy_gap=0.407816 max_probability_over_uniform=4.391473 min_probability_over_uniform=0.250000
RG_REMAP_SCORE round=300 layer=features.37 mode=excess mean_q=0.208572 mean_excess_score=0.032138 fraction_excess_positive=0.548828 sampling_entropy=5.830508
RG_SCORE round=300 layer=features.40 mean_q=0.116419 max_q=0.342545 fraction_q_positive=0.943359 sampling_entropy=5.705880 uniform_entropy=6.238325 entropy_gap=0.532445 max_probability_over_uniform=6.135666 min_probability_over_uniform=0.250000
RG_REMAP_SCORE round=300 layer=features.40 mode=excess mean_q=0.116419 mean_excess_score=0.028815 fraction_excess_positive=0.476562 sampling_entropy=5.705880
ROUND_ACCURACY method=FedPhoenixRG-Excess round=300 accuracy=73.500000
********************************************************************************
Round 300
ROUND_ACCURACY method=FedPhoenixRG-Excess round=301 accuracy=77.650002
********************************************************************************
Round 301
ROUND_ACCURACY method=FedPhoenixRG-Excess round=302 accuracy=65.279999
********************************************************************************
Round 302
ROUND_ACCURACY method=FedPhoenixRG-Excess round=303 accuracy=76.769997
********************************************************************************
Round 303
ROUND_ACCURACY method=FedPhoenixRG-Excess round=304 accuracy=74.970001
********************************************************************************
Round 304
ROUND_ACCURACY method=FedPhoenixRG-Excess round=305 accuracy=76.400002
********************************************************************************
Round 305
ROUND_ACCURACY method=FedPhoenixRG-Excess round=306 accuracy=71.949997
********************************************************************************
Round 306
ROUND_ACCURACY method=FedPhoenixRG-Excess round=307 accuracy=74.309998
********************************************************************************
Round 307
ROUND_ACCURACY method=FedPhoenixRG-Excess round=308 accuracy=73.419998
********************************************************************************
Round 308
ROUND_ACCURACY method=FedPhoenixRG-Excess round=309 accuracy=76.690002
********************************************************************************
Round 309
ROUND_ACCURACY method=FedPhoenixRG-Excess round=310 accuracy=77.230003
********************************************************************************
Round 310
ROUND_ACCURACY method=FedPhoenixRG-Excess round=311 accuracy=75.970001
********************************************************************************
Round 311
ROUND_ACCURACY method=FedPhoenixRG-Excess round=312 accuracy=77.139999
********************************************************************************
Round 312
ROUND_ACCURACY method=FedPhoenixRG-Excess round=313 accuracy=74.570000
********************************************************************************
Round 313
ROUND_ACCURACY method=FedPhoenixRG-Excess round=314 accuracy=76.680000
********************************************************************************
Round 314
ROUND_ACCURACY method=FedPhoenixRG-Excess round=315 accuracy=72.660004
********************************************************************************
Round 315
ROUND_ACCURACY method=FedPhoenixRG-Excess round=316 accuracy=74.669998
********************************************************************************
Round 316
ROUND_ACCURACY method=FedPhoenixRG-Excess round=317 accuracy=69.680000
********************************************************************************
Round 317
ROUND_ACCURACY method=FedPhoenixRG-Excess round=318 accuracy=68.080002
********************************************************************************
Round 318
ROUND_ACCURACY method=FedPhoenixRG-Excess round=319 accuracy=73.389999
********************************************************************************
Round 319
RG_SCORE round=320 layer=features.0 mean_q=0.127343 max_q=0.275082 fraction_q_positive=0.984375 sampling_entropy=3.719578 uniform_entropy=4.158883 entropy_gap=0.439305 max_probability_over_uniform=3.895184 min_probability_over_uniform=0.250000
RG_REMAP_SCORE round=320 layer=features.0 mode=excess mean_q=0.127343 mean_excess_score=0.030398 fraction_excess_positive=0.515625 sampling_entropy=3.719578
RG_SCORE round=320 layer=features.3 mean_q=0.167670 max_q=0.222789 fraction_q_positive=1.000000 sampling_entropy=3.656546 uniform_entropy=4.158883 entropy_gap=0.502337 max_probability_over_uniform=4.521610 min_probability_over_uniform=0.250000
RG_REMAP_SCORE round=320 layer=features.3 mode=excess mean_q=0.167670 mean_excess_score=0.009678 fraction_excess_positive=0.484375 sampling_entropy=3.656546
RG_SCORE round=320 layer=features.7 mean_q=0.176968 max_q=0.225384 fraction_q_positive=1.000000 sampling_entropy=4.327708 uniform_entropy=4.852030 entropy_gap=0.524322 max_probability_over_uniform=5.309190 min_probability_over_uniform=0.250000
RG_REMAP_SCORE round=320 layer=features.7 mode=excess mean_q=0.176968 mean_excess_score=0.007177 fraction_excess_positive=0.507812 sampling_entropy=4.327708
RG_SCORE round=320 layer=features.10 mean_q=0.170015 max_q=0.201211 fraction_q_positive=1.000000 sampling_entropy=4.458708 uniform_entropy=4.852030 entropy_gap=0.393323 max_probability_over_uniform=4.223288 min_probability_over_uniform=0.250000
RG_REMAP_SCORE round=320 layer=features.10 mode=excess mean_q=0.170015 mean_excess_score=0.005889 fraction_excess_positive=0.578125 sampling_entropy=4.458708
RG_SCORE round=320 layer=features.14 mean_q=0.174738 max_q=0.217113 fraction_q_positive=1.000000 sampling_entropy=5.055175 uniform_entropy=5.545177 entropy_gap=0.490002 max_probability_over_uniform=5.690761 min_probability_over_uniform=0.250000
RG_REMAP_SCORE round=320 layer=features.14 mode=excess mean_q=0.174738 mean_excess_score=0.005841 fraction_excess_positive=0.500000 sampling_entropy=5.055175
RG_SCORE round=320 layer=features.17 mean_q=0.162462 max_q=0.197073 fraction_q_positive=1.000000 sampling_entropy=5.069262 uniform_entropy=5.545177 entropy_gap=0.475915 max_probability_over_uniform=5.073631 min_probability_over_uniform=0.250000
RG_REMAP_SCORE round=320 layer=features.17 mode=excess mean_q=0.162462 mean_excess_score=0.005381 fraction_excess_positive=0.515625 sampling_entropy=5.069262
RG_SCORE round=320 layer=features.20 mean_q=0.159120 max_q=0.192760 fraction_q_positive=1.000000 sampling_entropy=5.103871 uniform_entropy=5.545177 entropy_gap=0.441306 max_probability_over_uniform=4.922254 min_probability_over_uniform=0.250000
RG_REMAP_SCORE round=320 layer=features.20 mode=excess mean_q=0.159120 mean_excess_score=0.005400 fraction_excess_positive=0.535156 sampling_entropy=5.103871
RG_SCORE round=320 layer=features.24 mean_q=0.170763 max_q=0.222365 fraction_q_positive=1.000000 sampling_entropy=5.782606 uniform_entropy=6.238325 entropy_gap=0.455719 max_probability_over_uniform=5.663107 min_probability_over_uniform=0.250000
RG_REMAP_SCORE round=320 layer=features.24 mode=excess mean_q=0.170763 mean_excess_score=0.007150 fraction_excess_positive=0.525391 sampling_entropy=5.782606
RG_SCORE round=320 layer=features.27 mean_q=0.160770 max_q=0.200614 fraction_q_positive=1.000000 sampling_entropy=5.827385 uniform_entropy=6.238325 entropy_gap=0.410940 max_probability_over_uniform=4.579428 min_probability_over_uniform=0.250000
RG_REMAP_SCORE round=320 layer=features.27 mode=excess mean_q=0.160770 mean_excess_score=0.006902 fraction_excess_positive=0.544922 sampling_entropy=5.827385
RG_SCORE round=320 layer=features.30 mean_q=0.144957 max_q=0.197717 fraction_q_positive=1.000000 sampling_entropy=5.823347 uniform_entropy=6.238325 entropy_gap=0.414978 max_probability_over_uniform=5.611233 min_probability_over_uniform=0.250000
RG_REMAP_SCORE round=320 layer=features.30 mode=excess mean_q=0.144957 mean_excess_score=0.007381 fraction_excess_positive=0.552734 sampling_entropy=5.823347
RG_SCORE round=320 layer=features.34 mean_q=0.291250 max_q=0.461400 fraction_q_positive=0.996094 sampling_entropy=5.855315 uniform_entropy=6.238325 entropy_gap=0.383010 max_probability_over_uniform=5.388952 min_probability_over_uniform=0.250000
RG_REMAP_SCORE round=320 layer=features.34 mode=excess mean_q=0.291250 mean_excess_score=0.024832 fraction_excess_positive=0.585938 sampling_entropy=5.855315
RG_SCORE round=320 layer=features.37 mean_q=0.256637 max_q=0.492362 fraction_q_positive=0.984375 sampling_entropy=5.861654 uniform_entropy=6.238325 entropy_gap=0.376670 max_probability_over_uniform=4.511730 min_probability_over_uniform=0.250000
RG_REMAP_SCORE round=320 layer=features.37 mode=excess mean_q=0.256637 mean_excess_score=0.041484 fraction_excess_positive=0.572266 sampling_entropy=5.861654
RG_SCORE round=320 layer=features.40 mean_q=0.142070 max_q=0.485349 fraction_q_positive=0.888672 sampling_entropy=5.727016 uniform_entropy=6.238325 entropy_gap=0.511309 max_probability_over_uniform=6.026267 min_probability_over_uniform=0.250000
RG_REMAP_SCORE round=320 layer=features.40 mode=excess mean_q=0.142070 mean_excess_score=0.044572 fraction_excess_positive=0.457031 sampling_entropy=5.727016
ROUND_ACCURACY method=FedPhoenixRG-Excess round=320 accuracy=75.349998
********************************************************************************
Round 320
ROUND_ACCURACY method=FedPhoenixRG-Excess round=321 accuracy=68.699997
********************************************************************************
Round 321
ROUND_ACCURACY method=FedPhoenixRG-Excess round=322 accuracy=66.589996
********************************************************************************
Round 322
ROUND_ACCURACY method=FedPhoenixRG-Excess round=323 accuracy=72.430000
********************************************************************************
Round 323
ROUND_ACCURACY method=FedPhoenixRG-Excess round=324 accuracy=69.769997
********************************************************************************
Round 324
ROUND_ACCURACY method=FedPhoenixRG-Excess round=325 accuracy=73.650002
********************************************************************************
Round 325
ROUND_ACCURACY method=FedPhoenixRG-Excess round=326 accuracy=76.089996
********************************************************************************
Round 326
ROUND_ACCURACY method=FedPhoenixRG-Excess round=327 accuracy=77.930000
********************************************************************************
Round 327
ROUND_ACCURACY method=FedPhoenixRG-Excess round=328 accuracy=74.230003
********************************************************************************
Round 328
ROUND_ACCURACY method=FedPhoenixRG-Excess round=329 accuracy=76.169998
********************************************************************************
Round 329
ROUND_ACCURACY method=FedPhoenixRG-Excess round=330 accuracy=74.650002
********************************************************************************
Round 330
ROUND_ACCURACY method=FedPhoenixRG-Excess round=331 accuracy=67.919998
********************************************************************************
Round 331
ROUND_ACCURACY method=FedPhoenixRG-Excess round=332 accuracy=72.120003
********************************************************************************
Round 332
ROUND_ACCURACY method=FedPhoenixRG-Excess round=333 accuracy=76.889999
********************************************************************************
Round 333
ROUND_ACCURACY method=FedPhoenixRG-Excess round=334 accuracy=74.849998
********************************************************************************
Round 334
ROUND_ACCURACY method=FedPhoenixRG-Excess round=335 accuracy=78.010002
********************************************************************************
Round 335
ROUND_ACCURACY method=FedPhoenixRG-Excess round=336 accuracy=76.849998
********************************************************************************
Round 336
ROUND_ACCURACY method=FedPhoenixRG-Excess round=337 accuracy=75.879997
********************************************************************************
Round 337
ROUND_ACCURACY method=FedPhoenixRG-Excess round=338 accuracy=79.029999
********************************************************************************
Round 338
ROUND_ACCURACY method=FedPhoenixRG-Excess round=339 accuracy=73.629997
********************************************************************************
Round 339
RG_SCORE round=340 layer=features.0 mean_q=0.143437 max_q=0.385079 fraction_q_positive=0.937500 sampling_entropy=3.590261 uniform_entropy=4.158883 entropy_gap=0.568622 max_probability_over_uniform=6.361483 min_probability_over_uniform=0.250000
RG_REMAP_SCORE round=340 layer=features.0 mode=excess mean_q=0.143437 mean_excess_score=0.029654 fraction_excess_positive=0.500000 sampling_entropy=3.590261
RG_SCORE round=340 layer=features.3 mean_q=0.159147 max_q=0.199419 fraction_q_positive=1.000000 sampling_entropy=3.664049 uniform_entropy=4.158883 entropy_gap=0.494834 max_probability_over_uniform=4.808884 min_probability_over_uniform=0.250000
RG_REMAP_SCORE round=340 layer=features.3 mode=excess mean_q=0.159147 mean_excess_score=0.006625 fraction_excess_positive=0.468750 sampling_entropy=3.664049
RG_SCORE round=340 layer=features.7 mean_q=0.170260 max_q=0.219274 fraction_q_positive=1.000000 sampling_entropy=4.397596 uniform_entropy=4.852030 entropy_gap=0.454435 max_probability_over_uniform=4.983427 min_probability_over_uniform=0.250000
RG_REMAP_SCORE round=340 layer=features.7 mode=excess mean_q=0.170260 mean_excess_score=0.007766 fraction_excess_positive=0.500000 sampling_entropy=4.397596
RG_SCORE round=340 layer=features.10 mean_q=0.161740 max_q=0.191754 fraction_q_positive=1.000000 sampling_entropy=4.371836 uniform_entropy=4.852030 entropy_gap=0.480194 max_probability_over_uniform=4.946647 min_probability_over_uniform=0.250000
RG_REMAP_SCORE round=340 layer=features.10 mode=excess mean_q=0.161740 mean_excess_score=0.004793 fraction_excess_positive=0.500000 sampling_entropy=4.371836
RG_SCORE round=340 layer=features.14 mean_q=0.164271 max_q=0.201678 fraction_q_positive=1.000000 sampling_entropy=5.071790 uniform_entropy=5.545177 entropy_gap=0.473387 max_probability_over_uniform=4.896310 min_probability_over_uniform=0.250000
RG_REMAP_SCORE round=340 layer=features.14 mode=excess mean_q=0.164271 mean_excess_score=0.006038 fraction_excess_positive=0.500000 sampling_entropy=5.071790
RG_SCORE round=340 layer=features.17 mean_q=0.149343 max_q=0.187771 fraction_q_positive=1.000000 sampling_entropy=5.079784 uniform_entropy=5.545177 entropy_gap=0.465394 max_probability_over_uniform=5.355643 min_probability_over_uniform=0.250000
RG_REMAP_SCORE round=340 layer=features.17 mode=excess mean_q=0.149343 mean_excess_score=0.005645 fraction_excess_positive=0.519531 sampling_entropy=5.079784
RG_SCORE round=340 layer=features.20 mean_q=0.144200 max_q=0.188412 fraction_q_positive=1.000000 sampling_entropy=5.090730 uniform_entropy=5.545177 entropy_gap=0.454447 max_probability_over_uniform=5.342270 min_probability_over_uniform=0.250000
RG_REMAP_SCORE round=340 layer=features.20 mode=excess mean_q=0.144200 mean_excess_score=0.006512 fraction_excess_positive=0.523438 sampling_entropy=5.090730
RG_SCORE round=340 layer=features.24 mean_q=0.155073 max_q=0.218172 fraction_q_positive=1.000000 sampling_entropy=5.781957 uniform_entropy=6.238325 entropy_gap=0.456368 max_probability_over_uniform=5.854971 min_probability_over_uniform=0.250000
RG_REMAP_SCORE round=340 layer=features.24 mode=excess mean_q=0.155073 mean_excess_score=0.008443 fraction_excess_positive=0.521484 sampling_entropy=5.781957
RG_SCORE round=340 layer=features.27 mean_q=0.149158 max_q=0.201029 fraction_q_positive=1.000000 sampling_entropy=5.850926 uniform_entropy=6.238325 entropy_gap=0.387398 max_probability_over_uniform=4.711426 min_probability_over_uniform=0.250000
RG_REMAP_SCORE round=340 layer=features.27 mode=excess mean_q=0.149158 mean_excess_score=0.008720 fraction_excess_positive=0.560547 sampling_entropy=5.850926
RG_SCORE round=340 layer=features.30 mean_q=0.133754 max_q=0.187222 fraction_q_positive=1.000000 sampling_entropy=5.829539 uniform_entropy=6.238325 entropy_gap=0.408786 max_probability_over_uniform=4.860655 min_probability_over_uniform=0.250000
RG_REMAP_SCORE round=340 layer=features.30 mode=excess mean_q=0.133754 mean_excess_score=0.008698 fraction_excess_positive=0.548828 sampling_entropy=5.829539
RG_SCORE round=340 layer=features.34 mean_q=0.258743 max_q=0.378855 fraction_q_positive=0.996094 sampling_entropy=5.892554 uniform_entropy=6.238325 entropy_gap=0.345770 max_probability_over_uniform=3.807502 min_probability_over_uniform=0.250000
RG_REMAP_SCORE round=340 layer=features.34 mode=excess mean_q=0.258743 mean_excess_score=0.025322 fraction_excess_positive=0.603516 sampling_entropy=5.892554
RG_SCORE round=340 layer=features.37 mean_q=0.249279 max_q=0.413556 fraction_q_positive=0.994141 sampling_entropy=5.841075 uniform_entropy=6.238325 entropy_gap=0.397249 max_probability_over_uniform=4.149734 min_probability_over_uniform=0.250000
RG_REMAP_SCORE round=340 layer=features.37 mode=excess mean_q=0.249279 mean_excess_score=0.031594 fraction_excess_positive=0.562500 sampling_entropy=5.841075
RG_SCORE round=340 layer=features.40 mean_q=0.144085 max_q=0.410541 fraction_q_positive=0.982422 sampling_entropy=5.729980 uniform_entropy=6.238325 entropy_gap=0.508345 max_probability_over_uniform=6.568621 min_probability_over_uniform=0.250000
RG_REMAP_SCORE round=340 layer=features.40 mode=excess mean_q=0.144085 mean_excess_score=0.031627 fraction_excess_positive=0.486328 sampling_entropy=5.729980
ROUND_ACCURACY method=FedPhoenixRG-Excess round=340 accuracy=75.190002
********************************************************************************
Round 340
ROUND_ACCURACY method=FedPhoenixRG-Excess round=341 accuracy=61.840000
********************************************************************************
Round 341
ROUND_ACCURACY method=FedPhoenixRG-Excess round=342 accuracy=76.529999
********************************************************************************
Round 342
ROUND_ACCURACY method=FedPhoenixRG-Excess round=343 accuracy=66.040001
********************************************************************************
Round 343
ROUND_ACCURACY method=FedPhoenixRG-Excess round=344 accuracy=74.470001
********************************************************************************
Round 344
ROUND_ACCURACY method=FedPhoenixRG-Excess round=345 accuracy=74.949997
********************************************************************************
Round 345
ROUND_ACCURACY method=FedPhoenixRG-Excess round=346 accuracy=76.680000
********************************************************************************
Round 346
ROUND_ACCURACY method=FedPhoenixRG-Excess round=347 accuracy=67.980003
********************************************************************************
Round 347
ROUND_ACCURACY method=FedPhoenixRG-Excess round=348 accuracy=68.139999
********************************************************************************
Round 348
ROUND_ACCURACY method=FedPhoenixRG-Excess round=349 accuracy=78.050003
********************************************************************************
Round 349
ROUND_ACCURACY method=FedPhoenixRG-Excess round=350 accuracy=77.419998
********************************************************************************
Round 350
ROUND_ACCURACY method=FedPhoenixRG-Excess round=351 accuracy=73.790001
********************************************************************************
Round 351
ROUND_ACCURACY method=FedPhoenixRG-Excess round=352 accuracy=78.419998
********************************************************************************
Round 352
ROUND_ACCURACY method=FedPhoenixRG-Excess round=353 accuracy=71.930000
********************************************************************************
Round 353
ROUND_ACCURACY method=FedPhoenixRG-Excess round=354 accuracy=72.860001
********************************************************************************
Round 354
ROUND_ACCURACY method=FedPhoenixRG-Excess round=355 accuracy=70.459999
********************************************************************************
Round 355
ROUND_ACCURACY method=FedPhoenixRG-Excess round=356 accuracy=75.279999
********************************************************************************
Round 356
ROUND_ACCURACY method=FedPhoenixRG-Excess round=357 accuracy=77.959999
********************************************************************************
Round 357
ROUND_ACCURACY method=FedPhoenixRG-Excess round=358 accuracy=78.220001
********************************************************************************
Round 358
ROUND_ACCURACY method=FedPhoenixRG-Excess round=359 accuracy=71.139999
********************************************************************************
Round 359
RG_SCORE round=360 layer=features.0 mean_q=0.107624 max_q=0.320981 fraction_q_positive=0.875000 sampling_entropy=3.605861 uniform_entropy=4.158883 entropy_gap=0.553022 max_probability_over_uniform=4.610009 min_probability_over_uniform=0.250000
RG_REMAP_SCORE round=360 layer=features.0 mode=excess mean_q=0.107624 mean_excess_score=0.036701 fraction_excess_positive=0.468750 sampling_entropy=3.605861
RG_SCORE round=360 layer=features.3 mean_q=0.149425 max_q=0.204113 fraction_q_positive=1.000000 sampling_entropy=3.718221 uniform_entropy=4.158883 entropy_gap=0.440662 max_probability_over_uniform=4.533290 min_probability_over_uniform=0.250000
RG_REMAP_SCORE round=360 layer=features.3 mode=excess mean_q=0.149425 mean_excess_score=0.009576 fraction_excess_positive=0.562500 sampling_entropy=3.718221
RG_SCORE round=360 layer=features.7 mean_q=0.154531 max_q=0.211804 fraction_q_positive=1.000000 sampling_entropy=4.385923 uniform_entropy=4.852030 entropy_gap=0.466107 max_probability_over_uniform=5.241650 min_probability_over_uniform=0.250000
RG_REMAP_SCORE round=360 layer=features.7 mode=excess mean_q=0.154531 mean_excess_score=0.008605 fraction_excess_positive=0.523438 sampling_entropy=4.385923
RG_SCORE round=360 layer=features.10 mean_q=0.149701 max_q=0.188872 fraction_q_positive=1.000000 sampling_entropy=4.413158 uniform_entropy=4.852030 entropy_gap=0.438872 max_probability_over_uniform=4.639777 min_probability_over_uniform=0.250000
RG_REMAP_SCORE round=360 layer=features.10 mode=excess mean_q=0.149701 mean_excess_score=0.006692 fraction_excess_positive=0.539062 sampling_entropy=4.413158
RG_SCORE round=360 layer=features.14 mean_q=0.155236 max_q=0.197120 fraction_q_positive=1.000000 sampling_entropy=5.040409 uniform_entropy=5.545177 entropy_gap=0.504769 max_probability_over_uniform=5.116851 min_probability_over_uniform=0.250000
RG_REMAP_SCORE round=360 layer=features.14 mode=excess mean_q=0.155236 mean_excess_score=0.006454 fraction_excess_positive=0.507812 sampling_entropy=5.040409
RG_SCORE round=360 layer=features.17 mean_q=0.145712 max_q=0.182939 fraction_q_positive=1.000000 sampling_entropy=5.060352 uniform_entropy=5.545177 entropy_gap=0.484825 max_probability_over_uniform=5.161401 min_probability_over_uniform=0.250000
RG_REMAP_SCORE round=360 layer=features.17 mode=excess mean_q=0.145712 mean_excess_score=0.005685 fraction_excess_positive=0.515625 sampling_entropy=5.060352
RG_SCORE round=360 layer=features.20 mean_q=0.142920 max_q=0.177684 fraction_q_positive=1.000000 sampling_entropy=5.060695 uniform_entropy=5.545177 entropy_gap=0.484482 max_probability_over_uniform=5.141190 min_probability_over_uniform=0.250000
RG_REMAP_SCORE round=360 layer=features.20 mode=excess mean_q=0.142920 mean_excess_score=0.005331 fraction_excess_positive=0.480469 sampling_entropy=5.060695
RG_SCORE round=360 layer=features.24 mean_q=0.161394 max_q=0.207005 fraction_q_positive=1.000000 sampling_entropy=5.788435 uniform_entropy=6.238325 entropy_gap=0.449890 max_probability_over_uniform=5.270107 min_probability_over_uniform=0.250000
RG_REMAP_SCORE round=360 layer=features.24 mode=excess mean_q=0.161394 mean_excess_score=0.006814 fraction_excess_positive=0.544922 sampling_entropy=5.788435
RG_SCORE round=360 layer=features.27 mean_q=0.160657 max_q=0.206368 fraction_q_positive=1.000000 sampling_entropy=5.745148 uniform_entropy=6.238325 entropy_gap=0.493176 max_probability_over_uniform=5.976652 min_probability_over_uniform=0.250000
RG_REMAP_SCORE round=360 layer=features.27 mode=excess mean_q=0.160657 mean_excess_score=0.005987 fraction_excess_positive=0.519531 sampling_entropy=5.745148
RG_SCORE round=360 layer=features.30 mean_q=0.146223 max_q=0.215731 fraction_q_positive=1.000000 sampling_entropy=5.765619 uniform_entropy=6.238325 entropy_gap=0.472706 max_probability_over_uniform=8.321588 min_probability_over_uniform=0.250000
RG_REMAP_SCORE round=360 layer=features.30 mode=excess mean_q=0.146223 mean_excess_score=0.006459 fraction_excess_positive=0.503906 sampling_entropy=5.765619
RG_SCORE round=360 layer=features.34 mean_q=0.329148 max_q=0.425238 fraction_q_positive=1.000000 sampling_entropy=5.806975 uniform_entropy=6.238325 entropy_gap=0.431349 max_probability_over_uniform=4.570914 min_probability_over_uniform=0.250000
RG_REMAP_SCORE round=360 layer=features.34 mode=excess mean_q=0.329148 mean_excess_score=0.016679 fraction_excess_positive=0.544922 sampling_entropy=5.806975
RG_SCORE round=360 layer=features.37 mean_q=0.370042 max_q=0.543521 fraction_q_positive=1.000000 sampling_entropy=5.831806 uniform_entropy=6.238325 entropy_gap=0.406519 max_probability_over_uniform=5.692803 min_probability_over_uniform=0.250000
RG_REMAP_SCORE round=360 layer=features.37 mode=excess mean_q=0.370042 mean_excess_score=0.023905 fraction_excess_positive=0.568359 sampling_entropy=5.831806
RG_SCORE round=360 layer=features.40 mean_q=0.281878 max_q=0.597798 fraction_q_positive=0.996094 sampling_entropy=5.820021 uniform_entropy=6.238325 entropy_gap=0.418303 max_probability_over_uniform=5.893982 min_probability_over_uniform=0.250000
RG_REMAP_SCORE round=360 layer=features.40 mode=excess mean_q=0.281878 mean_excess_score=0.041981 fraction_excess_positive=0.542969 sampling_entropy=5.820021
ROUND_ACCURACY method=FedPhoenixRG-Excess round=360 accuracy=73.699997
********************************************************************************
Round 360
ROUND_ACCURACY method=FedPhoenixRG-Excess round=361 accuracy=69.190002
********************************************************************************
Round 361
ROUND_ACCURACY method=FedPhoenixRG-Excess round=362 accuracy=67.510002
********************************************************************************
Round 362
ROUND_ACCURACY method=FedPhoenixRG-Excess round=363 accuracy=69.099998
********************************************************************************
Round 363
ROUND_ACCURACY method=FedPhoenixRG-Excess round=364 accuracy=67.790001
********************************************************************************
Round 364
ROUND_ACCURACY method=FedPhoenixRG-Excess round=365 accuracy=69.220001
********************************************************************************
Round 365
ROUND_ACCURACY method=FedPhoenixRG-Excess round=366 accuracy=74.790001
********************************************************************************
Round 366
ROUND_ACCURACY method=FedPhoenixRG-Excess round=367 accuracy=72.480003
********************************************************************************
Round 367
ROUND_ACCURACY method=FedPhoenixRG-Excess round=368 accuracy=74.529999
********************************************************************************
Round 368
ROUND_ACCURACY method=FedPhoenixRG-Excess round=369 accuracy=72.400002
********************************************************************************
Round 369
ROUND_ACCURACY method=FedPhoenixRG-Excess round=370 accuracy=69.910004
********************************************************************************
Round 370
ROUND_ACCURACY method=FedPhoenixRG-Excess round=371 accuracy=75.449997
********************************************************************************
Round 371
ROUND_ACCURACY method=FedPhoenixRG-Excess round=372 accuracy=68.019997
********************************************************************************
Round 372
ROUND_ACCURACY method=FedPhoenixRG-Excess round=373 accuracy=68.489998
********************************************************************************
Round 373
ROUND_ACCURACY method=FedPhoenixRG-Excess round=374 accuracy=76.099998
********************************************************************************
Round 374
ROUND_ACCURACY method=FedPhoenixRG-Excess round=375 accuracy=75.410004
********************************************************************************
Round 375
ROUND_ACCURACY method=FedPhoenixRG-Excess round=376 accuracy=76.440002
********************************************************************************
Round 376
ROUND_ACCURACY method=FedPhoenixRG-Excess round=377 accuracy=64.660004
********************************************************************************
Round 377
ROUND_ACCURACY method=FedPhoenixRG-Excess round=378 accuracy=76.150002
********************************************************************************
Round 378
ROUND_ACCURACY method=FedPhoenixRG-Excess round=379 accuracy=77.900002
********************************************************************************
Round 379
RG_SCORE round=380 layer=features.0 mean_q=0.136465 max_q=0.355128 fraction_q_positive=0.937500 sampling_entropy=3.610311 uniform_entropy=4.158883 entropy_gap=0.548572 max_probability_over_uniform=4.864295 min_probability_over_uniform=0.250000
RG_REMAP_SCORE round=380 layer=features.0 mode=excess mean_q=0.136465 mean_excess_score=0.035541 fraction_excess_positive=0.500000 sampling_entropy=3.610311
RG_SCORE round=380 layer=features.3 mean_q=0.162789 max_q=0.212179 fraction_q_positive=1.000000 sampling_entropy=3.659022 uniform_entropy=4.158883 entropy_gap=0.499861 max_probability_over_uniform=4.506523 min_probability_over_uniform=0.250000
RG_REMAP_SCORE round=380 layer=features.3 mode=excess mean_q=0.162789 mean_excess_score=0.008702 fraction_excess_positive=0.531250 sampling_entropy=3.659022
RG_SCORE round=380 layer=features.7 mean_q=0.163196 max_q=0.212644 fraction_q_positive=1.000000 sampling_entropy=4.368620 uniform_entropy=4.852030 entropy_gap=0.483410 max_probability_over_uniform=4.901130 min_probability_over_uniform=0.250000
RG_REMAP_SCORE round=380 layer=features.7 mode=excess mean_q=0.163196 mean_excess_score=0.007974 fraction_excess_positive=0.476562 sampling_entropy=4.368620
RG_SCORE round=380 layer=features.10 mean_q=0.156508 max_q=0.186598 fraction_q_positive=1.000000 sampling_entropy=4.361090 uniform_entropy=4.852030 entropy_gap=0.490940 max_probability_over_uniform=5.048789 min_probability_over_uniform=0.250000
RG_REMAP_SCORE round=380 layer=features.10 mode=excess mean_q=0.156508 mean_excess_score=0.004703 fraction_excess_positive=0.500000 sampling_entropy=4.361090
RG_SCORE round=380 layer=features.14 mean_q=0.158434 max_q=0.206411 fraction_q_positive=1.000000 sampling_entropy=5.066918 uniform_entropy=5.545177 entropy_gap=0.478260 max_probability_over_uniform=6.953847 min_probability_over_uniform=0.250000
RG_REMAP_SCORE round=380 layer=features.14 mode=excess mean_q=0.158434 mean_excess_score=0.005367 fraction_excess_positive=0.484375 sampling_entropy=5.066918
RG_SCORE round=380 layer=features.17 mean_q=0.144956 max_q=0.178715 fraction_q_positive=1.000000 sampling_entropy=5.040526 uniform_entropy=5.545177 entropy_gap=0.504651 max_probability_over_uniform=5.829930 min_probability_over_uniform=0.250000
RG_REMAP_SCORE round=380 layer=features.17 mode=excess mean_q=0.144956 mean_excess_score=0.004538 fraction_excess_positive=0.515625 sampling_entropy=5.040526
RG_SCORE round=380 layer=features.20 mean_q=0.140869 max_q=0.172061 fraction_q_positive=1.000000 sampling_entropy=5.075887 uniform_entropy=5.545177 entropy_gap=0.469290 max_probability_over_uniform=5.577851 min_probability_over_uniform=0.250000
RG_REMAP_SCORE round=380 layer=features.20 mode=excess mean_q=0.140869 mean_excess_score=0.004391 fraction_excess_positive=0.554688 sampling_entropy=5.075887
RG_SCORE round=380 layer=features.24 mean_q=0.156494 max_q=0.199649 fraction_q_positive=1.000000 sampling_entropy=5.755824 uniform_entropy=6.238325 entropy_gap=0.482500 max_probability_over_uniform=5.858193 min_probability_over_uniform=0.250000
RG_REMAP_SCORE round=380 layer=features.24 mode=excess mean_q=0.156494 mean_excess_score=0.005771 fraction_excess_positive=0.498047 sampling_entropy=5.755824
RG_SCORE round=380 layer=features.27 mean_q=0.152828 max_q=0.195530 fraction_q_positive=1.000000 sampling_entropy=5.775605 uniform_entropy=6.238325 entropy_gap=0.462720 max_probability_over_uniform=5.879244 min_probability_over_uniform=0.250000
RG_REMAP_SCORE round=380 layer=features.27 mode=excess mean_q=0.152828 mean_excess_score=0.005689 fraction_excess_positive=0.521484 sampling_entropy=5.775605
RG_SCORE round=380 layer=features.30 mean_q=0.138247 max_q=0.180409 fraction_q_positive=1.000000 sampling_entropy=5.775112 uniform_entropy=6.238325 entropy_gap=0.463212 max_probability_over_uniform=5.301046 min_probability_over_uniform=0.250000
RG_REMAP_SCORE round=380 layer=features.30 mode=excess mean_q=0.138247 mean_excess_score=0.006260 fraction_excess_positive=0.515625 sampling_entropy=5.775112
RG_SCORE round=380 layer=features.34 mean_q=0.288218 max_q=0.391770 fraction_q_positive=1.000000 sampling_entropy=5.821198 uniform_entropy=6.238325 entropy_gap=0.417127 max_probability_over_uniform=4.866836 min_probability_over_uniform=0.250000
RG_REMAP_SCORE round=380 layer=features.34 mode=excess mean_q=0.288218 mean_excess_score=0.016822 fraction_excess_positive=0.539062 sampling_entropy=5.821198
RG_SCORE round=380 layer=features.37 mean_q=0.320042 max_q=0.444878 fraction_q_positive=1.000000 sampling_entropy=5.803785 uniform_entropy=6.238325 entropy_gap=0.434540 max_probability_over_uniform=5.023722 min_probability_over_uniform=0.250000
RG_REMAP_SCORE round=380 layer=features.37 mode=excess mean_q=0.320042 mean_excess_score=0.019613 fraction_excess_positive=0.554688 sampling_entropy=5.803785
RG_SCORE round=380 layer=features.40 mean_q=0.250350 max_q=0.441257 fraction_q_positive=1.000000 sampling_entropy=5.809751 uniform_entropy=6.238325 entropy_gap=0.428574 max_probability_over_uniform=4.350061 min_probability_over_uniform=0.250000
RG_REMAP_SCORE round=380 layer=features.40 mode=excess mean_q=0.250350 mean_excess_score=0.034921 fraction_excess_positive=0.531250 sampling_entropy=5.809751
ROUND_ACCURACY method=FedPhoenixRG-Excess round=380 accuracy=77.800003
********************************************************************************
Round 380
ROUND_ACCURACY method=FedPhoenixRG-Excess round=381 accuracy=70.440002
********************************************************************************
Round 381
ROUND_ACCURACY method=FedPhoenixRG-Excess round=382 accuracy=72.739998
********************************************************************************
Round 382
ROUND_ACCURACY method=FedPhoenixRG-Excess round=383 accuracy=70.230003
********************************************************************************
Round 383
ROUND_ACCURACY method=FedPhoenixRG-Excess round=384 accuracy=70.639999
********************************************************************************
Round 384
ROUND_ACCURACY method=FedPhoenixRG-Excess round=385 accuracy=72.239998
********************************************************************************
Round 385
ROUND_ACCURACY method=FedPhoenixRG-Excess round=386 accuracy=77.629997
********************************************************************************
Round 386
ROUND_ACCURACY method=FedPhoenixRG-Excess round=387 accuracy=77.669998
********************************************************************************
Round 387
ROUND_ACCURACY method=FedPhoenixRG-Excess round=388 accuracy=74.410004
********************************************************************************
Round 388
ROUND_ACCURACY method=FedPhoenixRG-Excess round=389 accuracy=76.919998
********************************************************************************
Round 389
ROUND_ACCURACY method=FedPhoenixRG-Excess round=390 accuracy=65.750000
********************************************************************************
Round 390
ROUND_ACCURACY method=FedPhoenixRG-Excess round=391 accuracy=70.410004
********************************************************************************
Round 391
ROUND_ACCURACY method=FedPhoenixRG-Excess round=392 accuracy=71.160004
********************************************************************************
Round 392
ROUND_ACCURACY method=FedPhoenixRG-Excess round=393 accuracy=78.830002
********************************************************************************
Round 393
ROUND_ACCURACY method=FedPhoenixRG-Excess round=394 accuracy=70.440002
********************************************************************************
Round 394
ROUND_ACCURACY method=FedPhoenixRG-Excess round=395 accuracy=67.910004
********************************************************************************
Round 395
ROUND_ACCURACY method=FedPhoenixRG-Excess round=396 accuracy=67.660004
********************************************************************************
Round 396
ROUND_ACCURACY method=FedPhoenixRG-Excess round=397 accuracy=79.230003
********************************************************************************
Round 397
ROUND_ACCURACY method=FedPhoenixRG-Excess round=398 accuracy=74.370003
********************************************************************************
Round 398
ROUND_ACCURACY method=FedPhoenixRG-Excess round=399 accuracy=72.050003
********************************************************************************
Round 399
RG_SCORE round=400 layer=features.0 mean_q=0.120758 max_q=0.299490 fraction_q_positive=0.937500 sampling_entropy=3.586113 uniform_entropy=4.158883 entropy_gap=0.572770 max_probability_over_uniform=5.465849 min_probability_over_uniform=0.250000
RG_REMAP_SCORE round=400 layer=features.0 mode=excess mean_q=0.120758 mean_excess_score=0.025700 fraction_excess_positive=0.437500 sampling_entropy=3.586113
RG_SCORE round=400 layer=features.3 mean_q=0.127992 max_q=0.178436 fraction_q_positive=1.000000 sampling_entropy=3.774157 uniform_entropy=4.158883 entropy_gap=0.384726 max_probability_over_uniform=4.280621 min_probability_over_uniform=0.250000
RG_REMAP_SCORE round=400 layer=features.3 mode=excess mean_q=0.127992 mean_excess_score=0.009386 fraction_excess_positive=0.546875 sampling_entropy=3.774157
RG_SCORE round=400 layer=features.7 mean_q=0.138854 max_q=0.191482 fraction_q_positive=1.000000 sampling_entropy=4.326141 uniform_entropy=4.852030 entropy_gap=0.525889 max_probability_over_uniform=5.661312 min_probability_over_uniform=0.250000
RG_REMAP_SCORE round=400 layer=features.7 mode=excess mean_q=0.138854 mean_excess_score=0.007294 fraction_excess_positive=0.468750 sampling_entropy=4.326141
RG_SCORE round=400 layer=features.10 mean_q=0.137076 max_q=0.165128 fraction_q_positive=1.000000 sampling_entropy=4.375876 uniform_entropy=4.852030 entropy_gap=0.476155 max_probability_over_uniform=4.355513 min_probability_over_uniform=0.250000
RG_REMAP_SCORE round=400 layer=features.10 mode=excess mean_q=0.137076 mean_excess_score=0.005125 fraction_excess_positive=0.476562 sampling_entropy=4.375876
RG_SCORE round=400 layer=features.14 mean_q=0.140606 max_q=0.179573 fraction_q_positive=1.000000 sampling_entropy=5.035572 uniform_entropy=5.545177 entropy_gap=0.509606 max_probability_over_uniform=6.238344 min_probability_over_uniform=0.250000
RG_REMAP_SCORE round=400 layer=features.14 mode=excess mean_q=0.140606 mean_excess_score=0.004880 fraction_excess_positive=0.507812 sampling_entropy=5.035572
RG_SCORE round=400 layer=features.17 mean_q=0.134304 max_q=0.167474 fraction_q_positive=1.000000 sampling_entropy=5.064207 uniform_entropy=5.545177 entropy_gap=0.480970 max_probability_over_uniform=5.906484 min_probability_over_uniform=0.250000
RG_REMAP_SCORE round=400 layer=features.17 mode=excess mean_q=0.134304 mean_excess_score=0.004398 fraction_excess_positive=0.500000 sampling_entropy=5.064207
RG_SCORE round=400 layer=features.20 mean_q=0.127031 max_q=0.158145 fraction_q_positive=1.000000 sampling_entropy=5.103812 uniform_entropy=5.545177 entropy_gap=0.441366 max_probability_over_uniform=5.400972 min_probability_over_uniform=0.250000
RG_REMAP_SCORE round=400 layer=features.20 mode=excess mean_q=0.127031 mean_excess_score=0.004530 fraction_excess_positive=0.527344 sampling_entropy=5.103812
RG_SCORE round=400 layer=features.24 mean_q=0.140533 max_q=0.181728 fraction_q_positive=1.000000 sampling_entropy=5.803715 uniform_entropy=6.238325 entropy_gap=0.434610 max_probability_over_uniform=5.031318 min_probability_over_uniform=0.250000
RG_REMAP_SCORE round=400 layer=features.24 mode=excess mean_q=0.140533 mean_excess_score=0.006462 fraction_excess_positive=0.531250 sampling_entropy=5.803715
RG_SCORE round=400 layer=features.27 mean_q=0.143128 max_q=0.192268 fraction_q_positive=1.000000 sampling_entropy=5.795348 uniform_entropy=6.238325 entropy_gap=0.442977 max_probability_over_uniform=5.894934 min_probability_over_uniform=0.250000
RG_REMAP_SCORE round=400 layer=features.27 mode=excess mean_q=0.143128 mean_excess_score=0.006529 fraction_excess_positive=0.527344 sampling_entropy=5.795348
RG_SCORE round=400 layer=features.30 mean_q=0.133804 max_q=0.187627 fraction_q_positive=1.000000 sampling_entropy=5.713701 uniform_entropy=6.238325 entropy_gap=0.524624 max_probability_over_uniform=6.899142 min_probability_over_uniform=0.250000
RG_REMAP_SCORE round=400 layer=features.30 mode=excess mean_q=0.133804 mean_excess_score=0.006071 fraction_excess_positive=0.486328 sampling_entropy=5.713701
RG_SCORE round=400 layer=features.34 mean_q=0.292509 max_q=0.398312 fraction_q_positive=1.000000 sampling_entropy=5.810340 uniform_entropy=6.238325 entropy_gap=0.427985 max_probability_over_uniform=4.875243 min_probability_over_uniform=0.250000
RG_REMAP_SCORE round=400 layer=features.34 mode=excess mean_q=0.292509 mean_excess_score=0.017156 fraction_excess_positive=0.523438 sampling_entropy=5.810340
RG_SCORE round=400 layer=features.37 mean_q=0.326482 max_q=0.477075 fraction_q_positive=1.000000 sampling_entropy=5.780209 uniform_entropy=6.238325 entropy_gap=0.458116 max_probability_over_uniform=5.563470 min_probability_over_uniform=0.250000
RG_REMAP_SCORE round=400 layer=features.37 mode=excess mean_q=0.326482 mean_excess_score=0.021256 fraction_excess_positive=0.509766 sampling_entropy=5.780209
RG_SCORE round=400 layer=features.40 mean_q=0.266757 max_q=0.542365 fraction_q_positive=1.000000 sampling_entropy=5.769350 uniform_entropy=6.238325 entropy_gap=0.468975 max_probability_over_uniform=6.239951 min_probability_over_uniform=0.250000
RG_REMAP_SCORE round=400 layer=features.40 mode=excess mean_q=0.266757 mean_excess_score=0.034509 fraction_excess_positive=0.527344 sampling_entropy=5.769350
ROUND_ACCURACY method=FedPhoenixRG-Excess round=400 accuracy=76.120003
********************************************************************************
Round 400
ROUND_ACCURACY method=FedPhoenixRG-Excess round=401 accuracy=77.559998
********************************************************************************
Round 401
ROUND_ACCURACY method=FedPhoenixRG-Excess round=402 accuracy=69.370003
********************************************************************************
Round 402
ROUND_ACCURACY method=FedPhoenixRG-Excess round=403 accuracy=72.230003
********************************************************************************
Round 403
ROUND_ACCURACY method=FedPhoenixRG-Excess round=404 accuracy=75.339996
********************************************************************************
Round 404
ROUND_ACCURACY method=FedPhoenixRG-Excess round=405 accuracy=72.080002
********************************************************************************
Round 405
ROUND_ACCURACY method=FedPhoenixRG-Excess round=406 accuracy=77.169998
********************************************************************************
Round 406
ROUND_ACCURACY method=FedPhoenixRG-Excess round=407 accuracy=75.449997
********************************************************************************
Round 407
ROUND_ACCURACY method=FedPhoenixRG-Excess round=408 accuracy=74.260002
********************************************************************************
Round 408
ROUND_ACCURACY method=FedPhoenixRG-Excess round=409 accuracy=78.589996
********************************************************************************
Round 409
ROUND_ACCURACY method=FedPhoenixRG-Excess round=410 accuracy=68.339996
********************************************************************************
Round 410
ROUND_ACCURACY method=FedPhoenixRG-Excess round=411 accuracy=69.849998
********************************************************************************
Round 411
ROUND_ACCURACY method=FedPhoenixRG-Excess round=412 accuracy=67.510002
********************************************************************************
Round 412
ROUND_ACCURACY method=FedPhoenixRG-Excess round=413 accuracy=77.570000
********************************************************************************
Round 413
ROUND_ACCURACY method=FedPhoenixRG-Excess round=414 accuracy=75.419998
********************************************************************************
Round 414
ROUND_ACCURACY method=FedPhoenixRG-Excess round=415 accuracy=79.410004
********************************************************************************
Round 415
ROUND_ACCURACY method=FedPhoenixRG-Excess round=416 accuracy=72.150002
********************************************************************************
Round 416
ROUND_ACCURACY method=FedPhoenixRG-Excess round=417 accuracy=79.650002
********************************************************************************
Round 417
ROUND_ACCURACY method=FedPhoenixRG-Excess round=418 accuracy=68.839996
********************************************************************************
Round 418
ROUND_ACCURACY method=FedPhoenixRG-Excess round=419 accuracy=68.669998
********************************************************************************
Round 419
RG_SCORE round=420 layer=features.0 mean_q=0.124501 max_q=0.359223 fraction_q_positive=0.906250 sampling_entropy=3.614766 uniform_entropy=4.158883 entropy_gap=0.544117 max_probability_over_uniform=5.572126 min_probability_over_uniform=0.250000
RG_REMAP_SCORE round=420 layer=features.0 mode=excess mean_q=0.124501 mean_excess_score=0.033077 fraction_excess_positive=0.515625 sampling_entropy=3.614766
RG_SCORE round=420 layer=features.3 mean_q=0.136706 max_q=0.190395 fraction_q_positive=1.000000 sampling_entropy=3.647140 uniform_entropy=4.158883 entropy_gap=0.511743 max_probability_over_uniform=4.495811 min_probability_over_uniform=0.250000
RG_REMAP_SCORE round=420 layer=features.3 mode=excess mean_q=0.136706 mean_excess_score=0.009484 fraction_excess_positive=0.468750 sampling_entropy=3.647140
RG_SCORE round=420 layer=features.7 mean_q=0.147986 max_q=0.214580 fraction_q_positive=1.000000 sampling_entropy=4.398436 uniform_entropy=4.852030 entropy_gap=0.453595 max_probability_over_uniform=6.615825 min_probability_over_uniform=0.250000
RG_REMAP_SCORE round=420 layer=features.7 mode=excess mean_q=0.147986 mean_excess_score=0.007846 fraction_excess_positive=0.554688 sampling_entropy=4.398436
RG_SCORE round=420 layer=features.10 mean_q=0.145037 max_q=0.189949 fraction_q_positive=1.000000 sampling_entropy=4.425341 uniform_entropy=4.852030 entropy_gap=0.426689 max_probability_over_uniform=5.401770 min_probability_over_uniform=0.250000
RG_REMAP_SCORE round=420 layer=features.10 mode=excess mean_q=0.145037 mean_excess_score=0.006538 fraction_excess_positive=0.554688 sampling_entropy=4.425341
RG_SCORE round=420 layer=features.14 mean_q=0.149926 max_q=0.198581 fraction_q_positive=1.000000 sampling_entropy=5.069203 uniform_entropy=5.545177 entropy_gap=0.475975 max_probability_over_uniform=6.224040 min_probability_over_uniform=0.250000
RG_REMAP_SCORE round=420 layer=features.14 mode=excess mean_q=0.149926 mean_excess_score=0.006108 fraction_excess_positive=0.503906 sampling_entropy=5.069203
RG_SCORE round=420 layer=features.17 mean_q=0.144122 max_q=0.191049 fraction_q_positive=1.000000 sampling_entropy=5.050643 uniform_entropy=5.545177 entropy_gap=0.494534 max_probability_over_uniform=6.494404 min_probability_over_uniform=0.250000
RG_REMAP_SCORE round=420 layer=features.17 mode=excess mean_q=0.144122 mean_excess_score=0.005636 fraction_excess_positive=0.511719 sampling_entropy=5.050643
RG_SCORE round=420 layer=features.20 mean_q=0.129387 max_q=0.172306 fraction_q_positive=1.000000 sampling_entropy=5.042850 uniform_entropy=5.545177 entropy_gap=0.502327 max_probability_over_uniform=6.413468 min_probability_over_uniform=0.250000
RG_REMAP_SCORE round=420 layer=features.20 mode=excess mean_q=0.129387 mean_excess_score=0.005223 fraction_excess_positive=0.500000 sampling_entropy=5.042850
RG_SCORE round=420 layer=features.24 mean_q=0.143226 max_q=0.195530 fraction_q_positive=1.000000 sampling_entropy=5.796594 uniform_entropy=6.238325 entropy_gap=0.441731 max_probability_over_uniform=5.425662 min_probability_over_uniform=0.250000
RG_REMAP_SCORE round=420 layer=features.24 mode=excess mean_q=0.143226 mean_excess_score=0.007579 fraction_excess_positive=0.546875 sampling_entropy=5.796594
RG_SCORE round=420 layer=features.27 mean_q=0.141293 max_q=0.192421 fraction_q_positive=1.000000 sampling_entropy=5.801488 uniform_entropy=6.238325 entropy_gap=0.436836 max_probability_over_uniform=5.290882 min_probability_over_uniform=0.250000
RG_REMAP_SCORE round=420 layer=features.27 mode=excess mean_q=0.141293 mean_excess_score=0.007607 fraction_excess_positive=0.533203 sampling_entropy=5.801488
RG_SCORE round=420 layer=features.30 mean_q=0.126674 max_q=0.185565 fraction_q_positive=1.000000 sampling_entropy=5.811668 uniform_entropy=6.238325 entropy_gap=0.426656 max_probability_over_uniform=5.355890 min_probability_over_uniform=0.250000
RG_REMAP_SCORE round=420 layer=features.30 mode=excess mean_q=0.126674 mean_excess_score=0.008651 fraction_excess_positive=0.527344 sampling_entropy=5.811668
RG_SCORE round=420 layer=features.34 mean_q=0.266472 max_q=0.408264 fraction_q_positive=0.992188 sampling_entropy=5.897402 uniform_entropy=6.238325 entropy_gap=0.340923 max_probability_over_uniform=3.840282 min_probability_over_uniform=0.250000
RG_REMAP_SCORE round=420 layer=features.34 mode=excess mean_q=0.266472 mean_excess_score=0.029620 fraction_excess_positive=0.605469 sampling_entropy=5.897402
RG_SCORE round=420 layer=features.37 mean_q=0.234919 max_q=0.436942 fraction_q_positive=0.988281 sampling_entropy=5.814990 uniform_entropy=6.238325 entropy_gap=0.423334 max_probability_over_uniform=4.388024 min_probability_over_uniform=0.250000
RG_REMAP_SCORE round=420 layer=features.37 mode=excess mean_q=0.234919 mean_excess_score=0.036616 fraction_excess_positive=0.550781 sampling_entropy=5.814990
RG_SCORE round=420 layer=features.40 mean_q=0.146996 max_q=0.408324 fraction_q_positive=0.890625 sampling_entropy=5.729627 uniform_entropy=6.238325 entropy_gap=0.508697 max_probability_over_uniform=4.904721 min_probability_over_uniform=0.250000
RG_REMAP_SCORE round=420 layer=features.40 mode=excess mean_q=0.146996 mean_excess_score=0.042107 fraction_excess_positive=0.470703 sampling_entropy=5.729627
ROUND_ACCURACY method=FedPhoenixRG-Excess round=420 accuracy=76.730003
********************************************************************************
Round 420
ROUND_ACCURACY method=FedPhoenixRG-Excess round=421 accuracy=76.639999
********************************************************************************
Round 421
ROUND_ACCURACY method=FedPhoenixRG-Excess round=422 accuracy=72.989998
********************************************************************************
Round 422
ROUND_ACCURACY method=FedPhoenixRG-Excess round=423 accuracy=75.440002
********************************************************************************
Round 423
ROUND_ACCURACY method=FedPhoenixRG-Excess round=424 accuracy=71.480003
********************************************************************************
Round 424
ROUND_ACCURACY method=FedPhoenixRG-Excess round=425 accuracy=79.339996
********************************************************************************
Round 425
ROUND_ACCURACY method=FedPhoenixRG-Excess round=426 accuracy=71.199997
********************************************************************************
Round 426
ROUND_ACCURACY method=FedPhoenixRG-Excess round=427 accuracy=69.239998
********************************************************************************
Round 427
ROUND_ACCURACY method=FedPhoenixRG-Excess round=428 accuracy=71.989998
********************************************************************************
Round 428
ROUND_ACCURACY method=FedPhoenixRG-Excess round=429 accuracy=69.360001
********************************************************************************
Round 429
ROUND_ACCURACY method=FedPhoenixRG-Excess round=430 accuracy=73.949997
********************************************************************************
Round 430
ROUND_ACCURACY method=FedPhoenixRG-Excess round=431 accuracy=78.010002
********************************************************************************
Round 431
ROUND_ACCURACY method=FedPhoenixRG-Excess round=432 accuracy=74.900002
********************************************************************************
Round 432
ROUND_ACCURACY method=FedPhoenixRG-Excess round=433 accuracy=76.720001
********************************************************************************
Round 433
ROUND_ACCURACY method=FedPhoenixRG-Excess round=434 accuracy=78.489998
********************************************************************************
Round 434
ROUND_ACCURACY method=FedPhoenixRG-Excess round=435 accuracy=79.300003
********************************************************************************
Round 435
ROUND_ACCURACY method=FedPhoenixRG-Excess round=436 accuracy=71.540001
********************************************************************************
Round 436
ROUND_ACCURACY method=FedPhoenixRG-Excess round=437 accuracy=70.699997
********************************************************************************
Round 437
ROUND_ACCURACY method=FedPhoenixRG-Excess round=438 accuracy=73.820000
********************************************************************************
Round 438
ROUND_ACCURACY method=FedPhoenixRG-Excess round=439 accuracy=76.769997
********************************************************************************
Round 439
RG_SCORE round=440 layer=features.0 mean_q=0.157485 max_q=0.359790 fraction_q_positive=1.000000 sampling_entropy=3.645637 uniform_entropy=4.158883 entropy_gap=0.513246 max_probability_over_uniform=4.863427 min_probability_over_uniform=0.250000
RG_REMAP_SCORE round=440 layer=features.0 mode=excess mean_q=0.157485 mean_excess_score=0.032888 fraction_excess_positive=0.453125 sampling_entropy=3.645637
RG_SCORE round=440 layer=features.3 mean_q=0.142951 max_q=0.180149 fraction_q_positive=1.000000 sampling_entropy=3.672099 uniform_entropy=4.158883 entropy_gap=0.486784 max_probability_over_uniform=4.107701 min_probability_over_uniform=0.250000
RG_REMAP_SCORE round=440 layer=features.3 mode=excess mean_q=0.142951 mean_excess_score=0.007232 fraction_excess_positive=0.500000 sampling_entropy=3.672099
RG_SCORE round=440 layer=features.7 mean_q=0.149969 max_q=0.203379 fraction_q_positive=1.000000 sampling_entropy=4.312258 uniform_entropy=4.852030 entropy_gap=0.539772 max_probability_over_uniform=5.725151 min_probability_over_uniform=0.250000
RG_REMAP_SCORE round=440 layer=features.7 mode=excess mean_q=0.149969 mean_excess_score=0.007316 fraction_excess_positive=0.484375 sampling_entropy=4.312258
RG_SCORE round=440 layer=features.10 mean_q=0.147297 max_q=0.174048 fraction_q_positive=1.000000 sampling_entropy=4.352653 uniform_entropy=4.852030 entropy_gap=0.499377 max_probability_over_uniform=5.022943 min_probability_over_uniform=0.250000
RG_REMAP_SCORE round=440 layer=features.10 mode=excess mean_q=0.147297 mean_excess_score=0.004204 fraction_excess_positive=0.476562 sampling_entropy=4.352653
RG_SCORE round=440 layer=features.14 mean_q=0.149110 max_q=0.187129 fraction_q_positive=1.000000 sampling_entropy=5.068969 uniform_entropy=5.545177 entropy_gap=0.476208 max_probability_over_uniform=5.945372 min_probability_over_uniform=0.250000
RG_REMAP_SCORE round=440 layer=features.14 mode=excess mean_q=0.149110 mean_excess_score=0.005007 fraction_excess_positive=0.500000 sampling_entropy=5.068969
RG_SCORE round=440 layer=features.17 mean_q=0.148762 max_q=0.185793 fraction_q_positive=1.000000 sampling_entropy=5.028620 uniform_entropy=5.545177 entropy_gap=0.516557 max_probability_over_uniform=5.797531 min_probability_over_uniform=0.250000
RG_REMAP_SCORE round=440 layer=features.17 mode=excess mean_q=0.148762 mean_excess_score=0.005006 fraction_excess_positive=0.468750 sampling_entropy=5.028620
RG_SCORE round=440 layer=features.20 mean_q=0.132268 max_q=0.162679 fraction_q_positive=1.000000 sampling_entropy=5.063255 uniform_entropy=5.545177 entropy_gap=0.481922 max_probability_over_uniform=5.746170 min_probability_over_uniform=0.250000
RG_REMAP_SCORE round=440 layer=features.20 mode=excess mean_q=0.132268 mean_excess_score=0.004150 fraction_excess_positive=0.488281 sampling_entropy=5.063255
RG_SCORE round=440 layer=features.24 mean_q=0.158148 max_q=0.198951 fraction_q_positive=1.000000 sampling_entropy=5.762349 uniform_entropy=6.238325 entropy_gap=0.475975 max_probability_over_uniform=5.561599 min_probability_over_uniform=0.250000
RG_REMAP_SCORE round=440 layer=features.24 mode=excess mean_q=0.158148 mean_excess_score=0.005761 fraction_excess_positive=0.511719 sampling_entropy=5.762349
RG_SCORE round=440 layer=features.27 mean_q=0.166395 max_q=0.208556 fraction_q_positive=1.000000 sampling_entropy=5.773259 uniform_entropy=6.238325 entropy_gap=0.465066 max_probability_over_uniform=5.918879 min_probability_over_uniform=0.250000
RG_REMAP_SCORE round=440 layer=features.27 mode=excess mean_q=0.166395 mean_excess_score=0.005578 fraction_excess_positive=0.533203 sampling_entropy=5.773259
RG_SCORE round=440 layer=features.30 mean_q=0.155871 max_q=0.206881 fraction_q_positive=1.000000 sampling_entropy=5.739287 uniform_entropy=6.238325 entropy_gap=0.499038 max_probability_over_uniform=6.919279 min_probability_over_uniform=0.250000
RG_REMAP_SCORE round=440 layer=features.30 mode=excess mean_q=0.155871 mean_excess_score=0.005736 fraction_excess_positive=0.494141 sampling_entropy=5.739287
RG_SCORE round=440 layer=features.34 mean_q=0.344635 max_q=0.442264 fraction_q_positive=1.000000 sampling_entropy=5.823112 uniform_entropy=6.238325 entropy_gap=0.415213 max_probability_over_uniform=5.704718 min_probability_over_uniform=0.250000
RG_REMAP_SCORE round=440 layer=features.34 mode=excess mean_q=0.344635 mean_excess_score=0.013423 fraction_excess_positive=0.544922 sampling_entropy=5.823112
RG_SCORE round=440 layer=features.37 mean_q=0.376585 max_q=0.465348 fraction_q_positive=1.000000 sampling_entropy=5.788730 uniform_entropy=6.238325 entropy_gap=0.449595 max_probability_over_uniform=4.540844 min_probability_over_uniform=0.250000
RG_REMAP_SCORE round=440 layer=features.37 mode=excess mean_q=0.376585 mean_excess_score=0.015515 fraction_excess_positive=0.525391 sampling_entropy=5.788730
RG_SCORE round=440 layer=features.40 mean_q=0.324927 max_q=0.554614 fraction_q_positive=0.994141 sampling_entropy=5.823670 uniform_entropy=6.238325 entropy_gap=0.414655 max_probability_over_uniform=4.714121 min_probability_over_uniform=0.250000
RG_REMAP_SCORE round=440 layer=features.40 mode=excess mean_q=0.324927 mean_excess_score=0.038589 fraction_excess_positive=0.560547 sampling_entropy=5.823670
ROUND_ACCURACY method=FedPhoenixRG-Excess round=440 accuracy=74.360001
********************************************************************************
Round 440
ROUND_ACCURACY method=FedPhoenixRG-Excess round=441 accuracy=80.089996
********************************************************************************
Round 441
ROUND_ACCURACY method=FedPhoenixRG-Excess round=442 accuracy=79.120003
********************************************************************************
Round 442
ROUND_ACCURACY method=FedPhoenixRG-Excess round=443 accuracy=71.070000
********************************************************************************
Round 443
ROUND_ACCURACY method=FedPhoenixRG-Excess round=444 accuracy=71.169998
********************************************************************************
Round 444
ROUND_ACCURACY method=FedPhoenixRG-Excess round=445 accuracy=76.080002
********************************************************************************
Round 445
ROUND_ACCURACY method=FedPhoenixRG-Excess round=446 accuracy=76.849998
********************************************************************************
Round 446
ROUND_ACCURACY method=FedPhoenixRG-Excess round=447 accuracy=75.540001
********************************************************************************
Round 447
ROUND_ACCURACY method=FedPhoenixRG-Excess round=448 accuracy=78.010002
********************************************************************************
Round 448
ROUND_ACCURACY method=FedPhoenixRG-Excess round=449 accuracy=67.510002
********************************************************************************
Round 449
ROUND_ACCURACY method=FedPhoenixRG-Excess round=450 accuracy=75.190002
********************************************************************************
Round 450
ROUND_ACCURACY method=FedPhoenixRG-Excess round=451 accuracy=69.389999
********************************************************************************
Round 451
ROUND_ACCURACY method=FedPhoenixRG-Excess round=452 accuracy=79.330002
********************************************************************************
Round 452
ROUND_ACCURACY method=FedPhoenixRG-Excess round=453 accuracy=77.419998
********************************************************************************
Round 453
ROUND_ACCURACY method=FedPhoenixRG-Excess round=454 accuracy=72.379997
********************************************************************************
Round 454
ROUND_ACCURACY method=FedPhoenixRG-Excess round=455 accuracy=76.529999
********************************************************************************
Round 455
ROUND_ACCURACY method=FedPhoenixRG-Excess round=456 accuracy=75.470001
********************************************************************************
Round 456
ROUND_ACCURACY method=FedPhoenixRG-Excess round=457 accuracy=76.300003
********************************************************************************
Round 457
ROUND_ACCURACY method=FedPhoenixRG-Excess round=458 accuracy=69.959999
********************************************************************************
Round 458
ROUND_ACCURACY method=FedPhoenixRG-Excess round=459 accuracy=79.760002
********************************************************************************
Round 459
RG_SCORE round=460 layer=features.0 mean_q=0.159697 max_q=0.379412 fraction_q_positive=0.984375 sampling_entropy=3.578992 uniform_entropy=4.158883 entropy_gap=0.579892 max_probability_over_uniform=5.783478 min_probability_over_uniform=0.250000
RG_REMAP_SCORE round=460 layer=features.0 mode=excess mean_q=0.159697 mean_excess_score=0.029780 fraction_excess_positive=0.500000 sampling_entropy=3.578992
RG_SCORE round=460 layer=features.3 mean_q=0.145845 max_q=0.195481 fraction_q_positive=1.000000 sampling_entropy=3.697066 uniform_entropy=4.158883 entropy_gap=0.461817 max_probability_over_uniform=4.971275 min_probability_over_uniform=0.250000
RG_REMAP_SCORE round=460 layer=features.3 mode=excess mean_q=0.145845 mean_excess_score=0.007885 fraction_excess_positive=0.515625 sampling_entropy=3.697066
RG_SCORE round=460 layer=features.7 mean_q=0.154201 max_q=0.201097 fraction_q_positive=1.000000 sampling_entropy=4.344481 uniform_entropy=4.852030 entropy_gap=0.507549 max_probability_over_uniform=5.702711 min_probability_over_uniform=0.250000
RG_REMAP_SCORE round=460 layer=features.7 mode=excess mean_q=0.154201 mean_excess_score=0.006450 fraction_excess_positive=0.476562 sampling_entropy=4.344481
RG_SCORE round=460 layer=features.10 mean_q=0.150999 max_q=0.187420 fraction_q_positive=1.000000 sampling_entropy=4.396683 uniform_entropy=4.852030 entropy_gap=0.455347 max_probability_over_uniform=6.669500 min_probability_over_uniform=0.250000
RG_REMAP_SCORE round=460 layer=features.10 mode=excess mean_q=0.150999 mean_excess_score=0.004255 fraction_excess_positive=0.531250 sampling_entropy=4.396683
RG_SCORE round=460 layer=features.14 mean_q=0.154394 max_q=0.194814 fraction_q_positive=1.000000 sampling_entropy=5.054247 uniform_entropy=5.545177 entropy_gap=0.490930 max_probability_over_uniform=6.724383 min_probability_over_uniform=0.250000
RG_REMAP_SCORE round=460 layer=features.14 mode=excess mean_q=0.154394 mean_excess_score=0.004682 fraction_excess_positive=0.519531 sampling_entropy=5.054247
RG_SCORE round=460 layer=features.17 mean_q=0.153621 max_q=0.185957 fraction_q_positive=1.000000 sampling_entropy=5.038634 uniform_entropy=5.545177 entropy_gap=0.506543 max_probability_over_uniform=5.341560 min_probability_over_uniform=0.250000
RG_REMAP_SCORE round=460 layer=features.17 mode=excess mean_q=0.153621 mean_excess_score=0.004763 fraction_excess_positive=0.496094 sampling_entropy=5.038634
RG_SCORE round=460 layer=features.20 mean_q=0.135787 max_q=0.167928 fraction_q_positive=1.000000 sampling_entropy=5.016220 uniform_entropy=5.545177 entropy_gap=0.528958 max_probability_over_uniform=5.740554 min_probability_over_uniform=0.250000
RG_REMAP_SCORE round=460 layer=features.20 mode=excess mean_q=0.135787 mean_excess_score=0.004390 fraction_excess_positive=0.464844 sampling_entropy=5.016220
RG_SCORE round=460 layer=features.24 mean_q=0.156137 max_q=0.196805 fraction_q_positive=1.000000 sampling_entropy=5.773728 uniform_entropy=6.238325 entropy_gap=0.464597 max_probability_over_uniform=5.526670 min_probability_over_uniform=0.250000
RG_REMAP_SCORE round=460 layer=features.24 mode=excess mean_q=0.156137 mean_excess_score=0.005780 fraction_excess_positive=0.523438 sampling_entropy=5.773728
RG_SCORE round=460 layer=features.27 mean_q=0.160963 max_q=0.205952 fraction_q_positive=1.000000 sampling_entropy=5.779464 uniform_entropy=6.238325 entropy_gap=0.458861 max_probability_over_uniform=6.388633 min_probability_over_uniform=0.250000
RG_REMAP_SCORE round=460 layer=features.27 mode=excess mean_q=0.160963 mean_excess_score=0.005497 fraction_excess_positive=0.525391 sampling_entropy=5.779464
RG_SCORE round=460 layer=features.30 mean_q=0.150479 max_q=0.211796 fraction_q_positive=1.000000 sampling_entropy=5.697483 uniform_entropy=6.238325 entropy_gap=0.540842 max_probability_over_uniform=7.563633 min_probability_over_uniform=0.250000
RG_REMAP_SCORE round=460 layer=features.30 mode=excess mean_q=0.150479 mean_excess_score=0.006288 fraction_excess_positive=0.472656 sampling_entropy=5.697483
RG_SCORE round=460 layer=features.34 mean_q=0.334480 max_q=0.442932 fraction_q_positive=1.000000 sampling_entropy=5.764195 uniform_entropy=6.238325 entropy_gap=0.474129 max_probability_over_uniform=6.008569 min_probability_over_uniform=0.250000
RG_REMAP_SCORE round=460 layer=features.34 mode=excess mean_q=0.334480 mean_excess_score=0.014125 fraction_excess_positive=0.505859 sampling_entropy=5.764195
RG_SCORE round=460 layer=features.37 mean_q=0.358261 max_q=0.443888 fraction_q_positive=1.000000 sampling_entropy=5.784562 uniform_entropy=6.238325 entropy_gap=0.453763 max_probability_over_uniform=4.524494 min_probability_over_uniform=0.250000
RG_REMAP_SCORE round=460 layer=features.37 mode=excess mean_q=0.358261 mean_excess_score=0.015024 fraction_excess_positive=0.537109 sampling_entropy=5.784562
RG_SCORE round=460 layer=features.40 mean_q=0.309387 max_q=0.623266 fraction_q_positive=0.998047 sampling_entropy=5.800960 uniform_entropy=6.238325 entropy_gap=0.437364 max_probability_over_uniform=7.094996 min_probability_over_uniform=0.250000
RG_REMAP_SCORE round=460 layer=features.40 mode=excess mean_q=0.309387 mean_excess_score=0.034391 fraction_excess_positive=0.568359 sampling_entropy=5.800960
ROUND_ACCURACY method=FedPhoenixRG-Excess round=460 accuracy=70.360001
********************************************************************************
Round 460
ROUND_ACCURACY method=FedPhoenixRG-Excess round=461 accuracy=79.430000
********************************************************************************
Round 461
ROUND_ACCURACY method=FedPhoenixRG-Excess round=462 accuracy=77.250000
********************************************************************************
Round 462
ROUND_ACCURACY method=FedPhoenixRG-Excess round=463 accuracy=79.489998
********************************************************************************
Round 463
ROUND_ACCURACY method=FedPhoenixRG-Excess round=464 accuracy=72.349998
********************************************************************************
Round 464
ROUND_ACCURACY method=FedPhoenixRG-Excess round=465 accuracy=78.360001
********************************************************************************
Round 465
ROUND_ACCURACY method=FedPhoenixRG-Excess round=466 accuracy=78.459999
********************************************************************************
Round 466
ROUND_ACCURACY method=FedPhoenixRG-Excess round=467 accuracy=65.930000
********************************************************************************
Round 467
ROUND_ACCURACY method=FedPhoenixRG-Excess round=468 accuracy=77.889999
********************************************************************************
Round 468
ROUND_ACCURACY method=FedPhoenixRG-Excess round=469 accuracy=76.989998
********************************************************************************
Round 469
ROUND_ACCURACY method=FedPhoenixRG-Excess round=470 accuracy=71.320000
********************************************************************************
Round 470
ROUND_ACCURACY method=FedPhoenixRG-Excess round=471 accuracy=73.449997
********************************************************************************
Round 471
ROUND_ACCURACY method=FedPhoenixRG-Excess round=472 accuracy=78.760002
********************************************************************************
Round 472
ROUND_ACCURACY method=FedPhoenixRG-Excess round=473 accuracy=74.489998
********************************************************************************
Round 473
ROUND_ACCURACY method=FedPhoenixRG-Excess round=474 accuracy=74.120003
********************************************************************************
Round 474
ROUND_ACCURACY method=FedPhoenixRG-Excess round=475 accuracy=77.279999
********************************************************************************
Round 475
ROUND_ACCURACY method=FedPhoenixRG-Excess round=476 accuracy=72.449997
********************************************************************************
Round 476
ROUND_ACCURACY method=FedPhoenixRG-Excess round=477 accuracy=72.489998
********************************************************************************
Round 477
ROUND_ACCURACY method=FedPhoenixRG-Excess round=478 accuracy=70.680000
********************************************************************************
Round 478
ROUND_ACCURACY method=FedPhoenixRG-Excess round=479 accuracy=79.690002
********************************************************************************
Round 479
RG_SCORE round=480 layer=features.0 mean_q=0.127788 max_q=0.350860 fraction_q_positive=0.937500 sampling_entropy=3.607390 uniform_entropy=4.158883 entropy_gap=0.551493 max_probability_over_uniform=5.610763 min_probability_over_uniform=0.250000
RG_REMAP_SCORE round=480 layer=features.0 mode=excess mean_q=0.127788 mean_excess_score=0.031209 fraction_excess_positive=0.468750 sampling_entropy=3.607390
RG_SCORE round=480 layer=features.3 mean_q=0.138118 max_q=0.188021 fraction_q_positive=1.000000 sampling_entropy=3.648922 uniform_entropy=4.158883 entropy_gap=0.509961 max_probability_over_uniform=4.941697 min_probability_over_uniform=0.250000
RG_REMAP_SCORE round=480 layer=features.3 mode=excess mean_q=0.138118 mean_excess_score=0.007977 fraction_excess_positive=0.468750 sampling_entropy=3.648922
RG_SCORE round=480 layer=features.7 mean_q=0.140161 max_q=0.192680 fraction_q_positive=1.000000 sampling_entropy=4.284762 uniform_entropy=4.852030 entropy_gap=0.567268 max_probability_over_uniform=5.921274 min_probability_over_uniform=0.250000
RG_REMAP_SCORE round=480 layer=features.7 mode=excess mean_q=0.140161 mean_excess_score=0.006945 fraction_excess_positive=0.460938 sampling_entropy=4.284762
RG_SCORE round=480 layer=features.10 mean_q=0.135836 max_q=0.179769 fraction_q_positive=1.000000 sampling_entropy=4.364916 uniform_entropy=4.852030 entropy_gap=0.487115 max_probability_over_uniform=7.049997 min_probability_over_uniform=0.250000
RG_REMAP_SCORE round=480 layer=features.10 mode=excess mean_q=0.135836 mean_excess_score=0.004846 fraction_excess_positive=0.531250 sampling_entropy=4.364916
RG_SCORE round=480 layer=features.14 mean_q=0.141042 max_q=0.180158 fraction_q_positive=1.000000 sampling_entropy=5.036651 uniform_entropy=5.545177 entropy_gap=0.508526 max_probability_over_uniform=5.382410 min_probability_over_uniform=0.250000
RG_REMAP_SCORE round=480 layer=features.14 mode=excess mean_q=0.141042 mean_excess_score=0.005716 fraction_excess_positive=0.503906 sampling_entropy=5.036651
RG_SCORE round=480 layer=features.17 mean_q=0.138205 max_q=0.165608 fraction_q_positive=1.000000 sampling_entropy=5.063856 uniform_entropy=5.545177 entropy_gap=0.481321 max_probability_over_uniform=4.445642 min_probability_over_uniform=0.250000
RG_REMAP_SCORE round=480 layer=features.17 mode=excess mean_q=0.138205 mean_excess_score=0.004898 fraction_excess_positive=0.511719 sampling_entropy=5.063856
RG_SCORE round=480 layer=features.20 mean_q=0.126648 max_q=0.163472 fraction_q_positive=1.000000 sampling_entropy=5.064339 uniform_entropy=5.545177 entropy_gap=0.480838 max_probability_over_uniform=5.942997 min_probability_over_uniform=0.250000
RG_REMAP_SCORE round=480 layer=features.20 mode=excess mean_q=0.126648 mean_excess_score=0.004851 fraction_excess_positive=0.507812 sampling_entropy=5.064339
RG_SCORE round=480 layer=features.24 mean_q=0.144238 max_q=0.198565 fraction_q_positive=1.000000 sampling_entropy=5.768484 uniform_entropy=6.238325 entropy_gap=0.469840 max_probability_over_uniform=6.912252 min_probability_over_uniform=0.250000
RG_REMAP_SCORE round=480 layer=features.24 mode=excess mean_q=0.144238 mean_excess_score=0.006116 fraction_excess_positive=0.513672 sampling_entropy=5.768484
RG_SCORE round=480 layer=features.27 mean_q=0.150660 max_q=0.206233 fraction_q_positive=1.000000 sampling_entropy=5.737309 uniform_entropy=6.238325 entropy_gap=0.501016 max_probability_over_uniform=6.945237 min_probability_over_uniform=0.250000
RG_REMAP_SCORE round=480 layer=features.27 mode=excess mean_q=0.150660 mean_excess_score=0.006225 fraction_excess_positive=0.521484 sampling_entropy=5.737309
RG_SCORE round=480 layer=features.30 mean_q=0.136124 max_q=0.185199 fraction_q_positive=1.000000 sampling_entropy=5.725495 uniform_entropy=6.238325 entropy_gap=0.512829 max_probability_over_uniform=5.795630 min_probability_over_uniform=0.250000
RG_REMAP_SCORE round=480 layer=features.30 mode=excess mean_q=0.136124 mean_excess_score=0.006637 fraction_excess_positive=0.500000 sampling_entropy=5.725495
RG_SCORE round=480 layer=features.34 mean_q=0.293161 max_q=0.416614 fraction_q_positive=1.000000 sampling_entropy=5.777754 uniform_entropy=6.238325 entropy_gap=0.460571 max_probability_over_uniform=5.633444 min_probability_over_uniform=0.250000
RG_REMAP_SCORE round=480 layer=features.34 mode=excess mean_q=0.293161 mean_excess_score=0.017199 fraction_excess_positive=0.523438 sampling_entropy=5.777754
RG_SCORE round=480 layer=features.37 mean_q=0.295551 max_q=0.424829 fraction_q_positive=1.000000 sampling_entropy=5.795188 uniform_entropy=6.238325 entropy_gap=0.443137 max_probability_over_uniform=4.939110 min_probability_over_uniform=0.250000
RG_REMAP_SCORE round=480 layer=features.37 mode=excess mean_q=0.295551 mean_excess_score=0.020677 fraction_excess_positive=0.541016 sampling_entropy=5.795188
RG_SCORE round=480 layer=features.40 mean_q=0.231713 max_q=0.478301 fraction_q_positive=0.990234 sampling_entropy=5.772441 uniform_entropy=6.238325 entropy_gap=0.465883 max_probability_over_uniform=5.592811 min_probability_over_uniform=0.250000
RG_REMAP_SCORE round=480 layer=features.40 mode=excess mean_q=0.231713 mean_excess_score=0.034615 fraction_excess_positive=0.554688 sampling_entropy=5.772441
ROUND_ACCURACY method=FedPhoenixRG-Excess round=480 accuracy=78.959999
********************************************************************************
Round 480
ROUND_ACCURACY method=FedPhoenixRG-Excess round=481 accuracy=76.930000
********************************************************************************
Round 481
ROUND_ACCURACY method=FedPhoenixRG-Excess round=482 accuracy=78.099998
********************************************************************************
Round 482
ROUND_ACCURACY method=FedPhoenixRG-Excess round=483 accuracy=78.040001
********************************************************************************
Round 483
ROUND_ACCURACY method=FedPhoenixRG-Excess round=484 accuracy=72.879997
********************************************************************************
Round 484
ROUND_ACCURACY method=FedPhoenixRG-Excess round=485 accuracy=76.180000
********************************************************************************
Round 485
ROUND_ACCURACY method=FedPhoenixRG-Excess round=486 accuracy=64.220001
********************************************************************************
Round 486
ROUND_ACCURACY method=FedPhoenixRG-Excess round=487 accuracy=73.139999
********************************************************************************
Round 487
ROUND_ACCURACY method=FedPhoenixRG-Excess round=488 accuracy=79.239998
********************************************************************************
Round 488
ROUND_ACCURACY method=FedPhoenixRG-Excess round=489 accuracy=77.470001
********************************************************************************
Round 489
ROUND_ACCURACY method=FedPhoenixRG-Excess round=490 accuracy=77.419998
********************************************************************************
Round 490
ROUND_ACCURACY method=FedPhoenixRG-Excess round=491 accuracy=69.739998
********************************************************************************
Round 491
ROUND_ACCURACY method=FedPhoenixRG-Excess round=492 accuracy=76.629997
********************************************************************************
Round 492
ROUND_ACCURACY method=FedPhoenixRG-Excess round=493 accuracy=77.889999
********************************************************************************
Round 493
ROUND_ACCURACY method=FedPhoenixRG-Excess round=494 accuracy=75.870003
********************************************************************************
Round 494
ROUND_ACCURACY method=FedPhoenixRG-Excess round=495 accuracy=73.440002
********************************************************************************
Round 495
ROUND_ACCURACY method=FedPhoenixRG-Excess round=496 accuracy=68.660004
********************************************************************************
Round 496
ROUND_ACCURACY method=FedPhoenixRG-Excess round=497 accuracy=76.470001
********************************************************************************
Round 497
ROUND_ACCURACY method=FedPhoenixRG-Excess round=498 accuracy=80.160004
********************************************************************************
Round 498
ROUND_ACCURACY method=FedPhoenixRG-Excess round=499 accuracy=64.760002
********************************************************************************
Round 499
RG_SCORE round=500 layer=features.0 mean_q=0.090014 max_q=0.253300 fraction_q_positive=0.875000 sampling_entropy=3.648975 uniform_entropy=4.158883 entropy_gap=0.509908 max_probability_over_uniform=4.738859 min_probability_over_uniform=0.250000
RG_REMAP_SCORE round=500 layer=features.0 mode=excess mean_q=0.090014 mean_excess_score=0.027282 fraction_excess_positive=0.437500 sampling_entropy=3.648975
RG_SCORE round=500 layer=features.3 mean_q=0.093993 max_q=0.150835 fraction_q_positive=1.000000 sampling_entropy=3.659892 uniform_entropy=4.158883 entropy_gap=0.498991 max_probability_over_uniform=4.182120 min_probability_over_uniform=0.250000
RG_REMAP_SCORE round=500 layer=features.3 mode=excess mean_q=0.093993 mean_excess_score=0.010842 fraction_excess_positive=0.468750 sampling_entropy=3.659892
RG_SCORE round=500 layer=features.7 mean_q=0.108960 max_q=0.162132 fraction_q_positive=1.000000 sampling_entropy=4.256507 uniform_entropy=4.852030 entropy_gap=0.595523 max_probability_over_uniform=6.182369 min_probability_over_uniform=0.250000
RG_REMAP_SCORE round=500 layer=features.7 mode=excess mean_q=0.108960 mean_excess_score=0.006722 fraction_excess_positive=0.484375 sampling_entropy=4.256507
RG_SCORE round=500 layer=features.10 mean_q=0.109425 max_q=0.149286 fraction_q_positive=1.000000 sampling_entropy=4.297914 uniform_entropy=4.852030 entropy_gap=0.554116 max_probability_over_uniform=5.460704 min_probability_over_uniform=0.250000
RG_REMAP_SCORE round=500 layer=features.10 mode=excess mean_q=0.109425 mean_excess_score=0.005737 fraction_excess_positive=0.484375 sampling_entropy=4.297914
RG_SCORE round=500 layer=features.14 mean_q=0.117701 max_q=0.162429 fraction_q_positive=1.000000 sampling_entropy=5.091963 uniform_entropy=5.545177 entropy_gap=0.453214 max_probability_over_uniform=5.269265 min_probability_over_uniform=0.250000
RG_REMAP_SCORE round=500 layer=features.14 mode=excess mean_q=0.117701 mean_excess_score=0.006683 fraction_excess_positive=0.531250 sampling_entropy=5.091963
RG_SCORE round=500 layer=features.17 mean_q=0.115664 max_q=0.154167 fraction_q_positive=1.000000 sampling_entropy=5.109139 uniform_entropy=5.545177 entropy_gap=0.436038 max_probability_over_uniform=4.494894 min_probability_over_uniform=0.250000
RG_REMAP_SCORE round=500 layer=features.17 mode=excess mean_q=0.115664 mean_excess_score=0.006803 fraction_excess_positive=0.539062 sampling_entropy=5.109139
RG_SCORE round=500 layer=features.20 mean_q=0.108548 max_q=0.146013 fraction_q_positive=1.000000 sampling_entropy=5.104438 uniform_entropy=5.545177 entropy_gap=0.440740 max_probability_over_uniform=4.824797 min_probability_over_uniform=0.250000
RG_REMAP_SCORE round=500 layer=features.20 mode=excess mean_q=0.108548 mean_excess_score=0.006142 fraction_excess_positive=0.531250 sampling_entropy=5.104438
RG_SCORE round=500 layer=features.24 mean_q=0.125145 max_q=0.169575 fraction_q_positive=1.000000 sampling_entropy=5.824789 uniform_entropy=6.238325 entropy_gap=0.413536 max_probability_over_uniform=4.565121 min_probability_over_uniform=0.250000
RG_REMAP_SCORE round=500 layer=features.24 mode=excess mean_q=0.125145 mean_excess_score=0.007722 fraction_excess_positive=0.560547 sampling_entropy=5.824789
RG_SCORE round=500 layer=features.27 mean_q=0.127609 max_q=0.172395 fraction_q_positive=1.000000 sampling_entropy=5.786924 uniform_entropy=6.238325 entropy_gap=0.451400 max_probability_over_uniform=4.786953 min_probability_over_uniform=0.250000
RG_REMAP_SCORE round=500 layer=features.27 mode=excess mean_q=0.127609 mean_excess_score=0.007404 fraction_excess_positive=0.542969 sampling_entropy=5.786924
RG_SCORE round=500 layer=features.30 mean_q=0.113973 max_q=0.166778 fraction_q_positive=1.000000 sampling_entropy=5.771020 uniform_entropy=6.238325 entropy_gap=0.467305 max_probability_over_uniform=6.111004 min_probability_over_uniform=0.250000
RG_REMAP_SCORE round=500 layer=features.30 mode=excess mean_q=0.113973 mean_excess_score=0.006757 fraction_excess_positive=0.513672 sampling_entropy=5.771020
RG_SCORE round=500 layer=features.34 mean_q=0.216075 max_q=0.357306 fraction_q_positive=0.996094 sampling_entropy=5.836995 uniform_entropy=6.238325 entropy_gap=0.401330 max_probability_over_uniform=4.581362 min_probability_over_uniform=0.250000
RG_REMAP_SCORE round=500 layer=features.34 mode=excess mean_q=0.216075 mean_excess_score=0.024455 fraction_excess_positive=0.550781 sampling_entropy=5.836995
RG_SCORE round=500 layer=features.37 mean_q=0.188354 max_q=0.350506 fraction_q_positive=0.992188 sampling_entropy=5.816631 uniform_entropy=6.238325 entropy_gap=0.421693 max_probability_over_uniform=4.944447 min_probability_over_uniform=0.250000
RG_REMAP_SCORE round=500 layer=features.37 mode=excess mean_q=0.188354 mean_excess_score=0.025906 fraction_excess_positive=0.560547 sampling_entropy=5.816631
RG_SCORE round=500 layer=features.40 mean_q=0.101204 max_q=0.291367 fraction_q_positive=0.941406 sampling_entropy=5.731839 uniform_entropy=6.238325 entropy_gap=0.506486 max_probability_over_uniform=5.695883 min_probability_over_uniform=0.250000
RG_REMAP_SCORE round=500 layer=features.40 mode=excess mean_q=0.101204 mean_excess_score=0.026189 fraction_excess_positive=0.478516 sampling_entropy=5.731839
ROUND_ACCURACY method=FedPhoenixRG-Excess round=500 accuracy=77.790001
********************************************************************************
Round 500
ROUND_ACCURACY method=FedPhoenixRG-Excess round=501 accuracy=72.480003
********************************************************************************
Round 501
ROUND_ACCURACY method=FedPhoenixRG-Excess round=502 accuracy=75.220001
********************************************************************************
Round 502
ROUND_ACCURACY method=FedPhoenixRG-Excess round=503 accuracy=71.739998
********************************************************************************
Round 503
ROUND_ACCURACY method=FedPhoenixRG-Excess round=504 accuracy=75.949997
********************************************************************************
Round 504
ROUND_ACCURACY method=FedPhoenixRG-Excess round=505 accuracy=78.760002
********************************************************************************
Round 505
ROUND_ACCURACY method=FedPhoenixRG-Excess round=506 accuracy=62.110001
********************************************************************************
Round 506
ROUND_ACCURACY method=FedPhoenixRG-Excess round=507 accuracy=59.700001
********************************************************************************
Round 507
ROUND_ACCURACY method=FedPhoenixRG-Excess round=508 accuracy=70.910004
********************************************************************************
Round 508
ROUND_ACCURACY method=FedPhoenixRG-Excess round=509 accuracy=72.489998
********************************************************************************
Round 509
ROUND_ACCURACY method=FedPhoenixRG-Excess round=510 accuracy=73.930000
********************************************************************************
Round 510
ROUND_ACCURACY method=FedPhoenixRG-Excess round=511 accuracy=71.269997
********************************************************************************
Round 511
ROUND_ACCURACY method=FedPhoenixRG-Excess round=512 accuracy=69.800003
********************************************************************************
Round 512
ROUND_ACCURACY method=FedPhoenixRG-Excess round=513 accuracy=71.690002
********************************************************************************
Round 513
ROUND_ACCURACY method=FedPhoenixRG-Excess round=514 accuracy=73.580002
********************************************************************************
Round 514
ROUND_ACCURACY method=FedPhoenixRG-Excess round=515 accuracy=77.720001
********************************************************************************
Round 515
ROUND_ACCURACY method=FedPhoenixRG-Excess round=516 accuracy=78.370003
********************************************************************************
Round 516
ROUND_ACCURACY method=FedPhoenixRG-Excess round=517 accuracy=77.470001
********************************************************************************
Round 517
ROUND_ACCURACY method=FedPhoenixRG-Excess round=518 accuracy=72.610001
********************************************************************************
Round 518
ROUND_ACCURACY method=FedPhoenixRG-Excess round=519 accuracy=76.290001
********************************************************************************
Round 519
RG_SCORE round=520 layer=features.0 mean_q=0.077153 max_q=0.306735 fraction_q_positive=0.750000 sampling_entropy=3.511818 uniform_entropy=4.158883 entropy_gap=0.647065 max_probability_over_uniform=5.750161 min_probability_over_uniform=0.250000
RG_REMAP_SCORE round=520 layer=features.0 mode=excess mean_q=0.077153 mean_excess_score=0.031306 fraction_excess_positive=0.390625 sampling_entropy=3.511818
RG_SCORE round=520 layer=features.3 mean_q=0.095662 max_q=0.141358 fraction_q_positive=1.000000 sampling_entropy=3.734921 uniform_entropy=4.158883 entropy_gap=0.423962 max_probability_over_uniform=3.547820 min_probability_over_uniform=0.250000
RG_REMAP_SCORE round=520 layer=features.3 mode=excess mean_q=0.095662 mean_excess_score=0.010392 fraction_excess_positive=0.500000 sampling_entropy=3.734921
RG_SCORE round=520 layer=features.7 mean_q=0.098282 max_q=0.178525 fraction_q_positive=1.000000 sampling_entropy=4.338136 uniform_entropy=4.852030 entropy_gap=0.513894 max_probability_over_uniform=6.392369 min_probability_over_uniform=0.250000
RG_REMAP_SCORE round=520 layer=features.7 mode=excess mean_q=0.098282 mean_excess_score=0.009798 fraction_excess_positive=0.476562 sampling_entropy=4.338136
RG_SCORE round=520 layer=features.10 mean_q=0.099387 max_q=0.142033 fraction_q_positive=1.000000 sampling_entropy=4.374461 uniform_entropy=4.852030 entropy_gap=0.477569 max_probability_over_uniform=5.772521 min_probability_over_uniform=0.250000
RG_REMAP_SCORE round=520 layer=features.10 mode=excess mean_q=0.099387 mean_excess_score=0.005792 fraction_excess_positive=0.507812 sampling_entropy=4.374461
RG_SCORE round=520 layer=features.14 mean_q=0.107470 max_q=0.153624 fraction_q_positive=1.000000 sampling_entropy=5.094076 uniform_entropy=5.545177 entropy_gap=0.451101 max_probability_over_uniform=5.785191 min_probability_over_uniform=0.250000
RG_REMAP_SCORE round=520 layer=features.14 mode=excess mean_q=0.107470 mean_excess_score=0.006254 fraction_excess_positive=0.527344 sampling_entropy=5.094076
RG_SCORE round=520 layer=features.17 mean_q=0.106265 max_q=0.144569 fraction_q_positive=1.000000 sampling_entropy=5.042105 uniform_entropy=5.545177 entropy_gap=0.503072 max_probability_over_uniform=5.691219 min_probability_over_uniform=0.250000
RG_REMAP_SCORE round=520 layer=features.17 mode=excess mean_q=0.106265 mean_excess_score=0.005280 fraction_excess_positive=0.515625 sampling_entropy=5.042105
RG_SCORE round=520 layer=features.20 mean_q=0.097942 max_q=0.144701 fraction_q_positive=1.000000 sampling_entropy=5.038025 uniform_entropy=5.545177 entropy_gap=0.507153 max_probability_over_uniform=7.392622 min_probability_over_uniform=0.250000
RG_REMAP_SCORE round=520 layer=features.20 mode=excess mean_q=0.097942 mean_excess_score=0.004910 fraction_excess_positive=0.492188 sampling_entropy=5.038025
RG_SCORE round=520 layer=features.24 mean_q=0.115518 max_q=0.166005 fraction_q_positive=1.000000 sampling_entropy=5.784623 uniform_entropy=6.238325 entropy_gap=0.453701 max_probability_over_uniform=5.653348 min_probability_over_uniform=0.250000
RG_REMAP_SCORE round=520 layer=features.24 mode=excess mean_q=0.115518 mean_excess_score=0.007008 fraction_excess_positive=0.527344 sampling_entropy=5.784623
RG_SCORE round=520 layer=features.27 mean_q=0.124653 max_q=0.177493 fraction_q_positive=1.000000 sampling_entropy=5.765804 uniform_entropy=6.238325 entropy_gap=0.472521 max_probability_over_uniform=6.128048 min_probability_over_uniform=0.250000
RG_REMAP_SCORE round=520 layer=features.27 mode=excess mean_q=0.124653 mean_excess_score=0.006742 fraction_excess_positive=0.541016 sampling_entropy=5.765804
RG_SCORE round=520 layer=features.30 mean_q=0.110101 max_q=0.154704 fraction_q_positive=1.000000 sampling_entropy=5.782813 uniform_entropy=6.238325 entropy_gap=0.455512 max_probability_over_uniform=5.066860 min_probability_over_uniform=0.250000
RG_REMAP_SCORE round=520 layer=features.30 mode=excess mean_q=0.110101 mean_excess_score=0.006945 fraction_excess_positive=0.521484 sampling_entropy=5.782813
RG_SCORE round=520 layer=features.34 mean_q=0.240266 max_q=0.388551 fraction_q_positive=0.998047 sampling_entropy=5.863595 uniform_entropy=6.238325 entropy_gap=0.374729 max_probability_over_uniform=4.543757 min_probability_over_uniform=0.250000
RG_REMAP_SCORE round=520 layer=features.34 mode=excess mean_q=0.240266 mean_excess_score=0.025901 fraction_excess_positive=0.572266 sampling_entropy=5.863595
RG_SCORE round=520 layer=features.37 mean_q=0.202285 max_q=0.367120 fraction_q_positive=0.980469 sampling_entropy=5.862235 uniform_entropy=6.238325 entropy_gap=0.376090 max_probability_over_uniform=4.122812 min_probability_over_uniform=0.250000
RG_REMAP_SCORE round=520 layer=features.37 mode=excess mean_q=0.202285 mean_excess_score=0.031922 fraction_excess_positive=0.564453 sampling_entropy=5.862235
RG_SCORE round=520 layer=features.40 mean_q=0.117755 max_q=0.367341 fraction_q_positive=0.837891 sampling_entropy=5.741305 uniform_entropy=6.238325 entropy_gap=0.497020 max_probability_over_uniform=5.059343 min_probability_over_uniform=0.250000
RG_REMAP_SCORE round=520 layer=features.40 mode=excess mean_q=0.117755 mean_excess_score=0.038922 fraction_excess_positive=0.476562 sampling_entropy=5.741305
ROUND_ACCURACY method=FedPhoenixRG-Excess round=520 accuracy=78.919998
********************************************************************************
Round 520
ROUND_ACCURACY method=FedPhoenixRG-Excess round=521 accuracy=72.879997
********************************************************************************
Round 521
ROUND_ACCURACY method=FedPhoenixRG-Excess round=522 accuracy=71.080002
********************************************************************************
Round 522
ROUND_ACCURACY method=FedPhoenixRG-Excess round=523 accuracy=68.400002
********************************************************************************
Round 523
ROUND_ACCURACY method=FedPhoenixRG-Excess round=524 accuracy=78.050003
********************************************************************************
Round 524
ROUND_ACCURACY method=FedPhoenixRG-Excess round=525 accuracy=76.040001
********************************************************************************
Round 525
ROUND_ACCURACY method=FedPhoenixRG-Excess round=526 accuracy=77.519997
********************************************************************************
Round 526
ROUND_ACCURACY method=FedPhoenixRG-Excess round=527 accuracy=75.139999
********************************************************************************
Round 527
ROUND_ACCURACY method=FedPhoenixRG-Excess round=528 accuracy=76.540001
********************************************************************************
Round 528
ROUND_ACCURACY method=FedPhoenixRG-Excess round=529 accuracy=79.169998
********************************************************************************
Round 529
ROUND_ACCURACY method=FedPhoenixRG-Excess round=530 accuracy=75.269997
********************************************************************************
Round 530
ROUND_ACCURACY method=FedPhoenixRG-Excess round=531 accuracy=68.699997
********************************************************************************
Round 531
ROUND_ACCURACY method=FedPhoenixRG-Excess round=532 accuracy=69.540001
********************************************************************************
Round 532
ROUND_ACCURACY method=FedPhoenixRG-Excess round=533 accuracy=76.430000
********************************************************************************
Round 533
ROUND_ACCURACY method=FedPhoenixRG-Excess round=534 accuracy=76.239998
********************************************************************************
Round 534
ROUND_ACCURACY method=FedPhoenixRG-Excess round=535 accuracy=75.080002
********************************************************************************
Round 535
ROUND_ACCURACY method=FedPhoenixRG-Excess round=536 accuracy=79.809998
********************************************************************************
Round 536
ROUND_ACCURACY method=FedPhoenixRG-Excess round=537 accuracy=78.879997
********************************************************************************
Round 537
ROUND_ACCURACY method=FedPhoenixRG-Excess round=538 accuracy=79.720001
********************************************************************************
Round 538
ROUND_ACCURACY method=FedPhoenixRG-Excess round=539 accuracy=80.250000
********************************************************************************
Round 539
RG_SCORE round=540 layer=features.0 mean_q=0.096062 max_q=0.306848 fraction_q_positive=0.890625 sampling_entropy=3.598122 uniform_entropy=4.158883 entropy_gap=0.560761 max_probability_over_uniform=5.026053 min_probability_over_uniform=0.250000
RG_REMAP_SCORE round=540 layer=features.0 mode=excess mean_q=0.096062 mean_excess_score=0.033100 fraction_excess_positive=0.437500 sampling_entropy=3.598122
RG_SCORE round=540 layer=features.3 mean_q=0.099098 max_q=0.152074 fraction_q_positive=1.000000 sampling_entropy=3.673151 uniform_entropy=4.158883 entropy_gap=0.485732 max_probability_over_uniform=5.010042 min_probability_over_uniform=0.250000
RG_REMAP_SCORE round=540 layer=features.3 mode=excess mean_q=0.099098 mean_excess_score=0.008347 fraction_excess_positive=0.515625 sampling_entropy=3.673151
RG_SCORE round=540 layer=features.7 mean_q=0.098979 max_q=0.170491 fraction_q_positive=1.000000 sampling_entropy=4.348466 uniform_entropy=4.852030 entropy_gap=0.503564 max_probability_over_uniform=6.671256 min_probability_over_uniform=0.250000
RG_REMAP_SCORE round=540 layer=features.7 mode=excess mean_q=0.098979 mean_excess_score=0.008353 fraction_excess_positive=0.476562 sampling_entropy=4.348466
RG_SCORE round=540 layer=features.10 mean_q=0.101295 max_q=0.137255 fraction_q_positive=1.000000 sampling_entropy=4.403559 uniform_entropy=4.852030 entropy_gap=0.448471 max_probability_over_uniform=5.030852 min_probability_over_uniform=0.250000
RG_REMAP_SCORE round=540 layer=features.10 mode=excess mean_q=0.101295 mean_excess_score=0.005641 fraction_excess_positive=0.500000 sampling_entropy=4.403559
RG_SCORE round=540 layer=features.14 mean_q=0.108632 max_q=0.151096 fraction_q_positive=1.000000 sampling_entropy=5.033028 uniform_entropy=5.545177 entropy_gap=0.512149 max_probability_over_uniform=6.025069 min_probability_over_uniform=0.250000
RG_REMAP_SCORE round=540 layer=features.14 mode=excess mean_q=0.108632 mean_excess_score=0.005515 fraction_excess_positive=0.492188 sampling_entropy=5.033028
RG_SCORE round=540 layer=features.17 mean_q=0.106905 max_q=0.146871 fraction_q_positive=1.000000 sampling_entropy=5.083605 uniform_entropy=5.545177 entropy_gap=0.461572 max_probability_over_uniform=5.681646 min_probability_over_uniform=0.250000
RG_REMAP_SCORE round=540 layer=features.17 mode=excess mean_q=0.106905 mean_excess_score=0.005519 fraction_excess_positive=0.507812 sampling_entropy=5.083605
RG_SCORE round=540 layer=features.20 mean_q=0.097612 max_q=0.128566 fraction_q_positive=1.000000 sampling_entropy=5.085138 uniform_entropy=5.545177 entropy_gap=0.460039 max_probability_over_uniform=4.341182 min_probability_over_uniform=0.250000
RG_REMAP_SCORE round=540 layer=features.20 mode=excess mean_q=0.097612 mean_excess_score=0.005675 fraction_excess_positive=0.503906 sampling_entropy=5.085138
RG_SCORE round=540 layer=features.24 mean_q=0.109437 max_q=0.163575 fraction_q_positive=1.000000 sampling_entropy=5.800813 uniform_entropy=6.238325 entropy_gap=0.437511 max_probability_over_uniform=5.347286 min_probability_over_uniform=0.250000
RG_REMAP_SCORE round=540 layer=features.24 mode=excess mean_q=0.109437 mean_excess_score=0.007966 fraction_excess_positive=0.521484 sampling_entropy=5.800813
RG_SCORE round=540 layer=features.27 mean_q=0.112061 max_q=0.183376 fraction_q_positive=1.000000 sampling_entropy=5.800642 uniform_entropy=6.238325 entropy_gap=0.437682 max_probability_over_uniform=6.215750 min_probability_over_uniform=0.250000
RG_REMAP_SCORE round=540 layer=features.27 mode=excess mean_q=0.112061 mean_excess_score=0.008966 fraction_excess_positive=0.548828 sampling_entropy=5.800642
RG_SCORE round=540 layer=features.30 mean_q=0.099384 max_q=0.158613 fraction_q_positive=1.000000 sampling_entropy=5.801591 uniform_entropy=6.238325 entropy_gap=0.436733 max_probability_over_uniform=4.772612 min_probability_over_uniform=0.250000
RG_REMAP_SCORE round=540 layer=features.30 mode=excess mean_q=0.099384 mean_excess_score=0.009822 fraction_excess_positive=0.533203 sampling_entropy=5.801591
RG_SCORE round=540 layer=features.34 mean_q=0.227037 max_q=0.350065 fraction_q_positive=0.998047 sampling_entropy=5.833226 uniform_entropy=6.238325 entropy_gap=0.405098 max_probability_over_uniform=4.423516 min_probability_over_uniform=0.250000
RG_REMAP_SCORE round=540 layer=features.34 mode=excess mean_q=0.227037 mean_excess_score=0.022109 fraction_excess_positive=0.564453 sampling_entropy=5.833226
RG_SCORE round=540 layer=features.37 mean_q=0.253018 max_q=0.385469 fraction_q_positive=1.000000 sampling_entropy=5.795901 uniform_entropy=6.238325 entropy_gap=0.442424 max_probability_over_uniform=4.842209 min_probability_over_uniform=0.250000
RG_REMAP_SCORE round=540 layer=features.37 mode=excess mean_q=0.253018 mean_excess_score=0.021632 fraction_excess_positive=0.541016 sampling_entropy=5.795901
RG_SCORE round=540 layer=features.40 mean_q=0.217038 max_q=0.532135 fraction_q_positive=0.998047 sampling_entropy=5.741804 uniform_entropy=6.238325 entropy_gap=0.496521 max_probability_over_uniform=7.732965 min_probability_over_uniform=0.250000
RG_REMAP_SCORE round=540 layer=features.40 mode=excess mean_q=0.217038 mean_excess_score=0.031581 fraction_excess_positive=0.503906 sampling_entropy=5.741804
ROUND_ACCURACY method=FedPhoenixRG-Excess round=540 accuracy=68.459999
********************************************************************************
Round 540
ROUND_ACCURACY method=FedPhoenixRG-Excess round=541 accuracy=66.639999
********************************************************************************
Round 541
ROUND_ACCURACY method=FedPhoenixRG-Excess round=542 accuracy=72.650002
********************************************************************************
Round 542
ROUND_ACCURACY method=FedPhoenixRG-Excess round=543 accuracy=73.699997
********************************************************************************
Round 543
ROUND_ACCURACY method=FedPhoenixRG-Excess round=544 accuracy=71.199997
********************************************************************************
Round 544
ROUND_ACCURACY method=FedPhoenixRG-Excess round=545 accuracy=75.339996
********************************************************************************
Round 545
ROUND_ACCURACY method=FedPhoenixRG-Excess round=546 accuracy=72.389999
********************************************************************************
Round 546
ROUND_ACCURACY method=FedPhoenixRG-Excess round=547 accuracy=69.639999
********************************************************************************
Round 547
ROUND_ACCURACY method=FedPhoenixRG-Excess round=548 accuracy=68.470001
********************************************************************************
Round 548
ROUND_ACCURACY method=FedPhoenixRG-Excess round=549 accuracy=64.879997
********************************************************************************
Round 549
ROUND_ACCURACY method=FedPhoenixRG-Excess round=550 accuracy=77.930000
********************************************************************************
Round 550
ROUND_ACCURACY method=FedPhoenixRG-Excess round=551 accuracy=73.949997
********************************************************************************
Round 551
ROUND_ACCURACY method=FedPhoenixRG-Excess round=552 accuracy=78.550003
********************************************************************************
Round 552
ROUND_ACCURACY method=FedPhoenixRG-Excess round=553 accuracy=76.760002
********************************************************************************
Round 553
ROUND_ACCURACY method=FedPhoenixRG-Excess round=554 accuracy=73.669998
********************************************************************************
Round 554
ROUND_ACCURACY method=FedPhoenixRG-Excess round=555 accuracy=77.919998
********************************************************************************
Round 555
ROUND_ACCURACY method=FedPhoenixRG-Excess round=556 accuracy=74.239998
********************************************************************************
Round 556
ROUND_ACCURACY method=FedPhoenixRG-Excess round=557 accuracy=75.529999
********************************************************************************
Round 557
ROUND_ACCURACY method=FedPhoenixRG-Excess round=558 accuracy=79.910004
********************************************************************************
Round 558
ROUND_ACCURACY method=FedPhoenixRG-Excess round=559 accuracy=76.500000
********************************************************************************
Round 559
RG_SCORE round=560 layer=features.0 mean_q=0.093519 max_q=0.242353 fraction_q_positive=0.906250 sampling_entropy=3.658036 uniform_entropy=4.158883 entropy_gap=0.500847 max_probability_over_uniform=4.667086 min_probability_over_uniform=0.250000
RG_REMAP_SCORE round=560 layer=features.0 mode=excess mean_q=0.093519 mean_excess_score=0.025271 fraction_excess_positive=0.468750 sampling_entropy=3.658036
RG_SCORE round=560 layer=features.3 mean_q=0.100848 max_q=0.176423 fraction_q_positive=1.000000 sampling_entropy=3.630546 uniform_entropy=4.158883 entropy_gap=0.528337 max_probability_over_uniform=7.805615 min_probability_over_uniform=0.250000
RG_REMAP_SCORE round=560 layer=features.3 mode=excess mean_q=0.100848 mean_excess_score=0.007502 fraction_excess_positive=0.546875 sampling_entropy=3.630546
RG_SCORE round=560 layer=features.7 mean_q=0.100807 max_q=0.151510 fraction_q_positive=1.000000 sampling_entropy=4.359198 uniform_entropy=4.852030 entropy_gap=0.492832 max_probability_over_uniform=5.606585 min_probability_over_uniform=0.250000
RG_REMAP_SCORE round=560 layer=features.7 mode=excess mean_q=0.100807 mean_excess_score=0.007099 fraction_excess_positive=0.523438 sampling_entropy=4.359198
RG_SCORE round=560 layer=features.10 mean_q=0.096874 max_q=0.123917 fraction_q_positive=1.000000 sampling_entropy=4.372440 uniform_entropy=4.852030 entropy_gap=0.479591 max_probability_over_uniform=5.102060 min_probability_over_uniform=0.250000
RG_REMAP_SCORE round=560 layer=features.10 mode=excess mean_q=0.096874 mean_excess_score=0.004180 fraction_excess_positive=0.507812 sampling_entropy=4.372440
RG_SCORE round=560 layer=features.14 mean_q=0.101102 max_q=0.133725 fraction_q_positive=1.000000 sampling_entropy=5.059680 uniform_entropy=5.545177 entropy_gap=0.485497 max_probability_over_uniform=5.359681 min_probability_over_uniform=0.250000
RG_REMAP_SCORE round=560 layer=features.14 mode=excess mean_q=0.101102 mean_excess_score=0.004789 fraction_excess_positive=0.496094 sampling_entropy=5.059680
RG_SCORE round=560 layer=features.17 mean_q=0.099353 max_q=0.145548 fraction_q_positive=1.000000 sampling_entropy=5.030355 uniform_entropy=5.545177 entropy_gap=0.514822 max_probability_over_uniform=7.565557 min_probability_over_uniform=0.250000
RG_REMAP_SCORE round=560 layer=features.17 mode=excess mean_q=0.099353 mean_excess_score=0.004736 fraction_excess_positive=0.472656 sampling_entropy=5.030355
RG_SCORE round=560 layer=features.20 mean_q=0.086819 max_q=0.116524 fraction_q_positive=1.000000 sampling_entropy=5.093080 uniform_entropy=5.545177 entropy_gap=0.452097 max_probability_over_uniform=5.395637 min_probability_over_uniform=0.250000
RG_REMAP_SCORE round=560 layer=features.20 mode=excess mean_q=0.086819 mean_excess_score=0.004330 fraction_excess_positive=0.539062 sampling_entropy=5.093080
RG_SCORE round=560 layer=features.24 mean_q=0.102397 max_q=0.167628 fraction_q_positive=1.000000 sampling_entropy=5.750510 uniform_entropy=6.238325 entropy_gap=0.487814 max_probability_over_uniform=7.134051 min_probability_over_uniform=0.250000
RG_REMAP_SCORE round=560 layer=features.24 mode=excess mean_q=0.102397 mean_excess_score=0.007107 fraction_excess_positive=0.490234 sampling_entropy=5.750510
RG_SCORE round=560 layer=features.27 mean_q=0.102119 max_q=0.175324 fraction_q_positive=1.000000 sampling_entropy=5.764540 uniform_entropy=6.238325 entropy_gap=0.473785 max_probability_over_uniform=7.524362 min_probability_over_uniform=0.250000
RG_REMAP_SCORE round=560 layer=features.27 mode=excess mean_q=0.102119 mean_excess_score=0.007548 fraction_excess_positive=0.531250 sampling_entropy=5.764540
RG_SCORE round=560 layer=features.30 mean_q=0.084443 max_q=0.138886 fraction_q_positive=1.000000 sampling_entropy=5.761144 uniform_entropy=6.238325 entropy_gap=0.477180 max_probability_over_uniform=5.412168 min_probability_over_uniform=0.250000
RG_REMAP_SCORE round=560 layer=features.30 mode=excess mean_q=0.084443 mean_excess_score=0.007910 fraction_excess_positive=0.496094 sampling_entropy=5.761144
RG_SCORE round=560 layer=features.34 mean_q=0.181672 max_q=0.311046 fraction_q_positive=0.990234 sampling_entropy=5.856589 uniform_entropy=6.238325 entropy_gap=0.381736 max_probability_over_uniform=4.055491 min_probability_over_uniform=0.250000
RG_REMAP_SCORE round=560 layer=features.34 mode=excess mean_q=0.181672 mean_excess_score=0.025498 fraction_excess_positive=0.578125 sampling_entropy=5.856589
RG_SCORE round=560 layer=features.37 mean_q=0.158280 max_q=0.312809 fraction_q_positive=0.994141 sampling_entropy=5.796758 uniform_entropy=6.238325 entropy_gap=0.441567 max_probability_over_uniform=4.912423 min_probability_over_uniform=0.250000
RG_REMAP_SCORE round=560 layer=features.37 mode=excess mean_q=0.158280 mean_excess_score=0.024858 fraction_excess_positive=0.529297 sampling_entropy=5.796758
RG_SCORE round=560 layer=features.40 mean_q=0.094245 max_q=0.287878 fraction_q_positive=0.951172 sampling_entropy=5.702432 uniform_entropy=6.238325 entropy_gap=0.535893 max_probability_over_uniform=6.561664 min_probability_over_uniform=0.250000
RG_REMAP_SCORE round=560 layer=features.40 mode=excess mean_q=0.094245 mean_excess_score=0.023009 fraction_excess_positive=0.474609 sampling_entropy=5.702432
ROUND_ACCURACY method=FedPhoenixRG-Excess round=560 accuracy=75.720001
********************************************************************************
Round 560
ROUND_ACCURACY method=FedPhoenixRG-Excess round=561 accuracy=79.699997
********************************************************************************
Round 561
ROUND_ACCURACY method=FedPhoenixRG-Excess round=562 accuracy=77.209999
********************************************************************************
Round 562
ROUND_ACCURACY method=FedPhoenixRG-Excess round=563 accuracy=75.440002
********************************************************************************
Round 563
ROUND_ACCURACY method=FedPhoenixRG-Excess round=564 accuracy=78.620003
********************************************************************************
Round 564
ROUND_ACCURACY method=FedPhoenixRG-Excess round=565 accuracy=78.029999
********************************************************************************
Round 565
ROUND_ACCURACY method=FedPhoenixRG-Excess round=566 accuracy=73.970001
********************************************************************************
Round 566
ROUND_ACCURACY method=FedPhoenixRG-Excess round=567 accuracy=76.690002
********************************************************************************
Round 567
ROUND_ACCURACY method=FedPhoenixRG-Excess round=568 accuracy=74.839996
********************************************************************************
Round 568
ROUND_ACCURACY method=FedPhoenixRG-Excess round=569 accuracy=66.650002
********************************************************************************
Round 569
ROUND_ACCURACY method=FedPhoenixRG-Excess round=570 accuracy=73.070000
********************************************************************************
Round 570
ROUND_ACCURACY method=FedPhoenixRG-Excess round=571 accuracy=79.209999
********************************************************************************
Round 571
ROUND_ACCURACY method=FedPhoenixRG-Excess round=572 accuracy=77.860001
********************************************************************************
Round 572
ROUND_ACCURACY method=FedPhoenixRG-Excess round=573 accuracy=79.230003
********************************************************************************
Round 573
ROUND_ACCURACY method=FedPhoenixRG-Excess round=574 accuracy=81.720001
********************************************************************************
Round 574
ROUND_ACCURACY method=FedPhoenixRG-Excess round=575 accuracy=70.010002
********************************************************************************
Round 575
ROUND_ACCURACY method=FedPhoenixRG-Excess round=576 accuracy=73.430000
********************************************************************************
Round 576
ROUND_ACCURACY method=FedPhoenixRG-Excess round=577 accuracy=80.959999
********************************************************************************
Round 577
ROUND_ACCURACY method=FedPhoenixRG-Excess round=578 accuracy=73.940002
********************************************************************************
Round 578
ROUND_ACCURACY method=FedPhoenixRG-Excess round=579 accuracy=71.680000
********************************************************************************
Round 579
RG_SCORE round=580 layer=features.0 mean_q=0.095149 max_q=0.227345 fraction_q_positive=0.921875 sampling_entropy=3.659191 uniform_entropy=4.158883 entropy_gap=0.499692 max_probability_over_uniform=4.391621 min_probability_over_uniform=0.250000
RG_REMAP_SCORE round=580 layer=features.0 mode=excess mean_q=0.095149 mean_excess_score=0.023939 fraction_excess_positive=0.468750 sampling_entropy=3.659191
RG_SCORE round=580 layer=features.3 mean_q=0.111393 max_q=0.159326 fraction_q_positive=1.000000 sampling_entropy=3.637152 uniform_entropy=4.158883 entropy_gap=0.521731 max_probability_over_uniform=4.720496 min_probability_over_uniform=0.250000
RG_REMAP_SCORE round=580 layer=features.3 mode=excess mean_q=0.111393 mean_excess_score=0.008042 fraction_excess_positive=0.453125 sampling_entropy=3.637152
RG_SCORE round=580 layer=features.7 mean_q=0.114162 max_q=0.163643 fraction_q_positive=1.000000 sampling_entropy=4.349856 uniform_entropy=4.852030 entropy_gap=0.502174 max_probability_over_uniform=5.398148 min_probability_over_uniform=0.250000
RG_REMAP_SCORE round=580 layer=features.7 mode=excess mean_q=0.114162 mean_excess_score=0.007209 fraction_excess_positive=0.500000 sampling_entropy=4.349856
RG_SCORE round=580 layer=features.10 mean_q=0.111310 max_q=0.137834 fraction_q_positive=1.000000 sampling_entropy=4.355455 uniform_entropy=4.852030 entropy_gap=0.496575 max_probability_over_uniform=5.047655 min_probability_over_uniform=0.250000
RG_REMAP_SCORE round=580 layer=features.10 mode=excess mean_q=0.111310 mean_excess_score=0.004146 fraction_excess_positive=0.507812 sampling_entropy=4.355455
RG_SCORE round=580 layer=features.14 mean_q=0.119275 max_q=0.147151 fraction_q_positive=1.000000 sampling_entropy=5.067699 uniform_entropy=5.545177 entropy_gap=0.477478 max_probability_over_uniform=4.767191 min_probability_over_uniform=0.250000
RG_REMAP_SCORE round=580 layer=features.14 mode=excess mean_q=0.119275 mean_excess_score=0.004628 fraction_excess_positive=0.507812 sampling_entropy=5.067699
RG_SCORE round=580 layer=features.17 mean_q=0.120549 max_q=0.150947 fraction_q_positive=1.000000 sampling_entropy=5.037951 uniform_entropy=5.545177 entropy_gap=0.507226 max_probability_over_uniform=5.555492 min_probability_over_uniform=0.250000
RG_REMAP_SCORE round=580 layer=features.17 mode=excess mean_q=0.120549 mean_excess_score=0.004297 fraction_excess_positive=0.480469 sampling_entropy=5.037951
RG_SCORE round=580 layer=features.20 mean_q=0.108069 max_q=0.141301 fraction_q_positive=1.000000 sampling_entropy=4.988635 uniform_entropy=5.545177 entropy_gap=0.556542 max_probability_over_uniform=6.485791 min_probability_over_uniform=0.250000
RG_REMAP_SCORE round=580 layer=features.20 mode=excess mean_q=0.108069 mean_excess_score=0.003997 fraction_excess_positive=0.492188 sampling_entropy=4.988635
RG_SCORE round=580 layer=features.24 mean_q=0.130104 max_q=0.173818 fraction_q_positive=1.000000 sampling_entropy=5.757536 uniform_entropy=6.238325 entropy_gap=0.480789 max_probability_over_uniform=5.315305 min_probability_over_uniform=0.250000
RG_REMAP_SCORE round=580 layer=features.24 mode=excess mean_q=0.130104 mean_excess_score=0.006473 fraction_excess_positive=0.505859 sampling_entropy=5.757536
RG_SCORE round=580 layer=features.27 mean_q=0.128331 max_q=0.175702 fraction_q_positive=1.000000 sampling_entropy=5.749324 uniform_entropy=6.238325 entropy_gap=0.489001 max_probability_over_uniform=5.952283 min_probability_over_uniform=0.250000
RG_REMAP_SCORE round=580 layer=features.27 mode=excess mean_q=0.128331 mean_excess_score=0.006231 fraction_excess_positive=0.509766 sampling_entropy=5.749324
RG_SCORE round=580 layer=features.30 mean_q=0.114910 max_q=0.180928 fraction_q_positive=1.000000 sampling_entropy=5.726844 uniform_entropy=6.238325 entropy_gap=0.511480 max_probability_over_uniform=7.084387 min_probability_over_uniform=0.250000
RG_REMAP_SCORE round=580 layer=features.30 mode=excess mean_q=0.114910 mean_excess_score=0.007245 fraction_excess_positive=0.500000 sampling_entropy=5.726844
RG_SCORE round=580 layer=features.34 mean_q=0.232922 max_q=0.379858 fraction_q_positive=0.998047 sampling_entropy=5.836241 uniform_entropy=6.238325 entropy_gap=0.402084 max_probability_over_uniform=5.109331 min_probability_over_uniform=0.250000
RG_REMAP_SCORE round=580 layer=features.34 mode=excess mean_q=0.232922 mean_excess_score=0.022678 fraction_excess_positive=0.560547 sampling_entropy=5.836241
RG_SCORE round=580 layer=features.37 mean_q=0.186657 max_q=0.328282 fraction_q_positive=0.996094 sampling_entropy=5.798262 uniform_entropy=6.238325 entropy_gap=0.440062 max_probability_over_uniform=4.511960 min_probability_over_uniform=0.250000
RG_REMAP_SCORE round=580 layer=features.37 mode=excess mean_q=0.186657 mean_excess_score=0.024923 fraction_excess_positive=0.548828 sampling_entropy=5.798262
RG_SCORE round=580 layer=features.40 mean_q=0.105595 max_q=0.385936 fraction_q_positive=0.923828 sampling_entropy=5.702283 uniform_entropy=6.238325 entropy_gap=0.536042 max_probability_over_uniform=7.239940 min_probability_over_uniform=0.250000
RG_REMAP_SCORE round=580 layer=features.40 mode=excess mean_q=0.105595 mean_excess_score=0.030080 fraction_excess_positive=0.466797 sampling_entropy=5.702283
ROUND_ACCURACY method=FedPhoenixRG-Excess round=580 accuracy=81.209999
********************************************************************************
Round 580
ROUND_ACCURACY method=FedPhoenixRG-Excess round=581 accuracy=80.430000
********************************************************************************
Round 581
ROUND_ACCURACY method=FedPhoenixRG-Excess round=582 accuracy=80.250000
********************************************************************************
Round 582
ROUND_ACCURACY method=FedPhoenixRG-Excess round=583 accuracy=77.360001
********************************************************************************
Round 583
ROUND_ACCURACY method=FedPhoenixRG-Excess round=584 accuracy=76.599998
********************************************************************************
Round 584
ROUND_ACCURACY method=FedPhoenixRG-Excess round=585 accuracy=76.610001
********************************************************************************
Round 585
ROUND_ACCURACY method=FedPhoenixRG-Excess round=586 accuracy=78.080002
********************************************************************************
Round 586
ROUND_ACCURACY method=FedPhoenixRG-Excess round=587 accuracy=66.839996
********************************************************************************
Round 587
ROUND_ACCURACY method=FedPhoenixRG-Excess round=588 accuracy=72.820000
********************************************************************************
Round 588
ROUND_ACCURACY method=FedPhoenixRG-Excess round=589 accuracy=76.589996
********************************************************************************
Round 589
ROUND_ACCURACY method=FedPhoenixRG-Excess round=590 accuracy=77.300003
********************************************************************************
Round 590
ROUND_ACCURACY method=FedPhoenixRG-Excess round=591 accuracy=68.790001
********************************************************************************
Round 591
ROUND_ACCURACY method=FedPhoenixRG-Excess round=592 accuracy=66.360001
********************************************************************************
Round 592
ROUND_ACCURACY method=FedPhoenixRG-Excess round=593 accuracy=80.150002
********************************************************************************
Round 593
ROUND_ACCURACY method=FedPhoenixRG-Excess round=594 accuracy=74.330002
********************************************************************************
Round 594
ROUND_ACCURACY method=FedPhoenixRG-Excess round=595 accuracy=77.860001
********************************************************************************
Round 595
ROUND_ACCURACY method=FedPhoenixRG-Excess round=596 accuracy=77.559998
********************************************************************************
Round 596
ROUND_ACCURACY method=FedPhoenixRG-Excess round=597 accuracy=78.120003
********************************************************************************
Round 597
ROUND_ACCURACY method=FedPhoenixRG-Excess round=598 accuracy=67.900002
********************************************************************************
Round 598
ROUND_ACCURACY method=FedPhoenixRG-Excess round=599 accuracy=73.410004
********************************************************************************
Round 599
RG_SCORE round=600 layer=features.0 mean_q=0.095013 max_q=0.246901 fraction_q_positive=0.828125 sampling_entropy=3.682404 uniform_entropy=4.158883 entropy_gap=0.476480 max_probability_over_uniform=4.116836 min_probability_over_uniform=0.250000
RG_REMAP_SCORE round=600 layer=features.0 mode=excess mean_q=0.095013 mean_excess_score=0.029460 fraction_excess_positive=0.500000 sampling_entropy=3.682404
RG_SCORE round=600 layer=features.3 mean_q=0.100844 max_q=0.138626 fraction_q_positive=1.000000 sampling_entropy=3.636897 uniform_entropy=4.158883 entropy_gap=0.521986 max_probability_over_uniform=4.134823 min_probability_over_uniform=0.250000
RG_REMAP_SCORE round=600 layer=features.3 mode=excess mean_q=0.100844 mean_excess_score=0.007294 fraction_excess_positive=0.500000 sampling_entropy=3.636897
RG_SCORE round=600 layer=features.7 mean_q=0.102353 max_q=0.149765 fraction_q_positive=1.000000 sampling_entropy=4.327509 uniform_entropy=4.852030 entropy_gap=0.524522 max_probability_over_uniform=5.190113 min_probability_over_uniform=0.250000
RG_REMAP_SCORE round=600 layer=features.7 mode=excess mean_q=0.102353 mean_excess_score=0.007198 fraction_excess_positive=0.523438 sampling_entropy=4.327509
RG_SCORE round=600 layer=features.10 mean_q=0.099897 max_q=0.133700 fraction_q_positive=1.000000 sampling_entropy=4.339487 uniform_entropy=4.852030 entropy_gap=0.512543 max_probability_over_uniform=5.978677 min_probability_over_uniform=0.250000
RG_REMAP_SCORE round=600 layer=features.10 mode=excess mean_q=0.099897 mean_excess_score=0.004426 fraction_excess_positive=0.453125 sampling_entropy=4.339487
RG_SCORE round=600 layer=features.14 mean_q=0.105048 max_q=0.136525 fraction_q_positive=1.000000 sampling_entropy=5.078243 uniform_entropy=5.545177 entropy_gap=0.466934 max_probability_over_uniform=5.062226 min_probability_over_uniform=0.250000
RG_REMAP_SCORE round=600 layer=features.14 mode=excess mean_q=0.105048 mean_excess_score=0.004906 fraction_excess_positive=0.546875 sampling_entropy=5.078243
RG_SCORE round=600 layer=features.17 mean_q=0.104952 max_q=0.147068 fraction_q_positive=1.000000 sampling_entropy=4.982895 uniform_entropy=5.545177 entropy_gap=0.562282 max_probability_over_uniform=7.372955 min_probability_over_uniform=0.250000
RG_REMAP_SCORE round=600 layer=features.17 mode=excess mean_q=0.104952 mean_excess_score=0.004435 fraction_excess_positive=0.472656 sampling_entropy=4.982895
RG_SCORE round=600 layer=features.20 mean_q=0.095061 max_q=0.126905 fraction_q_positive=1.000000 sampling_entropy=5.058519 uniform_entropy=5.545177 entropy_gap=0.486659 max_probability_over_uniform=5.691852 min_probability_over_uniform=0.250000
RG_REMAP_SCORE round=600 layer=features.20 mode=excess mean_q=0.095061 mean_excess_score=0.004389 fraction_excess_positive=0.503906 sampling_entropy=5.058519
RG_SCORE round=600 layer=features.24 mean_q=0.120014 max_q=0.163689 fraction_q_positive=1.000000 sampling_entropy=5.743587 uniform_entropy=6.238325 entropy_gap=0.494737 max_probability_over_uniform=5.269799 min_probability_over_uniform=0.250000
RG_REMAP_SCORE round=600 layer=features.24 mode=excess mean_q=0.120014 mean_excess_score=0.006525 fraction_excess_positive=0.525391 sampling_entropy=5.743587
RG_SCORE round=600 layer=features.27 mean_q=0.124745 max_q=0.171701 fraction_q_positive=1.000000 sampling_entropy=5.788286 uniform_entropy=6.238325 entropy_gap=0.450038 max_probability_over_uniform=5.072835 min_probability_over_uniform=0.250000
RG_REMAP_SCORE round=600 layer=features.27 mode=excess mean_q=0.124745 mean_excess_score=0.007302 fraction_excess_positive=0.515625 sampling_entropy=5.788286
RG_SCORE round=600 layer=features.30 mean_q=0.116769 max_q=0.161528 fraction_q_positive=1.000000 sampling_entropy=5.756777 uniform_entropy=6.238325 entropy_gap=0.481548 max_probability_over_uniform=5.098084 min_probability_over_uniform=0.250000
RG_REMAP_SCORE round=600 layer=features.30 mode=excess mean_q=0.116769 mean_excess_score=0.006924 fraction_excess_positive=0.498047 sampling_entropy=5.756777
RG_SCORE round=600 layer=features.34 mean_q=0.247443 max_q=0.380272 fraction_q_positive=1.000000 sampling_entropy=5.836245 uniform_entropy=6.238325 entropy_gap=0.402079 max_probability_over_uniform=5.179270 min_probability_over_uniform=0.250000
RG_REMAP_SCORE round=600 layer=features.34 mode=excess mean_q=0.247443 mean_excess_score=0.020210 fraction_excess_positive=0.539062 sampling_entropy=5.836245
RG_SCORE round=600 layer=features.37 mean_q=0.250474 max_q=0.369785 fraction_q_positive=1.000000 sampling_entropy=5.781678 uniform_entropy=6.238325 entropy_gap=0.456647 max_probability_over_uniform=5.674791 min_probability_over_uniform=0.250000
RG_REMAP_SCORE round=600 layer=features.37 mode=excess mean_q=0.250474 mean_excess_score=0.016495 fraction_excess_positive=0.529297 sampling_entropy=5.781678
RG_SCORE round=600 layer=features.40 mean_q=0.208158 max_q=0.414247 fraction_q_positive=1.000000 sampling_entropy=5.777457 uniform_entropy=6.238325 entropy_gap=0.460867 max_probability_over_uniform=5.823586 min_probability_over_uniform=0.250000
RG_REMAP_SCORE round=600 layer=features.40 mode=excess mean_q=0.208158 mean_excess_score=0.027732 fraction_excess_positive=0.513672 sampling_entropy=5.777457
ROUND_ACCURACY method=FedPhoenixRG-Excess round=600 accuracy=78.529999
********************************************************************************
Round 600
ROUND_ACCURACY method=FedPhoenixRG-Excess round=601 accuracy=78.500000
********************************************************************************
Round 601
ROUND_ACCURACY method=FedPhoenixRG-Excess round=602 accuracy=78.610001
********************************************************************************
Round 602
ROUND_ACCURACY method=FedPhoenixRG-Excess round=603 accuracy=80.699997
********************************************************************************
Round 603
ROUND_ACCURACY method=FedPhoenixRG-Excess round=604 accuracy=80.349998
********************************************************************************
Round 604
ROUND_ACCURACY method=FedPhoenixRG-Excess round=605 accuracy=73.790001
********************************************************************************
Round 605
ROUND_ACCURACY method=FedPhoenixRG-Excess round=606 accuracy=79.129997
********************************************************************************
Round 606
ROUND_ACCURACY method=FedPhoenixRG-Excess round=607 accuracy=69.809998
********************************************************************************
Round 607
ROUND_ACCURACY method=FedPhoenixRG-Excess round=608 accuracy=77.370003
********************************************************************************
Round 608
ROUND_ACCURACY method=FedPhoenixRG-Excess round=609 accuracy=81.040001
********************************************************************************
Round 609
ROUND_ACCURACY method=FedPhoenixRG-Excess round=610 accuracy=73.430000
********************************************************************************
Round 610
ROUND_ACCURACY method=FedPhoenixRG-Excess round=611 accuracy=81.080002
********************************************************************************
Round 611
ROUND_ACCURACY method=FedPhoenixRG-Excess round=612 accuracy=80.099998
********************************************************************************
Round 612
ROUND_ACCURACY method=FedPhoenixRG-Excess round=613 accuracy=76.589996
********************************************************************************
Round 613
ROUND_ACCURACY method=FedPhoenixRG-Excess round=614 accuracy=73.690002
********************************************************************************
Round 614
ROUND_ACCURACY method=FedPhoenixRG-Excess round=615 accuracy=76.940002
********************************************************************************
Round 615
ROUND_ACCURACY method=FedPhoenixRG-Excess round=616 accuracy=79.930000
********************************************************************************
Round 616
ROUND_ACCURACY method=FedPhoenixRG-Excess round=617 accuracy=79.510002
********************************************************************************
Round 617
ROUND_ACCURACY method=FedPhoenixRG-Excess round=618 accuracy=77.559998
********************************************************************************
Round 618
ROUND_ACCURACY method=FedPhoenixRG-Excess round=619 accuracy=76.629997
********************************************************************************
Round 619
RG_SCORE round=620 layer=features.0 mean_q=0.120347 max_q=0.291127 fraction_q_positive=0.890625 sampling_entropy=3.625553 uniform_entropy=4.158883 entropy_gap=0.533330 max_probability_over_uniform=4.102541 min_probability_over_uniform=0.250000
RG_REMAP_SCORE round=620 layer=features.0 mode=excess mean_q=0.120347 mean_excess_score=0.033247 fraction_excess_positive=0.421875 sampling_entropy=3.625553
RG_SCORE round=620 layer=features.3 mean_q=0.094182 max_q=0.163949 fraction_q_positive=1.000000 sampling_entropy=3.623807 uniform_entropy=4.158883 entropy_gap=0.535076 max_probability_over_uniform=6.599438 min_probability_over_uniform=0.250000
RG_REMAP_SCORE round=620 layer=features.3 mode=excess mean_q=0.094182 mean_excess_score=0.008241 fraction_excess_positive=0.453125 sampling_entropy=3.623807
RG_SCORE round=620 layer=features.7 mean_q=0.105236 max_q=0.162175 fraction_q_positive=1.000000 sampling_entropy=4.363058 uniform_entropy=4.852030 entropy_gap=0.488973 max_probability_over_uniform=5.766164 min_probability_over_uniform=0.250000
RG_REMAP_SCORE round=620 layer=features.7 mode=excess mean_q=0.105236 mean_excess_score=0.007742 fraction_excess_positive=0.507812 sampling_entropy=4.363058
RG_SCORE round=620 layer=features.10 mean_q=0.103000 max_q=0.139620 fraction_q_positive=1.000000 sampling_entropy=4.354867 uniform_entropy=4.852030 entropy_gap=0.497163 max_probability_over_uniform=5.924303 min_probability_over_uniform=0.250000
RG_REMAP_SCORE round=620 layer=features.10 mode=excess mean_q=0.103000 mean_excess_score=0.004840 fraction_excess_positive=0.507812 sampling_entropy=4.354867
RG_SCORE round=620 layer=features.14 mean_q=0.111328 max_q=0.154417 fraction_q_positive=1.000000 sampling_entropy=5.032937 uniform_entropy=5.545177 entropy_gap=0.512241 max_probability_over_uniform=6.724157 min_probability_over_uniform=0.250000
RG_REMAP_SCORE round=620 layer=features.14 mode=excess mean_q=0.111328 mean_excess_score=0.004992 fraction_excess_positive=0.468750 sampling_entropy=5.032937
RG_SCORE round=620 layer=features.17 mean_q=0.113974 max_q=0.159873 fraction_q_positive=1.000000 sampling_entropy=5.024658 uniform_entropy=5.545177 entropy_gap=0.520519 max_probability_over_uniform=8.079079 min_probability_over_uniform=0.250000
RG_REMAP_SCORE round=620 layer=features.17 mode=excess mean_q=0.113974 mean_excess_score=0.004397 fraction_excess_positive=0.503906 sampling_entropy=5.024658
RG_SCORE round=620 layer=features.20 mean_q=0.097850 max_q=0.124035 fraction_q_positive=1.000000 sampling_entropy=5.042078 uniform_entropy=5.545177 entropy_gap=0.503100 max_probability_over_uniform=5.038791 min_probability_over_uniform=0.250000
RG_REMAP_SCORE round=620 layer=features.20 mode=excess mean_q=0.097850 mean_excess_score=0.004101 fraction_excess_positive=0.492188 sampling_entropy=5.042078
RG_SCORE round=620 layer=features.24 mean_q=0.126092 max_q=0.193137 fraction_q_positive=1.000000 sampling_entropy=5.743374 uniform_entropy=6.238325 entropy_gap=0.494950 max_probability_over_uniform=8.087286 min_probability_over_uniform=0.250000
RG_REMAP_SCORE round=620 layer=features.24 mode=excess mean_q=0.126092 mean_excess_score=0.006416 fraction_excess_positive=0.501953 sampling_entropy=5.743374
RG_SCORE round=620 layer=features.27 mean_q=0.130290 max_q=0.196428 fraction_q_positive=1.000000 sampling_entropy=5.793746 uniform_entropy=6.238325 entropy_gap=0.444579 max_probability_over_uniform=7.187447 min_probability_over_uniform=0.250000
RG_REMAP_SCORE round=620 layer=features.27 mode=excess mean_q=0.130290 mean_excess_score=0.007150 fraction_excess_positive=0.546875 sampling_entropy=5.793746
RG_SCORE round=620 layer=features.30 mean_q=0.110793 max_q=0.175684 fraction_q_positive=1.000000 sampling_entropy=5.806462 uniform_entropy=6.238325 entropy_gap=0.431862 max_probability_over_uniform=5.050720 min_probability_over_uniform=0.250000
RG_REMAP_SCORE round=620 layer=features.30 mode=excess mean_q=0.110793 mean_excess_score=0.010138 fraction_excess_positive=0.548828 sampling_entropy=5.806462
RG_SCORE round=620 layer=features.34 mean_q=0.212358 max_q=0.424773 fraction_q_positive=0.962891 sampling_entropy=5.859225 uniform_entropy=6.238325 entropy_gap=0.379100 max_probability_over_uniform=4.482128 min_probability_over_uniform=0.250000
RG_REMAP_SCORE round=620 layer=features.34 mode=excess mean_q=0.212358 mean_excess_score=0.037643 fraction_excess_positive=0.578125 sampling_entropy=5.859225
RG_SCORE round=620 layer=features.37 mean_q=0.188207 max_q=0.391738 fraction_q_positive=0.957031 sampling_entropy=5.842199 uniform_entropy=6.238325 entropy_gap=0.396126 max_probability_over_uniform=4.367299 min_probability_over_uniform=0.250000
RG_REMAP_SCORE round=620 layer=features.37 mode=excess mean_q=0.188207 mean_excess_score=0.037075 fraction_excess_positive=0.550781 sampling_entropy=5.842199
RG_SCORE round=620 layer=features.40 mean_q=0.136230 max_q=0.447799 fraction_q_positive=0.878906 sampling_entropy=5.721853 uniform_entropy=6.238325 entropy_gap=0.516472 max_probability_over_uniform=6.076567 min_probability_over_uniform=0.250000
RG_REMAP_SCORE round=620 layer=features.40 mode=excess mean_q=0.136230 mean_excess_score=0.040105 fraction_excess_positive=0.484375 sampling_entropy=5.721853
ROUND_ACCURACY method=FedPhoenixRG-Excess round=620 accuracy=69.160004
********************************************************************************
Round 620
ROUND_ACCURACY method=FedPhoenixRG-Excess round=621 accuracy=64.570000
********************************************************************************
Round 621
ROUND_ACCURACY method=FedPhoenixRG-Excess round=622 accuracy=76.980003
********************************************************************************
Round 622
ROUND_ACCURACY method=FedPhoenixRG-Excess round=623 accuracy=55.630001
********************************************************************************
Round 623
ROUND_ACCURACY method=FedPhoenixRG-Excess round=624 accuracy=72.300003
********************************************************************************
Round 624
ROUND_ACCURACY method=FedPhoenixRG-Excess round=625 accuracy=76.070000
********************************************************************************
Round 625
ROUND_ACCURACY method=FedPhoenixRG-Excess round=626 accuracy=68.680000
********************************************************************************
Round 626
ROUND_ACCURACY method=FedPhoenixRG-Excess round=627 accuracy=75.610001
********************************************************************************
Round 627
ROUND_ACCURACY method=FedPhoenixRG-Excess round=628 accuracy=74.110001
********************************************************************************
Round 628
ROUND_ACCURACY method=FedPhoenixRG-Excess round=629 accuracy=77.519997
********************************************************************************
Round 629
ROUND_ACCURACY method=FedPhoenixRG-Excess round=630 accuracy=79.660004
********************************************************************************
Round 630
ROUND_ACCURACY method=FedPhoenixRG-Excess round=631 accuracy=80.349998
********************************************************************************
Round 631
ROUND_ACCURACY method=FedPhoenixRG-Excess round=632 accuracy=74.470001
********************************************************************************
Round 632
ROUND_ACCURACY method=FedPhoenixRG-Excess round=633 accuracy=72.300003
********************************************************************************
Round 633
ROUND_ACCURACY method=FedPhoenixRG-Excess round=634 accuracy=78.059998
********************************************************************************
Round 634
ROUND_ACCURACY method=FedPhoenixRG-Excess round=635 accuracy=76.830002
********************************************************************************
Round 635
ROUND_ACCURACY method=FedPhoenixRG-Excess round=636 accuracy=78.410004
********************************************************************************
Round 636
ROUND_ACCURACY method=FedPhoenixRG-Excess round=637 accuracy=80.500000
********************************************************************************
Round 637
ROUND_ACCURACY method=FedPhoenixRG-Excess round=638 accuracy=78.260002
********************************************************************************
Round 638
ROUND_ACCURACY method=FedPhoenixRG-Excess round=639 accuracy=66.300003
********************************************************************************
Round 639
RG_SCORE round=640 layer=features.0 mean_q=0.063469 max_q=0.263622 fraction_q_positive=0.750000 sampling_entropy=3.595727 uniform_entropy=4.158883 entropy_gap=0.563156 max_probability_over_uniform=6.234536 min_probability_over_uniform=0.250000
RG_REMAP_SCORE round=640 layer=features.0 mode=excess mean_q=0.063469 mean_excess_score=0.025084 fraction_excess_positive=0.468750 sampling_entropy=3.595727
RG_SCORE round=640 layer=features.3 mean_q=0.050379 max_q=0.114154 fraction_q_positive=0.984375 sampling_entropy=3.626918 uniform_entropy=4.158883 entropy_gap=0.531965 max_probability_over_uniform=5.213888 min_probability_over_uniform=0.250000
RG_REMAP_SCORE round=640 layer=features.3 mode=excess mean_q=0.050379 mean_excess_score=0.009636 fraction_excess_positive=0.484375 sampling_entropy=3.626918
RG_SCORE round=640 layer=features.7 mean_q=0.065184 max_q=0.112396 fraction_q_positive=1.000000 sampling_entropy=4.343803 uniform_entropy=4.852030 entropy_gap=0.508227 max_probability_over_uniform=5.174027 min_probability_over_uniform=0.250000
RG_REMAP_SCORE round=640 layer=features.7 mode=excess mean_q=0.065184 mean_excess_score=0.007191 fraction_excess_positive=0.484375 sampling_entropy=4.343803
RG_SCORE round=640 layer=features.10 mean_q=0.069676 max_q=0.101143 fraction_q_positive=1.000000 sampling_entropy=4.415340 uniform_entropy=4.852030 entropy_gap=0.436690 max_probability_over_uniform=4.685267 min_probability_over_uniform=0.250000
RG_REMAP_SCORE round=640 layer=features.10 mode=excess mean_q=0.069676 mean_excess_score=0.005321 fraction_excess_positive=0.507812 sampling_entropy=4.415340
RG_SCORE round=640 layer=features.14 mean_q=0.077707 max_q=0.122027 fraction_q_positive=1.000000 sampling_entropy=4.998686 uniform_entropy=5.545177 entropy_gap=0.546491 max_probability_over_uniform=6.155072 min_probability_over_uniform=0.250000
RG_REMAP_SCORE round=640 layer=features.14 mode=excess mean_q=0.077707 mean_excess_score=0.005629 fraction_excess_positive=0.468750 sampling_entropy=4.998686
RG_SCORE round=640 layer=features.17 mean_q=0.081487 max_q=0.122891 fraction_q_positive=1.000000 sampling_entropy=5.062734 uniform_entropy=5.545177 entropy_gap=0.482443 max_probability_over_uniform=5.773008 min_probability_over_uniform=0.250000
RG_REMAP_SCORE round=640 layer=features.17 mode=excess mean_q=0.081487 mean_excess_score=0.005623 fraction_excess_positive=0.488281 sampling_entropy=5.062734
RG_SCORE round=640 layer=features.20 mean_q=0.074771 max_q=0.108030 fraction_q_positive=1.000000 sampling_entropy=5.114757 uniform_entropy=5.545177 entropy_gap=0.430420 max_probability_over_uniform=4.936105 min_probability_over_uniform=0.250000
RG_REMAP_SCORE round=640 layer=features.20 mode=excess mean_q=0.074771 mean_excess_score=0.005323 fraction_excess_positive=0.542969 sampling_entropy=5.114757
RG_SCORE round=640 layer=features.24 mean_q=0.098221 max_q=0.149138 fraction_q_positive=1.000000 sampling_entropy=5.754925 uniform_entropy=6.238325 entropy_gap=0.483399 max_probability_over_uniform=5.106887 min_probability_over_uniform=0.250000
RG_REMAP_SCORE round=640 layer=features.24 mode=excess mean_q=0.098221 mean_excess_score=0.007863 fraction_excess_positive=0.509766 sampling_entropy=5.754925
RG_SCORE round=640 layer=features.27 mean_q=0.115959 max_q=0.170771 fraction_q_positive=1.000000 sampling_entropy=5.801334 uniform_entropy=6.238325 entropy_gap=0.436991 max_probability_over_uniform=4.461496 min_probability_over_uniform=0.250000
RG_REMAP_SCORE round=640 layer=features.27 mode=excess mean_q=0.115959 mean_excess_score=0.009761 fraction_excess_positive=0.533203 sampling_entropy=5.801334
RG_SCORE round=640 layer=features.30 mean_q=0.098671 max_q=0.162102 fraction_q_positive=1.000000 sampling_entropy=5.719023 uniform_entropy=6.238325 entropy_gap=0.519302 max_probability_over_uniform=6.503161 min_probability_over_uniform=0.250000
RG_REMAP_SCORE round=640 layer=features.30 mode=excess mean_q=0.098671 mean_excess_score=0.007608 fraction_excess_positive=0.490234 sampling_entropy=5.719023
RG_SCORE round=640 layer=features.34 mean_q=0.209557 max_q=0.354309 fraction_q_positive=0.994141 sampling_entropy=5.845093 uniform_entropy=6.238325 entropy_gap=0.393232 max_probability_over_uniform=4.511790 min_probability_over_uniform=0.250000
RG_REMAP_SCORE round=640 layer=features.34 mode=excess mean_q=0.209557 mean_excess_score=0.025474 fraction_excess_positive=0.560547 sampling_entropy=5.845093
RG_SCORE round=640 layer=features.37 mean_q=0.163207 max_q=0.291410 fraction_q_positive=0.988281 sampling_entropy=5.818994 uniform_entropy=6.238325 entropy_gap=0.419331 max_probability_over_uniform=4.148577 min_probability_over_uniform=0.250000
RG_REMAP_SCORE round=640 layer=features.37 mode=excess mean_q=0.163207 mean_excess_score=0.024663 fraction_excess_positive=0.544922 sampling_entropy=5.818994
RG_SCORE round=640 layer=features.40 mean_q=0.104278 max_q=0.320879 fraction_q_positive=0.906250 sampling_entropy=5.730710 uniform_entropy=6.238325 entropy_gap=0.507615 max_probability_over_uniform=5.622114 min_probability_over_uniform=0.250000
RG_REMAP_SCORE round=640 layer=features.40 mode=excess mean_q=0.104278 mean_excess_score=0.030240 fraction_excess_positive=0.480469 sampling_entropy=5.730710
ROUND_ACCURACY method=FedPhoenixRG-Excess round=640 accuracy=78.330002
********************************************************************************
Round 640
ROUND_ACCURACY method=FedPhoenixRG-Excess round=641 accuracy=78.790001
********************************************************************************
Round 641
ROUND_ACCURACY method=FedPhoenixRG-Excess round=642 accuracy=74.029999
********************************************************************************
Round 642
ROUND_ACCURACY method=FedPhoenixRG-Excess round=643 accuracy=78.750000
********************************************************************************
Round 643
ROUND_ACCURACY method=FedPhoenixRG-Excess round=644 accuracy=76.150002
********************************************************************************
Round 644
ROUND_ACCURACY method=FedPhoenixRG-Excess round=645 accuracy=73.480003
********************************************************************************
Round 645
ROUND_ACCURACY method=FedPhoenixRG-Excess round=646 accuracy=74.870003
********************************************************************************
Round 646
ROUND_ACCURACY method=FedPhoenixRG-Excess round=647 accuracy=81.000000
********************************************************************************
Round 647
ROUND_ACCURACY method=FedPhoenixRG-Excess round=648 accuracy=81.160004
********************************************************************************
Round 648
ROUND_ACCURACY method=FedPhoenixRG-Excess round=649 accuracy=80.489998
********************************************************************************
Round 649
ROUND_ACCURACY method=FedPhoenixRG-Excess round=650 accuracy=80.699997
********************************************************************************
Round 650
ROUND_ACCURACY method=FedPhoenixRG-Excess round=651 accuracy=79.209999
********************************************************************************
Round 651
ROUND_ACCURACY method=FedPhoenixRG-Excess round=652 accuracy=77.650002
********************************************************************************
Round 652
ROUND_ACCURACY method=FedPhoenixRG-Excess round=653 accuracy=74.120003
********************************************************************************
Round 653
ROUND_ACCURACY method=FedPhoenixRG-Excess round=654 accuracy=78.360001
********************************************************************************
Round 654
ROUND_ACCURACY method=FedPhoenixRG-Excess round=655 accuracy=80.019997
********************************************************************************
Round 655
ROUND_ACCURACY method=FedPhoenixRG-Excess round=656 accuracy=72.500000
********************************************************************************
Round 656
ROUND_ACCURACY method=FedPhoenixRG-Excess round=657 accuracy=81.230003
********************************************************************************
Round 657
ROUND_ACCURACY method=FedPhoenixRG-Excess round=658 accuracy=79.620003
********************************************************************************
Round 658
ROUND_ACCURACY method=FedPhoenixRG-Excess round=659 accuracy=70.059998
********************************************************************************
Round 659
RG_SCORE round=660 layer=features.0 mean_q=0.095843 max_q=0.305112 fraction_q_positive=0.890625 sampling_entropy=3.626996 uniform_entropy=4.158883 entropy_gap=0.531887 max_probability_over_uniform=5.738766 min_probability_over_uniform=0.250000
RG_REMAP_SCORE round=660 layer=features.0 mode=excess mean_q=0.095843 mean_excess_score=0.028595 fraction_excess_positive=0.468750 sampling_entropy=3.626996
RG_SCORE round=660 layer=features.3 mean_q=0.086942 max_q=0.118881 fraction_q_positive=1.000000 sampling_entropy=3.774751 uniform_entropy=4.158883 entropy_gap=0.384132 max_probability_over_uniform=3.839889 min_probability_over_uniform=0.250000
RG_REMAP_SCORE round=660 layer=features.3 mode=excess mean_q=0.086942 mean_excess_score=0.006673 fraction_excess_positive=0.562500 sampling_entropy=3.774751
RG_SCORE round=660 layer=features.7 mean_q=0.088471 max_q=0.124736 fraction_q_positive=1.000000 sampling_entropy=4.382724 uniform_entropy=4.852030 entropy_gap=0.469306 max_probability_over_uniform=4.370109 min_probability_over_uniform=0.250000
RG_REMAP_SCORE round=660 layer=features.7 mode=excess mean_q=0.088471 mean_excess_score=0.006602 fraction_excess_positive=0.507812 sampling_entropy=4.382724
RG_SCORE round=660 layer=features.10 mean_q=0.087402 max_q=0.118333 fraction_q_positive=1.000000 sampling_entropy=4.271445 uniform_entropy=4.852030 entropy_gap=0.580585 max_probability_over_uniform=6.598976 min_probability_over_uniform=0.250000
RG_REMAP_SCORE round=660 layer=features.10 mode=excess mean_q=0.087402 mean_excess_score=0.003654 fraction_excess_positive=0.476562 sampling_entropy=4.271445
RG_SCORE round=660 layer=features.14 mean_q=0.095949 max_q=0.127687 fraction_q_positive=1.000000 sampling_entropy=5.012350 uniform_entropy=5.545177 entropy_gap=0.532827 max_probability_over_uniform=5.790413 min_probability_over_uniform=0.250000
RG_REMAP_SCORE round=660 layer=features.14 mode=excess mean_q=0.095949 mean_excess_score=0.004296 fraction_excess_positive=0.484375 sampling_entropy=5.012350
RG_SCORE round=660 layer=features.17 mean_q=0.097607 max_q=0.132632 fraction_q_positive=1.000000 sampling_entropy=5.043938 uniform_entropy=5.545177 entropy_gap=0.501239 max_probability_over_uniform=6.501664 min_probability_over_uniform=0.250000
RG_REMAP_SCORE round=660 layer=features.17 mode=excess mean_q=0.097607 mean_excess_score=0.004202 fraction_excess_positive=0.472656 sampling_entropy=5.043938
RG_SCORE round=660 layer=features.20 mean_q=0.086657 max_q=0.118016 fraction_q_positive=1.000000 sampling_entropy=5.050878 uniform_entropy=5.545177 entropy_gap=0.494299 max_probability_over_uniform=6.067895 min_probability_over_uniform=0.250000
RG_REMAP_SCORE round=660 layer=features.20 mode=excess mean_q=0.086657 mean_excess_score=0.004043 fraction_excess_positive=0.464844 sampling_entropy=5.050878
RG_SCORE round=660 layer=features.24 mean_q=0.115228 max_q=0.165846 fraction_q_positive=1.000000 sampling_entropy=5.739790 uniform_entropy=6.238325 entropy_gap=0.498534 max_probability_over_uniform=6.287503 min_probability_over_uniform=0.250000
RG_REMAP_SCORE round=660 layer=features.24 mode=excess mean_q=0.115228 mean_excess_score=0.006288 fraction_excess_positive=0.496094 sampling_entropy=5.739790
RG_SCORE round=660 layer=features.27 mean_q=0.136458 max_q=0.188128 fraction_q_positive=1.000000 sampling_entropy=5.734927 uniform_entropy=6.238325 entropy_gap=0.503398 max_probability_over_uniform=5.619367 min_probability_over_uniform=0.250000
RG_REMAP_SCORE round=660 layer=features.27 mode=excess mean_q=0.136458 mean_excess_score=0.007217 fraction_excess_positive=0.529297 sampling_entropy=5.734927
RG_SCORE round=660 layer=features.30 mean_q=0.112961 max_q=0.163281 fraction_q_positive=1.000000 sampling_entropy=5.755270 uniform_entropy=6.238325 entropy_gap=0.483055 max_probability_over_uniform=5.856741 min_probability_over_uniform=0.250000
RG_REMAP_SCORE round=660 layer=features.30 mode=excess mean_q=0.112961 mean_excess_score=0.006731 fraction_excess_positive=0.511719 sampling_entropy=5.755270
RG_SCORE round=660 layer=features.34 mean_q=0.253455 max_q=0.394430 fraction_q_positive=1.000000 sampling_entropy=5.825993 uniform_entropy=6.238325 entropy_gap=0.412332 max_probability_over_uniform=5.137617 min_probability_over_uniform=0.250000
RG_REMAP_SCORE round=660 layer=features.34 mode=excess mean_q=0.253455 mean_excess_score=0.021632 fraction_excess_positive=0.554688 sampling_entropy=5.825993
RG_SCORE round=660 layer=features.37 mean_q=0.274241 max_q=0.383322 fraction_q_positive=1.000000 sampling_entropy=5.777628 uniform_entropy=6.238325 entropy_gap=0.460697 max_probability_over_uniform=4.631200 min_probability_over_uniform=0.250000
RG_REMAP_SCORE round=660 layer=features.37 mode=excess mean_q=0.274241 mean_excess_score=0.018673 fraction_excess_positive=0.527344 sampling_entropy=5.777628
RG_SCORE round=660 layer=features.40 mean_q=0.241947 max_q=0.436626 fraction_q_positive=1.000000 sampling_entropy=5.787359 uniform_entropy=6.238325 entropy_gap=0.450965 max_probability_over_uniform=4.900134 min_probability_over_uniform=0.250000
RG_REMAP_SCORE round=660 layer=features.40 mode=excess mean_q=0.241947 mean_excess_score=0.031399 fraction_excess_positive=0.513672 sampling_entropy=5.787359
ROUND_ACCURACY method=FedPhoenixRG-Excess round=660 accuracy=70.690002
********************************************************************************
Round 660
ROUND_ACCURACY method=FedPhoenixRG-Excess round=661 accuracy=75.510002
********************************************************************************
Round 661
ROUND_ACCURACY method=FedPhoenixRG-Excess round=662 accuracy=78.989998
********************************************************************************
Round 662
ROUND_ACCURACY method=FedPhoenixRG-Excess round=663 accuracy=80.320000
********************************************************************************
Round 663
ROUND_ACCURACY method=FedPhoenixRG-Excess round=664 accuracy=82.309998
********************************************************************************
Round 664
ROUND_ACCURACY method=FedPhoenixRG-Excess round=665 accuracy=80.400002
********************************************************************************
Round 665
ROUND_ACCURACY method=FedPhoenixRG-Excess round=666 accuracy=81.000000
********************************************************************************
Round 666
ROUND_ACCURACY method=FedPhoenixRG-Excess round=667 accuracy=79.980003
********************************************************************************
Round 667
ROUND_ACCURACY method=FedPhoenixRG-Excess round=668 accuracy=76.059998
********************************************************************************
Round 668
ROUND_ACCURACY method=FedPhoenixRG-Excess round=669 accuracy=82.510002
********************************************************************************
Round 669
ROUND_ACCURACY method=FedPhoenixRG-Excess round=670 accuracy=69.370003
********************************************************************************
Round 670
ROUND_ACCURACY method=FedPhoenixRG-Excess round=671 accuracy=72.620003
********************************************************************************
Round 671
ROUND_ACCURACY method=FedPhoenixRG-Excess round=672 accuracy=71.900002
********************************************************************************
Round 672
ROUND_ACCURACY method=FedPhoenixRG-Excess round=673 accuracy=80.809998
********************************************************************************
Round 673
ROUND_ACCURACY method=FedPhoenixRG-Excess round=674 accuracy=77.389999
********************************************************************************
Round 674
ROUND_ACCURACY method=FedPhoenixRG-Excess round=675 accuracy=79.580002
********************************************************************************
Round 675
ROUND_ACCURACY method=FedPhoenixRG-Excess round=676 accuracy=77.790001
********************************************************************************
Round 676
ROUND_ACCURACY method=FedPhoenixRG-Excess round=677 accuracy=78.610001
********************************************************************************
Round 677
ROUND_ACCURACY method=FedPhoenixRG-Excess round=678 accuracy=77.099998
********************************************************************************
Round 678
ROUND_ACCURACY method=FedPhoenixRG-Excess round=679 accuracy=64.669998
********************************************************************************
Round 679
RG_SCORE round=680 layer=features.0 mean_q=0.100089 max_q=0.323868 fraction_q_positive=0.875000 sampling_entropy=3.638031 uniform_entropy=4.158883 entropy_gap=0.520852 max_probability_over_uniform=5.343357 min_probability_over_uniform=0.250000
RG_REMAP_SCORE round=680 layer=features.0 mode=excess mean_q=0.100089 mean_excess_score=0.032952 fraction_excess_positive=0.484375 sampling_entropy=3.638031
RG_SCORE round=680 layer=features.3 mean_q=0.080770 max_q=0.117762 fraction_q_positive=1.000000 sampling_entropy=3.767674 uniform_entropy=4.158883 entropy_gap=0.391209 max_probability_over_uniform=3.937357 min_probability_over_uniform=0.250000
RG_REMAP_SCORE round=680 layer=features.3 mode=excess mean_q=0.080770 mean_excess_score=0.007524 fraction_excess_positive=0.593750 sampling_entropy=3.767674
RG_SCORE round=680 layer=features.7 mean_q=0.084302 max_q=0.130233 fraction_q_positive=1.000000 sampling_entropy=4.373055 uniform_entropy=4.852030 entropy_gap=0.478976 max_probability_over_uniform=4.915238 min_probability_over_uniform=0.250000
RG_REMAP_SCORE round=680 layer=features.7 mode=excess mean_q=0.084302 mean_excess_score=0.007384 fraction_excess_positive=0.507812 sampling_entropy=4.373055
RG_SCORE round=680 layer=features.10 mean_q=0.081729 max_q=0.109771 fraction_q_positive=1.000000 sampling_entropy=4.393682 uniform_entropy=4.852030 entropy_gap=0.458348 max_probability_over_uniform=4.745466 min_probability_over_uniform=0.250000
RG_REMAP_SCORE round=680 layer=features.10 mode=excess mean_q=0.081729 mean_excess_score=0.004678 fraction_excess_positive=0.484375 sampling_entropy=4.393682
RG_SCORE round=680 layer=features.14 mean_q=0.093630 max_q=0.130908 fraction_q_positive=1.000000 sampling_entropy=4.992704 uniform_entropy=5.545177 entropy_gap=0.552474 max_probability_over_uniform=6.107403 min_probability_over_uniform=0.250000
RG_REMAP_SCORE round=680 layer=features.14 mode=excess mean_q=0.093630 mean_excess_score=0.004773 fraction_excess_positive=0.484375 sampling_entropy=4.992704
RG_SCORE round=680 layer=features.17 mean_q=0.095746 max_q=0.161064 fraction_q_positive=1.000000 sampling_entropy=4.931162 uniform_entropy=5.545177 entropy_gap=0.614016 max_probability_over_uniform=9.507235 min_probability_over_uniform=0.250000
RG_REMAP_SCORE round=680 layer=features.17 mode=excess mean_q=0.095746 mean_excess_score=0.005292 fraction_excess_positive=0.445312 sampling_entropy=4.931162
RG_SCORE round=680 layer=features.20 mean_q=0.083012 max_q=0.114659 fraction_q_positive=1.000000 sampling_entropy=5.034243 uniform_entropy=5.545177 entropy_gap=0.510934 max_probability_over_uniform=5.887063 min_probability_over_uniform=0.250000
RG_REMAP_SCORE round=680 layer=features.20 mode=excess mean_q=0.083012 mean_excess_score=0.004210 fraction_excess_positive=0.488281 sampling_entropy=5.034243
RG_SCORE round=680 layer=features.24 mean_q=0.118362 max_q=0.189185 fraction_q_positive=1.000000 sampling_entropy=5.701774 uniform_entropy=6.238325 entropy_gap=0.536550 max_probability_over_uniform=6.819911 min_probability_over_uniform=0.250000
RG_REMAP_SCORE round=680 layer=features.24 mode=excess mean_q=0.118362 mean_excess_score=0.008085 fraction_excess_positive=0.496094 sampling_entropy=5.701774
RG_SCORE round=680 layer=features.27 mean_q=0.143880 max_q=0.192981 fraction_q_positive=1.000000 sampling_entropy=5.803264 uniform_entropy=6.238325 entropy_gap=0.435061 max_probability_over_uniform=4.855044 min_probability_over_uniform=0.250000
RG_REMAP_SCORE round=680 layer=features.27 mode=excess mean_q=0.143880 mean_excess_score=0.007997 fraction_excess_positive=0.521484 sampling_entropy=5.803264
RG_SCORE round=680 layer=features.30 mean_q=0.125106 max_q=0.194764 fraction_q_positive=1.000000 sampling_entropy=5.712376 uniform_entropy=6.238325 entropy_gap=0.525948 max_probability_over_uniform=7.318297 min_probability_over_uniform=0.250000
RG_REMAP_SCORE round=680 layer=features.30 mode=excess mean_q=0.125106 mean_excess_score=0.007391 fraction_excess_positive=0.496094 sampling_entropy=5.712376
RG_SCORE round=680 layer=features.34 mean_q=0.291862 max_q=0.424639 fraction_q_positive=1.000000 sampling_entropy=5.780943 uniform_entropy=6.238325 entropy_gap=0.457382 max_probability_over_uniform=6.184810 min_probability_over_uniform=0.250000
RG_REMAP_SCORE round=680 layer=features.34 mode=excess mean_q=0.291862 mean_excess_score=0.016779 fraction_excess_positive=0.527344 sampling_entropy=5.780943
RG_SCORE round=680 layer=features.37 mean_q=0.258674 max_q=0.379137 fraction_q_positive=1.000000 sampling_entropy=5.830547 uniform_entropy=6.238325 entropy_gap=0.407777 max_probability_over_uniform=5.753056 min_probability_over_uniform=0.250000
RG_REMAP_SCORE round=680 layer=features.37 mode=excess mean_q=0.258674 mean_excess_score=0.016418 fraction_excess_positive=0.560547 sampling_entropy=5.830547
RG_SCORE round=680 layer=features.40 mean_q=0.206635 max_q=0.410436 fraction_q_positive=0.994141 sampling_entropy=5.773896 uniform_entropy=6.238325 entropy_gap=0.464429 max_probability_over_uniform=5.333403 min_probability_over_uniform=0.250000
RG_REMAP_SCORE round=680 layer=features.40 mode=excess mean_q=0.206635 mean_excess_score=0.030069 fraction_excess_positive=0.521484 sampling_entropy=5.773896
ROUND_ACCURACY method=FedPhoenixRG-Excess round=680 accuracy=71.029999
********************************************************************************
Round 680
ROUND_ACCURACY method=FedPhoenixRG-Excess round=681 accuracy=72.720001
********************************************************************************
Round 681
ROUND_ACCURACY method=FedPhoenixRG-Excess round=682 accuracy=71.470001
********************************************************************************
Round 682
ROUND_ACCURACY method=FedPhoenixRG-Excess round=683 accuracy=80.580002
********************************************************************************
Round 683
ROUND_ACCURACY method=FedPhoenixRG-Excess round=684 accuracy=79.029999
********************************************************************************
Round 684
ROUND_ACCURACY method=FedPhoenixRG-Excess round=685 accuracy=64.779999
********************************************************************************
Round 685
ROUND_ACCURACY method=FedPhoenixRG-Excess round=686 accuracy=78.110001
********************************************************************************
Round 686
ROUND_ACCURACY method=FedPhoenixRG-Excess round=687 accuracy=79.599998
********************************************************************************
Round 687
ROUND_ACCURACY method=FedPhoenixRG-Excess round=688 accuracy=78.739998
********************************************************************************
Round 688
ROUND_ACCURACY method=FedPhoenixRG-Excess round=689 accuracy=77.150002
********************************************************************************
Round 689
ROUND_ACCURACY method=FedPhoenixRG-Excess round=690 accuracy=76.550003
********************************************************************************
Round 690
ROUND_ACCURACY method=FedPhoenixRG-Excess round=691 accuracy=74.540001
********************************************************************************
Round 691
ROUND_ACCURACY method=FedPhoenixRG-Excess round=692 accuracy=66.730003
********************************************************************************
Round 692
ROUND_ACCURACY method=FedPhoenixRG-Excess round=693 accuracy=79.699997
********************************************************************************
Round 693
ROUND_ACCURACY method=FedPhoenixRG-Excess round=694 accuracy=76.760002
********************************************************************************
Round 694
ROUND_ACCURACY method=FedPhoenixRG-Excess round=695 accuracy=78.680000
********************************************************************************
Round 695
ROUND_ACCURACY method=FedPhoenixRG-Excess round=696 accuracy=77.820000
********************************************************************************
Round 696
ROUND_ACCURACY method=FedPhoenixRG-Excess round=697 accuracy=73.980003
********************************************************************************
Round 697
ROUND_ACCURACY method=FedPhoenixRG-Excess round=698 accuracy=81.400002
********************************************************************************
Round 698
ROUND_ACCURACY method=FedPhoenixRG-Excess round=699 accuracy=78.720001
********************************************************************************
Round 699
RG_SCORE round=700 layer=features.0 mean_q=0.123131 max_q=0.563499 fraction_q_positive=0.843750 sampling_entropy=3.483375 uniform_entropy=4.158883 entropy_gap=0.675508 max_probability_over_uniform=8.616503 min_probability_over_uniform=0.250000
RG_REMAP_SCORE round=700 layer=features.0 mode=excess mean_q=0.123131 mean_excess_score=0.039476 fraction_excess_positive=0.421875 sampling_entropy=3.483375
RG_SCORE round=700 layer=features.3 mean_q=0.050715 max_q=0.116072 fraction_q_positive=0.906250 sampling_entropy=3.689450 uniform_entropy=4.158883 entropy_gap=0.469433 max_probability_over_uniform=4.345336 min_probability_over_uniform=0.250000
RG_REMAP_SCORE round=700 layer=features.3 mode=excess mean_q=0.050715 mean_excess_score=0.011969 fraction_excess_positive=0.468750 sampling_entropy=3.689450
RG_SCORE round=700 layer=features.7 mean_q=0.062675 max_q=0.124933 fraction_q_positive=1.000000 sampling_entropy=4.334483 uniform_entropy=4.852030 entropy_gap=0.517547 max_probability_over_uniform=5.322866 min_probability_over_uniform=0.250000
RG_REMAP_SCORE round=700 layer=features.7 mode=excess mean_q=0.062675 mean_excess_score=0.009205 fraction_excess_positive=0.500000 sampling_entropy=4.334483
RG_SCORE round=700 layer=features.10 mean_q=0.067588 max_q=0.121809 fraction_q_positive=1.000000 sampling_entropy=4.321209 uniform_entropy=4.852030 entropy_gap=0.530821 max_probability_over_uniform=7.448499 min_probability_over_uniform=0.250000
RG_REMAP_SCORE round=700 layer=features.10 mode=excess mean_q=0.067588 mean_excess_score=0.005649 fraction_excess_positive=0.476562 sampling_entropy=4.321209
RG_SCORE round=700 layer=features.14 mean_q=0.076420 max_q=0.132355 fraction_q_positive=1.000000 sampling_entropy=5.036855 uniform_entropy=5.545177 entropy_gap=0.508322 max_probability_over_uniform=7.422463 min_probability_over_uniform=0.250000
RG_REMAP_SCORE round=700 layer=features.14 mode=excess mean_q=0.076420 mean_excess_score=0.005849 fraction_excess_positive=0.496094 sampling_entropy=5.036855
RG_SCORE round=700 layer=features.17 mean_q=0.075583 max_q=0.106135 fraction_q_positive=1.000000 sampling_entropy=5.047650 uniform_entropy=5.545177 entropy_gap=0.497527 max_probability_over_uniform=4.746324 min_probability_over_uniform=0.250000
RG_REMAP_SCORE round=700 layer=features.17 mode=excess mean_q=0.075583 mean_excess_score=0.005096 fraction_excess_positive=0.496094 sampling_entropy=5.047650
RG_SCORE round=700 layer=features.20 mean_q=0.067056 max_q=0.097135 fraction_q_positive=1.000000 sampling_entropy=5.096723 uniform_entropy=5.545177 entropy_gap=0.448454 max_probability_over_uniform=4.923460 min_probability_over_uniform=0.250000
RG_REMAP_SCORE round=700 layer=features.20 mode=excess mean_q=0.067056 mean_excess_score=0.004827 fraction_excess_positive=0.511719 sampling_entropy=5.096723
RG_SCORE round=700 layer=features.24 mean_q=0.095044 max_q=0.174458 fraction_q_positive=1.000000 sampling_entropy=5.720526 uniform_entropy=6.238325 entropy_gap=0.517799 max_probability_over_uniform=8.064442 min_probability_over_uniform=0.250000
RG_REMAP_SCORE round=700 layer=features.24 mode=excess mean_q=0.095044 mean_excess_score=0.007622 fraction_excess_positive=0.496094 sampling_entropy=5.720526
RG_SCORE round=700 layer=features.27 mean_q=0.120057 max_q=0.206793 fraction_q_positive=1.000000 sampling_entropy=5.732209 uniform_entropy=6.238325 entropy_gap=0.506115 max_probability_over_uniform=8.535690 min_probability_over_uniform=0.250000
RG_REMAP_SCORE round=700 layer=features.27 mode=excess mean_q=0.120057 mean_excess_score=0.007851 fraction_excess_positive=0.486328 sampling_entropy=5.732209
RG_SCORE round=700 layer=features.30 mean_q=0.105619 max_q=0.168548 fraction_q_positive=1.000000 sampling_entropy=5.733220 uniform_entropy=6.238325 entropy_gap=0.505105 max_probability_over_uniform=5.988971 min_probability_over_uniform=0.250000
RG_REMAP_SCORE round=700 layer=features.30 mode=excess mean_q=0.105619 mean_excess_score=0.008224 fraction_excess_positive=0.500000 sampling_entropy=5.733220
RG_SCORE round=700 layer=features.34 mean_q=0.244116 max_q=0.367032 fraction_q_positive=1.000000 sampling_entropy=5.823931 uniform_entropy=6.238325 entropy_gap=0.414394 max_probability_over_uniform=4.829251 min_probability_over_uniform=0.250000
RG_REMAP_SCORE round=700 layer=features.34 mode=excess mean_q=0.244116 mean_excess_score=0.020131 fraction_excess_positive=0.539062 sampling_entropy=5.823931
RG_SCORE round=700 layer=features.37 mean_q=0.256496 max_q=0.367749 fraction_q_positive=1.000000 sampling_entropy=5.825107 uniform_entropy=6.238325 entropy_gap=0.413217 max_probability_over_uniform=4.795683 min_probability_over_uniform=0.250000
RG_REMAP_SCORE round=700 layer=features.37 mode=excess mean_q=0.256496 mean_excess_score=0.018356 fraction_excess_positive=0.554688 sampling_entropy=5.825107
RG_SCORE round=700 layer=features.40 mean_q=0.225098 max_q=0.420780 fraction_q_positive=0.996094 sampling_entropy=5.787079 uniform_entropy=6.238325 entropy_gap=0.451245 max_probability_over_uniform=5.032009 min_probability_over_uniform=0.250000
RG_REMAP_SCORE round=700 layer=features.40 mode=excess mean_q=0.225098 mean_excess_score=0.030690 fraction_excess_positive=0.523438 sampling_entropy=5.787079
ROUND_ACCURACY method=FedPhoenixRG-Excess round=700 accuracy=81.199997
********************************************************************************
Round 700
ROUND_ACCURACY method=FedPhoenixRG-Excess round=701 accuracy=77.540001
********************************************************************************
Round 701
ROUND_ACCURACY method=FedPhoenixRG-Excess round=702 accuracy=71.239998
********************************************************************************
Round 702
ROUND_ACCURACY method=FedPhoenixRG-Excess round=703 accuracy=74.269997
********************************************************************************
Round 703
ROUND_ACCURACY method=FedPhoenixRG-Excess round=704 accuracy=81.529999
********************************************************************************
Round 704
ROUND_ACCURACY method=FedPhoenixRG-Excess round=705 accuracy=80.580002
********************************************************************************
Round 705
ROUND_ACCURACY method=FedPhoenixRG-Excess round=706 accuracy=82.190002
********************************************************************************
Round 706
ROUND_ACCURACY method=FedPhoenixRG-Excess round=707 accuracy=81.099998
********************************************************************************
Round 707
ROUND_ACCURACY method=FedPhoenixRG-Excess round=708 accuracy=81.389999
********************************************************************************
Round 708
ROUND_ACCURACY method=FedPhoenixRG-Excess round=709 accuracy=77.529999
********************************************************************************
Round 709
ROUND_ACCURACY method=FedPhoenixRG-Excess round=710 accuracy=80.199997
********************************************************************************
Round 710
ROUND_ACCURACY method=FedPhoenixRG-Excess round=711 accuracy=80.699997
********************************************************************************
Round 711
ROUND_ACCURACY method=FedPhoenixRG-Excess round=712 accuracy=70.930000
********************************************************************************
Round 712
ROUND_ACCURACY method=FedPhoenixRG-Excess round=713 accuracy=80.980003
********************************************************************************
Round 713
ROUND_ACCURACY method=FedPhoenixRG-Excess round=714 accuracy=75.830002
********************************************************************************
Round 714
ROUND_ACCURACY method=FedPhoenixRG-Excess round=715 accuracy=78.110001
********************************************************************************
Round 715
ROUND_ACCURACY method=FedPhoenixRG-Excess round=716 accuracy=80.470001
********************************************************************************
Round 716
ROUND_ACCURACY method=FedPhoenixRG-Excess round=717 accuracy=77.529999
********************************************************************************
Round 717
ROUND_ACCURACY method=FedPhoenixRG-Excess round=718 accuracy=75.330002
********************************************************************************
Round 718
ROUND_ACCURACY method=FedPhoenixRG-Excess round=719 accuracy=80.680000
********************************************************************************
Round 719
RG_SCORE round=720 layer=features.0 mean_q=0.078944 max_q=0.256216 fraction_q_positive=0.828125 sampling_entropy=3.577191 uniform_entropy=4.158883 entropy_gap=0.581692 max_probability_over_uniform=5.139111 min_probability_over_uniform=0.250000
RG_REMAP_SCORE round=720 layer=features.0 mode=excess mean_q=0.078944 mean_excess_score=0.027194 fraction_excess_positive=0.421875 sampling_entropy=3.577191
RG_SCORE round=720 layer=features.3 mean_q=0.072114 max_q=0.124567 fraction_q_positive=1.000000 sampling_entropy=3.632789 uniform_entropy=4.158883 entropy_gap=0.526094 max_probability_over_uniform=4.736913 min_probability_over_uniform=0.250000
RG_REMAP_SCORE round=720 layer=features.3 mode=excess mean_q=0.072114 mean_excess_score=0.008768 fraction_excess_positive=0.531250 sampling_entropy=3.632789
RG_SCORE round=720 layer=features.7 mean_q=0.069523 max_q=0.113524 fraction_q_positive=1.000000 sampling_entropy=4.372333 uniform_entropy=4.852030 entropy_gap=0.479697 max_probability_over_uniform=4.517027 min_probability_over_uniform=0.250000
RG_REMAP_SCORE round=720 layer=features.7 mode=excess mean_q=0.069523 mean_excess_score=0.007734 fraction_excess_positive=0.515625 sampling_entropy=4.372333
RG_SCORE round=720 layer=features.10 mean_q=0.064841 max_q=0.091966 fraction_q_positive=1.000000 sampling_entropy=4.413317 uniform_entropy=4.852030 entropy_gap=0.438713 max_probability_over_uniform=4.133364 min_probability_over_uniform=0.250000
RG_REMAP_SCORE round=720 layer=features.10 mode=excess mean_q=0.064841 mean_excess_score=0.005239 fraction_excess_positive=0.500000 sampling_entropy=4.413317
RG_SCORE round=720 layer=features.14 mean_q=0.073266 max_q=0.131047 fraction_q_positive=1.000000 sampling_entropy=4.938064 uniform_entropy=5.545177 entropy_gap=0.607114 max_probability_over_uniform=7.497338 min_probability_over_uniform=0.250000
RG_REMAP_SCORE round=720 layer=features.14 mode=excess mean_q=0.073266 mean_excess_score=0.005980 fraction_excess_positive=0.429688 sampling_entropy=4.938064
RG_SCORE round=720 layer=features.17 mean_q=0.070511 max_q=0.117965 fraction_q_positive=1.000000 sampling_entropy=4.974506 uniform_entropy=5.545177 entropy_gap=0.570671 max_probability_over_uniform=6.905106 min_probability_over_uniform=0.250000
RG_REMAP_SCORE round=720 layer=features.17 mode=excess mean_q=0.070511 mean_excess_score=0.005348 fraction_excess_positive=0.476562 sampling_entropy=4.974506
RG_SCORE round=720 layer=features.20 mean_q=0.060358 max_q=0.091696 fraction_q_positive=1.000000 sampling_entropy=5.062800 uniform_entropy=5.545177 entropy_gap=0.482378 max_probability_over_uniform=5.713909 min_probability_over_uniform=0.250000
RG_REMAP_SCORE round=720 layer=features.20 mode=excess mean_q=0.060358 mean_excess_score=0.004302 fraction_excess_positive=0.500000 sampling_entropy=5.062800
RG_SCORE round=720 layer=features.24 mean_q=0.088796 max_q=0.150239 fraction_q_positive=1.000000 sampling_entropy=5.698014 uniform_entropy=6.238325 entropy_gap=0.540311 max_probability_over_uniform=6.494381 min_probability_over_uniform=0.250000
RG_REMAP_SCORE round=720 layer=features.24 mode=excess mean_q=0.088796 mean_excess_score=0.007380 fraction_excess_positive=0.488281 sampling_entropy=5.698014
RG_SCORE round=720 layer=features.27 mean_q=0.107004 max_q=0.154394 fraction_q_positive=1.000000 sampling_entropy=5.789716 uniform_entropy=6.238325 entropy_gap=0.448609 max_probability_over_uniform=4.952279 min_probability_over_uniform=0.250000
RG_REMAP_SCORE round=720 layer=features.27 mode=excess mean_q=0.107004 mean_excess_score=0.007559 fraction_excess_positive=0.519531 sampling_entropy=5.789716
RG_SCORE round=720 layer=features.30 mean_q=0.089563 max_q=0.156287 fraction_q_positive=0.996094 sampling_entropy=5.784642 uniform_entropy=6.238325 entropy_gap=0.453683 max_probability_over_uniform=5.542215 min_probability_over_uniform=0.250000
RG_REMAP_SCORE round=720 layer=features.30 mode=excess mean_q=0.089563 mean_excess_score=0.009456 fraction_excess_positive=0.515625 sampling_entropy=5.784642
RG_SCORE round=720 layer=features.34 mean_q=0.189528 max_q=0.320555 fraction_q_positive=0.986328 sampling_entropy=5.867338 uniform_entropy=6.238325 entropy_gap=0.370986 max_probability_over_uniform=3.556366 min_probability_over_uniform=0.250000
RG_REMAP_SCORE round=720 layer=features.34 mode=excess mean_q=0.189528 mean_excess_score=0.029722 fraction_excess_positive=0.570312 sampling_entropy=5.867338
RG_SCORE round=720 layer=features.37 mean_q=0.141635 max_q=0.302916 fraction_q_positive=0.951172 sampling_entropy=5.809995 uniform_entropy=6.238325 entropy_gap=0.428330 max_probability_over_uniform=4.230233 min_probability_over_uniform=0.250000
RG_REMAP_SCORE round=720 layer=features.37 mode=excess mean_q=0.141635 mean_excess_score=0.030390 fraction_excess_positive=0.523438 sampling_entropy=5.809995
RG_SCORE round=720 layer=features.40 mean_q=0.079521 max_q=0.313773 fraction_q_positive=0.781250 sampling_entropy=5.703367 uniform_entropy=6.238325 entropy_gap=0.534958 max_probability_over_uniform=6.110820 min_probability_over_uniform=0.250000
RG_REMAP_SCORE round=720 layer=features.40 mode=excess mean_q=0.079521 mean_excess_score=0.029977 fraction_excess_positive=0.466797 sampling_entropy=5.703367
ROUND_ACCURACY method=FedPhoenixRG-Excess round=720 accuracy=76.550003
********************************************************************************
Round 720
ROUND_ACCURACY method=FedPhoenixRG-Excess round=721 accuracy=78.099998
********************************************************************************
Round 721
ROUND_ACCURACY method=FedPhoenixRG-Excess round=722 accuracy=69.870003
********************************************************************************
Round 722
ROUND_ACCURACY method=FedPhoenixRG-Excess round=723 accuracy=79.430000
********************************************************************************
Round 723
ROUND_ACCURACY method=FedPhoenixRG-Excess round=724 accuracy=77.660004
********************************************************************************
Round 724
ROUND_ACCURACY method=FedPhoenixRG-Excess round=725 accuracy=73.099998
********************************************************************************
Round 725
ROUND_ACCURACY method=FedPhoenixRG-Excess round=726 accuracy=74.050003
********************************************************************************
Round 726
ROUND_ACCURACY method=FedPhoenixRG-Excess round=727 accuracy=79.959999
********************************************************************************
Round 727
ROUND_ACCURACY method=FedPhoenixRG-Excess round=728 accuracy=80.029999
********************************************************************************
Round 728
ROUND_ACCURACY method=FedPhoenixRG-Excess round=729 accuracy=78.760002
********************************************************************************
Round 729
ROUND_ACCURACY method=FedPhoenixRG-Excess round=730 accuracy=80.680000
********************************************************************************
Round 730
ROUND_ACCURACY method=FedPhoenixRG-Excess round=731 accuracy=78.099998
********************************************************************************
Round 731
ROUND_ACCURACY method=FedPhoenixRG-Excess round=732 accuracy=76.220001
********************************************************************************
Round 732
ROUND_ACCURACY method=FedPhoenixRG-Excess round=733 accuracy=73.940002
********************************************************************************
Round 733
ROUND_ACCURACY method=FedPhoenixRG-Excess round=734 accuracy=78.470001
********************************************************************************
Round 734
ROUND_ACCURACY method=FedPhoenixRG-Excess round=735 accuracy=78.129997
********************************************************************************
Round 735
ROUND_ACCURACY method=FedPhoenixRG-Excess round=736 accuracy=73.500000
********************************************************************************
Round 736
ROUND_ACCURACY method=FedPhoenixRG-Excess round=737 accuracy=76.410004
********************************************************************************
Round 737
ROUND_ACCURACY method=FedPhoenixRG-Excess round=738 accuracy=76.540001
********************************************************************************
Round 738
ROUND_ACCURACY method=FedPhoenixRG-Excess round=739 accuracy=82.120003
********************************************************************************
Round 739
RG_SCORE round=740 layer=features.0 mean_q=0.062395 max_q=0.206834 fraction_q_positive=0.781250 sampling_entropy=3.642888 uniform_entropy=4.158883 entropy_gap=0.515995 max_probability_over_uniform=5.058038 min_probability_over_uniform=0.250000
RG_REMAP_SCORE round=740 layer=features.0 mode=excess mean_q=0.062395 mean_excess_score=0.022531 fraction_excess_positive=0.468750 sampling_entropy=3.642888
RG_SCORE round=740 layer=features.3 mean_q=0.059311 max_q=0.109593 fraction_q_positive=1.000000 sampling_entropy=3.523539 uniform_entropy=4.158883 entropy_gap=0.635344 max_probability_over_uniform=5.826093 min_probability_over_uniform=0.250000
RG_REMAP_SCORE round=740 layer=features.3 mode=excess mean_q=0.059311 mean_excess_score=0.006763 fraction_excess_positive=0.406250 sampling_entropy=3.523539
RG_SCORE round=740 layer=features.7 mean_q=0.071032 max_q=0.109283 fraction_q_positive=1.000000 sampling_entropy=4.356068 uniform_entropy=4.852030 entropy_gap=0.495962 max_probability_over_uniform=4.715463 min_probability_over_uniform=0.250000
RG_REMAP_SCORE round=740 layer=features.7 mode=excess mean_q=0.071032 mean_excess_score=0.006424 fraction_excess_positive=0.515625 sampling_entropy=4.356068
RG_SCORE round=740 layer=features.10 mean_q=0.063248 max_q=0.100175 fraction_q_positive=1.000000 sampling_entropy=4.392316 uniform_entropy=4.852030 entropy_gap=0.459714 max_probability_over_uniform=6.088210 min_probability_over_uniform=0.250000
RG_REMAP_SCORE round=740 layer=features.10 mode=excess mean_q=0.063248 mean_excess_score=0.004744 fraction_excess_positive=0.539062 sampling_entropy=4.392316
RG_SCORE round=740 layer=features.14 mean_q=0.070422 max_q=0.126494 fraction_q_positive=1.000000 sampling_entropy=4.994809 uniform_entropy=5.545177 entropy_gap=0.550368 max_probability_over_uniform=7.786689 min_probability_over_uniform=0.250000
RG_REMAP_SCORE round=740 layer=features.14 mode=excess mean_q=0.070422 mean_excess_score=0.005580 fraction_excess_positive=0.445312 sampling_entropy=4.994809
RG_SCORE round=740 layer=features.17 mean_q=0.074339 max_q=0.109636 fraction_q_positive=1.000000 sampling_entropy=5.028729 uniform_entropy=5.545177 entropy_gap=0.516448 max_probability_over_uniform=5.555001 min_probability_over_uniform=0.250000
RG_REMAP_SCORE round=740 layer=features.17 mode=excess mean_q=0.074339 mean_excess_score=0.004990 fraction_excess_positive=0.476562 sampling_entropy=5.028729
RG_SCORE round=740 layer=features.20 mean_q=0.067684 max_q=0.098854 fraction_q_positive=1.000000 sampling_entropy=5.033534 uniform_entropy=5.545177 entropy_gap=0.511644 max_probability_over_uniform=6.005716 min_probability_over_uniform=0.250000
RG_REMAP_SCORE round=740 layer=features.20 mode=excess mean_q=0.067684 mean_excess_score=0.004062 fraction_excess_positive=0.488281 sampling_entropy=5.033534
RG_SCORE round=740 layer=features.24 mean_q=0.097367 max_q=0.153780 fraction_q_positive=1.000000 sampling_entropy=5.733431 uniform_entropy=6.238325 entropy_gap=0.504894 max_probability_over_uniform=6.068187 min_probability_over_uniform=0.250000
RG_REMAP_SCORE round=740 layer=features.24 mode=excess mean_q=0.097367 mean_excess_score=0.007272 fraction_excess_positive=0.492188 sampling_entropy=5.733431
RG_SCORE round=740 layer=features.27 mean_q=0.111295 max_q=0.186497 fraction_q_positive=1.000000 sampling_entropy=5.729261 uniform_entropy=6.238325 entropy_gap=0.509063 max_probability_over_uniform=7.237945 min_probability_over_uniform=0.250000
RG_REMAP_SCORE round=740 layer=features.27 mode=excess mean_q=0.111295 mean_excess_score=0.008071 fraction_excess_positive=0.490234 sampling_entropy=5.729261
RG_SCORE round=740 layer=features.30 mean_q=0.096827 max_q=0.151940 fraction_q_positive=1.000000 sampling_entropy=5.722012 uniform_entropy=6.238325 entropy_gap=0.516313 max_probability_over_uniform=6.068544 min_probability_over_uniform=0.250000
RG_REMAP_SCORE round=740 layer=features.30 mode=excess mean_q=0.096827 mean_excess_score=0.007104 fraction_excess_positive=0.496094 sampling_entropy=5.722012
RG_SCORE round=740 layer=features.34 mean_q=0.218074 max_q=0.330652 fraction_q_positive=1.000000 sampling_entropy=5.811178 uniform_entropy=6.238325 entropy_gap=0.427147 max_probability_over_uniform=4.418442 min_probability_over_uniform=0.250000
RG_REMAP_SCORE round=740 layer=features.34 mode=excess mean_q=0.218074 mean_excess_score=0.020256 fraction_excess_positive=0.533203 sampling_entropy=5.811178
RG_SCORE round=740 layer=features.37 mean_q=0.215911 max_q=0.328665 fraction_q_positive=1.000000 sampling_entropy=5.799899 uniform_entropy=6.238325 entropy_gap=0.438426 max_probability_over_uniform=4.993311 min_probability_over_uniform=0.250000
RG_REMAP_SCORE round=740 layer=features.37 mode=excess mean_q=0.215911 mean_excess_score=0.017828 fraction_excess_positive=0.523438 sampling_entropy=5.799899
RG_SCORE round=740 layer=features.40 mean_q=0.179637 max_q=0.344001 fraction_q_positive=1.000000 sampling_entropy=5.736863 uniform_entropy=6.238325 entropy_gap=0.501462 max_probability_over_uniform=5.363496 min_probability_over_uniform=0.250000
RG_REMAP_SCORE round=740 layer=features.40 mode=excess mean_q=0.179637 mean_excess_score=0.024107 fraction_excess_positive=0.500000 sampling_entropy=5.736863
ROUND_ACCURACY method=FedPhoenixRG-Excess round=740 accuracy=63.650002
********************************************************************************
Round 740
ROUND_ACCURACY method=FedPhoenixRG-Excess round=741 accuracy=73.150002
********************************************************************************
Round 741
ROUND_ACCURACY method=FedPhoenixRG-Excess round=742 accuracy=65.559998
********************************************************************************
Round 742
ROUND_ACCURACY method=FedPhoenixRG-Excess round=743 accuracy=74.019997
********************************************************************************
Round 743
ROUND_ACCURACY method=FedPhoenixRG-Excess round=744 accuracy=82.620003
********************************************************************************
Round 744
ROUND_ACCURACY method=FedPhoenixRG-Excess round=745 accuracy=80.180000
********************************************************************************
Round 745
ROUND_ACCURACY method=FedPhoenixRG-Excess round=746 accuracy=74.370003
********************************************************************************
Round 746
ROUND_ACCURACY method=FedPhoenixRG-Excess round=747 accuracy=78.269997
********************************************************************************
Round 747
ROUND_ACCURACY method=FedPhoenixRG-Excess round=748 accuracy=77.010002
********************************************************************************
Round 748
ROUND_ACCURACY method=FedPhoenixRG-Excess round=749 accuracy=79.180000
********************************************************************************
Round 749
ROUND_ACCURACY method=FedPhoenixRG-Excess round=750 accuracy=79.660004
********************************************************************************
Round 750
ROUND_ACCURACY method=FedPhoenixRG-Excess round=751 accuracy=80.510002
********************************************************************************
Round 751
ROUND_ACCURACY method=FedPhoenixRG-Excess round=752 accuracy=73.419998
********************************************************************************
Round 752
ROUND_ACCURACY method=FedPhoenixRG-Excess round=753 accuracy=81.040001
********************************************************************************
Round 753
ROUND_ACCURACY method=FedPhoenixRG-Excess round=754 accuracy=77.500000
********************************************************************************
Round 754
ROUND_ACCURACY method=FedPhoenixRG-Excess round=755 accuracy=78.279999
********************************************************************************
Round 755
ROUND_ACCURACY method=FedPhoenixRG-Excess round=756 accuracy=81.059998
********************************************************************************
Round 756
ROUND_ACCURACY method=FedPhoenixRG-Excess round=757 accuracy=76.680000
********************************************************************************
Round 757
ROUND_ACCURACY method=FedPhoenixRG-Excess round=758 accuracy=78.230003
********************************************************************************
Round 758
ROUND_ACCURACY method=FedPhoenixRG-Excess round=759 accuracy=73.750000
********************************************************************************
Round 759
RG_SCORE round=760 layer=features.0 mean_q=0.096415 max_q=0.459621 fraction_q_positive=0.640625 sampling_entropy=3.538996 uniform_entropy=4.158883 entropy_gap=0.619887 max_probability_over_uniform=6.131612 min_probability_over_uniform=0.250000
RG_REMAP_SCORE round=760 layer=features.0 mode=excess mean_q=0.096415 mean_excess_score=0.046315 fraction_excess_positive=0.421875 sampling_entropy=3.538996
RG_SCORE round=760 layer=features.3 mean_q=0.050687 max_q=0.115891 fraction_q_positive=0.921875 sampling_entropy=3.750028 uniform_entropy=4.158883 entropy_gap=0.408855 max_probability_over_uniform=3.924952 min_probability_over_uniform=0.250000
RG_REMAP_SCORE round=760 layer=features.3 mode=excess mean_q=0.050687 mean_excess_score=0.013307 fraction_excess_positive=0.546875 sampling_entropy=3.750028
RG_SCORE round=760 layer=features.7 mean_q=0.053579 max_q=0.141993 fraction_q_positive=0.968750 sampling_entropy=4.311192 uniform_entropy=4.852030 entropy_gap=0.540839 max_probability_over_uniform=6.505376 min_probability_over_uniform=0.250000
RG_REMAP_SCORE round=760 layer=features.7 mode=excess mean_q=0.053579 mean_excess_score=0.010601 fraction_excess_positive=0.507812 sampling_entropy=4.311192
RG_SCORE round=760 layer=features.10 mean_q=0.055096 max_q=0.112237 fraction_q_positive=1.000000 sampling_entropy=4.305739 uniform_entropy=4.852030 entropy_gap=0.546291 max_probability_over_uniform=5.683045 min_probability_over_uniform=0.250000
RG_REMAP_SCORE round=760 layer=features.10 mode=excess mean_q=0.055096 mean_excess_score=0.007888 fraction_excess_positive=0.500000 sampling_entropy=4.305739
RG_SCORE round=760 layer=features.14 mean_q=0.055576 max_q=0.117098 fraction_q_positive=0.996094 sampling_entropy=5.123413 uniform_entropy=5.545177 entropy_gap=0.421765 max_probability_over_uniform=6.101185 min_probability_over_uniform=0.250000
RG_REMAP_SCORE round=760 layer=features.14 mode=excess mean_q=0.055576 mean_excess_score=0.007886 fraction_excess_positive=0.550781 sampling_entropy=5.123413
RG_SCORE round=760 layer=features.17 mean_q=0.055063 max_q=0.124407 fraction_q_positive=0.996094 sampling_entropy=5.056345 uniform_entropy=5.545177 entropy_gap=0.488833 max_probability_over_uniform=7.081146 min_probability_over_uniform=0.250000
RG_REMAP_SCORE round=760 layer=features.17 mode=excess mean_q=0.055063 mean_excess_score=0.007613 fraction_excess_positive=0.507812 sampling_entropy=5.056345
RG_SCORE round=760 layer=features.20 mean_q=0.047559 max_q=0.096621 fraction_q_positive=0.992188 sampling_entropy=5.084320 uniform_entropy=5.545177 entropy_gap=0.460858 max_probability_over_uniform=5.848260 min_probability_over_uniform=0.250000
RG_REMAP_SCORE round=760 layer=features.20 mode=excess mean_q=0.047559 mean_excess_score=0.006573 fraction_excess_positive=0.515625 sampling_entropy=5.084320
RG_SCORE round=760 layer=features.24 mean_q=0.074748 max_q=0.168110 fraction_q_positive=0.970703 sampling_entropy=5.800371 uniform_entropy=6.238325 entropy_gap=0.437954 max_probability_over_uniform=5.980884 min_probability_over_uniform=0.250000
RG_REMAP_SCORE round=760 layer=features.24 mode=excess mean_q=0.074748 mean_excess_score=0.012218 fraction_excess_positive=0.548828 sampling_entropy=5.800371
RG_SCORE round=760 layer=features.27 mean_q=0.089813 max_q=0.194140 fraction_q_positive=0.968750 sampling_entropy=5.824216 uniform_entropy=6.238325 entropy_gap=0.414108 max_probability_over_uniform=5.797427 min_probability_over_uniform=0.250000
RG_REMAP_SCORE round=760 layer=features.27 mode=excess mean_q=0.089813 mean_excess_score=0.014105 fraction_excess_positive=0.542969 sampling_entropy=5.824216
RG_SCORE round=760 layer=features.30 mean_q=0.074905 max_q=0.188024 fraction_q_positive=0.964844 sampling_entropy=5.783346 uniform_entropy=6.238325 entropy_gap=0.454978 max_probability_over_uniform=6.229622 min_probability_over_uniform=0.250000
RG_REMAP_SCORE round=760 layer=features.30 mode=excess mean_q=0.074905 mean_excess_score=0.014188 fraction_excess_positive=0.519531 sampling_entropy=5.783346
RG_SCORE round=760 layer=features.34 mean_q=0.167666 max_q=0.422572 fraction_q_positive=0.935547 sampling_entropy=5.775162 uniform_entropy=6.238325 entropy_gap=0.463162 max_probability_over_uniform=5.487463 min_probability_over_uniform=0.250000
RG_REMAP_SCORE round=760 layer=features.34 mode=excess mean_q=0.167666 mean_excess_score=0.036502 fraction_excess_positive=0.525391 sampling_entropy=5.775162
RG_SCORE round=760 layer=features.37 mean_q=0.136658 max_q=0.400865 fraction_q_positive=0.917969 sampling_entropy=5.765010 uniform_entropy=6.238325 entropy_gap=0.473315 max_probability_over_uniform=6.110266 min_probability_over_uniform=0.250000
RG_REMAP_SCORE round=760 layer=features.37 mode=excess mean_q=0.136658 mean_excess_score=0.033813 fraction_excess_positive=0.517578 sampling_entropy=5.765010
RG_SCORE round=760 layer=features.40 mean_q=0.101973 max_q=0.487607 fraction_q_positive=0.736328 sampling_entropy=5.671959 uniform_entropy=6.238325 entropy_gap=0.566365 max_probability_over_uniform=7.372775 min_probability_over_uniform=0.250000
RG_REMAP_SCORE round=760 layer=features.40 mode=excess mean_q=0.101973 mean_excess_score=0.040606 fraction_excess_positive=0.451172 sampling_entropy=5.671959
ROUND_ACCURACY method=FedPhoenixRG-Excess round=760 accuracy=81.099998
********************************************************************************
Round 760
ROUND_ACCURACY method=FedPhoenixRG-Excess round=761 accuracy=79.059998
********************************************************************************
Round 761
ROUND_ACCURACY method=FedPhoenixRG-Excess round=762 accuracy=79.639999
********************************************************************************
Round 762
ROUND_ACCURACY method=FedPhoenixRG-Excess round=763 accuracy=80.610001
********************************************************************************
Round 763
ROUND_ACCURACY method=FedPhoenixRG-Excess round=764 accuracy=79.639999
********************************************************************************
Round 764
ROUND_ACCURACY method=FedPhoenixRG-Excess round=765 accuracy=81.059998
********************************************************************************
Round 765
ROUND_ACCURACY method=FedPhoenixRG-Excess round=766 accuracy=78.040001
********************************************************************************
Round 766
ROUND_ACCURACY method=FedPhoenixRG-Excess round=767 accuracy=79.760002
********************************************************************************
Round 767
ROUND_ACCURACY method=FedPhoenixRG-Excess round=768 accuracy=78.529999
********************************************************************************
Round 768
ROUND_ACCURACY method=FedPhoenixRG-Excess round=769 accuracy=82.029999
********************************************************************************
Round 769
ROUND_ACCURACY method=FedPhoenixRG-Excess round=770 accuracy=82.190002
********************************************************************************
Round 770
ROUND_ACCURACY method=FedPhoenixRG-Excess round=771 accuracy=80.629997
********************************************************************************
Round 771
ROUND_ACCURACY method=FedPhoenixRG-Excess round=772 accuracy=80.559998
********************************************************************************
Round 772
ROUND_ACCURACY method=FedPhoenixRG-Excess round=773 accuracy=73.739998
********************************************************************************
Round 773
ROUND_ACCURACY method=FedPhoenixRG-Excess round=774 accuracy=77.059998
********************************************************************************
Round 774
ROUND_ACCURACY method=FedPhoenixRG-Excess round=775 accuracy=78.260002
********************************************************************************
Round 775
ROUND_ACCURACY method=FedPhoenixRG-Excess round=776 accuracy=75.010002
********************************************************************************
Round 776
ROUND_ACCURACY method=FedPhoenixRG-Excess round=777 accuracy=81.330002
********************************************************************************
Round 777
ROUND_ACCURACY method=FedPhoenixRG-Excess round=778 accuracy=68.900002
********************************************************************************
Round 778
ROUND_ACCURACY method=FedPhoenixRG-Excess round=779 accuracy=42.560001
********************************************************************************
Round 779
RG_SCORE round=780 layer=features.0 mean_q=0.034389 max_q=0.165017 fraction_q_positive=0.718750 sampling_entropy=3.385204 uniform_entropy=4.158883 entropy_gap=0.773679 max_probability_over_uniform=6.407160 min_probability_over_uniform=0.250000
RG_REMAP_SCORE round=780 layer=features.0 mode=excess mean_q=0.034389 mean_excess_score=0.015912 fraction_excess_positive=0.328125 sampling_entropy=3.385204
RG_SCORE round=780 layer=features.3 mean_q=0.023014 max_q=0.058105 fraction_q_positive=0.906250 sampling_entropy=3.671350 uniform_entropy=4.158883 entropy_gap=0.487533 max_probability_over_uniform=4.645844 min_probability_over_uniform=0.250000
RG_REMAP_SCORE round=780 layer=features.3 mode=excess mean_q=0.023014 mean_excess_score=0.005987 fraction_excess_positive=0.500000 sampling_entropy=3.671350
RG_SCORE round=780 layer=features.7 mean_q=0.026842 max_q=0.074321 fraction_q_positive=0.976562 sampling_entropy=4.351531 uniform_entropy=4.852030 entropy_gap=0.500499 max_probability_over_uniform=6.504533 min_probability_over_uniform=0.250000
RG_REMAP_SCORE round=780 layer=features.7 mode=excess mean_q=0.026842 mean_excess_score=0.005693 fraction_excess_positive=0.500000 sampling_entropy=4.351531
RG_SCORE round=780 layer=features.10 mean_q=0.029970 max_q=0.068521 fraction_q_positive=1.000000 sampling_entropy=4.272358 uniform_entropy=4.852030 entropy_gap=0.579672 max_probability_over_uniform=6.697392 min_probability_over_uniform=0.250000
RG_REMAP_SCORE round=780 layer=features.10 mode=excess mean_q=0.029970 mean_excess_score=0.004484 fraction_excess_positive=0.453125 sampling_entropy=4.272358
RG_SCORE round=780 layer=features.14 mean_q=0.036452 max_q=0.071395 fraction_q_positive=1.000000 sampling_entropy=4.981696 uniform_entropy=5.545177 entropy_gap=0.563481 max_probability_over_uniform=6.517042 min_probability_over_uniform=0.250000
RG_REMAP_SCORE round=780 layer=features.14 mode=excess mean_q=0.036452 mean_excess_score=0.004182 fraction_excess_positive=0.449219 sampling_entropy=4.981696
RG_SCORE round=780 layer=features.17 mean_q=0.037039 max_q=0.072598 fraction_q_positive=1.000000 sampling_entropy=4.967932 uniform_entropy=5.545177 entropy_gap=0.577245 max_probability_over_uniform=6.877260 min_probability_over_uniform=0.250000
RG_REMAP_SCORE round=780 layer=features.17 mode=excess mean_q=0.037039 mean_excess_score=0.004024 fraction_excess_positive=0.449219 sampling_entropy=4.967932
RG_SCORE round=780 layer=features.20 mean_q=0.033190 max_q=0.058246 fraction_q_positive=1.000000 sampling_entropy=5.051640 uniform_entropy=5.545177 entropy_gap=0.493538 max_probability_over_uniform=4.993096 min_probability_over_uniform=0.250000
RG_REMAP_SCORE round=780 layer=features.20 mode=excess mean_q=0.033190 mean_excess_score=0.003962 fraction_excess_positive=0.472656 sampling_entropy=5.051640
RG_SCORE round=780 layer=features.24 mean_q=0.060617 max_q=0.128614 fraction_q_positive=1.000000 sampling_entropy=5.720522 uniform_entropy=6.238325 entropy_gap=0.517803 max_probability_over_uniform=6.171869 min_probability_over_uniform=0.250000
RG_REMAP_SCORE round=780 layer=features.24 mode=excess mean_q=0.060617 mean_excess_score=0.008612 fraction_excess_positive=0.486328 sampling_entropy=5.720522
RG_SCORE round=780 layer=features.27 mean_q=0.082904 max_q=0.142860 fraction_q_positive=1.000000 sampling_entropy=5.826289 uniform_entropy=6.238325 entropy_gap=0.412035 max_probability_over_uniform=4.285906 min_probability_over_uniform=0.250000
RG_REMAP_SCORE round=780 layer=features.27 mode=excess mean_q=0.082904 mean_excess_score=0.011142 fraction_excess_positive=0.548828 sampling_entropy=5.826289
RG_SCORE round=780 layer=features.30 mean_q=0.066914 max_q=0.119867 fraction_q_positive=1.000000 sampling_entropy=5.744737 uniform_entropy=6.238325 entropy_gap=0.493587 max_probability_over_uniform=4.905852 min_probability_over_uniform=0.250000
RG_REMAP_SCORE round=780 layer=features.30 mode=excess mean_q=0.066914 mean_excess_score=0.008530 fraction_excess_positive=0.478516 sampling_entropy=5.744737
RG_SCORE round=780 layer=features.34 mean_q=0.176796 max_q=0.327417 fraction_q_positive=1.000000 sampling_entropy=5.831353 uniform_entropy=6.238325 entropy_gap=0.406972 max_probability_over_uniform=4.577370 min_probability_over_uniform=0.250000
RG_REMAP_SCORE round=780 layer=features.34 mode=excess mean_q=0.176796 mean_excess_score=0.026105 fraction_excess_positive=0.542969 sampling_entropy=5.831353
RG_SCORE round=780 layer=features.37 mean_q=0.173583 max_q=0.298560 fraction_q_positive=1.000000 sampling_entropy=5.821992 uniform_entropy=6.238325 entropy_gap=0.416332 max_probability_over_uniform=4.426282 min_probability_over_uniform=0.250000
RG_REMAP_SCORE round=780 layer=features.37 mode=excess mean_q=0.173583 mean_excess_score=0.022444 fraction_excess_positive=0.544922 sampling_entropy=5.821992
RG_SCORE round=780 layer=features.40 mean_q=0.143197 max_q=0.303696 fraction_q_positive=0.998047 sampling_entropy=5.795961 uniform_entropy=6.238325 entropy_gap=0.442364 max_probability_over_uniform=4.718149 min_probability_over_uniform=0.250000
RG_REMAP_SCORE round=780 layer=features.40 mode=excess mean_q=0.143197 mean_excess_score=0.026940 fraction_excess_positive=0.529297 sampling_entropy=5.795961
ROUND_ACCURACY method=FedPhoenixRG-Excess round=780 accuracy=73.699997
********************************************************************************
Round 780
ROUND_ACCURACY method=FedPhoenixRG-Excess round=781 accuracy=67.099998
********************************************************************************
Round 781
ROUND_ACCURACY method=FedPhoenixRG-Excess round=782 accuracy=77.320000
********************************************************************************
Round 782
ROUND_ACCURACY method=FedPhoenixRG-Excess round=783 accuracy=81.669998
********************************************************************************
Round 783
ROUND_ACCURACY method=FedPhoenixRG-Excess round=784 accuracy=76.570000
********************************************************************************
Round 784
ROUND_ACCURACY method=FedPhoenixRG-Excess round=785 accuracy=77.419998
********************************************************************************
Round 785
ROUND_ACCURACY method=FedPhoenixRG-Excess round=786 accuracy=71.809998
********************************************************************************
Round 786
ROUND_ACCURACY method=FedPhoenixRG-Excess round=787 accuracy=79.199997
********************************************************************************
Round 787
ROUND_ACCURACY method=FedPhoenixRG-Excess round=788 accuracy=80.980003
********************************************************************************
Round 788
ROUND_ACCURACY method=FedPhoenixRG-Excess round=789 accuracy=81.000000
********************************************************************************
Round 789
ROUND_ACCURACY method=FedPhoenixRG-Excess round=790 accuracy=81.769997
********************************************************************************
Round 790
ROUND_ACCURACY method=FedPhoenixRG-Excess round=791 accuracy=78.790001
********************************************************************************
Round 791
ROUND_ACCURACY method=FedPhoenixRG-Excess round=792 accuracy=64.419998
********************************************************************************
Round 792
ROUND_ACCURACY method=FedPhoenixRG-Excess round=793 accuracy=79.730003
********************************************************************************
Round 793
ROUND_ACCURACY method=FedPhoenixRG-Excess round=794 accuracy=76.610001
********************************************************************************
Round 794
ROUND_ACCURACY method=FedPhoenixRG-Excess round=795 accuracy=78.500000
********************************************************************************
Round 795
ROUND_ACCURACY method=FedPhoenixRG-Excess round=796 accuracy=76.519997
********************************************************************************
Round 796
ROUND_ACCURACY method=FedPhoenixRG-Excess round=797 accuracy=76.470001
********************************************************************************
Round 797
ROUND_ACCURACY method=FedPhoenixRG-Excess round=798 accuracy=80.760002
********************************************************************************
Round 798
ROUND_ACCURACY method=FedPhoenixRG-Excess round=799 accuracy=81.290001
********************************************************************************
Round 799
RG_SCORE round=800 layer=features.0 mean_q=0.060583 max_q=0.203189 fraction_q_positive=0.750000 sampling_entropy=3.593678 uniform_entropy=4.158883 entropy_gap=0.565205 max_probability_over_uniform=4.905079 min_probability_over_uniform=0.250000
RG_REMAP_SCORE round=800 layer=features.0 mode=excess mean_q=0.060583 mean_excess_score=0.022976 fraction_excess_positive=0.468750 sampling_entropy=3.593678
RG_SCORE round=800 layer=features.3 mean_q=0.045468 max_q=0.119544 fraction_q_positive=0.953125 sampling_entropy=3.656311 uniform_entropy=4.158883 entropy_gap=0.502572 max_probability_over_uniform=4.992444 min_probability_over_uniform=0.250000
RG_REMAP_SCORE round=800 layer=features.3 mode=excess mean_q=0.045468 mean_excess_score=0.011715 fraction_excess_positive=0.531250 sampling_entropy=3.656311
RG_SCORE round=800 layer=features.7 mean_q=0.047299 max_q=0.119575 fraction_q_positive=0.984375 sampling_entropy=4.383802 uniform_entropy=4.852030 entropy_gap=0.468228 max_probability_over_uniform=6.546232 min_probability_over_uniform=0.250000
RG_REMAP_SCORE round=800 layer=features.7 mode=excess mean_q=0.047299 mean_excess_score=0.008609 fraction_excess_positive=0.539062 sampling_entropy=4.383802
RG_SCORE round=800 layer=features.10 mean_q=0.045394 max_q=0.086717 fraction_q_positive=1.000000 sampling_entropy=4.349975 uniform_entropy=4.852030 entropy_gap=0.502055 max_probability_over_uniform=4.956976 min_probability_over_uniform=0.250000
RG_REMAP_SCORE round=800 layer=features.10 mode=excess mean_q=0.045394 mean_excess_score=0.006584 fraction_excess_positive=0.500000 sampling_entropy=4.349975
RG_SCORE round=800 layer=features.14 mean_q=0.050209 max_q=0.112914 fraction_q_positive=1.000000 sampling_entropy=5.011926 uniform_entropy=5.545177 entropy_gap=0.533252 max_probability_over_uniform=7.328884 min_probability_over_uniform=0.250000
RG_REMAP_SCORE round=800 layer=features.14 mode=excess mean_q=0.050209 mean_excess_score=0.006644 fraction_excess_positive=0.496094 sampling_entropy=5.011926
RG_SCORE round=800 layer=features.17 mean_q=0.051885 max_q=0.156011 fraction_q_positive=1.000000 sampling_entropy=4.950410 uniform_entropy=5.545177 entropy_gap=0.594768 max_probability_over_uniform=13.557931 min_probability_over_uniform=0.250000
RG_REMAP_SCORE round=800 layer=features.17 mode=excess mean_q=0.051885 mean_excess_score=0.005868 fraction_excess_positive=0.453125 sampling_entropy=4.950410
RG_SCORE round=800 layer=features.20 mean_q=0.047288 max_q=0.092128 fraction_q_positive=1.000000 sampling_entropy=5.067572 uniform_entropy=5.545177 entropy_gap=0.477606 max_probability_over_uniform=7.080550 min_probability_over_uniform=0.250000
RG_REMAP_SCORE round=800 layer=features.20 mode=excess mean_q=0.047288 mean_excess_score=0.004924 fraction_excess_positive=0.507812 sampling_entropy=5.067572
RG_SCORE round=800 layer=features.24 mean_q=0.078429 max_q=0.146118 fraction_q_positive=1.000000 sampling_entropy=5.750102 uniform_entropy=6.238325 entropy_gap=0.488223 max_probability_over_uniform=5.292708 min_probability_over_uniform=0.250000
RG_REMAP_SCORE round=800 layer=features.24 mode=excess mean_q=0.078429 mean_excess_score=0.010067 fraction_excess_positive=0.507812 sampling_entropy=5.750102
RG_SCORE round=800 layer=features.27 mean_q=0.108777 max_q=0.187259 fraction_q_positive=0.996094 sampling_entropy=5.831339 uniform_entropy=6.238325 entropy_gap=0.406986 max_probability_over_uniform=4.173897 min_probability_over_uniform=0.250000
RG_REMAP_SCORE round=800 layer=features.27 mode=excess mean_q=0.108777 mean_excess_score=0.015001 fraction_excess_positive=0.552734 sampling_entropy=5.831339
RG_SCORE round=800 layer=features.30 mean_q=0.086627 max_q=0.166545 fraction_q_positive=1.000000 sampling_entropy=5.765998 uniform_entropy=6.238325 entropy_gap=0.472326 max_probability_over_uniform=5.627472 min_probability_over_uniform=0.250000
RG_REMAP_SCORE round=800 layer=features.30 mode=excess mean_q=0.086627 mean_excess_score=0.011146 fraction_excess_positive=0.523438 sampling_entropy=5.765998
RG_SCORE round=800 layer=features.34 mean_q=0.182750 max_q=0.364415 fraction_q_positive=0.978516 sampling_entropy=5.814731 uniform_entropy=6.238325 entropy_gap=0.423594 max_probability_over_uniform=4.255463 min_probability_over_uniform=0.250000
RG_REMAP_SCORE round=800 layer=features.34 mode=excess mean_q=0.182750 mean_excess_score=0.034016 fraction_excess_positive=0.550781 sampling_entropy=5.814731
RG_SCORE round=800 layer=features.37 mean_q=0.151051 max_q=0.428889 fraction_q_positive=0.960938 sampling_entropy=5.788302 uniform_entropy=6.238325 entropy_gap=0.450022 max_probability_over_uniform=6.668847 min_probability_over_uniform=0.250000
RG_REMAP_SCORE round=800 layer=features.37 mode=excess mean_q=0.151051 mean_excess_score=0.032464 fraction_excess_positive=0.525391 sampling_entropy=5.788302
RG_SCORE round=800 layer=features.40 mean_q=0.108309 max_q=0.493090 fraction_q_positive=0.830078 sampling_entropy=5.716148 uniform_entropy=6.238325 entropy_gap=0.522177 max_probability_over_uniform=8.345092 min_probability_over_uniform=0.250000
RG_REMAP_SCORE round=800 layer=features.40 mode=excess mean_q=0.108309 mean_excess_score=0.035649 fraction_excess_positive=0.468750 sampling_entropy=5.716148
ROUND_ACCURACY method=FedPhoenixRG-Excess round=800 accuracy=79.120003
********************************************************************************
Round 800
ROUND_ACCURACY method=FedPhoenixRG-Excess round=801 accuracy=79.599998
********************************************************************************
Round 801
ROUND_ACCURACY method=FedPhoenixRG-Excess round=802 accuracy=79.019997
********************************************************************************
Round 802
ROUND_ACCURACY method=FedPhoenixRG-Excess round=803 accuracy=81.559998
********************************************************************************
Round 803
ROUND_ACCURACY method=FedPhoenixRG-Excess round=804 accuracy=76.809998
********************************************************************************
Round 804
ROUND_ACCURACY method=FedPhoenixRG-Excess round=805 accuracy=75.330002
********************************************************************************
Round 805
ROUND_ACCURACY method=FedPhoenixRG-Excess round=806 accuracy=76.680000
********************************************************************************
Round 806
ROUND_ACCURACY method=FedPhoenixRG-Excess round=807 accuracy=74.760002
********************************************************************************
Round 807
ROUND_ACCURACY method=FedPhoenixRG-Excess round=808 accuracy=71.430000
********************************************************************************
Round 808
ROUND_ACCURACY method=FedPhoenixRG-Excess round=809 accuracy=79.300003
********************************************************************************
Round 809
ROUND_ACCURACY method=FedPhoenixRG-Excess round=810 accuracy=81.309998
********************************************************************************
Round 810
ROUND_ACCURACY method=FedPhoenixRG-Excess round=811 accuracy=75.720001
********************************************************************************
Round 811
ROUND_ACCURACY method=FedPhoenixRG-Excess round=812 accuracy=77.870003
********************************************************************************
Round 812
ROUND_ACCURACY method=FedPhoenixRG-Excess round=813 accuracy=78.589996
********************************************************************************
Round 813
ROUND_ACCURACY method=FedPhoenixRG-Excess round=814 accuracy=71.470001
********************************************************************************
Round 814
ROUND_ACCURACY method=FedPhoenixRG-Excess round=815 accuracy=76.760002
********************************************************************************
Round 815
ROUND_ACCURACY method=FedPhoenixRG-Excess round=816 accuracy=81.169998
********************************************************************************
Round 816
ROUND_ACCURACY method=FedPhoenixRG-Excess round=817 accuracy=81.529999
********************************************************************************
Round 817
ROUND_ACCURACY method=FedPhoenixRG-Excess round=818 accuracy=81.650002
********************************************************************************
Round 818
ROUND_ACCURACY method=FedPhoenixRG-Excess round=819 accuracy=81.489998
********************************************************************************
Round 819
RG_SCORE round=820 layer=features.0 mean_q=0.059066 max_q=0.172874 fraction_q_positive=0.718750 sampling_entropy=3.656931 uniform_entropy=4.158883 entropy_gap=0.501952 max_probability_over_uniform=4.001821 min_probability_over_uniform=0.250000
RG_REMAP_SCORE round=820 layer=features.0 mode=excess mean_q=0.059066 mean_excess_score=0.022751 fraction_excess_positive=0.468750 sampling_entropy=3.656931
RG_SCORE round=820 layer=features.3 mean_q=0.056503 max_q=0.125406 fraction_q_positive=1.000000 sampling_entropy=3.600907 uniform_entropy=4.158883 entropy_gap=0.557977 max_probability_over_uniform=6.159507 min_probability_over_uniform=0.250000
RG_REMAP_SCORE round=820 layer=features.3 mode=excess mean_q=0.056503 mean_excess_score=0.008745 fraction_excess_positive=0.453125 sampling_entropy=3.600907
RG_SCORE round=820 layer=features.7 mean_q=0.059354 max_q=0.133503 fraction_q_positive=1.000000 sampling_entropy=4.283281 uniform_entropy=4.852030 entropy_gap=0.568749 max_probability_over_uniform=7.595700 min_probability_over_uniform=0.250000
RG_REMAP_SCORE round=820 layer=features.7 mode=excess mean_q=0.059354 mean_excess_score=0.007571 fraction_excess_positive=0.445312 sampling_entropy=4.283281
RG_SCORE round=820 layer=features.10 mean_q=0.056144 max_q=0.116150 fraction_q_positive=1.000000 sampling_entropy=4.310868 uniform_entropy=4.852030 entropy_gap=0.541162 max_probability_over_uniform=9.000778 min_probability_over_uniform=0.250000
RG_REMAP_SCORE round=820 layer=features.10 mode=excess mean_q=0.056144 mean_excess_score=0.005143 fraction_excess_positive=0.507812 sampling_entropy=4.310868
RG_SCORE round=820 layer=features.14 mean_q=0.062265 max_q=0.115514 fraction_q_positive=1.000000 sampling_entropy=5.010696 uniform_entropy=5.545177 entropy_gap=0.534482 max_probability_over_uniform=7.937406 min_probability_over_uniform=0.250000
RG_REMAP_SCORE round=820 layer=features.14 mode=excess mean_q=0.062265 mean_excess_score=0.005195 fraction_excess_positive=0.484375 sampling_entropy=5.010696
RG_SCORE round=820 layer=features.17 mean_q=0.063449 max_q=0.116305 fraction_q_positive=1.000000 sampling_entropy=4.925689 uniform_entropy=5.545177 entropy_gap=0.619488 max_probability_over_uniform=8.310634 min_probability_over_uniform=0.250000
RG_REMAP_SCORE round=820 layer=features.17 mode=excess mean_q=0.063449 mean_excess_score=0.004918 fraction_excess_positive=0.453125 sampling_entropy=4.925689
RG_SCORE round=820 layer=features.20 mean_q=0.053902 max_q=0.085530 fraction_q_positive=1.000000 sampling_entropy=5.069115 uniform_entropy=5.545177 entropy_gap=0.476063 max_probability_over_uniform=5.619113 min_probability_over_uniform=0.250000
RG_REMAP_SCORE round=820 layer=features.20 mode=excess mean_q=0.053902 mean_excess_score=0.004418 fraction_excess_positive=0.480469 sampling_entropy=5.069115
RG_SCORE round=820 layer=features.24 mean_q=0.085092 max_q=0.146431 fraction_q_positive=1.000000 sampling_entropy=5.713752 uniform_entropy=6.238325 entropy_gap=0.524572 max_probability_over_uniform=5.602298 min_probability_over_uniform=0.250000
RG_REMAP_SCORE round=820 layer=features.24 mode=excess mean_q=0.085092 mean_excess_score=0.008595 fraction_excess_positive=0.468750 sampling_entropy=5.713752
RG_SCORE round=820 layer=features.27 mean_q=0.116116 max_q=0.194053 fraction_q_positive=1.000000 sampling_entropy=5.802461 uniform_entropy=6.238325 entropy_gap=0.435863 max_probability_over_uniform=6.187019 min_probability_over_uniform=0.250000
RG_REMAP_SCORE round=820 layer=features.27 mode=excess mean_q=0.116116 mean_excess_score=0.009845 fraction_excess_positive=0.537109 sampling_entropy=5.802461
RG_SCORE round=820 layer=features.30 mean_q=0.089819 max_q=0.143587 fraction_q_positive=1.000000 sampling_entropy=5.731075 uniform_entropy=6.238325 entropy_gap=0.507249 max_probability_over_uniform=5.602782 min_probability_over_uniform=0.250000
RG_REMAP_SCORE round=820 layer=features.30 mode=excess mean_q=0.089819 mean_excess_score=0.007534 fraction_excess_positive=0.511719 sampling_entropy=5.731075
RG_SCORE round=820 layer=features.34 mean_q=0.235625 max_q=0.355018 fraction_q_positive=1.000000 sampling_entropy=5.780557 uniform_entropy=6.238325 entropy_gap=0.457768 max_probability_over_uniform=4.934826 min_probability_over_uniform=0.250000
RG_REMAP_SCORE round=820 layer=features.34 mode=excess mean_q=0.235625 mean_excess_score=0.019114 fraction_excess_positive=0.519531 sampling_entropy=5.780557
RG_SCORE round=820 layer=features.37 mean_q=0.228038 max_q=0.370670 fraction_q_positive=0.998047 sampling_entropy=5.829080 uniform_entropy=6.238325 entropy_gap=0.409245 max_probability_over_uniform=5.526069 min_probability_over_uniform=0.250000
RG_REMAP_SCORE round=820 layer=features.37 mode=excess mean_q=0.228038 mean_excess_score=0.020275 fraction_excess_positive=0.554688 sampling_entropy=5.829080
RG_SCORE round=820 layer=features.40 mean_q=0.188568 max_q=0.510288 fraction_q_positive=0.996094 sampling_entropy=5.759449 uniform_entropy=6.238325 entropy_gap=0.478876 max_probability_over_uniform=9.456587 min_probability_over_uniform=0.250000
RG_REMAP_SCORE round=820 layer=features.40 mode=excess mean_q=0.188568 mean_excess_score=0.026208 fraction_excess_positive=0.515625 sampling_entropy=5.759449
ROUND_ACCURACY method=FedPhoenixRG-Excess round=820 accuracy=80.290001
********************************************************************************
Round 820
ROUND_ACCURACY method=FedPhoenixRG-Excess round=821 accuracy=79.790001
********************************************************************************
Round 821
ROUND_ACCURACY method=FedPhoenixRG-Excess round=822 accuracy=77.449997
********************************************************************************
Round 822
ROUND_ACCURACY method=FedPhoenixRG-Excess round=823 accuracy=63.549999
********************************************************************************
Round 823
ROUND_ACCURACY method=FedPhoenixRG-Excess round=824 accuracy=47.209999
********************************************************************************
Round 824
ROUND_ACCURACY method=FedPhoenixRG-Excess round=825 accuracy=76.510002
********************************************************************************
Round 825
ROUND_ACCURACY method=FedPhoenixRG-Excess round=826 accuracy=76.830002
********************************************************************************
Round 826
ROUND_ACCURACY method=FedPhoenixRG-Excess round=827 accuracy=72.879997
********************************************************************************
Round 827
ROUND_ACCURACY method=FedPhoenixRG-Excess round=828 accuracy=71.010002
********************************************************************************
Round 828
ROUND_ACCURACY method=FedPhoenixRG-Excess round=829 accuracy=81.389999
********************************************************************************
Round 829
ROUND_ACCURACY method=FedPhoenixRG-Excess round=830 accuracy=71.320000
********************************************************************************
Round 830
ROUND_ACCURACY method=FedPhoenixRG-Excess round=831 accuracy=75.680000
********************************************************************************
Round 831
ROUND_ACCURACY method=FedPhoenixRG-Excess round=832 accuracy=80.449997
********************************************************************************
Round 832
ROUND_ACCURACY method=FedPhoenixRG-Excess round=833 accuracy=76.449997
********************************************************************************
Round 833
ROUND_ACCURACY method=FedPhoenixRG-Excess round=834 accuracy=79.519997
********************************************************************************
Round 834
ROUND_ACCURACY method=FedPhoenixRG-Excess round=835 accuracy=75.980003
********************************************************************************
Round 835
ROUND_ACCURACY method=FedPhoenixRG-Excess round=836 accuracy=79.349998
********************************************************************************
Round 836
ROUND_ACCURACY method=FedPhoenixRG-Excess round=837 accuracy=81.870003
********************************************************************************
Round 837
ROUND_ACCURACY method=FedPhoenixRG-Excess round=838 accuracy=81.889999
********************************************************************************
Round 838
ROUND_ACCURACY method=FedPhoenixRG-Excess round=839 accuracy=79.050003
********************************************************************************
Round 839
RG_SCORE round=840 layer=features.0 mean_q=0.060479 max_q=0.246973 fraction_q_positive=0.781250 sampling_entropy=3.529687 uniform_entropy=4.158883 entropy_gap=0.629196 max_probability_over_uniform=6.063758 min_probability_over_uniform=0.250000
RG_REMAP_SCORE round=840 layer=features.0 mode=excess mean_q=0.060479 mean_excess_score=0.024059 fraction_excess_positive=0.375000 sampling_entropy=3.529687
RG_SCORE round=840 layer=features.3 mean_q=0.044607 max_q=0.094605 fraction_q_positive=0.984375 sampling_entropy=3.662164 uniform_entropy=4.158883 entropy_gap=0.496719 max_probability_over_uniform=5.278445 min_probability_over_uniform=0.250000
RG_REMAP_SCORE round=840 layer=features.3 mode=excess mean_q=0.044607 mean_excess_score=0.007457 fraction_excess_positive=0.453125 sampling_entropy=3.662164
RG_SCORE round=840 layer=features.7 mean_q=0.045747 max_q=0.128911 fraction_q_positive=1.000000 sampling_entropy=4.352121 uniform_entropy=4.852030 entropy_gap=0.499909 max_probability_over_uniform=9.160319 min_probability_over_uniform=0.250000
RG_REMAP_SCORE round=840 layer=features.7 mode=excess mean_q=0.045747 mean_excess_score=0.007000 fraction_excess_positive=0.500000 sampling_entropy=4.352121
RG_SCORE round=840 layer=features.10 mean_q=0.045263 max_q=0.071632 fraction_q_positive=1.000000 sampling_entropy=4.425772 uniform_entropy=4.852030 entropy_gap=0.426259 max_probability_over_uniform=4.703804 min_probability_over_uniform=0.250000
RG_REMAP_SCORE round=840 layer=features.10 mode=excess mean_q=0.045263 mean_excess_score=0.004440 fraction_excess_positive=0.523438 sampling_entropy=4.425772
RG_SCORE round=840 layer=features.14 mean_q=0.053106 max_q=0.098071 fraction_q_positive=1.000000 sampling_entropy=4.982341 uniform_entropy=5.545177 entropy_gap=0.562836 max_probability_over_uniform=7.557400 min_probability_over_uniform=0.250000
RG_REMAP_SCORE round=840 layer=features.14 mode=excess mean_q=0.053106 mean_excess_score=0.004615 fraction_excess_positive=0.476562 sampling_entropy=4.982341
RG_SCORE round=840 layer=features.17 mean_q=0.052626 max_q=0.089775 fraction_q_positive=1.000000 sampling_entropy=4.997184 uniform_entropy=5.545177 entropy_gap=0.547993 max_probability_over_uniform=7.122832 min_probability_over_uniform=0.250000
RG_REMAP_SCORE round=840 layer=features.17 mode=excess mean_q=0.052626 mean_excess_score=0.004054 fraction_excess_positive=0.488281 sampling_entropy=4.997184
RG_SCORE round=840 layer=features.20 mean_q=0.046296 max_q=0.073118 fraction_q_positive=1.000000 sampling_entropy=5.058303 uniform_entropy=5.545177 entropy_gap=0.486875 max_probability_over_uniform=5.623189 min_probability_over_uniform=0.250000
RG_REMAP_SCORE round=840 layer=features.20 mode=excess mean_q=0.046296 mean_excess_score=0.003744 fraction_excess_positive=0.511719 sampling_entropy=5.058303
RG_SCORE round=840 layer=features.24 mean_q=0.074823 max_q=0.147674 fraction_q_positive=1.000000 sampling_entropy=5.693739 uniform_entropy=6.238325 entropy_gap=0.544585 max_probability_over_uniform=7.682144 min_probability_over_uniform=0.250000
RG_REMAP_SCORE round=840 layer=features.24 mode=excess mean_q=0.074823 mean_excess_score=0.007352 fraction_excess_positive=0.478516 sampling_entropy=5.693739
RG_SCORE round=840 layer=features.27 mean_q=0.104455 max_q=0.171510 fraction_q_positive=1.000000 sampling_entropy=5.756660 uniform_entropy=6.238325 entropy_gap=0.481665 max_probability_over_uniform=6.942756 min_probability_over_uniform=0.250000
RG_REMAP_SCORE round=840 layer=features.27 mode=excess mean_q=0.104455 mean_excess_score=0.007514 fraction_excess_positive=0.517578 sampling_entropy=5.756660
RG_SCORE round=840 layer=features.30 mean_q=0.077833 max_q=0.122249 fraction_q_positive=1.000000 sampling_entropy=5.774348 uniform_entropy=6.238325 entropy_gap=0.463977 max_probability_over_uniform=5.305939 min_probability_over_uniform=0.250000
RG_REMAP_SCORE round=840 layer=features.30 mode=excess mean_q=0.077833 mean_excess_score=0.006589 fraction_excess_positive=0.517578 sampling_entropy=5.774348
RG_SCORE round=840 layer=features.34 mean_q=0.194780 max_q=0.327030 fraction_q_positive=1.000000 sampling_entropy=5.793749 uniform_entropy=6.238325 entropy_gap=0.444576 max_probability_over_uniform=4.579420 min_probability_over_uniform=0.250000
RG_REMAP_SCORE round=840 layer=features.34 mode=excess mean_q=0.194780 mean_excess_score=0.022910 fraction_excess_positive=0.533203 sampling_entropy=5.793749
RG_SCORE round=840 layer=features.37 mean_q=0.194082 max_q=0.344754 fraction_q_positive=1.000000 sampling_entropy=5.762743 uniform_entropy=6.238325 entropy_gap=0.475582 max_probability_over_uniform=5.820750 min_probability_over_uniform=0.250000
RG_REMAP_SCORE round=840 layer=features.37 mode=excess mean_q=0.194082 mean_excess_score=0.020285 fraction_excess_positive=0.498047 sampling_entropy=5.762743
RG_SCORE round=840 layer=features.40 mean_q=0.154533 max_q=0.360763 fraction_q_positive=1.000000 sampling_entropy=5.750695 uniform_entropy=6.238325 entropy_gap=0.487630 max_probability_over_uniform=6.761415 min_probability_over_uniform=0.250000
RG_REMAP_SCORE round=840 layer=features.40 mode=excess mean_q=0.154533 mean_excess_score=0.023754 fraction_excess_positive=0.529297 sampling_entropy=5.750695
ROUND_ACCURACY method=FedPhoenixRG-Excess round=840 accuracy=68.029999
********************************************************************************
Round 840
ROUND_ACCURACY method=FedPhoenixRG-Excess round=841 accuracy=77.050003
********************************************************************************
Round 841
ROUND_ACCURACY method=FedPhoenixRG-Excess round=842 accuracy=65.610001
********************************************************************************
Round 842
ROUND_ACCURACY method=FedPhoenixRG-Excess round=843 accuracy=80.620003
********************************************************************************
Round 843
ROUND_ACCURACY method=FedPhoenixRG-Excess round=844 accuracy=80.989998
********************************************************************************
Round 844
ROUND_ACCURACY method=FedPhoenixRG-Excess round=845 accuracy=76.470001
********************************************************************************
Round 845
ROUND_ACCURACY method=FedPhoenixRG-Excess round=846 accuracy=72.889999
********************************************************************************
Round 846
ROUND_ACCURACY method=FedPhoenixRG-Excess round=847 accuracy=66.860001
********************************************************************************
Round 847
ROUND_ACCURACY method=FedPhoenixRG-Excess round=848 accuracy=81.989998
********************************************************************************
Round 848
ROUND_ACCURACY method=FedPhoenixRG-Excess round=849 accuracy=80.360001
********************************************************************************
Round 849
ROUND_ACCURACY method=FedPhoenixRG-Excess round=850 accuracy=81.290001
********************************************************************************
Round 850
ROUND_ACCURACY method=FedPhoenixRG-Excess round=851 accuracy=80.489998
********************************************************************************
Round 851
ROUND_ACCURACY method=FedPhoenixRG-Excess round=852 accuracy=81.690002
********************************************************************************
Round 852
ROUND_ACCURACY method=FedPhoenixRG-Excess round=853 accuracy=79.040001
********************************************************************************
Round 853
ROUND_ACCURACY method=FedPhoenixRG-Excess round=854 accuracy=76.070000
********************************************************************************
Round 854
ROUND_ACCURACY method=FedPhoenixRG-Excess round=855 accuracy=80.070000
********************************************************************************
Round 855
ROUND_ACCURACY method=FedPhoenixRG-Excess round=856 accuracy=81.629997
********************************************************************************
Round 856
ROUND_ACCURACY method=FedPhoenixRG-Excess round=857 accuracy=81.339996
********************************************************************************
Round 857
ROUND_ACCURACY method=FedPhoenixRG-Excess round=858 accuracy=82.309998
********************************************************************************
Round 858
ROUND_ACCURACY method=FedPhoenixRG-Excess round=859 accuracy=80.360001
********************************************************************************
Round 859
RG_SCORE round=860 layer=features.0 mean_q=0.042096 max_q=0.208810 fraction_q_positive=0.625000 sampling_entropy=3.503766 uniform_entropy=4.158883 entropy_gap=0.655117 max_probability_over_uniform=6.139461 min_probability_over_uniform=0.250000
RG_REMAP_SCORE round=860 layer=features.0 mode=excess mean_q=0.042096 mean_excess_score=0.021230 fraction_excess_positive=0.375000 sampling_entropy=3.503766
RG_SCORE round=860 layer=features.3 mean_q=0.044086 max_q=0.094357 fraction_q_positive=0.984375 sampling_entropy=3.598350 uniform_entropy=4.158883 entropy_gap=0.560533 max_probability_over_uniform=5.056087 min_probability_over_uniform=0.250000
RG_REMAP_SCORE round=860 layer=features.3 mode=excess mean_q=0.044086 mean_excess_score=0.007845 fraction_excess_positive=0.421875 sampling_entropy=3.598350
RG_SCORE round=860 layer=features.7 mean_q=0.048622 max_q=0.097607 fraction_q_positive=1.000000 sampling_entropy=4.315933 uniform_entropy=4.852030 entropy_gap=0.536098 max_probability_over_uniform=5.590279 min_probability_over_uniform=0.250000
RG_REMAP_SCORE round=860 layer=features.7 mode=excess mean_q=0.048622 mean_excess_score=0.006880 fraction_excess_positive=0.468750 sampling_entropy=4.315933
RG_SCORE round=860 layer=features.10 mean_q=0.046077 max_q=0.085516 fraction_q_positive=1.000000 sampling_entropy=4.217192 uniform_entropy=4.852030 entropy_gap=0.634839 max_probability_over_uniform=8.132634 min_probability_over_uniform=0.250000
RG_REMAP_SCORE round=860 layer=features.10 mode=excess mean_q=0.046077 mean_excess_score=0.003752 fraction_excess_positive=0.445312 sampling_entropy=4.217192
RG_SCORE round=860 layer=features.14 mean_q=0.051625 max_q=0.117389 fraction_q_positive=1.000000 sampling_entropy=4.922482 uniform_entropy=5.545177 entropy_gap=0.622695 max_probability_over_uniform=10.352218 min_probability_over_uniform=0.250000
RG_REMAP_SCORE round=860 layer=features.14 mode=excess mean_q=0.051625 mean_excess_score=0.004882 fraction_excess_positive=0.445312 sampling_entropy=4.922482
RG_SCORE round=860 layer=features.17 mean_q=0.051245 max_q=0.103367 fraction_q_positive=1.000000 sampling_entropy=4.978470 uniform_entropy=5.545177 entropy_gap=0.566708 max_probability_over_uniform=9.330124 min_probability_over_uniform=0.250000
RG_REMAP_SCORE round=860 layer=features.17 mode=excess mean_q=0.051245 mean_excess_score=0.004305 fraction_excess_positive=0.453125 sampling_entropy=4.978470
RG_SCORE round=860 layer=features.20 mean_q=0.044185 max_q=0.070021 fraction_q_positive=1.000000 sampling_entropy=5.079849 uniform_entropy=5.545177 entropy_gap=0.465328 max_probability_over_uniform=5.402370 min_probability_over_uniform=0.250000
RG_REMAP_SCORE round=860 layer=features.20 mode=excess mean_q=0.044185 mean_excess_score=0.003761 fraction_excess_positive=0.511719 sampling_entropy=5.079849
RG_SCORE round=860 layer=features.24 mean_q=0.078169 max_q=0.231278 fraction_q_positive=1.000000 sampling_entropy=5.618755 uniform_entropy=6.238325 entropy_gap=0.619570 max_probability_over_uniform=12.259579 min_probability_over_uniform=0.250000
RG_REMAP_SCORE round=860 layer=features.24 mode=excess mean_q=0.078169 mean_excess_score=0.009562 fraction_excess_positive=0.435547 sampling_entropy=5.618755
RG_SCORE round=860 layer=features.27 mean_q=0.108509 max_q=0.184770 fraction_q_positive=1.000000 sampling_entropy=5.760230 uniform_entropy=6.238325 entropy_gap=0.478094 max_probability_over_uniform=6.223366 min_probability_over_uniform=0.250000
RG_REMAP_SCORE round=860 layer=features.27 mode=excess mean_q=0.108509 mean_excess_score=0.009575 fraction_excess_positive=0.533203 sampling_entropy=5.760230
RG_SCORE round=860 layer=features.30 mean_q=0.070656 max_q=0.134529 fraction_q_positive=1.000000 sampling_entropy=5.775920 uniform_entropy=6.238325 entropy_gap=0.462405 max_probability_over_uniform=5.863211 min_probability_over_uniform=0.250000
RG_REMAP_SCORE round=860 layer=features.30 mode=excess mean_q=0.070656 mean_excess_score=0.008534 fraction_excess_positive=0.501953 sampling_entropy=5.775920
RG_SCORE round=860 layer=features.34 mean_q=0.190936 max_q=0.375989 fraction_q_positive=0.992188 sampling_entropy=5.840785 uniform_entropy=6.238325 entropy_gap=0.397539 max_probability_over_uniform=4.627479 min_probability_over_uniform=0.250000
RG_REMAP_SCORE round=860 layer=features.34 mode=excess mean_q=0.190936 mean_excess_score=0.031705 fraction_excess_positive=0.548828 sampling_entropy=5.840785
RG_SCORE round=860 layer=features.37 mean_q=0.150689 max_q=0.305204 fraction_q_positive=0.994141 sampling_entropy=5.790243 uniform_entropy=6.238325 entropy_gap=0.448082 max_probability_over_uniform=4.779512 min_probability_over_uniform=0.250000
RG_REMAP_SCORE round=860 layer=features.37 mode=excess mean_q=0.150689 mean_excess_score=0.025585 fraction_excess_positive=0.531250 sampling_entropy=5.790243
RG_SCORE round=860 layer=features.40 mean_q=0.096754 max_q=0.306479 fraction_q_positive=0.925781 sampling_entropy=5.742820 uniform_entropy=6.238325 entropy_gap=0.495504 max_probability_over_uniform=6.102812 min_probability_over_uniform=0.250000
RG_REMAP_SCORE round=860 layer=features.40 mode=excess mean_q=0.096754 mean_excess_score=0.026875 fraction_excess_positive=0.498047 sampling_entropy=5.742820
ROUND_ACCURACY method=FedPhoenixRG-Excess round=860 accuracy=70.010002
********************************************************************************
Round 860
ROUND_ACCURACY method=FedPhoenixRG-Excess round=861 accuracy=72.339996
********************************************************************************
Round 861
ROUND_ACCURACY method=FedPhoenixRG-Excess round=862 accuracy=77.760002
********************************************************************************
Round 862
ROUND_ACCURACY method=FedPhoenixRG-Excess round=863 accuracy=74.809998
********************************************************************************
Round 863
ROUND_ACCURACY method=FedPhoenixRG-Excess round=864 accuracy=76.059998
********************************************************************************
Round 864
ROUND_ACCURACY method=FedPhoenixRG-Excess round=865 accuracy=78.739998
********************************************************************************
Round 865
ROUND_ACCURACY method=FedPhoenixRG-Excess round=866 accuracy=73.360001
********************************************************************************
Round 866
ROUND_ACCURACY method=FedPhoenixRG-Excess round=867 accuracy=78.139999
********************************************************************************
Round 867
ROUND_ACCURACY method=FedPhoenixRG-Excess round=868 accuracy=72.900002
********************************************************************************
Round 868
ROUND_ACCURACY method=FedPhoenixRG-Excess round=869 accuracy=80.180000
********************************************************************************
Round 869
ROUND_ACCURACY method=FedPhoenixRG-Excess round=870 accuracy=79.449997
********************************************************************************
Round 870
ROUND_ACCURACY method=FedPhoenixRG-Excess round=871 accuracy=81.660004
********************************************************************************
Round 871
ROUND_ACCURACY method=FedPhoenixRG-Excess round=872 accuracy=81.550003
********************************************************************************
Round 872
ROUND_ACCURACY method=FedPhoenixRG-Excess round=873 accuracy=81.360001
********************************************************************************
Round 873
ROUND_ACCURACY method=FedPhoenixRG-Excess round=874 accuracy=77.970001
********************************************************************************
Round 874
ROUND_ACCURACY method=FedPhoenixRG-Excess round=875 accuracy=77.790001
********************************************************************************
Round 875
ROUND_ACCURACY method=FedPhoenixRG-Excess round=876 accuracy=81.300003
********************************************************************************
Round 876
ROUND_ACCURACY method=FedPhoenixRG-Excess round=877 accuracy=78.199997
********************************************************************************
Round 877
ROUND_ACCURACY method=FedPhoenixRG-Excess round=878 accuracy=79.199997
********************************************************************************
Round 878
ROUND_ACCURACY method=FedPhoenixRG-Excess round=879 accuracy=70.820000
********************************************************************************
Round 879
RG_SCORE round=880 layer=features.0 mean_q=0.068061 max_q=0.194993 fraction_q_positive=0.828125 sampling_entropy=3.609952 uniform_entropy=4.158883 entropy_gap=0.548931 max_probability_over_uniform=4.177146 min_probability_over_uniform=0.250000
RG_REMAP_SCORE round=880 layer=features.0 mode=excess mean_q=0.068061 mean_excess_score=0.024241 fraction_excess_positive=0.437500 sampling_entropy=3.609952
RG_SCORE round=880 layer=features.3 mean_q=0.056769 max_q=0.103983 fraction_q_positive=0.984375 sampling_entropy=3.678052 uniform_entropy=4.158883 entropy_gap=0.480831 max_probability_over_uniform=4.861412 min_probability_over_uniform=0.250000
RG_REMAP_SCORE round=880 layer=features.3 mode=excess mean_q=0.056769 mean_excess_score=0.007679 fraction_excess_positive=0.500000 sampling_entropy=3.678052
RG_SCORE round=880 layer=features.7 mean_q=0.056213 max_q=0.101707 fraction_q_positive=1.000000 sampling_entropy=4.310457 uniform_entropy=4.852030 entropy_gap=0.541574 max_probability_over_uniform=5.251844 min_probability_over_uniform=0.250000
RG_REMAP_SCORE round=880 layer=features.7 mode=excess mean_q=0.056213 mean_excess_score=0.006822 fraction_excess_positive=0.453125 sampling_entropy=4.310457
RG_SCORE round=880 layer=features.10 mean_q=0.051061 max_q=0.084368 fraction_q_positive=1.000000 sampling_entropy=4.306626 uniform_entropy=4.852030 entropy_gap=0.545404 max_probability_over_uniform=5.902197 min_probability_over_uniform=0.250000
RG_REMAP_SCORE round=880 layer=features.10 mode=excess mean_q=0.051061 mean_excess_score=0.004420 fraction_excess_positive=0.468750 sampling_entropy=4.306626
RG_SCORE round=880 layer=features.14 mean_q=0.057015 max_q=0.095959 fraction_q_positive=1.000000 sampling_entropy=5.030217 uniform_entropy=5.545177 entropy_gap=0.514960 max_probability_over_uniform=6.218134 min_probability_over_uniform=0.250000
RG_REMAP_SCORE round=880 layer=features.14 mode=excess mean_q=0.057015 mean_excess_score=0.004894 fraction_excess_positive=0.460938 sampling_entropy=5.030217
RG_SCORE round=880 layer=features.17 mean_q=0.058022 max_q=0.105991 fraction_q_positive=1.000000 sampling_entropy=4.921047 uniform_entropy=5.545177 entropy_gap=0.624130 max_probability_over_uniform=8.026934 min_probability_over_uniform=0.250000
RG_REMAP_SCORE round=880 layer=features.17 mode=excess mean_q=0.058022 mean_excess_score=0.004626 fraction_excess_positive=0.445312 sampling_entropy=4.921047
RG_SCORE round=880 layer=features.20 mean_q=0.050050 max_q=0.073595 fraction_q_positive=1.000000 sampling_entropy=5.039356 uniform_entropy=5.545177 entropy_gap=0.505822 max_probability_over_uniform=4.990122 min_probability_over_uniform=0.250000
RG_REMAP_SCORE round=880 layer=features.20 mode=excess mean_q=0.050050 mean_excess_score=0.003725 fraction_excess_positive=0.476562 sampling_entropy=5.039356
RG_SCORE round=880 layer=features.24 mean_q=0.082550 max_q=0.142121 fraction_q_positive=1.000000 sampling_entropy=5.674393 uniform_entropy=6.238325 entropy_gap=0.563932 max_probability_over_uniform=6.813396 min_probability_over_uniform=0.250000
RG_REMAP_SCORE round=880 layer=features.24 mode=excess mean_q=0.082550 mean_excess_score=0.006807 fraction_excess_positive=0.480469 sampling_entropy=5.674393
RG_SCORE round=880 layer=features.27 mean_q=0.116195 max_q=0.163401 fraction_q_positive=1.000000 sampling_entropy=5.764337 uniform_entropy=6.238325 entropy_gap=0.473988 max_probability_over_uniform=6.366400 min_probability_over_uniform=0.250000
RG_REMAP_SCORE round=880 layer=features.27 mode=excess mean_q=0.116195 mean_excess_score=0.005788 fraction_excess_positive=0.490234 sampling_entropy=5.764337
RG_SCORE round=880 layer=features.30 mean_q=0.087219 max_q=0.123755 fraction_q_positive=1.000000 sampling_entropy=5.743280 uniform_entropy=6.238325 entropy_gap=0.495045 max_probability_over_uniform=5.899950 min_probability_over_uniform=0.250000
RG_REMAP_SCORE round=880 layer=features.30 mode=excess mean_q=0.087219 mean_excess_score=0.004850 fraction_excess_positive=0.498047 sampling_entropy=5.743280
RG_SCORE round=880 layer=features.34 mean_q=0.219374 max_q=0.330816 fraction_q_positive=1.000000 sampling_entropy=5.803304 uniform_entropy=6.238325 entropy_gap=0.435021 max_probability_over_uniform=5.672687 min_probability_over_uniform=0.250000
RG_REMAP_SCORE round=880 layer=features.34 mode=excess mean_q=0.219374 mean_excess_score=0.015413 fraction_excess_positive=0.537109 sampling_entropy=5.803304
RG_SCORE round=880 layer=features.37 mean_q=0.208721 max_q=0.300790 fraction_q_positive=1.000000 sampling_entropy=5.779919 uniform_entropy=6.238325 entropy_gap=0.458406 max_probability_over_uniform=4.711016 min_probability_over_uniform=0.250000
RG_REMAP_SCORE round=880 layer=features.37 mode=excess mean_q=0.208721 mean_excess_score=0.015479 fraction_excess_positive=0.521484 sampling_entropy=5.779919
RG_SCORE round=880 layer=features.40 mean_q=0.161590 max_q=0.330425 fraction_q_positive=1.000000 sampling_entropy=5.739591 uniform_entropy=6.238325 entropy_gap=0.498733 max_probability_over_uniform=6.588993 min_probability_over_uniform=0.250000
RG_REMAP_SCORE round=880 layer=features.40 mode=excess mean_q=0.161590 mean_excess_score=0.019976 fraction_excess_positive=0.509766 sampling_entropy=5.739591
ROUND_ACCURACY method=FedPhoenixRG-Excess round=880 accuracy=82.129997
********************************************************************************
Round 880
ROUND_ACCURACY method=FedPhoenixRG-Excess round=881 accuracy=77.889999
********************************************************************************
Round 881
ROUND_ACCURACY method=FedPhoenixRG-Excess round=882 accuracy=81.290001
********************************************************************************
Round 882
ROUND_ACCURACY method=FedPhoenixRG-Excess round=883 accuracy=80.480003
********************************************************************************
Round 883
ROUND_ACCURACY method=FedPhoenixRG-Excess round=884 accuracy=82.000000
********************************************************************************
Round 884
ROUND_ACCURACY method=FedPhoenixRG-Excess round=885 accuracy=81.010002
********************************************************************************
Round 885
ROUND_ACCURACY method=FedPhoenixRG-Excess round=886 accuracy=80.250000
********************************************************************************
Round 886
ROUND_ACCURACY method=FedPhoenixRG-Excess round=887 accuracy=71.660004
********************************************************************************
Round 887
ROUND_ACCURACY method=FedPhoenixRG-Excess round=888 accuracy=81.629997
********************************************************************************
Round 888
ROUND_ACCURACY method=FedPhoenixRG-Excess round=889 accuracy=82.269997
********************************************************************************
Round 889
ROUND_ACCURACY method=FedPhoenixRG-Excess round=890 accuracy=81.360001
********************************************************************************
Round 890
ROUND_ACCURACY method=FedPhoenixRG-Excess round=891 accuracy=81.660004
********************************************************************************
Round 891
ROUND_ACCURACY method=FedPhoenixRG-Excess round=892 accuracy=77.209999
********************************************************************************
Round 892
ROUND_ACCURACY method=FedPhoenixRG-Excess round=893 accuracy=78.000000
********************************************************************************
Round 893
ROUND_ACCURACY method=FedPhoenixRG-Excess round=894 accuracy=72.750000
********************************************************************************
Round 894
ROUND_ACCURACY method=FedPhoenixRG-Excess round=895 accuracy=74.669998
********************************************************************************
Round 895
ROUND_ACCURACY method=FedPhoenixRG-Excess round=896 accuracy=77.300003
********************************************************************************
Round 896
ROUND_ACCURACY method=FedPhoenixRG-Excess round=897 accuracy=74.070000
********************************************************************************
Round 897
ROUND_ACCURACY method=FedPhoenixRG-Excess round=898 accuracy=64.809998
********************************************************************************
Round 898
ROUND_ACCURACY method=FedPhoenixRG-Excess round=899 accuracy=80.379997
********************************************************************************
Round 899
RG_SCORE round=900 layer=features.0 mean_q=0.044866 max_q=0.167118 fraction_q_positive=0.640625 sampling_entropy=3.545562 uniform_entropy=4.158883 entropy_gap=0.613321 max_probability_over_uniform=4.605151 min_probability_over_uniform=0.250000
RG_REMAP_SCORE round=900 layer=features.0 mode=excess mean_q=0.044866 mean_excess_score=0.021053 fraction_excess_positive=0.390625 sampling_entropy=3.545562
RG_SCORE round=900 layer=features.3 mean_q=0.038019 max_q=0.074051 fraction_q_positive=0.984375 sampling_entropy=3.695265 uniform_entropy=4.158883 entropy_gap=0.463618 max_probability_over_uniform=4.681436 min_probability_over_uniform=0.250000
RG_REMAP_SCORE round=900 layer=features.3 mode=excess mean_q=0.038019 mean_excess_score=0.006098 fraction_excess_positive=0.484375 sampling_entropy=3.695265
RG_SCORE round=900 layer=features.7 mean_q=0.040413 max_q=0.097785 fraction_q_positive=1.000000 sampling_entropy=4.346788 uniform_entropy=4.852030 entropy_gap=0.505242 max_probability_over_uniform=6.499305 min_probability_over_uniform=0.250000
RG_REMAP_SCORE round=900 layer=features.7 mode=excess mean_q=0.040413 mean_excess_score=0.006885 fraction_excess_positive=0.492188 sampling_entropy=4.346788
RG_SCORE round=900 layer=features.10 mean_q=0.039621 max_q=0.064002 fraction_q_positive=1.000000 sampling_entropy=4.366236 uniform_entropy=4.852030 entropy_gap=0.485794 max_probability_over_uniform=4.302828 min_probability_over_uniform=0.250000
RG_REMAP_SCORE round=900 layer=features.10 mode=excess mean_q=0.039621 mean_excess_score=0.004512 fraction_excess_positive=0.515625 sampling_entropy=4.366236
RG_SCORE round=900 layer=features.14 mean_q=0.044748 max_q=0.104104 fraction_q_positive=1.000000 sampling_entropy=4.937914 uniform_entropy=5.545177 entropy_gap=0.607264 max_probability_over_uniform=9.334043 min_probability_over_uniform=0.250000
RG_REMAP_SCORE round=900 layer=features.14 mode=excess mean_q=0.044748 mean_excess_score=0.004901 fraction_excess_positive=0.429688 sampling_entropy=4.937914
RG_SCORE round=900 layer=features.17 mean_q=0.046504 max_q=0.107430 fraction_q_positive=1.000000 sampling_entropy=4.966817 uniform_entropy=5.545177 entropy_gap=0.578360 max_probability_over_uniform=10.226006 min_probability_over_uniform=0.250000
RG_REMAP_SCORE round=900 layer=features.17 mode=excess mean_q=0.046504 mean_excess_score=0.004580 fraction_excess_positive=0.480469 sampling_entropy=4.966817
RG_SCORE round=900 layer=features.20 mean_q=0.042724 max_q=0.074592 fraction_q_positive=1.000000 sampling_entropy=4.993396 uniform_entropy=5.545177 entropy_gap=0.551781 max_probability_over_uniform=6.086756 min_probability_over_uniform=0.250000
RG_REMAP_SCORE round=900 layer=features.20 mode=excess mean_q=0.042724 mean_excess_score=0.004095 fraction_excess_positive=0.472656 sampling_entropy=4.993396
RG_SCORE round=900 layer=features.24 mean_q=0.074230 max_q=0.160235 fraction_q_positive=1.000000 sampling_entropy=5.679614 uniform_entropy=6.238325 entropy_gap=0.558711 max_probability_over_uniform=8.345978 min_probability_over_uniform=0.250000
RG_REMAP_SCORE round=900 layer=features.24 mode=excess mean_q=0.074230 mean_excess_score=0.007967 fraction_excess_positive=0.470703 sampling_entropy=5.679614
RG_SCORE round=900 layer=features.27 mean_q=0.109210 max_q=0.190131 fraction_q_positive=1.000000 sampling_entropy=5.709993 uniform_entropy=6.238325 entropy_gap=0.528332 max_probability_over_uniform=6.438098 min_probability_over_uniform=0.250000
RG_REMAP_SCORE round=900 layer=features.27 mode=excess mean_q=0.109210 mean_excess_score=0.009808 fraction_excess_positive=0.478516 sampling_entropy=5.709993
RG_SCORE round=900 layer=features.30 mean_q=0.080072 max_q=0.143889 fraction_q_positive=1.000000 sampling_entropy=5.748218 uniform_entropy=6.238325 entropy_gap=0.490107 max_probability_over_uniform=6.484272 min_probability_over_uniform=0.250000
RG_REMAP_SCORE round=900 layer=features.30 mode=excess mean_q=0.080072 mean_excess_score=0.007677 fraction_excess_positive=0.482422 sampling_entropy=5.748218
RG_SCORE round=900 layer=features.34 mean_q=0.228206 max_q=0.368181 fraction_q_positive=1.000000 sampling_entropy=5.758443 uniform_entropy=6.238325 entropy_gap=0.479882 max_probability_over_uniform=5.060395 min_probability_over_uniform=0.250000
RG_REMAP_SCORE round=900 layer=features.34 mode=excess mean_q=0.228206 mean_excess_score=0.021824 fraction_excess_positive=0.501953 sampling_entropy=5.758443
RG_SCORE round=900 layer=features.37 mean_q=0.233975 max_q=0.339235 fraction_q_positive=1.000000 sampling_entropy=5.760602 uniform_entropy=6.238325 entropy_gap=0.477723 max_probability_over_uniform=5.045008 min_probability_over_uniform=0.250000
RG_REMAP_SCORE round=900 layer=features.37 mode=excess mean_q=0.233975 mean_excess_score=0.016464 fraction_excess_positive=0.523438 sampling_entropy=5.760602
RG_SCORE round=900 layer=features.40 mean_q=0.179518 max_q=0.387699 fraction_q_positive=1.000000 sampling_entropy=5.749131 uniform_entropy=6.238325 entropy_gap=0.489194 max_probability_over_uniform=6.744334 min_probability_over_uniform=0.250000
RG_REMAP_SCORE round=900 layer=features.40 mode=excess mean_q=0.179518 mean_excess_score=0.024042 fraction_excess_positive=0.484375 sampling_entropy=5.749131
ROUND_ACCURACY method=FedPhoenixRG-Excess round=900 accuracy=75.370003
********************************************************************************
Round 900
ROUND_ACCURACY method=FedPhoenixRG-Excess round=901 accuracy=79.110001
********************************************************************************
Round 901
ROUND_ACCURACY method=FedPhoenixRG-Excess round=902 accuracy=82.330002
********************************************************************************
Round 902
ROUND_ACCURACY method=FedPhoenixRG-Excess round=903 accuracy=81.400002
********************************************************************************
Round 903
ROUND_ACCURACY method=FedPhoenixRG-Excess round=904 accuracy=80.519997
********************************************************************************
Round 904
ROUND_ACCURACY method=FedPhoenixRG-Excess round=905 accuracy=82.129997
********************************************************************************
Round 905
ROUND_ACCURACY method=FedPhoenixRG-Excess round=906 accuracy=80.620003
********************************************************************************
Round 906
ROUND_ACCURACY method=FedPhoenixRG-Excess round=907 accuracy=81.050003
********************************************************************************
Round 907
ROUND_ACCURACY method=FedPhoenixRG-Excess round=908 accuracy=82.320000
********************************************************************************
Round 908
ROUND_ACCURACY method=FedPhoenixRG-Excess round=909 accuracy=81.699997
********************************************************************************
Round 909
ROUND_ACCURACY method=FedPhoenixRG-Excess round=910 accuracy=76.550003
********************************************************************************
Round 910
ROUND_ACCURACY method=FedPhoenixRG-Excess round=911 accuracy=76.349998
********************************************************************************
Round 911
ROUND_ACCURACY method=FedPhoenixRG-Excess round=912 accuracy=79.650002
********************************************************************************
Round 912
ROUND_ACCURACY method=FedPhoenixRG-Excess round=913 accuracy=72.320000
********************************************************************************
Round 913
ROUND_ACCURACY method=FedPhoenixRG-Excess round=914 accuracy=73.980003
********************************************************************************
Round 914
ROUND_ACCURACY method=FedPhoenixRG-Excess round=915 accuracy=82.029999
********************************************************************************
Round 915
ROUND_ACCURACY method=FedPhoenixRG-Excess round=916 accuracy=79.260002
********************************************************************************
Round 916
ROUND_ACCURACY method=FedPhoenixRG-Excess round=917 accuracy=81.209999
********************************************************************************
Round 917
ROUND_ACCURACY method=FedPhoenixRG-Excess round=918 accuracy=82.230003
********************************************************************************
Round 918
ROUND_ACCURACY method=FedPhoenixRG-Excess round=919 accuracy=81.769997
********************************************************************************
Round 919
RG_SCORE round=920 layer=features.0 mean_q=0.063164 max_q=0.249198 fraction_q_positive=0.750000 sampling_entropy=3.529500 uniform_entropy=4.158883 entropy_gap=0.629383 max_probability_over_uniform=5.225573 min_probability_over_uniform=0.250000
RG_REMAP_SCORE round=920 layer=features.0 mode=excess mean_q=0.063164 mean_excess_score=0.028042 fraction_excess_positive=0.390625 sampling_entropy=3.529500
RG_SCORE round=920 layer=features.3 mean_q=0.045797 max_q=0.094089 fraction_q_positive=0.968750 sampling_entropy=3.647237 uniform_entropy=4.158883 entropy_gap=0.511646 max_probability_over_uniform=4.743462 min_probability_over_uniform=0.250000
RG_REMAP_SCORE round=920 layer=features.3 mode=excess mean_q=0.045797 mean_excess_score=0.008060 fraction_excess_positive=0.515625 sampling_entropy=3.647237
RG_SCORE round=920 layer=features.7 mean_q=0.052516 max_q=0.099562 fraction_q_positive=1.000000 sampling_entropy=4.344390 uniform_entropy=4.852030 entropy_gap=0.507641 max_probability_over_uniform=4.804475 min_probability_over_uniform=0.250000
RG_REMAP_SCORE round=920 layer=features.7 mode=excess mean_q=0.052516 mean_excess_score=0.007747 fraction_excess_positive=0.484375 sampling_entropy=4.344390
RG_SCORE round=920 layer=features.10 mean_q=0.047649 max_q=0.097051 fraction_q_positive=1.000000 sampling_entropy=4.345247 uniform_entropy=4.852030 entropy_gap=0.506783 max_probability_over_uniform=6.512259 min_probability_over_uniform=0.250000
RG_REMAP_SCORE round=920 layer=features.10 mode=excess mean_q=0.047649 mean_excess_score=0.005917 fraction_excess_positive=0.523438 sampling_entropy=4.345247
RG_SCORE round=920 layer=features.14 mean_q=0.053753 max_q=0.127693 fraction_q_positive=1.000000 sampling_entropy=4.858149 uniform_entropy=5.545177 entropy_gap=0.687028 max_probability_over_uniform=9.483332 min_probability_over_uniform=0.250000
RG_REMAP_SCORE round=920 layer=features.14 mode=excess mean_q=0.053753 mean_excess_score=0.006006 fraction_excess_positive=0.433594 sampling_entropy=4.858149
RG_SCORE round=920 layer=features.17 mean_q=0.053331 max_q=0.117999 fraction_q_positive=1.000000 sampling_entropy=4.917032 uniform_entropy=5.545177 entropy_gap=0.628145 max_probability_over_uniform=9.437391 min_probability_over_uniform=0.250000
RG_REMAP_SCORE round=920 layer=features.17 mode=excess mean_q=0.053331 mean_excess_score=0.005279 fraction_excess_positive=0.433594 sampling_entropy=4.917032
RG_SCORE round=920 layer=features.20 mean_q=0.047288 max_q=0.081869 fraction_q_positive=1.000000 sampling_entropy=5.060267 uniform_entropy=5.545177 entropy_gap=0.484911 max_probability_over_uniform=6.081551 min_probability_over_uniform=0.250000
RG_REMAP_SCORE round=920 layer=features.20 mode=excess mean_q=0.047288 mean_excess_score=0.004447 fraction_excess_positive=0.488281 sampling_entropy=5.060267
RG_SCORE round=920 layer=features.24 mean_q=0.079574 max_q=0.175847 fraction_q_positive=1.000000 sampling_entropy=5.666093 uniform_entropy=6.238325 entropy_gap=0.572231 max_probability_over_uniform=8.198138 min_probability_over_uniform=0.250000
RG_REMAP_SCORE round=920 layer=features.24 mode=excess mean_q=0.079574 mean_excess_score=0.009084 fraction_excess_positive=0.468750 sampling_entropy=5.666093
RG_SCORE round=920 layer=features.27 mean_q=0.111407 max_q=0.170537 fraction_q_positive=1.000000 sampling_entropy=5.784368 uniform_entropy=6.238325 entropy_gap=0.453957 max_probability_over_uniform=5.358404 min_probability_over_uniform=0.250000
RG_REMAP_SCORE round=920 layer=features.27 mode=excess mean_q=0.111407 mean_excess_score=0.008681 fraction_excess_positive=0.529297 sampling_entropy=5.784368
RG_SCORE round=920 layer=features.30 mean_q=0.084809 max_q=0.136291 fraction_q_positive=1.000000 sampling_entropy=5.777025 uniform_entropy=6.238325 entropy_gap=0.461300 max_probability_over_uniform=5.212457 min_probability_over_uniform=0.250000
RG_REMAP_SCORE round=920 layer=features.30 mode=excess mean_q=0.084809 mean_excess_score=0.007781 fraction_excess_positive=0.503906 sampling_entropy=5.777025
RG_SCORE round=920 layer=features.34 mean_q=0.223110 max_q=0.344668 fraction_q_positive=1.000000 sampling_entropy=5.830006 uniform_entropy=6.238325 entropy_gap=0.408319 max_probability_over_uniform=4.800265 min_probability_over_uniform=0.250000
RG_REMAP_SCORE round=920 layer=features.34 mode=excess mean_q=0.223110 mean_excess_score=0.020036 fraction_excess_positive=0.552734 sampling_entropy=5.830006
RG_SCORE round=920 layer=features.37 mean_q=0.221822 max_q=0.336522 fraction_q_positive=0.998047 sampling_entropy=5.778262 uniform_entropy=6.238325 entropy_gap=0.460062 max_probability_over_uniform=4.894457 min_probability_over_uniform=0.250000
RG_REMAP_SCORE round=920 layer=features.37 mode=excess mean_q=0.221822 mean_excess_score=0.018522 fraction_excess_positive=0.513672 sampling_entropy=5.778262
RG_SCORE round=920 layer=features.40 mean_q=0.177563 max_q=0.333280 fraction_q_positive=0.994141 sampling_entropy=5.782123 uniform_entropy=6.238325 entropy_gap=0.456201 max_probability_over_uniform=4.986251 min_probability_over_uniform=0.250000
RG_REMAP_SCORE round=920 layer=features.40 mode=excess mean_q=0.177563 mean_excess_score=0.024658 fraction_excess_positive=0.515625 sampling_entropy=5.782123
ROUND_ACCURACY method=FedPhoenixRG-Excess round=920 accuracy=76.589996
********************************************************************************
Round 920
ROUND_ACCURACY method=FedPhoenixRG-Excess round=921 accuracy=79.879997
********************************************************************************
Round 921
ROUND_ACCURACY method=FedPhoenixRG-Excess round=922 accuracy=82.449997
********************************************************************************
Round 922
ROUND_ACCURACY method=FedPhoenixRG-Excess round=923 accuracy=82.220001
********************************************************************************
Round 923
ROUND_ACCURACY method=FedPhoenixRG-Excess round=924 accuracy=76.779999
********************************************************************************
Round 924
ROUND_ACCURACY method=FedPhoenixRG-Excess round=925 accuracy=79.970001
********************************************************************************
Round 925
ROUND_ACCURACY method=FedPhoenixRG-Excess round=926 accuracy=75.269997
********************************************************************************
Round 926
ROUND_ACCURACY method=FedPhoenixRG-Excess round=927 accuracy=82.639999
********************************************************************************
Round 927
ROUND_ACCURACY method=FedPhoenixRG-Excess round=928 accuracy=82.019997
********************************************************************************
Round 928
ROUND_ACCURACY method=FedPhoenixRG-Excess round=929 accuracy=81.169998
********************************************************************************
Round 929
ROUND_ACCURACY method=FedPhoenixRG-Excess round=930 accuracy=81.769997
********************************************************************************
Round 930
ROUND_ACCURACY method=FedPhoenixRG-Excess round=931 accuracy=82.860001
********************************************************************************
Round 931
ROUND_ACCURACY method=FedPhoenixRG-Excess round=932 accuracy=82.260002
********************************************************************************
Round 932
ROUND_ACCURACY method=FedPhoenixRG-Excess round=933 accuracy=81.480003
********************************************************************************
Round 933
ROUND_ACCURACY method=FedPhoenixRG-Excess round=934 accuracy=82.449997
********************************************************************************
Round 934
ROUND_ACCURACY method=FedPhoenixRG-Excess round=935 accuracy=79.250000
********************************************************************************
Round 935
ROUND_ACCURACY method=FedPhoenixRG-Excess round=936 accuracy=77.739998
********************************************************************************
Round 936
ROUND_ACCURACY method=FedPhoenixRG-Excess round=937 accuracy=73.580002
********************************************************************************
Round 937
ROUND_ACCURACY method=FedPhoenixRG-Excess round=938 accuracy=81.529999
********************************************************************************
Round 938
ROUND_ACCURACY method=FedPhoenixRG-Excess round=939 accuracy=80.860001
********************************************************************************
Round 939
RG_SCORE round=940 layer=features.0 mean_q=0.042949 max_q=0.176466 fraction_q_positive=0.640625 sampling_entropy=3.517602 uniform_entropy=4.158883 entropy_gap=0.641281 max_probability_over_uniform=4.911512 min_probability_over_uniform=0.250000
RG_REMAP_SCORE round=940 layer=features.0 mode=excess mean_q=0.042949 mean_excess_score=0.021482 fraction_excess_positive=0.359375 sampling_entropy=3.517602
RG_SCORE round=940 layer=features.3 mean_q=0.033370 max_q=0.087275 fraction_q_positive=0.968750 sampling_entropy=3.667476 uniform_entropy=4.158883 entropy_gap=0.491407 max_probability_over_uniform=5.458810 min_probability_over_uniform=0.250000
RG_REMAP_SCORE round=940 layer=features.3 mode=excess mean_q=0.033370 mean_excess_score=0.007762 fraction_excess_positive=0.484375 sampling_entropy=3.667476
RG_SCORE round=940 layer=features.7 mean_q=0.043711 max_q=0.091794 fraction_q_positive=1.000000 sampling_entropy=4.359784 uniform_entropy=4.852030 entropy_gap=0.492246 max_probability_over_uniform=5.733849 min_probability_over_uniform=0.250000
RG_REMAP_SCORE round=940 layer=features.7 mode=excess mean_q=0.043711 mean_excess_score=0.006576 fraction_excess_positive=0.492188 sampling_entropy=4.359784
RG_SCORE round=940 layer=features.10 mean_q=0.039505 max_q=0.103048 fraction_q_positive=1.000000 sampling_entropy=4.303506 uniform_entropy=4.852030 entropy_gap=0.548525 max_probability_over_uniform=10.891763 min_probability_over_uniform=0.250000
RG_REMAP_SCORE round=940 layer=features.10 mode=excess mean_q=0.039505 mean_excess_score=0.004478 fraction_excess_positive=0.531250 sampling_entropy=4.303506
RG_SCORE round=940 layer=features.14 mean_q=0.043872 max_q=0.107849 fraction_q_positive=1.000000 sampling_entropy=4.930913 uniform_entropy=5.545177 entropy_gap=0.614264 max_probability_over_uniform=9.997071 min_probability_over_uniform=0.250000
RG_REMAP_SCORE round=940 layer=features.14 mode=excess mean_q=0.043872 mean_excess_score=0.004923 fraction_excess_positive=0.441406 sampling_entropy=4.930913
RG_SCORE round=940 layer=features.17 mean_q=0.045101 max_q=0.088953 fraction_q_positive=1.000000 sampling_entropy=4.921377 uniform_entropy=5.545177 entropy_gap=0.623800 max_probability_over_uniform=7.878374 min_probability_over_uniform=0.250000
RG_REMAP_SCORE round=940 layer=features.17 mode=excess mean_q=0.045101 mean_excess_score=0.004311 fraction_excess_positive=0.433594 sampling_entropy=4.921377
RG_SCORE round=940 layer=features.20 mean_q=0.037010 max_q=0.065498 fraction_q_positive=1.000000 sampling_entropy=5.053176 uniform_entropy=5.545177 entropy_gap=0.492001 max_probability_over_uniform=5.807418 min_probability_over_uniform=0.250000
RG_REMAP_SCORE round=940 layer=features.20 mode=excess mean_q=0.037010 mean_excess_score=0.003845 fraction_excess_positive=0.507812 sampling_entropy=5.053176
RG_SCORE round=940 layer=features.24 mean_q=0.066213 max_q=0.209052 fraction_q_positive=1.000000 sampling_entropy=5.587798 uniform_entropy=6.238325 entropy_gap=0.650527 max_probability_over_uniform=13.860188 min_probability_over_uniform=0.250000
RG_REMAP_SCORE round=940 layer=features.24 mode=excess mean_q=0.066213 mean_excess_score=0.007871 fraction_excess_positive=0.443359 sampling_entropy=5.587798
RG_SCORE round=940 layer=features.27 mean_q=0.094258 max_q=0.177542 fraction_q_positive=1.000000 sampling_entropy=5.712842 uniform_entropy=6.238325 entropy_gap=0.525483 max_probability_over_uniform=7.142682 min_probability_over_uniform=0.250000
RG_REMAP_SCORE round=940 layer=features.27 mode=excess mean_q=0.094258 mean_excess_score=0.009062 fraction_excess_positive=0.484375 sampling_entropy=5.712842
RG_SCORE round=940 layer=features.30 mean_q=0.058376 max_q=0.102473 fraction_q_positive=0.996094 sampling_entropy=5.801029 uniform_entropy=6.238325 entropy_gap=0.437295 max_probability_over_uniform=4.371985 min_probability_over_uniform=0.250000
RG_REMAP_SCORE round=940 layer=features.30 mode=excess mean_q=0.058376 mean_excess_score=0.008024 fraction_excess_positive=0.542969 sampling_entropy=5.801029
RG_SCORE round=940 layer=features.34 mean_q=0.135049 max_q=0.299470 fraction_q_positive=0.982422 sampling_entropy=5.812903 uniform_entropy=6.238325 entropy_gap=0.425422 max_probability_over_uniform=4.414982 min_probability_over_uniform=0.250000
RG_REMAP_SCORE round=940 layer=features.34 mode=excess mean_q=0.135049 mean_excess_score=0.029608 fraction_excess_positive=0.517578 sampling_entropy=5.812903
RG_SCORE round=940 layer=features.37 mean_q=0.092571 max_q=0.259244 fraction_q_positive=0.978516 sampling_entropy=5.731549 uniform_entropy=6.238325 entropy_gap=0.506776 max_probability_over_uniform=5.801472 min_probability_over_uniform=0.250000
RG_REMAP_SCORE round=940 layer=features.37 mode=excess mean_q=0.092571 mean_excess_score=0.022517 fraction_excess_positive=0.478516 sampling_entropy=5.731549
RG_SCORE round=940 layer=features.40 mean_q=0.060939 max_q=0.228390 fraction_q_positive=0.923828 sampling_entropy=5.626170 uniform_entropy=6.238325 entropy_gap=0.612155 max_probability_over_uniform=6.587123 min_probability_over_uniform=0.250000
RG_REMAP_SCORE round=940 layer=features.40 mode=excess mean_q=0.060939 mean_excess_score=0.019818 fraction_excess_positive=0.417969 sampling_entropy=5.626170
ROUND_ACCURACY method=FedPhoenixRG-Excess round=940 accuracy=73.730003
********************************************************************************
Round 940
ROUND_ACCURACY method=FedPhoenixRG-Excess round=941 accuracy=80.199997
********************************************************************************
Round 941
ROUND_ACCURACY method=FedPhoenixRG-Excess round=942 accuracy=73.250000
********************************************************************************
Round 942
ROUND_ACCURACY method=FedPhoenixRG-Excess round=943 accuracy=73.190002
********************************************************************************
Round 943
ROUND_ACCURACY method=FedPhoenixRG-Excess round=944 accuracy=79.790001
********************************************************************************
Round 944
ROUND_ACCURACY method=FedPhoenixRG-Excess round=945 accuracy=82.180000
********************************************************************************
Round 945
ROUND_ACCURACY method=FedPhoenixRG-Excess round=946 accuracy=80.150002
********************************************************************************
Round 946
ROUND_ACCURACY method=FedPhoenixRG-Excess round=947 accuracy=81.050003
********************************************************************************
Round 947
ROUND_ACCURACY method=FedPhoenixRG-Excess round=948 accuracy=81.870003
********************************************************************************
Round 948
ROUND_ACCURACY method=FedPhoenixRG-Excess round=949 accuracy=77.660004
********************************************************************************
Round 949
ROUND_ACCURACY method=FedPhoenixRG-Excess round=950 accuracy=77.529999
********************************************************************************
Round 950
ROUND_ACCURACY method=FedPhoenixRG-Excess round=951 accuracy=76.430000
********************************************************************************
Round 951
ROUND_ACCURACY method=FedPhoenixRG-Excess round=952 accuracy=81.650002
********************************************************************************
Round 952
ROUND_ACCURACY method=FedPhoenixRG-Excess round=953 accuracy=82.040001
********************************************************************************
Round 953
ROUND_ACCURACY method=FedPhoenixRG-Excess round=954 accuracy=80.860001
********************************************************************************
Round 954
ROUND_ACCURACY method=FedPhoenixRG-Excess round=955 accuracy=71.940002
********************************************************************************
Round 955
ROUND_ACCURACY method=FedPhoenixRG-Excess round=956 accuracy=72.919998
********************************************************************************
Round 956
ROUND_ACCURACY method=FedPhoenixRG-Excess round=957 accuracy=70.639999
********************************************************************************
Round 957
ROUND_ACCURACY method=FedPhoenixRG-Excess round=958 accuracy=80.839996
********************************************************************************
Round 958
ROUND_ACCURACY method=FedPhoenixRG-Excess round=959 accuracy=75.849998
********************************************************************************
Round 959
RG_SCORE round=960 layer=features.0 mean_q=0.056288 max_q=0.271731 fraction_q_positive=0.781250 sampling_entropy=3.562180 uniform_entropy=4.158883 entropy_gap=0.596704 max_probability_over_uniform=7.695737 min_probability_over_uniform=0.250000
RG_REMAP_SCORE round=960 layer=features.0 mode=excess mean_q=0.056288 mean_excess_score=0.021701 fraction_excess_positive=0.421875 sampling_entropy=3.562180
RG_SCORE round=960 layer=features.3 mean_q=0.036738 max_q=0.093373 fraction_q_positive=0.921875 sampling_entropy=3.579785 uniform_entropy=4.158883 entropy_gap=0.579098 max_probability_over_uniform=5.351295 min_probability_over_uniform=0.250000
RG_REMAP_SCORE round=960 layer=features.3 mode=excess mean_q=0.036738 mean_excess_score=0.008327 fraction_excess_positive=0.437500 sampling_entropy=3.579785
RG_SCORE round=960 layer=features.7 mean_q=0.043655 max_q=0.083587 fraction_q_positive=1.000000 sampling_entropy=4.328277 uniform_entropy=4.852030 entropy_gap=0.523754 max_probability_over_uniform=4.909959 min_probability_over_uniform=0.250000
RG_REMAP_SCORE round=960 layer=features.7 mode=excess mean_q=0.043655 mean_excess_score=0.006427 fraction_excess_positive=0.468750 sampling_entropy=4.328277
RG_SCORE round=960 layer=features.10 mean_q=0.040752 max_q=0.077319 fraction_q_positive=1.000000 sampling_entropy=4.352040 uniform_entropy=4.852030 entropy_gap=0.499990 max_probability_over_uniform=6.793261 min_probability_over_uniform=0.250000
RG_REMAP_SCORE round=960 layer=features.10 mode=excess mean_q=0.040752 mean_excess_score=0.004191 fraction_excess_positive=0.531250 sampling_entropy=4.352040
RG_SCORE round=960 layer=features.14 mean_q=0.044518 max_q=0.090196 fraction_q_positive=1.000000 sampling_entropy=4.991907 uniform_entropy=5.545177 entropy_gap=0.553270 max_probability_over_uniform=8.149827 min_probability_over_uniform=0.250000
RG_REMAP_SCORE round=960 layer=features.14 mode=excess mean_q=0.044518 mean_excess_score=0.004337 fraction_excess_positive=0.492188 sampling_entropy=4.991907
RG_SCORE round=960 layer=features.17 mean_q=0.045212 max_q=0.111116 fraction_q_positive=1.000000 sampling_entropy=4.840914 uniform_entropy=5.545177 entropy_gap=0.704264 max_probability_over_uniform=11.267246 min_probability_over_uniform=0.250000
RG_REMAP_SCORE round=960 layer=features.17 mode=excess mean_q=0.045212 mean_excess_score=0.004486 fraction_excess_positive=0.410156 sampling_entropy=4.840914
RG_SCORE round=960 layer=features.20 mean_q=0.038791 max_q=0.065490 fraction_q_positive=1.000000 sampling_entropy=5.017246 uniform_entropy=5.545177 entropy_gap=0.527931 max_probability_over_uniform=5.578128 min_probability_over_uniform=0.250000
RG_REMAP_SCORE round=960 layer=features.20 mode=excess mean_q=0.038791 mean_excess_score=0.003758 fraction_excess_positive=0.472656 sampling_entropy=5.017246
RG_SCORE round=960 layer=features.24 mean_q=0.068804 max_q=0.137793 fraction_q_positive=1.000000 sampling_entropy=5.677788 uniform_entropy=6.238325 entropy_gap=0.560537 max_probability_over_uniform=7.355363 min_probability_over_uniform=0.250000
RG_REMAP_SCORE round=960 layer=features.24 mode=excess mean_q=0.068804 mean_excess_score=0.007282 fraction_excess_positive=0.472656 sampling_entropy=5.677788
RG_SCORE round=960 layer=features.27 mean_q=0.100571 max_q=0.149497 fraction_q_positive=1.000000 sampling_entropy=5.723420 uniform_entropy=6.238325 entropy_gap=0.514905 max_probability_over_uniform=5.404294 min_probability_over_uniform=0.250000
RG_REMAP_SCORE round=960 layer=features.27 mode=excess mean_q=0.100571 mean_excess_score=0.007119 fraction_excess_positive=0.468750 sampling_entropy=5.723420
RG_SCORE round=960 layer=features.30 mean_q=0.071592 max_q=0.116278 fraction_q_positive=1.000000 sampling_entropy=5.752402 uniform_entropy=6.238325 entropy_gap=0.485923 max_probability_over_uniform=5.850268 min_probability_over_uniform=0.250000
RG_REMAP_SCORE round=960 layer=features.30 mode=excess mean_q=0.071592 mean_excess_score=0.005984 fraction_excess_positive=0.500000 sampling_entropy=5.752402
RG_SCORE round=960 layer=features.34 mean_q=0.209327 max_q=0.336557 fraction_q_positive=1.000000 sampling_entropy=5.792515 uniform_entropy=6.238325 entropy_gap=0.445809 max_probability_over_uniform=5.180101 min_probability_over_uniform=0.250000
RG_REMAP_SCORE round=960 layer=features.34 mode=excess mean_q=0.209327 mean_excess_score=0.019355 fraction_excess_positive=0.523438 sampling_entropy=5.792515
RG_SCORE round=960 layer=features.37 mean_q=0.185646 max_q=0.301627 fraction_q_positive=1.000000 sampling_entropy=5.740229 uniform_entropy=6.238325 entropy_gap=0.498096 max_probability_over_uniform=5.218094 min_probability_over_uniform=0.250000
RG_REMAP_SCORE round=960 layer=features.37 mode=excess mean_q=0.185646 mean_excess_score=0.017509 fraction_excess_positive=0.492188 sampling_entropy=5.740229
RG_SCORE round=960 layer=features.40 mean_q=0.162196 max_q=0.350393 fraction_q_positive=0.998047 sampling_entropy=5.770020 uniform_entropy=6.238325 entropy_gap=0.468305 max_probability_over_uniform=6.390449 min_probability_over_uniform=0.250000
RG_REMAP_SCORE round=960 layer=features.40 mode=excess mean_q=0.162196 mean_excess_score=0.022986 fraction_excess_positive=0.513672 sampling_entropy=5.770020
ROUND_ACCURACY method=FedPhoenixRG-Excess round=960 accuracy=73.690002
********************************************************************************
Round 960
ROUND_ACCURACY method=FedPhoenixRG-Excess round=961 accuracy=82.139999
********************************************************************************
Round 961
ROUND_ACCURACY method=FedPhoenixRG-Excess round=962 accuracy=79.550003
********************************************************************************
Round 962
ROUND_ACCURACY method=FedPhoenixRG-Excess round=963 accuracy=81.820000
********************************************************************************
Round 963
ROUND_ACCURACY method=FedPhoenixRG-Excess round=964 accuracy=74.550003
********************************************************************************
Round 964
ROUND_ACCURACY method=FedPhoenixRG-Excess round=965 accuracy=82.529999
********************************************************************************
Round 965
ROUND_ACCURACY method=FedPhoenixRG-Excess round=966 accuracy=81.970001
********************************************************************************
Round 966
ROUND_ACCURACY method=FedPhoenixRG-Excess round=967 accuracy=82.790001
********************************************************************************
Round 967
ROUND_ACCURACY method=FedPhoenixRG-Excess round=968 accuracy=81.980003
********************************************************************************
Round 968
ROUND_ACCURACY method=FedPhoenixRG-Excess round=969 accuracy=82.750000
********************************************************************************
Round 969
ROUND_ACCURACY method=FedPhoenixRG-Excess round=970 accuracy=82.269997
********************************************************************************
Round 970
ROUND_ACCURACY method=FedPhoenixRG-Excess round=971 accuracy=82.440002
********************************************************************************
Round 971
ROUND_ACCURACY method=FedPhoenixRG-Excess round=972 accuracy=82.279999
********************************************************************************
Round 972
ROUND_ACCURACY method=FedPhoenixRG-Excess round=973 accuracy=81.879997
********************************************************************************
Round 973
ROUND_ACCURACY method=FedPhoenixRG-Excess round=974 accuracy=81.099998
********************************************************************************
Round 974
ROUND_ACCURACY method=FedPhoenixRG-Excess round=975 accuracy=81.669998
********************************************************************************
Round 975
ROUND_ACCURACY method=FedPhoenixRG-Excess round=976 accuracy=80.870003
********************************************************************************
Round 976
ROUND_ACCURACY method=FedPhoenixRG-Excess round=977 accuracy=80.959999
********************************************************************************
Round 977
ROUND_ACCURACY method=FedPhoenixRG-Excess round=978 accuracy=73.489998
********************************************************************************
Round 978
ROUND_ACCURACY method=FedPhoenixRG-Excess round=979 accuracy=75.400002
********************************************************************************
Round 979
RG_SCORE round=980 layer=features.0 mean_q=0.049349 max_q=0.226349 fraction_q_positive=0.625000 sampling_entropy=3.503429 uniform_entropy=4.158883 entropy_gap=0.655454 max_probability_over_uniform=6.008914 min_probability_over_uniform=0.250000
RG_REMAP_SCORE round=980 layer=features.0 mode=excess mean_q=0.049349 mean_excess_score=0.023051 fraction_excess_positive=0.390625 sampling_entropy=3.503429
RG_SCORE round=980 layer=features.3 mean_q=0.028584 max_q=0.065000 fraction_q_positive=0.953125 sampling_entropy=3.658160 uniform_entropy=4.158883 entropy_gap=0.500723 max_probability_over_uniform=4.065767 min_probability_over_uniform=0.250000
RG_REMAP_SCORE round=980 layer=features.3 mode=excess mean_q=0.028584 mean_excess_score=0.007158 fraction_excess_positive=0.468750 sampling_entropy=3.658160
RG_SCORE round=980 layer=features.7 mean_q=0.026885 max_q=0.071656 fraction_q_positive=0.992188 sampling_entropy=4.315196 uniform_entropy=4.852030 entropy_gap=0.536834 max_probability_over_uniform=6.593882 min_probability_over_uniform=0.250000
RG_REMAP_SCORE round=980 layer=features.7 mode=excess mean_q=0.026885 mean_excess_score=0.005293 fraction_excess_positive=0.507812 sampling_entropy=4.315196
RG_SCORE round=980 layer=features.10 mean_q=0.026315 max_q=0.045382 fraction_q_positive=1.000000 sampling_entropy=4.325921 uniform_entropy=4.852030 entropy_gap=0.526110 max_probability_over_uniform=4.439410 min_probability_over_uniform=0.250000
RG_REMAP_SCORE round=980 layer=features.10 mode=excess mean_q=0.026315 mean_excess_score=0.003413 fraction_excess_positive=0.468750 sampling_entropy=4.325921
RG_SCORE round=980 layer=features.14 mean_q=0.027012 max_q=0.063302 fraction_q_positive=1.000000 sampling_entropy=4.971792 uniform_entropy=5.545177 entropy_gap=0.573385 max_probability_over_uniform=6.679432 min_probability_over_uniform=0.250000
RG_REMAP_SCORE round=980 layer=features.14 mode=excess mean_q=0.027012 mean_excess_score=0.004233 fraction_excess_positive=0.468750 sampling_entropy=4.971792
RG_SCORE round=980 layer=features.17 mean_q=0.027941 max_q=0.073877 fraction_q_positive=1.000000 sampling_entropy=4.941478 uniform_entropy=5.545177 entropy_gap=0.603700 max_probability_over_uniform=9.031867 min_probability_over_uniform=0.250000
RG_REMAP_SCORE round=980 layer=features.17 mode=excess mean_q=0.027941 mean_excess_score=0.003923 fraction_excess_positive=0.460938 sampling_entropy=4.941478
RG_SCORE round=980 layer=features.20 mean_q=0.021463 max_q=0.051227 fraction_q_positive=1.000000 sampling_entropy=5.007520 uniform_entropy=5.545177 entropy_gap=0.537657 max_probability_over_uniform=7.001127 min_probability_over_uniform=0.250000
RG_REMAP_SCORE round=980 layer=features.20 mode=excess mean_q=0.021463 mean_excess_score=0.003307 fraction_excess_positive=0.468750 sampling_entropy=5.007520
RG_SCORE round=980 layer=features.24 mean_q=0.040867 max_q=0.109115 fraction_q_positive=1.000000 sampling_entropy=5.643484 uniform_entropy=6.238325 entropy_gap=0.594840 max_probability_over_uniform=8.081547 min_probability_over_uniform=0.250000
RG_REMAP_SCORE round=980 layer=features.24 mode=excess mean_q=0.040867 mean_excess_score=0.006536 fraction_excess_positive=0.449219 sampling_entropy=5.643484
RG_SCORE round=980 layer=features.27 mean_q=0.053968 max_q=0.118511 fraction_q_positive=1.000000 sampling_entropy=5.760415 uniform_entropy=6.238325 entropy_gap=0.477910 max_probability_over_uniform=6.165006 min_probability_over_uniform=0.250000
RG_REMAP_SCORE round=980 layer=features.27 mode=excess mean_q=0.053968 mean_excess_score=0.008184 fraction_excess_positive=0.507812 sampling_entropy=5.760415
RG_SCORE round=980 layer=features.30 mean_q=0.033718 max_q=0.077805 fraction_q_positive=0.998047 sampling_entropy=5.734499 uniform_entropy=6.238325 entropy_gap=0.503826 max_probability_over_uniform=5.559366 min_probability_over_uniform=0.250000
RG_REMAP_SCORE round=980 layer=features.30 mode=excess mean_q=0.033718 mean_excess_score=0.006228 fraction_excess_positive=0.498047 sampling_entropy=5.734499
RG_SCORE round=980 layer=features.34 mean_q=0.123133 max_q=0.263370 fraction_q_positive=1.000000 sampling_entropy=5.810768 uniform_entropy=6.238325 entropy_gap=0.427556 max_probability_over_uniform=4.439260 min_probability_over_uniform=0.250000
RG_REMAP_SCORE round=980 layer=features.34 mode=excess mean_q=0.123133 mean_excess_score=0.025107 fraction_excess_positive=0.517578 sampling_entropy=5.810768
RG_SCORE round=980 layer=features.37 mean_q=0.098759 max_q=0.238354 fraction_q_positive=1.000000 sampling_entropy=5.763412 uniform_entropy=6.238325 entropy_gap=0.474912 max_probability_over_uniform=5.502639 min_probability_over_uniform=0.250000
RG_REMAP_SCORE round=980 layer=features.37 mode=excess mean_q=0.098759 mean_excess_score=0.019932 fraction_excess_positive=0.507812 sampling_entropy=5.763412
RG_SCORE round=980 layer=features.40 mean_q=0.073265 max_q=0.358025 fraction_q_positive=0.990234 sampling_entropy=5.652017 uniform_entropy=6.238325 entropy_gap=0.586307 max_probability_over_uniform=11.616182 min_probability_over_uniform=0.250000
RG_REMAP_SCORE round=980 layer=features.40 mode=excess mean_q=0.073265 mean_excess_score=0.018790 fraction_excess_positive=0.462891 sampling_entropy=5.652017
ROUND_ACCURACY method=FedPhoenixRG-Excess round=980 accuracy=80.650002
********************************************************************************
Round 980
ROUND_ACCURACY method=FedPhoenixRG-Excess round=981 accuracy=82.559998
********************************************************************************
Round 981
ROUND_ACCURACY method=FedPhoenixRG-Excess round=982 accuracy=77.529999
********************************************************************************
Round 982
ROUND_ACCURACY method=FedPhoenixRG-Excess round=983 accuracy=82.709999
********************************************************************************
Round 983
ROUND_ACCURACY method=FedPhoenixRG-Excess round=984 accuracy=83.050003
********************************************************************************
Round 984
ROUND_ACCURACY method=FedPhoenixRG-Excess round=985 accuracy=82.650002
********************************************************************************
Round 985
ROUND_ACCURACY method=FedPhoenixRG-Excess round=986 accuracy=82.879997
********************************************************************************
Round 986
ROUND_ACCURACY method=FedPhoenixRG-Excess round=987 accuracy=83.169998
********************************************************************************
Round 987
ROUND_ACCURACY method=FedPhoenixRG-Excess round=988 accuracy=82.300003
********************************************************************************
Round 988
ROUND_ACCURACY method=FedPhoenixRG-Excess round=989 accuracy=82.629997
********************************************************************************
Round 989
ROUND_ACCURACY method=FedPhoenixRG-Excess round=990 accuracy=82.269997
********************************************************************************
Round 990
ROUND_ACCURACY method=FedPhoenixRG-Excess round=991 accuracy=82.589996
********************************************************************************
Round 991
ROUND_ACCURACY method=FedPhoenixRG-Excess round=992 accuracy=82.949997
********************************************************************************
Round 992
ROUND_ACCURACY method=FedPhoenixRG-Excess round=993 accuracy=82.830002
********************************************************************************
Round 993
ROUND_ACCURACY method=FedPhoenixRG-Excess round=994 accuracy=83.220001
********************************************************************************
Round 994
ROUND_ACCURACY method=FedPhoenixRG-Excess round=995 accuracy=82.110001
********************************************************************************
Round 995
ROUND_ACCURACY method=FedPhoenixRG-Excess round=996 accuracy=82.239998
********************************************************************************
Round 996
ROUND_ACCURACY method=FedPhoenixRG-Excess round=997 accuracy=82.959999
********************************************************************************
Round 997
ROUND_ACCURACY method=FedPhoenixRG-Excess round=998 accuracy=82.860001
********************************************************************************
Round 998
ROUND_ACCURACY method=FedPhoenixRG-Excess round=999 accuracy=81.769997
********************************************************************************
Round 999
RG_SCORE round=1000 layer=features.0 mean_q=0.061197 max_q=0.213244 fraction_q_positive=0.625000 sampling_entropy=3.669808 uniform_entropy=4.158883 entropy_gap=0.489075 max_probability_over_uniform=4.475780 min_probability_over_uniform=0.250000
RG_REMAP_SCORE round=1000 layer=features.0 mode=excess mean_q=0.061197 mean_excess_score=0.026986 fraction_excess_positive=0.468750 sampling_entropy=3.669808
RG_SCORE round=1000 layer=features.3 mean_q=0.028301 max_q=0.081658 fraction_q_positive=0.812500 sampling_entropy=3.639556 uniform_entropy=4.158883 entropy_gap=0.519327 max_probability_over_uniform=4.359655 min_probability_over_uniform=0.250000
RG_REMAP_SCORE round=1000 layer=features.3 mode=excess mean_q=0.028301 mean_excess_score=0.009738 fraction_excess_positive=0.468750 sampling_entropy=3.639556
RG_SCORE round=1000 layer=features.7 mean_q=0.037343 max_q=0.093855 fraction_q_positive=0.984375 sampling_entropy=4.341294 uniform_entropy=4.852030 entropy_gap=0.510736 max_probability_over_uniform=6.345203 min_probability_over_uniform=0.250000
RG_REMAP_SCORE round=1000 layer=features.7 mode=excess mean_q=0.037343 mean_excess_score=0.006954 fraction_excess_positive=0.492188 sampling_entropy=4.341294
RG_SCORE round=1000 layer=features.10 mean_q=0.038386 max_q=0.076844 fraction_q_positive=0.992188 sampling_entropy=4.324202 uniform_entropy=4.852030 entropy_gap=0.527828 max_probability_over_uniform=5.701859 min_probability_over_uniform=0.250000
RG_REMAP_SCORE round=1000 layer=features.10 mode=excess mean_q=0.038386 mean_excess_score=0.005291 fraction_excess_positive=0.460938 sampling_entropy=4.324202
RG_SCORE round=1000 layer=features.14 mean_q=0.041872 max_q=0.090931 fraction_q_positive=1.000000 sampling_entropy=4.964611 uniform_entropy=5.545177 entropy_gap=0.580566 max_probability_over_uniform=6.863117 min_probability_over_uniform=0.250000
RG_REMAP_SCORE round=1000 layer=features.14 mode=excess mean_q=0.041872 mean_excess_score=0.005564 fraction_excess_positive=0.441406 sampling_entropy=4.964611
RG_SCORE round=1000 layer=features.17 mean_q=0.042328 max_q=0.088933 fraction_q_positive=1.000000 sampling_entropy=4.995417 uniform_entropy=5.545177 entropy_gap=0.549761 max_probability_over_uniform=7.273532 min_probability_over_uniform=0.250000
RG_REMAP_SCORE round=1000 layer=features.17 mode=excess mean_q=0.042328 mean_excess_score=0.004977 fraction_excess_positive=0.480469 sampling_entropy=4.995417
RG_SCORE round=1000 layer=features.20 mean_q=0.035640 max_q=0.071848 fraction_q_positive=1.000000 sampling_entropy=4.992251 uniform_entropy=5.545177 entropy_gap=0.552927 max_probability_over_uniform=6.517597 min_probability_over_uniform=0.250000
RG_REMAP_SCORE round=1000 layer=features.20 mode=excess mean_q=0.035640 mean_excess_score=0.004333 fraction_excess_positive=0.453125 sampling_entropy=4.992251
RG_SCORE round=1000 layer=features.24 mean_q=0.068094 max_q=0.148407 fraction_q_positive=1.000000 sampling_entropy=5.644055 uniform_entropy=6.238325 entropy_gap=0.594269 max_probability_over_uniform=8.416512 min_probability_over_uniform=0.250000
RG_REMAP_SCORE round=1000 layer=features.24 mode=excess mean_q=0.068094 mean_excess_score=0.007376 fraction_excess_positive=0.458984 sampling_entropy=5.644055
RG_SCORE round=1000 layer=features.27 mean_q=0.102390 max_q=0.154435 fraction_q_positive=1.000000 sampling_entropy=5.760619 uniform_entropy=6.238325 entropy_gap=0.477705 max_probability_over_uniform=5.719809 min_probability_over_uniform=0.250000
RG_REMAP_SCORE round=1000 layer=features.27 mode=excess mean_q=0.102390 mean_excess_score=0.007136 fraction_excess_positive=0.498047 sampling_entropy=5.760619
RG_SCORE round=1000 layer=features.30 mean_q=0.080359 max_q=0.134344 fraction_q_positive=1.000000 sampling_entropy=5.750534 uniform_entropy=6.238325 entropy_gap=0.487791 max_probability_over_uniform=6.461809 min_probability_over_uniform=0.250000
RG_REMAP_SCORE round=1000 layer=features.30 mode=excess mean_q=0.080359 mean_excess_score=0.006518 fraction_excess_positive=0.507812 sampling_entropy=5.750534
RG_SCORE round=1000 layer=features.34 mean_q=0.248857 max_q=0.370674 fraction_q_positive=1.000000 sampling_entropy=5.799757 uniform_entropy=6.238325 entropy_gap=0.438567 max_probability_over_uniform=4.900000 min_probability_over_uniform=0.250000
RG_REMAP_SCORE round=1000 layer=features.34 mode=excess mean_q=0.248857 mean_excess_score=0.019648 fraction_excess_positive=0.542969 sampling_entropy=5.799757
RG_SCORE round=1000 layer=features.37 mean_q=0.261299 max_q=0.393138 fraction_q_positive=1.000000 sampling_entropy=5.818714 uniform_entropy=6.238325 entropy_gap=0.419611 max_probability_over_uniform=5.106392 min_probability_over_uniform=0.250000
RG_REMAP_SCORE round=1000 layer=features.37 mode=excess mean_q=0.261299 mean_excess_score=0.020361 fraction_excess_positive=0.560547 sampling_entropy=5.818714
RG_SCORE round=1000 layer=features.40 mean_q=0.217572 max_q=0.471200 fraction_q_positive=0.990234 sampling_entropy=5.761311 uniform_entropy=6.238325 entropy_gap=0.477014 max_probability_over_uniform=5.678918 min_probability_over_uniform=0.250000
RG_REMAP_SCORE round=1000 layer=features.40 mode=excess mean_q=0.217572 mean_excess_score=0.035038 fraction_excess_positive=0.507812 sampling_entropy=5.761311
ROUND_ACCURACY method=FedPhoenixRG-Excess round=1000 accuracy=74.800003
PEAK_ACCURACY method=FedPhoenixRG-Excess round=994 accuracy=83.220001
Unified training metrics saved to C:\Users\admin\Desktop\need_do\new_paper_four\FedPhoenix-finish\results\training_metrics\cifar10_vgg_FedPhoenixRG-Excess_seed1_original_FedPhoenixRG-Excess_seed1_1000.csv
