Client partition: 100 clients, min=30, max=1447, mean=500.00, std=220.72
Evaluation protocol: full server test set evaluated every round (10000 samples).
VGG16(
  (features): Sequential(
    (0): Conv2d(3, 64, kernel_size=(3, 3), stride=(1, 1), padding=(1, 1))
    (1): BatchNorm2d(64, eps=1e-05, momentum=0.1, affine=True, track_running_stats=True)
    (2): ReLU(inplace=True)
    (3): Conv2d(64, 64, kernel_size=(3, 3), stride=(1, 1), padding=(1, 1))
    (4): BatchNorm2d(64, eps=1e-05, momentum=0.1, affine=True, track_running_stats=True)
    (5): ReLU(inplace=True)
    (6): MaxPool2d(kernel_size=2, stride=2, padding=0, dilation=1, ceil_mode=False)
    (7): Conv2d(64, 128, kernel_size=(3, 3), stride=(1, 1), padding=(1, 1))
    (8): BatchNorm2d(128, eps=1e-05, momentum=0.1, affine=True, track_running_stats=True)
    (9): ReLU(inplace=True)
    (10): Conv2d(128, 128, kernel_size=(3, 3), stride=(1, 1), padding=(1, 1))
    (11): BatchNorm2d(128, eps=1e-05, momentum=0.1, affine=True, track_running_stats=True)
    (12): ReLU(inplace=True)
    (13): MaxPool2d(kernel_size=2, stride=2, padding=0, dilation=1, ceil_mode=False)
    (14): Conv2d(128, 256, kernel_size=(3, 3), stride=(1, 1), padding=(1, 1))
    (15): BatchNorm2d(256, eps=1e-05, momentum=0.1, affine=True, track_running_stats=True)
    (16): ReLU(inplace=True)
    (17): Conv2d(256, 256, kernel_size=(3, 3), stride=(1, 1), padding=(1, 1))
    (18): BatchNorm2d(256, eps=1e-05, momentum=0.1, affine=True, track_running_stats=True)
    (19): ReLU(inplace=True)
    (20): Conv2d(256, 256, kernel_size=(3, 3), stride=(1, 1), padding=(1, 1))
    (21): BatchNorm2d(256, eps=1e-05, momentum=0.1, affine=True, track_running_stats=True)
    (22): ReLU(inplace=True)
    (23): MaxPool2d(kernel_size=2, stride=2, padding=0, dilation=1, ceil_mode=False)
    (24): Conv2d(256, 512, kernel_size=(3, 3), stride=(1, 1), padding=(1, 1))
    (25): BatchNorm2d(512, eps=1e-05, momentum=0.1, affine=True, track_running_stats=True)
    (26): ReLU(inplace=True)
    (27): Conv2d(512, 512, kernel_size=(3, 3), stride=(1, 1), padding=(1, 1))
    (28): BatchNorm2d(512, eps=1e-05, momentum=0.1, affine=True, track_running_stats=True)
    (29): ReLU(inplace=True)
    (30): Conv2d(512, 512, kernel_size=(3, 3), stride=(1, 1), padding=(1, 1))
    (31): BatchNorm2d(512, eps=1e-05, momentum=0.1, affine=True, track_running_stats=True)
    (32): ReLU(inplace=True)
    (33): MaxPool2d(kernel_size=2, stride=2, padding=0, dilation=1, ceil_mode=False)
    (34): Conv2d(512, 512, kernel_size=(3, 3), stride=(1, 1), padding=(1, 1))
    (35): BatchNorm2d(512, eps=1e-05, momentum=0.1, affine=True, track_running_stats=True)
    (36): ReLU(inplace=True)
    (37): Conv2d(512, 512, kernel_size=(3, 3), stride=(1, 1), padding=(1, 1))
    (38): BatchNorm2d(512, eps=1e-05, momentum=0.1, affine=True, track_running_stats=True)
    (39): ReLU(inplace=True)
    (40): Conv2d(512, 512, kernel_size=(3, 3), stride=(1, 1), padding=(1, 1))
    (41): BatchNorm2d(512, eps=1e-05, momentum=0.1, affine=True, track_running_stats=True)
    (42): ReLU(inplace=True)
    (43): MaxPool2d(kernel_size=2, stride=2, padding=0, dilation=1, ceil_mode=False)
    (44): AdaptiveAvgPool2d(output_size=(1, 1))
  )
  (classifier): Sequential(
    (0): Linear(in_features=512, out_features=4096, bias=True)
    (1): ReLU(inplace=True)
    (2): Dropout(p=0.5, inplace=False)
    (3): Linear(in_features=4096, out_features=4096, bias=True)
    (4): ReLU(inplace=True)
    (5): Dropout(p=0.5, inplace=False)
  )
  (fc): Linear(in_features=4096, out_features=10, bias=True)
)
********************************************************************************
Round   0
ROUND_ACCURACY method=FedPhoenixRG-RCC round=1 accuracy=10.000000
********************************************************************************
Round   1
ROUND_ACCURACY method=FedPhoenixRG-RCC round=2 accuracy=13.230000
********************************************************************************
Round   2
ROUND_ACCURACY method=FedPhoenixRG-RCC round=3 accuracy=12.230000
********************************************************************************
Round   3
ROUND_ACCURACY method=FedPhoenixRG-RCC round=4 accuracy=16.290001
********************************************************************************
Round   4
ROUND_ACCURACY method=FedPhoenixRG-RCC round=5 accuracy=32.419998
********************************************************************************
Round   5
ROUND_ACCURACY method=FedPhoenixRG-RCC round=6 accuracy=17.620001
********************************************************************************
Round   6
ROUND_ACCURACY method=FedPhoenixRG-RCC round=7 accuracy=24.139999
********************************************************************************
Round   7
ROUND_ACCURACY method=FedPhoenixRG-RCC round=8 accuracy=23.680000
********************************************************************************
Round   8
ROUND_ACCURACY method=FedPhoenixRG-RCC round=9 accuracy=30.129999
********************************************************************************
Round   9
ROUND_ACCURACY method=FedPhoenixRG-RCC round=10 accuracy=29.730000
********************************************************************************
Round  10
ROUND_ACCURACY method=FedPhoenixRG-RCC round=11 accuracy=38.230000
********************************************************************************
Round  11
ROUND_ACCURACY method=FedPhoenixRG-RCC round=12 accuracy=36.910000
********************************************************************************
Round  12
ROUND_ACCURACY method=FedPhoenixRG-RCC round=13 accuracy=38.220001
********************************************************************************
Round  13
ROUND_ACCURACY method=FedPhoenixRG-RCC round=14 accuracy=46.650002
********************************************************************************
Round  14
ROUND_ACCURACY method=FedPhoenixRG-RCC round=15 accuracy=45.459999
********************************************************************************
Round  15
ROUND_ACCURACY method=FedPhoenixRG-RCC round=16 accuracy=46.720001
********************************************************************************
Round  16
ROUND_ACCURACY method=FedPhoenixRG-RCC round=17 accuracy=45.529999
********************************************************************************
Round  17
ROUND_ACCURACY method=FedPhoenixRG-RCC round=18 accuracy=35.709999
********************************************************************************
Round  18
ROUND_ACCURACY method=FedPhoenixRG-RCC round=19 accuracy=44.220001
********************************************************************************
Round  19
RG_SCORE round=20 layer=features.0 mean_q=0.081847 max_q=0.267023 fraction_q_positive=0.828125 sampling_entropy=3.960480 uniform_entropy=4.158883 entropy_gap=0.198403 max_probability_over_uniform=2.696858 min_probability_over_uniform=0.250000
RG_SCORE round=20 layer=features.3 mean_q=0.059730 max_q=0.116280 fraction_q_positive=1.000000 sampling_entropy=4.113614 uniform_entropy=4.158883 entropy_gap=0.045269 max_probability_over_uniform=1.710082 min_probability_over_uniform=0.418985
RG_SCORE round=20 layer=features.7 mean_q=0.049782 max_q=0.101558 fraction_q_positive=0.992188 sampling_entropy=4.820838 uniform_entropy=4.852030 entropy_gap=0.031192 max_probability_over_uniform=1.780039 min_probability_over_uniform=0.250000
RG_SCORE round=20 layer=features.10 mean_q=0.043774 max_q=0.087141 fraction_q_positive=1.000000 sampling_entropy=4.828476 uniform_entropy=4.852030 entropy_gap=0.023554 max_probability_over_uniform=1.743026 min_probability_over_uniform=0.417044
RG_SCORE round=20 layer=features.14 mean_q=0.040955 max_q=0.081388 fraction_q_positive=1.000000 sampling_entropy=5.517949 uniform_entropy=5.545177 entropy_gap=0.027228 max_probability_over_uniform=1.740433 min_probability_over_uniform=0.493658
RG_SCORE round=20 layer=features.17 mean_q=0.039022 max_q=0.066574 fraction_q_positive=1.000000 sampling_entropy=5.530565 uniform_entropy=5.545177 entropy_gap=0.014612 max_probability_over_uniform=1.529546 min_probability_over_uniform=0.475188
RG_SCORE round=20 layer=features.20 mean_q=0.039846 max_q=0.061646 fraction_q_positive=1.000000 sampling_entropy=5.534711 uniform_entropy=5.545177 entropy_gap=0.010467 max_probability_over_uniform=1.410321 min_probability_over_uniform=0.644390
RG_SCORE round=20 layer=features.24 mean_q=0.041173 max_q=0.078098 fraction_q_positive=1.000000 sampling_entropy=6.211638 uniform_entropy=6.238325 entropy_gap=0.026687 max_probability_over_uniform=1.672632 min_probability_over_uniform=0.330413
RG_SCORE round=20 layer=features.27 mean_q=0.037594 max_q=0.080712 fraction_q_positive=1.000000 sampling_entropy=6.220241 uniform_entropy=6.238325 entropy_gap=0.018084 max_probability_over_uniform=1.860205 min_probability_over_uniform=0.530624
RG_SCORE round=20 layer=features.30 mean_q=0.037160 max_q=0.072138 fraction_q_positive=1.000000 sampling_entropy=6.212488 uniform_entropy=6.238325 entropy_gap=0.025836 max_probability_over_uniform=1.705957 min_probability_over_uniform=0.257568
RG_SCORE round=20 layer=features.34 mean_q=0.057084 max_q=0.134792 fraction_q_positive=0.992188 sampling_entropy=6.190251 uniform_entropy=6.238325 entropy_gap=0.048074 max_probability_over_uniform=2.020960 min_probability_over_uniform=0.250000
RG_SCORE round=20 layer=features.37 mean_q=0.063538 max_q=0.129223 fraction_q_positive=1.000000 sampling_entropy=6.206990 uniform_entropy=6.238325 entropy_gap=0.031334 max_probability_over_uniform=1.775338 min_probability_over_uniform=0.437227
RG_SCORE round=20 layer=features.40 mean_q=0.082664 max_q=0.183493 fraction_q_positive=1.000000 sampling_entropy=6.179332 uniform_entropy=6.238325 entropy_gap=0.058993 max_probability_over_uniform=1.914812 min_probability_over_uniform=0.306321
ROUND_ACCURACY method=FedPhoenixRG-RCC round=20 accuracy=45.060001
********************************************************************************
Round  20
ROUND_ACCURACY method=FedPhoenixRG-RCC round=21 accuracy=51.939999
********************************************************************************
Round  21
ROUND_ACCURACY method=FedPhoenixRG-RCC round=22 accuracy=56.299999
********************************************************************************
Round  22
ROUND_ACCURACY method=FedPhoenixRG-RCC round=23 accuracy=50.779999
********************************************************************************
Round  23
ROUND_ACCURACY method=FedPhoenixRG-RCC round=24 accuracy=51.119999
********************************************************************************
Round  24
ROUND_ACCURACY method=FedPhoenixRG-RCC round=25 accuracy=54.680000
********************************************************************************
Round  25
ROUND_ACCURACY method=FedPhoenixRG-RCC round=26 accuracy=50.950001
********************************************************************************
Round  26
ROUND_ACCURACY method=FedPhoenixRG-RCC round=27 accuracy=52.869999
********************************************************************************
Round  27
ROUND_ACCURACY method=FedPhoenixRG-RCC round=28 accuracy=52.240002
********************************************************************************
Round  28
ROUND_ACCURACY method=FedPhoenixRG-RCC round=29 accuracy=48.860001
********************************************************************************
Round  29
ROUND_ACCURACY method=FedPhoenixRG-RCC round=30 accuracy=56.970001
********************************************************************************
Round  30
ROUND_ACCURACY method=FedPhoenixRG-RCC round=31 accuracy=57.070000
********************************************************************************
Round  31
ROUND_ACCURACY method=FedPhoenixRG-RCC round=32 accuracy=56.500000
********************************************************************************
Round  32
ROUND_ACCURACY method=FedPhoenixRG-RCC round=33 accuracy=58.040001
********************************************************************************
Round  33
ROUND_ACCURACY method=FedPhoenixRG-RCC round=34 accuracy=65.809998
********************************************************************************
Round  34
ROUND_ACCURACY method=FedPhoenixRG-RCC round=35 accuracy=55.750000
********************************************************************************
Round  35
ROUND_ACCURACY method=FedPhoenixRG-RCC round=36 accuracy=51.349998
********************************************************************************
Round  36
ROUND_ACCURACY method=FedPhoenixRG-RCC round=37 accuracy=62.369999
********************************************************************************
Round  37
ROUND_ACCURACY method=FedPhoenixRG-RCC round=38 accuracy=57.060001
********************************************************************************
Round  38
ROUND_ACCURACY method=FedPhoenixRG-RCC round=39 accuracy=58.540001
********************************************************************************
Round  39
RG_SCORE round=40 layer=features.0 mean_q=0.153242 max_q=0.378674 fraction_q_positive=0.968750 sampling_entropy=4.082558 uniform_entropy=4.158883 entropy_gap=0.076325 max_probability_over_uniform=2.103317 min_probability_over_uniform=0.250000
RG_SCORE round=40 layer=features.3 mean_q=0.155526 max_q=0.247680 fraction_q_positive=1.000000 sampling_entropy=4.148002 uniform_entropy=4.158883 entropy_gap=0.010882 max_probability_over_uniform=1.444402 min_probability_over_uniform=0.558408
RG_SCORE round=40 layer=features.7 mean_q=0.138614 max_q=0.192710 fraction_q_positive=1.000000 sampling_entropy=4.846336 uniform_entropy=4.852030 entropy_gap=0.005694 max_probability_over_uniform=1.292699 min_probability_over_uniform=0.726265
RG_SCORE round=40 layer=features.10 mean_q=0.132802 max_q=0.176776 fraction_q_positive=1.000000 sampling_entropy=4.847036 uniform_entropy=4.852030 entropy_gap=0.004994 max_probability_over_uniform=1.248340 min_probability_over_uniform=0.776993
RG_SCORE round=40 layer=features.14 mean_q=0.127438 max_q=0.180753 fraction_q_positive=1.000000 sampling_entropy=5.540760 uniform_entropy=5.545177 entropy_gap=0.004417 max_probability_over_uniform=1.313771 min_probability_over_uniform=0.701006
RG_SCORE round=40 layer=features.17 mean_q=0.121271 max_q=0.153813 fraction_q_positive=1.000000 sampling_entropy=5.542076 uniform_entropy=5.545177 entropy_gap=0.003101 max_probability_over_uniform=1.201251 min_probability_over_uniform=0.762652
RG_SCORE round=40 layer=features.20 mean_q=0.125178 max_q=0.164544 fraction_q_positive=1.000000 sampling_entropy=5.541980 uniform_entropy=5.545177 entropy_gap=0.003197 max_probability_over_uniform=1.235859 min_probability_over_uniform=0.812729
RG_SCORE round=40 layer=features.24 mean_q=0.120992 max_q=0.188876 fraction_q_positive=1.000000 sampling_entropy=6.231646 uniform_entropy=6.238325 entropy_gap=0.006679 max_probability_over_uniform=1.420804 min_probability_over_uniform=0.586695
RG_SCORE round=40 layer=features.27 mean_q=0.101444 max_q=0.156769 fraction_q_positive=1.000000 sampling_entropy=6.231083 uniform_entropy=6.238325 entropy_gap=0.007242 max_probability_over_uniform=1.409029 min_probability_over_uniform=0.599329
RG_SCORE round=40 layer=features.30 mean_q=0.094849 max_q=0.156246 fraction_q_positive=1.000000 sampling_entropy=6.223567 uniform_entropy=6.238325 entropy_gap=0.014758 max_probability_over_uniform=1.485483 min_probability_over_uniform=0.430232
RG_SCORE round=40 layer=features.34 mean_q=0.126320 max_q=0.329675 fraction_q_positive=0.921875 sampling_entropy=6.153832 uniform_entropy=6.238325 entropy_gap=0.084492 max_probability_over_uniform=2.207376 min_probability_over_uniform=0.250000
RG_SCORE round=40 layer=features.37 mean_q=0.116847 max_q=0.254765 fraction_q_positive=0.933594 sampling_entropy=6.148937 uniform_entropy=6.238325 entropy_gap=0.089388 max_probability_over_uniform=1.885243 min_probability_over_uniform=0.250000
RG_SCORE round=40 layer=features.40 mean_q=0.137164 max_q=0.484443 fraction_q_positive=0.923828 sampling_entropy=6.121113 uniform_entropy=6.238325 entropy_gap=0.117211 max_probability_over_uniform=2.898878 min_probability_over_uniform=0.250000
ROUND_ACCURACY method=FedPhoenixRG-RCC round=40 accuracy=64.790001
********************************************************************************
Round  40
ROUND_ACCURACY method=FedPhoenixRG-RCC round=41 accuracy=66.220001
********************************************************************************
Round  41
ROUND_ACCURACY method=FedPhoenixRG-RCC round=42 accuracy=58.349998
********************************************************************************
Round  42
ROUND_ACCURACY method=FedPhoenixRG-RCC round=43 accuracy=61.380001
********************************************************************************
Round  43
ROUND_ACCURACY method=FedPhoenixRG-RCC round=44 accuracy=63.380001
********************************************************************************
Round  44
ROUND_ACCURACY method=FedPhoenixRG-RCC round=45 accuracy=49.220001
********************************************************************************
Round  45
ROUND_ACCURACY method=FedPhoenixRG-RCC round=46 accuracy=66.250000
********************************************************************************
Round  46
ROUND_ACCURACY method=FedPhoenixRG-RCC round=47 accuracy=62.939999
********************************************************************************
Round  47
ROUND_ACCURACY method=FedPhoenixRG-RCC round=48 accuracy=61.380001
********************************************************************************
Round  48
ROUND_ACCURACY method=FedPhoenixRG-RCC round=49 accuracy=57.610001
********************************************************************************
Round  49
ROUND_ACCURACY method=FedPhoenixRG-RCC round=50 accuracy=61.709999
********************************************************************************
Round  50
ROUND_ACCURACY method=FedPhoenixRG-RCC round=51 accuracy=55.090000
********************************************************************************
Round  51
ROUND_ACCURACY method=FedPhoenixRG-RCC round=52 accuracy=67.510002
********************************************************************************
Round  52
ROUND_ACCURACY method=FedPhoenixRG-RCC round=53 accuracy=62.099998
********************************************************************************
Round  53
ROUND_ACCURACY method=FedPhoenixRG-RCC round=54 accuracy=51.320000
********************************************************************************
Round  54
ROUND_ACCURACY method=FedPhoenixRG-RCC round=55 accuracy=66.910004
********************************************************************************
Round  55
ROUND_ACCURACY method=FedPhoenixRG-RCC round=56 accuracy=66.800003
********************************************************************************
Round  56
ROUND_ACCURACY method=FedPhoenixRG-RCC round=57 accuracy=59.009998
********************************************************************************
Round  57
ROUND_ACCURACY method=FedPhoenixRG-RCC round=58 accuracy=56.130001
********************************************************************************
Round  58
ROUND_ACCURACY method=FedPhoenixRG-RCC round=59 accuracy=62.150002
********************************************************************************
Round  59
RG_SCORE round=60 layer=features.0 mean_q=0.151827 max_q=0.335532 fraction_q_positive=0.953125 sampling_entropy=4.061639 uniform_entropy=4.158883 entropy_gap=0.097244 max_probability_over_uniform=1.907473 min_probability_over_uniform=0.250000
RG_SCORE round=60 layer=features.3 mean_q=0.170493 max_q=0.232291 fraction_q_positive=1.000000 sampling_entropy=4.151450 uniform_entropy=4.158883 entropy_gap=0.007433 max_probability_over_uniform=1.271851 min_probability_over_uniform=0.661142
RG_SCORE round=60 layer=features.7 mean_q=0.170872 max_q=0.237857 fraction_q_positive=1.000000 sampling_entropy=4.847420 uniform_entropy=4.852030 entropy_gap=0.004610 max_probability_over_uniform=1.294013 min_probability_over_uniform=0.733016
RG_SCORE round=60 layer=features.10 mean_q=0.163664 max_q=0.202438 fraction_q_positive=1.000000 sampling_entropy=4.849276 uniform_entropy=4.852030 entropy_gap=0.002755 max_probability_over_uniform=1.177682 min_probability_over_uniform=0.841257
RG_SCORE round=60 layer=features.14 mean_q=0.162132 max_q=0.229037 fraction_q_positive=1.000000 sampling_entropy=5.541637 uniform_entropy=5.545177 entropy_gap=0.003540 max_probability_over_uniform=1.309492 min_probability_over_uniform=0.795947
RG_SCORE round=60 layer=features.17 mean_q=0.153768 max_q=0.195525 fraction_q_positive=1.000000 sampling_entropy=5.543135 uniform_entropy=5.545177 entropy_gap=0.002042 max_probability_over_uniform=1.203669 min_probability_over_uniform=0.824923
RG_SCORE round=60 layer=features.20 mean_q=0.158236 max_q=0.195759 fraction_q_positive=1.000000 sampling_entropy=5.543213 uniform_entropy=5.545177 entropy_gap=0.001965 max_probability_over_uniform=1.177848 min_probability_over_uniform=0.820298
RG_SCORE round=60 layer=features.24 mean_q=0.158374 max_q=0.205844 fraction_q_positive=1.000000 sampling_entropy=6.234449 uniform_entropy=6.238325 entropy_gap=0.003875 max_probability_over_uniform=1.224798 min_probability_over_uniform=0.726680
RG_SCORE round=60 layer=features.27 mean_q=0.133394 max_q=0.196377 fraction_q_positive=1.000000 sampling_entropy=6.234555 uniform_entropy=6.238325 entropy_gap=0.003769 max_probability_over_uniform=1.354119 min_probability_over_uniform=0.773039
RG_SCORE round=60 layer=features.30 mean_q=0.131301 max_q=0.189299 fraction_q_positive=1.000000 sampling_entropy=6.232672 uniform_entropy=6.238325 entropy_gap=0.005652 max_probability_over_uniform=1.331291 min_probability_over_uniform=0.731202
RG_SCORE round=60 layer=features.34 mean_q=0.230327 max_q=0.343083 fraction_q_positive=1.000000 sampling_entropy=6.231860 uniform_entropy=6.238325 entropy_gap=0.006465 max_probability_over_uniform=1.367161 min_probability_over_uniform=0.660904
RG_SCORE round=60 layer=features.37 mean_q=0.258019 max_q=0.400702 fraction_q_positive=1.000000 sampling_entropy=6.228578 uniform_entropy=6.238325 entropy_gap=0.009746 max_probability_over_uniform=1.414749 min_probability_over_uniform=0.304807
RG_SCORE round=60 layer=features.40 mean_q=0.286158 max_q=0.524251 fraction_q_positive=0.996094 sampling_entropy=6.189850 uniform_entropy=6.238325 entropy_gap=0.048475 max_probability_over_uniform=1.624025 min_probability_over_uniform=0.250000
ROUND_ACCURACY method=FedPhoenixRG-RCC round=60 accuracy=65.330002
********************************************************************************
Round  60
ROUND_ACCURACY method=FedPhoenixRG-RCC round=61 accuracy=66.820000
********************************************************************************
Round  61
ROUND_ACCURACY method=FedPhoenixRG-RCC round=62 accuracy=64.239998
********************************************************************************
Round  62
ROUND_ACCURACY method=FedPhoenixRG-RCC round=63 accuracy=65.250000
********************************************************************************
Round  63
ROUND_ACCURACY method=FedPhoenixRG-RCC round=64 accuracy=64.239998
********************************************************************************
Round  64
ROUND_ACCURACY method=FedPhoenixRG-RCC round=65 accuracy=63.340000
********************************************************************************
Round  65
ROUND_ACCURACY method=FedPhoenixRG-RCC round=66 accuracy=66.639999
********************************************************************************
Round  66
ROUND_ACCURACY method=FedPhoenixRG-RCC round=67 accuracy=63.250000
********************************************************************************
Round  67
ROUND_ACCURACY method=FedPhoenixRG-RCC round=68 accuracy=56.320000
********************************************************************************
Round  68
ROUND_ACCURACY method=FedPhoenixRG-RCC round=69 accuracy=70.040001
********************************************************************************
Round  69
ROUND_ACCURACY method=FedPhoenixRG-RCC round=70 accuracy=58.939999
********************************************************************************
Round  70
ROUND_ACCURACY method=FedPhoenixRG-RCC round=71 accuracy=63.480000
********************************************************************************
Round  71
ROUND_ACCURACY method=FedPhoenixRG-RCC round=72 accuracy=63.220001
********************************************************************************
Round  72
ROUND_ACCURACY method=FedPhoenixRG-RCC round=73 accuracy=66.389999
********************************************************************************
Round  73
ROUND_ACCURACY method=FedPhoenixRG-RCC round=74 accuracy=67.540001
********************************************************************************
Round  74
ROUND_ACCURACY method=FedPhoenixRG-RCC round=75 accuracy=72.169998
********************************************************************************
Round  75
ROUND_ACCURACY method=FedPhoenixRG-RCC round=76 accuracy=63.150002
********************************************************************************
Round  76
ROUND_ACCURACY method=FedPhoenixRG-RCC round=77 accuracy=64.879997
********************************************************************************
Round  77
ROUND_ACCURACY method=FedPhoenixRG-RCC round=78 accuracy=65.190002
********************************************************************************
Round  78
ROUND_ACCURACY method=FedPhoenixRG-RCC round=79 accuracy=69.330002
********************************************************************************
Round  79
RG_SCORE round=80 layer=features.0 mean_q=0.151844 max_q=0.348139 fraction_q_positive=0.968750 sampling_entropy=4.074892 uniform_entropy=4.158883 entropy_gap=0.083992 max_probability_over_uniform=1.969553 min_probability_over_uniform=0.250000
RG_SCORE round=80 layer=features.3 mean_q=0.192376 max_q=0.237701 fraction_q_positive=1.000000 sampling_entropy=4.154912 uniform_entropy=4.158883 entropy_gap=0.003971 max_probability_over_uniform=1.176705 min_probability_over_uniform=0.763748
RG_SCORE round=80 layer=features.7 mean_q=0.192499 max_q=0.245804 fraction_q_positive=1.000000 sampling_entropy=4.848858 uniform_entropy=4.852030 entropy_gap=0.003173 max_probability_over_uniform=1.207685 min_probability_over_uniform=0.767961
RG_SCORE round=80 layer=features.10 mean_q=0.183922 max_q=0.220262 fraction_q_positive=1.000000 sampling_entropy=4.850195 uniform_entropy=4.852030 entropy_gap=0.001835 max_probability_over_uniform=1.148186 min_probability_over_uniform=0.855420
RG_SCORE round=80 layer=features.14 mean_q=0.187126 max_q=0.241304 fraction_q_positive=1.000000 sampling_entropy=5.543030 uniform_entropy=5.545177 entropy_gap=0.002147 max_probability_over_uniform=1.217148 min_probability_over_uniform=0.816419
RG_SCORE round=80 layer=features.17 mean_q=0.175574 max_q=0.222777 fraction_q_positive=1.000000 sampling_entropy=5.543311 uniform_entropy=5.545177 entropy_gap=0.001866 max_probability_over_uniform=1.201636 min_probability_over_uniform=0.840839
RG_SCORE round=80 layer=features.20 mean_q=0.181583 max_q=0.213336 fraction_q_positive=1.000000 sampling_entropy=5.543782 uniform_entropy=5.545177 entropy_gap=0.001396 max_probability_over_uniform=1.131150 min_probability_over_uniform=0.824818
RG_SCORE round=80 layer=features.24 mean_q=0.187604 max_q=0.242004 fraction_q_positive=1.000000 sampling_entropy=6.235633 uniform_entropy=6.238325 entropy_gap=0.002691 max_probability_over_uniform=1.217482 min_probability_over_uniform=0.752912
RG_SCORE round=80 layer=features.27 mean_q=0.161633 max_q=0.209632 fraction_q_positive=1.000000 sampling_entropy=6.235745 uniform_entropy=6.238325 entropy_gap=0.002580 max_probability_over_uniform=1.222721 min_probability_over_uniform=0.818241
RG_SCORE round=80 layer=features.30 mean_q=0.161416 max_q=0.223197 fraction_q_positive=1.000000 sampling_entropy=6.234837 uniform_entropy=6.238325 entropy_gap=0.003487 max_probability_over_uniform=1.287055 min_probability_over_uniform=0.724165
RG_SCORE round=80 layer=features.34 mean_q=0.307410 max_q=0.399995 fraction_q_positive=1.000000 sampling_entropy=6.234769 uniform_entropy=6.238325 entropy_gap=0.003555 max_probability_over_uniform=1.225885 min_probability_over_uniform=0.765770
RG_SCORE round=80 layer=features.37 mean_q=0.352785 max_q=0.473782 fraction_q_positive=1.000000 sampling_entropy=6.234318 uniform_entropy=6.238325 entropy_gap=0.004007 max_probability_over_uniform=1.257232 min_probability_over_uniform=0.595031
RG_SCORE round=80 layer=features.40 mean_q=0.342900 max_q=0.596844 fraction_q_positive=0.998047 sampling_entropy=6.197963 uniform_entropy=6.238325 entropy_gap=0.040362 max_probability_over_uniform=1.555434 min_probability_over_uniform=0.250000
ROUND_ACCURACY method=FedPhoenixRG-RCC round=80 accuracy=68.070000
********************************************************************************
Round  80
ROUND_ACCURACY method=FedPhoenixRG-RCC round=81 accuracy=65.269997
********************************************************************************
Round  81
ROUND_ACCURACY method=FedPhoenixRG-RCC round=82 accuracy=66.239998
********************************************************************************
Round  82
ROUND_ACCURACY method=FedPhoenixRG-RCC round=83 accuracy=70.120003
********************************************************************************
Round  83
ROUND_ACCURACY method=FedPhoenixRG-RCC round=84 accuracy=64.860001
********************************************************************************
Round  84
ROUND_ACCURACY method=FedPhoenixRG-RCC round=85 accuracy=67.610001
********************************************************************************
Round  85
ROUND_ACCURACY method=FedPhoenixRG-RCC round=86 accuracy=68.680000
********************************************************************************
Round  86
ROUND_ACCURACY method=FedPhoenixRG-RCC round=87 accuracy=70.599998
********************************************************************************
Round  87
ROUND_ACCURACY method=FedPhoenixRG-RCC round=88 accuracy=69.110001
********************************************************************************
Round  88
ROUND_ACCURACY method=FedPhoenixRG-RCC round=89 accuracy=69.949997
********************************************************************************
Round  89
ROUND_ACCURACY method=FedPhoenixRG-RCC round=90 accuracy=69.580002
********************************************************************************
Round  90
ROUND_ACCURACY method=FedPhoenixRG-RCC round=91 accuracy=70.150002
********************************************************************************
Round  91
ROUND_ACCURACY method=FedPhoenixRG-RCC round=92 accuracy=70.370003
********************************************************************************
Round  92
ROUND_ACCURACY method=FedPhoenixRG-RCC round=93 accuracy=67.949997
********************************************************************************
Round  93
ROUND_ACCURACY method=FedPhoenixRG-RCC round=94 accuracy=68.309998
********************************************************************************
Round  94
ROUND_ACCURACY method=FedPhoenixRG-RCC round=95 accuracy=71.290001
********************************************************************************
Round  95
ROUND_ACCURACY method=FedPhoenixRG-RCC round=96 accuracy=69.419998
********************************************************************************
Round  96
ROUND_ACCURACY method=FedPhoenixRG-RCC round=97 accuracy=65.699997
********************************************************************************
Round  97
ROUND_ACCURACY method=FedPhoenixRG-RCC round=98 accuracy=64.750000
********************************************************************************
Round  98
ROUND_ACCURACY method=FedPhoenixRG-RCC round=99 accuracy=63.000000
********************************************************************************
Round  99
RG_SCORE round=100 layer=features.0 mean_q=0.162365 max_q=0.338306 fraction_q_positive=0.968750 sampling_entropy=4.067218 uniform_entropy=4.158883 entropy_gap=0.091665 max_probability_over_uniform=1.812712 min_probability_over_uniform=0.250000
RG_SCORE round=100 layer=features.3 mean_q=0.194381 max_q=0.242353 fraction_q_positive=1.000000 sampling_entropy=4.155659 uniform_entropy=4.158883 entropy_gap=0.003224 max_probability_over_uniform=1.185097 min_probability_over_uniform=0.732129
RG_SCORE round=100 layer=features.7 mean_q=0.201149 max_q=0.248917 fraction_q_positive=1.000000 sampling_entropy=4.849699 uniform_entropy=4.852030 entropy_gap=0.002331 max_probability_over_uniform=1.178105 min_probability_over_uniform=0.800084
RG_SCORE round=100 layer=features.10 mean_q=0.195405 max_q=0.229550 fraction_q_positive=1.000000 sampling_entropy=4.850439 uniform_entropy=4.852030 entropy_gap=0.001591 max_probability_over_uniform=1.131054 min_probability_over_uniform=0.874826
RG_SCORE round=100 layer=features.14 mean_q=0.201073 max_q=0.250896 fraction_q_positive=1.000000 sampling_entropy=5.543346 uniform_entropy=5.545177 entropy_gap=0.001832 max_probability_over_uniform=1.185840 min_probability_over_uniform=0.851275
RG_SCORE round=100 layer=features.17 mean_q=0.187587 max_q=0.225684 fraction_q_positive=1.000000 sampling_entropy=5.543495 uniform_entropy=5.545177 entropy_gap=0.001682 max_probability_over_uniform=1.152317 min_probability_over_uniform=0.813965
RG_SCORE round=100 layer=features.20 mean_q=0.193389 max_q=0.225950 fraction_q_positive=1.000000 sampling_entropy=5.544177 uniform_entropy=5.545177 entropy_gap=0.001000 max_probability_over_uniform=1.126279 min_probability_over_uniform=0.875855
RG_SCORE round=100 layer=features.24 mean_q=0.203639 max_q=0.262912 fraction_q_positive=1.000000 sampling_entropy=6.236467 uniform_entropy=6.238325 entropy_gap=0.001858 max_probability_over_uniform=1.218302 min_probability_over_uniform=0.802819
RG_SCORE round=100 layer=features.27 mean_q=0.178551 max_q=0.225521 fraction_q_positive=1.000000 sampling_entropy=6.236087 uniform_entropy=6.238325 entropy_gap=0.002238 max_probability_over_uniform=1.197295 min_probability_over_uniform=0.813827
RG_SCORE round=100 layer=features.30 mean_q=0.175005 max_q=0.220122 fraction_q_positive=1.000000 sampling_entropy=6.235686 uniform_entropy=6.238325 entropy_gap=0.002638 max_probability_over_uniform=1.193352 min_probability_over_uniform=0.813085
RG_SCORE round=100 layer=features.34 mean_q=0.331361 max_q=0.444031 fraction_q_positive=1.000000 sampling_entropy=6.234483 uniform_entropy=6.238325 entropy_gap=0.003841 max_probability_over_uniform=1.255017 min_probability_over_uniform=0.690602
RG_SCORE round=100 layer=features.37 mean_q=0.368698 max_q=0.503266 fraction_q_positive=1.000000 sampling_entropy=6.232703 uniform_entropy=6.238325 entropy_gap=0.005622 max_probability_over_uniform=1.273734 min_probability_over_uniform=0.488516
RG_SCORE round=100 layer=features.40 mean_q=0.307285 max_q=0.578669 fraction_q_positive=1.000000 sampling_entropy=6.193770 uniform_entropy=6.238325 entropy_gap=0.044554 max_probability_over_uniform=1.662375 min_probability_over_uniform=0.259448
ROUND_ACCURACY method=FedPhoenixRG-RCC round=100 accuracy=64.870003
********************************************************************************
Round 100
ROUND_ACCURACY method=FedPhoenixRG-RCC round=101 accuracy=69.540001
********************************************************************************
Round 101
ROUND_ACCURACY method=FedPhoenixRG-RCC round=102 accuracy=73.059998
********************************************************************************
Round 102
ROUND_ACCURACY method=FedPhoenixRG-RCC round=103 accuracy=72.559998
********************************************************************************
Round 103
ROUND_ACCURACY method=FedPhoenixRG-RCC round=104 accuracy=68.589996
********************************************************************************
Round 104
ROUND_ACCURACY method=FedPhoenixRG-RCC round=105 accuracy=70.989998
********************************************************************************
Round 105
ROUND_ACCURACY method=FedPhoenixRG-RCC round=106 accuracy=70.180000
********************************************************************************
Round 106
ROUND_ACCURACY method=FedPhoenixRG-RCC round=107 accuracy=58.459999
********************************************************************************
Round 107
ROUND_ACCURACY method=FedPhoenixRG-RCC round=108 accuracy=71.589996
********************************************************************************
Round 108
ROUND_ACCURACY method=FedPhoenixRG-RCC round=109 accuracy=72.440002
********************************************************************************
Round 109
ROUND_ACCURACY method=FedPhoenixRG-RCC round=110 accuracy=72.540001
********************************************************************************
Round 110
ROUND_ACCURACY method=FedPhoenixRG-RCC round=111 accuracy=72.930000
********************************************************************************
Round 111
ROUND_ACCURACY method=FedPhoenixRG-RCC round=112 accuracy=69.709999
********************************************************************************
Round 112
ROUND_ACCURACY method=FedPhoenixRG-RCC round=113 accuracy=68.889999
********************************************************************************
Round 113
ROUND_ACCURACY method=FedPhoenixRG-RCC round=114 accuracy=65.699997
********************************************************************************
Round 114
ROUND_ACCURACY method=FedPhoenixRG-RCC round=115 accuracy=66.349998
********************************************************************************
Round 115
ROUND_ACCURACY method=FedPhoenixRG-RCC round=116 accuracy=71.949997
********************************************************************************
Round 116
ROUND_ACCURACY method=FedPhoenixRG-RCC round=117 accuracy=66.940002
********************************************************************************
Round 117
ROUND_ACCURACY method=FedPhoenixRG-RCC round=118 accuracy=72.360001
********************************************************************************
Round 118
ROUND_ACCURACY method=FedPhoenixRG-RCC round=119 accuracy=72.870003
********************************************************************************
Round 119
RG_SCORE round=120 layer=features.0 mean_q=0.142920 max_q=0.360463 fraction_q_positive=0.953125 sampling_entropy=4.052325 uniform_entropy=4.158883 entropy_gap=0.106558 max_probability_over_uniform=2.141600 min_probability_over_uniform=0.250000
RG_SCORE round=120 layer=features.3 mean_q=0.188655 max_q=0.241781 fraction_q_positive=1.000000 sampling_entropy=4.154626 uniform_entropy=4.158883 entropy_gap=0.004258 max_probability_over_uniform=1.211202 min_probability_over_uniform=0.738493
RG_SCORE round=120 layer=features.7 mean_q=0.195159 max_q=0.245629 fraction_q_positive=1.000000 sampling_entropy=4.849620 uniform_entropy=4.852030 entropy_gap=0.002410 max_probability_over_uniform=1.193959 min_probability_over_uniform=0.849694
RG_SCORE round=120 layer=features.10 mean_q=0.187722 max_q=0.217869 fraction_q_positive=1.000000 sampling_entropy=4.850705 uniform_entropy=4.852030 entropy_gap=0.001325 max_probability_over_uniform=1.120446 min_probability_over_uniform=0.814559
RG_SCORE round=120 layer=features.14 mean_q=0.200138 max_q=0.243147 fraction_q_positive=1.000000 sampling_entropy=5.543530 uniform_entropy=5.545177 entropy_gap=0.001647 max_probability_over_uniform=1.161172 min_probability_over_uniform=0.841493
RG_SCORE round=120 layer=features.17 mean_q=0.188015 max_q=0.233920 fraction_q_positive=1.000000 sampling_entropy=5.543443 uniform_entropy=5.545177 entropy_gap=0.001735 max_probability_over_uniform=1.183116 min_probability_over_uniform=0.817076
RG_SCORE round=120 layer=features.20 mean_q=0.190575 max_q=0.225584 fraction_q_positive=1.000000 sampling_entropy=5.543984 uniform_entropy=5.545177 entropy_gap=0.001194 max_probability_over_uniform=1.137774 min_probability_over_uniform=0.875633
RG_SCORE round=120 layer=features.24 mean_q=0.204310 max_q=0.265170 fraction_q_positive=1.000000 sampling_entropy=6.236602 uniform_entropy=6.238325 entropy_gap=0.001722 max_probability_over_uniform=1.223413 min_probability_over_uniform=0.833376
RG_SCORE round=120 layer=features.27 mean_q=0.181219 max_q=0.229484 fraction_q_positive=1.000000 sampling_entropy=6.236177 uniform_entropy=6.238325 entropy_gap=0.002148 max_probability_over_uniform=1.199747 min_probability_over_uniform=0.807219
RG_SCORE round=120 layer=features.30 mean_q=0.171620 max_q=0.220064 fraction_q_positive=1.000000 sampling_entropy=6.235723 uniform_entropy=6.238325 entropy_gap=0.002601 max_probability_over_uniform=1.211708 min_probability_over_uniform=0.787713
RG_SCORE round=120 layer=features.34 mean_q=0.290915 max_q=0.395116 fraction_q_positive=1.000000 sampling_entropy=6.226478 uniform_entropy=6.238325 entropy_gap=0.011847 max_probability_over_uniform=1.268639 min_probability_over_uniform=0.374005
RG_SCORE round=120 layer=features.37 mean_q=0.221672 max_q=0.395068 fraction_q_positive=0.996094 sampling_entropy=6.203038 uniform_entropy=6.238325 entropy_gap=0.035286 max_probability_over_uniform=1.586662 min_probability_over_uniform=0.250000
RG_SCORE round=120 layer=features.40 mean_q=0.134801 max_q=0.413994 fraction_q_positive=0.951172 sampling_entropy=6.116302 uniform_entropy=6.238325 entropy_gap=0.122023 max_probability_over_uniform=2.553362 min_probability_over_uniform=0.250000
ROUND_ACCURACY method=FedPhoenixRG-RCC round=120 accuracy=67.540001
********************************************************************************
Round 120
ROUND_ACCURACY method=FedPhoenixRG-RCC round=121 accuracy=73.739998
********************************************************************************
Round 121
ROUND_ACCURACY method=FedPhoenixRG-RCC round=122 accuracy=66.510002
********************************************************************************
Round 122
ROUND_ACCURACY method=FedPhoenixRG-RCC round=123 accuracy=70.720001
********************************************************************************
Round 123
ROUND_ACCURACY method=FedPhoenixRG-RCC round=124 accuracy=63.180000
********************************************************************************
Round 124
ROUND_ACCURACY method=FedPhoenixRG-RCC round=125 accuracy=65.559998
********************************************************************************
Round 125
ROUND_ACCURACY method=FedPhoenixRG-RCC round=126 accuracy=64.320000
********************************************************************************
Round 126
ROUND_ACCURACY method=FedPhoenixRG-RCC round=127 accuracy=71.639999
********************************************************************************
Round 127
ROUND_ACCURACY method=FedPhoenixRG-RCC round=128 accuracy=69.669998
********************************************************************************
Round 128
ROUND_ACCURACY method=FedPhoenixRG-RCC round=129 accuracy=74.110001
********************************************************************************
Round 129
ROUND_ACCURACY method=FedPhoenixRG-RCC round=130 accuracy=66.599998
********************************************************************************
Round 130
ROUND_ACCURACY method=FedPhoenixRG-RCC round=131 accuracy=65.129997
********************************************************************************
Round 131
ROUND_ACCURACY method=FedPhoenixRG-RCC round=132 accuracy=73.680000
********************************************************************************
Round 132
ROUND_ACCURACY method=FedPhoenixRG-RCC round=133 accuracy=69.820000
********************************************************************************
Round 133
ROUND_ACCURACY method=FedPhoenixRG-RCC round=134 accuracy=74.720001
********************************************************************************
Round 134
ROUND_ACCURACY method=FedPhoenixRG-RCC round=135 accuracy=66.129997
********************************************************************************
Round 135
ROUND_ACCURACY method=FedPhoenixRG-RCC round=136 accuracy=64.459999
********************************************************************************
Round 136
ROUND_ACCURACY method=FedPhoenixRG-RCC round=137 accuracy=70.769997
********************************************************************************
Round 137
ROUND_ACCURACY method=FedPhoenixRG-RCC round=138 accuracy=74.279999
********************************************************************************
Round 138
ROUND_ACCURACY method=FedPhoenixRG-RCC round=139 accuracy=70.440002
********************************************************************************
Round 139
RG_SCORE round=140 layer=features.0 mean_q=0.147476 max_q=0.376885 fraction_q_positive=0.921875 sampling_entropy=4.062910 uniform_entropy=4.158883 entropy_gap=0.095973 max_probability_over_uniform=2.166678 min_probability_over_uniform=0.250000
RG_SCORE round=140 layer=features.3 mean_q=0.189324 max_q=0.232600 fraction_q_positive=1.000000 sampling_entropy=4.155463 uniform_entropy=4.158883 entropy_gap=0.003420 max_probability_over_uniform=1.171436 min_probability_over_uniform=0.807635
RG_SCORE round=140 layer=features.7 mean_q=0.188008 max_q=0.228373 fraction_q_positive=1.000000 sampling_entropy=4.849558 uniform_entropy=4.852030 entropy_gap=0.002473 max_probability_over_uniform=1.161026 min_probability_over_uniform=0.819393
RG_SCORE round=140 layer=features.10 mean_q=0.182208 max_q=0.227844 fraction_q_positive=1.000000 sampling_entropy=4.850360 uniform_entropy=4.852030 entropy_gap=0.001670 max_probability_over_uniform=1.187850 min_probability_over_uniform=0.890904
RG_SCORE round=140 layer=features.14 mean_q=0.192667 max_q=0.235422 fraction_q_positive=1.000000 sampling_entropy=5.543339 uniform_entropy=5.545177 entropy_gap=0.001839 max_probability_over_uniform=1.166433 min_probability_over_uniform=0.791396
RG_SCORE round=140 layer=features.17 mean_q=0.183066 max_q=0.228437 fraction_q_positive=1.000000 sampling_entropy=5.543458 uniform_entropy=5.545177 entropy_gap=0.001719 max_probability_over_uniform=1.185878 min_probability_over_uniform=0.834378
RG_SCORE round=140 layer=features.20 mean_q=0.184038 max_q=0.213040 fraction_q_positive=1.000000 sampling_entropy=5.543914 uniform_entropy=5.545177 entropy_gap=0.001263 max_probability_over_uniform=1.118193 min_probability_over_uniform=0.839466
RG_SCORE round=140 layer=features.24 mean_q=0.200650 max_q=0.244562 fraction_q_positive=1.000000 sampling_entropy=6.236396 uniform_entropy=6.238325 entropy_gap=0.001929 max_probability_over_uniform=1.164137 min_probability_over_uniform=0.812395
RG_SCORE round=140 layer=features.27 mean_q=0.182081 max_q=0.237308 fraction_q_positive=1.000000 sampling_entropy=6.235923 uniform_entropy=6.238325 entropy_gap=0.002401 max_probability_over_uniform=1.227483 min_probability_over_uniform=0.674669
RG_SCORE round=140 layer=features.30 mean_q=0.166407 max_q=0.216541 fraction_q_positive=1.000000 sampling_entropy=6.235049 uniform_entropy=6.238325 entropy_gap=0.003276 max_probability_over_uniform=1.225954 min_probability_over_uniform=0.686906
RG_SCORE round=140 layer=features.34 mean_q=0.302355 max_q=0.436680 fraction_q_positive=0.998047 sampling_entropy=6.225320 uniform_entropy=6.238325 entropy_gap=0.013004 max_probability_over_uniform=1.333196 min_probability_over_uniform=0.250000
RG_SCORE round=140 layer=features.37 mean_q=0.237410 max_q=0.431409 fraction_q_positive=0.998047 sampling_entropy=6.199109 uniform_entropy=6.238325 entropy_gap=0.039216 max_probability_over_uniform=1.612857 min_probability_over_uniform=0.250000
RG_SCORE round=140 layer=features.40 mean_q=0.147388 max_q=0.424526 fraction_q_positive=0.966797 sampling_entropy=6.139993 uniform_entropy=6.238325 entropy_gap=0.098332 max_probability_over_uniform=2.410242 min_probability_over_uniform=0.250000
ROUND_ACCURACY method=FedPhoenixRG-RCC round=140 accuracy=73.930000
********************************************************************************
Round 140
ROUND_ACCURACY method=FedPhoenixRG-RCC round=141 accuracy=75.410004
********************************************************************************
Round 141
ROUND_ACCURACY method=FedPhoenixRG-RCC round=142 accuracy=67.120003
********************************************************************************
Round 142
ROUND_ACCURACY method=FedPhoenixRG-RCC round=143 accuracy=60.860001
********************************************************************************
Round 143
ROUND_ACCURACY method=FedPhoenixRG-RCC round=144 accuracy=73.610001
********************************************************************************
Round 144
ROUND_ACCURACY method=FedPhoenixRG-RCC round=145 accuracy=67.239998
********************************************************************************
Round 145
ROUND_ACCURACY method=FedPhoenixRG-RCC round=146 accuracy=62.990002
********************************************************************************
Round 146
ROUND_ACCURACY method=FedPhoenixRG-RCC round=147 accuracy=73.150002
********************************************************************************
Round 147
ROUND_ACCURACY method=FedPhoenixRG-RCC round=148 accuracy=67.620003
********************************************************************************
Round 148
ROUND_ACCURACY method=FedPhoenixRG-RCC round=149 accuracy=69.110001
********************************************************************************
Round 149
ROUND_ACCURACY method=FedPhoenixRG-RCC round=150 accuracy=73.589996
********************************************************************************
Round 150
ROUND_ACCURACY method=FedPhoenixRG-RCC round=151 accuracy=52.240002
********************************************************************************
Round 151
ROUND_ACCURACY method=FedPhoenixRG-RCC round=152 accuracy=68.720001
********************************************************************************
Round 152
ROUND_ACCURACY method=FedPhoenixRG-RCC round=153 accuracy=72.349998
********************************************************************************
Round 153
ROUND_ACCURACY method=FedPhoenixRG-RCC round=154 accuracy=73.040001
********************************************************************************
Round 154
ROUND_ACCURACY method=FedPhoenixRG-RCC round=155 accuracy=68.239998
********************************************************************************
Round 155
ROUND_ACCURACY method=FedPhoenixRG-RCC round=156 accuracy=72.910004
********************************************************************************
Round 156
ROUND_ACCURACY method=FedPhoenixRG-RCC round=157 accuracy=67.239998
********************************************************************************
Round 157
ROUND_ACCURACY method=FedPhoenixRG-RCC round=158 accuracy=67.379997
********************************************************************************
Round 158
ROUND_ACCURACY method=FedPhoenixRG-RCC round=159 accuracy=70.260002
********************************************************************************
Round 159
RG_SCORE round=160 layer=features.0 mean_q=0.137491 max_q=0.323430 fraction_q_positive=0.984375 sampling_entropy=4.082469 uniform_entropy=4.158883 entropy_gap=0.076414 max_probability_over_uniform=2.014281 min_probability_over_uniform=0.250000
RG_SCORE round=160 layer=features.3 mean_q=0.164396 max_q=0.222055 fraction_q_positive=1.000000 sampling_entropy=4.155174 uniform_entropy=4.158883 entropy_gap=0.003709 max_probability_over_uniform=1.263052 min_probability_over_uniform=0.824642
RG_SCORE round=160 layer=features.7 mean_q=0.170840 max_q=0.220019 fraction_q_positive=1.000000 sampling_entropy=4.848552 uniform_entropy=4.852030 entropy_gap=0.003478 max_probability_over_uniform=1.215899 min_probability_over_uniform=0.780758
RG_SCORE round=160 layer=features.10 mean_q=0.166145 max_q=0.197601 fraction_q_positive=1.000000 sampling_entropy=4.850470 uniform_entropy=4.852030 entropy_gap=0.001560 max_probability_over_uniform=1.141996 min_probability_over_uniform=0.892350
RG_SCORE round=160 layer=features.14 mean_q=0.175658 max_q=0.216937 fraction_q_positive=1.000000 sampling_entropy=5.543299 uniform_entropy=5.545177 entropy_gap=0.001879 max_probability_over_uniform=1.176248 min_probability_over_uniform=0.816988
RG_SCORE round=160 layer=features.17 mean_q=0.169477 max_q=0.204705 fraction_q_positive=1.000000 sampling_entropy=5.543159 uniform_entropy=5.545177 entropy_gap=0.002018 max_probability_over_uniform=1.155896 min_probability_over_uniform=0.849739
RG_SCORE round=160 layer=features.20 mean_q=0.169604 max_q=0.200931 fraction_q_positive=1.000000 sampling_entropy=5.543749 uniform_entropy=5.545177 entropy_gap=0.001429 max_probability_over_uniform=1.138527 min_probability_over_uniform=0.848185
RG_SCORE round=160 layer=features.24 mean_q=0.184395 max_q=0.228951 fraction_q_positive=1.000000 sampling_entropy=6.235877 uniform_entropy=6.238325 entropy_gap=0.002448 max_probability_over_uniform=1.181222 min_probability_over_uniform=0.801686
RG_SCORE round=160 layer=features.27 mean_q=0.171956 max_q=0.222218 fraction_q_positive=1.000000 sampling_entropy=6.235550 uniform_entropy=6.238325 entropy_gap=0.002775 max_probability_over_uniform=1.219221 min_probability_over_uniform=0.801769
RG_SCORE round=160 layer=features.30 mean_q=0.158374 max_q=0.209642 fraction_q_positive=1.000000 sampling_entropy=6.235305 uniform_entropy=6.238325 entropy_gap=0.003020 max_probability_over_uniform=1.242782 min_probability_over_uniform=0.810042
RG_SCORE round=160 layer=features.34 mean_q=0.277264 max_q=0.416047 fraction_q_positive=0.992188 sampling_entropy=6.219216 uniform_entropy=6.238325 entropy_gap=0.019109 max_probability_over_uniform=1.375409 min_probability_over_uniform=0.250000
RG_SCORE round=160 layer=features.37 mean_q=0.263330 max_q=0.479988 fraction_q_positive=0.996094 sampling_entropy=6.208254 uniform_entropy=6.238325 entropy_gap=0.030070 max_probability_over_uniform=1.617071 min_probability_over_uniform=0.250000
RG_SCORE round=160 layer=features.40 mean_q=0.149109 max_q=0.390852 fraction_q_positive=0.960938 sampling_entropy=6.144853 uniform_entropy=6.238325 entropy_gap=0.093472 max_probability_over_uniform=2.215932 min_probability_over_uniform=0.250000
ROUND_ACCURACY method=FedPhoenixRG-RCC round=160 accuracy=69.370003
********************************************************************************
Round 160
ROUND_ACCURACY method=FedPhoenixRG-RCC round=161 accuracy=75.690002
********************************************************************************
Round 161
ROUND_ACCURACY method=FedPhoenixRG-RCC round=162 accuracy=71.269997
********************************************************************************
Round 162
ROUND_ACCURACY method=FedPhoenixRG-RCC round=163 accuracy=69.269997
********************************************************************************
Round 163
ROUND_ACCURACY method=FedPhoenixRG-RCC round=164 accuracy=66.779999
********************************************************************************
Round 164
ROUND_ACCURACY method=FedPhoenixRG-RCC round=165 accuracy=74.360001
********************************************************************************
Round 165
ROUND_ACCURACY method=FedPhoenixRG-RCC round=166 accuracy=72.160004
********************************************************************************
Round 166
ROUND_ACCURACY method=FedPhoenixRG-RCC round=167 accuracy=70.040001
********************************************************************************
Round 167
ROUND_ACCURACY method=FedPhoenixRG-RCC round=168 accuracy=69.370003
********************************************************************************
Round 168
ROUND_ACCURACY method=FedPhoenixRG-RCC round=169 accuracy=71.290001
********************************************************************************
Round 169
ROUND_ACCURACY method=FedPhoenixRG-RCC round=170 accuracy=54.480000
********************************************************************************
Round 170
ROUND_ACCURACY method=FedPhoenixRG-RCC round=171 accuracy=67.019997
********************************************************************************
Round 171
ROUND_ACCURACY method=FedPhoenixRG-RCC round=172 accuracy=69.080002
********************************************************************************
Round 172
ROUND_ACCURACY method=FedPhoenixRG-RCC round=173 accuracy=68.089996
********************************************************************************
Round 173
ROUND_ACCURACY method=FedPhoenixRG-RCC round=174 accuracy=69.879997
********************************************************************************
Round 174
ROUND_ACCURACY method=FedPhoenixRG-RCC round=175 accuracy=75.709999
********************************************************************************
Round 175
ROUND_ACCURACY method=FedPhoenixRG-RCC round=176 accuracy=74.720001
********************************************************************************
Round 176
ROUND_ACCURACY method=FedPhoenixRG-RCC round=177 accuracy=71.139999
********************************************************************************
Round 177
ROUND_ACCURACY method=FedPhoenixRG-RCC round=178 accuracy=66.430000
********************************************************************************
Round 178
ROUND_ACCURACY method=FedPhoenixRG-RCC round=179 accuracy=75.629997
********************************************************************************
Round 179
RG_SCORE round=180 layer=features.0 mean_q=0.119266 max_q=0.330798 fraction_q_positive=0.828125 sampling_entropy=3.983367 uniform_entropy=4.158883 entropy_gap=0.175516 max_probability_over_uniform=2.330211 min_probability_over_uniform=0.250000
RG_SCORE round=180 layer=features.3 mean_q=0.149724 max_q=0.219113 fraction_q_positive=1.000000 sampling_entropy=4.144507 uniform_entropy=4.158883 entropy_gap=0.014376 max_probability_over_uniform=1.347583 min_probability_over_uniform=0.550011
RG_SCORE round=180 layer=features.7 mean_q=0.170579 max_q=0.240115 fraction_q_positive=1.000000 sampling_entropy=4.843835 uniform_entropy=4.852030 entropy_gap=0.008195 max_probability_over_uniform=1.305735 min_probability_over_uniform=0.481566
RG_SCORE round=180 layer=features.10 mean_q=0.158028 max_q=0.204844 fraction_q_positive=1.000000 sampling_entropy=4.848897 uniform_entropy=4.852030 entropy_gap=0.003133 max_probability_over_uniform=1.222189 min_probability_over_uniform=0.749983
RG_SCORE round=180 layer=features.14 mean_q=0.168454 max_q=0.240546 fraction_q_positive=1.000000 sampling_entropy=5.541298 uniform_entropy=5.545177 entropy_gap=0.003879 max_probability_over_uniform=1.320969 min_probability_over_uniform=0.638555
RG_SCORE round=180 layer=features.17 mean_q=0.162023 max_q=0.216278 fraction_q_positive=1.000000 sampling_entropy=5.541902 uniform_entropy=5.545177 entropy_gap=0.003276 max_probability_over_uniform=1.251150 min_probability_over_uniform=0.754040
RG_SCORE round=180 layer=features.20 mean_q=0.165561 max_q=0.203984 fraction_q_positive=1.000000 sampling_entropy=5.543113 uniform_entropy=5.545177 entropy_gap=0.002065 max_probability_over_uniform=1.174054 min_probability_over_uniform=0.695529
RG_SCORE round=180 layer=features.24 mean_q=0.179517 max_q=0.244481 fraction_q_positive=1.000000 sampling_entropy=6.235115 uniform_entropy=6.238325 entropy_gap=0.003210 max_probability_over_uniform=1.271413 min_probability_over_uniform=0.688995
RG_SCORE round=180 layer=features.27 mean_q=0.164346 max_q=0.238943 fraction_q_positive=1.000000 sampling_entropy=6.232501 uniform_entropy=6.238325 entropy_gap=0.005824 max_probability_over_uniform=1.340423 min_probability_over_uniform=0.431728
RG_SCORE round=180 layer=features.30 mean_q=0.150063 max_q=0.203788 fraction_q_positive=1.000000 sampling_entropy=6.232283 uniform_entropy=6.238325 entropy_gap=0.006041 max_probability_over_uniform=1.268512 min_probability_over_uniform=0.548460
RG_SCORE round=180 layer=features.34 mean_q=0.271601 max_q=0.418119 fraction_q_positive=1.000000 sampling_entropy=6.221200 uniform_entropy=6.238325 entropy_gap=0.017125 max_probability_over_uniform=1.404597 min_probability_over_uniform=0.264301
RG_SCORE round=180 layer=features.37 mean_q=0.225997 max_q=0.459147 fraction_q_positive=0.992188 sampling_entropy=6.188953 uniform_entropy=6.238325 entropy_gap=0.049371 max_probability_over_uniform=1.773739 min_probability_over_uniform=0.250000
RG_SCORE round=180 layer=features.40 mean_q=0.119915 max_q=0.397882 fraction_q_positive=0.912109 sampling_entropy=6.088556 uniform_entropy=6.238325 entropy_gap=0.149769 max_probability_over_uniform=2.738535 min_probability_over_uniform=0.250000
ROUND_ACCURACY method=FedPhoenixRG-RCC round=180 accuracy=69.110001
********************************************************************************
Round 180
ROUND_ACCURACY method=FedPhoenixRG-RCC round=181 accuracy=73.419998
********************************************************************************
Round 181
ROUND_ACCURACY method=FedPhoenixRG-RCC round=182 accuracy=65.120003
********************************************************************************
Round 182
ROUND_ACCURACY method=FedPhoenixRG-RCC round=183 accuracy=76.339996
********************************************************************************
Round 183
ROUND_ACCURACY method=FedPhoenixRG-RCC round=184 accuracy=74.180000
********************************************************************************
Round 184
ROUND_ACCURACY method=FedPhoenixRG-RCC round=185 accuracy=75.089996
********************************************************************************
Round 185
ROUND_ACCURACY method=FedPhoenixRG-RCC round=186 accuracy=72.879997
********************************************************************************
Round 186
ROUND_ACCURACY method=FedPhoenixRG-RCC round=187 accuracy=71.190002
********************************************************************************
Round 187
ROUND_ACCURACY method=FedPhoenixRG-RCC round=188 accuracy=75.540001
********************************************************************************
Round 188
ROUND_ACCURACY method=FedPhoenixRG-RCC round=189 accuracy=68.449997
********************************************************************************
Round 189
ROUND_ACCURACY method=FedPhoenixRG-RCC round=190 accuracy=68.540001
********************************************************************************
Round 190
ROUND_ACCURACY method=FedPhoenixRG-RCC round=191 accuracy=63.360001
********************************************************************************
Round 191
ROUND_ACCURACY method=FedPhoenixRG-RCC round=192 accuracy=70.260002
********************************************************************************
Round 192
ROUND_ACCURACY method=FedPhoenixRG-RCC round=193 accuracy=74.389999
********************************************************************************
Round 193
ROUND_ACCURACY method=FedPhoenixRG-RCC round=194 accuracy=71.650002
********************************************************************************
Round 194
ROUND_ACCURACY method=FedPhoenixRG-RCC round=195 accuracy=73.389999
********************************************************************************
Round 195
ROUND_ACCURACY method=FedPhoenixRG-RCC round=196 accuracy=76.000000
********************************************************************************
Round 196
ROUND_ACCURACY method=FedPhoenixRG-RCC round=197 accuracy=67.849998
********************************************************************************
Round 197
ROUND_ACCURACY method=FedPhoenixRG-RCC round=198 accuracy=69.739998
********************************************************************************
Round 198
ROUND_ACCURACY method=FedPhoenixRG-RCC round=199 accuracy=56.810001
********************************************************************************
Round 199
RG_SCORE round=200 layer=features.0 mean_q=0.156258 max_q=0.335540 fraction_q_positive=0.953125 sampling_entropy=4.075551 uniform_entropy=4.158883 entropy_gap=0.083332 max_probability_over_uniform=1.860511 min_probability_over_uniform=0.250000
RG_SCORE round=200 layer=features.3 mean_q=0.191221 max_q=0.239353 fraction_q_positive=1.000000 sampling_entropy=4.156080 uniform_entropy=4.158883 entropy_gap=0.002803 max_probability_over_uniform=1.188777 min_probability_over_uniform=0.840579
RG_SCORE round=200 layer=features.7 mean_q=0.189941 max_q=0.283304 fraction_q_positive=1.000000 sampling_entropy=4.848779 uniform_entropy=4.852030 entropy_gap=0.003251 max_probability_over_uniform=1.368649 min_probability_over_uniform=0.827995
RG_SCORE round=200 layer=features.10 mean_q=0.174105 max_q=0.201948 fraction_q_positive=1.000000 sampling_entropy=4.850580 uniform_entropy=4.852030 entropy_gap=0.001450 max_probability_over_uniform=1.119939 min_probability_over_uniform=0.885897
RG_SCORE round=200 layer=features.14 mean_q=0.184918 max_q=0.225495 fraction_q_positive=1.000000 sampling_entropy=5.542980 uniform_entropy=5.545177 entropy_gap=0.002198 max_probability_over_uniform=1.164573 min_probability_over_uniform=0.795299
RG_SCORE round=200 layer=features.17 mean_q=0.177861 max_q=0.233964 fraction_q_positive=1.000000 sampling_entropy=5.542852 uniform_entropy=5.545177 entropy_gap=0.002325 max_probability_over_uniform=1.236574 min_probability_over_uniform=0.838912
RG_SCORE round=200 layer=features.20 mean_q=0.175941 max_q=0.215516 fraction_q_positive=1.000000 sampling_entropy=5.543688 uniform_entropy=5.545177 entropy_gap=0.001489 max_probability_over_uniform=1.168703 min_probability_over_uniform=0.843863
RG_SCORE round=200 layer=features.24 mean_q=0.196761 max_q=0.251944 fraction_q_positive=1.000000 sampling_entropy=6.236431 uniform_entropy=6.238325 entropy_gap=0.001894 max_probability_over_uniform=1.210341 min_probability_over_uniform=0.829218
RG_SCORE round=200 layer=features.27 mean_q=0.188069 max_q=0.254274 fraction_q_positive=1.000000 sampling_entropy=6.236069 uniform_entropy=6.238325 entropy_gap=0.002256 max_probability_over_uniform=1.264015 min_probability_over_uniform=0.808999
RG_SCORE round=200 layer=features.30 mean_q=0.166534 max_q=0.209724 fraction_q_positive=1.000000 sampling_entropy=6.235580 uniform_entropy=6.238325 entropy_gap=0.002745 max_probability_over_uniform=1.194513 min_probability_over_uniform=0.739436
RG_SCORE round=200 layer=features.34 mean_q=0.300012 max_q=0.443569 fraction_q_positive=1.000000 sampling_entropy=6.222044 uniform_entropy=6.238325 entropy_gap=0.016280 max_probability_over_uniform=1.358876 min_probability_over_uniform=0.259150
RG_SCORE round=200 layer=features.37 mean_q=0.247266 max_q=0.433336 fraction_q_positive=0.998047 sampling_entropy=6.209422 uniform_entropy=6.238325 entropy_gap=0.028902 max_probability_over_uniform=1.564384 min_probability_over_uniform=0.250000
RG_SCORE round=200 layer=features.40 mean_q=0.119183 max_q=0.359349 fraction_q_positive=0.945312 sampling_entropy=6.122578 uniform_entropy=6.238325 entropy_gap=0.115746 max_probability_over_uniform=2.511319 min_probability_over_uniform=0.250000
ROUND_ACCURACY method=FedPhoenixRG-RCC round=200 accuracy=58.480000
********************************************************************************
Round 200
ROUND_ACCURACY method=FedPhoenixRG-RCC round=201 accuracy=69.180000
********************************************************************************
Round 201
ROUND_ACCURACY method=FedPhoenixRG-RCC round=202 accuracy=72.540001
********************************************************************************
Round 202
ROUND_ACCURACY method=FedPhoenixRG-RCC round=203 accuracy=62.540001
********************************************************************************
Round 203
ROUND_ACCURACY method=FedPhoenixRG-RCC round=204 accuracy=72.500000
********************************************************************************
Round 204
ROUND_ACCURACY method=FedPhoenixRG-RCC round=205 accuracy=71.279999
********************************************************************************
Round 205
ROUND_ACCURACY method=FedPhoenixRG-RCC round=206 accuracy=74.419998
********************************************************************************
Round 206
ROUND_ACCURACY method=FedPhoenixRG-RCC round=207 accuracy=74.550003
********************************************************************************
Round 207
ROUND_ACCURACY method=FedPhoenixRG-RCC round=208 accuracy=72.360001
********************************************************************************
Round 208
ROUND_ACCURACY method=FedPhoenixRG-RCC round=209 accuracy=72.599998
********************************************************************************
Round 209
ROUND_ACCURACY method=FedPhoenixRG-RCC round=210 accuracy=73.790001
********************************************************************************
Round 210
ROUND_ACCURACY method=FedPhoenixRG-RCC round=211 accuracy=67.150002
********************************************************************************
Round 211
ROUND_ACCURACY method=FedPhoenixRG-RCC round=212 accuracy=77.250000
********************************************************************************
Round 212
ROUND_ACCURACY method=FedPhoenixRG-RCC round=213 accuracy=72.870003
********************************************************************************
Round 213
ROUND_ACCURACY method=FedPhoenixRG-RCC round=214 accuracy=74.699997
********************************************************************************
Round 214
ROUND_ACCURACY method=FedPhoenixRG-RCC round=215 accuracy=73.680000
********************************************************************************
Round 215
ROUND_ACCURACY method=FedPhoenixRG-RCC round=216 accuracy=73.099998
********************************************************************************
Round 216
ROUND_ACCURACY method=FedPhoenixRG-RCC round=217 accuracy=64.260002
********************************************************************************
Round 217
ROUND_ACCURACY method=FedPhoenixRG-RCC round=218 accuracy=78.400002
********************************************************************************
Round 218
ROUND_ACCURACY method=FedPhoenixRG-RCC round=219 accuracy=70.410004
********************************************************************************
Round 219
RG_SCORE round=220 layer=features.0 mean_q=0.152731 max_q=0.364560 fraction_q_positive=0.921875 sampling_entropy=4.038704 uniform_entropy=4.158883 entropy_gap=0.120179 max_probability_over_uniform=2.040206 min_probability_over_uniform=0.250000
RG_SCORE round=220 layer=features.3 mean_q=0.179605 max_q=0.233043 fraction_q_positive=1.000000 sampling_entropy=4.154712 uniform_entropy=4.158883 entropy_gap=0.004171 max_probability_over_uniform=1.223144 min_probability_over_uniform=0.824140
RG_SCORE round=220 layer=features.7 mean_q=0.188889 max_q=0.250337 fraction_q_positive=1.000000 sampling_entropy=4.848288 uniform_entropy=4.852030 entropy_gap=0.003742 max_probability_over_uniform=1.243986 min_probability_over_uniform=0.840610
RG_SCORE round=220 layer=features.10 mean_q=0.167583 max_q=0.199542 fraction_q_positive=1.000000 sampling_entropy=4.850426 uniform_entropy=4.852030 entropy_gap=0.001604 max_probability_over_uniform=1.143032 min_probability_over_uniform=0.880525
RG_SCORE round=220 layer=features.14 mean_q=0.180029 max_q=0.229001 fraction_q_positive=1.000000 sampling_entropy=5.542397 uniform_entropy=5.545177 entropy_gap=0.002780 max_probability_over_uniform=1.204015 min_probability_over_uniform=0.802811
RG_SCORE round=220 layer=features.17 mean_q=0.171376 max_q=0.226361 fraction_q_positive=1.000000 sampling_entropy=5.542694 uniform_entropy=5.545177 entropy_gap=0.002484 max_probability_over_uniform=1.240632 min_probability_over_uniform=0.848460
RG_SCORE round=220 layer=features.20 mean_q=0.170779 max_q=0.201892 fraction_q_positive=1.000000 sampling_entropy=5.543985 uniform_entropy=5.545177 entropy_gap=0.001192 max_probability_over_uniform=1.136634 min_probability_over_uniform=0.864461
RG_SCORE round=220 layer=features.24 mean_q=0.188481 max_q=0.241412 fraction_q_positive=1.000000 sampling_entropy=6.235962 uniform_entropy=6.238325 entropy_gap=0.002362 max_probability_over_uniform=1.210622 min_probability_over_uniform=0.707510
RG_SCORE round=220 layer=features.27 mean_q=0.178867 max_q=0.243200 fraction_q_positive=1.000000 sampling_entropy=6.235342 uniform_entropy=6.238325 entropy_gap=0.002983 max_probability_over_uniform=1.269755 min_probability_over_uniform=0.785052
RG_SCORE round=220 layer=features.30 mean_q=0.157622 max_q=0.212920 fraction_q_positive=1.000000 sampling_entropy=6.234165 uniform_entropy=6.238325 entropy_gap=0.004159 max_probability_over_uniform=1.263122 min_probability_over_uniform=0.650389
RG_SCORE round=220 layer=features.34 mean_q=0.279096 max_q=0.442941 fraction_q_positive=0.988281 sampling_entropy=6.210248 uniform_entropy=6.238325 entropy_gap=0.028077 max_probability_over_uniform=1.440292 min_probability_over_uniform=0.250000
RG_SCORE round=220 layer=features.37 mean_q=0.247781 max_q=0.496020 fraction_q_positive=0.988281 sampling_entropy=6.195321 uniform_entropy=6.238325 entropy_gap=0.043003 max_probability_over_uniform=1.751388 min_probability_over_uniform=0.250000
RG_SCORE round=220 layer=features.40 mean_q=0.131281 max_q=0.473376 fraction_q_positive=0.878906 sampling_entropy=6.077896 uniform_entropy=6.238325 entropy_gap=0.160429 max_probability_over_uniform=2.954372 min_probability_over_uniform=0.250000
ROUND_ACCURACY method=FedPhoenixRG-RCC round=220 accuracy=73.800003
********************************************************************************
Round 220
ROUND_ACCURACY method=FedPhoenixRG-RCC round=221 accuracy=70.570000
********************************************************************************
Round 221
ROUND_ACCURACY method=FedPhoenixRG-RCC round=222 accuracy=69.150002
********************************************************************************
Round 222
ROUND_ACCURACY method=FedPhoenixRG-RCC round=223 accuracy=73.410004
********************************************************************************
Round 223
ROUND_ACCURACY method=FedPhoenixRG-RCC round=224 accuracy=75.910004
********************************************************************************
Round 224
ROUND_ACCURACY method=FedPhoenixRG-RCC round=225 accuracy=62.230000
********************************************************************************
Round 225
ROUND_ACCURACY method=FedPhoenixRG-RCC round=226 accuracy=64.110001
********************************************************************************
Round 226
ROUND_ACCURACY method=FedPhoenixRG-RCC round=227 accuracy=73.699997
********************************************************************************
Round 227
ROUND_ACCURACY method=FedPhoenixRG-RCC round=228 accuracy=70.279999
********************************************************************************
Round 228
ROUND_ACCURACY method=FedPhoenixRG-RCC round=229 accuracy=73.910004
********************************************************************************
Round 229
ROUND_ACCURACY method=FedPhoenixRG-RCC round=230 accuracy=77.720001
********************************************************************************
Round 230
ROUND_ACCURACY method=FedPhoenixRG-RCC round=231 accuracy=73.269997
********************************************************************************
Round 231
ROUND_ACCURACY method=FedPhoenixRG-RCC round=232 accuracy=77.959999
********************************************************************************
Round 232
ROUND_ACCURACY method=FedPhoenixRG-RCC round=233 accuracy=72.459999
********************************************************************************
Round 233
ROUND_ACCURACY method=FedPhoenixRG-RCC round=234 accuracy=66.559998
********************************************************************************
Round 234
ROUND_ACCURACY method=FedPhoenixRG-RCC round=235 accuracy=62.860001
********************************************************************************
Round 235
ROUND_ACCURACY method=FedPhoenixRG-RCC round=236 accuracy=77.139999
********************************************************************************
Round 236
ROUND_ACCURACY method=FedPhoenixRG-RCC round=237 accuracy=69.930000
********************************************************************************
Round 237
ROUND_ACCURACY method=FedPhoenixRG-RCC round=238 accuracy=68.589996
********************************************************************************
Round 238
ROUND_ACCURACY method=FedPhoenixRG-RCC round=239 accuracy=74.139999
********************************************************************************
Round 239
RG_SCORE round=240 layer=features.0 mean_q=0.143276 max_q=0.328459 fraction_q_positive=0.890625 sampling_entropy=4.056926 uniform_entropy=4.158883 entropy_gap=0.101957 max_probability_over_uniform=1.969372 min_probability_over_uniform=0.250000
RG_SCORE round=240 layer=features.3 mean_q=0.139868 max_q=0.218023 fraction_q_positive=1.000000 sampling_entropy=4.145558 uniform_entropy=4.158883 entropy_gap=0.013325 max_probability_over_uniform=1.419080 min_probability_over_uniform=0.585181
RG_SCORE round=240 layer=features.7 mean_q=0.157957 max_q=0.214994 fraction_q_positive=1.000000 sampling_entropy=4.846798 uniform_entropy=4.852030 entropy_gap=0.005232 max_probability_over_uniform=1.270817 min_probability_over_uniform=0.766065
RG_SCORE round=240 layer=features.10 mean_q=0.150613 max_q=0.183220 fraction_q_positive=1.000000 sampling_entropy=4.848677 uniform_entropy=4.852030 entropy_gap=0.003353 max_probability_over_uniform=1.162371 min_probability_over_uniform=0.715435
RG_SCORE round=240 layer=features.14 mean_q=0.158823 max_q=0.213349 fraction_q_positive=1.000000 sampling_entropy=5.541611 uniform_entropy=5.545177 entropy_gap=0.003567 max_probability_over_uniform=1.257486 min_probability_over_uniform=0.786792
RG_SCORE round=240 layer=features.17 mean_q=0.153904 max_q=0.203266 fraction_q_positive=1.000000 sampling_entropy=5.541881 uniform_entropy=5.545177 entropy_gap=0.003297 max_probability_over_uniform=1.240545 min_probability_over_uniform=0.795140
RG_SCORE round=240 layer=features.20 mean_q=0.153303 max_q=0.191193 fraction_q_positive=1.000000 sampling_entropy=5.542858 uniform_entropy=5.545177 entropy_gap=0.002320 max_probability_over_uniform=1.185372 min_probability_over_uniform=0.820247
RG_SCORE round=240 layer=features.24 mean_q=0.172619 max_q=0.243482 fraction_q_positive=1.000000 sampling_entropy=6.234127 uniform_entropy=6.238325 entropy_gap=0.004198 max_probability_over_uniform=1.307888 min_probability_over_uniform=0.560070
RG_SCORE round=240 layer=features.27 mean_q=0.168416 max_q=0.232461 fraction_q_positive=1.000000 sampling_entropy=6.233812 uniform_entropy=6.238325 entropy_gap=0.004513 max_probability_over_uniform=1.285206 min_probability_over_uniform=0.668697
RG_SCORE round=240 layer=features.30 mean_q=0.152806 max_q=0.205010 fraction_q_positive=1.000000 sampling_entropy=6.234092 uniform_entropy=6.238325 entropy_gap=0.004233 max_probability_over_uniform=1.256223 min_probability_over_uniform=0.562900
RG_SCORE round=240 layer=features.34 mean_q=0.289415 max_q=0.433097 fraction_q_positive=0.996094 sampling_entropy=6.216987 uniform_entropy=6.238325 entropy_gap=0.021337 max_probability_over_uniform=1.372342 min_probability_over_uniform=0.250000
RG_SCORE round=240 layer=features.37 mean_q=0.267888 max_q=0.461757 fraction_q_positive=0.984375 sampling_entropy=6.197209 uniform_entropy=6.238325 entropy_gap=0.041116 max_probability_over_uniform=1.542773 min_probability_over_uniform=0.250000
RG_SCORE round=240 layer=features.40 mean_q=0.152396 max_q=0.492490 fraction_q_positive=0.904297 sampling_entropy=6.101624 uniform_entropy=6.238325 entropy_gap=0.136701 max_probability_over_uniform=2.673729 min_probability_over_uniform=0.250000
ROUND_ACCURACY method=FedPhoenixRG-RCC round=240 accuracy=65.419998
********************************************************************************
Round 240
ROUND_ACCURACY method=FedPhoenixRG-RCC round=241 accuracy=74.480003
********************************************************************************
Round 241
ROUND_ACCURACY method=FedPhoenixRG-RCC round=242 accuracy=74.580002
********************************************************************************
Round 242
ROUND_ACCURACY method=FedPhoenixRG-RCC round=243 accuracy=72.820000
********************************************************************************
Round 243
ROUND_ACCURACY method=FedPhoenixRG-RCC round=244 accuracy=72.629997
********************************************************************************
Round 244
ROUND_ACCURACY method=FedPhoenixRG-RCC round=245 accuracy=75.180000
********************************************************************************
Round 245
ROUND_ACCURACY method=FedPhoenixRG-RCC round=246 accuracy=74.089996
********************************************************************************
Round 246
ROUND_ACCURACY method=FedPhoenixRG-RCC round=247 accuracy=55.590000
********************************************************************************
Round 247
ROUND_ACCURACY method=FedPhoenixRG-RCC round=248 accuracy=73.610001
********************************************************************************
Round 248
ROUND_ACCURACY method=FedPhoenixRG-RCC round=249 accuracy=69.320000
********************************************************************************
Round 249
ROUND_ACCURACY method=FedPhoenixRG-RCC round=250 accuracy=72.000000
********************************************************************************
Round 250
ROUND_ACCURACY method=FedPhoenixRG-RCC round=251 accuracy=76.800003
********************************************************************************
Round 251
ROUND_ACCURACY method=FedPhoenixRG-RCC round=252 accuracy=73.070000
********************************************************************************
Round 252
ROUND_ACCURACY method=FedPhoenixRG-RCC round=253 accuracy=69.910004
********************************************************************************
Round 253
ROUND_ACCURACY method=FedPhoenixRG-RCC round=254 accuracy=67.989998
********************************************************************************
Round 254
ROUND_ACCURACY method=FedPhoenixRG-RCC round=255 accuracy=77.739998
********************************************************************************
Round 255
ROUND_ACCURACY method=FedPhoenixRG-RCC round=256 accuracy=72.239998
********************************************************************************
Round 256
ROUND_ACCURACY method=FedPhoenixRG-RCC round=257 accuracy=76.059998
********************************************************************************
Round 257
ROUND_ACCURACY method=FedPhoenixRG-RCC round=258 accuracy=73.989998
********************************************************************************
Round 258
ROUND_ACCURACY method=FedPhoenixRG-RCC round=259 accuracy=76.940002
********************************************************************************
Round 259
RG_SCORE round=260 layer=features.0 mean_q=0.161914 max_q=0.388355 fraction_q_positive=0.968750 sampling_entropy=4.065353 uniform_entropy=4.158883 entropy_gap=0.093530 max_probability_over_uniform=2.048898 min_probability_over_uniform=0.250000
RG_SCORE round=260 layer=features.3 mean_q=0.176242 max_q=0.233412 fraction_q_positive=1.000000 sampling_entropy=4.153997 uniform_entropy=4.158883 entropy_gap=0.004886 max_probability_over_uniform=1.243291 min_probability_over_uniform=0.798204
RG_SCORE round=260 layer=features.7 mean_q=0.188251 max_q=0.235899 fraction_q_positive=1.000000 sampling_entropy=4.849073 uniform_entropy=4.852030 entropy_gap=0.002958 max_probability_over_uniform=1.189834 min_probability_over_uniform=0.829418
RG_SCORE round=260 layer=features.10 mean_q=0.174909 max_q=0.212808 fraction_q_positive=1.000000 sampling_entropy=4.850223 uniform_entropy=4.852030 entropy_gap=0.001807 max_probability_over_uniform=1.162509 min_probability_over_uniform=0.831824
RG_SCORE round=260 layer=features.14 mean_q=0.174977 max_q=0.218645 fraction_q_positive=1.000000 sampling_entropy=5.542572 uniform_entropy=5.545177 entropy_gap=0.002605 max_probability_over_uniform=1.187174 min_probability_over_uniform=0.830842
RG_SCORE round=260 layer=features.17 mean_q=0.169215 max_q=0.213411 fraction_q_positive=1.000000 sampling_entropy=5.542933 uniform_entropy=5.545177 entropy_gap=0.002245 max_probability_over_uniform=1.195888 min_probability_over_uniform=0.851789
RG_SCORE round=260 layer=features.20 mean_q=0.168755 max_q=0.203098 fraction_q_positive=1.000000 sampling_entropy=5.543663 uniform_entropy=5.545177 entropy_gap=0.001514 max_probability_over_uniform=1.152630 min_probability_over_uniform=0.820081
RG_SCORE round=260 layer=features.24 mean_q=0.189144 max_q=0.241873 fraction_q_positive=1.000000 sampling_entropy=6.236246 uniform_entropy=6.238325 entropy_gap=0.002079 max_probability_over_uniform=1.209081 min_probability_over_uniform=0.795964
RG_SCORE round=260 layer=features.27 mean_q=0.186079 max_q=0.240883 fraction_q_positive=1.000000 sampling_entropy=6.235780 uniform_entropy=6.238325 entropy_gap=0.002545 max_probability_over_uniform=1.220887 min_probability_over_uniform=0.788697
RG_SCORE round=260 layer=features.30 mean_q=0.169383 max_q=0.220985 fraction_q_positive=1.000000 sampling_entropy=6.235309 uniform_entropy=6.238325 entropy_gap=0.003015 max_probability_over_uniform=1.228484 min_probability_over_uniform=0.752701
RG_SCORE round=260 layer=features.34 mean_q=0.343256 max_q=0.442054 fraction_q_positive=1.000000 sampling_entropy=6.234677 uniform_entropy=6.238325 entropy_gap=0.003648 max_probability_over_uniform=1.215870 min_probability_over_uniform=0.712224
RG_SCORE round=260 layer=features.37 mean_q=0.403916 max_q=0.553822 fraction_q_positive=1.000000 sampling_entropy=6.234360 uniform_entropy=6.238325 entropy_gap=0.003964 max_probability_over_uniform=1.278347 min_probability_over_uniform=0.525192
RG_SCORE round=260 layer=features.40 mean_q=0.323678 max_q=0.577851 fraction_q_positive=0.994141 sampling_entropy=6.199828 uniform_entropy=6.238325 entropy_gap=0.038497 max_probability_over_uniform=1.588949 min_probability_over_uniform=0.250000
ROUND_ACCURACY method=FedPhoenixRG-RCC round=260 accuracy=75.779999
********************************************************************************
Round 260
ROUND_ACCURACY method=FedPhoenixRG-RCC round=261 accuracy=77.550003
********************************************************************************
Round 261
ROUND_ACCURACY method=FedPhoenixRG-RCC round=262 accuracy=76.220001
********************************************************************************
Round 262
ROUND_ACCURACY method=FedPhoenixRG-RCC round=263 accuracy=68.459999
********************************************************************************
Round 263
ROUND_ACCURACY method=FedPhoenixRG-RCC round=264 accuracy=71.089996
********************************************************************************
Round 264
ROUND_ACCURACY method=FedPhoenixRG-RCC round=265 accuracy=74.169998
********************************************************************************
Round 265
ROUND_ACCURACY method=FedPhoenixRG-RCC round=266 accuracy=75.650002
********************************************************************************
Round 266
ROUND_ACCURACY method=FedPhoenixRG-RCC round=267 accuracy=72.440002
********************************************************************************
Round 267
ROUND_ACCURACY method=FedPhoenixRG-RCC round=268 accuracy=54.700001
********************************************************************************
Round 268
ROUND_ACCURACY method=FedPhoenixRG-RCC round=269 accuracy=73.699997
********************************************************************************
Round 269
ROUND_ACCURACY method=FedPhoenixRG-RCC round=270 accuracy=68.820000
********************************************************************************
Round 270
ROUND_ACCURACY method=FedPhoenixRG-RCC round=271 accuracy=69.790001
********************************************************************************
Round 271
ROUND_ACCURACY method=FedPhoenixRG-RCC round=272 accuracy=63.320000
********************************************************************************
Round 272
ROUND_ACCURACY method=FedPhoenixRG-RCC round=273 accuracy=69.699997
********************************************************************************
Round 273
ROUND_ACCURACY method=FedPhoenixRG-RCC round=274 accuracy=55.529999
********************************************************************************
Round 274
ROUND_ACCURACY method=FedPhoenixRG-RCC round=275 accuracy=76.660004
********************************************************************************
Round 275
ROUND_ACCURACY method=FedPhoenixRG-RCC round=276 accuracy=67.500000
********************************************************************************
Round 276
ROUND_ACCURACY method=FedPhoenixRG-RCC round=277 accuracy=77.010002
********************************************************************************
Round 277
ROUND_ACCURACY method=FedPhoenixRG-RCC round=278 accuracy=72.150002
********************************************************************************
Round 278
ROUND_ACCURACY method=FedPhoenixRG-RCC round=279 accuracy=77.050003
********************************************************************************
Round 279
RG_SCORE round=280 layer=features.0 mean_q=0.132122 max_q=0.279091 fraction_q_positive=0.984375 sampling_entropy=4.077909 uniform_entropy=4.158883 entropy_gap=0.080974 max_probability_over_uniform=1.834276 min_probability_over_uniform=0.250000
RG_SCORE round=280 layer=features.3 mean_q=0.154343 max_q=0.202527 fraction_q_positive=1.000000 sampling_entropy=4.153920 uniform_entropy=4.158883 entropy_gap=0.004963 max_probability_over_uniform=1.234139 min_probability_over_uniform=0.778090
RG_SCORE round=280 layer=features.7 mean_q=0.160748 max_q=0.234363 fraction_q_positive=1.000000 sampling_entropy=4.847513 uniform_entropy=4.852030 entropy_gap=0.004517 max_probability_over_uniform=1.343464 min_probability_over_uniform=0.708392
RG_SCORE round=280 layer=features.10 mean_q=0.155722 max_q=0.191441 fraction_q_positive=1.000000 sampling_entropy=4.849848 uniform_entropy=4.852030 entropy_gap=0.002182 max_probability_over_uniform=1.172035 min_probability_over_uniform=0.827214
RG_SCORE round=280 layer=features.14 mean_q=0.158418 max_q=0.209663 fraction_q_positive=1.000000 sampling_entropy=5.542708 uniform_entropy=5.545177 entropy_gap=0.002469 max_probability_over_uniform=1.242609 min_probability_over_uniform=0.770103
RG_SCORE round=280 layer=features.17 mean_q=0.149150 max_q=0.190054 fraction_q_positive=1.000000 sampling_entropy=5.542316 uniform_entropy=5.545177 entropy_gap=0.002862 max_probability_over_uniform=1.205681 min_probability_over_uniform=0.825555
RG_SCORE round=280 layer=features.20 mean_q=0.147902 max_q=0.179424 fraction_q_positive=1.000000 sampling_entropy=5.543182 uniform_entropy=5.545177 entropy_gap=0.001996 max_probability_over_uniform=1.159849 min_probability_over_uniform=0.773014
RG_SCORE round=280 layer=features.24 mean_q=0.165448 max_q=0.224079 fraction_q_positive=1.000000 sampling_entropy=6.234422 uniform_entropy=6.238325 entropy_gap=0.003902 max_probability_over_uniform=1.265783 min_probability_over_uniform=0.659775
RG_SCORE round=280 layer=features.27 mean_q=0.154960 max_q=0.224376 fraction_q_positive=1.000000 sampling_entropy=6.234120 uniform_entropy=6.238325 entropy_gap=0.004204 max_probability_over_uniform=1.335974 min_probability_over_uniform=0.626612
RG_SCORE round=280 layer=features.30 mean_q=0.134085 max_q=0.208124 fraction_q_positive=1.000000 sampling_entropy=6.232364 uniform_entropy=6.238325 entropy_gap=0.005961 max_probability_over_uniform=1.414132 min_probability_over_uniform=0.611393
RG_SCORE round=280 layer=features.34 mean_q=0.227864 max_q=0.358369 fraction_q_positive=1.000000 sampling_entropy=6.213117 uniform_entropy=6.238325 entropy_gap=0.025208 max_probability_over_uniform=1.429551 min_probability_over_uniform=0.253935
RG_SCORE round=280 layer=features.37 mean_q=0.191291 max_q=0.406144 fraction_q_positive=0.998047 sampling_entropy=6.196311 uniform_entropy=6.238325 entropy_gap=0.042014 max_probability_over_uniform=1.842385 min_probability_over_uniform=0.250000
RG_SCORE round=280 layer=features.40 mean_q=0.117080 max_q=0.374625 fraction_q_positive=0.974609 sampling_entropy=6.141423 uniform_entropy=6.238325 entropy_gap=0.096902 max_probability_over_uniform=2.649806 min_probability_over_uniform=0.250000
ROUND_ACCURACY method=FedPhoenixRG-RCC round=280 accuracy=76.040001
********************************************************************************
Round 280
ROUND_ACCURACY method=FedPhoenixRG-RCC round=281 accuracy=69.070000
********************************************************************************
Round 281
ROUND_ACCURACY method=FedPhoenixRG-RCC round=282 accuracy=61.919998
********************************************************************************
Round 282
ROUND_ACCURACY method=FedPhoenixRG-RCC round=283 accuracy=74.599998
********************************************************************************
Round 283
ROUND_ACCURACY method=FedPhoenixRG-RCC round=284 accuracy=72.110001
********************************************************************************
Round 284
ROUND_ACCURACY method=FedPhoenixRG-RCC round=285 accuracy=68.519997
********************************************************************************
Round 285
ROUND_ACCURACY method=FedPhoenixRG-RCC round=286 accuracy=47.299999
********************************************************************************
Round 286
ROUND_ACCURACY method=FedPhoenixRG-RCC round=287 accuracy=70.269997
********************************************************************************
Round 287
ROUND_ACCURACY method=FedPhoenixRG-RCC round=288 accuracy=69.449997
********************************************************************************
Round 288
ROUND_ACCURACY method=FedPhoenixRG-RCC round=289 accuracy=74.779999
********************************************************************************
Round 289
ROUND_ACCURACY method=FedPhoenixRG-RCC round=290 accuracy=76.889999
********************************************************************************
Round 290
ROUND_ACCURACY method=FedPhoenixRG-RCC round=291 accuracy=75.000000
********************************************************************************
Round 291
ROUND_ACCURACY method=FedPhoenixRG-RCC round=292 accuracy=71.919998
********************************************************************************
Round 292
ROUND_ACCURACY method=FedPhoenixRG-RCC round=293 accuracy=73.940002
********************************************************************************
Round 293
ROUND_ACCURACY method=FedPhoenixRG-RCC round=294 accuracy=74.110001
********************************************************************************
Round 294
ROUND_ACCURACY method=FedPhoenixRG-RCC round=295 accuracy=69.279999
********************************************************************************
Round 295
ROUND_ACCURACY method=FedPhoenixRG-RCC round=296 accuracy=73.279999
********************************************************************************
Round 296
ROUND_ACCURACY method=FedPhoenixRG-RCC round=297 accuracy=76.279999
********************************************************************************
Round 297
ROUND_ACCURACY method=FedPhoenixRG-RCC round=298 accuracy=67.660004
********************************************************************************
Round 298
ROUND_ACCURACY method=FedPhoenixRG-RCC round=299 accuracy=72.519997
********************************************************************************
Round 299
RG_SCORE round=300 layer=features.0 mean_q=0.088736 max_q=0.341910 fraction_q_positive=0.687500 sampling_entropy=3.876992 uniform_entropy=4.158883 entropy_gap=0.281891 max_probability_over_uniform=3.139846 min_probability_over_uniform=0.250000
RG_SCORE round=300 layer=features.3 mean_q=0.123739 max_q=0.255139 fraction_q_positive=0.937500 sampling_entropy=4.087184 uniform_entropy=4.158883 entropy_gap=0.071699 max_probability_over_uniform=1.796433 min_probability_over_uniform=0.250000
RG_SCORE round=300 layer=features.7 mean_q=0.125858 max_q=0.220257 fraction_q_positive=1.000000 sampling_entropy=4.818046 uniform_entropy=4.852030 entropy_gap=0.033984 max_probability_over_uniform=1.562534 min_probability_over_uniform=0.316874
RG_SCORE round=300 layer=features.10 mean_q=0.124498 max_q=0.165582 fraction_q_positive=1.000000 sampling_entropy=4.843387 uniform_entropy=4.852030 entropy_gap=0.008644 max_probability_over_uniform=1.247502 min_probability_over_uniform=0.585912
RG_SCORE round=300 layer=features.14 mean_q=0.120701 max_q=0.183851 fraction_q_positive=1.000000 sampling_entropy=5.534589 uniform_entropy=5.545177 entropy_gap=0.010588 max_probability_over_uniform=1.392395 min_probability_over_uniform=0.521628
RG_SCORE round=300 layer=features.17 mean_q=0.118742 max_q=0.168327 fraction_q_positive=1.000000 sampling_entropy=5.536902 uniform_entropy=5.545177 entropy_gap=0.008275 max_probability_over_uniform=1.313189 min_probability_over_uniform=0.675493
RG_SCORE round=300 layer=features.20 mean_q=0.119077 max_q=0.167683 fraction_q_positive=1.000000 sampling_entropy=5.538261 uniform_entropy=5.545177 entropy_gap=0.006917 max_probability_over_uniform=1.306146 min_probability_over_uniform=0.561112
RG_SCORE round=300 layer=features.24 mean_q=0.138882 max_q=0.211212 fraction_q_positive=1.000000 sampling_entropy=6.229452 uniform_entropy=6.238325 entropy_gap=0.008873 max_probability_over_uniform=1.390600 min_probability_over_uniform=0.520351
RG_SCORE round=300 layer=features.27 mean_q=0.136946 max_q=0.212763 fraction_q_positive=1.000000 sampling_entropy=6.229425 uniform_entropy=6.238325 entropy_gap=0.008900 max_probability_over_uniform=1.415217 min_probability_over_uniform=0.528090
RG_SCORE round=300 layer=features.30 mean_q=0.121660 max_q=0.176569 fraction_q_positive=1.000000 sampling_entropy=6.228284 uniform_entropy=6.238325 entropy_gap=0.010040 max_probability_over_uniform=1.338498 min_probability_over_uniform=0.473516
RG_SCORE round=300 layer=features.34 mean_q=0.231486 max_q=0.391967 fraction_q_positive=0.996094 sampling_entropy=6.209335 uniform_entropy=6.238325 entropy_gap=0.028990 max_probability_over_uniform=1.519949 min_probability_over_uniform=0.250000
RG_SCORE round=300 layer=features.37 mean_q=0.229600 max_q=0.404809 fraction_q_positive=0.996094 sampling_entropy=6.199738 uniform_entropy=6.238325 entropy_gap=0.038587 max_probability_over_uniform=1.572330 min_probability_over_uniform=0.250000
RG_SCORE round=300 layer=features.40 mean_q=0.129135 max_q=0.375806 fraction_q_positive=0.960938 sampling_entropy=6.139860 uniform_entropy=6.238325 entropy_gap=0.098465 max_probability_over_uniform=2.432639 min_probability_over_uniform=0.250000
ROUND_ACCURACY method=FedPhoenixRG-RCC round=300 accuracy=74.029999
********************************************************************************
Round 300
ROUND_ACCURACY method=FedPhoenixRG-RCC round=301 accuracy=77.610001
********************************************************************************
Round 301
ROUND_ACCURACY method=FedPhoenixRG-RCC round=302 accuracy=66.769997
********************************************************************************
Round 302
ROUND_ACCURACY method=FedPhoenixRG-RCC round=303 accuracy=76.199997
********************************************************************************
Round 303
ROUND_ACCURACY method=FedPhoenixRG-RCC round=304 accuracy=72.220001
********************************************************************************
Round 304
ROUND_ACCURACY method=FedPhoenixRG-RCC round=305 accuracy=76.330002
********************************************************************************
Round 305
ROUND_ACCURACY method=FedPhoenixRG-RCC round=306 accuracy=73.180000
********************************************************************************
Round 306
ROUND_ACCURACY method=FedPhoenixRG-RCC round=307 accuracy=71.669998
********************************************************************************
Round 307
ROUND_ACCURACY method=FedPhoenixRG-RCC round=308 accuracy=73.629997
********************************************************************************
Round 308
ROUND_ACCURACY method=FedPhoenixRG-RCC round=309 accuracy=74.489998
********************************************************************************
Round 309
ROUND_ACCURACY method=FedPhoenixRG-RCC round=310 accuracy=76.489998
********************************************************************************
Round 310
ROUND_ACCURACY method=FedPhoenixRG-RCC round=311 accuracy=75.730003
********************************************************************************
Round 311
ROUND_ACCURACY method=FedPhoenixRG-RCC round=312 accuracy=76.489998
********************************************************************************
Round 312
ROUND_ACCURACY method=FedPhoenixRG-RCC round=313 accuracy=74.500000
********************************************************************************
Round 313
ROUND_ACCURACY method=FedPhoenixRG-RCC round=314 accuracy=75.800003
********************************************************************************
Round 314
ROUND_ACCURACY method=FedPhoenixRG-RCC round=315 accuracy=73.500000
********************************************************************************
Round 315
ROUND_ACCURACY method=FedPhoenixRG-RCC round=316 accuracy=75.500000
********************************************************************************
Round 316
ROUND_ACCURACY method=FedPhoenixRG-RCC round=317 accuracy=70.269997
********************************************************************************
Round 317
ROUND_ACCURACY method=FedPhoenixRG-RCC round=318 accuracy=67.330002
********************************************************************************
Round 318
ROUND_ACCURACY method=FedPhoenixRG-RCC round=319 accuracy=69.629997
********************************************************************************
Round 319
RG_SCORE round=320 layer=features.0 mean_q=0.123751 max_q=0.324708 fraction_q_positive=0.906250 sampling_entropy=4.045394 uniform_entropy=4.158883 entropy_gap=0.113489 max_probability_over_uniform=2.217906 min_probability_over_uniform=0.250000
RG_SCORE round=320 layer=features.3 mean_q=0.148476 max_q=0.188187 fraction_q_positive=1.000000 sampling_entropy=4.153074 uniform_entropy=4.158883 entropy_gap=0.005809 max_probability_over_uniform=1.200596 min_probability_over_uniform=0.734108
RG_SCORE round=320 layer=features.7 mean_q=0.156114 max_q=0.222687 fraction_q_positive=1.000000 sampling_entropy=4.845132 uniform_entropy=4.852030 entropy_gap=0.006898 max_probability_over_uniform=1.319826 min_probability_over_uniform=0.502756
RG_SCORE round=320 layer=features.10 mean_q=0.145725 max_q=0.176153 fraction_q_positive=1.000000 sampling_entropy=4.849636 uniform_entropy=4.852030 entropy_gap=0.002394 max_probability_over_uniform=1.156603 min_probability_over_uniform=0.810411
RG_SCORE round=320 layer=features.14 mean_q=0.145311 max_q=0.202795 fraction_q_positive=1.000000 sampling_entropy=5.542060 uniform_entropy=5.545177 entropy_gap=0.003117 max_probability_over_uniform=1.296699 min_probability_over_uniform=0.822988
RG_SCORE round=320 layer=features.17 mean_q=0.135202 max_q=0.181448 fraction_q_positive=1.000000 sampling_entropy=5.540972 uniform_entropy=5.545177 entropy_gap=0.004206 max_probability_over_uniform=1.256541 min_probability_over_uniform=0.769897
RG_SCORE round=320 layer=features.20 mean_q=0.132953 max_q=0.179478 fraction_q_positive=1.000000 sampling_entropy=5.541803 uniform_entropy=5.545177 entropy_gap=0.003375 max_probability_over_uniform=1.262447 min_probability_over_uniform=0.764848
RG_SCORE round=320 layer=features.24 mean_q=0.147934 max_q=0.210199 fraction_q_positive=1.000000 sampling_entropy=6.232070 uniform_entropy=6.238325 entropy_gap=0.006254 max_probability_over_uniform=1.315670 min_probability_over_uniform=0.697861
RG_SCORE round=320 layer=features.27 mean_q=0.143687 max_q=0.212877 fraction_q_positive=1.000000 sampling_entropy=6.231244 uniform_entropy=6.238325 entropy_gap=0.007081 max_probability_over_uniform=1.361150 min_probability_over_uniform=0.664072
RG_SCORE round=320 layer=features.30 mean_q=0.129865 max_q=0.175849 fraction_q_positive=1.000000 sampling_entropy=6.231094 uniform_entropy=6.238325 entropy_gap=0.007231 max_probability_over_uniform=1.265569 min_probability_over_uniform=0.560262
RG_SCORE round=320 layer=features.34 mean_q=0.261536 max_q=0.405139 fraction_q_positive=0.990234 sampling_entropy=6.213596 uniform_entropy=6.238325 entropy_gap=0.024728 max_probability_over_uniform=1.411806 min_probability_over_uniform=0.250000
RG_SCORE round=320 layer=features.37 mean_q=0.245736 max_q=0.461854 fraction_q_positive=0.982422 sampling_entropy=6.192019 uniform_entropy=6.238325 entropy_gap=0.046306 max_probability_over_uniform=1.659606 min_probability_over_uniform=0.250000
RG_SCORE round=320 layer=features.40 mean_q=0.141866 max_q=0.430821 fraction_q_positive=0.892578 sampling_entropy=6.092901 uniform_entropy=6.238325 entropy_gap=0.145423 max_probability_over_uniform=2.527604 min_probability_over_uniform=0.250000
ROUND_ACCURACY method=FedPhoenixRG-RCC round=320 accuracy=74.089996
********************************************************************************
Round 320
ROUND_ACCURACY method=FedPhoenixRG-RCC round=321 accuracy=68.349998
********************************************************************************
Round 321
ROUND_ACCURACY method=FedPhoenixRG-RCC round=322 accuracy=76.230003
********************************************************************************
Round 322
ROUND_ACCURACY method=FedPhoenixRG-RCC round=323 accuracy=75.040001
********************************************************************************
Round 323
ROUND_ACCURACY method=FedPhoenixRG-RCC round=324 accuracy=69.059998
********************************************************************************
Round 324
ROUND_ACCURACY method=FedPhoenixRG-RCC round=325 accuracy=75.099998
********************************************************************************
Round 325
ROUND_ACCURACY method=FedPhoenixRG-RCC round=326 accuracy=71.970001
********************************************************************************
Round 326
ROUND_ACCURACY method=FedPhoenixRG-RCC round=327 accuracy=76.309998
********************************************************************************
Round 327
ROUND_ACCURACY method=FedPhoenixRG-RCC round=328 accuracy=75.070000
********************************************************************************
Round 328
ROUND_ACCURACY method=FedPhoenixRG-RCC round=329 accuracy=78.559998
********************************************************************************
Round 329
ROUND_ACCURACY method=FedPhoenixRG-RCC round=330 accuracy=75.110001
********************************************************************************
Round 330
ROUND_ACCURACY method=FedPhoenixRG-RCC round=331 accuracy=71.480003
********************************************************************************
Round 331
ROUND_ACCURACY method=FedPhoenixRG-RCC round=332 accuracy=73.320000
********************************************************************************
Round 332
ROUND_ACCURACY method=FedPhoenixRG-RCC round=333 accuracy=76.040001
********************************************************************************
Round 333
ROUND_ACCURACY method=FedPhoenixRG-RCC round=334 accuracy=76.110001
********************************************************************************
Round 334
ROUND_ACCURACY method=FedPhoenixRG-RCC round=335 accuracy=78.080002
********************************************************************************
Round 335
ROUND_ACCURACY method=FedPhoenixRG-RCC round=336 accuracy=75.830002
********************************************************************************
Round 336
ROUND_ACCURACY method=FedPhoenixRG-RCC round=337 accuracy=73.419998
********************************************************************************
Round 337
ROUND_ACCURACY method=FedPhoenixRG-RCC round=338 accuracy=79.339996
********************************************************************************
Round 338
ROUND_ACCURACY method=FedPhoenixRG-RCC round=339 accuracy=70.760002
********************************************************************************
Round 339
RG_SCORE round=340 layer=features.0 mean_q=0.132611 max_q=0.376836 fraction_q_positive=0.953125 sampling_entropy=4.072953 uniform_entropy=4.158883 entropy_gap=0.085930 max_probability_over_uniform=2.381242 min_probability_over_uniform=0.250000
RG_SCORE round=340 layer=features.3 mean_q=0.152958 max_q=0.203962 fraction_q_positive=1.000000 sampling_entropy=4.150801 uniform_entropy=4.158883 entropy_gap=0.008082 max_probability_over_uniform=1.250088 min_probability_over_uniform=0.728669
RG_SCORE round=340 layer=features.7 mean_q=0.164221 max_q=0.216230 fraction_q_positive=1.000000 sampling_entropy=4.848693 uniform_entropy=4.852030 entropy_gap=0.003337 max_probability_over_uniform=1.237527 min_probability_over_uniform=0.843681
RG_SCORE round=340 layer=features.10 mean_q=0.155768 max_q=0.188163 fraction_q_positive=1.000000 sampling_entropy=4.850490 uniform_entropy=4.852030 entropy_gap=0.001541 max_probability_over_uniform=1.155980 min_probability_over_uniform=0.854258
RG_SCORE round=340 layer=features.14 mean_q=0.160472 max_q=0.202738 fraction_q_positive=1.000000 sampling_entropy=5.542336 uniform_entropy=5.545177 entropy_gap=0.002842 max_probability_over_uniform=1.197536 min_probability_over_uniform=0.786279
RG_SCORE round=340 layer=features.17 mean_q=0.148729 max_q=0.193417 fraction_q_positive=1.000000 sampling_entropy=5.541504 uniform_entropy=5.545177 entropy_gap=0.003674 max_probability_over_uniform=1.225350 min_probability_over_uniform=0.814001
RG_SCORE round=340 layer=features.20 mean_q=0.146757 max_q=0.182691 fraction_q_positive=1.000000 sampling_entropy=5.542808 uniform_entropy=5.545177 entropy_gap=0.002369 max_probability_over_uniform=1.183640 min_probability_over_uniform=0.824802
RG_SCORE round=340 layer=features.24 mean_q=0.159823 max_q=0.208606 fraction_q_positive=1.000000 sampling_entropy=6.233586 uniform_entropy=6.238325 entropy_gap=0.004739 max_probability_over_uniform=1.228924 min_probability_over_uniform=0.645110
RG_SCORE round=340 layer=features.27 mean_q=0.152683 max_q=0.214171 fraction_q_positive=1.000000 sampling_entropy=6.230591 uniform_entropy=6.238325 entropy_gap=0.007733 max_probability_over_uniform=1.302036 min_probability_over_uniform=0.513816
RG_SCORE round=340 layer=features.30 mean_q=0.128852 max_q=0.183716 fraction_q_positive=1.000000 sampling_entropy=6.228616 uniform_entropy=6.238325 entropy_gap=0.009709 max_probability_over_uniform=1.319348 min_probability_over_uniform=0.540134
RG_SCORE round=340 layer=features.34 mean_q=0.225563 max_q=0.385998 fraction_q_positive=0.994141 sampling_entropy=6.198994 uniform_entropy=6.238325 entropy_gap=0.039330 max_probability_over_uniform=1.533447 min_probability_over_uniform=0.250000
RG_SCORE round=340 layer=features.37 mean_q=0.220853 max_q=0.390430 fraction_q_positive=0.998047 sampling_entropy=6.200850 uniform_entropy=6.238325 entropy_gap=0.037474 max_probability_over_uniform=1.575869 min_probability_over_uniform=0.250000
RG_SCORE round=340 layer=features.40 mean_q=0.142628 max_q=0.446662 fraction_q_positive=0.984375 sampling_entropy=6.159262 uniform_entropy=6.238325 entropy_gap=0.079063 max_probability_over_uniform=2.598744 min_probability_over_uniform=0.250000
ROUND_ACCURACY method=FedPhoenixRG-RCC round=340 accuracy=76.650002
********************************************************************************
Round 340
ROUND_ACCURACY method=FedPhoenixRG-RCC round=341 accuracy=72.360001
********************************************************************************
Round 341
ROUND_ACCURACY method=FedPhoenixRG-RCC round=342 accuracy=77.190002
********************************************************************************
Round 342
ROUND_ACCURACY method=FedPhoenixRG-RCC round=343 accuracy=65.010002
********************************************************************************
Round 343
ROUND_ACCURACY method=FedPhoenixRG-RCC round=344 accuracy=73.779999
********************************************************************************
Round 344
ROUND_ACCURACY method=FedPhoenixRG-RCC round=345 accuracy=75.360001
********************************************************************************
Round 345
ROUND_ACCURACY method=FedPhoenixRG-RCC round=346 accuracy=78.540001
********************************************************************************
Round 346
ROUND_ACCURACY method=FedPhoenixRG-RCC round=347 accuracy=72.059998
********************************************************************************
Round 347
ROUND_ACCURACY method=FedPhoenixRG-RCC round=348 accuracy=67.790001
********************************************************************************
Round 348
ROUND_ACCURACY method=FedPhoenixRG-RCC round=349 accuracy=78.440002
********************************************************************************
Round 349
ROUND_ACCURACY method=FedPhoenixRG-RCC round=350 accuracy=76.059998
********************************************************************************
Round 350
ROUND_ACCURACY method=FedPhoenixRG-RCC round=351 accuracy=75.250000
********************************************************************************
Round 351
ROUND_ACCURACY method=FedPhoenixRG-RCC round=352 accuracy=78.019997
********************************************************************************
Round 352
ROUND_ACCURACY method=FedPhoenixRG-RCC round=353 accuracy=70.519997
********************************************************************************
Round 353
ROUND_ACCURACY method=FedPhoenixRG-RCC round=354 accuracy=70.000000
********************************************************************************
Round 354
ROUND_ACCURACY method=FedPhoenixRG-RCC round=355 accuracy=69.349998
********************************************************************************
Round 355
ROUND_ACCURACY method=FedPhoenixRG-RCC round=356 accuracy=62.540001
********************************************************************************
Round 356
ROUND_ACCURACY method=FedPhoenixRG-RCC round=357 accuracy=75.930000
********************************************************************************
Round 357
ROUND_ACCURACY method=FedPhoenixRG-RCC round=358 accuracy=77.510002
********************************************************************************
Round 358
ROUND_ACCURACY method=FedPhoenixRG-RCC round=359 accuracy=70.860001
********************************************************************************
Round 359
RG_SCORE round=360 layer=features.0 mean_q=0.130723 max_q=0.244507 fraction_q_positive=0.968750 sampling_entropy=4.090692 uniform_entropy=4.158883 entropy_gap=0.068191 max_probability_over_uniform=1.652820 min_probability_over_uniform=0.250000
RG_SCORE round=360 layer=features.3 mean_q=0.139888 max_q=0.174031 fraction_q_positive=1.000000 sampling_entropy=4.152340 uniform_entropy=4.158883 entropy_gap=0.006543 max_probability_over_uniform=1.183052 min_probability_over_uniform=0.647924
RG_SCORE round=360 layer=features.7 mean_q=0.151283 max_q=0.187106 fraction_q_positive=1.000000 sampling_entropy=4.849015 uniform_entropy=4.852030 entropy_gap=0.003015 max_probability_over_uniform=1.177599 min_probability_over_uniform=0.736080
RG_SCORE round=360 layer=features.10 mean_q=0.149276 max_q=0.182070 fraction_q_positive=1.000000 sampling_entropy=4.850164 uniform_entropy=4.852030 entropy_gap=0.001867 max_probability_over_uniform=1.164765 min_probability_over_uniform=0.875046
RG_SCORE round=360 layer=features.14 mean_q=0.150635 max_q=0.197751 fraction_q_positive=1.000000 sampling_entropy=5.542421 uniform_entropy=5.545177 entropy_gap=0.002757 max_probability_over_uniform=1.234584 min_probability_over_uniform=0.813440
RG_SCORE round=360 layer=features.17 mean_q=0.140600 max_q=0.187054 fraction_q_positive=1.000000 sampling_entropy=5.542227 uniform_entropy=5.545177 entropy_gap=0.002951 max_probability_over_uniform=1.247799 min_probability_over_uniform=0.826480
RG_SCORE round=360 layer=features.20 mean_q=0.139434 max_q=0.175213 fraction_q_positive=1.000000 sampling_entropy=5.543028 uniform_entropy=5.545177 entropy_gap=0.002149 max_probability_over_uniform=1.192451 min_probability_over_uniform=0.813714
RG_SCORE round=360 layer=features.24 mean_q=0.160000 max_q=0.211565 fraction_q_positive=1.000000 sampling_entropy=6.235805 uniform_entropy=6.238325 entropy_gap=0.002519 max_probability_over_uniform=1.241709 min_probability_over_uniform=0.789294
RG_SCORE round=360 layer=features.27 mean_q=0.162619 max_q=0.226922 fraction_q_positive=1.000000 sampling_entropy=6.235621 uniform_entropy=6.238325 entropy_gap=0.002704 max_probability_over_uniform=1.296569 min_probability_over_uniform=0.799981
RG_SCORE round=360 layer=features.30 mean_q=0.146954 max_q=0.192832 fraction_q_positive=1.000000 sampling_entropy=6.234644 uniform_entropy=6.238325 entropy_gap=0.003681 max_probability_over_uniform=1.234148 min_probability_over_uniform=0.709603
RG_SCORE round=360 layer=features.34 mean_q=0.326295 max_q=0.433336 fraction_q_positive=1.000000 sampling_entropy=6.232608 uniform_entropy=6.238325 entropy_gap=0.005717 max_probability_over_uniform=1.246037 min_probability_over_uniform=0.370393
RG_SCORE round=360 layer=features.37 mean_q=0.361051 max_q=0.533195 fraction_q_positive=1.000000 sampling_entropy=6.232779 uniform_entropy=6.238325 entropy_gap=0.005545 max_probability_over_uniform=1.357591 min_probability_over_uniform=0.569685
RG_SCORE round=360 layer=features.40 mean_q=0.265484 max_q=0.502706 fraction_q_positive=0.998047 sampling_entropy=6.199740 uniform_entropy=6.238325 entropy_gap=0.038585 max_probability_over_uniform=1.670156 min_probability_over_uniform=0.250000
ROUND_ACCURACY method=FedPhoenixRG-RCC round=360 accuracy=72.519997
********************************************************************************
Round 360
ROUND_ACCURACY method=FedPhoenixRG-RCC round=361 accuracy=70.669998
********************************************************************************
Round 361
ROUND_ACCURACY method=FedPhoenixRG-RCC round=362 accuracy=68.160004
********************************************************************************
Round 362
ROUND_ACCURACY method=FedPhoenixRG-RCC round=363 accuracy=66.750000
********************************************************************************
Round 363
ROUND_ACCURACY method=FedPhoenixRG-RCC round=364 accuracy=65.830002
********************************************************************************
Round 364
ROUND_ACCURACY method=FedPhoenixRG-RCC round=365 accuracy=67.459999
********************************************************************************
Round 365
ROUND_ACCURACY method=FedPhoenixRG-RCC round=366 accuracy=73.989998
********************************************************************************
Round 366
ROUND_ACCURACY method=FedPhoenixRG-RCC round=367 accuracy=70.610001
********************************************************************************
Round 367
ROUND_ACCURACY method=FedPhoenixRG-RCC round=368 accuracy=71.000000
********************************************************************************
Round 368
ROUND_ACCURACY method=FedPhoenixRG-RCC round=369 accuracy=73.470001
********************************************************************************
Round 369
ROUND_ACCURACY method=FedPhoenixRG-RCC round=370 accuracy=68.610001
********************************************************************************
Round 370
ROUND_ACCURACY method=FedPhoenixRG-RCC round=371 accuracy=77.650002
********************************************************************************
Round 371
ROUND_ACCURACY method=FedPhoenixRG-RCC round=372 accuracy=68.040001
********************************************************************************
Round 372
ROUND_ACCURACY method=FedPhoenixRG-RCC round=373 accuracy=65.900002
********************************************************************************
Round 373
ROUND_ACCURACY method=FedPhoenixRG-RCC round=374 accuracy=76.089996
********************************************************************************
Round 374
ROUND_ACCURACY method=FedPhoenixRG-RCC round=375 accuracy=73.550003
********************************************************************************
Round 375
ROUND_ACCURACY method=FedPhoenixRG-RCC round=376 accuracy=77.080002
********************************************************************************
Round 376
ROUND_ACCURACY method=FedPhoenixRG-RCC round=377 accuracy=60.570000
********************************************************************************
Round 377
ROUND_ACCURACY method=FedPhoenixRG-RCC round=378 accuracy=73.500000
********************************************************************************
Round 378
ROUND_ACCURACY method=FedPhoenixRG-RCC round=379 accuracy=77.059998
********************************************************************************
Round 379
RG_SCORE round=380 layer=features.0 mean_q=0.147101 max_q=0.347794 fraction_q_positive=0.968750 sampling_entropy=4.076047 uniform_entropy=4.158883 entropy_gap=0.082836 max_probability_over_uniform=2.023243 min_probability_over_uniform=0.250000
RG_SCORE round=380 layer=features.3 mean_q=0.164345 max_q=0.226833 fraction_q_positive=1.000000 sampling_entropy=4.152815 uniform_entropy=4.158883 entropy_gap=0.006068 max_probability_over_uniform=1.285167 min_probability_over_uniform=0.631096
RG_SCORE round=380 layer=features.7 mean_q=0.170664 max_q=0.237228 fraction_q_positive=1.000000 sampling_entropy=4.848541 uniform_entropy=4.852030 entropy_gap=0.003489 max_probability_over_uniform=1.292522 min_probability_over_uniform=0.763525
RG_SCORE round=380 layer=features.10 mean_q=0.162901 max_q=0.193960 fraction_q_positive=1.000000 sampling_entropy=4.850591 uniform_entropy=4.852030 entropy_gap=0.001439 max_probability_over_uniform=1.142992 min_probability_over_uniform=0.859698
RG_SCORE round=380 layer=features.14 mean_q=0.165975 max_q=0.196282 fraction_q_positive=1.000000 sampling_entropy=5.543059 uniform_entropy=5.545177 entropy_gap=0.002118 max_probability_over_uniform=1.136950 min_probability_over_uniform=0.797971
RG_SCORE round=380 layer=features.17 mean_q=0.149799 max_q=0.221192 fraction_q_positive=1.000000 sampling_entropy=5.541854 uniform_entropy=5.545177 entropy_gap=0.003324 max_probability_over_uniform=1.357448 min_probability_over_uniform=0.806571
RG_SCORE round=380 layer=features.20 mean_q=0.146279 max_q=0.180033 fraction_q_positive=1.000000 sampling_entropy=5.543637 uniform_entropy=5.545177 entropy_gap=0.001541 max_probability_over_uniform=1.173065 min_probability_over_uniform=0.879625
RG_SCORE round=380 layer=features.24 mean_q=0.163206 max_q=0.214992 fraction_q_positive=1.000000 sampling_entropy=6.235547 uniform_entropy=6.238325 entropy_gap=0.002778 max_probability_over_uniform=1.237978 min_probability_over_uniform=0.778183
RG_SCORE round=380 layer=features.27 mean_q=0.160477 max_q=0.228727 fraction_q_positive=1.000000 sampling_entropy=6.235389 uniform_entropy=6.238325 entropy_gap=0.002936 max_probability_over_uniform=1.318968 min_probability_over_uniform=0.765488
RG_SCORE round=380 layer=features.30 mean_q=0.142916 max_q=0.186752 fraction_q_positive=1.000000 sampling_entropy=6.234942 uniform_entropy=6.238325 entropy_gap=0.003383 max_probability_over_uniform=1.230044 min_probability_over_uniform=0.733567
RG_SCORE round=380 layer=features.34 mean_q=0.297021 max_q=0.381381 fraction_q_positive=1.000000 sampling_entropy=6.233714 uniform_entropy=6.238325 entropy_gap=0.004610 max_probability_over_uniform=1.213015 min_probability_over_uniform=0.685852
RG_SCORE round=380 layer=features.37 mean_q=0.318651 max_q=0.455347 fraction_q_positive=1.000000 sampling_entropy=6.231887 uniform_entropy=6.238325 entropy_gap=0.006438 max_probability_over_uniform=1.321738 min_probability_over_uniform=0.485076
RG_SCORE round=380 layer=features.40 mean_q=0.248442 max_q=0.449986 fraction_q_positive=1.000000 sampling_entropy=6.200686 uniform_entropy=6.238325 entropy_gap=0.037638 max_probability_over_uniform=1.608425 min_probability_over_uniform=0.256298
ROUND_ACCURACY method=FedPhoenixRG-RCC round=380 accuracy=78.629997
********************************************************************************
Round 380
ROUND_ACCURACY method=FedPhoenixRG-RCC round=381 accuracy=69.230003
********************************************************************************
Round 381
ROUND_ACCURACY method=FedPhoenixRG-RCC round=382 accuracy=74.580002
********************************************************************************
Round 382
ROUND_ACCURACY method=FedPhoenixRG-RCC round=383 accuracy=61.090000
********************************************************************************
Round 383
ROUND_ACCURACY method=FedPhoenixRG-RCC round=384 accuracy=76.720001
********************************************************************************
Round 384
ROUND_ACCURACY method=FedPhoenixRG-RCC round=385 accuracy=73.720001
********************************************************************************
Round 385
ROUND_ACCURACY method=FedPhoenixRG-RCC round=386 accuracy=78.349998
********************************************************************************
Round 386
ROUND_ACCURACY method=FedPhoenixRG-RCC round=387 accuracy=78.389999
********************************************************************************
Round 387
ROUND_ACCURACY method=FedPhoenixRG-RCC round=388 accuracy=75.529999
********************************************************************************
Round 388
ROUND_ACCURACY method=FedPhoenixRG-RCC round=389 accuracy=76.870003
********************************************************************************
Round 389
ROUND_ACCURACY method=FedPhoenixRG-RCC round=390 accuracy=70.190002
********************************************************************************
Round 390
ROUND_ACCURACY method=FedPhoenixRG-RCC round=391 accuracy=70.080002
********************************************************************************
Round 391
ROUND_ACCURACY method=FedPhoenixRG-RCC round=392 accuracy=71.099998
********************************************************************************
Round 392
ROUND_ACCURACY method=FedPhoenixRG-RCC round=393 accuracy=75.599998
********************************************************************************
Round 393
ROUND_ACCURACY method=FedPhoenixRG-RCC round=394 accuracy=71.680000
********************************************************************************
Round 394
ROUND_ACCURACY method=FedPhoenixRG-RCC round=395 accuracy=70.000000
********************************************************************************
Round 395
ROUND_ACCURACY method=FedPhoenixRG-RCC round=396 accuracy=68.230003
********************************************************************************
Round 396
ROUND_ACCURACY method=FedPhoenixRG-RCC round=397 accuracy=78.629997
********************************************************************************
Round 397
ROUND_ACCURACY method=FedPhoenixRG-RCC round=398 accuracy=74.080002
********************************************************************************
Round 398
ROUND_ACCURACY method=FedPhoenixRG-RCC round=399 accuracy=72.129997
********************************************************************************
Round 399
RG_SCORE round=400 layer=features.0 mean_q=0.107693 max_q=0.303865 fraction_q_positive=0.921875 sampling_entropy=4.042986 uniform_entropy=4.158883 entropy_gap=0.115897 max_probability_over_uniform=2.366193 min_probability_over_uniform=0.250000
RG_SCORE round=400 layer=features.3 mean_q=0.137062 max_q=0.187284 fraction_q_positive=1.000000 sampling_entropy=4.151322 uniform_entropy=4.158883 entropy_gap=0.007561 max_probability_over_uniform=1.274815 min_probability_over_uniform=0.668709
RG_SCORE round=400 layer=features.7 mean_q=0.141552 max_q=0.184447 fraction_q_positive=1.000000 sampling_entropy=4.847245 uniform_entropy=4.852030 entropy_gap=0.004785 max_probability_over_uniform=1.227276 min_probability_over_uniform=0.743939
RG_SCORE round=400 layer=features.10 mean_q=0.137223 max_q=0.168146 fraction_q_positive=1.000000 sampling_entropy=4.849876 uniform_entropy=4.852030 entropy_gap=0.002154 max_probability_over_uniform=1.169014 min_probability_over_uniform=0.822569
RG_SCORE round=400 layer=features.14 mean_q=0.138293 max_q=0.193075 fraction_q_positive=1.000000 sampling_entropy=5.541392 uniform_entropy=5.545177 entropy_gap=0.003786 max_probability_over_uniform=1.297098 min_probability_over_uniform=0.702884
RG_SCORE round=400 layer=features.17 mean_q=0.133675 max_q=0.179128 fraction_q_positive=1.000000 sampling_entropy=5.541411 uniform_entropy=5.545177 entropy_gap=0.003766 max_probability_over_uniform=1.255020 min_probability_over_uniform=0.790614
RG_SCORE round=400 layer=features.20 mean_q=0.125882 max_q=0.160011 fraction_q_positive=1.000000 sampling_entropy=5.542624 uniform_entropy=5.545177 entropy_gap=0.002553 max_probability_over_uniform=1.203337 min_probability_over_uniform=0.815751
RG_SCORE round=400 layer=features.24 mean_q=0.143916 max_q=0.189666 fraction_q_positive=1.000000 sampling_entropy=6.234631 uniform_entropy=6.238325 entropy_gap=0.003694 max_probability_over_uniform=1.238417 min_probability_over_uniform=0.708640
RG_SCORE round=400 layer=features.27 mean_q=0.148251 max_q=0.202997 fraction_q_positive=1.000000 sampling_entropy=6.234133 uniform_entropy=6.238325 entropy_gap=0.004191 max_probability_over_uniform=1.276956 min_probability_over_uniform=0.707615
RG_SCORE round=400 layer=features.30 mean_q=0.132742 max_q=0.176447 fraction_q_positive=1.000000 sampling_entropy=6.234463 uniform_entropy=6.238325 entropy_gap=0.003862 max_probability_over_uniform=1.246937 min_probability_over_uniform=0.762193
RG_SCORE round=400 layer=features.34 mean_q=0.277524 max_q=0.401114 fraction_q_positive=1.000000 sampling_entropy=6.228850 uniform_entropy=6.238325 entropy_gap=0.009475 max_probability_over_uniform=1.333999 min_probability_over_uniform=0.487544
RG_SCORE round=400 layer=features.37 mean_q=0.308007 max_q=0.474082 fraction_q_positive=1.000000 sampling_entropy=6.230602 uniform_entropy=6.238325 entropy_gap=0.007722 max_probability_over_uniform=1.404394 min_probability_over_uniform=0.681858
RG_SCORE round=400 layer=features.40 mean_q=0.234524 max_q=0.441953 fraction_q_positive=1.000000 sampling_entropy=6.204180 uniform_entropy=6.238325 entropy_gap=0.034144 max_probability_over_uniform=1.663351 min_probability_over_uniform=0.333387
ROUND_ACCURACY method=FedPhoenixRG-RCC round=400 accuracy=74.389999
********************************************************************************
Round 400
ROUND_ACCURACY method=FedPhoenixRG-RCC round=401 accuracy=77.430000
********************************************************************************
Round 401
ROUND_ACCURACY method=FedPhoenixRG-RCC round=402 accuracy=66.110001
********************************************************************************
Round 402
ROUND_ACCURACY method=FedPhoenixRG-RCC round=403 accuracy=67.709999
********************************************************************************
Round 403
ROUND_ACCURACY method=FedPhoenixRG-RCC round=404 accuracy=72.860001
********************************************************************************
Round 404
ROUND_ACCURACY method=FedPhoenixRG-RCC round=405 accuracy=74.180000
********************************************************************************
Round 405
ROUND_ACCURACY method=FedPhoenixRG-RCC round=406 accuracy=76.779999
********************************************************************************
Round 406
ROUND_ACCURACY method=FedPhoenixRG-RCC round=407 accuracy=73.279999
********************************************************************************
Round 407
ROUND_ACCURACY method=FedPhoenixRG-RCC round=408 accuracy=75.180000
********************************************************************************
Round 408
ROUND_ACCURACY method=FedPhoenixRG-RCC round=409 accuracy=77.570000
********************************************************************************
Round 409
ROUND_ACCURACY method=FedPhoenixRG-RCC round=410 accuracy=67.660004
********************************************************************************
Round 410
ROUND_ACCURACY method=FedPhoenixRG-RCC round=411 accuracy=63.259998
********************************************************************************
Round 411
ROUND_ACCURACY method=FedPhoenixRG-RCC round=412 accuracy=66.000000
********************************************************************************
Round 412
ROUND_ACCURACY method=FedPhoenixRG-RCC round=413 accuracy=75.349998
********************************************************************************
Round 413
ROUND_ACCURACY method=FedPhoenixRG-RCC round=414 accuracy=76.360001
********************************************************************************
Round 414
ROUND_ACCURACY method=FedPhoenixRG-RCC round=415 accuracy=79.680000
********************************************************************************
Round 415
ROUND_ACCURACY method=FedPhoenixRG-RCC round=416 accuracy=72.059998
********************************************************************************
Round 416
ROUND_ACCURACY method=FedPhoenixRG-RCC round=417 accuracy=78.330002
********************************************************************************
Round 417
ROUND_ACCURACY method=FedPhoenixRG-RCC round=418 accuracy=70.430000
********************************************************************************
Round 418
ROUND_ACCURACY method=FedPhoenixRG-RCC round=419 accuracy=71.230003
********************************************************************************
Round 419
RG_SCORE round=420 layer=features.0 mean_q=0.095873 max_q=0.321430 fraction_q_positive=0.843750 sampling_entropy=3.994539 uniform_entropy=4.158883 entropy_gap=0.164344 max_probability_over_uniform=2.764484 min_probability_over_uniform=0.250000
RG_SCORE round=420 layer=features.3 mean_q=0.107764 max_q=0.199428 fraction_q_positive=1.000000 sampling_entropy=4.125701 uniform_entropy=4.158883 entropy_gap=0.033182 max_probability_over_uniform=1.637953 min_probability_over_uniform=0.532523
RG_SCORE round=420 layer=features.7 mean_q=0.112005 max_q=0.217015 fraction_q_positive=1.000000 sampling_entropy=4.823825 uniform_entropy=4.852030 entropy_gap=0.028205 max_probability_over_uniform=1.703161 min_probability_over_uniform=0.362875
RG_SCORE round=420 layer=features.10 mean_q=0.113604 max_q=0.163262 fraction_q_positive=1.000000 sampling_entropy=4.843044 uniform_entropy=4.852030 entropy_gap=0.008987 max_probability_over_uniform=1.327835 min_probability_over_uniform=0.649948
RG_SCORE round=420 layer=features.14 mean_q=0.114881 max_q=0.172662 fraction_q_positive=1.000000 sampling_entropy=5.535115 uniform_entropy=5.545177 entropy_gap=0.010062 max_probability_over_uniform=1.377225 min_probability_over_uniform=0.617949
RG_SCORE round=420 layer=features.17 mean_q=0.115331 max_q=0.182934 fraction_q_positive=1.000000 sampling_entropy=5.534144 uniform_entropy=5.545177 entropy_gap=0.011033 max_probability_over_uniform=1.439625 min_probability_over_uniform=0.660302
RG_SCORE round=420 layer=features.20 mean_q=0.106330 max_q=0.152223 fraction_q_positive=1.000000 sampling_entropy=5.534546 uniform_entropy=5.545177 entropy_gap=0.010631 max_probability_over_uniform=1.323706 min_probability_over_uniform=0.583979
RG_SCORE round=420 layer=features.24 mean_q=0.116841 max_q=0.193208 fraction_q_positive=1.000000 sampling_entropy=6.214673 uniform_entropy=6.238325 entropy_gap=0.023651 max_probability_over_uniform=1.490193 min_probability_over_uniform=0.361430
RG_SCORE round=420 layer=features.27 mean_q=0.111057 max_q=0.202650 fraction_q_positive=0.996094 sampling_entropy=6.208461 uniform_entropy=6.238325 entropy_gap=0.029863 max_probability_over_uniform=1.618554 min_probability_over_uniform=0.250000
RG_SCORE round=420 layer=features.30 mean_q=0.090066 max_q=0.193179 fraction_q_positive=0.982422 sampling_entropy=6.181533 uniform_entropy=6.238325 entropy_gap=0.056792 max_probability_over_uniform=1.858650 min_probability_over_uniform=0.250000
RG_SCORE round=420 layer=features.34 mean_q=0.210363 max_q=0.407389 fraction_q_positive=0.960938 sampling_entropy=6.169514 uniform_entropy=6.238325 entropy_gap=0.068811 max_probability_over_uniform=1.702448 min_probability_over_uniform=0.250000
RG_SCORE round=420 layer=features.37 mean_q=0.185396 max_q=0.395463 fraction_q_positive=0.974609 sampling_entropy=6.162970 uniform_entropy=6.238325 entropy_gap=0.075355 max_probability_over_uniform=1.849801 min_probability_over_uniform=0.250000
RG_SCORE round=420 layer=features.40 mean_q=0.126801 max_q=0.384183 fraction_q_positive=0.859375 sampling_entropy=6.079162 uniform_entropy=6.238325 entropy_gap=0.159163 max_probability_over_uniform=2.522363 min_probability_over_uniform=0.250000
ROUND_ACCURACY method=FedPhoenixRG-RCC round=420 accuracy=78.559998
********************************************************************************
Round 420
ROUND_ACCURACY method=FedPhoenixRG-RCC round=421 accuracy=76.080002
********************************************************************************
Round 421
ROUND_ACCURACY method=FedPhoenixRG-RCC round=422 accuracy=71.440002
********************************************************************************
Round 422
ROUND_ACCURACY method=FedPhoenixRG-RCC round=423 accuracy=75.220001
********************************************************************************
Round 423
ROUND_ACCURACY method=FedPhoenixRG-RCC round=424 accuracy=75.230003
********************************************************************************
Round 424
ROUND_ACCURACY method=FedPhoenixRG-RCC round=425 accuracy=79.269997
********************************************************************************
Round 425
ROUND_ACCURACY method=FedPhoenixRG-RCC round=426 accuracy=66.160004
********************************************************************************
Round 426
ROUND_ACCURACY method=FedPhoenixRG-RCC round=427 accuracy=70.910004
********************************************************************************
Round 427
ROUND_ACCURACY method=FedPhoenixRG-RCC round=428 accuracy=71.529999
********************************************************************************
Round 428
ROUND_ACCURACY method=FedPhoenixRG-RCC round=429 accuracy=70.139999
********************************************************************************
Round 429
ROUND_ACCURACY method=FedPhoenixRG-RCC round=430 accuracy=76.150002
********************************************************************************
Round 430
ROUND_ACCURACY method=FedPhoenixRG-RCC round=431 accuracy=77.269997
********************************************************************************
Round 431
ROUND_ACCURACY method=FedPhoenixRG-RCC round=432 accuracy=76.779999
********************************************************************************
Round 432
ROUND_ACCURACY method=FedPhoenixRG-RCC round=433 accuracy=76.540001
********************************************************************************
Round 433
ROUND_ACCURACY method=FedPhoenixRG-RCC round=434 accuracy=80.110001
********************************************************************************
Round 434
ROUND_ACCURACY method=FedPhoenixRG-RCC round=435 accuracy=77.820000
********************************************************************************
Round 435
ROUND_ACCURACY method=FedPhoenixRG-RCC round=436 accuracy=72.470001
********************************************************************************
Round 436
ROUND_ACCURACY method=FedPhoenixRG-RCC round=437 accuracy=73.860001
********************************************************************************
Round 437
ROUND_ACCURACY method=FedPhoenixRG-RCC round=438 accuracy=74.339996
********************************************************************************
Round 438
ROUND_ACCURACY method=FedPhoenixRG-RCC round=439 accuracy=74.180000
********************************************************************************
Round 439
RG_SCORE round=440 layer=features.0 mean_q=0.125932 max_q=0.288984 fraction_q_positive=0.921875 sampling_entropy=4.050663 uniform_entropy=4.158883 entropy_gap=0.108220 max_probability_over_uniform=1.971076 min_probability_over_uniform=0.250000
RG_SCORE round=440 layer=features.3 mean_q=0.138855 max_q=0.199439 fraction_q_positive=1.000000 sampling_entropy=4.152558 uniform_entropy=4.158883 entropy_gap=0.006325 max_probability_over_uniform=1.327231 min_probability_over_uniform=0.741597
RG_SCORE round=440 layer=features.7 mean_q=0.146396 max_q=0.187554 fraction_q_positive=1.000000 sampling_entropy=4.848330 uniform_entropy=4.852030 entropy_gap=0.003700 max_probability_over_uniform=1.210861 min_probability_over_uniform=0.785421
RG_SCORE round=440 layer=features.10 mean_q=0.142263 max_q=0.172687 fraction_q_positive=1.000000 sampling_entropy=4.850259 uniform_entropy=4.852030 entropy_gap=0.001771 max_probability_over_uniform=1.160398 min_probability_over_uniform=0.850767
RG_SCORE round=440 layer=features.14 mean_q=0.146829 max_q=0.193197 fraction_q_positive=1.000000 sampling_entropy=5.542783 uniform_entropy=5.545177 entropy_gap=0.002395 max_probability_over_uniform=1.236846 min_probability_over_uniform=0.816375
RG_SCORE round=440 layer=features.17 mean_q=0.145732 max_q=0.197888 fraction_q_positive=1.000000 sampling_entropy=5.541560 uniform_entropy=5.545177 entropy_gap=0.003617 max_probability_over_uniform=1.268416 min_probability_over_uniform=0.771493
RG_SCORE round=440 layer=features.20 mean_q=0.129315 max_q=0.158149 fraction_q_positive=1.000000 sampling_entropy=5.543054 uniform_entropy=5.545177 entropy_gap=0.002124 max_probability_over_uniform=1.167231 min_probability_over_uniform=0.820355
RG_SCORE round=440 layer=features.24 mean_q=0.157163 max_q=0.213210 fraction_q_positive=1.000000 sampling_entropy=6.235369 uniform_entropy=6.238325 entropy_gap=0.002955 max_probability_over_uniform=1.267463 min_probability_over_uniform=0.792005
RG_SCORE round=440 layer=features.27 mean_q=0.167778 max_q=0.242527 fraction_q_positive=1.000000 sampling_entropy=6.234697 uniform_entropy=6.238325 entropy_gap=0.003627 max_probability_over_uniform=1.334140 min_probability_over_uniform=0.753999
RG_SCORE round=440 layer=features.30 mean_q=0.151557 max_q=0.202264 fraction_q_positive=1.000000 sampling_entropy=6.234565 uniform_entropy=6.238325 entropy_gap=0.003760 max_probability_over_uniform=1.250932 min_probability_over_uniform=0.703099
RG_SCORE round=440 layer=features.34 mean_q=0.346478 max_q=0.467003 fraction_q_positive=1.000000 sampling_entropy=6.234155 uniform_entropy=6.238325 entropy_gap=0.004170 max_probability_over_uniform=1.260892 min_probability_over_uniform=0.577243
RG_SCORE round=440 layer=features.37 mean_q=0.384037 max_q=0.528859 fraction_q_positive=1.000000 sampling_entropy=6.234311 uniform_entropy=6.238325 entropy_gap=0.004014 max_probability_over_uniform=1.282829 min_probability_over_uniform=0.698819
RG_SCORE round=440 layer=features.40 mean_q=0.315735 max_q=0.528672 fraction_q_positive=0.998047 sampling_entropy=6.207968 uniform_entropy=6.238325 entropy_gap=0.030356 max_probability_over_uniform=1.505812 min_probability_over_uniform=0.250000
ROUND_ACCURACY method=FedPhoenixRG-RCC round=440 accuracy=63.389999
********************************************************************************
Round 440
ROUND_ACCURACY method=FedPhoenixRG-RCC round=441 accuracy=77.070000
********************************************************************************
Round 441
ROUND_ACCURACY method=FedPhoenixRG-RCC round=442 accuracy=77.589996
********************************************************************************
Round 442
ROUND_ACCURACY method=FedPhoenixRG-RCC round=443 accuracy=74.260002
********************************************************************************
Round 443
ROUND_ACCURACY method=FedPhoenixRG-RCC round=444 accuracy=72.029999
********************************************************************************
Round 444
ROUND_ACCURACY method=FedPhoenixRG-RCC round=445 accuracy=75.480003
********************************************************************************
Round 445
ROUND_ACCURACY method=FedPhoenixRG-RCC round=446 accuracy=76.419998
********************************************************************************
Round 446
ROUND_ACCURACY method=FedPhoenixRG-RCC round=447 accuracy=75.650002
********************************************************************************
Round 447
ROUND_ACCURACY method=FedPhoenixRG-RCC round=448 accuracy=77.449997
********************************************************************************
Round 448
ROUND_ACCURACY method=FedPhoenixRG-RCC round=449 accuracy=67.910004
********************************************************************************
Round 449
ROUND_ACCURACY method=FedPhoenixRG-RCC round=450 accuracy=74.910004
********************************************************************************
Round 450
ROUND_ACCURACY method=FedPhoenixRG-RCC round=451 accuracy=66.750000
********************************************************************************
Round 451
ROUND_ACCURACY method=FedPhoenixRG-RCC round=452 accuracy=79.750000
********************************************************************************
Round 452
ROUND_ACCURACY method=FedPhoenixRG-RCC round=453 accuracy=76.510002
********************************************************************************
Round 453
ROUND_ACCURACY method=FedPhoenixRG-RCC round=454 accuracy=71.839996
********************************************************************************
Round 454
ROUND_ACCURACY method=FedPhoenixRG-RCC round=455 accuracy=77.550003
********************************************************************************
Round 455
ROUND_ACCURACY method=FedPhoenixRG-RCC round=456 accuracy=73.860001
********************************************************************************
Round 456
ROUND_ACCURACY method=FedPhoenixRG-RCC round=457 accuracy=76.610001
********************************************************************************
Round 457
ROUND_ACCURACY method=FedPhoenixRG-RCC round=458 accuracy=71.070000
********************************************************************************
Round 458
ROUND_ACCURACY method=FedPhoenixRG-RCC round=459 accuracy=79.070000
********************************************************************************
Round 459
RG_SCORE round=460 layer=features.0 mean_q=0.127848 max_q=0.284784 fraction_q_positive=0.906250 sampling_entropy=4.049507 uniform_entropy=4.158883 entropy_gap=0.109376 max_probability_over_uniform=1.920646 min_probability_over_uniform=0.250000
RG_SCORE round=460 layer=features.3 mean_q=0.157592 max_q=0.206492 fraction_q_positive=1.000000 sampling_entropy=4.154935 uniform_entropy=4.158883 entropy_gap=0.003948 max_probability_over_uniform=1.232718 min_probability_over_uniform=0.742139
RG_SCORE round=460 layer=features.7 mean_q=0.164479 max_q=0.206781 fraction_q_positive=1.000000 sampling_entropy=4.848865 uniform_entropy=4.852030 entropy_gap=0.003165 max_probability_over_uniform=1.192892 min_probability_over_uniform=0.725825
RG_SCORE round=460 layer=features.10 mean_q=0.156250 max_q=0.191929 fraction_q_positive=1.000000 sampling_entropy=4.850139 uniform_entropy=4.852030 entropy_gap=0.001892 max_probability_over_uniform=1.171261 min_probability_over_uniform=0.877470
RG_SCORE round=460 layer=features.14 mean_q=0.157014 max_q=0.210190 fraction_q_positive=1.000000 sampling_entropy=5.542463 uniform_entropy=5.545177 entropy_gap=0.002714 max_probability_over_uniform=1.254000 min_probability_over_uniform=0.799542
RG_SCORE round=460 layer=features.17 mean_q=0.155542 max_q=0.218800 fraction_q_positive=1.000000 sampling_entropy=5.541171 uniform_entropy=5.545177 entropy_gap=0.004006 max_probability_over_uniform=1.305023 min_probability_over_uniform=0.763045
RG_SCORE round=460 layer=features.20 mean_q=0.136836 max_q=0.172231 fraction_q_positive=1.000000 sampling_entropy=5.542505 uniform_entropy=5.545177 entropy_gap=0.002672 max_probability_over_uniform=1.194002 min_probability_over_uniform=0.838986
RG_SCORE round=460 layer=features.24 mean_q=0.161895 max_q=0.204102 fraction_q_positive=1.000000 sampling_entropy=6.235509 uniform_entropy=6.238325 entropy_gap=0.002815 max_probability_over_uniform=1.195531 min_probability_over_uniform=0.759397
RG_SCORE round=460 layer=features.27 mean_q=0.166011 max_q=0.216593 fraction_q_positive=1.000000 sampling_entropy=6.235241 uniform_entropy=6.238325 entropy_gap=0.003084 max_probability_over_uniform=1.228517 min_probability_over_uniform=0.783591
RG_SCORE round=460 layer=features.30 mean_q=0.149644 max_q=0.192126 fraction_q_positive=1.000000 sampling_entropy=6.235351 uniform_entropy=6.238325 entropy_gap=0.002973 max_probability_over_uniform=1.212916 min_probability_over_uniform=0.732880
RG_SCORE round=460 layer=features.34 mean_q=0.320409 max_q=0.410596 fraction_q_positive=1.000000 sampling_entropy=6.234252 uniform_entropy=6.238325 entropy_gap=0.004073 max_probability_over_uniform=1.211107 min_probability_over_uniform=0.569251
RG_SCORE round=460 layer=features.37 mean_q=0.344516 max_q=0.480609 fraction_q_positive=1.000000 sampling_entropy=6.234490 uniform_entropy=6.238325 entropy_gap=0.003835 max_probability_over_uniform=1.296269 min_probability_over_uniform=0.665259
RG_SCORE round=460 layer=features.40 mean_q=0.284821 max_q=0.488859 fraction_q_positive=1.000000 sampling_entropy=6.209189 uniform_entropy=6.238325 entropy_gap=0.029135 max_probability_over_uniform=1.537280 min_probability_over_uniform=0.285788
ROUND_ACCURACY method=FedPhoenixRG-RCC round=460 accuracy=70.279999
********************************************************************************
Round 460
ROUND_ACCURACY method=FedPhoenixRG-RCC round=461 accuracy=77.699997
********************************************************************************
Round 461
ROUND_ACCURACY method=FedPhoenixRG-RCC round=462 accuracy=77.989998
********************************************************************************
Round 462
ROUND_ACCURACY method=FedPhoenixRG-RCC round=463 accuracy=78.750000
********************************************************************************
Round 463
ROUND_ACCURACY method=FedPhoenixRG-RCC round=464 accuracy=73.230003
********************************************************************************
Round 464
ROUND_ACCURACY method=FedPhoenixRG-RCC round=465 accuracy=76.589996
********************************************************************************
Round 465
ROUND_ACCURACY method=FedPhoenixRG-RCC round=466 accuracy=77.589996
********************************************************************************
Round 466
ROUND_ACCURACY method=FedPhoenixRG-RCC round=467 accuracy=67.680000
********************************************************************************
Round 467
ROUND_ACCURACY method=FedPhoenixRG-RCC round=468 accuracy=75.970001
********************************************************************************
Round 468
ROUND_ACCURACY method=FedPhoenixRG-RCC round=469 accuracy=76.570000
********************************************************************************
Round 469
ROUND_ACCURACY method=FedPhoenixRG-RCC round=470 accuracy=67.589996
********************************************************************************
Round 470
ROUND_ACCURACY method=FedPhoenixRG-RCC round=471 accuracy=68.080002
********************************************************************************
Round 471
ROUND_ACCURACY method=FedPhoenixRG-RCC round=472 accuracy=79.410004
********************************************************************************
Round 472
ROUND_ACCURACY method=FedPhoenixRG-RCC round=473 accuracy=75.550003
********************************************************************************
Round 473
ROUND_ACCURACY method=FedPhoenixRG-RCC round=474 accuracy=76.629997
********************************************************************************
Round 474
ROUND_ACCURACY method=FedPhoenixRG-RCC round=475 accuracy=74.959999
********************************************************************************
Round 475
ROUND_ACCURACY method=FedPhoenixRG-RCC round=476 accuracy=73.680000
********************************************************************************
Round 476
ROUND_ACCURACY method=FedPhoenixRG-RCC round=477 accuracy=73.690002
********************************************************************************
Round 477
ROUND_ACCURACY method=FedPhoenixRG-RCC round=478 accuracy=69.510002
********************************************************************************
Round 478
ROUND_ACCURACY method=FedPhoenixRG-RCC round=479 accuracy=80.050003
********************************************************************************
Round 479
RG_SCORE round=480 layer=features.0 mean_q=0.128583 max_q=0.455185 fraction_q_positive=0.859375 sampling_entropy=3.962904 uniform_entropy=4.158883 entropy_gap=0.195979 max_probability_over_uniform=2.905014 min_probability_over_uniform=0.250000
RG_SCORE round=480 layer=features.3 mean_q=0.124462 max_q=0.213461 fraction_q_positive=1.000000 sampling_entropy=4.131094 uniform_entropy=4.158883 entropy_gap=0.027789 max_probability_over_uniform=1.536303 min_probability_over_uniform=0.488110
RG_SCORE round=480 layer=features.7 mean_q=0.118702 max_q=0.200389 fraction_q_positive=0.992188 sampling_entropy=4.827882 uniform_entropy=4.852030 entropy_gap=0.024148 max_probability_over_uniform=1.516124 min_probability_over_uniform=0.250000
RG_SCORE round=480 layer=features.10 mean_q=0.121451 max_q=0.172361 fraction_q_positive=1.000000 sampling_entropy=4.843939 uniform_entropy=4.852030 entropy_gap=0.008091 max_probability_over_uniform=1.314382 min_probability_over_uniform=0.633660
RG_SCORE round=480 layer=features.14 mean_q=0.125538 max_q=0.185356 fraction_q_positive=1.000000 sampling_entropy=5.537083 uniform_entropy=5.545177 entropy_gap=0.008094 max_probability_over_uniform=1.357369 min_probability_over_uniform=0.625352
RG_SCORE round=480 layer=features.17 mean_q=0.125775 max_q=0.188829 fraction_q_positive=1.000000 sampling_entropy=5.538607 uniform_entropy=5.545177 entropy_gap=0.006570 max_probability_over_uniform=1.375989 min_probability_over_uniform=0.663833
RG_SCORE round=480 layer=features.20 mean_q=0.118936 max_q=0.174227 fraction_q_positive=1.000000 sampling_entropy=5.540447 uniform_entropy=5.545177 entropy_gap=0.004731 max_probability_over_uniform=1.348661 min_probability_over_uniform=0.717358
RG_SCORE round=480 layer=features.24 mean_q=0.136320 max_q=0.194659 fraction_q_positive=1.000000 sampling_entropy=6.230592 uniform_entropy=6.238325 entropy_gap=0.007732 max_probability_over_uniform=1.320965 min_probability_over_uniform=0.474957
RG_SCORE round=480 layer=features.27 mean_q=0.140472 max_q=0.221279 fraction_q_positive=1.000000 sampling_entropy=6.229308 uniform_entropy=6.238325 entropy_gap=0.009016 max_probability_over_uniform=1.431440 min_probability_over_uniform=0.533582
RG_SCORE round=480 layer=features.30 mean_q=0.121252 max_q=0.184070 fraction_q_positive=1.000000 sampling_entropy=6.225577 uniform_entropy=6.238325 entropy_gap=0.012747 max_probability_over_uniform=1.388564 min_probability_over_uniform=0.424541
RG_SCORE round=480 layer=features.34 mean_q=0.262364 max_q=0.392019 fraction_q_positive=1.000000 sampling_entropy=6.226264 uniform_entropy=6.238325 entropy_gap=0.012060 max_probability_over_uniform=1.370634 min_probability_over_uniform=0.467542
RG_SCORE round=480 layer=features.37 mean_q=0.285374 max_q=0.415505 fraction_q_positive=1.000000 sampling_entropy=6.224117 uniform_entropy=6.238325 entropy_gap=0.014208 max_probability_over_uniform=1.342001 min_probability_over_uniform=0.400336
RG_SCORE round=480 layer=features.40 mean_q=0.228701 max_q=0.460619 fraction_q_positive=0.994141 sampling_entropy=6.189186 uniform_entropy=6.238325 entropy_gap=0.049138 max_probability_over_uniform=1.760554 min_probability_over_uniform=0.250000
ROUND_ACCURACY method=FedPhoenixRG-RCC round=480 accuracy=78.809998
********************************************************************************
Round 480
ROUND_ACCURACY method=FedPhoenixRG-RCC round=481 accuracy=76.209999
********************************************************************************
Round 481
ROUND_ACCURACY method=FedPhoenixRG-RCC round=482 accuracy=76.209999
********************************************************************************
Round 482
ROUND_ACCURACY method=FedPhoenixRG-RCC round=483 accuracy=77.629997
********************************************************************************
Round 483
ROUND_ACCURACY method=FedPhoenixRG-RCC round=484 accuracy=72.459999
********************************************************************************
Round 484
ROUND_ACCURACY method=FedPhoenixRG-RCC round=485 accuracy=75.680000
********************************************************************************
Round 485
ROUND_ACCURACY method=FedPhoenixRG-RCC round=486 accuracy=69.480003
********************************************************************************
Round 486
ROUND_ACCURACY method=FedPhoenixRG-RCC round=487 accuracy=76.400002
********************************************************************************
Round 487
ROUND_ACCURACY method=FedPhoenixRG-RCC round=488 accuracy=79.470001
********************************************************************************
Round 488
ROUND_ACCURACY method=FedPhoenixRG-RCC round=489 accuracy=80.209999
********************************************************************************
Round 489
ROUND_ACCURACY method=FedPhoenixRG-RCC round=490 accuracy=78.250000
********************************************************************************
Round 490
ROUND_ACCURACY method=FedPhoenixRG-RCC round=491 accuracy=65.860001
********************************************************************************
Round 491
ROUND_ACCURACY method=FedPhoenixRG-RCC round=492 accuracy=75.919998
********************************************************************************
Round 492
ROUND_ACCURACY method=FedPhoenixRG-RCC round=493 accuracy=77.510002
********************************************************************************
Round 493
ROUND_ACCURACY method=FedPhoenixRG-RCC round=494 accuracy=74.550003
********************************************************************************
Round 494
ROUND_ACCURACY method=FedPhoenixRG-RCC round=495 accuracy=73.339996
********************************************************************************
Round 495
ROUND_ACCURACY method=FedPhoenixRG-RCC round=496 accuracy=70.379997
********************************************************************************
Round 496
ROUND_ACCURACY method=FedPhoenixRG-RCC round=497 accuracy=76.830002
********************************************************************************
Round 497
ROUND_ACCURACY method=FedPhoenixRG-RCC round=498 accuracy=80.320000
********************************************************************************
Round 498
ROUND_ACCURACY method=FedPhoenixRG-RCC round=499 accuracy=66.989998
********************************************************************************
Round 499
RG_SCORE round=500 layer=features.0 mean_q=0.112640 max_q=0.360778 fraction_q_positive=0.906250 sampling_entropy=4.003148 uniform_entropy=4.158883 entropy_gap=0.155735 max_probability_over_uniform=2.652209 min_probability_over_uniform=0.250000
RG_SCORE round=500 layer=features.3 mean_q=0.075433 max_q=0.179784 fraction_q_positive=0.890625 sampling_entropy=4.031782 uniform_entropy=4.158883 entropy_gap=0.127101 max_probability_over_uniform=2.037520 min_probability_over_uniform=0.250000
RG_SCORE round=500 layer=features.7 mean_q=0.107226 max_q=0.198821 fraction_q_positive=1.000000 sampling_entropy=4.826520 uniform_entropy=4.852030 entropy_gap=0.025510 max_probability_over_uniform=1.640669 min_probability_over_uniform=0.325575
RG_SCORE round=500 layer=features.10 mean_q=0.109248 max_q=0.158062 fraction_q_positive=1.000000 sampling_entropy=4.842438 uniform_entropy=4.852030 entropy_gap=0.009592 max_probability_over_uniform=1.335119 min_probability_over_uniform=0.589979
RG_SCORE round=500 layer=features.14 mean_q=0.116419 max_q=0.175758 fraction_q_positive=1.000000 sampling_entropy=5.536302 uniform_entropy=5.545177 entropy_gap=0.008875 max_probability_over_uniform=1.382283 min_probability_over_uniform=0.553820
RG_SCORE round=500 layer=features.17 mean_q=0.112731 max_q=0.164661 fraction_q_positive=1.000000 sampling_entropy=5.536791 uniform_entropy=5.545177 entropy_gap=0.008387 max_probability_over_uniform=1.345492 min_probability_over_uniform=0.594971
RG_SCORE round=500 layer=features.20 mean_q=0.109320 max_q=0.151610 fraction_q_positive=1.000000 sampling_entropy=5.539476 uniform_entropy=5.545177 entropy_gap=0.005701 max_probability_over_uniform=1.290135 min_probability_over_uniform=0.614880
RG_SCORE round=500 layer=features.24 mean_q=0.119869 max_q=0.186197 fraction_q_positive=0.998047 sampling_entropy=6.224431 uniform_entropy=6.238325 entropy_gap=0.013893 max_probability_over_uniform=1.414998 min_probability_over_uniform=0.250000
RG_SCORE round=500 layer=features.27 mean_q=0.118848 max_q=0.208970 fraction_q_positive=1.000000 sampling_entropy=6.220852 uniform_entropy=6.238325 entropy_gap=0.017472 max_probability_over_uniform=1.568719 min_probability_over_uniform=0.413972
RG_SCORE round=500 layer=features.30 mean_q=0.105106 max_q=0.176309 fraction_q_positive=0.998047 sampling_entropy=6.222824 uniform_entropy=6.238325 entropy_gap=0.015501 max_probability_over_uniform=1.508077 min_probability_over_uniform=0.250000
RG_SCORE round=500 layer=features.34 mean_q=0.193587 max_q=0.339381 fraction_q_positive=0.992188 sampling_entropy=6.203841 uniform_entropy=6.238325 entropy_gap=0.034483 max_probability_over_uniform=1.564834 min_probability_over_uniform=0.250000
RG_SCORE round=500 layer=features.37 mean_q=0.172637 max_q=0.351703 fraction_q_positive=1.000000 sampling_entropy=6.192102 uniform_entropy=6.238325 entropy_gap=0.046222 max_probability_over_uniform=1.777934 min_probability_over_uniform=0.250012
RG_SCORE round=500 layer=features.40 mean_q=0.093399 max_q=0.307967 fraction_q_positive=0.935547 sampling_entropy=6.108268 uniform_entropy=6.238325 entropy_gap=0.130056 max_probability_over_uniform=2.722987 min_probability_over_uniform=0.250000
ROUND_ACCURACY method=FedPhoenixRG-RCC round=500 accuracy=79.529999
********************************************************************************
Round 500
ROUND_ACCURACY method=FedPhoenixRG-RCC round=501 accuracy=77.599998
********************************************************************************
Round 501
ROUND_ACCURACY method=FedPhoenixRG-RCC round=502 accuracy=72.480003
********************************************************************************
Round 502
ROUND_ACCURACY method=FedPhoenixRG-RCC round=503 accuracy=71.610001
********************************************************************************
Round 503
ROUND_ACCURACY method=FedPhoenixRG-RCC round=504 accuracy=77.070000
********************************************************************************
Round 504
ROUND_ACCURACY method=FedPhoenixRG-RCC round=505 accuracy=76.379997
********************************************************************************
Round 505
ROUND_ACCURACY method=FedPhoenixRG-RCC round=506 accuracy=67.180000
********************************************************************************
Round 506
ROUND_ACCURACY method=FedPhoenixRG-RCC round=507 accuracy=61.980000
********************************************************************************
Round 507
ROUND_ACCURACY method=FedPhoenixRG-RCC round=508 accuracy=73.610001
********************************************************************************
Round 508
ROUND_ACCURACY method=FedPhoenixRG-RCC round=509 accuracy=73.470001
********************************************************************************
Round 509
ROUND_ACCURACY method=FedPhoenixRG-RCC round=510 accuracy=71.029999
********************************************************************************
Round 510
ROUND_ACCURACY method=FedPhoenixRG-RCC round=511 accuracy=74.680000
********************************************************************************
Round 511
ROUND_ACCURACY method=FedPhoenixRG-RCC round=512 accuracy=69.449997
********************************************************************************
Round 512
ROUND_ACCURACY method=FedPhoenixRG-RCC round=513 accuracy=70.800003
********************************************************************************
Round 513
ROUND_ACCURACY method=FedPhoenixRG-RCC round=514 accuracy=72.169998
********************************************************************************
Round 514
ROUND_ACCURACY method=FedPhoenixRG-RCC round=515 accuracy=77.029999
********************************************************************************
Round 515
ROUND_ACCURACY method=FedPhoenixRG-RCC round=516 accuracy=78.839996
********************************************************************************
Round 516
ROUND_ACCURACY method=FedPhoenixRG-RCC round=517 accuracy=74.779999
********************************************************************************
Round 517
ROUND_ACCURACY method=FedPhoenixRG-RCC round=518 accuracy=72.709999
********************************************************************************
Round 518
ROUND_ACCURACY method=FedPhoenixRG-RCC round=519 accuracy=74.559998
********************************************************************************
Round 519
RG_SCORE round=520 layer=features.0 mean_q=0.098104 max_q=0.385419 fraction_q_positive=0.765625 sampling_entropy=3.908309 uniform_entropy=4.158883 entropy_gap=0.250574 max_probability_over_uniform=3.196497 min_probability_over_uniform=0.250000
RG_SCORE round=520 layer=features.3 mean_q=0.092828 max_q=0.187067 fraction_q_positive=1.000000 sampling_entropy=4.134586 uniform_entropy=4.158883 entropy_gap=0.024297 max_probability_over_uniform=1.761407 min_probability_over_uniform=0.534129
RG_SCORE round=520 layer=features.7 mean_q=0.103454 max_q=0.171325 fraction_q_positive=1.000000 sampling_entropy=4.839347 uniform_entropy=4.852030 entropy_gap=0.012683 max_probability_over_uniform=1.492040 min_probability_over_uniform=0.587748
RG_SCORE round=520 layer=features.10 mean_q=0.100361 max_q=0.139179 fraction_q_positive=1.000000 sampling_entropy=4.844812 uniform_entropy=4.852030 entropy_gap=0.007218 max_probability_over_uniform=1.290089 min_probability_over_uniform=0.737530
RG_SCORE round=520 layer=features.14 mean_q=0.101666 max_q=0.157596 fraction_q_positive=1.000000 sampling_entropy=5.535689 uniform_entropy=5.545177 entropy_gap=0.009488 max_probability_over_uniform=1.412598 min_probability_over_uniform=0.558898
RG_SCORE round=520 layer=features.17 mean_q=0.099669 max_q=0.157028 fraction_q_positive=1.000000 sampling_entropy=5.535637 uniform_entropy=5.545177 entropy_gap=0.009540 max_probability_over_uniform=1.431627 min_probability_over_uniform=0.616506
RG_SCORE round=520 layer=features.20 mean_q=0.092677 max_q=0.138715 fraction_q_positive=1.000000 sampling_entropy=5.536819 uniform_entropy=5.545177 entropy_gap=0.008359 max_probability_over_uniform=1.372568 min_probability_over_uniform=0.579550
RG_SCORE round=520 layer=features.24 mean_q=0.107185 max_q=0.176677 fraction_q_positive=1.000000 sampling_entropy=6.221737 uniform_entropy=6.238325 entropy_gap=0.016587 max_probability_over_uniform=1.486256 min_probability_over_uniform=0.450004
RG_SCORE round=520 layer=features.27 mean_q=0.117852 max_q=0.195648 fraction_q_positive=1.000000 sampling_entropy=6.223879 uniform_entropy=6.238325 entropy_gap=0.014446 max_probability_over_uniform=1.495094 min_probability_over_uniform=0.450445
RG_SCORE round=520 layer=features.30 mean_q=0.103383 max_q=0.175562 fraction_q_positive=1.000000 sampling_entropy=6.221367 uniform_entropy=6.238325 entropy_gap=0.016958 max_probability_over_uniform=1.523624 min_probability_over_uniform=0.455924
RG_SCORE round=520 layer=features.34 mean_q=0.216562 max_q=0.436852 fraction_q_positive=0.982422 sampling_entropy=6.199787 uniform_entropy=6.238325 entropy_gap=0.038537 max_probability_over_uniform=1.762911 min_probability_over_uniform=0.250000
RG_SCORE round=520 layer=features.37 mean_q=0.178846 max_q=0.380174 fraction_q_positive=0.984375 sampling_entropy=6.187753 uniform_entropy=6.238325 entropy_gap=0.050572 max_probability_over_uniform=1.844280 min_probability_over_uniform=0.250000
RG_SCORE round=520 layer=features.40 mean_q=0.121949 max_q=0.361615 fraction_q_positive=0.921875 sampling_entropy=6.108287 uniform_entropy=6.238325 entropy_gap=0.130037 max_probability_over_uniform=2.473984 min_probability_over_uniform=0.250000
ROUND_ACCURACY method=FedPhoenixRG-RCC round=520 accuracy=74.500000
********************************************************************************
Round 520
ROUND_ACCURACY method=FedPhoenixRG-RCC round=521 accuracy=76.330002
********************************************************************************
Round 521
ROUND_ACCURACY method=FedPhoenixRG-RCC round=522 accuracy=71.870003
********************************************************************************
Round 522
ROUND_ACCURACY method=FedPhoenixRG-RCC round=523 accuracy=47.639999
********************************************************************************
Round 523
ROUND_ACCURACY method=FedPhoenixRG-RCC round=524 accuracy=76.489998
********************************************************************************
Round 524
ROUND_ACCURACY method=FedPhoenixRG-RCC round=525 accuracy=72.169998
********************************************************************************
Round 525
ROUND_ACCURACY method=FedPhoenixRG-RCC round=526 accuracy=72.860001
********************************************************************************
Round 526
ROUND_ACCURACY method=FedPhoenixRG-RCC round=527 accuracy=74.639999
********************************************************************************
Round 527
ROUND_ACCURACY method=FedPhoenixRG-RCC round=528 accuracy=74.739998
********************************************************************************
Round 528
ROUND_ACCURACY method=FedPhoenixRG-RCC round=529 accuracy=79.519997
********************************************************************************
Round 529
ROUND_ACCURACY method=FedPhoenixRG-RCC round=530 accuracy=76.209999
********************************************************************************
Round 530
ROUND_ACCURACY method=FedPhoenixRG-RCC round=531 accuracy=63.980000
********************************************************************************
Round 531
ROUND_ACCURACY method=FedPhoenixRG-RCC round=532 accuracy=69.019997
********************************************************************************
Round 532
ROUND_ACCURACY method=FedPhoenixRG-RCC round=533 accuracy=67.070000
********************************************************************************
Round 533
ROUND_ACCURACY method=FedPhoenixRG-RCC round=534 accuracy=73.650002
********************************************************************************
Round 534
ROUND_ACCURACY method=FedPhoenixRG-RCC round=535 accuracy=74.339996
********************************************************************************
Round 535
ROUND_ACCURACY method=FedPhoenixRG-RCC round=536 accuracy=75.739998
********************************************************************************
Round 536
ROUND_ACCURACY method=FedPhoenixRG-RCC round=537 accuracy=75.830002
********************************************************************************
Round 537
ROUND_ACCURACY method=FedPhoenixRG-RCC round=538 accuracy=78.919998
********************************************************************************
Round 538
ROUND_ACCURACY method=FedPhoenixRG-RCC round=539 accuracy=79.059998
********************************************************************************
Round 539
RG_SCORE round=540 layer=features.0 mean_q=0.081972 max_q=0.266317 fraction_q_positive=0.843750 sampling_entropy=3.963351 uniform_entropy=4.158883 entropy_gap=0.195532 max_probability_over_uniform=2.686654 min_probability_over_uniform=0.250000
RG_SCORE round=540 layer=features.3 mean_q=0.083294 max_q=0.135165 fraction_q_positive=1.000000 sampling_entropy=4.138982 uniform_entropy=4.158883 entropy_gap=0.019902 max_probability_over_uniform=1.467057 min_probability_over_uniform=0.478678
RG_SCORE round=540 layer=features.7 mean_q=0.088940 max_q=0.144176 fraction_q_positive=1.000000 sampling_entropy=4.837212 uniform_entropy=4.852030 entropy_gap=0.014818 max_probability_over_uniform=1.465790 min_probability_over_uniform=0.591381
RG_SCORE round=540 layer=features.10 mean_q=0.091663 max_q=0.118448 fraction_q_positive=1.000000 sampling_entropy=4.847548 uniform_entropy=4.852030 entropy_gap=0.004482 max_probability_over_uniform=1.219158 min_probability_over_uniform=0.620314
RG_SCORE round=540 layer=features.14 mean_q=0.099498 max_q=0.155172 fraction_q_positive=1.000000 sampling_entropy=5.538930 uniform_entropy=5.545177 entropy_gap=0.006247 max_probability_over_uniform=1.419661 min_probability_over_uniform=0.760258
RG_SCORE round=540 layer=features.17 mean_q=0.097147 max_q=0.147656 fraction_q_positive=1.000000 sampling_entropy=5.538868 uniform_entropy=5.545177 entropy_gap=0.006309 max_probability_over_uniform=1.389947 min_probability_over_uniform=0.662607
RG_SCORE round=540 layer=features.20 mean_q=0.089806 max_q=0.126852 fraction_q_positive=1.000000 sampling_entropy=5.539227 uniform_entropy=5.545177 entropy_gap=0.005951 max_probability_over_uniform=1.309383 min_probability_over_uniform=0.701030
RG_SCORE round=540 layer=features.24 mean_q=0.105788 max_q=0.167816 fraction_q_positive=1.000000 sampling_entropy=6.227542 uniform_entropy=6.238325 entropy_gap=0.010783 max_probability_over_uniform=1.439761 min_probability_over_uniform=0.531768
RG_SCORE round=540 layer=features.27 mean_q=0.116152 max_q=0.176595 fraction_q_positive=1.000000 sampling_entropy=6.226381 uniform_entropy=6.238325 entropy_gap=0.011944 max_probability_over_uniform=1.390283 min_probability_over_uniform=0.420762
RG_SCORE round=540 layer=features.30 mean_q=0.099819 max_q=0.167826 fraction_q_positive=1.000000 sampling_entropy=6.223054 uniform_entropy=6.238325 entropy_gap=0.015270 max_probability_over_uniform=1.510985 min_probability_over_uniform=0.431180
RG_SCORE round=540 layer=features.34 mean_q=0.215695 max_q=0.387005 fraction_q_positive=1.000000 sampling_entropy=6.210284 uniform_entropy=6.238325 entropy_gap=0.028040 max_probability_over_uniform=1.595668 min_probability_over_uniform=0.298268
RG_SCORE round=540 layer=features.37 mean_q=0.250743 max_q=0.426739 fraction_q_positive=1.000000 sampling_entropy=6.220556 uniform_entropy=6.238325 entropy_gap=0.017769 max_probability_over_uniform=1.526421 min_probability_over_uniform=0.354176
RG_SCORE round=540 layer=features.40 mean_q=0.214495 max_q=0.429610 fraction_q_positive=0.996094 sampling_entropy=6.199789 uniform_entropy=6.238325 entropy_gap=0.038536 max_probability_over_uniform=1.752169 min_probability_over_uniform=0.250000
ROUND_ACCURACY method=FedPhoenixRG-RCC round=540 accuracy=70.839996
********************************************************************************
Round 540
ROUND_ACCURACY method=FedPhoenixRG-RCC round=541 accuracy=72.410004
********************************************************************************
Round 541
ROUND_ACCURACY method=FedPhoenixRG-RCC round=542 accuracy=68.459999
********************************************************************************
Round 542
ROUND_ACCURACY method=FedPhoenixRG-RCC round=543 accuracy=64.550003
********************************************************************************
Round 543
ROUND_ACCURACY method=FedPhoenixRG-RCC round=544 accuracy=72.389999
********************************************************************************
Round 544
ROUND_ACCURACY method=FedPhoenixRG-RCC round=545 accuracy=76.150002
********************************************************************************
Round 545
ROUND_ACCURACY method=FedPhoenixRG-RCC round=546 accuracy=76.790001
********************************************************************************
Round 546
ROUND_ACCURACY method=FedPhoenixRG-RCC round=547 accuracy=68.209999
********************************************************************************
Round 547
ROUND_ACCURACY method=FedPhoenixRG-RCC round=548 accuracy=68.970001
********************************************************************************
Round 548
ROUND_ACCURACY method=FedPhoenixRG-RCC round=549 accuracy=44.639999
********************************************************************************
Round 549
ROUND_ACCURACY method=FedPhoenixRG-RCC round=550 accuracy=77.709999
********************************************************************************
Round 550
ROUND_ACCURACY method=FedPhoenixRG-RCC round=551 accuracy=77.120003
********************************************************************************
Round 551
ROUND_ACCURACY method=FedPhoenixRG-RCC round=552 accuracy=77.790001
********************************************************************************
Round 552
ROUND_ACCURACY method=FedPhoenixRG-RCC round=553 accuracy=73.440002
********************************************************************************
Round 553
ROUND_ACCURACY method=FedPhoenixRG-RCC round=554 accuracy=71.389999
********************************************************************************
Round 554
ROUND_ACCURACY method=FedPhoenixRG-RCC round=555 accuracy=76.400002
********************************************************************************
Round 555
ROUND_ACCURACY method=FedPhoenixRG-RCC round=556 accuracy=72.290001
********************************************************************************
Round 556
ROUND_ACCURACY method=FedPhoenixRG-RCC round=557 accuracy=74.949997
********************************************************************************
Round 557
ROUND_ACCURACY method=FedPhoenixRG-RCC round=558 accuracy=79.959999
********************************************************************************
Round 558
ROUND_ACCURACY method=FedPhoenixRG-RCC round=559 accuracy=78.580002
********************************************************************************
Round 559
RG_SCORE round=560 layer=features.0 mean_q=0.099638 max_q=0.333903 fraction_q_positive=0.718750 sampling_entropy=3.908356 uniform_entropy=4.158883 entropy_gap=0.250527 max_probability_over_uniform=2.763383 min_probability_over_uniform=0.250000
RG_SCORE round=560 layer=features.3 mean_q=0.078252 max_q=0.268231 fraction_q_positive=0.937500 sampling_entropy=4.061085 uniform_entropy=4.158883 entropy_gap=0.097798 max_probability_over_uniform=2.820822 min_probability_over_uniform=0.250000
RG_SCORE round=560 layer=features.7 mean_q=0.096377 max_q=0.214803 fraction_q_positive=1.000000 sampling_entropy=4.821684 uniform_entropy=4.852030 entropy_gap=0.030347 max_probability_over_uniform=1.921592 min_probability_over_uniform=0.311837
RG_SCORE round=560 layer=features.10 mean_q=0.094688 max_q=0.143395 fraction_q_positive=1.000000 sampling_entropy=4.841936 uniform_entropy=4.852030 entropy_gap=0.010094 max_probability_over_uniform=1.385789 min_probability_over_uniform=0.703953
RG_SCORE round=560 layer=features.14 mean_q=0.100904 max_q=0.159476 fraction_q_positive=1.000000 sampling_entropy=5.533922 uniform_entropy=5.545177 entropy_gap=0.011255 max_probability_over_uniform=1.435358 min_probability_over_uniform=0.529172
RG_SCORE round=560 layer=features.17 mean_q=0.097546 max_q=0.149881 fraction_q_positive=1.000000 sampling_entropy=5.536208 uniform_entropy=5.545177 entropy_gap=0.008969 max_probability_over_uniform=1.402392 min_probability_over_uniform=0.604166
RG_SCORE round=560 layer=features.20 mean_q=0.085849 max_q=0.116092 fraction_q_positive=1.000000 sampling_entropy=5.537637 uniform_entropy=5.545177 entropy_gap=0.007540 max_probability_over_uniform=1.264205 min_probability_over_uniform=0.480154
RG_SCORE round=560 layer=features.24 mean_q=0.105759 max_q=0.188094 fraction_q_positive=1.000000 sampling_entropy=6.224436 uniform_entropy=6.238325 entropy_gap=0.013888 max_probability_over_uniform=1.583882 min_probability_over_uniform=0.475072
RG_SCORE round=560 layer=features.27 mean_q=0.101274 max_q=0.184202 fraction_q_positive=1.000000 sampling_entropy=6.219525 uniform_entropy=6.238325 entropy_gap=0.018799 max_probability_over_uniform=1.614133 min_probability_over_uniform=0.457076
RG_SCORE round=560 layer=features.30 mean_q=0.080434 max_q=0.206090 fraction_q_positive=1.000000 sampling_entropy=6.212943 uniform_entropy=6.238325 entropy_gap=0.025381 max_probability_over_uniform=2.171672 min_probability_over_uniform=0.278550
RG_SCORE round=560 layer=features.34 mean_q=0.174841 max_q=0.370169 fraction_q_positive=0.994141 sampling_entropy=6.185296 uniform_entropy=6.238325 entropy_gap=0.053029 max_probability_over_uniform=1.837877 min_probability_over_uniform=0.250000
RG_SCORE round=560 layer=features.37 mean_q=0.177178 max_q=0.378467 fraction_q_positive=0.994141 sampling_entropy=6.193918 uniform_entropy=6.238325 entropy_gap=0.044407 max_probability_over_uniform=1.852062 min_probability_over_uniform=0.250000
RG_SCORE round=560 layer=features.40 mean_q=0.107970 max_q=0.380002 fraction_q_positive=0.947266 sampling_entropy=6.129698 uniform_entropy=6.238325 entropy_gap=0.108627 max_probability_over_uniform=2.889644 min_probability_over_uniform=0.250000
ROUND_ACCURACY method=FedPhoenixRG-RCC round=560 accuracy=78.089996
********************************************************************************
Round 560
ROUND_ACCURACY method=FedPhoenixRG-RCC round=561 accuracy=81.220001
********************************************************************************
Round 561
ROUND_ACCURACY method=FedPhoenixRG-RCC round=562 accuracy=79.610001
********************************************************************************
Round 562
ROUND_ACCURACY method=FedPhoenixRG-RCC round=563 accuracy=68.410004
********************************************************************************
Round 563
ROUND_ACCURACY method=FedPhoenixRG-RCC round=564 accuracy=78.570000
********************************************************************************
Round 564
ROUND_ACCURACY method=FedPhoenixRG-RCC round=565 accuracy=72.180000
********************************************************************************
Round 565
ROUND_ACCURACY method=FedPhoenixRG-RCC round=566 accuracy=71.110001
********************************************************************************
Round 566
ROUND_ACCURACY method=FedPhoenixRG-RCC round=567 accuracy=75.300003
********************************************************************************
Round 567
ROUND_ACCURACY method=FedPhoenixRG-RCC round=568 accuracy=66.480003
********************************************************************************
Round 568
ROUND_ACCURACY method=FedPhoenixRG-RCC round=569 accuracy=66.370003
********************************************************************************
Round 569
ROUND_ACCURACY method=FedPhoenixRG-RCC round=570 accuracy=72.290001
********************************************************************************
Round 570
ROUND_ACCURACY method=FedPhoenixRG-RCC round=571 accuracy=78.489998
********************************************************************************
Round 571
ROUND_ACCURACY method=FedPhoenixRG-RCC round=572 accuracy=79.239998
********************************************************************************
Round 572
ROUND_ACCURACY method=FedPhoenixRG-RCC round=573 accuracy=80.110001
********************************************************************************
Round 573
ROUND_ACCURACY method=FedPhoenixRG-RCC round=574 accuracy=79.699997
********************************************************************************
Round 574
ROUND_ACCURACY method=FedPhoenixRG-RCC round=575 accuracy=70.809998
********************************************************************************
Round 575
ROUND_ACCURACY method=FedPhoenixRG-RCC round=576 accuracy=74.660004
********************************************************************************
Round 576
ROUND_ACCURACY method=FedPhoenixRG-RCC round=577 accuracy=80.440002
********************************************************************************
Round 577
ROUND_ACCURACY method=FedPhoenixRG-RCC round=578 accuracy=76.589996
********************************************************************************
Round 578
ROUND_ACCURACY method=FedPhoenixRG-RCC round=579 accuracy=58.139999
********************************************************************************
Round 579
RG_SCORE round=580 layer=features.0 mean_q=0.092484 max_q=0.328626 fraction_q_positive=0.812500 sampling_entropy=3.983294 uniform_entropy=4.158883 entropy_gap=0.175589 max_probability_over_uniform=2.915008 min_probability_over_uniform=0.250000
RG_SCORE round=580 layer=features.3 mean_q=0.063769 max_q=0.107753 fraction_q_positive=0.984375 sampling_entropy=4.120737 uniform_entropy=4.158883 entropy_gap=0.038146 max_probability_over_uniform=1.517300 min_probability_over_uniform=0.250000
RG_SCORE round=580 layer=features.7 mean_q=0.077618 max_q=0.154844 fraction_q_positive=1.000000 sampling_entropy=4.831182 uniform_entropy=4.852030 entropy_gap=0.020848 max_probability_over_uniform=1.746202 min_probability_over_uniform=0.384778
RG_SCORE round=580 layer=features.10 mean_q=0.071515 max_q=0.108293 fraction_q_positive=1.000000 sampling_entropy=4.839575 uniform_entropy=4.852030 entropy_gap=0.012455 max_probability_over_uniform=1.385702 min_probability_over_uniform=0.556294
RG_SCORE round=580 layer=features.14 mean_q=0.075141 max_q=0.138322 fraction_q_positive=1.000000 sampling_entropy=5.524276 uniform_entropy=5.545177 entropy_gap=0.020902 max_probability_over_uniform=1.630629 min_probability_over_uniform=0.255850
RG_SCORE round=580 layer=features.17 mean_q=0.074021 max_q=0.118816 fraction_q_positive=1.000000 sampling_entropy=5.530494 uniform_entropy=5.545177 entropy_gap=0.014683 max_probability_over_uniform=1.453867 min_probability_over_uniform=0.599476
RG_SCORE round=580 layer=features.20 mean_q=0.065995 max_q=0.121138 fraction_q_positive=1.000000 sampling_entropy=5.529330 uniform_entropy=5.545177 entropy_gap=0.015847 max_probability_over_uniform=1.626669 min_probability_over_uniform=0.405142
RG_SCORE round=580 layer=features.24 mean_q=0.081409 max_q=0.160268 fraction_q_positive=0.998047 sampling_entropy=6.199218 uniform_entropy=6.238325 entropy_gap=0.039107 max_probability_over_uniform=1.726507 min_probability_over_uniform=0.250000
RG_SCORE round=580 layer=features.27 mean_q=0.082834 max_q=0.177357 fraction_q_positive=0.998047 sampling_entropy=6.195843 uniform_entropy=6.238325 entropy_gap=0.042482 max_probability_over_uniform=1.855828 min_probability_over_uniform=0.250000
RG_SCORE round=580 layer=features.30 mean_q=0.069331 max_q=0.139027 fraction_q_positive=0.992188 sampling_entropy=6.192668 uniform_entropy=6.238325 entropy_gap=0.045657 max_probability_over_uniform=1.753948 min_probability_over_uniform=0.250000
RG_SCORE round=580 layer=features.34 mean_q=0.160289 max_q=0.342331 fraction_q_positive=0.966797 sampling_entropy=6.161417 uniform_entropy=6.238325 entropy_gap=0.076907 max_probability_over_uniform=1.851788 min_probability_over_uniform=0.250000
RG_SCORE round=580 layer=features.37 mean_q=0.172082 max_q=0.359909 fraction_q_positive=0.996094 sampling_entropy=6.196857 uniform_entropy=6.238325 entropy_gap=0.041468 max_probability_over_uniform=1.818626 min_probability_over_uniform=0.250000
RG_SCORE round=580 layer=features.40 mean_q=0.124419 max_q=0.332155 fraction_q_positive=0.955078 sampling_entropy=6.138364 uniform_entropy=6.238325 entropy_gap=0.099961 max_probability_over_uniform=2.252237 min_probability_over_uniform=0.250000
ROUND_ACCURACY method=FedPhoenixRG-RCC round=580 accuracy=78.190002
********************************************************************************
Round 580
ROUND_ACCURACY method=FedPhoenixRG-RCC round=581 accuracy=79.430000
********************************************************************************
Round 581
ROUND_ACCURACY method=FedPhoenixRG-RCC round=582 accuracy=77.709999
********************************************************************************
Round 582
ROUND_ACCURACY method=FedPhoenixRG-RCC round=583 accuracy=75.339996
********************************************************************************
Round 583
ROUND_ACCURACY method=FedPhoenixRG-RCC round=584 accuracy=73.980003
********************************************************************************
Round 584
ROUND_ACCURACY method=FedPhoenixRG-RCC round=585 accuracy=75.139999
********************************************************************************
Round 585
ROUND_ACCURACY method=FedPhoenixRG-RCC round=586 accuracy=75.919998
********************************************************************************
Round 586
ROUND_ACCURACY method=FedPhoenixRG-RCC round=587 accuracy=65.000000
********************************************************************************
Round 587
ROUND_ACCURACY method=FedPhoenixRG-RCC round=588 accuracy=64.489998
********************************************************************************
Round 588
ROUND_ACCURACY method=FedPhoenixRG-RCC round=589 accuracy=75.550003
********************************************************************************
Round 589
ROUND_ACCURACY method=FedPhoenixRG-RCC round=590 accuracy=76.980003
********************************************************************************
Round 590
ROUND_ACCURACY method=FedPhoenixRG-RCC round=591 accuracy=62.029999
********************************************************************************
Round 591
ROUND_ACCURACY method=FedPhoenixRG-RCC round=592 accuracy=65.910004
********************************************************************************
Round 592
ROUND_ACCURACY method=FedPhoenixRG-RCC round=593 accuracy=79.260002
********************************************************************************
Round 593
ROUND_ACCURACY method=FedPhoenixRG-RCC round=594 accuracy=73.150002
********************************************************************************
Round 594
ROUND_ACCURACY method=FedPhoenixRG-RCC round=595 accuracy=79.339996
********************************************************************************
Round 595
ROUND_ACCURACY method=FedPhoenixRG-RCC round=596 accuracy=77.080002
********************************************************************************
Round 596
ROUND_ACCURACY method=FedPhoenixRG-RCC round=597 accuracy=78.010002
********************************************************************************
Round 597
ROUND_ACCURACY method=FedPhoenixRG-RCC round=598 accuracy=76.449997
********************************************************************************
Round 598
ROUND_ACCURACY method=FedPhoenixRG-RCC round=599 accuracy=78.220001
********************************************************************************
Round 599
RG_SCORE round=600 layer=features.0 mean_q=0.111947 max_q=0.274336 fraction_q_positive=0.859375 sampling_entropy=3.997890 uniform_entropy=4.158883 entropy_gap=0.160993 max_probability_over_uniform=2.087935 min_probability_over_uniform=0.250000
RG_SCORE round=600 layer=features.3 mean_q=0.082556 max_q=0.153213 fraction_q_positive=0.984375 sampling_entropy=4.118661 uniform_entropy=4.158883 entropy_gap=0.040222 max_probability_over_uniform=1.641891 min_probability_over_uniform=0.250000
RG_SCORE round=600 layer=features.7 mean_q=0.087386 max_q=0.171441 fraction_q_positive=1.000000 sampling_entropy=4.831742 uniform_entropy=4.852030 entropy_gap=0.020288 max_probability_over_uniform=1.721403 min_probability_over_uniform=0.607523
RG_SCORE round=600 layer=features.10 mean_q=0.082640 max_q=0.113304 fraction_q_positive=1.000000 sampling_entropy=4.845762 uniform_entropy=4.852030 entropy_gap=0.006268 max_probability_over_uniform=1.278294 min_probability_over_uniform=0.755831
RG_SCORE round=600 layer=features.14 mean_q=0.090990 max_q=0.145195 fraction_q_positive=1.000000 sampling_entropy=5.534759 uniform_entropy=5.545177 entropy_gap=0.010419 max_probability_over_uniform=1.446799 min_probability_over_uniform=0.535645
RG_SCORE round=600 layer=features.17 mean_q=0.091914 max_q=0.136278 fraction_q_positive=1.000000 sampling_entropy=5.535442 uniform_entropy=5.545177 entropy_gap=0.009736 max_probability_over_uniform=1.362010 min_probability_over_uniform=0.545418
RG_SCORE round=600 layer=features.20 mean_q=0.085234 max_q=0.115811 fraction_q_positive=1.000000 sampling_entropy=5.539117 uniform_entropy=5.545177 entropy_gap=0.006060 max_probability_over_uniform=1.269064 min_probability_over_uniform=0.676649
RG_SCORE round=600 layer=features.24 mean_q=0.112135 max_q=0.167396 fraction_q_positive=0.996094 sampling_entropy=6.224518 uniform_entropy=6.238325 entropy_gap=0.013806 max_probability_over_uniform=1.369611 min_probability_over_uniform=0.250000
RG_SCORE round=600 layer=features.27 mean_q=0.118860 max_q=0.200215 fraction_q_positive=0.994141 sampling_entropy=6.213433 uniform_entropy=6.238325 entropy_gap=0.024892 max_probability_over_uniform=1.513342 min_probability_over_uniform=0.250000
RG_SCORE round=600 layer=features.30 mean_q=0.104723 max_q=0.177623 fraction_q_positive=0.986328 sampling_entropy=6.207726 uniform_entropy=6.238325 entropy_gap=0.030598 max_probability_over_uniform=1.522091 min_probability_over_uniform=0.250000
RG_SCORE round=600 layer=features.34 mean_q=0.219944 max_q=0.389548 fraction_q_positive=0.937500 sampling_entropy=6.180018 uniform_entropy=6.238325 entropy_gap=0.058307 max_probability_over_uniform=1.578345 min_probability_over_uniform=0.250000
RG_SCORE round=600 layer=features.37 mean_q=0.209512 max_q=0.364207 fraction_q_positive=0.927734 sampling_entropy=6.172344 uniform_entropy=6.238325 entropy_gap=0.065981 max_probability_over_uniform=1.553764 min_probability_over_uniform=0.250000
RG_SCORE round=600 layer=features.40 mean_q=0.190660 max_q=0.379263 fraction_q_positive=0.958984 sampling_entropy=6.170893 uniform_entropy=6.238325 entropy_gap=0.067432 max_probability_over_uniform=1.741910 min_probability_over_uniform=0.250000
ROUND_ACCURACY method=FedPhoenixRG-RCC round=600 accuracy=78.699997
********************************************************************************
Round 600
ROUND_ACCURACY method=FedPhoenixRG-RCC round=601 accuracy=78.989998
********************************************************************************
Round 601
ROUND_ACCURACY method=FedPhoenixRG-RCC round=602 accuracy=74.870003
********************************************************************************
Round 602
ROUND_ACCURACY method=FedPhoenixRG-RCC round=603 accuracy=80.970001
********************************************************************************
Round 603
ROUND_ACCURACY method=FedPhoenixRG-RCC round=604 accuracy=78.260002
********************************************************************************
Round 604
ROUND_ACCURACY method=FedPhoenixRG-RCC round=605 accuracy=74.430000
********************************************************************************
Round 605
ROUND_ACCURACY method=FedPhoenixRG-RCC round=606 accuracy=78.589996
********************************************************************************
Round 606
ROUND_ACCURACY method=FedPhoenixRG-RCC round=607 accuracy=69.820000
********************************************************************************
Round 607
ROUND_ACCURACY method=FedPhoenixRG-RCC round=608 accuracy=74.260002
********************************************************************************
Round 608
ROUND_ACCURACY method=FedPhoenixRG-RCC round=609 accuracy=80.599998
********************************************************************************
Round 609
ROUND_ACCURACY method=FedPhoenixRG-RCC round=610 accuracy=73.040001
********************************************************************************
Round 610
ROUND_ACCURACY method=FedPhoenixRG-RCC round=611 accuracy=80.849998
********************************************************************************
Round 611
ROUND_ACCURACY method=FedPhoenixRG-RCC round=612 accuracy=80.959999
********************************************************************************
Round 612
ROUND_ACCURACY method=FedPhoenixRG-RCC round=613 accuracy=78.220001
********************************************************************************
Round 613
ROUND_ACCURACY method=FedPhoenixRG-RCC round=614 accuracy=73.910004
********************************************************************************
Round 614
ROUND_ACCURACY method=FedPhoenixRG-RCC round=615 accuracy=59.799999
********************************************************************************
Round 615
ROUND_ACCURACY method=FedPhoenixRG-RCC round=616 accuracy=72.750000
********************************************************************************
Round 616
ROUND_ACCURACY method=FedPhoenixRG-RCC round=617 accuracy=77.739998
********************************************************************************
Round 617
ROUND_ACCURACY method=FedPhoenixRG-RCC round=618 accuracy=78.029999
********************************************************************************
Round 618
ROUND_ACCURACY method=FedPhoenixRG-RCC round=619 accuracy=76.070000
********************************************************************************
Round 619
RG_SCORE round=620 layer=features.0 mean_q=0.084281 max_q=0.278525 fraction_q_positive=0.812500 sampling_entropy=3.968274 uniform_entropy=4.158883 entropy_gap=0.190609 max_probability_over_uniform=2.728531 min_probability_over_uniform=0.250000
RG_SCORE round=620 layer=features.3 mean_q=0.065390 max_q=0.106064 fraction_q_positive=1.000000 sampling_entropy=4.131963 uniform_entropy=4.158883 entropy_gap=0.026920 max_probability_over_uniform=1.466509 min_probability_over_uniform=0.393127
RG_SCORE round=620 layer=features.7 mean_q=0.071951 max_q=0.108568 fraction_q_positive=1.000000 sampling_entropy=4.837594 uniform_entropy=4.852030 entropy_gap=0.014436 max_probability_over_uniform=1.381679 min_probability_over_uniform=0.527444
RG_SCORE round=620 layer=features.10 mean_q=0.071712 max_q=0.100959 fraction_q_positive=1.000000 sampling_entropy=4.844163 uniform_entropy=4.852030 entropy_gap=0.007867 max_probability_over_uniform=1.305879 min_probability_over_uniform=0.674701
RG_SCORE round=620 layer=features.14 mean_q=0.078368 max_q=0.121835 fraction_q_positive=1.000000 sampling_entropy=5.534348 uniform_entropy=5.545177 entropy_gap=0.010830 max_probability_over_uniform=1.415990 min_probability_over_uniform=0.601113
RG_SCORE round=620 layer=features.17 mean_q=0.079364 max_q=0.129402 fraction_q_positive=1.000000 sampling_entropy=5.535429 uniform_entropy=5.545177 entropy_gap=0.009748 max_probability_over_uniform=1.472868 min_probability_over_uniform=0.620586
RG_SCORE round=620 layer=features.20 mean_q=0.067691 max_q=0.098717 fraction_q_positive=1.000000 sampling_entropy=5.534835 uniform_entropy=5.545177 entropy_gap=0.010342 max_probability_over_uniform=1.343756 min_probability_over_uniform=0.576706
RG_SCORE round=620 layer=features.24 mean_q=0.089046 max_q=0.156797 fraction_q_positive=1.000000 sampling_entropy=6.211334 uniform_entropy=6.238325 entropy_gap=0.026991 max_probability_over_uniform=1.570648 min_probability_over_uniform=0.261376
RG_SCORE round=620 layer=features.27 mean_q=0.093291 max_q=0.175232 fraction_q_positive=1.000000 sampling_entropy=6.203614 uniform_entropy=6.238325 entropy_gap=0.034711 max_probability_over_uniform=1.658747 min_probability_over_uniform=0.325521
RG_SCORE round=620 layer=features.30 mean_q=0.077458 max_q=0.158831 fraction_q_positive=0.998047 sampling_entropy=6.189835 uniform_entropy=6.238325 entropy_gap=0.048490 max_probability_over_uniform=1.787909 min_probability_over_uniform=0.250000
RG_SCORE round=620 layer=features.34 mean_q=0.200168 max_q=0.358415 fraction_q_positive=0.998047 sampling_entropy=6.180463 uniform_entropy=6.238325 entropy_gap=0.057862 max_probability_over_uniform=1.592926 min_probability_over_uniform=0.250000
RG_SCORE round=620 layer=features.37 mean_q=0.217347 max_q=0.381276 fraction_q_positive=0.978516 sampling_entropy=6.195472 uniform_entropy=6.238325 entropy_gap=0.042853 max_probability_over_uniform=1.565670 min_probability_over_uniform=0.250000
RG_SCORE round=620 layer=features.40 mean_q=0.128245 max_q=0.413368 fraction_q_positive=0.849609 sampling_entropy=6.074859 uniform_entropy=6.238325 entropy_gap=0.163466 max_probability_over_uniform=2.667460 min_probability_over_uniform=0.250000
ROUND_ACCURACY method=FedPhoenixRG-RCC round=620 accuracy=68.250000
********************************************************************************
Round 620
ROUND_ACCURACY method=FedPhoenixRG-RCC round=621 accuracy=63.060001
********************************************************************************
Round 621
ROUND_ACCURACY method=FedPhoenixRG-RCC round=622 accuracy=74.709999
********************************************************************************
Round 622
ROUND_ACCURACY method=FedPhoenixRG-RCC round=623 accuracy=28.620001
********************************************************************************
Round 623
ROUND_ACCURACY method=FedPhoenixRG-RCC round=624 accuracy=73.160004
********************************************************************************
Round 624
ROUND_ACCURACY method=FedPhoenixRG-RCC round=625 accuracy=69.430000
********************************************************************************
Round 625
ROUND_ACCURACY method=FedPhoenixRG-RCC round=626 accuracy=72.610001
********************************************************************************
Round 626
ROUND_ACCURACY method=FedPhoenixRG-RCC round=627 accuracy=71.360001
********************************************************************************
Round 627
ROUND_ACCURACY method=FedPhoenixRG-RCC round=628 accuracy=73.209999
********************************************************************************
Round 628
ROUND_ACCURACY method=FedPhoenixRG-RCC round=629 accuracy=76.559998
********************************************************************************
Round 629
ROUND_ACCURACY method=FedPhoenixRG-RCC round=630 accuracy=79.360001
********************************************************************************
Round 630
ROUND_ACCURACY method=FedPhoenixRG-RCC round=631 accuracy=79.389999
********************************************************************************
Round 631
ROUND_ACCURACY method=FedPhoenixRG-RCC round=632 accuracy=76.150002
********************************************************************************
Round 632
ROUND_ACCURACY method=FedPhoenixRG-RCC round=633 accuracy=73.809998
********************************************************************************
Round 633
ROUND_ACCURACY method=FedPhoenixRG-RCC round=634 accuracy=79.050003
********************************************************************************
Round 634
ROUND_ACCURACY method=FedPhoenixRG-RCC round=635 accuracy=75.320000
********************************************************************************
Round 635
ROUND_ACCURACY method=FedPhoenixRG-RCC round=636 accuracy=78.589996
********************************************************************************
Round 636
ROUND_ACCURACY method=FedPhoenixRG-RCC round=637 accuracy=79.790001
********************************************************************************
Round 637
ROUND_ACCURACY method=FedPhoenixRG-RCC round=638 accuracy=77.669998
********************************************************************************
Round 638
ROUND_ACCURACY method=FedPhoenixRG-RCC round=639 accuracy=68.029999
********************************************************************************
Round 639
RG_SCORE round=640 layer=features.0 mean_q=0.050362 max_q=0.266150 fraction_q_positive=0.656250 sampling_entropy=3.788597 uniform_entropy=4.158883 entropy_gap=0.370286 max_probability_over_uniform=4.213574 min_probability_over_uniform=0.250000
RG_SCORE round=640 layer=features.3 mean_q=0.036135 max_q=0.118721 fraction_q_positive=0.890625 sampling_entropy=3.989038 uniform_entropy=4.158883 entropy_gap=0.169845 max_probability_over_uniform=2.714121 min_probability_over_uniform=0.250000
RG_SCORE round=640 layer=features.7 mean_q=0.055699 max_q=0.108322 fraction_q_positive=0.984375 sampling_entropy=4.800872 uniform_entropy=4.852030 entropy_gap=0.051158 max_probability_over_uniform=1.708562 min_probability_over_uniform=0.250000
RG_SCORE round=640 layer=features.10 mean_q=0.059202 max_q=0.115888 fraction_q_positive=1.000000 sampling_entropy=4.831096 uniform_entropy=4.852030 entropy_gap=0.020934 max_probability_over_uniform=1.718131 min_probability_over_uniform=0.425373
RG_SCORE round=640 layer=features.14 mean_q=0.064730 max_q=0.139185 fraction_q_positive=1.000000 sampling_entropy=5.526625 uniform_entropy=5.545177 entropy_gap=0.018553 max_probability_over_uniform=1.862675 min_probability_over_uniform=0.543750
RG_SCORE round=640 layer=features.17 mean_q=0.067233 max_q=0.121258 fraction_q_positive=1.000000 sampling_entropy=5.529851 uniform_entropy=5.545177 entropy_gap=0.015327 max_probability_over_uniform=1.602660 min_probability_over_uniform=0.599066
RG_SCORE round=640 layer=features.20 mean_q=0.058605 max_q=0.091225 fraction_q_positive=1.000000 sampling_entropy=5.534098 uniform_entropy=5.545177 entropy_gap=0.011079 max_probability_over_uniform=1.417446 min_probability_over_uniform=0.582389
RG_SCORE round=640 layer=features.24 mean_q=0.076973 max_q=0.216283 fraction_q_positive=0.996094 sampling_entropy=6.211558 uniform_entropy=6.238325 entropy_gap=0.026766 max_probability_over_uniform=2.357385 min_probability_over_uniform=0.250000
RG_SCORE round=640 layer=features.27 mean_q=0.095985 max_q=0.179727 fraction_q_positive=1.000000 sampling_entropy=6.217472 uniform_entropy=6.238325 entropy_gap=0.020853 max_probability_over_uniform=1.654334 min_probability_over_uniform=0.437497
RG_SCORE round=640 layer=features.30 mean_q=0.073792 max_q=0.130542 fraction_q_positive=0.998047 sampling_entropy=6.213247 uniform_entropy=6.238325 entropy_gap=0.025077 max_probability_over_uniform=1.576787 min_probability_over_uniform=0.250000
RG_SCORE round=640 layer=features.34 mean_q=0.167673 max_q=0.350744 fraction_q_positive=0.992188 sampling_entropy=6.199184 uniform_entropy=6.238325 entropy_gap=0.039141 max_probability_over_uniform=1.818872 min_probability_over_uniform=0.250000
RG_SCORE round=640 layer=features.37 mean_q=0.164499 max_q=0.334542 fraction_q_positive=0.994141 sampling_entropy=6.196130 uniform_entropy=6.238325 entropy_gap=0.042195 max_probability_over_uniform=1.775282 min_probability_over_uniform=0.250000
RG_SCORE round=640 layer=features.40 mean_q=0.097077 max_q=0.431710 fraction_q_positive=0.910156 sampling_entropy=6.096880 uniform_entropy=6.238325 entropy_gap=0.141444 max_probability_over_uniform=3.585336 min_probability_over_uniform=0.250000
ROUND_ACCURACY method=FedPhoenixRG-RCC round=640 accuracy=76.190002
********************************************************************************
Round 640
ROUND_ACCURACY method=FedPhoenixRG-RCC round=641 accuracy=77.809998
********************************************************************************
Round 641
ROUND_ACCURACY method=FedPhoenixRG-RCC round=642 accuracy=72.779999
********************************************************************************
Round 642
ROUND_ACCURACY method=FedPhoenixRG-RCC round=643 accuracy=76.589996
********************************************************************************
Round 643
ROUND_ACCURACY method=FedPhoenixRG-RCC round=644 accuracy=75.580002
********************************************************************************
Round 644
ROUND_ACCURACY method=FedPhoenixRG-RCC round=645 accuracy=75.110001
********************************************************************************
Round 645
ROUND_ACCURACY method=FedPhoenixRG-RCC round=646 accuracy=76.050003
********************************************************************************
Round 646
ROUND_ACCURACY method=FedPhoenixRG-RCC round=647 accuracy=80.610001
********************************************************************************
Round 647
ROUND_ACCURACY method=FedPhoenixRG-RCC round=648 accuracy=80.879997
********************************************************************************
Round 648
ROUND_ACCURACY method=FedPhoenixRG-RCC round=649 accuracy=80.559998
********************************************************************************
Round 649
ROUND_ACCURACY method=FedPhoenixRG-RCC round=650 accuracy=79.790001
********************************************************************************
Round 650
ROUND_ACCURACY method=FedPhoenixRG-RCC round=651 accuracy=79.389999
********************************************************************************
Round 651
ROUND_ACCURACY method=FedPhoenixRG-RCC round=652 accuracy=74.980003
********************************************************************************
Round 652
ROUND_ACCURACY method=FedPhoenixRG-RCC round=653 accuracy=77.489998
********************************************************************************
Round 653
ROUND_ACCURACY method=FedPhoenixRG-RCC round=654 accuracy=80.690002
********************************************************************************
Round 654
ROUND_ACCURACY method=FedPhoenixRG-RCC round=655 accuracy=78.910004
********************************************************************************
Round 655
ROUND_ACCURACY method=FedPhoenixRG-RCC round=656 accuracy=73.440002
********************************************************************************
Round 656
ROUND_ACCURACY method=FedPhoenixRG-RCC round=657 accuracy=81.650002
********************************************************************************
Round 657
ROUND_ACCURACY method=FedPhoenixRG-RCC round=658 accuracy=79.120003
********************************************************************************
Round 658
ROUND_ACCURACY method=FedPhoenixRG-RCC round=659 accuracy=78.540001
********************************************************************************
Round 659
RG_SCORE round=660 layer=features.0 mean_q=0.086262 max_q=0.324022 fraction_q_positive=0.734375 sampling_entropy=3.925218 uniform_entropy=4.158883 entropy_gap=0.233666 max_probability_over_uniform=3.067204 min_probability_over_uniform=0.250000
RG_SCORE round=660 layer=features.3 mean_q=0.078752 max_q=0.152327 fraction_q_positive=1.000000 sampling_entropy=4.121495 uniform_entropy=4.158883 entropy_gap=0.037389 max_probability_over_uniform=1.700692 min_probability_over_uniform=0.452213
RG_SCORE round=660 layer=features.7 mean_q=0.083610 max_q=0.124146 fraction_q_positive=1.000000 sampling_entropy=4.836954 uniform_entropy=4.852030 entropy_gap=0.015076 max_probability_over_uniform=1.363614 min_probability_over_uniform=0.583389
RG_SCORE round=660 layer=features.10 mean_q=0.083887 max_q=0.115330 fraction_q_positive=1.000000 sampling_entropy=4.847542 uniform_entropy=4.852030 entropy_gap=0.004489 max_probability_over_uniform=1.281128 min_probability_over_uniform=0.706291
RG_SCORE round=660 layer=features.14 mean_q=0.093429 max_q=0.149447 fraction_q_positive=1.000000 sampling_entropy=5.538516 uniform_entropy=5.545177 entropy_gap=0.006662 max_probability_over_uniform=1.449687 min_probability_over_uniform=0.724111
RG_SCORE round=660 layer=features.17 mean_q=0.095166 max_q=0.132100 fraction_q_positive=1.000000 sampling_entropy=5.540098 uniform_entropy=5.545177 entropy_gap=0.005080 max_probability_over_uniform=1.291081 min_probability_over_uniform=0.750646
RG_SCORE round=660 layer=features.20 mean_q=0.085625 max_q=0.115694 fraction_q_positive=1.000000 sampling_entropy=5.541780 uniform_entropy=5.545177 entropy_gap=0.003398 max_probability_over_uniform=1.263372 min_probability_over_uniform=0.670497
RG_SCORE round=660 layer=features.24 mean_q=0.121628 max_q=0.178564 fraction_q_positive=1.000000 sampling_entropy=6.233089 uniform_entropy=6.238325 entropy_gap=0.005236 max_probability_over_uniform=1.351084 min_probability_over_uniform=0.742359
RG_SCORE round=660 layer=features.27 mean_q=0.154554 max_q=0.218059 fraction_q_positive=1.000000 sampling_entropy=6.233656 uniform_entropy=6.238325 entropy_gap=0.004669 max_probability_over_uniform=1.308173 min_probability_over_uniform=0.707247
RG_SCORE round=660 layer=features.30 mean_q=0.129183 max_q=0.177532 fraction_q_positive=1.000000 sampling_entropy=6.232476 uniform_entropy=6.238325 entropy_gap=0.005849 max_probability_over_uniform=1.280695 min_probability_over_uniform=0.704275
RG_SCORE round=660 layer=features.34 mean_q=0.297330 max_q=0.415551 fraction_q_positive=1.000000 sampling_entropy=6.229955 uniform_entropy=6.238325 entropy_gap=0.008370 max_probability_over_uniform=1.298207 min_probability_over_uniform=0.365782
RG_SCORE round=660 layer=features.37 mean_q=0.308446 max_q=0.415321 fraction_q_positive=1.000000 sampling_entropy=6.228824 uniform_entropy=6.238325 entropy_gap=0.009501 max_probability_over_uniform=1.259870 min_probability_over_uniform=0.337363
RG_SCORE round=660 layer=features.40 mean_q=0.251421 max_q=0.438200 fraction_q_positive=1.000000 sampling_entropy=6.212159 uniform_entropy=6.238325 entropy_gap=0.026165 max_probability_over_uniform=1.557169 min_probability_over_uniform=0.390137
ROUND_ACCURACY method=FedPhoenixRG-RCC round=660 accuracy=70.540001
********************************************************************************
Round 660
ROUND_ACCURACY method=FedPhoenixRG-RCC round=661 accuracy=78.830002
********************************************************************************
Round 661
ROUND_ACCURACY method=FedPhoenixRG-RCC round=662 accuracy=77.910004
********************************************************************************
Round 662
ROUND_ACCURACY method=FedPhoenixRG-RCC round=663 accuracy=80.180000
********************************************************************************
Round 663
ROUND_ACCURACY method=FedPhoenixRG-RCC round=664 accuracy=80.279999
********************************************************************************
Round 664
ROUND_ACCURACY method=FedPhoenixRG-RCC round=665 accuracy=79.019997
********************************************************************************
Round 665
ROUND_ACCURACY method=FedPhoenixRG-RCC round=666 accuracy=80.709999
********************************************************************************
Round 666
ROUND_ACCURACY method=FedPhoenixRG-RCC round=667 accuracy=79.059998
********************************************************************************
Round 667
ROUND_ACCURACY method=FedPhoenixRG-RCC round=668 accuracy=77.599998
********************************************************************************
Round 668
ROUND_ACCURACY method=FedPhoenixRG-RCC round=669 accuracy=81.559998
********************************************************************************
Round 669
ROUND_ACCURACY method=FedPhoenixRG-RCC round=670 accuracy=68.449997
********************************************************************************
Round 670
ROUND_ACCURACY method=FedPhoenixRG-RCC round=671 accuracy=69.279999
********************************************************************************
Round 671
ROUND_ACCURACY method=FedPhoenixRG-RCC round=672 accuracy=70.750000
********************************************************************************
Round 672
ROUND_ACCURACY method=FedPhoenixRG-RCC round=673 accuracy=77.120003
********************************************************************************
Round 673
ROUND_ACCURACY method=FedPhoenixRG-RCC round=674 accuracy=75.660004
********************************************************************************
Round 674
ROUND_ACCURACY method=FedPhoenixRG-RCC round=675 accuracy=76.449997
********************************************************************************
Round 675
ROUND_ACCURACY method=FedPhoenixRG-RCC round=676 accuracy=79.559998
********************************************************************************
Round 676
ROUND_ACCURACY method=FedPhoenixRG-RCC round=677 accuracy=77.879997
********************************************************************************
Round 677
ROUND_ACCURACY method=FedPhoenixRG-RCC round=678 accuracy=77.480003
********************************************************************************
Round 678
ROUND_ACCURACY method=FedPhoenixRG-RCC round=679 accuracy=69.199997
********************************************************************************
Round 679
RG_SCORE round=680 layer=features.0 mean_q=0.088428 max_q=0.225871 fraction_q_positive=0.875000 sampling_entropy=4.000162 uniform_entropy=4.158883 entropy_gap=0.158721 max_probability_over_uniform=2.165709 min_probability_over_uniform=0.250000
RG_SCORE round=680 layer=features.3 mean_q=0.091480 max_q=0.139086 fraction_q_positive=1.000000 sampling_entropy=4.139088 uniform_entropy=4.158883 entropy_gap=0.019795 max_probability_over_uniform=1.390299 min_probability_over_uniform=0.621395
RG_SCORE round=680 layer=features.7 mean_q=0.091569 max_q=0.156751 fraction_q_positive=1.000000 sampling_entropy=4.835924 uniform_entropy=4.852030 entropy_gap=0.016107 max_probability_over_uniform=1.533879 min_probability_over_uniform=0.529351
RG_SCORE round=680 layer=features.10 mean_q=0.085569 max_q=0.113232 fraction_q_positive=1.000000 sampling_entropy=4.846354 uniform_entropy=4.852030 entropy_gap=0.005676 max_probability_over_uniform=1.242462 min_probability_over_uniform=0.707252
RG_SCORE round=680 layer=features.14 mean_q=0.095482 max_q=0.158268 fraction_q_positive=1.000000 sampling_entropy=5.538531 uniform_entropy=5.545177 entropy_gap=0.006647 max_probability_over_uniform=1.493184 min_probability_over_uniform=0.713479
RG_SCORE round=680 layer=features.17 mean_q=0.093739 max_q=0.138203 fraction_q_positive=1.000000 sampling_entropy=5.539406 uniform_entropy=5.545177 entropy_gap=0.005772 max_probability_over_uniform=1.355747 min_probability_over_uniform=0.672465
RG_SCORE round=680 layer=features.20 mean_q=0.082642 max_q=0.110925 fraction_q_positive=1.000000 sampling_entropy=5.541412 uniform_entropy=5.545177 entropy_gap=0.003766 max_probability_over_uniform=1.256686 min_probability_over_uniform=0.760198
RG_SCORE round=680 layer=features.24 mean_q=0.124118 max_q=0.202956 fraction_q_positive=1.000000 sampling_entropy=6.230931 uniform_entropy=6.238325 entropy_gap=0.007393 max_probability_over_uniform=1.476388 min_probability_over_uniform=0.683127
RG_SCORE round=680 layer=features.27 mean_q=0.159163 max_q=0.238142 fraction_q_positive=1.000000 sampling_entropy=6.233475 uniform_entropy=6.238325 entropy_gap=0.004849 max_probability_over_uniform=1.372157 min_probability_over_uniform=0.700535
RG_SCORE round=680 layer=features.30 mean_q=0.134864 max_q=0.196493 fraction_q_positive=1.000000 sampling_entropy=6.232086 uniform_entropy=6.238325 entropy_gap=0.006239 max_probability_over_uniform=1.342730 min_probability_over_uniform=0.644007
RG_SCORE round=680 layer=features.34 mean_q=0.305077 max_q=0.435126 fraction_q_positive=1.000000 sampling_entropy=6.231031 uniform_entropy=6.238325 entropy_gap=0.007294 max_probability_over_uniform=1.319710 min_probability_over_uniform=0.333760
RG_SCORE round=680 layer=features.37 mean_q=0.286570 max_q=0.410958 fraction_q_positive=1.000000 sampling_entropy=6.229328 uniform_entropy=6.238325 entropy_gap=0.008996 max_probability_over_uniform=1.325543 min_probability_over_uniform=0.353529
RG_SCORE round=680 layer=features.40 mean_q=0.201691 max_q=0.402244 fraction_q_positive=0.998047 sampling_entropy=6.198281 uniform_entropy=6.238325 entropy_gap=0.040043 max_probability_over_uniform=1.745768 min_probability_over_uniform=0.250000
ROUND_ACCURACY method=FedPhoenixRG-RCC round=680 accuracy=68.839996
********************************************************************************
Round 680
ROUND_ACCURACY method=FedPhoenixRG-RCC round=681 accuracy=72.169998
********************************************************************************
Round 681
ROUND_ACCURACY method=FedPhoenixRG-RCC round=682 accuracy=78.970001
********************************************************************************
Round 682
ROUND_ACCURACY method=FedPhoenixRG-RCC round=683 accuracy=80.139999
********************************************************************************
Round 683
ROUND_ACCURACY method=FedPhoenixRG-RCC round=684 accuracy=78.699997
********************************************************************************
Round 684
ROUND_ACCURACY method=FedPhoenixRG-RCC round=685 accuracy=73.529999
********************************************************************************
Round 685
ROUND_ACCURACY method=FedPhoenixRG-RCC round=686 accuracy=75.879997
********************************************************************************
Round 686
ROUND_ACCURACY method=FedPhoenixRG-RCC round=687 accuracy=71.419998
********************************************************************************
Round 687
ROUND_ACCURACY method=FedPhoenixRG-RCC round=688 accuracy=73.709999
********************************************************************************
Round 688
ROUND_ACCURACY method=FedPhoenixRG-RCC round=689 accuracy=77.620003
********************************************************************************
Round 689
ROUND_ACCURACY method=FedPhoenixRG-RCC round=690 accuracy=72.610001
********************************************************************************
Round 690
ROUND_ACCURACY method=FedPhoenixRG-RCC round=691 accuracy=78.709999
********************************************************************************
Round 691
ROUND_ACCURACY method=FedPhoenixRG-RCC round=692 accuracy=71.860001
********************************************************************************
Round 692
ROUND_ACCURACY method=FedPhoenixRG-RCC round=693 accuracy=78.949997
********************************************************************************
Round 693
ROUND_ACCURACY method=FedPhoenixRG-RCC round=694 accuracy=73.650002
********************************************************************************
Round 694
ROUND_ACCURACY method=FedPhoenixRG-RCC round=695 accuracy=79.440002
********************************************************************************
Round 695
ROUND_ACCURACY method=FedPhoenixRG-RCC round=696 accuracy=79.480003
********************************************************************************
Round 696
ROUND_ACCURACY method=FedPhoenixRG-RCC round=697 accuracy=71.669998
********************************************************************************
Round 697
ROUND_ACCURACY method=FedPhoenixRG-RCC round=698 accuracy=80.879997
********************************************************************************
Round 698
ROUND_ACCURACY method=FedPhoenixRG-RCC round=699 accuracy=78.279999
********************************************************************************
Round 699
RG_SCORE round=700 layer=features.0 mean_q=0.064616 max_q=0.272196 fraction_q_positive=0.703125 sampling_entropy=3.881442 uniform_entropy=4.158883 entropy_gap=0.277441 max_probability_over_uniform=3.409382 min_probability_over_uniform=0.250000
RG_SCORE round=700 layer=features.3 mean_q=0.065903 max_q=0.119842 fraction_q_positive=1.000000 sampling_entropy=4.130958 uniform_entropy=4.158883 entropy_gap=0.027925 max_probability_over_uniform=1.613836 min_probability_over_uniform=0.511726
RG_SCORE round=700 layer=features.7 mean_q=0.072577 max_q=0.128760 fraction_q_positive=1.000000 sampling_entropy=4.837039 uniform_entropy=4.852030 entropy_gap=0.014991 max_probability_over_uniform=1.580589 min_probability_over_uniform=0.621807
RG_SCORE round=700 layer=features.10 mean_q=0.068665 max_q=0.105854 fraction_q_positive=1.000000 sampling_entropy=4.844473 uniform_entropy=4.852030 entropy_gap=0.007557 max_probability_over_uniform=1.406203 min_probability_over_uniform=0.701230
RG_SCORE round=700 layer=features.14 mean_q=0.080447 max_q=0.134330 fraction_q_positive=1.000000 sampling_entropy=5.536463 uniform_entropy=5.545177 entropy_gap=0.008715 max_probability_over_uniform=1.502347 min_probability_over_uniform=0.661487
RG_SCORE round=700 layer=features.17 mean_q=0.081359 max_q=0.144953 fraction_q_positive=1.000000 sampling_entropy=5.537998 uniform_entropy=5.545177 entropy_gap=0.007180 max_probability_over_uniform=1.586242 min_probability_over_uniform=0.729178
RG_SCORE round=700 layer=features.20 mean_q=0.073035 max_q=0.098847 fraction_q_positive=1.000000 sampling_entropy=5.540262 uniform_entropy=5.545177 entropy_gap=0.004916 max_probability_over_uniform=1.265061 min_probability_over_uniform=0.683624
RG_SCORE round=700 layer=features.24 mean_q=0.106117 max_q=0.178018 fraction_q_positive=1.000000 sampling_entropy=6.229701 uniform_entropy=6.238325 entropy_gap=0.008624 max_probability_over_uniform=1.508169 min_probability_over_uniform=0.664025
RG_SCORE round=700 layer=features.27 mean_q=0.140314 max_q=0.206439 fraction_q_positive=1.000000 sampling_entropy=6.231184 uniform_entropy=6.238325 entropy_gap=0.007140 max_probability_over_uniform=1.353446 min_probability_over_uniform=0.675507
RG_SCORE round=700 layer=features.30 mean_q=0.117034 max_q=0.190396 fraction_q_positive=1.000000 sampling_entropy=6.231238 uniform_entropy=6.238325 entropy_gap=0.007086 max_probability_over_uniform=1.470131 min_probability_over_uniform=0.628418
RG_SCORE round=700 layer=features.34 mean_q=0.286693 max_q=0.401611 fraction_q_positive=1.000000 sampling_entropy=6.231315 uniform_entropy=6.238325 entropy_gap=0.007009 max_probability_over_uniform=1.300627 min_probability_over_uniform=0.626654
RG_SCORE round=700 layer=features.37 mean_q=0.282880 max_q=0.380645 fraction_q_positive=1.000000 sampling_entropy=6.230468 uniform_entropy=6.238325 entropy_gap=0.007856 max_probability_over_uniform=1.259205 min_probability_over_uniform=0.469027
RG_SCORE round=700 layer=features.40 mean_q=0.224619 max_q=0.400099 fraction_q_positive=1.000000 sampling_entropy=6.210696 uniform_entropy=6.238325 entropy_gap=0.027628 max_probability_over_uniform=1.585927 min_probability_over_uniform=0.323875
ROUND_ACCURACY method=FedPhoenixRG-RCC round=700 accuracy=81.070000
********************************************************************************
Round 700
ROUND_ACCURACY method=FedPhoenixRG-RCC round=701 accuracy=77.440002
********************************************************************************
Round 701
ROUND_ACCURACY method=FedPhoenixRG-RCC round=702 accuracy=70.870003
********************************************************************************
Round 702
ROUND_ACCURACY method=FedPhoenixRG-RCC round=703 accuracy=66.980003
********************************************************************************
Round 703
ROUND_ACCURACY method=FedPhoenixRG-RCC round=704 accuracy=80.080002
********************************************************************************
Round 704
ROUND_ACCURACY method=FedPhoenixRG-RCC round=705 accuracy=81.320000
********************************************************************************
Round 705
ROUND_ACCURACY method=FedPhoenixRG-RCC round=706 accuracy=81.910004
********************************************************************************
Round 706
ROUND_ACCURACY method=FedPhoenixRG-RCC round=707 accuracy=81.300003
********************************************************************************
Round 707
ROUND_ACCURACY method=FedPhoenixRG-RCC round=708 accuracy=80.720001
********************************************************************************
Round 708
ROUND_ACCURACY method=FedPhoenixRG-RCC round=709 accuracy=77.430000
********************************************************************************
Round 709
ROUND_ACCURACY method=FedPhoenixRG-RCC round=710 accuracy=80.459999
********************************************************************************
Round 710
ROUND_ACCURACY method=FedPhoenixRG-RCC round=711 accuracy=80.860001
********************************************************************************
Round 711
ROUND_ACCURACY method=FedPhoenixRG-RCC round=712 accuracy=73.589996
********************************************************************************
Round 712
ROUND_ACCURACY method=FedPhoenixRG-RCC round=713 accuracy=78.820000
********************************************************************************
Round 713
ROUND_ACCURACY method=FedPhoenixRG-RCC round=714 accuracy=74.550003
********************************************************************************
Round 714
ROUND_ACCURACY method=FedPhoenixRG-RCC round=715 accuracy=72.300003
********************************************************************************
Round 715
ROUND_ACCURACY method=FedPhoenixRG-RCC round=716 accuracy=78.639999
********************************************************************************
Round 716
ROUND_ACCURACY method=FedPhoenixRG-RCC round=717 accuracy=72.290001
********************************************************************************
Round 717
ROUND_ACCURACY method=FedPhoenixRG-RCC round=718 accuracy=75.120003
********************************************************************************
Round 718
ROUND_ACCURACY method=FedPhoenixRG-RCC round=719 accuracy=79.150002
********************************************************************************
Round 719
RG_SCORE round=720 layer=features.0 mean_q=0.077616 max_q=0.505670 fraction_q_positive=0.515625 sampling_entropy=3.650814 uniform_entropy=4.158883 entropy_gap=0.508069 max_probability_over_uniform=5.136291 min_probability_over_uniform=0.250000
RG_SCORE round=720 layer=features.3 mean_q=0.052402 max_q=0.139824 fraction_q_positive=0.859375 sampling_entropy=3.989780 uniform_entropy=4.158883 entropy_gap=0.169103 max_probability_over_uniform=2.251225 min_probability_over_uniform=0.250000
RG_SCORE round=720 layer=features.7 mean_q=0.045571 max_q=0.129656 fraction_q_positive=0.859375 sampling_entropy=4.690388 uniform_entropy=4.852030 entropy_gap=0.161642 max_probability_over_uniform=2.383843 min_probability_over_uniform=0.250000
RG_SCORE round=720 layer=features.10 mean_q=0.043231 max_q=0.117857 fraction_q_positive=0.945312 sampling_entropy=4.754048 uniform_entropy=4.852030 entropy_gap=0.097982 max_probability_over_uniform=2.294642 min_probability_over_uniform=0.250000
RG_SCORE round=720 layer=features.14 mean_q=0.048362 max_q=0.176965 fraction_q_positive=0.968750 sampling_entropy=5.477444 uniform_entropy=5.545177 entropy_gap=0.067734 max_probability_over_uniform=2.994377 min_probability_over_uniform=0.250000
RG_SCORE round=720 layer=features.17 mean_q=0.049868 max_q=0.117215 fraction_q_positive=0.992188 sampling_entropy=5.506348 uniform_entropy=5.545177 entropy_gap=0.038829 max_probability_over_uniform=2.012863 min_probability_over_uniform=0.250000
RG_SCORE round=720 layer=features.20 mean_q=0.045239 max_q=0.093229 fraction_q_positive=0.996094 sampling_entropy=5.515490 uniform_entropy=5.545177 entropy_gap=0.029688 max_probability_over_uniform=1.795616 min_probability_over_uniform=0.250000
RG_SCORE round=720 layer=features.24 mean_q=0.067701 max_q=0.161580 fraction_q_positive=0.992188 sampling_entropy=6.192358 uniform_entropy=6.238325 entropy_gap=0.045966 max_probability_over_uniform=2.039995 min_probability_over_uniform=0.250000
RG_SCORE round=720 layer=features.27 mean_q=0.087499 max_q=0.177418 fraction_q_positive=0.994141 sampling_entropy=6.204747 uniform_entropy=6.238325 entropy_gap=0.033578 max_probability_over_uniform=1.770739 min_probability_over_uniform=0.250000
RG_SCORE round=720 layer=features.30 mean_q=0.080942 max_q=0.179480 fraction_q_positive=0.996094 sampling_entropy=6.206123 uniform_entropy=6.238325 entropy_gap=0.032202 max_probability_over_uniform=1.913045 min_probability_over_uniform=0.250000
RG_SCORE round=720 layer=features.34 mean_q=0.186962 max_q=0.378743 fraction_q_positive=0.982422 sampling_entropy=6.183077 uniform_entropy=6.238325 entropy_gap=0.055248 max_probability_over_uniform=1.769335 min_probability_over_uniform=0.250000
RG_SCORE round=720 layer=features.37 mean_q=0.183265 max_q=0.343577 fraction_q_positive=0.988281 sampling_entropy=6.196754 uniform_entropy=6.238325 entropy_gap=0.041570 max_probability_over_uniform=1.656070 min_probability_over_uniform=0.250000
RG_SCORE round=720 layer=features.40 mean_q=0.105627 max_q=0.375780 fraction_q_positive=0.832031 sampling_entropy=6.057055 uniform_entropy=6.238325 entropy_gap=0.181269 max_probability_over_uniform=2.918201 min_probability_over_uniform=0.250000
ROUND_ACCURACY method=FedPhoenixRG-RCC round=720 accuracy=79.099998
********************************************************************************
Round 720
ROUND_ACCURACY method=FedPhoenixRG-RCC round=721 accuracy=77.099998
********************************************************************************
Round 721
ROUND_ACCURACY method=FedPhoenixRG-RCC round=722 accuracy=73.120003
********************************************************************************
Round 722
ROUND_ACCURACY method=FedPhoenixRG-RCC round=723 accuracy=74.959999
********************************************************************************
Round 723
ROUND_ACCURACY method=FedPhoenixRG-RCC round=724 accuracy=72.089996
********************************************************************************
Round 724
ROUND_ACCURACY method=FedPhoenixRG-RCC round=725 accuracy=70.220001
********************************************************************************
Round 725
ROUND_ACCURACY method=FedPhoenixRG-RCC round=726 accuracy=69.099998
********************************************************************************
Round 726
ROUND_ACCURACY method=FedPhoenixRG-RCC round=727 accuracy=79.570000
********************************************************************************
Round 727
ROUND_ACCURACY method=FedPhoenixRG-RCC round=728 accuracy=80.709999
********************************************************************************
Round 728
ROUND_ACCURACY method=FedPhoenixRG-RCC round=729 accuracy=75.290001
********************************************************************************
Round 729
ROUND_ACCURACY method=FedPhoenixRG-RCC round=730 accuracy=74.750000
********************************************************************************
Round 730
ROUND_ACCURACY method=FedPhoenixRG-RCC round=731 accuracy=77.029999
********************************************************************************
Round 731
ROUND_ACCURACY method=FedPhoenixRG-RCC round=732 accuracy=75.820000
********************************************************************************
Round 732
ROUND_ACCURACY method=FedPhoenixRG-RCC round=733 accuracy=69.269997
********************************************************************************
Round 733
ROUND_ACCURACY method=FedPhoenixRG-RCC round=734 accuracy=74.000000
********************************************************************************
Round 734
ROUND_ACCURACY method=FedPhoenixRG-RCC round=735 accuracy=57.720001
********************************************************************************
Round 735
ROUND_ACCURACY method=FedPhoenixRG-RCC round=736 accuracy=76.040001
********************************************************************************
Round 736
ROUND_ACCURACY method=FedPhoenixRG-RCC round=737 accuracy=78.389999
********************************************************************************
Round 737
ROUND_ACCURACY method=FedPhoenixRG-RCC round=738 accuracy=77.040001
********************************************************************************
Round 738
ROUND_ACCURACY method=FedPhoenixRG-RCC round=739 accuracy=80.000000
********************************************************************************
Round 739
RG_SCORE round=740 layer=features.0 mean_q=0.069857 max_q=0.252556 fraction_q_positive=0.734375 sampling_entropy=3.874186 uniform_entropy=4.158883 entropy_gap=0.284697 max_probability_over_uniform=2.961479 min_probability_over_uniform=0.250000
RG_SCORE round=740 layer=features.3 mean_q=0.054267 max_q=0.193032 fraction_q_positive=0.953125 sampling_entropy=4.062657 uniform_entropy=4.158883 entropy_gap=0.096226 max_probability_over_uniform=2.917815 min_probability_over_uniform=0.250000
RG_SCORE round=740 layer=features.7 mean_q=0.046806 max_q=0.092775 fraction_q_positive=0.992188 sampling_entropy=4.803325 uniform_entropy=4.852030 entropy_gap=0.048706 max_probability_over_uniform=1.736581 min_probability_over_uniform=0.250000
RG_SCORE round=740 layer=features.10 mean_q=0.044094 max_q=0.083813 fraction_q_positive=1.000000 sampling_entropy=4.818547 uniform_entropy=4.852030 entropy_gap=0.033483 max_probability_over_uniform=1.675583 min_probability_over_uniform=0.333076
RG_SCORE round=740 layer=features.14 mean_q=0.049317 max_q=0.107362 fraction_q_positive=0.996094 sampling_entropy=5.509401 uniform_entropy=5.545177 entropy_gap=0.035777 max_probability_over_uniform=1.882744 min_probability_over_uniform=0.250000
RG_SCORE round=740 layer=features.17 mean_q=0.051191 max_q=0.101900 fraction_q_positive=0.996094 sampling_entropy=5.518562 uniform_entropy=5.545177 entropy_gap=0.026616 max_probability_over_uniform=1.742947 min_probability_over_uniform=0.250000
RG_SCORE round=740 layer=features.20 mean_q=0.046575 max_q=0.086452 fraction_q_positive=1.000000 sampling_entropy=5.525542 uniform_entropy=5.545177 entropy_gap=0.019635 max_probability_over_uniform=1.642141 min_probability_over_uniform=0.406772
RG_SCORE round=740 layer=features.24 mean_q=0.073361 max_q=0.137178 fraction_q_positive=0.996094 sampling_entropy=6.208355 uniform_entropy=6.238325 entropy_gap=0.029969 max_probability_over_uniform=1.652416 min_probability_over_uniform=0.250000
RG_SCORE round=740 layer=features.27 mean_q=0.092455 max_q=0.151908 fraction_q_positive=1.000000 sampling_entropy=6.219774 uniform_entropy=6.238325 entropy_gap=0.018551 max_probability_over_uniform=1.482288 min_probability_over_uniform=0.437206
RG_SCORE round=740 layer=features.30 mean_q=0.088157 max_q=0.141853 fraction_q_positive=1.000000 sampling_entropy=6.226435 uniform_entropy=6.238325 entropy_gap=0.011890 max_probability_over_uniform=1.456829 min_probability_over_uniform=0.559813
RG_SCORE round=740 layer=features.34 mean_q=0.203410 max_q=0.342590 fraction_q_positive=1.000000 sampling_entropy=6.217352 uniform_entropy=6.238325 entropy_gap=0.020973 max_probability_over_uniform=1.513177 min_probability_over_uniform=0.392988
RG_SCORE round=740 layer=features.37 mean_q=0.221400 max_q=0.346761 fraction_q_positive=1.000000 sampling_entropy=6.220360 uniform_entropy=6.238325 entropy_gap=0.017965 max_probability_over_uniform=1.424667 min_probability_over_uniform=0.373211
RG_SCORE round=740 layer=features.40 mean_q=0.166285 max_q=0.343137 fraction_q_positive=0.996094 sampling_entropy=6.192615 uniform_entropy=6.238325 entropy_gap=0.045709 max_probability_over_uniform=1.797656 min_probability_over_uniform=0.250000
ROUND_ACCURACY method=FedPhoenixRG-RCC round=740 accuracy=62.380001
********************************************************************************
Round 740
ROUND_ACCURACY method=FedPhoenixRG-RCC round=741 accuracy=73.400002
********************************************************************************
Round 741
ROUND_ACCURACY method=FedPhoenixRG-RCC round=742 accuracy=64.220001
********************************************************************************
Round 742
ROUND_ACCURACY method=FedPhoenixRG-RCC round=743 accuracy=73.220001
********************************************************************************
Round 743
ROUND_ACCURACY method=FedPhoenixRG-RCC round=744 accuracy=81.279999
********************************************************************************
Round 744
ROUND_ACCURACY method=FedPhoenixRG-RCC round=745 accuracy=80.110001
********************************************************************************
Round 745
ROUND_ACCURACY method=FedPhoenixRG-RCC round=746 accuracy=75.160004
********************************************************************************
Round 746
ROUND_ACCURACY method=FedPhoenixRG-RCC round=747 accuracy=78.800003
********************************************************************************
Round 747
ROUND_ACCURACY method=FedPhoenixRG-RCC round=748 accuracy=77.370003
********************************************************************************
Round 748
ROUND_ACCURACY method=FedPhoenixRG-RCC round=749 accuracy=78.120003
********************************************************************************
Round 749
ROUND_ACCURACY method=FedPhoenixRG-RCC round=750 accuracy=80.400002
********************************************************************************
Round 750
ROUND_ACCURACY method=FedPhoenixRG-RCC round=751 accuracy=79.470001
********************************************************************************
Round 751
ROUND_ACCURACY method=FedPhoenixRG-RCC round=752 accuracy=74.290001
********************************************************************************
Round 752
ROUND_ACCURACY method=FedPhoenixRG-RCC round=753 accuracy=80.559998
********************************************************************************
Round 753
ROUND_ACCURACY method=FedPhoenixRG-RCC round=754 accuracy=74.559998
********************************************************************************
Round 754
ROUND_ACCURACY method=FedPhoenixRG-RCC round=755 accuracy=75.510002
********************************************************************************
Round 755
ROUND_ACCURACY method=FedPhoenixRG-RCC round=756 accuracy=81.489998
********************************************************************************
Round 756
ROUND_ACCURACY method=FedPhoenixRG-RCC round=757 accuracy=66.529999
********************************************************************************
Round 757
ROUND_ACCURACY method=FedPhoenixRG-RCC round=758 accuracy=69.870003
********************************************************************************
Round 758
ROUND_ACCURACY method=FedPhoenixRG-RCC round=759 accuracy=73.720001
********************************************************************************
Round 759
RG_SCORE round=760 layer=features.0 mean_q=0.122583 max_q=0.483809 fraction_q_positive=0.640625 sampling_entropy=3.848226 uniform_entropy=4.158883 entropy_gap=0.310657 max_probability_over_uniform=3.210097 min_probability_over_uniform=0.250000
RG_SCORE round=760 layer=features.3 mean_q=0.058154 max_q=0.164306 fraction_q_positive=0.703125 sampling_entropy=3.933916 uniform_entropy=4.158883 entropy_gap=0.224967 max_probability_over_uniform=2.369018 min_probability_over_uniform=0.250000
RG_SCORE round=760 layer=features.7 mean_q=0.057766 max_q=0.155456 fraction_q_positive=0.906250 sampling_entropy=4.726815 uniform_entropy=4.852030 entropy_gap=0.125215 max_probability_over_uniform=2.268352 min_probability_over_uniform=0.250000
RG_SCORE round=760 layer=features.10 mean_q=0.051155 max_q=0.122023 fraction_q_positive=0.984375 sampling_entropy=4.779749 uniform_entropy=4.852030 entropy_gap=0.072281 max_probability_over_uniform=2.039024 min_probability_over_uniform=0.250000
RG_SCORE round=760 layer=features.14 mean_q=0.050506 max_q=0.163596 fraction_q_positive=0.968750 sampling_entropy=5.459473 uniform_entropy=5.545177 entropy_gap=0.085705 max_probability_over_uniform=2.679351 min_probability_over_uniform=0.250000
RG_SCORE round=760 layer=features.17 mean_q=0.050373 max_q=0.112476 fraction_q_positive=0.976562 sampling_entropy=5.478728 uniform_entropy=5.545177 entropy_gap=0.066449 max_probability_over_uniform=1.924627 min_probability_over_uniform=0.250000
RG_SCORE round=760 layer=features.20 mean_q=0.044601 max_q=0.106040 fraction_q_positive=0.972656 sampling_entropy=5.473501 uniform_entropy=5.545177 entropy_gap=0.071677 max_probability_over_uniform=2.033134 min_probability_over_uniform=0.250000
RG_SCORE round=760 layer=features.24 mean_q=0.068969 max_q=0.174812 fraction_q_positive=0.929688 sampling_entropy=6.144181 uniform_entropy=6.238325 entropy_gap=0.094144 max_probability_over_uniform=2.150974 min_probability_over_uniform=0.250000
RG_SCORE round=760 layer=features.27 mean_q=0.086570 max_q=0.218402 fraction_q_positive=0.945312 sampling_entropy=6.164244 uniform_entropy=6.238325 entropy_gap=0.074081 max_probability_over_uniform=2.142120 min_probability_over_uniform=0.250000
RG_SCORE round=760 layer=features.30 mean_q=0.074046 max_q=0.203858 fraction_q_positive=0.945312 sampling_entropy=6.149736 uniform_entropy=6.238325 entropy_gap=0.088589 max_probability_over_uniform=2.314838 min_probability_over_uniform=0.250000
RG_SCORE round=760 layer=features.34 mean_q=0.168812 max_q=0.484862 fraction_q_positive=0.878906 sampling_entropy=6.115841 uniform_entropy=6.238325 entropy_gap=0.122484 max_probability_over_uniform=2.404146 min_probability_over_uniform=0.250000
RG_SCORE round=760 layer=features.37 mean_q=0.144719 max_q=0.427168 fraction_q_positive=0.914062 sampling_entropy=6.123643 uniform_entropy=6.238325 entropy_gap=0.114682 max_probability_over_uniform=2.463789 min_probability_over_uniform=0.250000
RG_SCORE round=760 layer=features.40 mean_q=0.111073 max_q=0.385976 fraction_q_positive=0.833984 sampling_entropy=6.055680 uniform_entropy=6.238325 entropy_gap=0.182645 max_probability_over_uniform=2.856231 min_probability_over_uniform=0.250000
ROUND_ACCURACY method=FedPhoenixRG-RCC round=760 accuracy=79.070000
********************************************************************************
Round 760
ROUND_ACCURACY method=FedPhoenixRG-RCC round=761 accuracy=74.750000
********************************************************************************
Round 761
ROUND_ACCURACY method=FedPhoenixRG-RCC round=762 accuracy=75.889999
********************************************************************************
Round 762
ROUND_ACCURACY method=FedPhoenixRG-RCC round=763 accuracy=81.160004
********************************************************************************
Round 763
ROUND_ACCURACY method=FedPhoenixRG-RCC round=764 accuracy=80.000000
********************************************************************************
Round 764
ROUND_ACCURACY method=FedPhoenixRG-RCC round=765 accuracy=80.360001
********************************************************************************
Round 765
ROUND_ACCURACY method=FedPhoenixRG-RCC round=766 accuracy=74.180000
********************************************************************************
Round 766
ROUND_ACCURACY method=FedPhoenixRG-RCC round=767 accuracy=77.709999
********************************************************************************
Round 767
ROUND_ACCURACY method=FedPhoenixRG-RCC round=768 accuracy=79.050003
********************************************************************************
Round 768
ROUND_ACCURACY method=FedPhoenixRG-RCC round=769 accuracy=71.919998
********************************************************************************
Round 769
ROUND_ACCURACY method=FedPhoenixRG-RCC round=770 accuracy=80.269997
********************************************************************************
Round 770
ROUND_ACCURACY method=FedPhoenixRG-RCC round=771 accuracy=77.699997
********************************************************************************
Round 771
ROUND_ACCURACY method=FedPhoenixRG-RCC round=772 accuracy=76.449997
********************************************************************************
Round 772
ROUND_ACCURACY method=FedPhoenixRG-RCC round=773 accuracy=79.209999
********************************************************************************
Round 773
ROUND_ACCURACY method=FedPhoenixRG-RCC round=774 accuracy=78.910004
********************************************************************************
Round 774
ROUND_ACCURACY method=FedPhoenixRG-RCC round=775 accuracy=72.769997
********************************************************************************
Round 775
ROUND_ACCURACY method=FedPhoenixRG-RCC round=776 accuracy=75.059998
********************************************************************************
Round 776
ROUND_ACCURACY method=FedPhoenixRG-RCC round=777 accuracy=81.000000
********************************************************************************
Round 777
ROUND_ACCURACY method=FedPhoenixRG-RCC round=778 accuracy=77.910004
********************************************************************************
Round 778
ROUND_ACCURACY method=FedPhoenixRG-RCC round=779 accuracy=55.439999
********************************************************************************
Round 779
RG_SCORE round=780 layer=features.0 mean_q=0.086463 max_q=0.374117 fraction_q_positive=0.593750 sampling_entropy=3.797781 uniform_entropy=4.158883 entropy_gap=0.361102 max_probability_over_uniform=3.495192 min_probability_over_uniform=0.250000
RG_SCORE round=780 layer=features.3 mean_q=0.015949 max_q=0.092861 fraction_q_positive=0.609375 sampling_entropy=3.736953 uniform_entropy=4.158883 entropy_gap=0.421930 max_probability_over_uniform=4.616874 min_probability_over_uniform=0.250000
RG_SCORE round=780 layer=features.7 mean_q=0.029000 max_q=0.112239 fraction_q_positive=0.695312 sampling_entropy=4.579409 uniform_entropy=4.852030 entropy_gap=0.272621 max_probability_over_uniform=3.152697 min_probability_over_uniform=0.250000
RG_SCORE round=780 layer=features.10 mean_q=0.025186 max_q=0.074477 fraction_q_positive=0.875000 sampling_entropy=4.697554 uniform_entropy=4.852030 entropy_gap=0.154476 max_probability_over_uniform=2.467766 min_probability_over_uniform=0.250000
RG_SCORE round=780 layer=features.14 mean_q=0.032235 max_q=0.108699 fraction_q_positive=0.949219 sampling_entropy=5.444030 uniform_entropy=5.545177 entropy_gap=0.101147 max_probability_over_uniform=2.779049 min_probability_over_uniform=0.250000
RG_SCORE round=780 layer=features.17 mean_q=0.036358 max_q=0.092196 fraction_q_positive=0.992188 sampling_entropy=5.493590 uniform_entropy=5.545177 entropy_gap=0.051588 max_probability_over_uniform=2.151814 min_probability_over_uniform=0.250000
RG_SCORE round=780 layer=features.20 mean_q=0.034506 max_q=0.066313 fraction_q_positive=0.992188 sampling_entropy=5.502990 uniform_entropy=5.545177 entropy_gap=0.042187 max_probability_over_uniform=1.691338 min_probability_over_uniform=0.250000
RG_SCORE round=780 layer=features.24 mean_q=0.060033 max_q=0.139599 fraction_q_positive=0.994141 sampling_entropy=6.192227 uniform_entropy=6.238325 entropy_gap=0.046097 max_probability_over_uniform=1.994022 min_probability_over_uniform=0.250000
RG_SCORE round=780 layer=features.27 mean_q=0.085354 max_q=0.152179 fraction_q_positive=1.000000 sampling_entropy=6.203907 uniform_entropy=6.238325 entropy_gap=0.034417 max_probability_over_uniform=1.587185 min_probability_over_uniform=0.319489
RG_SCORE round=780 layer=features.30 mean_q=0.076229 max_q=0.139502 fraction_q_positive=1.000000 sampling_entropy=6.215064 uniform_entropy=6.238325 entropy_gap=0.023261 max_probability_over_uniform=1.622534 min_probability_over_uniform=0.301912
RG_SCORE round=780 layer=features.34 mean_q=0.166787 max_q=0.318980 fraction_q_positive=0.994141 sampling_entropy=6.196450 uniform_entropy=6.238325 entropy_gap=0.041874 max_probability_over_uniform=1.684379 min_probability_over_uniform=0.250000
RG_SCORE round=780 layer=features.37 mean_q=0.163345 max_q=0.357652 fraction_q_positive=0.964844 sampling_entropy=6.171140 uniform_entropy=6.238325 entropy_gap=0.067184 max_probability_over_uniform=1.892159 min_probability_over_uniform=0.250000
RG_SCORE round=780 layer=features.40 mean_q=0.141156 max_q=0.312176 fraction_q_positive=0.974609 sampling_entropy=6.166944 uniform_entropy=6.238325 entropy_gap=0.071381 max_probability_over_uniform=1.908668 min_probability_over_uniform=0.250000
ROUND_ACCURACY method=FedPhoenixRG-RCC round=780 accuracy=76.360001
********************************************************************************
Round 780
ROUND_ACCURACY method=FedPhoenixRG-RCC round=781 accuracy=63.720001
********************************************************************************
Round 781
ROUND_ACCURACY method=FedPhoenixRG-RCC round=782 accuracy=72.720001
********************************************************************************
Round 782
ROUND_ACCURACY method=FedPhoenixRG-RCC round=783 accuracy=81.489998
********************************************************************************
Round 783
ROUND_ACCURACY method=FedPhoenixRG-RCC round=784 accuracy=69.739998
********************************************************************************
Round 784
ROUND_ACCURACY method=FedPhoenixRG-RCC round=785 accuracy=73.620003
********************************************************************************
Round 785
ROUND_ACCURACY method=FedPhoenixRG-RCC round=786 accuracy=71.129997
********************************************************************************
Round 786
ROUND_ACCURACY method=FedPhoenixRG-RCC round=787 accuracy=79.389999
********************************************************************************
Round 787
ROUND_ACCURACY method=FedPhoenixRG-RCC round=788 accuracy=81.830002
********************************************************************************
Round 788
ROUND_ACCURACY method=FedPhoenixRG-RCC round=789 accuracy=80.330002
********************************************************************************
Round 789
ROUND_ACCURACY method=FedPhoenixRG-RCC round=790 accuracy=79.930000
********************************************************************************
Round 790
ROUND_ACCURACY method=FedPhoenixRG-RCC round=791 accuracy=82.110001
********************************************************************************
Round 791
ROUND_ACCURACY method=FedPhoenixRG-RCC round=792 accuracy=77.720001
********************************************************************************
Round 792
ROUND_ACCURACY method=FedPhoenixRG-RCC round=793 accuracy=79.730003
********************************************************************************
Round 793
ROUND_ACCURACY method=FedPhoenixRG-RCC round=794 accuracy=78.629997
********************************************************************************
Round 794
ROUND_ACCURACY method=FedPhoenixRG-RCC round=795 accuracy=80.919998
********************************************************************************
Round 795
ROUND_ACCURACY method=FedPhoenixRG-RCC round=796 accuracy=77.050003
********************************************************************************
Round 796
ROUND_ACCURACY method=FedPhoenixRG-RCC round=797 accuracy=75.070000
********************************************************************************
Round 797
ROUND_ACCURACY method=FedPhoenixRG-RCC round=798 accuracy=80.830002
********************************************************************************
Round 798
ROUND_ACCURACY method=FedPhoenixRG-RCC round=799 accuracy=81.650002
********************************************************************************
Round 799
RG_SCORE round=800 layer=features.0 mean_q=0.084909 max_q=0.346892 fraction_q_positive=0.828125 sampling_entropy=3.987810 uniform_entropy=4.158883 entropy_gap=0.171073 max_probability_over_uniform=3.314078 min_probability_over_uniform=0.250000
RG_SCORE round=800 layer=features.3 mean_q=0.061242 max_q=0.112624 fraction_q_positive=1.000000 sampling_entropy=4.127465 uniform_entropy=4.158883 entropy_gap=0.031418 max_probability_over_uniform=1.629243 min_probability_over_uniform=0.496044
RG_SCORE round=800 layer=features.7 mean_q=0.064093 max_q=0.151888 fraction_q_positive=1.000000 sampling_entropy=4.820163 uniform_entropy=4.852030 entropy_gap=0.031868 max_probability_over_uniform=2.027342 min_probability_over_uniform=0.456853
RG_SCORE round=800 layer=features.10 mean_q=0.058764 max_q=0.110612 fraction_q_positive=1.000000 sampling_entropy=4.837201 uniform_entropy=4.852030 entropy_gap=0.014830 max_probability_over_uniform=1.661745 min_probability_over_uniform=0.697909
RG_SCORE round=800 layer=features.14 mean_q=0.065093 max_q=0.148925 fraction_q_positive=1.000000 sampling_entropy=5.525757 uniform_entropy=5.545177 entropy_gap=0.019421 max_probability_over_uniform=1.965928 min_probability_over_uniform=0.570434
RG_SCORE round=800 layer=features.17 mean_q=0.063072 max_q=0.114463 fraction_q_positive=1.000000 sampling_entropy=5.527811 uniform_entropy=5.545177 entropy_gap=0.017367 max_probability_over_uniform=1.611113 min_probability_over_uniform=0.569057
RG_SCORE round=800 layer=features.20 mean_q=0.055457 max_q=0.080065 fraction_q_positive=1.000000 sampling_entropy=5.536822 uniform_entropy=5.545177 entropy_gap=0.008356 max_probability_over_uniform=1.332794 min_probability_over_uniform=0.708579
RG_SCORE round=800 layer=features.24 mean_q=0.098006 max_q=0.190514 fraction_q_positive=1.000000 sampling_entropy=6.224589 uniform_entropy=6.238325 entropy_gap=0.013735 max_probability_over_uniform=1.707919 min_probability_over_uniform=0.631242
RG_SCORE round=800 layer=features.27 mean_q=0.140160 max_q=0.204131 fraction_q_positive=1.000000 sampling_entropy=6.231109 uniform_entropy=6.238325 entropy_gap=0.007216 max_probability_over_uniform=1.342311 min_probability_over_uniform=0.645592
RG_SCORE round=800 layer=features.30 mean_q=0.115153 max_q=0.165808 fraction_q_positive=1.000000 sampling_entropy=6.229320 uniform_entropy=6.238325 entropy_gap=0.009005 max_probability_over_uniform=1.329925 min_probability_over_uniform=0.558778
RG_SCORE round=800 layer=features.34 mean_q=0.269145 max_q=0.417020 fraction_q_positive=1.000000 sampling_entropy=6.225331 uniform_entropy=6.238325 entropy_gap=0.012993 max_probability_over_uniform=1.412072 min_probability_over_uniform=0.441398
RG_SCORE round=800 layer=features.37 mean_q=0.250143 max_q=0.412074 fraction_q_positive=0.998047 sampling_entropy=6.222497 uniform_entropy=6.238325 entropy_gap=0.015828 max_probability_over_uniform=1.485515 min_probability_over_uniform=0.250000
RG_SCORE round=800 layer=features.40 mean_q=0.137479 max_q=0.520187 fraction_q_positive=0.939453 sampling_entropy=6.128312 uniform_entropy=6.238325 entropy_gap=0.110013 max_probability_over_uniform=3.087814 min_probability_over_uniform=0.250000
ROUND_ACCURACY method=FedPhoenixRG-RCC round=800 accuracy=80.480003
********************************************************************************
Round 800
ROUND_ACCURACY method=FedPhoenixRG-RCC round=801 accuracy=79.599998
********************************************************************************
Round 801
ROUND_ACCURACY method=FedPhoenixRG-RCC round=802 accuracy=78.440002
********************************************************************************
Round 802
ROUND_ACCURACY method=FedPhoenixRG-RCC round=803 accuracy=81.400002
********************************************************************************
Round 803
ROUND_ACCURACY method=FedPhoenixRG-RCC round=804 accuracy=77.680000
********************************************************************************
Round 804
ROUND_ACCURACY method=FedPhoenixRG-RCC round=805 accuracy=69.989998
********************************************************************************
Round 805
ROUND_ACCURACY method=FedPhoenixRG-RCC round=806 accuracy=79.500000
********************************************************************************
Round 806
ROUND_ACCURACY method=FedPhoenixRG-RCC round=807 accuracy=67.639999
********************************************************************************
Round 807
ROUND_ACCURACY method=FedPhoenixRG-RCC round=808 accuracy=71.790001
********************************************************************************
Round 808
ROUND_ACCURACY method=FedPhoenixRG-RCC round=809 accuracy=79.570000
********************************************************************************
Round 809
ROUND_ACCURACY method=FedPhoenixRG-RCC round=810 accuracy=81.089996
********************************************************************************
Round 810
ROUND_ACCURACY method=FedPhoenixRG-RCC round=811 accuracy=73.000000
********************************************************************************
Round 811
ROUND_ACCURACY method=FedPhoenixRG-RCC round=812 accuracy=80.330002
********************************************************************************
Round 812
ROUND_ACCURACY method=FedPhoenixRG-RCC round=813 accuracy=80.849998
********************************************************************************
Round 813
ROUND_ACCURACY method=FedPhoenixRG-RCC round=814 accuracy=78.129997
********************************************************************************
Round 814
ROUND_ACCURACY method=FedPhoenixRG-RCC round=815 accuracy=80.870003
********************************************************************************
Round 815
ROUND_ACCURACY method=FedPhoenixRG-RCC round=816 accuracy=81.500000
********************************************************************************
Round 816
ROUND_ACCURACY method=FedPhoenixRG-RCC round=817 accuracy=80.970001
********************************************************************************
Round 817
ROUND_ACCURACY method=FedPhoenixRG-RCC round=818 accuracy=81.230003
********************************************************************************
Round 818
ROUND_ACCURACY method=FedPhoenixRG-RCC round=819 accuracy=80.910004
********************************************************************************
Round 819
RG_SCORE round=820 layer=features.0 mean_q=0.066632 max_q=0.188781 fraction_q_positive=0.765625 sampling_entropy=3.929917 uniform_entropy=4.158883 entropy_gap=0.228966 max_probability_over_uniform=2.374878 min_probability_over_uniform=0.250000
RG_SCORE round=820 layer=features.3 mean_q=0.056914 max_q=0.106622 fraction_q_positive=1.000000 sampling_entropy=4.122586 uniform_entropy=4.158883 entropy_gap=0.036297 max_probability_over_uniform=1.655050 min_probability_over_uniform=0.476621
RG_SCORE round=820 layer=features.7 mean_q=0.060707 max_q=0.143835 fraction_q_positive=1.000000 sampling_entropy=4.815951 uniform_entropy=4.852030 entropy_gap=0.036079 max_probability_over_uniform=2.027007 min_probability_over_uniform=0.417102
RG_SCORE round=820 layer=features.10 mean_q=0.057019 max_q=0.090735 fraction_q_positive=1.000000 sampling_entropy=4.840104 uniform_entropy=4.852030 entropy_gap=0.011926 max_probability_over_uniform=1.443491 min_probability_over_uniform=0.565892
RG_SCORE round=820 layer=features.14 mean_q=0.064990 max_q=0.131002 fraction_q_positive=1.000000 sampling_entropy=5.527795 uniform_entropy=5.545177 entropy_gap=0.017383 max_probability_over_uniform=1.761806 min_probability_over_uniform=0.601025
RG_SCORE round=820 layer=features.17 mean_q=0.064129 max_q=0.118217 fraction_q_positive=1.000000 sampling_entropy=5.531232 uniform_entropy=5.545177 entropy_gap=0.013946 max_probability_over_uniform=1.632566 min_probability_over_uniform=0.631319
RG_SCORE round=820 layer=features.20 mean_q=0.057074 max_q=0.088126 fraction_q_positive=1.000000 sampling_entropy=5.537073 uniform_entropy=5.545177 entropy_gap=0.008104 max_probability_over_uniform=1.408052 min_probability_over_uniform=0.674984
RG_SCORE round=820 layer=features.24 mean_q=0.096869 max_q=0.175177 fraction_q_positive=1.000000 sampling_entropy=6.224223 uniform_entropy=6.238325 entropy_gap=0.014102 max_probability_over_uniform=1.606292 min_probability_over_uniform=0.497333
RG_SCORE round=820 layer=features.27 mean_q=0.132531 max_q=0.194984 fraction_q_positive=1.000000 sampling_entropy=6.231877 uniform_entropy=6.238325 entropy_gap=0.006448 max_probability_over_uniform=1.353424 min_probability_over_uniform=0.622246
RG_SCORE round=820 layer=features.30 mean_q=0.100155 max_q=0.146024 fraction_q_positive=1.000000 sampling_entropy=6.230828 uniform_entropy=6.238325 entropy_gap=0.007496 max_probability_over_uniform=1.343486 min_probability_over_uniform=0.611379
RG_SCORE round=820 layer=features.34 mean_q=0.263650 max_q=0.369059 fraction_q_positive=1.000000 sampling_entropy=6.226270 uniform_entropy=6.238325 entropy_gap=0.012055 max_probability_over_uniform=1.299855 min_probability_over_uniform=0.335565
RG_SCORE round=820 layer=features.37 mean_q=0.256106 max_q=0.369367 fraction_q_positive=1.000000 sampling_entropy=6.225521 uniform_entropy=6.238325 entropy_gap=0.012804 max_probability_over_uniform=1.331683 min_probability_over_uniform=0.329975
RG_SCORE round=820 layer=features.40 mean_q=0.191035 max_q=0.372514 fraction_q_positive=1.000000 sampling_entropy=6.206381 uniform_entropy=6.238325 entropy_gap=0.031944 max_probability_over_uniform=1.712485 min_probability_over_uniform=0.326897
ROUND_ACCURACY method=FedPhoenixRG-RCC round=820 accuracy=80.919998
********************************************************************************
Round 820
ROUND_ACCURACY method=FedPhoenixRG-RCC round=821 accuracy=81.150002
********************************************************************************
Round 821
ROUND_ACCURACY method=FedPhoenixRG-RCC round=822 accuracy=76.529999
********************************************************************************
Round 822
ROUND_ACCURACY method=FedPhoenixRG-RCC round=823 accuracy=56.849998
********************************************************************************
Round 823
ROUND_ACCURACY method=FedPhoenixRG-RCC round=824 accuracy=63.110001
********************************************************************************
Round 824
ROUND_ACCURACY method=FedPhoenixRG-RCC round=825 accuracy=73.019997
********************************************************************************
Round 825
ROUND_ACCURACY method=FedPhoenixRG-RCC round=826 accuracy=77.940002
********************************************************************************
Round 826
ROUND_ACCURACY method=FedPhoenixRG-RCC round=827 accuracy=64.580002
********************************************************************************
Round 827
ROUND_ACCURACY method=FedPhoenixRG-RCC round=828 accuracy=65.769997
********************************************************************************
Round 828
ROUND_ACCURACY method=FedPhoenixRG-RCC round=829 accuracy=77.349998
********************************************************************************
Round 829
ROUND_ACCURACY method=FedPhoenixRG-RCC round=830 accuracy=66.529999
********************************************************************************
Round 830
ROUND_ACCURACY method=FedPhoenixRG-RCC round=831 accuracy=74.320000
********************************************************************************
Round 831
ROUND_ACCURACY method=FedPhoenixRG-RCC round=832 accuracy=80.699997
********************************************************************************
Round 832
ROUND_ACCURACY method=FedPhoenixRG-RCC round=833 accuracy=74.669998
********************************************************************************
Round 833
ROUND_ACCURACY method=FedPhoenixRG-RCC round=834 accuracy=80.529999
********************************************************************************
Round 834
ROUND_ACCURACY method=FedPhoenixRG-RCC round=835 accuracy=72.779999
********************************************************************************
Round 835
ROUND_ACCURACY method=FedPhoenixRG-RCC round=836 accuracy=79.260002
********************************************************************************
Round 836
ROUND_ACCURACY method=FedPhoenixRG-RCC round=837 accuracy=82.059998
********************************************************************************
Round 837
ROUND_ACCURACY method=FedPhoenixRG-RCC round=838 accuracy=81.730003
********************************************************************************
Round 838
ROUND_ACCURACY method=FedPhoenixRG-RCC round=839 accuracy=79.739998
********************************************************************************
Round 839
RG_SCORE round=840 layer=features.0 mean_q=0.072680 max_q=0.244353 fraction_q_positive=0.843750 sampling_entropy=3.949416 uniform_entropy=4.158883 entropy_gap=0.209467 max_probability_over_uniform=2.771532 min_probability_over_uniform=0.250000
RG_SCORE round=840 layer=features.3 mean_q=0.049209 max_q=0.085585 fraction_q_positive=1.000000 sampling_entropy=4.124436 uniform_entropy=4.158883 entropy_gap=0.034447 max_probability_over_uniform=1.554420 min_probability_over_uniform=0.372739
RG_SCORE round=840 layer=features.7 mean_q=0.054368 max_q=0.112806 fraction_q_positive=0.992188 sampling_entropy=4.816345 uniform_entropy=4.852030 entropy_gap=0.035685 max_probability_over_uniform=1.806135 min_probability_over_uniform=0.250000
RG_SCORE round=840 layer=features.10 mean_q=0.054913 max_q=0.092955 fraction_q_positive=1.000000 sampling_entropy=4.839947 uniform_entropy=4.852030 entropy_gap=0.012083 max_probability_over_uniform=1.519571 min_probability_over_uniform=0.603330
RG_SCORE round=840 layer=features.14 mean_q=0.062967 max_q=0.118070 fraction_q_positive=1.000000 sampling_entropy=5.532502 uniform_entropy=5.545177 entropy_gap=0.012675 max_probability_over_uniform=1.656332 min_probability_over_uniform=0.603250
RG_SCORE round=840 layer=features.17 mean_q=0.060272 max_q=0.105608 fraction_q_positive=1.000000 sampling_entropy=5.532507 uniform_entropy=5.545177 entropy_gap=0.012670 max_probability_over_uniform=1.564134 min_probability_over_uniform=0.580352
RG_SCORE round=840 layer=features.20 mean_q=0.053471 max_q=0.077164 fraction_q_positive=1.000000 sampling_entropy=5.538009 uniform_entropy=5.545177 entropy_gap=0.007169 max_probability_over_uniform=1.332332 min_probability_over_uniform=0.735259
RG_SCORE round=840 layer=features.24 mean_q=0.087946 max_q=0.203993 fraction_q_positive=1.000000 sampling_entropy=6.220762 uniform_entropy=6.238325 entropy_gap=0.017563 max_probability_over_uniform=1.989643 min_probability_over_uniform=0.593591
RG_SCORE round=840 layer=features.27 mean_q=0.118316 max_q=0.186658 fraction_q_positive=1.000000 sampling_entropy=6.228292 uniform_entropy=6.238325 entropy_gap=0.010033 max_probability_over_uniform=1.433218 min_probability_over_uniform=0.627746
RG_SCORE round=840 layer=features.30 mean_q=0.088899 max_q=0.172600 fraction_q_positive=1.000000 sampling_entropy=6.226233 uniform_entropy=6.238325 entropy_gap=0.012092 max_probability_over_uniform=1.706153 min_probability_over_uniform=0.545382
RG_SCORE round=840 layer=features.34 mean_q=0.204749 max_q=0.351110 fraction_q_positive=1.000000 sampling_entropy=6.218883 uniform_entropy=6.238325 entropy_gap=0.019442 max_probability_over_uniform=1.536121 min_probability_over_uniform=0.390554
RG_SCORE round=840 layer=features.37 mean_q=0.188220 max_q=0.349626 fraction_q_positive=1.000000 sampling_entropy=6.213983 uniform_entropy=6.238325 entropy_gap=0.024341 max_probability_over_uniform=1.643156 min_probability_over_uniform=0.401202
RG_SCORE round=840 layer=features.40 mean_q=0.107260 max_q=0.277943 fraction_q_positive=0.992188 sampling_entropy=6.161327 uniform_entropy=6.238325 entropy_gap=0.076997 max_probability_over_uniform=2.193480 min_probability_over_uniform=0.250000
ROUND_ACCURACY method=FedPhoenixRG-RCC round=840 accuracy=69.169998
********************************************************************************
Round 840
ROUND_ACCURACY method=FedPhoenixRG-RCC round=841 accuracy=78.459999
********************************************************************************
Round 841
ROUND_ACCURACY method=FedPhoenixRG-RCC round=842 accuracy=71.750000
********************************************************************************
Round 842
ROUND_ACCURACY method=FedPhoenixRG-RCC round=843 accuracy=81.129997
********************************************************************************
Round 843
ROUND_ACCURACY method=FedPhoenixRG-RCC round=844 accuracy=80.160004
********************************************************************************
Round 844
ROUND_ACCURACY method=FedPhoenixRG-RCC round=845 accuracy=78.599998
********************************************************************************
Round 845
ROUND_ACCURACY method=FedPhoenixRG-RCC round=846 accuracy=73.209999
********************************************************************************
Round 846
ROUND_ACCURACY method=FedPhoenixRG-RCC round=847 accuracy=78.309998
********************************************************************************
Round 847
ROUND_ACCURACY method=FedPhoenixRG-RCC round=848 accuracy=82.250000
********************************************************************************
Round 848
ROUND_ACCURACY method=FedPhoenixRG-RCC round=849 accuracy=81.180000
********************************************************************************
Round 849
ROUND_ACCURACY method=FedPhoenixRG-RCC round=850 accuracy=72.400002
********************************************************************************
Round 850
ROUND_ACCURACY method=FedPhoenixRG-RCC round=851 accuracy=79.820000
********************************************************************************
Round 851
ROUND_ACCURACY method=FedPhoenixRG-RCC round=852 accuracy=73.010002
********************************************************************************
Round 852
ROUND_ACCURACY method=FedPhoenixRG-RCC round=853 accuracy=76.980003
********************************************************************************
Round 853
ROUND_ACCURACY method=FedPhoenixRG-RCC round=854 accuracy=72.070000
********************************************************************************
Round 854
ROUND_ACCURACY method=FedPhoenixRG-RCC round=855 accuracy=71.180000
********************************************************************************
Round 855
ROUND_ACCURACY method=FedPhoenixRG-RCC round=856 accuracy=80.419998
********************************************************************************
Round 856
ROUND_ACCURACY method=FedPhoenixRG-RCC round=857 accuracy=79.230003
********************************************************************************
Round 857
ROUND_ACCURACY method=FedPhoenixRG-RCC round=858 accuracy=81.209999
********************************************************************************
Round 858
ROUND_ACCURACY method=FedPhoenixRG-RCC round=859 accuracy=80.449997
********************************************************************************
Round 859
RG_SCORE round=860 layer=features.0 mean_q=0.031890 max_q=0.224625 fraction_q_positive=0.640625 sampling_entropy=3.734295 uniform_entropy=4.158883 entropy_gap=0.424588 max_probability_over_uniform=5.532773 min_probability_over_uniform=0.250000
RG_SCORE round=860 layer=features.3 mean_q=0.020748 max_q=0.048417 fraction_q_positive=0.968750 sampling_entropy=4.069429 uniform_entropy=4.158883 entropy_gap=0.089454 max_probability_over_uniform=2.000180 min_probability_over_uniform=0.250000
RG_SCORE round=860 layer=features.7 mean_q=0.018402 max_q=0.057662 fraction_q_positive=0.968750 sampling_entropy=4.726119 uniform_entropy=4.852030 entropy_gap=0.125911 max_probability_over_uniform=2.600094 min_probability_over_uniform=0.250000
RG_SCORE round=860 layer=features.10 mean_q=0.017433 max_q=0.042730 fraction_q_positive=1.000000 sampling_entropy=4.790024 uniform_entropy=4.852030 entropy_gap=0.062006 max_probability_over_uniform=2.088363 min_probability_over_uniform=0.392700
RG_SCORE round=860 layer=features.14 mean_q=0.023439 max_q=0.082698 fraction_q_positive=0.996094 sampling_entropy=5.480651 uniform_entropy=5.545177 entropy_gap=0.064527 max_probability_over_uniform=2.896152 min_probability_over_uniform=0.250000
RG_SCORE round=860 layer=features.17 mean_q=0.022038 max_q=0.069562 fraction_q_positive=1.000000 sampling_entropy=5.477397 uniform_entropy=5.545177 entropy_gap=0.067781 max_probability_over_uniform=2.617310 min_probability_over_uniform=0.285398
RG_SCORE round=860 layer=features.20 mean_q=0.018029 max_q=0.045430 fraction_q_positive=0.996094 sampling_entropy=5.493355 uniform_entropy=5.545177 entropy_gap=0.051823 max_probability_over_uniform=2.139843 min_probability_over_uniform=0.250000
RG_SCORE round=860 layer=features.24 mean_q=0.042219 max_q=0.155682 fraction_q_positive=0.998047 sampling_entropy=6.132442 uniform_entropy=6.238325 entropy_gap=0.105883 max_probability_over_uniform=3.015607 min_probability_over_uniform=0.250000
RG_SCORE round=860 layer=features.27 mean_q=0.070675 max_q=0.180180 fraction_q_positive=1.000000 sampling_entropy=6.157516 uniform_entropy=6.238325 entropy_gap=0.080809 max_probability_over_uniform=2.162059 min_probability_over_uniform=0.263999
RG_SCORE round=860 layer=features.30 mean_q=0.048111 max_q=0.128825 fraction_q_positive=1.000000 sampling_entropy=6.166325 uniform_entropy=6.238325 entropy_gap=0.072000 max_probability_over_uniform=2.258252 min_probability_over_uniform=0.266288
RG_SCORE round=860 layer=features.34 mean_q=0.167727 max_q=0.339473 fraction_q_positive=0.988281 sampling_entropy=6.151956 uniform_entropy=6.238325 entropy_gap=0.086369 max_probability_over_uniform=1.767970 min_probability_over_uniform=0.250000
RG_SCORE round=860 layer=features.37 mean_q=0.145410 max_q=0.314583 fraction_q_positive=0.992188 sampling_entropy=6.161074 uniform_entropy=6.238325 entropy_gap=0.077250 max_probability_over_uniform=1.872569 min_probability_over_uniform=0.250000
RG_SCORE round=860 layer=features.40 mean_q=0.071733 max_q=0.282530 fraction_q_positive=0.894531 sampling_entropy=6.066054 uniform_entropy=6.238325 entropy_gap=0.172270 max_probability_over_uniform=3.203973 min_probability_over_uniform=0.250000
ROUND_ACCURACY method=FedPhoenixRG-RCC round=860 accuracy=75.930000
********************************************************************************
Round 860
ROUND_ACCURACY method=FedPhoenixRG-RCC round=861 accuracy=74.290001
********************************************************************************
Round 861
ROUND_ACCURACY method=FedPhoenixRG-RCC round=862 accuracy=76.629997
********************************************************************************
Round 862
ROUND_ACCURACY method=FedPhoenixRG-RCC round=863 accuracy=73.440002
********************************************************************************
Round 863
ROUND_ACCURACY method=FedPhoenixRG-RCC round=864 accuracy=74.580002
********************************************************************************
Round 864
ROUND_ACCURACY method=FedPhoenixRG-RCC round=865 accuracy=75.839996
********************************************************************************
Round 865
ROUND_ACCURACY method=FedPhoenixRG-RCC round=866 accuracy=73.669998
********************************************************************************
Round 866
ROUND_ACCURACY method=FedPhoenixRG-RCC round=867 accuracy=79.940002
********************************************************************************
Round 867
ROUND_ACCURACY method=FedPhoenixRG-RCC round=868 accuracy=73.480003
********************************************************************************
Round 868
ROUND_ACCURACY method=FedPhoenixRG-RCC round=869 accuracy=80.760002
********************************************************************************
Round 869
ROUND_ACCURACY method=FedPhoenixRG-RCC round=870 accuracy=79.440002
********************************************************************************
Round 870
ROUND_ACCURACY method=FedPhoenixRG-RCC round=871 accuracy=81.809998
********************************************************************************
Round 871
ROUND_ACCURACY method=FedPhoenixRG-RCC round=872 accuracy=81.589996
********************************************************************************
Round 872
ROUND_ACCURACY method=FedPhoenixRG-RCC round=873 accuracy=81.470001
********************************************************************************
Round 873
ROUND_ACCURACY method=FedPhoenixRG-RCC round=874 accuracy=78.949997
********************************************************************************
Round 874
ROUND_ACCURACY method=FedPhoenixRG-RCC round=875 accuracy=81.040001
********************************************************************************
Round 875
ROUND_ACCURACY method=FedPhoenixRG-RCC round=876 accuracy=82.070000
********************************************************************************
Round 876
ROUND_ACCURACY method=FedPhoenixRG-RCC round=877 accuracy=78.449997
********************************************************************************
Round 877
ROUND_ACCURACY method=FedPhoenixRG-RCC round=878 accuracy=77.320000
********************************************************************************
Round 878
ROUND_ACCURACY method=FedPhoenixRG-RCC round=879 accuracy=71.000000
********************************************************************************
Round 879
RG_SCORE round=880 layer=features.0 mean_q=0.064672 max_q=0.195625 fraction_q_positive=0.859375 sampling_entropy=3.971338 uniform_entropy=4.158883 entropy_gap=0.187545 max_probability_over_uniform=2.518651 min_probability_over_uniform=0.250000
RG_SCORE round=880 layer=features.3 mean_q=0.049723 max_q=0.112773 fraction_q_positive=1.000000 sampling_entropy=4.108165 uniform_entropy=4.158883 entropy_gap=0.050718 max_probability_over_uniform=1.951013 min_probability_over_uniform=0.391677
RG_SCORE round=880 layer=features.7 mean_q=0.053031 max_q=0.144220 fraction_q_positive=1.000000 sampling_entropy=4.809717 uniform_entropy=4.852030 entropy_gap=0.042313 max_probability_over_uniform=2.289656 min_probability_over_uniform=0.484326
RG_SCORE round=880 layer=features.10 mean_q=0.050705 max_q=0.085191 fraction_q_positive=1.000000 sampling_entropy=4.837369 uniform_entropy=4.852030 entropy_gap=0.014662 max_probability_over_uniform=1.510094 min_probability_over_uniform=0.576294
RG_SCORE round=880 layer=features.14 mean_q=0.059725 max_q=0.130840 fraction_q_positive=1.000000 sampling_entropy=5.524627 uniform_entropy=5.545177 entropy_gap=0.020550 max_probability_over_uniform=1.893029 min_probability_over_uniform=0.539050
RG_SCORE round=880 layer=features.17 mean_q=0.058046 max_q=0.105162 fraction_q_positive=1.000000 sampling_entropy=5.529066 uniform_entropy=5.545177 entropy_gap=0.016111 max_probability_over_uniform=1.608767 min_probability_over_uniform=0.646486
RG_SCORE round=880 layer=features.20 mean_q=0.048955 max_q=0.079011 fraction_q_positive=1.000000 sampling_entropy=5.533779 uniform_entropy=5.545177 entropy_gap=0.011398 max_probability_over_uniform=1.460465 min_probability_over_uniform=0.650341
RG_SCORE round=880 layer=features.24 mean_q=0.091874 max_q=0.202442 fraction_q_positive=1.000000 sampling_entropy=6.218229 uniform_entropy=6.238325 entropy_gap=0.020096 max_probability_over_uniform=1.902609 min_probability_over_uniform=0.564350
RG_SCORE round=880 layer=features.27 mean_q=0.137396 max_q=0.189494 fraction_q_positive=1.000000 sampling_entropy=6.232588 uniform_entropy=6.238325 entropy_gap=0.005736 max_probability_over_uniform=1.284391 min_probability_over_uniform=0.695514
RG_SCORE round=880 layer=features.30 mean_q=0.095604 max_q=0.145360 fraction_q_positive=1.000000 sampling_entropy=6.226770 uniform_entropy=6.238325 entropy_gap=0.011555 max_probability_over_uniform=1.390326 min_probability_over_uniform=0.521726
RG_SCORE round=880 layer=features.34 mean_q=0.215650 max_q=0.315736 fraction_q_positive=1.000000 sampling_entropy=6.213476 uniform_entropy=6.238325 entropy_gap=0.024848 max_probability_over_uniform=1.348085 min_probability_over_uniform=0.294058
RG_SCORE round=880 layer=features.37 mean_q=0.206328 max_q=0.343915 fraction_q_positive=1.000000 sampling_entropy=6.212511 uniform_entropy=6.238325 entropy_gap=0.025813 max_probability_over_uniform=1.500127 min_probability_over_uniform=0.261669
RG_SCORE round=880 layer=features.40 mean_q=0.147511 max_q=0.269529 fraction_q_positive=1.000000 sampling_entropy=6.204726 uniform_entropy=6.238325 entropy_gap=0.033599 max_probability_over_uniform=1.620383 min_probability_over_uniform=0.266211
ROUND_ACCURACY method=FedPhoenixRG-RCC round=880 accuracy=82.209999
********************************************************************************
Round 880
ROUND_ACCURACY method=FedPhoenixRG-RCC round=881 accuracy=80.099998
********************************************************************************
Round 881
ROUND_ACCURACY method=FedPhoenixRG-RCC round=882 accuracy=80.910004
********************************************************************************
Round 882
ROUND_ACCURACY method=FedPhoenixRG-RCC round=883 accuracy=76.599998
********************************************************************************
Round 883
ROUND_ACCURACY method=FedPhoenixRG-RCC round=884 accuracy=80.889999
********************************************************************************
Round 884
ROUND_ACCURACY method=FedPhoenixRG-RCC round=885 accuracy=77.000000
********************************************************************************
Round 885
ROUND_ACCURACY method=FedPhoenixRG-RCC round=886 accuracy=67.000000
********************************************************************************
Round 886
ROUND_ACCURACY method=FedPhoenixRG-RCC round=887 accuracy=70.790001
********************************************************************************
Round 887
ROUND_ACCURACY method=FedPhoenixRG-RCC round=888 accuracy=79.580002
********************************************************************************
Round 888
ROUND_ACCURACY method=FedPhoenixRG-RCC round=889 accuracy=81.720001
********************************************************************************
Round 889
ROUND_ACCURACY method=FedPhoenixRG-RCC round=890 accuracy=80.419998
********************************************************************************
Round 890
ROUND_ACCURACY method=FedPhoenixRG-RCC round=891 accuracy=81.529999
********************************************************************************
Round 891
ROUND_ACCURACY method=FedPhoenixRG-RCC round=892 accuracy=77.470001
********************************************************************************
Round 892
ROUND_ACCURACY method=FedPhoenixRG-RCC round=893 accuracy=78.449997
********************************************************************************
Round 893
ROUND_ACCURACY method=FedPhoenixRG-RCC round=894 accuracy=73.639999
********************************************************************************
Round 894
ROUND_ACCURACY method=FedPhoenixRG-RCC round=895 accuracy=79.440002
********************************************************************************
Round 895
ROUND_ACCURACY method=FedPhoenixRG-RCC round=896 accuracy=78.070000
********************************************************************************
Round 896
ROUND_ACCURACY method=FedPhoenixRG-RCC round=897 accuracy=75.599998
********************************************************************************
Round 897
ROUND_ACCURACY method=FedPhoenixRG-RCC round=898 accuracy=70.519997
********************************************************************************
Round 898
ROUND_ACCURACY method=FedPhoenixRG-RCC round=899 accuracy=80.629997
********************************************************************************
Round 899
RG_SCORE round=900 layer=features.0 mean_q=0.033323 max_q=0.204757 fraction_q_positive=0.671875 sampling_entropy=3.807223 uniform_entropy=4.158883 entropy_gap=0.351660 max_probability_over_uniform=4.858494 min_probability_over_uniform=0.250000
RG_SCORE round=900 layer=features.3 mean_q=0.016363 max_q=0.047312 fraction_q_positive=0.875000 sampling_entropy=3.979882 uniform_entropy=4.158883 entropy_gap=0.179001 max_probability_over_uniform=2.418597 min_probability_over_uniform=0.250000
RG_SCORE round=900 layer=features.7 mean_q=0.016417 max_q=0.043919 fraction_q_positive=0.968750 sampling_entropy=4.768644 uniform_entropy=4.852030 entropy_gap=0.083386 max_probability_over_uniform=2.256450 min_probability_over_uniform=0.250000
RG_SCORE round=900 layer=features.10 mean_q=0.015055 max_q=0.032990 fraction_q_positive=0.968750 sampling_entropy=4.778051 uniform_entropy=4.852030 entropy_gap=0.073979 max_probability_over_uniform=1.893460 min_probability_over_uniform=0.250000
RG_SCORE round=900 layer=features.14 mean_q=0.016402 max_q=0.051952 fraction_q_positive=0.996094 sampling_entropy=5.473510 uniform_entropy=5.545177 entropy_gap=0.071667 max_probability_over_uniform=2.625638 min_probability_over_uniform=0.250000
RG_SCORE round=900 layer=features.17 mean_q=0.015444 max_q=0.044260 fraction_q_positive=0.992188 sampling_entropy=5.484767 uniform_entropy=5.545177 entropy_gap=0.060411 max_probability_over_uniform=2.399419 min_probability_over_uniform=0.250000
RG_SCORE round=900 layer=features.20 mean_q=0.014364 max_q=0.035042 fraction_q_positive=0.996094 sampling_entropy=5.473193 uniform_entropy=5.545177 entropy_gap=0.071984 max_probability_over_uniform=2.079728 min_probability_over_uniform=0.250000
RG_SCORE round=900 layer=features.24 mean_q=0.024141 max_q=0.099924 fraction_q_positive=0.982422 sampling_entropy=6.110105 uniform_entropy=6.238325 entropy_gap=0.128220 max_probability_over_uniform=3.354370 min_probability_over_uniform=0.250000
RG_SCORE round=900 layer=features.27 mean_q=0.038116 max_q=0.149754 fraction_q_positive=1.000000 sampling_entropy=6.116649 uniform_entropy=6.238325 entropy_gap=0.121676 max_probability_over_uniform=3.196672 min_probability_over_uniform=0.252642
RG_SCORE round=900 layer=features.30 mean_q=0.024649 max_q=0.116015 fraction_q_positive=1.000000 sampling_entropy=6.077057 uniform_entropy=6.238325 entropy_gap=0.161268 max_probability_over_uniform=3.780034 min_probability_over_uniform=0.255375
RG_SCORE round=900 layer=features.34 mean_q=0.114953 max_q=0.344876 fraction_q_positive=0.982422 sampling_entropy=6.100021 uniform_entropy=6.238325 entropy_gap=0.138303 max_probability_over_uniform=2.500110 min_probability_over_uniform=0.250000
RG_SCORE round=900 layer=features.37 mean_q=0.162449 max_q=0.373740 fraction_q_positive=0.998047 sampling_entropy=6.162170 uniform_entropy=6.238325 entropy_gap=0.076155 max_probability_over_uniform=1.975493 min_probability_over_uniform=0.250000
RG_SCORE round=900 layer=features.40 mean_q=0.101805 max_q=0.277048 fraction_q_positive=0.994141 sampling_entropy=6.150129 uniform_entropy=6.238325 entropy_gap=0.088196 max_probability_over_uniform=2.291026 min_probability_over_uniform=0.250000
ROUND_ACCURACY method=FedPhoenixRG-RCC round=900 accuracy=80.180000
********************************************************************************
Round 900
ROUND_ACCURACY method=FedPhoenixRG-RCC round=901 accuracy=80.330002
********************************************************************************
Round 901
ROUND_ACCURACY method=FedPhoenixRG-RCC round=902 accuracy=81.620003
********************************************************************************
Round 902
ROUND_ACCURACY method=FedPhoenixRG-RCC round=903 accuracy=80.750000
********************************************************************************
Round 903
ROUND_ACCURACY method=FedPhoenixRG-RCC round=904 accuracy=80.879997
********************************************************************************
Round 904
ROUND_ACCURACY method=FedPhoenixRG-RCC round=905 accuracy=81.449997
********************************************************************************
Round 905
ROUND_ACCURACY method=FedPhoenixRG-RCC round=906 accuracy=79.519997
********************************************************************************
Round 906
ROUND_ACCURACY method=FedPhoenixRG-RCC round=907 accuracy=79.720001
********************************************************************************
Round 907
ROUND_ACCURACY method=FedPhoenixRG-RCC round=908 accuracy=81.180000
********************************************************************************
Round 908
ROUND_ACCURACY method=FedPhoenixRG-RCC round=909 accuracy=78.690002
********************************************************************************
Round 909
ROUND_ACCURACY method=FedPhoenixRG-RCC round=910 accuracy=80.599998
********************************************************************************
Round 910
ROUND_ACCURACY method=FedPhoenixRG-RCC round=911 accuracy=80.800003
********************************************************************************
Round 911
ROUND_ACCURACY method=FedPhoenixRG-RCC round=912 accuracy=81.180000
********************************************************************************
Round 912
ROUND_ACCURACY method=FedPhoenixRG-RCC round=913 accuracy=74.150002
********************************************************************************
Round 913
ROUND_ACCURACY method=FedPhoenixRG-RCC round=914 accuracy=73.410004
********************************************************************************
Round 914
ROUND_ACCURACY method=FedPhoenixRG-RCC round=915 accuracy=81.589996
********************************************************************************
Round 915
ROUND_ACCURACY method=FedPhoenixRG-RCC round=916 accuracy=79.800003
********************************************************************************
Round 916
ROUND_ACCURACY method=FedPhoenixRG-RCC round=917 accuracy=80.839996
********************************************************************************
Round 917
ROUND_ACCURACY method=FedPhoenixRG-RCC round=918 accuracy=80.510002
********************************************************************************
Round 918
ROUND_ACCURACY method=FedPhoenixRG-RCC round=919 accuracy=81.290001
********************************************************************************
Round 919
RG_SCORE round=920 layer=features.0 mean_q=0.052195 max_q=0.256075 fraction_q_positive=0.734375 sampling_entropy=3.861987 uniform_entropy=4.158883 entropy_gap=0.296896 max_probability_over_uniform=3.929595 min_probability_over_uniform=0.250000
RG_SCORE round=920 layer=features.3 mean_q=0.052196 max_q=0.097312 fraction_q_positive=1.000000 sampling_entropy=4.109697 uniform_entropy=4.158883 entropy_gap=0.049186 max_probability_over_uniform=1.648273 min_probability_over_uniform=0.299362
RG_SCORE round=920 layer=features.7 mean_q=0.053497 max_q=0.110731 fraction_q_positive=1.000000 sampling_entropy=4.823320 uniform_entropy=4.852030 entropy_gap=0.028710 max_probability_over_uniform=1.802404 min_probability_over_uniform=0.299613
RG_SCORE round=920 layer=features.10 mean_q=0.046662 max_q=0.080555 fraction_q_positive=1.000000 sampling_entropy=4.830170 uniform_entropy=4.852030 entropy_gap=0.021860 max_probability_over_uniform=1.544771 min_probability_over_uniform=0.546395
RG_SCORE round=920 layer=features.14 mean_q=0.053153 max_q=0.151882 fraction_q_positive=1.000000 sampling_entropy=5.514763 uniform_entropy=5.545177 entropy_gap=0.030415 max_probability_over_uniform=2.393065 min_probability_over_uniform=0.392275
RG_SCORE round=920 layer=features.17 mean_q=0.050484 max_q=0.099813 fraction_q_positive=1.000000 sampling_entropy=5.519709 uniform_entropy=5.545177 entropy_gap=0.025469 max_probability_over_uniform=1.732834 min_probability_over_uniform=0.447166
RG_SCORE round=920 layer=features.20 mean_q=0.043420 max_q=0.074995 fraction_q_positive=1.000000 sampling_entropy=5.529724 uniform_entropy=5.545177 entropy_gap=0.015453 max_probability_over_uniform=1.545402 min_probability_over_uniform=0.506707
RG_SCORE round=920 layer=features.24 mean_q=0.083216 max_q=0.190737 fraction_q_positive=1.000000 sampling_entropy=6.217936 uniform_entropy=6.238325 entropy_gap=0.020388 max_probability_over_uniform=1.969060 min_probability_over_uniform=0.576827
RG_SCORE round=920 layer=features.27 mean_q=0.132940 max_q=0.197001 fraction_q_positive=1.000000 sampling_entropy=6.231953 uniform_entropy=6.238325 entropy_gap=0.006372 max_probability_over_uniform=1.361404 min_probability_over_uniform=0.643678
RG_SCORE round=920 layer=features.30 mean_q=0.098303 max_q=0.154081 fraction_q_positive=1.000000 sampling_entropy=6.230450 uniform_entropy=6.238325 entropy_gap=0.007875 max_probability_over_uniform=1.425556 min_probability_over_uniform=0.605341
RG_SCORE round=920 layer=features.34 mean_q=0.287917 max_q=0.393693 fraction_q_positive=0.998047 sampling_entropy=6.230178 uniform_entropy=6.238325 entropy_gap=0.008147 max_probability_over_uniform=1.275538 min_probability_over_uniform=0.250000
RG_SCORE round=920 layer=features.37 mean_q=0.313968 max_q=0.429939 fraction_q_positive=1.000000 sampling_entropy=6.231336 uniform_entropy=6.238325 entropy_gap=0.006988 max_probability_over_uniform=1.277030 min_probability_over_uniform=0.543016
RG_SCORE round=920 layer=features.40 mean_q=0.227730 max_q=0.376332 fraction_q_positive=0.998047 sampling_entropy=6.216414 uniform_entropy=6.238325 entropy_gap=0.021911 max_probability_over_uniform=1.489401 min_probability_over_uniform=0.250000
ROUND_ACCURACY method=FedPhoenixRG-RCC round=920 accuracy=71.809998
********************************************************************************
Round 920
ROUND_ACCURACY method=FedPhoenixRG-RCC round=921 accuracy=81.139999
********************************************************************************
Round 921
ROUND_ACCURACY method=FedPhoenixRG-RCC round=922 accuracy=82.040001
********************************************************************************
Round 922
ROUND_ACCURACY method=FedPhoenixRG-RCC round=923 accuracy=79.699997
********************************************************************************
Round 923
ROUND_ACCURACY method=FedPhoenixRG-RCC round=924 accuracy=75.599998
********************************************************************************
Round 924
ROUND_ACCURACY method=FedPhoenixRG-RCC round=925 accuracy=79.739998
********************************************************************************
Round 925
ROUND_ACCURACY method=FedPhoenixRG-RCC round=926 accuracy=79.779999
********************************************************************************
Round 926
ROUND_ACCURACY method=FedPhoenixRG-RCC round=927 accuracy=76.959999
********************************************************************************
Round 927
ROUND_ACCURACY method=FedPhoenixRG-RCC round=928 accuracy=78.690002
********************************************************************************
Round 928
ROUND_ACCURACY method=FedPhoenixRG-RCC round=929 accuracy=78.720001
********************************************************************************
Round 929
ROUND_ACCURACY method=FedPhoenixRG-RCC round=930 accuracy=81.290001
********************************************************************************
Round 930
ROUND_ACCURACY method=FedPhoenixRG-RCC round=931 accuracy=81.580002
********************************************************************************
Round 931
ROUND_ACCURACY method=FedPhoenixRG-RCC round=932 accuracy=81.510002
********************************************************************************
Round 932
ROUND_ACCURACY method=FedPhoenixRG-RCC round=933 accuracy=80.629997
********************************************************************************
Round 933
ROUND_ACCURACY method=FedPhoenixRG-RCC round=934 accuracy=81.209999
********************************************************************************
Round 934
ROUND_ACCURACY method=FedPhoenixRG-RCC round=935 accuracy=79.949997
********************************************************************************
Round 935
ROUND_ACCURACY method=FedPhoenixRG-RCC round=936 accuracy=73.940002
********************************************************************************
Round 936
ROUND_ACCURACY method=FedPhoenixRG-RCC round=937 accuracy=80.580002
********************************************************************************
Round 937
ROUND_ACCURACY method=FedPhoenixRG-RCC round=938 accuracy=81.309998
********************************************************************************
Round 938
ROUND_ACCURACY method=FedPhoenixRG-RCC round=939 accuracy=77.330002
********************************************************************************
Round 939
RG_SCORE round=940 layer=features.0 mean_q=0.035675 max_q=0.164435 fraction_q_positive=0.609375 sampling_entropy=3.809277 uniform_entropy=4.158883 entropy_gap=0.349606 max_probability_over_uniform=3.706977 min_probability_over_uniform=0.250000
RG_SCORE round=940 layer=features.3 mean_q=0.015725 max_q=0.067985 fraction_q_positive=0.796875 sampling_entropy=3.916967 uniform_entropy=4.158883 entropy_gap=0.241916 max_probability_over_uniform=3.492617 min_probability_over_uniform=0.250000
RG_SCORE round=940 layer=features.7 mean_q=0.017076 max_q=0.049934 fraction_q_positive=0.945312 sampling_entropy=4.729703 uniform_entropy=4.852030 entropy_gap=0.122327 max_probability_over_uniform=2.443181 min_probability_over_uniform=0.250000
RG_SCORE round=940 layer=features.10 mean_q=0.016477 max_q=0.058792 fraction_q_positive=1.000000 sampling_entropy=4.777662 uniform_entropy=4.852030 entropy_gap=0.074368 max_probability_over_uniform=2.926157 min_probability_over_uniform=0.252319
RG_SCORE round=940 layer=features.14 mean_q=0.018594 max_q=0.056420 fraction_q_positive=0.992188 sampling_entropy=5.485043 uniform_entropy=5.545177 entropy_gap=0.060134 max_probability_over_uniform=2.525704 min_probability_over_uniform=0.250000
RG_SCORE round=940 layer=features.17 mean_q=0.018483 max_q=0.060599 fraction_q_positive=1.000000 sampling_entropy=5.497131 uniform_entropy=5.545177 entropy_gap=0.048047 max_probability_over_uniform=2.708939 min_probability_over_uniform=0.282100
RG_SCORE round=940 layer=features.20 mean_q=0.015886 max_q=0.035767 fraction_q_positive=1.000000 sampling_entropy=5.490947 uniform_entropy=5.545177 entropy_gap=0.054230 max_probability_over_uniform=1.938535 min_probability_over_uniform=0.250013
RG_SCORE round=940 layer=features.24 mean_q=0.029797 max_q=0.090237 fraction_q_positive=0.994141 sampling_entropy=6.170458 uniform_entropy=6.238325 entropy_gap=0.067867 max_probability_over_uniform=2.521257 min_probability_over_uniform=0.250000
RG_SCORE round=940 layer=features.27 mean_q=0.052208 max_q=0.114194 fraction_q_positive=0.994141 sampling_entropy=6.186263 uniform_entropy=6.238325 entropy_gap=0.052062 max_probability_over_uniform=1.890475 min_probability_over_uniform=0.250000
RG_SCORE round=940 layer=features.30 mean_q=0.037296 max_q=0.089389 fraction_q_positive=0.998047 sampling_entropy=6.194164 uniform_entropy=6.238325 entropy_gap=0.044161 max_probability_over_uniform=2.047558 min_probability_over_uniform=0.250000
RG_SCORE round=940 layer=features.34 mean_q=0.114317 max_q=0.268031 fraction_q_positive=0.984375 sampling_entropy=6.169834 uniform_entropy=6.238325 entropy_gap=0.068491 max_probability_over_uniform=2.008464 min_probability_over_uniform=0.250000
RG_SCORE round=940 layer=features.37 mean_q=0.122769 max_q=0.294032 fraction_q_positive=0.994141 sampling_entropy=6.173099 uniform_entropy=6.238325 entropy_gap=0.065225 max_probability_over_uniform=2.046247 min_probability_over_uniform=0.250000
RG_SCORE round=940 layer=features.40 mean_q=0.053275 max_q=0.249667 fraction_q_positive=0.908203 sampling_entropy=6.057477 uniform_entropy=6.238325 entropy_gap=0.180848 max_probability_over_uniform=3.764770 min_probability_over_uniform=0.250000
ROUND_ACCURACY method=FedPhoenixRG-RCC round=940 accuracy=63.070000
********************************************************************************
Round 940
ROUND_ACCURACY method=FedPhoenixRG-RCC round=941 accuracy=69.809998
********************************************************************************
Round 941
ROUND_ACCURACY method=FedPhoenixRG-RCC round=942 accuracy=63.849998
********************************************************************************
Round 942
ROUND_ACCURACY method=FedPhoenixRG-RCC round=943 accuracy=70.180000
********************************************************************************
Round 943
ROUND_ACCURACY method=FedPhoenixRG-RCC round=944 accuracy=70.430000
********************************************************************************
Round 944
ROUND_ACCURACY method=FedPhoenixRG-RCC round=945 accuracy=79.860001
********************************************************************************
Round 945
ROUND_ACCURACY method=FedPhoenixRG-RCC round=946 accuracy=72.510002
********************************************************************************
Round 946
ROUND_ACCURACY method=FedPhoenixRG-RCC round=947 accuracy=79.540001
********************************************************************************
Round 947
ROUND_ACCURACY method=FedPhoenixRG-RCC round=948 accuracy=80.760002
********************************************************************************
Round 948
ROUND_ACCURACY method=FedPhoenixRG-RCC round=949 accuracy=81.129997
********************************************************************************
Round 949
ROUND_ACCURACY method=FedPhoenixRG-RCC round=950 accuracy=80.769997
********************************************************************************
Round 950
ROUND_ACCURACY method=FedPhoenixRG-RCC round=951 accuracy=79.370003
********************************************************************************
Round 951
ROUND_ACCURACY method=FedPhoenixRG-RCC round=952 accuracy=81.589996
********************************************************************************
Round 952
ROUND_ACCURACY method=FedPhoenixRG-RCC round=953 accuracy=77.300003
********************************************************************************
Round 953
ROUND_ACCURACY method=FedPhoenixRG-RCC round=954 accuracy=79.809998
********************************************************************************
Round 954
ROUND_ACCURACY method=FedPhoenixRG-RCC round=955 accuracy=77.050003
********************************************************************************
Round 955
ROUND_ACCURACY method=FedPhoenixRG-RCC round=956 accuracy=80.110001
********************************************************************************
Round 956
ROUND_ACCURACY method=FedPhoenixRG-RCC round=957 accuracy=79.790001
********************************************************************************
Round 957
ROUND_ACCURACY method=FedPhoenixRG-RCC round=958 accuracy=80.110001
********************************************************************************
Round 958
ROUND_ACCURACY method=FedPhoenixRG-RCC round=959 accuracy=79.940002
********************************************************************************
Round 959
RG_SCORE round=960 layer=features.0 mean_q=0.071361 max_q=0.229537 fraction_q_positive=0.765625 sampling_entropy=3.955837 uniform_entropy=4.158883 entropy_gap=0.203046 max_probability_over_uniform=2.662416 min_probability_over_uniform=0.250000
RG_SCORE round=960 layer=features.3 mean_q=0.052374 max_q=0.100207 fraction_q_positive=0.953125 sampling_entropy=4.094078 uniform_entropy=4.158883 entropy_gap=0.064805 max_probability_over_uniform=1.684980 min_probability_over_uniform=0.250000
RG_SCORE round=960 layer=features.7 mean_q=0.056197 max_q=0.125235 fraction_q_positive=0.992188 sampling_entropy=4.800356 uniform_entropy=4.852030 entropy_gap=0.051675 max_probability_over_uniform=1.921367 min_probability_over_uniform=0.250000
RG_SCORE round=960 layer=features.10 mean_q=0.053708 max_q=0.097507 fraction_q_positive=1.000000 sampling_entropy=4.831114 uniform_entropy=4.852030 entropy_gap=0.020917 max_probability_over_uniform=1.611620 min_probability_over_uniform=0.583634
RG_SCORE round=960 layer=features.14 mean_q=0.060598 max_q=0.120472 fraction_q_positive=1.000000 sampling_entropy=5.525559 uniform_entropy=5.545177 entropy_gap=0.019619 max_probability_over_uniform=1.741049 min_probability_over_uniform=0.565089
RG_SCORE round=960 layer=features.17 mean_q=0.059002 max_q=0.122385 fraction_q_positive=1.000000 sampling_entropy=5.523180 uniform_entropy=5.545177 entropy_gap=0.021997 max_probability_over_uniform=1.805686 min_probability_over_uniform=0.518153
RG_SCORE round=960 layer=features.20 mean_q=0.049280 max_q=0.081906 fraction_q_positive=1.000000 sampling_entropy=5.530843 uniform_entropy=5.545177 entropy_gap=0.014334 max_probability_over_uniform=1.496535 min_probability_over_uniform=0.565791
RG_SCORE round=960 layer=features.24 mean_q=0.087092 max_q=0.196509 fraction_q_positive=1.000000 sampling_entropy=6.215574 uniform_entropy=6.238325 entropy_gap=0.022750 max_probability_over_uniform=1.942258 min_probability_over_uniform=0.437080
RG_SCORE round=960 layer=features.27 mean_q=0.126400 max_q=0.182890 fraction_q_positive=1.000000 sampling_entropy=6.226367 uniform_entropy=6.238325 entropy_gap=0.011958 max_probability_over_uniform=1.335186 min_probability_over_uniform=0.557316
RG_SCORE round=960 layer=features.30 mean_q=0.086534 max_q=0.150688 fraction_q_positive=1.000000 sampling_entropy=6.222277 uniform_entropy=6.238325 entropy_gap=0.016048 max_probability_over_uniform=1.556031 min_probability_over_uniform=0.560858
RG_SCORE round=960 layer=features.34 mean_q=0.207377 max_q=0.348576 fraction_q_positive=0.996094 sampling_entropy=6.203707 uniform_entropy=6.238325 entropy_gap=0.034617 max_probability_over_uniform=1.510658 min_probability_over_uniform=0.250000
RG_SCORE round=960 layer=features.37 mean_q=0.181631 max_q=0.320869 fraction_q_positive=1.000000 sampling_entropy=6.211679 uniform_entropy=6.238325 entropy_gap=0.026646 max_probability_over_uniform=1.574949 min_probability_over_uniform=0.327093
RG_SCORE round=960 layer=features.40 mean_q=0.132945 max_q=0.295521 fraction_q_positive=0.996094 sampling_entropy=6.185133 uniform_entropy=6.238325 entropy_gap=0.053191 max_probability_over_uniform=1.917166 min_probability_over_uniform=0.250000
ROUND_ACCURACY method=FedPhoenixRG-RCC round=960 accuracy=72.260002
********************************************************************************
Round 960
ROUND_ACCURACY method=FedPhoenixRG-RCC round=961 accuracy=80.050003
********************************************************************************
Round 961
ROUND_ACCURACY method=FedPhoenixRG-RCC round=962 accuracy=78.480003
********************************************************************************
Round 962
ROUND_ACCURACY method=FedPhoenixRG-RCC round=963 accuracy=81.410004
********************************************************************************
Round 963
ROUND_ACCURACY method=FedPhoenixRG-RCC round=964 accuracy=80.410004
********************************************************************************
Round 964
ROUND_ACCURACY method=FedPhoenixRG-RCC round=965 accuracy=80.860001
********************************************************************************
Round 965
ROUND_ACCURACY method=FedPhoenixRG-RCC round=966 accuracy=81.360001
********************************************************************************
Round 966
ROUND_ACCURACY method=FedPhoenixRG-RCC round=967 accuracy=81.580002
********************************************************************************
Round 967
ROUND_ACCURACY method=FedPhoenixRG-RCC round=968 accuracy=81.120003
********************************************************************************
Round 968
ROUND_ACCURACY method=FedPhoenixRG-RCC round=969 accuracy=81.739998
********************************************************************************
Round 969
ROUND_ACCURACY method=FedPhoenixRG-RCC round=970 accuracy=81.779999
********************************************************************************
Round 970
ROUND_ACCURACY method=FedPhoenixRG-RCC round=971 accuracy=81.480003
********************************************************************************
Round 971
ROUND_ACCURACY method=FedPhoenixRG-RCC round=972 accuracy=81.029999
********************************************************************************
Round 972
ROUND_ACCURACY method=FedPhoenixRG-RCC round=973 accuracy=81.260002
********************************************************************************
Round 973
ROUND_ACCURACY method=FedPhoenixRG-RCC round=974 accuracy=80.430000
********************************************************************************
Round 974
ROUND_ACCURACY method=FedPhoenixRG-RCC round=975 accuracy=80.970001
********************************************************************************
Round 975
ROUND_ACCURACY method=FedPhoenixRG-RCC round=976 accuracy=81.849998
********************************************************************************
Round 976
ROUND_ACCURACY method=FedPhoenixRG-RCC round=977 accuracy=81.059998
********************************************************************************
Round 977
ROUND_ACCURACY method=FedPhoenixRG-RCC round=978 accuracy=80.260002
********************************************************************************
Round 978
ROUND_ACCURACY method=FedPhoenixRG-RCC round=979 accuracy=81.629997
********************************************************************************
Round 979
RG_SCORE round=980 layer=features.0 mean_q=0.072036 max_q=0.232003 fraction_q_positive=0.765625 sampling_entropy=3.912782 uniform_entropy=4.158883 entropy_gap=0.246101 max_probability_over_uniform=2.665482 min_probability_over_uniform=0.250000
RG_SCORE round=980 layer=features.3 mean_q=0.054391 max_q=0.100968 fraction_q_positive=0.968750 sampling_entropy=4.089089 uniform_entropy=4.158883 entropy_gap=0.069795 max_probability_over_uniform=1.642246 min_probability_over_uniform=0.250000
RG_SCORE round=980 layer=features.7 mean_q=0.048508 max_q=0.116558 fraction_q_positive=1.000000 sampling_entropy=4.792933 uniform_entropy=4.852030 entropy_gap=0.059097 max_probability_over_uniform=2.052151 min_probability_over_uniform=0.357110
RG_SCORE round=980 layer=features.10 mean_q=0.044026 max_q=0.091737 fraction_q_positive=1.000000 sampling_entropy=4.827139 uniform_entropy=4.852030 entropy_gap=0.024892 max_probability_over_uniform=1.812756 min_probability_over_uniform=0.425418
RG_SCORE round=980 layer=features.14 mean_q=0.052396 max_q=0.116059 fraction_q_positive=1.000000 sampling_entropy=5.517907 uniform_entropy=5.545177 entropy_gap=0.027270 max_probability_over_uniform=1.911266 min_probability_over_uniform=0.516099
RG_SCORE round=980 layer=features.17 mean_q=0.051030 max_q=0.105699 fraction_q_positive=1.000000 sampling_entropy=5.517169 uniform_entropy=5.545177 entropy_gap=0.028009 max_probability_over_uniform=1.803473 min_probability_over_uniform=0.557444
RG_SCORE round=980 layer=features.20 mean_q=0.043583 max_q=0.081136 fraction_q_positive=1.000000 sampling_entropy=5.527770 uniform_entropy=5.545177 entropy_gap=0.017407 max_probability_over_uniform=1.646215 min_probability_over_uniform=0.596586
RG_SCORE round=980 layer=features.24 mean_q=0.087735 max_q=0.201446 fraction_q_positive=1.000000 sampling_entropy=6.211060 uniform_entropy=6.238325 entropy_gap=0.027265 max_probability_over_uniform=1.972045 min_probability_over_uniform=0.499128
RG_SCORE round=980 layer=features.27 mean_q=0.135242 max_q=0.225411 fraction_q_positive=1.000000 sampling_entropy=6.229699 uniform_entropy=6.238325 entropy_gap=0.008626 max_probability_over_uniform=1.500043 min_probability_over_uniform=0.668260
RG_SCORE round=980 layer=features.30 mean_q=0.103130 max_q=0.167497 fraction_q_positive=1.000000 sampling_entropy=6.225872 uniform_entropy=6.238325 entropy_gap=0.012453 max_probability_over_uniform=1.468105 min_probability_over_uniform=0.555909
RG_SCORE round=980 layer=features.34 mean_q=0.295043 max_q=0.424648 fraction_q_positive=1.000000 sampling_entropy=6.226717 uniform_entropy=6.238325 entropy_gap=0.011608 max_probability_over_uniform=1.329454 min_probability_over_uniform=0.325560
RG_SCORE round=980 layer=features.37 mean_q=0.292426 max_q=0.391064 fraction_q_positive=1.000000 sampling_entropy=6.230308 uniform_entropy=6.238325 entropy_gap=0.008017 max_probability_over_uniform=1.252980 min_probability_over_uniform=0.433872
RG_SCORE round=980 layer=features.40 mean_q=0.228404 max_q=0.388787 fraction_q_positive=1.000000 sampling_entropy=6.213877 uniform_entropy=6.238325 entropy_gap=0.024448 max_probability_over_uniform=1.526642 min_probability_over_uniform=0.430022
ROUND_ACCURACY method=FedPhoenixRG-RCC round=980 accuracy=78.750000
********************************************************************************
Round 980
ROUND_ACCURACY method=FedPhoenixRG-RCC round=981 accuracy=76.320000
********************************************************************************
Round 981
ROUND_ACCURACY method=FedPhoenixRG-RCC round=982 accuracy=79.160004
********************************************************************************
Round 982
ROUND_ACCURACY method=FedPhoenixRG-RCC round=983 accuracy=81.970001
********************************************************************************
Round 983
ROUND_ACCURACY method=FedPhoenixRG-RCC round=984 accuracy=82.120003
********************************************************************************
Round 984
ROUND_ACCURACY method=FedPhoenixRG-RCC round=985 accuracy=82.019997
********************************************************************************
Round 985
ROUND_ACCURACY method=FedPhoenixRG-RCC round=986 accuracy=75.820000
********************************************************************************
Round 986
ROUND_ACCURACY method=FedPhoenixRG-RCC round=987 accuracy=79.389999
********************************************************************************
Round 987
ROUND_ACCURACY method=FedPhoenixRG-RCC round=988 accuracy=80.660004
********************************************************************************
Round 988
ROUND_ACCURACY method=FedPhoenixRG-RCC round=989 accuracy=80.849998
********************************************************************************
Round 989
ROUND_ACCURACY method=FedPhoenixRG-RCC round=990 accuracy=81.690002
********************************************************************************
Round 990
ROUND_ACCURACY method=FedPhoenixRG-RCC round=991 accuracy=81.989998
********************************************************************************
Round 991
ROUND_ACCURACY method=FedPhoenixRG-RCC round=992 accuracy=81.839996
********************************************************************************
Round 992
ROUND_ACCURACY method=FedPhoenixRG-RCC round=993 accuracy=82.010002
********************************************************************************
Round 993
ROUND_ACCURACY method=FedPhoenixRG-RCC round=994 accuracy=81.540001
********************************************************************************
Round 994
ROUND_ACCURACY method=FedPhoenixRG-RCC round=995 accuracy=76.360001
********************************************************************************
Round 995
ROUND_ACCURACY method=FedPhoenixRG-RCC round=996 accuracy=77.040001
********************************************************************************
Round 996
ROUND_ACCURACY method=FedPhoenixRG-RCC round=997 accuracy=81.750000
********************************************************************************
Round 997
ROUND_ACCURACY method=FedPhoenixRG-RCC round=998 accuracy=82.050003
********************************************************************************
Round 998
ROUND_ACCURACY method=FedPhoenixRG-RCC round=999 accuracy=81.419998
********************************************************************************
Round 999
RG_SCORE round=1000 layer=features.0 mean_q=0.043438 max_q=0.256308 fraction_q_positive=0.546875 sampling_entropy=3.719658 uniform_entropy=4.158883 entropy_gap=0.439225 max_probability_over_uniform=4.675437 min_probability_over_uniform=0.250000
RG_SCORE round=1000 layer=features.3 mean_q=0.021568 max_q=0.067185 fraction_q_positive=0.859375 sampling_entropy=3.983943 uniform_entropy=4.158883 entropy_gap=0.174940 max_probability_over_uniform=2.586280 min_probability_over_uniform=0.250000
RG_SCORE round=1000 layer=features.7 mean_q=0.025122 max_q=0.085908 fraction_q_positive=0.937500 sampling_entropy=4.729482 uniform_entropy=4.852030 entropy_gap=0.122548 max_probability_over_uniform=2.814698 min_probability_over_uniform=0.250000
RG_SCORE round=1000 layer=features.10 mean_q=0.023453 max_q=0.054297 fraction_q_positive=0.992188 sampling_entropy=4.803492 uniform_entropy=4.852030 entropy_gap=0.048539 max_probability_over_uniform=1.986383 min_probability_over_uniform=0.250000
RG_SCORE round=1000 layer=features.14 mean_q=0.027410 max_q=0.078963 fraction_q_positive=1.000000 sampling_entropy=5.497794 uniform_entropy=5.545177 entropy_gap=0.047384 max_probability_over_uniform=2.410612 min_probability_over_uniform=0.396032
RG_SCORE round=1000 layer=features.17 mean_q=0.026260 max_q=0.058511 fraction_q_positive=1.000000 sampling_entropy=5.506327 uniform_entropy=5.545177 entropy_gap=0.038851 max_probability_over_uniform=1.921129 min_probability_over_uniform=0.345372
RG_SCORE round=1000 layer=features.20 mean_q=0.021994 max_q=0.041798 fraction_q_positive=0.996094 sampling_entropy=5.508573 uniform_entropy=5.545177 entropy_gap=0.036605 max_probability_over_uniform=1.675344 min_probability_over_uniform=0.250000
RG_SCORE round=1000 layer=features.24 mean_q=0.047799 max_q=0.107096 fraction_q_positive=1.000000 sampling_entropy=6.203741 uniform_entropy=6.238325 entropy_gap=0.034583 max_probability_over_uniform=1.930396 min_probability_over_uniform=0.317465
RG_SCORE round=1000 layer=features.27 mean_q=0.082079 max_q=0.162572 fraction_q_positive=1.000000 sampling_entropy=6.225427 uniform_entropy=6.238325 entropy_gap=0.012897 max_probability_over_uniform=1.735510 min_probability_over_uniform=0.477287
RG_SCORE round=1000 layer=features.30 mean_q=0.061179 max_q=0.103269 fraction_q_positive=1.000000 sampling_entropy=6.225459 uniform_entropy=6.238325 entropy_gap=0.012865 max_probability_over_uniform=1.515991 min_probability_over_uniform=0.503047
RG_SCORE round=1000 layer=features.34 mean_q=0.186380 max_q=0.296455 fraction_q_positive=1.000000 sampling_entropy=6.223348 uniform_entropy=6.238325 entropy_gap=0.014976 max_probability_over_uniform=1.442945 min_probability_over_uniform=0.333127
RG_SCORE round=1000 layer=features.37 mean_q=0.181876 max_q=0.304610 fraction_q_positive=1.000000 sampling_entropy=6.227703 uniform_entropy=6.238325 entropy_gap=0.010621 max_probability_over_uniform=1.506116 min_probability_over_uniform=0.497659
RG_SCORE round=1000 layer=features.40 mean_q=0.146142 max_q=0.388472 fraction_q_positive=0.996094 sampling_entropy=6.191008 uniform_entropy=6.238325 entropy_gap=0.047317 max_probability_over_uniform=2.243634 min_probability_over_uniform=0.250000
ROUND_ACCURACY method=FedPhoenixRG-RCC round=1000 accuracy=76.150002
PEAK_ACCURACY method=FedPhoenixRG-RCC round=848 accuracy=82.250000
Unified training metrics saved to C:\Users\admin\Desktop\need_do\new_paper_four\FedPhoenix-finish\results\training_metrics\cifar10_vgg_FedPhoenixRG-RCC_seed1_original_FedPhoenixRG-RCC_seed1_1000.csv
RCC diagnostics saved to C:\Users\admin\Desktop\need_do\new_paper_four\FedPhoenix-finish\results\training_metrics\cifar10_vgg_FedPhoenixRG-RCC_seed1_original_FedPhoenixRG-RCC_seed1_1000_rcc_diagnostics.jsonl
