Client partition: 100 clients, min=30, max=1447, mean=500.00, std=220.72
Evaluation protocol: full server test set evaluated every round (10000 samples).
VGG16(
  (features): Sequential(
    (0): Conv2d(3, 64, kernel_size=(3, 3), stride=(1, 1), padding=(1, 1))
    (1): BatchNorm2d(64, eps=1e-05, momentum=0.1, affine=True, track_running_stats=True)
    (2): ReLU(inplace=True)
    (3): Conv2d(64, 64, kernel_size=(3, 3), stride=(1, 1), padding=(1, 1))
    (4): BatchNorm2d(64, eps=1e-05, momentum=0.1, affine=True, track_running_stats=True)
    (5): ReLU(inplace=True)
    (6): MaxPool2d(kernel_size=2, stride=2, padding=0, dilation=1, ceil_mode=False)
    (7): Conv2d(64, 128, kernel_size=(3, 3), stride=(1, 1), padding=(1, 1))
    (8): BatchNorm2d(128, eps=1e-05, momentum=0.1, affine=True, track_running_stats=True)
    (9): ReLU(inplace=True)
    (10): Conv2d(128, 128, kernel_size=(3, 3), stride=(1, 1), padding=(1, 1))
    (11): BatchNorm2d(128, eps=1e-05, momentum=0.1, affine=True, track_running_stats=True)
    (12): ReLU(inplace=True)
    (13): MaxPool2d(kernel_size=2, stride=2, padding=0, dilation=1, ceil_mode=False)
    (14): Conv2d(128, 256, kernel_size=(3, 3), stride=(1, 1), padding=(1, 1))
    (15): BatchNorm2d(256, eps=1e-05, momentum=0.1, affine=True, track_running_stats=True)
    (16): ReLU(inplace=True)
    (17): Conv2d(256, 256, kernel_size=(3, 3), stride=(1, 1), padding=(1, 1))
    (18): BatchNorm2d(256, eps=1e-05, momentum=0.1, affine=True, track_running_stats=True)
    (19): ReLU(inplace=True)
    (20): Conv2d(256, 256, kernel_size=(3, 3), stride=(1, 1), padding=(1, 1))
    (21): BatchNorm2d(256, eps=1e-05, momentum=0.1, affine=True, track_running_stats=True)
    (22): ReLU(inplace=True)
    (23): MaxPool2d(kernel_size=2, stride=2, padding=0, dilation=1, ceil_mode=False)
    (24): Conv2d(256, 512, kernel_size=(3, 3), stride=(1, 1), padding=(1, 1))
    (25): BatchNorm2d(512, eps=1e-05, momentum=0.1, affine=True, track_running_stats=True)
    (26): ReLU(inplace=True)
    (27): Conv2d(512, 512, kernel_size=(3, 3), stride=(1, 1), padding=(1, 1))
    (28): BatchNorm2d(512, eps=1e-05, momentum=0.1, affine=True, track_running_stats=True)
    (29): ReLU(inplace=True)
    (30): Conv2d(512, 512, kernel_size=(3, 3), stride=(1, 1), padding=(1, 1))
    (31): BatchNorm2d(512, eps=1e-05, momentum=0.1, affine=True, track_running_stats=True)
    (32): ReLU(inplace=True)
    (33): MaxPool2d(kernel_size=2, stride=2, padding=0, dilation=1, ceil_mode=False)
    (34): Conv2d(512, 512, kernel_size=(3, 3), stride=(1, 1), padding=(1, 1))
    (35): BatchNorm2d(512, eps=1e-05, momentum=0.1, affine=True, track_running_stats=True)
    (36): ReLU(inplace=True)
    (37): Conv2d(512, 512, kernel_size=(3, 3), stride=(1, 1), padding=(1, 1))
    (38): BatchNorm2d(512, eps=1e-05, momentum=0.1, affine=True, track_running_stats=True)
    (39): ReLU(inplace=True)
    (40): Conv2d(512, 512, kernel_size=(3, 3), stride=(1, 1), padding=(1, 1))
    (41): BatchNorm2d(512, eps=1e-05, momentum=0.1, affine=True, track_running_stats=True)
    (42): ReLU(inplace=True)
    (43): MaxPool2d(kernel_size=2, stride=2, padding=0, dilation=1, ceil_mode=False)
    (44): AdaptiveAvgPool2d(output_size=(1, 1))
  )
  (classifier): Sequential(
    (0): Linear(in_features=512, out_features=4096, bias=True)
    (1): ReLU(inplace=True)
    (2): Dropout(p=0.5, inplace=False)
    (3): Linear(in_features=4096, out_features=4096, bias=True)
    (4): ReLU(inplace=True)
    (5): Dropout(p=0.5, inplace=False)
  )
  (fc): Linear(in_features=4096, out_features=10, bias=True)
)
********************************************************************************
Round   0
ROUND_ACCURACY method=FedPhoenixRG-AA round=1 accuracy=10.000000
********************************************************************************
Round   1
ROUND_ACCURACY method=FedPhoenixRG-AA round=2 accuracy=13.230000
********************************************************************************
Round   2
ROUND_ACCURACY method=FedPhoenixRG-AA round=3 accuracy=12.230000
********************************************************************************
Round   3
ROUND_ACCURACY method=FedPhoenixRG-AA round=4 accuracy=16.290001
********************************************************************************
Round   4
ROUND_ACCURACY method=FedPhoenixRG-AA round=5 accuracy=32.419998
********************************************************************************
Round   5
ROUND_ACCURACY method=FedPhoenixRG-AA round=6 accuracy=17.620001
********************************************************************************
Round   6
ROUND_ACCURACY method=FedPhoenixRG-AA round=7 accuracy=24.139999
********************************************************************************
Round   7
ROUND_ACCURACY method=FedPhoenixRG-AA round=8 accuracy=23.680000
********************************************************************************
Round   8
ROUND_ACCURACY method=FedPhoenixRG-AA round=9 accuracy=30.129999
********************************************************************************
Round   9
ROUND_ACCURACY method=FedPhoenixRG-AA round=10 accuracy=29.730000
********************************************************************************
Round  10
ROUND_ACCURACY method=FedPhoenixRG-AA round=11 accuracy=38.230000
********************************************************************************
Round  11
ROUND_ACCURACY method=FedPhoenixRG-AA round=12 accuracy=36.910000
********************************************************************************
Round  12
ROUND_ACCURACY method=FedPhoenixRG-AA round=13 accuracy=38.220001
********************************************************************************
Round  13
ROUND_ACCURACY method=FedPhoenixRG-AA round=14 accuracy=46.650002
********************************************************************************
Round  14
ROUND_ACCURACY method=FedPhoenixRG-AA round=15 accuracy=45.459999
********************************************************************************
Round  15
ROUND_ACCURACY method=FedPhoenixRG-AA round=16 accuracy=46.720001
********************************************************************************
Round  16
ROUND_ACCURACY method=FedPhoenixRG-AA round=17 accuracy=45.529999
********************************************************************************
Round  17
ROUND_ACCURACY method=FedPhoenixRG-AA round=18 accuracy=35.709999
********************************************************************************
Round  18
ROUND_ACCURACY method=FedPhoenixRG-AA round=19 accuracy=44.220001
********************************************************************************
Round  19
RG_SCORE round=20 layer=features.0 mean_q=0.090057 max_q=0.320510 fraction_q_positive=0.812500 sampling_entropy=3.949717 uniform_entropy=4.158883 entropy_gap=0.209166 max_probability_over_uniform=2.919224 min_probability_over_uniform=0.250000
RG_AA_SCORE round=20 layer=features.0 mean_q_equal=0.081847 mean_q_aa=0.090057 mean_abs_q_difference=0.019213 correlation_q_equal_aa=0.949440 top_reset_overlap=0.000000 sampling_entropy=3.949717 max_probability_over_uniform=2.919224 mean_eligible_client_sample_count=527.612250 min_eligible_client_sample_count=30.000000 max_eligible_client_sample_count=1447.000000 mean_total_eligible_sample_weight=31763.906250
RG_SCORE round=20 layer=features.3 mean_q=0.060479 max_q=0.138802 fraction_q_positive=0.937500 sampling_entropy=4.092805 uniform_entropy=4.158883 entropy_gap=0.066078 max_probability_over_uniform=1.971288 min_probability_over_uniform=0.250000
RG_AA_SCORE round=20 layer=features.3 mean_q_equal=0.059730 mean_q_aa=0.060479 mean_abs_q_difference=0.009114 correlation_q_equal_aa=0.903780 top_reset_overlap=1.000000 sampling_entropy=4.092805 max_probability_over_uniform=1.971288 mean_eligible_client_sample_count=527.608515 min_eligible_client_sample_count=30.000000 max_eligible_client_sample_count=1447.000000 mean_total_eligible_sample_weight=31755.437500
RG_SCORE round=20 layer=features.7 mean_q=0.050309 max_q=0.098392 fraction_q_positive=1.000000 sampling_entropy=4.814120 uniform_entropy=4.852030 entropy_gap=0.037910 max_probability_over_uniform=1.716827 min_probability_over_uniform=0.370815
RG_AA_SCORE round=20 layer=features.7 mean_q_equal=0.049782 mean_q_aa=0.050309 mean_abs_q_difference=0.005892 correlation_q_equal_aa=0.920367 top_reset_overlap=1.000000 sampling_entropy=4.814120 max_probability_over_uniform=1.716827 mean_eligible_client_sample_count=527.570371 min_eligible_client_sample_count=30.000000 max_eligible_client_sample_count=1447.000000 mean_total_eligible_sample_weight=31744.898438
RG_SCORE round=20 layer=features.10 mean_q=0.044131 max_q=0.086186 fraction_q_positive=1.000000 sampling_entropy=4.824693 uniform_entropy=4.852030 entropy_gap=0.027338 max_probability_over_uniform=1.714722 min_probability_over_uniform=0.340477
RG_AA_SCORE round=20 layer=features.10 mean_q_equal=0.043774 mean_q_aa=0.044131 mean_abs_q_difference=0.003357 correlation_q_equal_aa=0.950671 top_reset_overlap=1.000000 sampling_entropy=4.824693 max_probability_over_uniform=1.714722 mean_eligible_client_sample_count=527.591511 min_eligible_client_sample_count=30.000000 max_eligible_client_sample_count=1447.000000 mean_total_eligible_sample_weight=31754.414062
RG_SCORE round=20 layer=features.14 mean_q=0.040733 max_q=0.082085 fraction_q_positive=1.000000 sampling_entropy=5.513698 uniform_entropy=5.545177 entropy_gap=0.031479 max_probability_over_uniform=1.761411 min_probability_over_uniform=0.486448
RG_AA_SCORE round=20 layer=features.14 mean_q_equal=0.040955 mean_q_aa=0.040733 mean_abs_q_difference=0.003189 correlation_q_equal_aa=0.956114 top_reset_overlap=0.500000 sampling_entropy=5.513698 max_probability_over_uniform=1.761411 mean_eligible_client_sample_count=527.641652 min_eligible_client_sample_count=30.000000 max_eligible_client_sample_count=1447.000000 mean_total_eligible_sample_weight=31749.187500
RG_SCORE round=20 layer=features.17 mean_q=0.038319 max_q=0.071153 fraction_q_positive=1.000000 sampling_entropy=5.528141 uniform_entropy=5.545177 entropy_gap=0.017036 max_probability_over_uniform=1.642635 min_probability_over_uniform=0.386906
RG_AA_SCORE round=20 layer=features.17 mean_q_equal=0.039022 mean_q_aa=0.038319 mean_abs_q_difference=0.002062 correlation_q_equal_aa=0.961682 top_reset_overlap=1.000000 sampling_entropy=5.528141 max_probability_over_uniform=1.642635 mean_eligible_client_sample_count=527.595301 min_eligible_client_sample_count=30.000000 max_eligible_client_sample_count=1447.000000 mean_total_eligible_sample_weight=31756.703125
RG_SCORE round=20 layer=features.20 mean_q=0.038916 max_q=0.060601 fraction_q_positive=1.000000 sampling_entropy=5.533318 uniform_entropy=5.545177 entropy_gap=0.011860 max_probability_over_uniform=1.417930 min_probability_over_uniform=0.555377
RG_AA_SCORE round=20 layer=features.20 mean_q_equal=0.039846 mean_q_aa=0.038916 mean_abs_q_difference=0.001776 correlation_q_equal_aa=0.966696 top_reset_overlap=0.750000 sampling_entropy=5.533318 max_probability_over_uniform=1.417930 mean_eligible_client_sample_count=527.583604 min_eligible_client_sample_count=30.000000 max_eligible_client_sample_count=1447.000000 mean_total_eligible_sample_weight=31749.816406
RG_SCORE round=20 layer=features.24 mean_q=0.040640 max_q=0.077905 fraction_q_positive=0.998047 sampling_entropy=6.207712 uniform_entropy=6.238325 entropy_gap=0.030613 max_probability_over_uniform=1.687720 min_probability_over_uniform=0.250000
RG_AA_SCORE round=20 layer=features.24 mean_q_equal=0.041173 mean_q_aa=0.040640 mean_abs_q_difference=0.003437 correlation_q_equal_aa=0.945893 top_reset_overlap=0.750000 sampling_entropy=6.207712 max_probability_over_uniform=1.687720 mean_eligible_client_sample_count=527.611026 min_eligible_client_sample_count=30.000000 max_eligible_client_sample_count=1447.000000 mean_total_eligible_sample_weight=31756.619141
RG_SCORE round=20 layer=features.27 mean_q=0.036749 max_q=0.079595 fraction_q_positive=1.000000 sampling_entropy=6.217187 uniform_entropy=6.238325 entropy_gap=0.021138 max_probability_over_uniform=1.874419 min_probability_over_uniform=0.459487
RG_AA_SCORE round=20 layer=features.27 mean_q_equal=0.037594 mean_q_aa=0.036749 mean_abs_q_difference=0.002268 correlation_q_equal_aa=0.962484 top_reset_overlap=0.875000 sampling_entropy=6.217187 max_probability_over_uniform=1.874419 mean_eligible_client_sample_count=527.616006 min_eligible_client_sample_count=30.000000 max_eligible_client_sample_count=1447.000000 mean_total_eligible_sample_weight=31752.796875
RG_SCORE round=20 layer=features.30 mean_q=0.036551 max_q=0.072209 fraction_q_positive=0.998047 sampling_entropy=6.208421 uniform_entropy=6.238325 entropy_gap=0.029903 max_probability_over_uniform=1.731692 min_probability_over_uniform=0.250000
RG_AA_SCORE round=20 layer=features.30 mean_q_equal=0.037160 mean_q_aa=0.036551 mean_abs_q_difference=0.002324 correlation_q_equal_aa=0.968623 top_reset_overlap=0.875000 sampling_entropy=6.208421 max_probability_over_uniform=1.731692 mean_eligible_client_sample_count=527.603648 min_eligible_client_sample_count=30.000000 max_eligible_client_sample_count=1447.000000 mean_total_eligible_sample_weight=31749.992188
RG_SCORE round=20 layer=features.34 mean_q=0.057258 max_q=0.129747 fraction_q_positive=0.988281 sampling_entropy=6.184143 uniform_entropy=6.238325 entropy_gap=0.054182 max_probability_over_uniform=1.949493 min_probability_over_uniform=0.250000
RG_AA_SCORE round=20 layer=features.34 mean_q_equal=0.057084 mean_q_aa=0.057258 mean_abs_q_difference=0.006210 correlation_q_equal_aa=0.945465 top_reset_overlap=0.500000 sampling_entropy=6.184143 max_probability_over_uniform=1.949493 mean_eligible_client_sample_count=527.636139 min_eligible_client_sample_count=30.000000 max_eligible_client_sample_count=1447.000000 mean_total_eligible_sample_weight=31755.039062
RG_SCORE round=20 layer=features.37 mean_q=0.063295 max_q=0.134054 fraction_q_positive=0.998047 sampling_entropy=6.201099 uniform_entropy=6.238325 entropy_gap=0.037225 max_probability_over_uniform=1.838429 min_probability_over_uniform=0.250000
RG_AA_SCORE round=20 layer=features.37 mean_q_equal=0.063538 mean_q_aa=0.063295 mean_abs_q_difference=0.005714 correlation_q_equal_aa=0.947323 top_reset_overlap=0.625000 sampling_entropy=6.201099 max_probability_over_uniform=1.838429 mean_eligible_client_sample_count=527.626083 min_eligible_client_sample_count=30.000000 max_eligible_client_sample_count=1447.000000 mean_total_eligible_sample_weight=31749.281250
RG_SCORE round=20 layer=features.40 mean_q=0.081768 max_q=0.194668 fraction_q_positive=0.996094 sampling_entropy=6.175227 uniform_entropy=6.238325 entropy_gap=0.063098 max_probability_over_uniform=2.035546 min_probability_over_uniform=0.250000
RG_AA_SCORE round=20 layer=features.40 mean_q_equal=0.082664 mean_q_aa=0.081768 mean_abs_q_difference=0.006000 correlation_q_equal_aa=0.979579 top_reset_overlap=0.500000 sampling_entropy=6.175227 max_probability_over_uniform=2.035546 mean_eligible_client_sample_count=527.576334 min_eligible_client_sample_count=30.000000 max_eligible_client_sample_count=1447.000000 mean_total_eligible_sample_weight=31749.378906
ROUND_ACCURACY method=FedPhoenixRG-AA round=20 accuracy=45.060001
********************************************************************************
Round  20
ROUND_ACCURACY method=FedPhoenixRG-AA round=21 accuracy=52.349998
********************************************************************************
Round  21
ROUND_ACCURACY method=FedPhoenixRG-AA round=22 accuracy=54.970001
********************************************************************************
Round  22
ROUND_ACCURACY method=FedPhoenixRG-AA round=23 accuracy=50.930000
********************************************************************************
Round  23
ROUND_ACCURACY method=FedPhoenixRG-AA round=24 accuracy=52.450001
********************************************************************************
Round  24
ROUND_ACCURACY method=FedPhoenixRG-AA round=25 accuracy=53.340000
********************************************************************************
Round  25
ROUND_ACCURACY method=FedPhoenixRG-AA round=26 accuracy=49.730000
********************************************************************************
Round  26
ROUND_ACCURACY method=FedPhoenixRG-AA round=27 accuracy=52.529999
********************************************************************************
Round  27
ROUND_ACCURACY method=FedPhoenixRG-AA round=28 accuracy=51.200001
********************************************************************************
Round  28
ROUND_ACCURACY method=FedPhoenixRG-AA round=29 accuracy=48.939999
********************************************************************************
Round  29
ROUND_ACCURACY method=FedPhoenixRG-AA round=30 accuracy=57.110001
********************************************************************************
Round  30
ROUND_ACCURACY method=FedPhoenixRG-AA round=31 accuracy=58.230000
********************************************************************************
Round  31
ROUND_ACCURACY method=FedPhoenixRG-AA round=32 accuracy=58.130001
********************************************************************************
Round  32
ROUND_ACCURACY method=FedPhoenixRG-AA round=33 accuracy=58.689999
********************************************************************************
Round  33
ROUND_ACCURACY method=FedPhoenixRG-AA round=34 accuracy=66.599998
********************************************************************************
Round  34
ROUND_ACCURACY method=FedPhoenixRG-AA round=35 accuracy=53.439999
********************************************************************************
Round  35
ROUND_ACCURACY method=FedPhoenixRG-AA round=36 accuracy=53.709999
********************************************************************************
Round  36
ROUND_ACCURACY method=FedPhoenixRG-AA round=37 accuracy=61.340000
********************************************************************************
Round  37
ROUND_ACCURACY method=FedPhoenixRG-AA round=38 accuracy=57.939999
********************************************************************************
Round  38
ROUND_ACCURACY method=FedPhoenixRG-AA round=39 accuracy=58.820000
********************************************************************************
Round  39
RG_SCORE round=40 layer=features.0 mean_q=0.180249 max_q=0.373440 fraction_q_positive=1.000000 sampling_entropy=4.108488 uniform_entropy=4.158883 entropy_gap=0.050396 max_probability_over_uniform=1.803849 min_probability_over_uniform=0.366803
RG_AA_SCORE round=40 layer=features.0 mean_q_equal=0.182017 mean_q_aa=0.180249 mean_abs_q_difference=0.023948 correlation_q_equal_aa=0.907396 top_reset_overlap=1.000000 sampling_entropy=4.108488 max_probability_over_uniform=1.803849 mean_eligible_client_sample_count=498.335125 min_eligible_client_sample_count=30.000000 max_eligible_client_sample_count=1447.000000 mean_total_eligible_sample_weight=33318.375000
RG_SCORE round=40 layer=features.3 mean_q=0.177272 max_q=0.237946 fraction_q_positive=1.000000 sampling_entropy=4.152542 uniform_entropy=4.158883 entropy_gap=0.006341 max_probability_over_uniform=1.256699 min_probability_over_uniform=0.717573
RG_AA_SCORE round=40 layer=features.3 mean_q_equal=0.169480 mean_q_aa=0.177272 mean_abs_q_difference=0.012156 correlation_q_equal_aa=0.848711 top_reset_overlap=0.000000 sampling_entropy=4.152542 max_probability_over_uniform=1.256699 mean_eligible_client_sample_count=498.307009 min_eligible_client_sample_count=30.000000 max_eligible_client_sample_count=1447.000000 mean_total_eligible_sample_weight=33324.281250
RG_SCORE round=40 layer=features.7 mean_q=0.153873 max_q=0.204347 fraction_q_positive=1.000000 sampling_entropy=4.845666 uniform_entropy=4.852030 entropy_gap=0.006364 max_probability_over_uniform=1.246015 min_probability_over_uniform=0.726788
RG_AA_SCORE round=40 layer=features.7 mean_q_equal=0.148446 mean_q_aa=0.153873 mean_abs_q_difference=0.007875 correlation_q_equal_aa=0.938207 top_reset_overlap=0.500000 sampling_entropy=4.845666 max_probability_over_uniform=1.246015 mean_eligible_client_sample_count=498.371115 min_eligible_client_sample_count=30.000000 max_eligible_client_sample_count=1447.000000 mean_total_eligible_sample_weight=33320.781250
RG_SCORE round=40 layer=features.10 mean_q=0.140693 max_q=0.192871 fraction_q_positive=1.000000 sampling_entropy=4.847320 uniform_entropy=4.852030 entropy_gap=0.004710 max_probability_over_uniform=1.278146 min_probability_over_uniform=0.760036
RG_AA_SCORE round=40 layer=features.10 mean_q_equal=0.137384 mean_q_aa=0.140693 mean_abs_q_difference=0.004947 correlation_q_equal_aa=0.957387 top_reset_overlap=0.500000 sampling_entropy=4.847320 max_probability_over_uniform=1.278146 mean_eligible_client_sample_count=498.304160 min_eligible_client_sample_count=30.000000 max_eligible_client_sample_count=1447.000000 mean_total_eligible_sample_weight=33316.304688
RG_SCORE round=40 layer=features.14 mean_q=0.135683 max_q=0.190315 fraction_q_positive=1.000000 sampling_entropy=5.540065 uniform_entropy=5.545177 entropy_gap=0.005113 max_probability_over_uniform=1.301986 min_probability_over_uniform=0.737752
RG_AA_SCORE round=40 layer=features.14 mean_q_equal=0.133247 mean_q_aa=0.135683 mean_abs_q_difference=0.004852 correlation_q_equal_aa=0.954578 top_reset_overlap=0.750000 sampling_entropy=5.540065 max_probability_over_uniform=1.301986 mean_eligible_client_sample_count=498.233201 min_eligible_client_sample_count=30.000000 max_eligible_client_sample_count=1447.000000 mean_total_eligible_sample_weight=33307.667969
RG_SCORE round=40 layer=features.17 mean_q=0.126273 max_q=0.170285 fraction_q_positive=1.000000 sampling_entropy=5.542141 uniform_entropy=5.545177 entropy_gap=0.003037 max_probability_over_uniform=1.261409 min_probability_over_uniform=0.806066
RG_AA_SCORE round=40 layer=features.17 mean_q_equal=0.124488 mean_q_aa=0.126273 mean_abs_q_difference=0.003152 correlation_q_equal_aa=0.963955 top_reset_overlap=0.750000 sampling_entropy=5.542141 max_probability_over_uniform=1.261409 mean_eligible_client_sample_count=498.332944 min_eligible_client_sample_count=30.000000 max_eligible_client_sample_count=1447.000000 mean_total_eligible_sample_weight=33320.175781
RG_SCORE round=40 layer=features.20 mean_q=0.129168 max_q=0.171170 fraction_q_positive=1.000000 sampling_entropy=5.541805 uniform_entropy=5.545177 entropy_gap=0.003372 max_probability_over_uniform=1.243878 min_probability_over_uniform=0.791797
RG_AA_SCORE round=40 layer=features.20 mean_q_equal=0.127718 mean_q_aa=0.129168 mean_abs_q_difference=0.003116 correlation_q_equal_aa=0.966637 top_reset_overlap=0.750000 sampling_entropy=5.541805 max_probability_over_uniform=1.243878 mean_eligible_client_sample_count=498.289637 min_eligible_client_sample_count=30.000000 max_eligible_client_sample_count=1447.000000 mean_total_eligible_sample_weight=33319.226562
RG_SCORE round=40 layer=features.24 mean_q=0.125888 max_q=0.183580 fraction_q_positive=1.000000 sampling_entropy=6.232344 uniform_entropy=6.238325 entropy_gap=0.005981 max_probability_over_uniform=1.343706 min_probability_over_uniform=0.631308
RG_AA_SCORE round=40 layer=features.24 mean_q_equal=0.123982 mean_q_aa=0.125888 mean_abs_q_difference=0.005212 correlation_q_equal_aa=0.942837 top_reset_overlap=0.750000 sampling_entropy=6.232344 max_probability_over_uniform=1.343706 mean_eligible_client_sample_count=498.293384 min_eligible_client_sample_count=30.000000 max_eligible_client_sample_count=1447.000000 mean_total_eligible_sample_weight=33318.503906
RG_SCORE round=40 layer=features.27 mean_q=0.106550 max_q=0.154794 fraction_q_positive=1.000000 sampling_entropy=6.232560 uniform_entropy=6.238325 entropy_gap=0.005764 max_probability_over_uniform=1.339591 min_probability_over_uniform=0.755096
RG_AA_SCORE round=40 layer=features.27 mean_q_equal=0.102984 mean_q_aa=0.106550 mean_abs_q_difference=0.004642 correlation_q_equal_aa=0.951813 top_reset_overlap=0.750000 sampling_entropy=6.232560 max_probability_over_uniform=1.339591 mean_eligible_client_sample_count=498.306016 min_eligible_client_sample_count=30.000000 max_eligible_client_sample_count=1447.000000 mean_total_eligible_sample_weight=33311.562500
RG_SCORE round=40 layer=features.30 mean_q=0.100938 max_q=0.164492 fraction_q_positive=1.000000 sampling_entropy=6.228133 uniform_entropy=6.238325 entropy_gap=0.010192 max_probability_over_uniform=1.472225 min_probability_over_uniform=0.596869
RG_AA_SCORE round=40 layer=features.30 mean_q_equal=0.095368 mean_q_aa=0.100938 mean_abs_q_difference=0.006694 correlation_q_equal_aa=0.949907 top_reset_overlap=0.875000 sampling_entropy=6.228133 max_probability_over_uniform=1.472225 mean_eligible_client_sample_count=498.240150 min_eligible_client_sample_count=30.000000 max_eligible_client_sample_count=1447.000000 mean_total_eligible_sample_weight=33316.890625
RG_SCORE round=40 layer=features.34 mean_q=0.146495 max_q=0.263175 fraction_q_positive=0.990234 sampling_entropy=6.203238 uniform_entropy=6.238325 entropy_gap=0.035087 max_probability_over_uniform=1.597359 min_probability_over_uniform=0.250000
RG_AA_SCORE round=40 layer=features.34 mean_q_equal=0.131454 mean_q_aa=0.146495 mean_abs_q_difference=0.024963 correlation_q_equal_aa=0.912261 top_reset_overlap=0.750000 sampling_entropy=6.203238 max_probability_over_uniform=1.597359 mean_eligible_client_sample_count=498.272318 min_eligible_client_sample_count=30.000000 max_eligible_client_sample_count=1447.000000 mean_total_eligible_sample_weight=33314.175781
RG_SCORE round=40 layer=features.37 mean_q=0.142809 max_q=0.287793 fraction_q_positive=0.986328 sampling_entropy=6.197285 uniform_entropy=6.238325 entropy_gap=0.041039 max_probability_over_uniform=1.761422 min_probability_over_uniform=0.250000
RG_AA_SCORE round=40 layer=features.37 mean_q_equal=0.115156 mean_q_aa=0.142809 mean_abs_q_difference=0.031295 correlation_q_equal_aa=0.903970 top_reset_overlap=0.375000 sampling_entropy=6.197285 max_probability_over_uniform=1.761422 mean_eligible_client_sample_count=498.306753 min_eligible_client_sample_count=30.000000 max_eligible_client_sample_count=1447.000000 mean_total_eligible_sample_weight=33320.371094
RG_SCORE round=40 layer=features.40 mean_q=0.173769 max_q=0.438378 fraction_q_positive=0.984375 sampling_entropy=6.158714 uniform_entropy=6.238325 entropy_gap=0.079610 max_probability_over_uniform=2.142069 min_probability_over_uniform=0.250000
RG_AA_SCORE round=40 layer=features.40 mean_q_equal=0.138287 mean_q_aa=0.173769 mean_abs_q_difference=0.038494 correlation_q_equal_aa=0.931298 top_reset_overlap=0.750000 sampling_entropy=6.158714 max_probability_over_uniform=2.142069 mean_eligible_client_sample_count=498.325816 min_eligible_client_sample_count=30.000000 max_eligible_client_sample_count=1447.000000 mean_total_eligible_sample_weight=33316.779297
ROUND_ACCURACY method=FedPhoenixRG-AA round=40 accuracy=65.379997
********************************************************************************
Round  40
ROUND_ACCURACY method=FedPhoenixRG-AA round=41 accuracy=64.910004
********************************************************************************
Round  41
ROUND_ACCURACY method=FedPhoenixRG-AA round=42 accuracy=60.110001
********************************************************************************
Round  42
ROUND_ACCURACY method=FedPhoenixRG-AA round=43 accuracy=61.639999
********************************************************************************
Round  43
ROUND_ACCURACY method=FedPhoenixRG-AA round=44 accuracy=61.480000
********************************************************************************
Round  44
ROUND_ACCURACY method=FedPhoenixRG-AA round=45 accuracy=51.689999
********************************************************************************
Round  45
ROUND_ACCURACY method=FedPhoenixRG-AA round=46 accuracy=65.720001
********************************************************************************
Round  46
ROUND_ACCURACY method=FedPhoenixRG-AA round=47 accuracy=60.580002
********************************************************************************
Round  47
ROUND_ACCURACY method=FedPhoenixRG-AA round=48 accuracy=59.299999
********************************************************************************
Round  48
ROUND_ACCURACY method=FedPhoenixRG-AA round=49 accuracy=58.590000
********************************************************************************
Round  49
ROUND_ACCURACY method=FedPhoenixRG-AA round=50 accuracy=61.160000
********************************************************************************
Round  50
ROUND_ACCURACY method=FedPhoenixRG-AA round=51 accuracy=57.500000
********************************************************************************
Round  51
ROUND_ACCURACY method=FedPhoenixRG-AA round=52 accuracy=68.269997
********************************************************************************
Round  52
ROUND_ACCURACY method=FedPhoenixRG-AA round=53 accuracy=60.220001
********************************************************************************
Round  53
ROUND_ACCURACY method=FedPhoenixRG-AA round=54 accuracy=51.020000
********************************************************************************
Round  54
ROUND_ACCURACY method=FedPhoenixRG-AA round=55 accuracy=67.150002
********************************************************************************
Round  55
ROUND_ACCURACY method=FedPhoenixRG-AA round=56 accuracy=66.580002
********************************************************************************
Round  56
ROUND_ACCURACY method=FedPhoenixRG-AA round=57 accuracy=59.099998
********************************************************************************
Round  57
ROUND_ACCURACY method=FedPhoenixRG-AA round=58 accuracy=58.810001
********************************************************************************
Round  58
ROUND_ACCURACY method=FedPhoenixRG-AA round=59 accuracy=64.550003
********************************************************************************
Round  59
RG_SCORE round=60 layer=features.0 mean_q=0.144711 max_q=0.295384 fraction_q_positive=0.953125 sampling_entropy=4.067606 uniform_entropy=4.158883 entropy_gap=0.091277 max_probability_over_uniform=1.780907 min_probability_over_uniform=0.250000
RG_AA_SCORE round=60 layer=features.0 mean_q_equal=0.140456 mean_q_aa=0.144711 mean_abs_q_difference=0.019758 correlation_q_equal_aa=0.933001 top_reset_overlap=0.000000 sampling_entropy=4.067606 max_probability_over_uniform=1.780907 mean_eligible_client_sample_count=477.489982 min_eligible_client_sample_count=30.000000 max_eligible_client_sample_count=1077.000000 mean_total_eligible_sample_weight=28671.781250
RG_SCORE round=60 layer=features.3 mean_q=0.174650 max_q=0.235782 fraction_q_positive=1.000000 sampling_entropy=4.153621 uniform_entropy=4.158883 entropy_gap=0.005262 max_probability_over_uniform=1.262521 min_probability_over_uniform=0.782863
RG_AA_SCORE round=60 layer=features.3 mean_q_equal=0.172138 mean_q_aa=0.174650 mean_abs_q_difference=0.006732 correlation_q_equal_aa=0.951665 top_reset_overlap=1.000000 sampling_entropy=4.153621 max_probability_over_uniform=1.262521 mean_eligible_client_sample_count=477.416862 min_eligible_client_sample_count=30.000000 max_eligible_client_sample_count=1077.000000 mean_total_eligible_sample_weight=28667.390625
RG_SCORE round=60 layer=features.7 mean_q=0.169034 max_q=0.239029 fraction_q_positive=1.000000 sampling_entropy=4.846323 uniform_entropy=4.852030 entropy_gap=0.005707 max_probability_over_uniform=1.310566 min_probability_over_uniform=0.777557
RG_AA_SCORE round=60 layer=features.7 mean_q_equal=0.169103 mean_q_aa=0.169034 mean_abs_q_difference=0.005260 correlation_q_equal_aa=0.962184 top_reset_overlap=0.500000 sampling_entropy=4.846323 max_probability_over_uniform=1.310566 mean_eligible_client_sample_count=477.504228 min_eligible_client_sample_count=30.000000 max_eligible_client_sample_count=1077.000000 mean_total_eligible_sample_weight=28676.367188
RG_SCORE round=60 layer=features.10 mean_q=0.163571 max_q=0.206601 fraction_q_positive=1.000000 sampling_entropy=4.849304 uniform_entropy=4.852030 entropy_gap=0.002727 max_probability_over_uniform=1.197298 min_probability_over_uniform=0.822010
RG_AA_SCORE round=60 layer=features.10 mean_q_equal=0.163883 mean_q_aa=0.163571 mean_abs_q_difference=0.003276 correlation_q_equal_aa=0.963575 top_reset_overlap=0.500000 sampling_entropy=4.849304 max_probability_over_uniform=1.197298 mean_eligible_client_sample_count=477.422772 min_eligible_client_sample_count=30.000000 max_eligible_client_sample_count=1077.000000 mean_total_eligible_sample_weight=28664.015625
RG_SCORE round=60 layer=features.14 mean_q=0.162486 max_q=0.227891 fraction_q_positive=1.000000 sampling_entropy=5.541282 uniform_entropy=5.545177 entropy_gap=0.003896 max_probability_over_uniform=1.301898 min_probability_over_uniform=0.771504
RG_AA_SCORE round=60 layer=features.14 mean_q_equal=0.163652 mean_q_aa=0.162486 mean_abs_q_difference=0.003788 correlation_q_equal_aa=0.970633 top_reset_overlap=1.000000 sampling_entropy=5.541282 max_probability_over_uniform=1.301898 mean_eligible_client_sample_count=477.442508 min_eligible_client_sample_count=30.000000 max_eligible_client_sample_count=1077.000000 mean_total_eligible_sample_weight=28676.390625
RG_SCORE round=60 layer=features.17 mean_q=0.150298 max_q=0.189386 fraction_q_positive=1.000000 sampling_entropy=5.542934 uniform_entropy=5.545177 entropy_gap=0.002243 max_probability_over_uniform=1.195052 min_probability_over_uniform=0.814708
RG_AA_SCORE round=60 layer=features.17 mean_q_equal=0.152347 mean_q_aa=0.150298 mean_abs_q_difference=0.002846 correlation_q_equal_aa=0.976080 top_reset_overlap=0.750000 sampling_entropy=5.542934 max_probability_over_uniform=1.195052 mean_eligible_client_sample_count=477.462720 min_eligible_client_sample_count=30.000000 max_eligible_client_sample_count=1077.000000 mean_total_eligible_sample_weight=28666.414062
RG_SCORE round=60 layer=features.20 mean_q=0.156790 max_q=0.210321 fraction_q_positive=1.000000 sampling_entropy=5.543266 uniform_entropy=5.545177 entropy_gap=0.001912 max_probability_over_uniform=1.256063 min_probability_over_uniform=0.835590
RG_AA_SCORE round=60 layer=features.20 mean_q_equal=0.159311 mean_q_aa=0.156790 mean_abs_q_difference=0.003384 correlation_q_equal_aa=0.966290 top_reset_overlap=0.750000 sampling_entropy=5.543266 max_probability_over_uniform=1.256063 mean_eligible_client_sample_count=477.531937 min_eligible_client_sample_count=30.000000 max_eligible_client_sample_count=1077.000000 mean_total_eligible_sample_weight=28678.031250
RG_SCORE round=60 layer=features.24 mean_q=0.155238 max_q=0.223694 fraction_q_positive=1.000000 sampling_entropy=6.234221 uniform_entropy=6.238325 entropy_gap=0.004104 max_probability_over_uniform=1.330729 min_probability_over_uniform=0.722839
RG_AA_SCORE round=60 layer=features.24 mean_q_equal=0.157878 mean_q_aa=0.155238 mean_abs_q_difference=0.004205 correlation_q_equal_aa=0.971736 top_reset_overlap=0.625000 sampling_entropy=6.234221 max_probability_over_uniform=1.330729 mean_eligible_client_sample_count=477.524760 min_eligible_client_sample_count=30.000000 max_eligible_client_sample_count=1077.000000 mean_total_eligible_sample_weight=28684.128906
RG_SCORE round=60 layer=features.27 mean_q=0.132364 max_q=0.175302 fraction_q_positive=1.000000 sampling_entropy=6.234955 uniform_entropy=6.238325 entropy_gap=0.003370 max_probability_over_uniform=1.243298 min_probability_over_uniform=0.791104
RG_AA_SCORE round=60 layer=features.27 mean_q_equal=0.135058 mean_q_aa=0.132364 mean_abs_q_difference=0.003134 correlation_q_equal_aa=0.982691 top_reset_overlap=0.875000 sampling_entropy=6.234955 max_probability_over_uniform=1.243298 mean_eligible_client_sample_count=477.494408 min_eligible_client_sample_count=30.000000 max_eligible_client_sample_count=1077.000000 mean_total_eligible_sample_weight=28685.103516
RG_SCORE round=60 layer=features.30 mean_q=0.130155 max_q=0.183852 fraction_q_positive=1.000000 sampling_entropy=6.232788 uniform_entropy=6.238325 entropy_gap=0.005536 max_probability_over_uniform=1.309421 min_probability_over_uniform=0.647150
RG_AA_SCORE round=60 layer=features.30 mean_q_equal=0.132648 mean_q_aa=0.130155 mean_abs_q_difference=0.003269 correlation_q_equal_aa=0.984691 top_reset_overlap=0.750000 sampling_entropy=6.232788 max_probability_over_uniform=1.309421 mean_eligible_client_sample_count=477.522730 min_eligible_client_sample_count=30.000000 max_eligible_client_sample_count=1077.000000 mean_total_eligible_sample_weight=28681.208984
RG_SCORE round=60 layer=features.34 mean_q=0.234484 max_q=0.330764 fraction_q_positive=1.000000 sampling_entropy=6.230332 uniform_entropy=6.238325 entropy_gap=0.007992 max_probability_over_uniform=1.307953 min_probability_over_uniform=0.513902
RG_AA_SCORE round=60 layer=features.34 mean_q_equal=0.231380 mean_q_aa=0.234484 mean_abs_q_difference=0.007704 correlation_q_equal_aa=0.972093 top_reset_overlap=0.625000 sampling_entropy=6.230332 max_probability_over_uniform=1.307953 mean_eligible_client_sample_count=477.512358 min_eligible_client_sample_count=30.000000 max_eligible_client_sample_count=1077.000000 mean_total_eligible_sample_weight=28678.720703
RG_SCORE round=60 layer=features.37 mean_q=0.263237 max_q=0.369514 fraction_q_positive=1.000000 sampling_entropy=6.230054 uniform_entropy=6.238325 entropy_gap=0.008271 max_probability_over_uniform=1.302798 min_probability_over_uniform=0.577260
RG_AA_SCORE round=60 layer=features.37 mean_q_equal=0.256471 mean_q_aa=0.263237 mean_abs_q_difference=0.009816 correlation_q_equal_aa=0.975093 top_reset_overlap=0.625000 sampling_entropy=6.230054 max_probability_over_uniform=1.302798 mean_eligible_client_sample_count=477.491935 min_eligible_client_sample_count=30.000000 max_eligible_client_sample_count=1077.000000 mean_total_eligible_sample_weight=28679.359375
RG_SCORE round=60 layer=features.40 mean_q=0.289132 max_q=0.576427 fraction_q_positive=0.996094 sampling_entropy=6.185559 uniform_entropy=6.238325 entropy_gap=0.052765 max_probability_over_uniform=1.745235 min_probability_over_uniform=0.250000
RG_AA_SCORE round=60 layer=features.40 mean_q_equal=0.280038 mean_q_aa=0.289132 mean_abs_q_difference=0.013773 correlation_q_equal_aa=0.992997 top_reset_overlap=0.875000 sampling_entropy=6.185559 max_probability_over_uniform=1.745235 mean_eligible_client_sample_count=477.507837 min_eligible_client_sample_count=30.000000 max_eligible_client_sample_count=1077.000000 mean_total_eligible_sample_weight=28680.314453
ROUND_ACCURACY method=FedPhoenixRG-AA round=60 accuracy=66.190002
********************************************************************************
Round  60
ROUND_ACCURACY method=FedPhoenixRG-AA round=61 accuracy=65.900002
********************************************************************************
Round  61
ROUND_ACCURACY method=FedPhoenixRG-AA round=62 accuracy=65.010002
********************************************************************************
Round  62
ROUND_ACCURACY method=FedPhoenixRG-AA round=63 accuracy=65.459999
********************************************************************************
Round  63
ROUND_ACCURACY method=FedPhoenixRG-AA round=64 accuracy=64.830002
********************************************************************************
Round  64
ROUND_ACCURACY method=FedPhoenixRG-AA round=65 accuracy=65.349998
********************************************************************************
Round  65
ROUND_ACCURACY method=FedPhoenixRG-AA round=66 accuracy=65.650002
********************************************************************************
Round  66
ROUND_ACCURACY method=FedPhoenixRG-AA round=67 accuracy=61.099998
********************************************************************************
Round  67
ROUND_ACCURACY method=FedPhoenixRG-AA round=68 accuracy=57.020000
********************************************************************************
Round  68
ROUND_ACCURACY method=FedPhoenixRG-AA round=69 accuracy=69.580002
********************************************************************************
Round  69
ROUND_ACCURACY method=FedPhoenixRG-AA round=70 accuracy=59.310001
********************************************************************************
Round  70
ROUND_ACCURACY method=FedPhoenixRG-AA round=71 accuracy=61.180000
********************************************************************************
Round  71
ROUND_ACCURACY method=FedPhoenixRG-AA round=72 accuracy=63.750000
********************************************************************************
Round  72
ROUND_ACCURACY method=FedPhoenixRG-AA round=73 accuracy=67.110001
********************************************************************************
Round  73
ROUND_ACCURACY method=FedPhoenixRG-AA round=74 accuracy=68.320000
********************************************************************************
Round  74
ROUND_ACCURACY method=FedPhoenixRG-AA round=75 accuracy=71.830002
********************************************************************************
Round  75
ROUND_ACCURACY method=FedPhoenixRG-AA round=76 accuracy=65.870003
********************************************************************************
Round  76
ROUND_ACCURACY method=FedPhoenixRG-AA round=77 accuracy=63.250000
********************************************************************************
Round  77
ROUND_ACCURACY method=FedPhoenixRG-AA round=78 accuracy=64.379997
********************************************************************************
Round  78
ROUND_ACCURACY method=FedPhoenixRG-AA round=79 accuracy=67.879997
********************************************************************************
Round  79
RG_SCORE round=80 layer=features.0 mean_q=0.160726 max_q=0.299937 fraction_q_positive=0.984375 sampling_entropy=4.101145 uniform_entropy=4.158883 entropy_gap=0.057738 max_probability_over_uniform=1.649602 min_probability_over_uniform=0.250000
RG_AA_SCORE round=80 layer=features.0 mean_q_equal=0.149735 mean_q_aa=0.160726 mean_abs_q_difference=0.024909 correlation_q_equal_aa=0.909558 top_reset_overlap=none sampling_entropy=4.101145 max_probability_over_uniform=1.649602 mean_eligible_client_sample_count=520.271800 min_eligible_client_sample_count=30.000000 max_eligible_client_sample_count=1447.000000 mean_total_eligible_sample_weight=31882.906250
RG_SCORE round=80 layer=features.3 mean_q=0.186745 max_q=0.249660 fraction_q_positive=1.000000 sampling_entropy=4.153297 uniform_entropy=4.158883 entropy_gap=0.005586 max_probability_over_uniform=1.252675 min_probability_over_uniform=0.822405
RG_AA_SCORE round=80 layer=features.3 mean_q_equal=0.179841 mean_q_aa=0.186745 mean_abs_q_difference=0.008091 correlation_q_equal_aa=0.961620 top_reset_overlap=1.000000 sampling_entropy=4.153297 max_probability_over_uniform=1.252675 mean_eligible_client_sample_count=520.353257 min_eligible_client_sample_count=30.000000 max_eligible_client_sample_count=1447.000000 mean_total_eligible_sample_weight=31830.984375
RG_SCORE round=80 layer=features.7 mean_q=0.185941 max_q=0.235190 fraction_q_positive=1.000000 sampling_entropy=4.848582 uniform_entropy=4.852030 entropy_gap=0.003449 max_probability_over_uniform=1.198650 min_probability_over_uniform=0.788884
RG_AA_SCORE round=80 layer=features.7 mean_q_equal=0.182722 mean_q_aa=0.185941 mean_abs_q_difference=0.006332 correlation_q_equal_aa=0.933281 top_reset_overlap=0.000000 sampling_entropy=4.848582 max_probability_over_uniform=1.198650 mean_eligible_client_sample_count=520.250351 min_eligible_client_sample_count=30.000000 max_eligible_client_sample_count=1447.000000 mean_total_eligible_sample_weight=31820.625000
RG_SCORE round=80 layer=features.10 mean_q=0.181666 max_q=0.229490 fraction_q_positive=1.000000 sampling_entropy=4.849587 uniform_entropy=4.852030 entropy_gap=0.002444 max_probability_over_uniform=1.197441 min_probability_over_uniform=0.793902
RG_AA_SCORE round=80 layer=features.10 mean_q_equal=0.179931 mean_q_aa=0.181666 mean_abs_q_difference=0.004250 correlation_q_equal_aa=0.957301 top_reset_overlap=0.500000 sampling_entropy=4.849587 max_probability_over_uniform=1.197441 mean_eligible_client_sample_count=520.323927 min_eligible_client_sample_count=30.000000 max_eligible_client_sample_count=1447.000000 mean_total_eligible_sample_weight=31837.320312
RG_SCORE round=80 layer=features.14 mean_q=0.184748 max_q=0.233555 fraction_q_positive=1.000000 sampling_entropy=5.542441 uniform_entropy=5.545177 entropy_gap=0.002736 max_probability_over_uniform=1.198137 min_probability_over_uniform=0.754146
RG_AA_SCORE round=80 layer=features.14 mean_q_equal=0.183449 mean_q_aa=0.184748 mean_abs_q_difference=0.004463 correlation_q_equal_aa=0.956128 top_reset_overlap=0.500000 sampling_entropy=5.542441 max_probability_over_uniform=1.198137 mean_eligible_client_sample_count=520.307024 min_eligible_client_sample_count=30.000000 max_eligible_client_sample_count=1447.000000 mean_total_eligible_sample_weight=31828.156250
RG_SCORE round=80 layer=features.17 mean_q=0.171730 max_q=0.207727 fraction_q_positive=1.000000 sampling_entropy=5.543050 uniform_entropy=5.545177 entropy_gap=0.002127 max_probability_over_uniform=1.157213 min_probability_over_uniform=0.786475
RG_AA_SCORE round=80 layer=features.17 mean_q_equal=0.171176 mean_q_aa=0.171730 mean_abs_q_difference=0.002736 correlation_q_equal_aa=0.972190 top_reset_overlap=0.750000 sampling_entropy=5.543050 max_probability_over_uniform=1.157213 mean_eligible_client_sample_count=520.291965 min_eligible_client_sample_count=30.000000 max_eligible_client_sample_count=1447.000000 mean_total_eligible_sample_weight=31819.105469
RG_SCORE round=80 layer=features.20 mean_q=0.177565 max_q=0.209245 fraction_q_positive=1.000000 sampling_entropy=5.543580 uniform_entropy=5.545177 entropy_gap=0.001598 max_probability_over_uniform=1.133808 min_probability_over_uniform=0.837088
RG_AA_SCORE round=80 layer=features.20 mean_q_equal=0.177777 mean_q_aa=0.177565 mean_abs_q_difference=0.002708 correlation_q_equal_aa=0.966561 top_reset_overlap=0.500000 sampling_entropy=5.543580 max_probability_over_uniform=1.133808 mean_eligible_client_sample_count=520.330800 min_eligible_client_sample_count=30.000000 max_eligible_client_sample_count=1447.000000 mean_total_eligible_sample_weight=31827.578125
RG_SCORE round=80 layer=features.24 mean_q=0.182105 max_q=0.252076 fraction_q_positive=1.000000 sampling_entropy=6.235330 uniform_entropy=6.238325 entropy_gap=0.002994 max_probability_over_uniform=1.288176 min_probability_over_uniform=0.732190
RG_AA_SCORE round=80 layer=features.24 mean_q_equal=0.183220 mean_q_aa=0.182105 mean_abs_q_difference=0.003583 correlation_q_equal_aa=0.972068 top_reset_overlap=0.750000 sampling_entropy=6.235330 max_probability_over_uniform=1.288176 mean_eligible_client_sample_count=520.337505 min_eligible_client_sample_count=30.000000 max_eligible_client_sample_count=1447.000000 mean_total_eligible_sample_weight=31834.085938
RG_SCORE round=80 layer=features.27 mean_q=0.158050 max_q=0.211211 fraction_q_positive=1.000000 sampling_entropy=6.235622 uniform_entropy=6.238325 entropy_gap=0.002702 max_probability_over_uniform=1.252272 min_probability_over_uniform=0.807721
RG_AA_SCORE round=80 layer=features.27 mean_q_equal=0.158680 mean_q_aa=0.158050 mean_abs_q_difference=0.002403 correlation_q_equal_aa=0.981257 top_reset_overlap=0.875000 sampling_entropy=6.235622 max_probability_over_uniform=1.252272 mean_eligible_client_sample_count=520.300766 min_eligible_client_sample_count=30.000000 max_eligible_client_sample_count=1447.000000 mean_total_eligible_sample_weight=31827.773438
RG_SCORE round=80 layer=features.30 mean_q=0.155483 max_q=0.209603 fraction_q_positive=1.000000 sampling_entropy=6.234644 uniform_entropy=6.238325 entropy_gap=0.003681 max_probability_over_uniform=1.261057 min_probability_over_uniform=0.683920
RG_AA_SCORE round=80 layer=features.30 mean_q_equal=0.156091 mean_q_aa=0.155483 mean_abs_q_difference=0.003090 correlation_q_equal_aa=0.976938 top_reset_overlap=0.750000 sampling_entropy=6.234644 max_probability_over_uniform=1.261057 mean_eligible_client_sample_count=520.314218 min_eligible_client_sample_count=30.000000 max_eligible_client_sample_count=1447.000000 mean_total_eligible_sample_weight=31827.580078
RG_SCORE round=80 layer=features.34 mean_q=0.301107 max_q=0.404948 fraction_q_positive=1.000000 sampling_entropy=6.234244 uniform_entropy=6.238325 entropy_gap=0.004080 max_probability_over_uniform=1.258650 min_probability_over_uniform=0.692597
RG_AA_SCORE round=80 layer=features.34 mean_q_equal=0.298135 mean_q_aa=0.301107 mean_abs_q_difference=0.007254 correlation_q_equal_aa=0.970390 top_reset_overlap=0.750000 sampling_entropy=6.234244 max_probability_over_uniform=1.258650 mean_eligible_client_sample_count=520.327055 min_eligible_client_sample_count=30.000000 max_eligible_client_sample_count=1447.000000 mean_total_eligible_sample_weight=31834.462891
RG_SCORE round=80 layer=features.37 mean_q=0.336702 max_q=0.453879 fraction_q_positive=1.000000 sampling_entropy=6.232947 uniform_entropy=6.238325 entropy_gap=0.005378 max_probability_over_uniform=1.261011 min_probability_over_uniform=0.637246
RG_AA_SCORE round=80 layer=features.37 mean_q_equal=0.330172 mean_q_aa=0.336702 mean_abs_q_difference=0.009381 correlation_q_equal_aa=0.975565 top_reset_overlap=0.625000 sampling_entropy=6.232947 max_probability_over_uniform=1.261011 mean_eligible_client_sample_count=520.344134 min_eligible_client_sample_count=30.000000 max_eligible_client_sample_count=1447.000000 mean_total_eligible_sample_weight=31835.507812
RG_SCORE round=80 layer=features.40 mean_q=0.329636 max_q=0.609858 fraction_q_positive=1.000000 sampling_entropy=6.193613 uniform_entropy=6.238325 entropy_gap=0.044711 max_probability_over_uniform=1.637571 min_probability_over_uniform=0.262386
RG_AA_SCORE round=80 layer=features.40 mean_q_equal=0.322175 mean_q_aa=0.329636 mean_abs_q_difference=0.013520 correlation_q_equal_aa=0.993426 top_reset_overlap=1.000000 sampling_entropy=6.193613 max_probability_over_uniform=1.637571 mean_eligible_client_sample_count=520.319894 min_eligible_client_sample_count=30.000000 max_eligible_client_sample_count=1447.000000 mean_total_eligible_sample_weight=31835.041016
ROUND_ACCURACY method=FedPhoenixRG-AA round=80 accuracy=65.730003
********************************************************************************
Round  80
ROUND_ACCURACY method=FedPhoenixRG-AA round=81 accuracy=64.919998
********************************************************************************
Round  81
ROUND_ACCURACY method=FedPhoenixRG-AA round=82 accuracy=68.300003
********************************************************************************
Round  82
ROUND_ACCURACY method=FedPhoenixRG-AA round=83 accuracy=70.379997
********************************************************************************
Round  83
ROUND_ACCURACY method=FedPhoenixRG-AA round=84 accuracy=65.910004
********************************************************************************
Round  84
ROUND_ACCURACY method=FedPhoenixRG-AA round=85 accuracy=70.739998
********************************************************************************
Round  85
ROUND_ACCURACY method=FedPhoenixRG-AA round=86 accuracy=68.220001
********************************************************************************
Round  86
ROUND_ACCURACY method=FedPhoenixRG-AA round=87 accuracy=66.989998
********************************************************************************
Round  87
ROUND_ACCURACY method=FedPhoenixRG-AA round=88 accuracy=68.330002
********************************************************************************
Round  88
ROUND_ACCURACY method=FedPhoenixRG-AA round=89 accuracy=71.459999
********************************************************************************
Round  89
ROUND_ACCURACY method=FedPhoenixRG-AA round=90 accuracy=56.070000
********************************************************************************
Round  90
ROUND_ACCURACY method=FedPhoenixRG-AA round=91 accuracy=70.449997
********************************************************************************
Round  91
ROUND_ACCURACY method=FedPhoenixRG-AA round=92 accuracy=69.330002
********************************************************************************
Round  92
ROUND_ACCURACY method=FedPhoenixRG-AA round=93 accuracy=67.180000
********************************************************************************
Round  93
ROUND_ACCURACY method=FedPhoenixRG-AA round=94 accuracy=70.480003
********************************************************************************
Round  94
ROUND_ACCURACY method=FedPhoenixRG-AA round=95 accuracy=68.120003
********************************************************************************
Round  95
ROUND_ACCURACY method=FedPhoenixRG-AA round=96 accuracy=69.110001
********************************************************************************
Round  96
ROUND_ACCURACY method=FedPhoenixRG-AA round=97 accuracy=66.629997
********************************************************************************
Round  97
ROUND_ACCURACY method=FedPhoenixRG-AA round=98 accuracy=65.599998
********************************************************************************
Round  98
ROUND_ACCURACY method=FedPhoenixRG-AA round=99 accuracy=62.090000
********************************************************************************
Round  99
RG_SCORE round=100 layer=features.0 mean_q=0.136786 max_q=0.337227 fraction_q_positive=0.875000 sampling_entropy=4.026224 uniform_entropy=4.158883 entropy_gap=0.132659 max_probability_over_uniform=2.099023 min_probability_over_uniform=0.250000
RG_AA_SCORE round=100 layer=features.0 mean_q_equal=0.136584 mean_q_aa=0.136786 mean_abs_q_difference=0.019428 correlation_q_equal_aa=0.958263 top_reset_overlap=none sampling_entropy=4.026224 max_probability_over_uniform=2.099023 mean_eligible_client_sample_count=488.645161 min_eligible_client_sample_count=30.000000 max_eligible_client_sample_count=1447.000000 mean_total_eligible_sample_weight=30296.000000
RG_SCORE round=100 layer=features.3 mean_q=0.163275 max_q=0.222154 fraction_q_positive=1.000000 sampling_entropy=4.148112 uniform_entropy=4.158883 entropy_gap=0.010771 max_probability_over_uniform=1.270463 min_probability_over_uniform=0.567651
RG_AA_SCORE round=100 layer=features.3 mean_q_equal=0.166529 mean_q_aa=0.163275 mean_abs_q_difference=0.007067 correlation_q_equal_aa=0.971071 top_reset_overlap=1.000000 sampling_entropy=4.148112 max_probability_over_uniform=1.270463 mean_eligible_client_sample_count=489.067178 min_eligible_client_sample_count=30.000000 max_eligible_client_sample_count=1447.000000 mean_total_eligible_sample_weight=29917.156250
RG_SCORE round=100 layer=features.7 mean_q=0.163136 max_q=0.227756 fraction_q_positive=1.000000 sampling_entropy=4.843541 uniform_entropy=4.852030 entropy_gap=0.008489 max_probability_over_uniform=1.297086 min_probability_over_uniform=0.677319
RG_AA_SCORE round=100 layer=features.7 mean_q_equal=0.170241 mean_q_aa=0.163136 mean_abs_q_difference=0.008470 correlation_q_equal_aa=0.969499 top_reset_overlap=1.000000 sampling_entropy=4.843541 max_probability_over_uniform=1.297086 mean_eligible_client_sample_count=488.969836 min_eligible_client_sample_count=30.000000 max_eligible_client_sample_count=1447.000000 mean_total_eligible_sample_weight=29888.281250
RG_SCORE round=100 layer=features.10 mean_q=0.161179 max_q=0.206956 fraction_q_positive=1.000000 sampling_entropy=4.848614 uniform_entropy=4.852030 entropy_gap=0.003417 max_probability_over_uniform=1.213011 min_probability_over_uniform=0.787145
RG_AA_SCORE round=100 layer=features.10 mean_q_equal=0.168404 mean_q_aa=0.161179 mean_abs_q_difference=0.007708 correlation_q_equal_aa=0.959831 top_reset_overlap=0.500000 sampling_entropy=4.848614 max_probability_over_uniform=1.213011 mean_eligible_client_sample_count=489.088807 min_eligible_client_sample_count=30.000000 max_eligible_client_sample_count=1447.000000 mean_total_eligible_sample_weight=29903.195312
RG_SCORE round=100 layer=features.14 mean_q=0.169072 max_q=0.223386 fraction_q_positive=1.000000 sampling_entropy=5.540290 uniform_entropy=5.545177 entropy_gap=0.004887 max_probability_over_uniform=1.240939 min_probability_over_uniform=0.728419
RG_AA_SCORE round=100 layer=features.14 mean_q_equal=0.176668 mean_q_aa=0.169072 mean_abs_q_difference=0.007904 correlation_q_equal_aa=0.975264 top_reset_overlap=0.750000 sampling_entropy=5.540290 max_probability_over_uniform=1.240939 mean_eligible_client_sample_count=489.053405 min_eligible_client_sample_count=30.000000 max_eligible_client_sample_count=1447.000000 mean_total_eligible_sample_weight=29904.851562
RG_SCORE round=100 layer=features.17 mean_q=0.162462 max_q=0.217925 fraction_q_positive=1.000000 sampling_entropy=5.541405 uniform_entropy=5.545177 entropy_gap=0.003772 max_probability_over_uniform=1.256045 min_probability_over_uniform=0.795607
RG_AA_SCORE round=100 layer=features.17 mean_q_equal=0.169489 mean_q_aa=0.162462 mean_abs_q_difference=0.007140 correlation_q_equal_aa=0.978470 top_reset_overlap=1.000000 sampling_entropy=5.541405 max_probability_over_uniform=1.256045 mean_eligible_client_sample_count=489.025680 min_eligible_client_sample_count=30.000000 max_eligible_client_sample_count=1447.000000 mean_total_eligible_sample_weight=29903.156250
RG_SCORE round=100 layer=features.20 mean_q=0.170235 max_q=0.201722 fraction_q_positive=1.000000 sampling_entropy=5.543452 uniform_entropy=5.545177 entropy_gap=0.001725 max_probability_over_uniform=1.138724 min_probability_over_uniform=0.859786
RG_AA_SCORE round=100 layer=features.20 mean_q_equal=0.177802 mean_q_aa=0.170235 mean_abs_q_difference=0.007603 correlation_q_equal_aa=0.970438 top_reset_overlap=1.000000 sampling_entropy=5.543452 max_probability_over_uniform=1.138724 mean_eligible_client_sample_count=489.007796 min_eligible_client_sample_count=30.000000 max_eligible_client_sample_count=1447.000000 mean_total_eligible_sample_weight=29894.421875
RG_SCORE round=100 layer=features.24 mean_q=0.183021 max_q=0.238911 fraction_q_positive=1.000000 sampling_entropy=6.235123 uniform_entropy=6.238325 entropy_gap=0.003201 max_probability_over_uniform=1.229029 min_probability_over_uniform=0.757815
RG_AA_SCORE round=100 layer=features.24 mean_q_equal=0.190585 mean_q_aa=0.183021 mean_abs_q_difference=0.007769 correlation_q_equal_aa=0.970619 top_reset_overlap=0.750000 sampling_entropy=6.235123 max_probability_over_uniform=1.229029 mean_eligible_client_sample_count=489.039675 min_eligible_client_sample_count=30.000000 max_eligible_client_sample_count=1447.000000 mean_total_eligible_sample_weight=29900.191406
RG_SCORE round=100 layer=features.27 mean_q=0.162987 max_q=0.219997 fraction_q_positive=1.000000 sampling_entropy=6.235318 uniform_entropy=6.238325 entropy_gap=0.003006 max_probability_over_uniform=1.262336 min_probability_over_uniform=0.767807
RG_AA_SCORE round=100 layer=features.27 mean_q_equal=0.168981 mean_q_aa=0.162987 mean_abs_q_difference=0.006095 correlation_q_equal_aa=0.979474 top_reset_overlap=1.000000 sampling_entropy=6.235318 max_probability_over_uniform=1.262336 mean_eligible_client_sample_count=489.030542 min_eligible_client_sample_count=30.000000 max_eligible_client_sample_count=1447.000000 mean_total_eligible_sample_weight=29896.767578
RG_SCORE round=100 layer=features.30 mean_q=0.160529 max_q=0.205534 fraction_q_positive=1.000000 sampling_entropy=6.235088 uniform_entropy=6.238325 entropy_gap=0.003237 max_probability_over_uniform=1.210267 min_probability_over_uniform=0.748646
RG_AA_SCORE round=100 layer=features.30 mean_q_equal=0.166146 mean_q_aa=0.160529 mean_abs_q_difference=0.005888 correlation_q_equal_aa=0.973928 top_reset_overlap=0.625000 sampling_entropy=6.235088 max_probability_over_uniform=1.210267 mean_eligible_client_sample_count=488.977260 min_eligible_client_sample_count=30.000000 max_eligible_client_sample_count=1447.000000 mean_total_eligible_sample_weight=29902.105469
RG_SCORE round=100 layer=features.34 mean_q=0.320728 max_q=0.459944 fraction_q_positive=1.000000 sampling_entropy=6.233622 uniform_entropy=6.238325 entropy_gap=0.004703 max_probability_over_uniform=1.325546 min_probability_over_uniform=0.606914
RG_AA_SCORE round=100 layer=features.34 mean_q_equal=0.319937 mean_q_aa=0.320728 mean_abs_q_difference=0.008571 correlation_q_equal_aa=0.966063 top_reset_overlap=0.875000 sampling_entropy=6.233622 max_probability_over_uniform=1.325546 mean_eligible_client_sample_count=489.025617 min_eligible_client_sample_count=30.000000 max_eligible_client_sample_count=1447.000000 mean_total_eligible_sample_weight=29902.197266
RG_SCORE round=100 layer=features.37 mean_q=0.364004 max_q=0.500824 fraction_q_positive=1.000000 sampling_entropy=6.232571 uniform_entropy=6.238325 entropy_gap=0.005753 max_probability_over_uniform=1.281907 min_probability_over_uniform=0.467488
RG_AA_SCORE round=100 layer=features.37 mean_q_equal=0.357018 mean_q_aa=0.364004 mean_abs_q_difference=0.010439 correlation_q_equal_aa=0.974935 top_reset_overlap=0.750000 sampling_entropy=6.232571 max_probability_over_uniform=1.281907 mean_eligible_client_sample_count=489.038040 min_eligible_client_sample_count=30.000000 max_eligible_client_sample_count=1447.000000 mean_total_eligible_sample_weight=29904.867188
RG_SCORE round=100 layer=features.40 mean_q=0.312296 max_q=0.604070 fraction_q_positive=0.996094 sampling_entropy=6.195900 uniform_entropy=6.238325 entropy_gap=0.042424 max_probability_over_uniform=1.700716 min_probability_over_uniform=0.250000
RG_AA_SCORE round=100 layer=features.40 mean_q_equal=0.305988 mean_q_aa=0.312296 mean_abs_q_difference=0.014953 correlation_q_equal_aa=0.987893 top_reset_overlap=0.625000 sampling_entropy=6.195900 max_probability_over_uniform=1.700716 mean_eligible_client_sample_count=489.041651 min_eligible_client_sample_count=30.000000 max_eligible_client_sample_count=1447.000000 mean_total_eligible_sample_weight=29904.132812
ROUND_ACCURACY method=FedPhoenixRG-AA round=100 accuracy=65.169998
********************************************************************************
Round 100
ROUND_ACCURACY method=FedPhoenixRG-AA round=101 accuracy=69.059998
********************************************************************************
Round 101
ROUND_ACCURACY method=FedPhoenixRG-AA round=102 accuracy=72.250000
********************************************************************************
Round 102
ROUND_ACCURACY method=FedPhoenixRG-AA round=103 accuracy=73.589996
********************************************************************************
Round 103
ROUND_ACCURACY method=FedPhoenixRG-AA round=104 accuracy=71.250000
********************************************************************************
Round 104
ROUND_ACCURACY method=FedPhoenixRG-AA round=105 accuracy=70.449997
********************************************************************************
Round 105
ROUND_ACCURACY method=FedPhoenixRG-AA round=106 accuracy=70.370003
********************************************************************************
Round 106
ROUND_ACCURACY method=FedPhoenixRG-AA round=107 accuracy=56.070000
********************************************************************************
Round 107
ROUND_ACCURACY method=FedPhoenixRG-AA round=108 accuracy=73.180000
********************************************************************************
Round 108
ROUND_ACCURACY method=FedPhoenixRG-AA round=109 accuracy=74.129997
********************************************************************************
Round 109
ROUND_ACCURACY method=FedPhoenixRG-AA round=110 accuracy=72.860001
********************************************************************************
Round 110
ROUND_ACCURACY method=FedPhoenixRG-AA round=111 accuracy=72.269997
********************************************************************************
Round 111
ROUND_ACCURACY method=FedPhoenixRG-AA round=112 accuracy=71.300003
********************************************************************************
Round 112
ROUND_ACCURACY method=FedPhoenixRG-AA round=113 accuracy=70.239998
********************************************************************************
Round 113
ROUND_ACCURACY method=FedPhoenixRG-AA round=114 accuracy=67.309998
********************************************************************************
Round 114
ROUND_ACCURACY method=FedPhoenixRG-AA round=115 accuracy=60.820000
********************************************************************************
Round 115
ROUND_ACCURACY method=FedPhoenixRG-AA round=116 accuracy=72.540001
********************************************************************************
Round 116
ROUND_ACCURACY method=FedPhoenixRG-AA round=117 accuracy=65.510002
********************************************************************************
Round 117
ROUND_ACCURACY method=FedPhoenixRG-AA round=118 accuracy=72.440002
********************************************************************************
Round 118
ROUND_ACCURACY method=FedPhoenixRG-AA round=119 accuracy=73.430000
********************************************************************************
Round 119
RG_SCORE round=120 layer=features.0 mean_q=0.159816 max_q=0.374767 fraction_q_positive=0.937500 sampling_entropy=4.058401 uniform_entropy=4.158883 entropy_gap=0.100483 max_probability_over_uniform=2.008736 min_probability_over_uniform=0.250000
RG_AA_SCORE round=120 layer=features.0 mean_q_equal=0.156914 mean_q_aa=0.159816 mean_abs_q_difference=0.020212 correlation_q_equal_aa=0.958257 top_reset_overlap=none sampling_entropy=4.058401 max_probability_over_uniform=2.008736 mean_eligible_client_sample_count=477.241935 min_eligible_client_sample_count=97.000000 max_eligible_client_sample_count=964.000000 mean_total_eligible_sample_weight=29589.000000
RG_SCORE round=120 layer=features.3 mean_q=0.196149 max_q=0.239277 fraction_q_positive=1.000000 sampling_entropy=4.156070 uniform_entropy=4.158883 entropy_gap=0.002813 max_probability_over_uniform=1.164906 min_probability_over_uniform=0.776989
RG_AA_SCORE round=120 layer=features.3 mean_q_equal=0.193093 mean_q_aa=0.196149 mean_abs_q_difference=0.006663 correlation_q_equal_aa=0.927704 top_reset_overlap=1.000000 sampling_entropy=4.156070 max_probability_over_uniform=1.164906 mean_eligible_client_sample_count=476.426817 min_eligible_client_sample_count=97.000000 max_eligible_client_sample_count=964.000000 mean_total_eligible_sample_weight=29091.812500
RG_SCORE round=120 layer=features.7 mean_q=0.198298 max_q=0.259029 fraction_q_positive=1.000000 sampling_entropy=4.848867 uniform_entropy=4.852030 entropy_gap=0.003163 max_probability_over_uniform=1.229698 min_probability_over_uniform=0.816950
RG_AA_SCORE round=120 layer=features.7 mean_q_equal=0.196779 mean_q_aa=0.198298 mean_abs_q_difference=0.004968 correlation_q_equal_aa=0.958891 top_reset_overlap=1.000000 sampling_entropy=4.848867 max_probability_over_uniform=1.229698 mean_eligible_client_sample_count=476.510943 min_eligible_client_sample_count=97.000000 max_eligible_client_sample_count=964.000000 mean_total_eligible_sample_weight=29085.781250
RG_SCORE round=120 layer=features.10 mean_q=0.185386 max_q=0.228671 fraction_q_positive=1.000000 sampling_entropy=4.850466 uniform_entropy=4.852030 entropy_gap=0.001565 max_probability_over_uniform=1.175113 min_probability_over_uniform=0.850550
RG_AA_SCORE round=120 layer=features.10 mean_q_equal=0.184960 mean_q_aa=0.185386 mean_abs_q_difference=0.003324 correlation_q_equal_aa=0.956107 top_reset_overlap=1.000000 sampling_entropy=4.850466 max_probability_over_uniform=1.175113 mean_eligible_client_sample_count=476.482529 min_eligible_client_sample_count=97.000000 max_eligible_client_sample_count=964.000000 mean_total_eligible_sample_weight=29084.046875
RG_SCORE round=120 layer=features.14 mean_q=0.194373 max_q=0.256694 fraction_q_positive=1.000000 sampling_entropy=5.542465 uniform_entropy=5.545177 entropy_gap=0.002713 max_probability_over_uniform=1.240466 min_probability_over_uniform=0.800878
RG_AA_SCORE round=120 layer=features.14 mean_q_equal=0.193397 mean_q_aa=0.194373 mean_abs_q_difference=0.003803 correlation_q_equal_aa=0.970712 top_reset_overlap=0.750000 sampling_entropy=5.542465 max_probability_over_uniform=1.240466 mean_eligible_client_sample_count=476.444331 min_eligible_client_sample_count=97.000000 max_eligible_client_sample_count=964.000000 mean_total_eligible_sample_weight=29085.437500
RG_SCORE round=120 layer=features.17 mean_q=0.182786 max_q=0.227204 fraction_q_positive=1.000000 sampling_entropy=5.542917 uniform_entropy=5.545177 entropy_gap=0.002261 max_probability_over_uniform=1.182256 min_probability_over_uniform=0.800811
RG_AA_SCORE round=120 layer=features.17 mean_q_equal=0.181722 mean_q_aa=0.182786 mean_abs_q_difference=0.003050 correlation_q_equal_aa=0.973876 top_reset_overlap=0.750000 sampling_entropy=5.542917 max_probability_over_uniform=1.182256 mean_eligible_client_sample_count=476.406130 min_eligible_client_sample_count=97.000000 max_eligible_client_sample_count=964.000000 mean_total_eligible_sample_weight=29083.105469
RG_SCORE round=120 layer=features.20 mean_q=0.186853 max_q=0.218970 fraction_q_positive=1.000000 sampling_entropy=5.543943 uniform_entropy=5.545177 entropy_gap=0.001235 max_probability_over_uniform=1.128912 min_probability_over_uniform=0.835486
RG_AA_SCORE round=120 layer=features.20 mean_q_equal=0.186978 mean_q_aa=0.186853 mean_abs_q_difference=0.002738 correlation_q_equal_aa=0.962642 top_reset_overlap=0.750000 sampling_entropy=5.543943 max_probability_over_uniform=1.128912 mean_eligible_client_sample_count=476.458891 min_eligible_client_sample_count=97.000000 max_eligible_client_sample_count=964.000000 mean_total_eligible_sample_weight=29088.187500
RG_SCORE round=120 layer=features.24 mean_q=0.197353 max_q=0.244575 fraction_q_positive=1.000000 sampling_entropy=6.236116 uniform_entropy=6.238325 entropy_gap=0.002208 max_probability_over_uniform=1.179456 min_probability_over_uniform=0.744966
RG_AA_SCORE round=120 layer=features.24 mean_q_equal=0.195694 mean_q_aa=0.197353 mean_abs_q_difference=0.004646 correlation_q_equal_aa=0.946888 top_reset_overlap=0.875000 sampling_entropy=6.236116 max_probability_over_uniform=1.179456 mean_eligible_client_sample_count=476.411311 min_eligible_client_sample_count=97.000000 max_eligible_client_sample_count=964.000000 mean_total_eligible_sample_weight=29088.074219
RG_SCORE round=120 layer=features.27 mean_q=0.173500 max_q=0.217854 fraction_q_positive=1.000000 sampling_entropy=6.235826 uniform_entropy=6.238325 entropy_gap=0.002499 max_probability_over_uniform=1.191734 min_probability_over_uniform=0.779356
RG_AA_SCORE round=120 layer=features.27 mean_q_equal=0.169562 mean_q_aa=0.173500 mean_abs_q_difference=0.005513 correlation_q_equal_aa=0.937885 top_reset_overlap=0.750000 sampling_entropy=6.235826 max_probability_over_uniform=1.191734 mean_eligible_client_sample_count=476.423558 min_eligible_client_sample_count=97.000000 max_eligible_client_sample_count=964.000000 mean_total_eligible_sample_weight=29086.960938
RG_SCORE round=120 layer=features.30 mean_q=0.160888 max_q=0.208854 fraction_q_positive=1.000000 sampling_entropy=6.234194 uniform_entropy=6.238325 entropy_gap=0.004131 max_probability_over_uniform=1.223604 min_probability_over_uniform=0.724085
RG_AA_SCORE round=120 layer=features.30 mean_q_equal=0.153244 mean_q_aa=0.160888 mean_abs_q_difference=0.008831 correlation_q_equal_aa=0.938462 top_reset_overlap=0.625000 sampling_entropy=6.234194 max_probability_over_uniform=1.223604 mean_eligible_client_sample_count=476.428549 min_eligible_client_sample_count=97.000000 max_eligible_client_sample_count=964.000000 mean_total_eligible_sample_weight=29093.779297
RG_SCORE round=120 layer=features.34 mean_q=0.292740 max_q=0.419122 fraction_q_positive=1.000000 sampling_entropy=6.224060 uniform_entropy=6.238325 entropy_gap=0.014265 max_probability_over_uniform=1.323791 min_probability_over_uniform=0.342966
RG_AA_SCORE round=120 layer=features.34 mean_q_equal=0.255487 mean_q_aa=0.292740 mean_abs_q_difference=0.037726 correlation_q_equal_aa=0.955461 top_reset_overlap=0.500000 sampling_entropy=6.224060 max_probability_over_uniform=1.323791 mean_eligible_client_sample_count=476.440553 min_eligible_client_sample_count=97.000000 max_eligible_client_sample_count=964.000000 mean_total_eligible_sample_weight=29091.720703
RG_SCORE round=120 layer=features.37 mean_q=0.258021 max_q=0.439875 fraction_q_positive=1.000000 sampling_entropy=6.205284 uniform_entropy=6.238325 entropy_gap=0.033041 max_probability_over_uniform=1.528603 min_probability_over_uniform=0.301038
RG_AA_SCORE round=120 layer=features.37 mean_q_equal=0.195300 mean_q_aa=0.258021 mean_abs_q_difference=0.062721 correlation_q_equal_aa=0.962403 top_reset_overlap=0.750000 sampling_entropy=6.205284 max_probability_over_uniform=1.528603 mean_eligible_client_sample_count=476.453498 min_eligible_client_sample_count=97.000000 max_eligible_client_sample_count=964.000000 mean_total_eligible_sample_weight=29086.927734
RG_SCORE round=120 layer=features.40 mean_q=0.205138 max_q=0.507331 fraction_q_positive=0.986328 sampling_entropy=6.164493 uniform_entropy=6.238325 entropy_gap=0.073831 max_probability_over_uniform=2.104845 min_probability_over_uniform=0.250000
RG_AA_SCORE round=120 layer=features.40 mean_q_equal=0.153350 mean_q_aa=0.205138 mean_abs_q_difference=0.053212 correlation_q_equal_aa=0.952145 top_reset_overlap=0.750000 sampling_entropy=6.164493 max_probability_over_uniform=2.104845 mean_eligible_client_sample_count=476.459663 min_eligible_client_sample_count=97.000000 max_eligible_client_sample_count=964.000000 mean_total_eligible_sample_weight=29091.957031
ROUND_ACCURACY method=FedPhoenixRG-AA round=120 accuracy=67.180000
********************************************************************************
Round 120
ROUND_ACCURACY method=FedPhoenixRG-AA round=121 accuracy=72.110001
********************************************************************************
Round 121
ROUND_ACCURACY method=FedPhoenixRG-AA round=122 accuracy=69.639999
********************************************************************************
Round 122
ROUND_ACCURACY method=FedPhoenixRG-AA round=123 accuracy=69.970001
********************************************************************************
Round 123
ROUND_ACCURACY method=FedPhoenixRG-AA round=124 accuracy=64.980003
********************************************************************************
Round 124
ROUND_ACCURACY method=FedPhoenixRG-AA round=125 accuracy=66.580002
********************************************************************************
Round 125
ROUND_ACCURACY method=FedPhoenixRG-AA round=126 accuracy=65.309998
********************************************************************************
Round 126
ROUND_ACCURACY method=FedPhoenixRG-AA round=127 accuracy=71.739998
********************************************************************************
Round 127
ROUND_ACCURACY method=FedPhoenixRG-AA round=128 accuracy=69.410004
********************************************************************************
Round 128
ROUND_ACCURACY method=FedPhoenixRG-AA round=129 accuracy=75.959999
********************************************************************************
Round 129
ROUND_ACCURACY method=FedPhoenixRG-AA round=130 accuracy=66.480003
********************************************************************************
Round 130
ROUND_ACCURACY method=FedPhoenixRG-AA round=131 accuracy=69.550003
********************************************************************************
Round 131
ROUND_ACCURACY method=FedPhoenixRG-AA round=132 accuracy=73.680000
********************************************************************************
Round 132
ROUND_ACCURACY method=FedPhoenixRG-AA round=133 accuracy=68.980003
********************************************************************************
Round 133
ROUND_ACCURACY method=FedPhoenixRG-AA round=134 accuracy=73.610001
********************************************************************************
Round 134
ROUND_ACCURACY method=FedPhoenixRG-AA round=135 accuracy=64.809998
********************************************************************************
Round 135
ROUND_ACCURACY method=FedPhoenixRG-AA round=136 accuracy=67.040001
********************************************************************************
Round 136
ROUND_ACCURACY method=FedPhoenixRG-AA round=137 accuracy=72.720001
********************************************************************************
Round 137
ROUND_ACCURACY method=FedPhoenixRG-AA round=138 accuracy=74.300003
********************************************************************************
Round 138
ROUND_ACCURACY method=FedPhoenixRG-AA round=139 accuracy=71.129997
********************************************************************************
Round 139
RG_SCORE round=140 layer=features.0 mean_q=0.139264 max_q=0.372323 fraction_q_positive=0.937500 sampling_entropy=4.064908 uniform_entropy=4.158883 entropy_gap=0.093975 max_probability_over_uniform=2.255133 min_probability_over_uniform=0.250000
RG_AA_SCORE round=140 layer=features.0 mean_q_equal=0.142575 mean_q_aa=0.139264 mean_abs_q_difference=0.025148 correlation_q_equal_aa=0.915261 top_reset_overlap=none sampling_entropy=4.064908 max_probability_over_uniform=2.255133 mean_eligible_client_sample_count=507.271186 min_eligible_client_sample_count=30.000000 max_eligible_client_sample_count=1447.000000 mean_total_eligible_sample_weight=29929.000000
RG_SCORE round=140 layer=features.3 mean_q=0.179885 max_q=0.228637 fraction_q_positive=1.000000 sampling_entropy=4.155272 uniform_entropy=4.158883 entropy_gap=0.003611 max_probability_over_uniform=1.203261 min_probability_over_uniform=0.814097
RG_AA_SCORE round=140 layer=features.3 mean_q_equal=0.184053 mean_q_aa=0.179885 mean_abs_q_difference=0.006695 correlation_q_equal_aa=0.933244 top_reset_overlap=1.000000 sampling_entropy=4.155272 max_probability_over_uniform=1.203261 mean_eligible_client_sample_count=507.171060 min_eligible_client_sample_count=30.000000 max_eligible_client_sample_count=1447.000000 mean_total_eligible_sample_weight=29463.468750
RG_SCORE round=140 layer=features.7 mean_q=0.186862 max_q=0.234673 fraction_q_positive=1.000000 sampling_entropy=4.847702 uniform_entropy=4.852030 entropy_gap=0.004328 max_probability_over_uniform=1.191897 min_probability_over_uniform=0.768500
RG_AA_SCORE round=140 layer=features.7 mean_q_equal=0.190162 mean_q_aa=0.186862 mean_abs_q_difference=0.006520 correlation_q_equal_aa=0.947377 top_reset_overlap=0.500000 sampling_entropy=4.847702 max_probability_over_uniform=1.191897 mean_eligible_client_sample_count=507.167967 min_eligible_client_sample_count=30.000000 max_eligible_client_sample_count=1447.000000 mean_total_eligible_sample_weight=29463.289062
RG_SCORE round=140 layer=features.10 mean_q=0.180218 max_q=0.214870 fraction_q_positive=1.000000 sampling_entropy=4.849973 uniform_entropy=4.852030 entropy_gap=0.002057 max_probability_over_uniform=1.144206 min_probability_over_uniform=0.826168
RG_AA_SCORE round=140 layer=features.10 mean_q_equal=0.183870 mean_q_aa=0.180218 mean_abs_q_difference=0.004992 correlation_q_equal_aa=0.948212 top_reset_overlap=0.500000 sampling_entropy=4.849973 max_probability_over_uniform=1.144206 mean_eligible_client_sample_count=507.178053 min_eligible_client_sample_count=30.000000 max_eligible_client_sample_count=1447.000000 mean_total_eligible_sample_weight=29463.875000
RG_SCORE round=140 layer=features.14 mean_q=0.187132 max_q=0.227460 fraction_q_positive=1.000000 sampling_entropy=5.542441 uniform_entropy=5.545177 entropy_gap=0.002737 max_probability_over_uniform=1.161630 min_probability_over_uniform=0.792344
RG_AA_SCORE round=140 layer=features.14 mean_q_equal=0.190598 mean_q_aa=0.187132 mean_abs_q_difference=0.004783 correlation_q_equal_aa=0.964268 top_reset_overlap=0.500000 sampling_entropy=5.542441 max_probability_over_uniform=1.161630 mean_eligible_client_sample_count=507.174679 min_eligible_client_sample_count=30.000000 max_eligible_client_sample_count=1447.000000 mean_total_eligible_sample_weight=29465.660156
RG_SCORE round=140 layer=features.17 mean_q=0.180121 max_q=0.225062 fraction_q_positive=1.000000 sampling_entropy=5.542847 uniform_entropy=5.545177 entropy_gap=0.002331 max_probability_over_uniform=1.187127 min_probability_over_uniform=0.838780
RG_AA_SCORE round=140 layer=features.17 mean_q_equal=0.182759 mean_q_aa=0.180121 mean_abs_q_difference=0.003744 correlation_q_equal_aa=0.973406 top_reset_overlap=0.750000 sampling_entropy=5.542847 max_probability_over_uniform=1.187127 mean_eligible_client_sample_count=507.148390 min_eligible_client_sample_count=30.000000 max_eligible_client_sample_count=1447.000000 mean_total_eligible_sample_weight=29464.132812
RG_SCORE round=140 layer=features.20 mean_q=0.183276 max_q=0.221220 fraction_q_positive=1.000000 sampling_entropy=5.543482 uniform_entropy=5.545177 entropy_gap=0.001696 max_probability_over_uniform=1.155276 min_probability_over_uniform=0.859673
RG_AA_SCORE round=140 layer=features.20 mean_q_equal=0.186128 mean_q_aa=0.183276 mean_abs_q_difference=0.003943 correlation_q_equal_aa=0.957356 top_reset_overlap=0.750000 sampling_entropy=5.543482 max_probability_over_uniform=1.155276 mean_eligible_client_sample_count=507.172393 min_eligible_client_sample_count=30.000000 max_eligible_client_sample_count=1447.000000 mean_total_eligible_sample_weight=29465.527344
RG_SCORE round=140 layer=features.24 mean_q=0.198200 max_q=0.260974 fraction_q_positive=1.000000 sampling_entropy=6.236195 uniform_entropy=6.238325 entropy_gap=0.002130 max_probability_over_uniform=1.237543 min_probability_over_uniform=0.808137
RG_AA_SCORE round=140 layer=features.24 mean_q_equal=0.201837 mean_q_aa=0.198200 mean_abs_q_difference=0.004724 correlation_q_equal_aa=0.964869 top_reset_overlap=0.625000 sampling_entropy=6.236195 max_probability_over_uniform=1.237543 mean_eligible_client_sample_count=507.187372 min_eligible_client_sample_count=30.000000 max_eligible_client_sample_count=1447.000000 mean_total_eligible_sample_weight=29463.425781
RG_SCORE round=140 layer=features.27 mean_q=0.184145 max_q=0.235889 fraction_q_positive=1.000000 sampling_entropy=6.236106 uniform_entropy=6.238325 entropy_gap=0.002219 max_probability_over_uniform=1.210747 min_probability_over_uniform=0.829341
RG_AA_SCORE round=140 layer=features.27 mean_q_equal=0.185052 mean_q_aa=0.184145 mean_abs_q_difference=0.003145 correlation_q_equal_aa=0.973599 top_reset_overlap=0.750000 sampling_entropy=6.236106 max_probability_over_uniform=1.210747 mean_eligible_client_sample_count=507.173077 min_eligible_client_sample_count=30.000000 max_eligible_client_sample_count=1447.000000 mean_total_eligible_sample_weight=29463.585938
RG_SCORE round=140 layer=features.30 mean_q=0.174607 max_q=0.228795 fraction_q_positive=1.000000 sampling_entropy=6.235467 uniform_entropy=6.238325 entropy_gap=0.002858 max_probability_over_uniform=1.232756 min_probability_over_uniform=0.772115
RG_AA_SCORE round=140 layer=features.30 mean_q_equal=0.174299 mean_q_aa=0.174607 mean_abs_q_difference=0.003828 correlation_q_equal_aa=0.961882 top_reset_overlap=1.000000 sampling_entropy=6.235467 max_probability_over_uniform=1.232756 mean_eligible_client_sample_count=507.184533 min_eligible_client_sample_count=30.000000 max_eligible_client_sample_count=1447.000000 mean_total_eligible_sample_weight=29460.289062
RG_SCORE round=140 layer=features.34 mean_q=0.333670 max_q=0.469173 fraction_q_positive=1.000000 sampling_entropy=6.232360 uniform_entropy=6.238325 entropy_gap=0.005965 max_probability_over_uniform=1.304575 min_probability_over_uniform=0.487131
RG_AA_SCORE round=140 layer=features.34 mean_q_equal=0.308393 mean_q_aa=0.333670 mean_abs_q_difference=0.026200 correlation_q_equal_aa=0.930604 top_reset_overlap=0.625000 sampling_entropy=6.232360 max_probability_over_uniform=1.304575 mean_eligible_client_sample_count=507.165193 min_eligible_client_sample_count=30.000000 max_eligible_client_sample_count=1447.000000 mean_total_eligible_sample_weight=29460.156250
RG_SCORE round=140 layer=features.37 mean_q=0.304489 max_q=0.477188 fraction_q_positive=0.998047 sampling_entropy=6.219186 uniform_entropy=6.238325 entropy_gap=0.019139 max_probability_over_uniform=1.425380 min_probability_over_uniform=0.250000
RG_AA_SCORE round=140 layer=features.37 mean_q_equal=0.234246 mean_q_aa=0.304489 mean_abs_q_difference=0.070256 correlation_q_equal_aa=0.956988 top_reset_overlap=0.875000 sampling_entropy=6.219186 max_probability_over_uniform=1.425380 mean_eligible_client_sample_count=507.200699 min_eligible_client_sample_count=30.000000 max_eligible_client_sample_count=1447.000000 mean_total_eligible_sample_weight=29462.218750
RG_SCORE round=140 layer=features.40 mean_q=0.191063 max_q=0.484667 fraction_q_positive=0.996094 sampling_entropy=6.161627 uniform_entropy=6.238325 entropy_gap=0.076698 max_probability_over_uniform=2.152509 min_probability_over_uniform=0.250000
RG_AA_SCORE round=140 layer=features.40 mean_q_equal=0.134201 mean_q_aa=0.191063 mean_abs_q_difference=0.058112 correlation_q_equal_aa=0.947543 top_reset_overlap=0.625000 sampling_entropy=6.161627 max_probability_over_uniform=2.152509 mean_eligible_client_sample_count=507.153021 min_eligible_client_sample_count=30.000000 max_eligible_client_sample_count=1447.000000 mean_total_eligible_sample_weight=29459.449219
ROUND_ACCURACY method=FedPhoenixRG-AA round=140 accuracy=74.989998
********************************************************************************
Round 140
ROUND_ACCURACY method=FedPhoenixRG-AA round=141 accuracy=76.349998
********************************************************************************
Round 141
ROUND_ACCURACY method=FedPhoenixRG-AA round=142 accuracy=62.830002
********************************************************************************
Round 142
ROUND_ACCURACY method=FedPhoenixRG-AA round=143 accuracy=62.730000
********************************************************************************
Round 143
ROUND_ACCURACY method=FedPhoenixRG-AA round=144 accuracy=75.110001
********************************************************************************
Round 144
ROUND_ACCURACY method=FedPhoenixRG-AA round=145 accuracy=68.570000
********************************************************************************
Round 145
ROUND_ACCURACY method=FedPhoenixRG-AA round=146 accuracy=66.980003
********************************************************************************
Round 146
ROUND_ACCURACY method=FedPhoenixRG-AA round=147 accuracy=74.550003
********************************************************************************
Round 147
ROUND_ACCURACY method=FedPhoenixRG-AA round=148 accuracy=71.349998
********************************************************************************
Round 148
ROUND_ACCURACY method=FedPhoenixRG-AA round=149 accuracy=69.470001
********************************************************************************
Round 149
ROUND_ACCURACY method=FedPhoenixRG-AA round=150 accuracy=75.820000
********************************************************************************
Round 150
ROUND_ACCURACY method=FedPhoenixRG-AA round=151 accuracy=62.480000
********************************************************************************
Round 151
ROUND_ACCURACY method=FedPhoenixRG-AA round=152 accuracy=65.160004
********************************************************************************
Round 152
ROUND_ACCURACY method=FedPhoenixRG-AA round=153 accuracy=73.849998
********************************************************************************
Round 153
ROUND_ACCURACY method=FedPhoenixRG-AA round=154 accuracy=72.760002
********************************************************************************
Round 154
ROUND_ACCURACY method=FedPhoenixRG-AA round=155 accuracy=70.199997
********************************************************************************
Round 155
ROUND_ACCURACY method=FedPhoenixRG-AA round=156 accuracy=74.160004
********************************************************************************
Round 156
ROUND_ACCURACY method=FedPhoenixRG-AA round=157 accuracy=68.870003
********************************************************************************
Round 157
ROUND_ACCURACY method=FedPhoenixRG-AA round=158 accuracy=68.809998
********************************************************************************
Round 158
ROUND_ACCURACY method=FedPhoenixRG-AA round=159 accuracy=69.720001
********************************************************************************
Round 159
RG_SCORE round=160 layer=features.0 mean_q=0.139483 max_q=0.365977 fraction_q_positive=0.984375 sampling_entropy=4.078119 uniform_entropy=4.158883 entropy_gap=0.080764 max_probability_over_uniform=2.217849 min_probability_over_uniform=0.250000
RG_AA_SCORE round=160 layer=features.0 mean_q_equal=0.136629 mean_q_aa=0.139483 mean_abs_q_difference=0.024176 correlation_q_equal_aa=0.922817 top_reset_overlap=none sampling_entropy=4.078119 max_probability_over_uniform=2.217849 mean_eligible_client_sample_count=506.828125 min_eligible_client_sample_count=97.000000 max_eligible_client_sample_count=1447.000000 mean_total_eligible_sample_weight=32437.000000
RG_SCORE round=160 layer=features.3 mean_q=0.191450 max_q=0.234681 fraction_q_positive=1.000000 sampling_entropy=4.156132 uniform_entropy=4.158883 entropy_gap=0.002751 max_probability_over_uniform=1.169353 min_probability_over_uniform=0.832957
RG_AA_SCORE round=160 layer=features.3 mean_q_equal=0.188669 mean_q_aa=0.191450 mean_abs_q_difference=0.006186 correlation_q_equal_aa=0.927123 top_reset_overlap=none sampling_entropy=4.156132 max_probability_over_uniform=1.169353 mean_eligible_client_sample_count=507.435651 min_eligible_client_sample_count=97.000000 max_eligible_client_sample_count=1447.000000 mean_total_eligible_sample_weight=32158.734375
RG_SCORE round=160 layer=features.7 mean_q=0.187580 max_q=0.249689 fraction_q_positive=1.000000 sampling_entropy=4.849068 uniform_entropy=4.852030 entropy_gap=0.002962 max_probability_over_uniform=1.248331 min_probability_over_uniform=0.806155
RG_AA_SCORE round=160 layer=features.7 mean_q_equal=0.187076 mean_q_aa=0.187580 mean_abs_q_difference=0.005747 correlation_q_equal_aa=0.930547 top_reset_overlap=1.000000 sampling_entropy=4.849068 max_probability_over_uniform=1.248331 mean_eligible_client_sample_count=507.276835 min_eligible_client_sample_count=97.000000 max_eligible_client_sample_count=1447.000000 mean_total_eligible_sample_weight=32009.960938
RG_SCORE round=160 layer=features.10 mean_q=0.179711 max_q=0.218135 fraction_q_positive=1.000000 sampling_entropy=4.850338 uniform_entropy=4.852030 entropy_gap=0.001692 max_probability_over_uniform=1.160355 min_probability_over_uniform=0.774494
RG_AA_SCORE round=160 layer=features.10 mean_q_equal=0.179805 mean_q_aa=0.179711 mean_abs_q_difference=0.003637 correlation_q_equal_aa=0.945026 top_reset_overlap=1.000000 sampling_entropy=4.850338 max_probability_over_uniform=1.160355 mean_eligible_client_sample_count=507.223543 min_eligible_client_sample_count=97.000000 max_eligible_client_sample_count=1447.000000 mean_total_eligible_sample_weight=32014.523438
RG_SCORE round=160 layer=features.14 mean_q=0.187790 max_q=0.246378 fraction_q_positive=1.000000 sampling_entropy=5.543016 uniform_entropy=5.545177 entropy_gap=0.002161 max_probability_over_uniform=1.233989 min_probability_over_uniform=0.835200
RG_AA_SCORE round=160 layer=features.14 mean_q_equal=0.187109 mean_q_aa=0.187790 mean_abs_q_difference=0.003987 correlation_q_equal_aa=0.953766 top_reset_overlap=0.750000 sampling_entropy=5.543016 max_probability_over_uniform=1.233989 mean_eligible_client_sample_count=507.268041 min_eligible_client_sample_count=97.000000 max_eligible_client_sample_count=1447.000000 mean_total_eligible_sample_weight=32017.332031
RG_SCORE round=160 layer=features.17 mean_q=0.179188 max_q=0.224765 fraction_q_positive=1.000000 sampling_entropy=5.543183 uniform_entropy=5.545177 entropy_gap=0.001995 max_probability_over_uniform=1.190764 min_probability_over_uniform=0.823547
RG_AA_SCORE round=160 layer=features.17 mean_q_equal=0.178620 mean_q_aa=0.179188 mean_abs_q_difference=0.002753 correlation_q_equal_aa=0.970786 top_reset_overlap=1.000000 sampling_entropy=5.543183 max_probability_over_uniform=1.190764 mean_eligible_client_sample_count=507.231231 min_eligible_client_sample_count=97.000000 max_eligible_client_sample_count=1447.000000 mean_total_eligible_sample_weight=32013.027344
RG_SCORE round=160 layer=features.20 mean_q=0.181132 max_q=0.212072 fraction_q_positive=1.000000 sampling_entropy=5.543938 uniform_entropy=5.545177 entropy_gap=0.001240 max_probability_over_uniform=1.128110 min_probability_over_uniform=0.841471
RG_AA_SCORE round=160 layer=features.20 mean_q_equal=0.181736 mean_q_aa=0.181132 mean_abs_q_difference=0.003107 correlation_q_equal_aa=0.945559 top_reset_overlap=0.750000 sampling_entropy=5.543938 max_probability_over_uniform=1.128110 mean_eligible_client_sample_count=507.241985 min_eligible_client_sample_count=97.000000 max_eligible_client_sample_count=1447.000000 mean_total_eligible_sample_weight=32015.687500
RG_SCORE round=160 layer=features.24 mean_q=0.196299 max_q=0.247243 fraction_q_positive=1.000000 sampling_entropy=6.236627 uniform_entropy=6.238325 entropy_gap=0.001698 max_probability_over_uniform=1.194641 min_probability_over_uniform=0.820877
RG_AA_SCORE round=160 layer=features.24 mean_q_equal=0.195362 mean_q_aa=0.196299 mean_abs_q_difference=0.004213 correlation_q_equal_aa=0.939423 top_reset_overlap=0.875000 sampling_entropy=6.236627 max_probability_over_uniform=1.194641 mean_eligible_client_sample_count=507.183208 min_eligible_client_sample_count=97.000000 max_eligible_client_sample_count=1447.000000 mean_total_eligible_sample_weight=32009.005859
RG_SCORE round=160 layer=features.27 mean_q=0.180868 max_q=0.238743 fraction_q_positive=1.000000 sampling_entropy=6.236243 uniform_entropy=6.238325 entropy_gap=0.002081 max_probability_over_uniform=1.239989 min_probability_over_uniform=0.815233
RG_AA_SCORE round=160 layer=features.27 mean_q_equal=0.177543 mean_q_aa=0.180868 mean_abs_q_difference=0.004843 correlation_q_equal_aa=0.933573 top_reset_overlap=0.875000 sampling_entropy=6.236243 max_probability_over_uniform=1.239989 mean_eligible_client_sample_count=507.213647 min_eligible_client_sample_count=97.000000 max_eligible_client_sample_count=1447.000000 mean_total_eligible_sample_weight=32012.908203
RG_SCORE round=160 layer=features.30 mean_q=0.165219 max_q=0.207789 fraction_q_positive=1.000000 sampling_entropy=6.235239 uniform_entropy=6.238325 entropy_gap=0.003086 max_probability_over_uniform=1.193242 min_probability_over_uniform=0.696635
RG_AA_SCORE round=160 layer=features.30 mean_q_equal=0.159769 mean_q_aa=0.165219 mean_abs_q_difference=0.007012 correlation_q_equal_aa=0.928388 top_reset_overlap=0.375000 sampling_entropy=6.235239 max_probability_over_uniform=1.193242 mean_eligible_client_sample_count=507.268099 min_eligible_client_sample_count=97.000000 max_eligible_client_sample_count=1447.000000 mean_total_eligible_sample_weight=32010.400391
RG_SCORE round=160 layer=features.34 mean_q=0.311255 max_q=0.426935 fraction_q_positive=1.000000 sampling_entropy=6.227515 uniform_entropy=6.238325 entropy_gap=0.010809 max_probability_over_uniform=1.278741 min_probability_over_uniform=0.297616
RG_AA_SCORE round=160 layer=features.34 mean_q_equal=0.284823 mean_q_aa=0.311255 mean_abs_q_difference=0.027812 correlation_q_equal_aa=0.946084 top_reset_overlap=0.250000 sampling_entropy=6.227515 max_probability_over_uniform=1.278741 mean_eligible_client_sample_count=507.248723 min_eligible_client_sample_count=97.000000 max_eligible_client_sample_count=1447.000000 mean_total_eligible_sample_weight=32013.140625
RG_SCORE round=160 layer=features.37 mean_q=0.318640 max_q=0.485270 fraction_q_positive=1.000000 sampling_entropy=6.222763 uniform_entropy=6.238325 entropy_gap=0.015562 max_probability_over_uniform=1.392203 min_probability_over_uniform=0.367681
RG_AA_SCORE round=160 layer=features.37 mean_q_equal=0.256102 mean_q_aa=0.318640 mean_abs_q_difference=0.062686 correlation_q_equal_aa=0.949823 top_reset_overlap=0.500000 sampling_entropy=6.222763 max_probability_over_uniform=1.392203 mean_eligible_client_sample_count=507.248406 min_eligible_client_sample_count=97.000000 max_eligible_client_sample_count=1447.000000 mean_total_eligible_sample_weight=32014.111328
RG_SCORE round=160 layer=features.40 mean_q=0.187863 max_q=0.485801 fraction_q_positive=0.972656 sampling_entropy=6.158621 uniform_entropy=6.238325 entropy_gap=0.079703 max_probability_over_uniform=2.189447 min_probability_over_uniform=0.250000
RG_AA_SCORE round=160 layer=features.40 mean_q_equal=0.139172 mean_q_aa=0.187863 mean_abs_q_difference=0.050995 correlation_q_equal_aa=0.934278 top_reset_overlap=0.875000 sampling_entropy=6.158621 max_probability_over_uniform=2.189447 mean_eligible_client_sample_count=507.234233 min_eligible_client_sample_count=97.000000 max_eligible_client_sample_count=1447.000000 mean_total_eligible_sample_weight=32013.216797
ROUND_ACCURACY method=FedPhoenixRG-AA round=160 accuracy=69.120003
********************************************************************************
Round 160
ROUND_ACCURACY method=FedPhoenixRG-AA round=161 accuracy=76.400002
********************************************************************************
Round 161
ROUND_ACCURACY method=FedPhoenixRG-AA round=162 accuracy=72.989998
********************************************************************************
Round 162
ROUND_ACCURACY method=FedPhoenixRG-AA round=163 accuracy=70.620003
********************************************************************************
Round 163
ROUND_ACCURACY method=FedPhoenixRG-AA round=164 accuracy=67.589996
********************************************************************************
Round 164
ROUND_ACCURACY method=FedPhoenixRG-AA round=165 accuracy=75.330002
********************************************************************************
Round 165
ROUND_ACCURACY method=FedPhoenixRG-AA round=166 accuracy=72.839996
********************************************************************************
Round 166
ROUND_ACCURACY method=FedPhoenixRG-AA round=167 accuracy=71.279999
********************************************************************************
Round 167
ROUND_ACCURACY method=FedPhoenixRG-AA round=168 accuracy=68.489998
********************************************************************************
Round 168
ROUND_ACCURACY method=FedPhoenixRG-AA round=169 accuracy=71.739998
********************************************************************************
Round 169
ROUND_ACCURACY method=FedPhoenixRG-AA round=170 accuracy=68.940002
********************************************************************************
Round 170
ROUND_ACCURACY method=FedPhoenixRG-AA round=171 accuracy=70.199997
********************************************************************************
Round 171
ROUND_ACCURACY method=FedPhoenixRG-AA round=172 accuracy=69.750000
********************************************************************************
Round 172
ROUND_ACCURACY method=FedPhoenixRG-AA round=173 accuracy=65.089996
********************************************************************************
Round 173
ROUND_ACCURACY method=FedPhoenixRG-AA round=174 accuracy=73.080002
********************************************************************************
Round 174
ROUND_ACCURACY method=FedPhoenixRG-AA round=175 accuracy=75.129997
********************************************************************************
Round 175
ROUND_ACCURACY method=FedPhoenixRG-AA round=176 accuracy=74.959999
********************************************************************************
Round 176
ROUND_ACCURACY method=FedPhoenixRG-AA round=177 accuracy=70.059998
********************************************************************************
Round 177
ROUND_ACCURACY method=FedPhoenixRG-AA round=178 accuracy=66.190002
********************************************************************************
Round 178
ROUND_ACCURACY method=FedPhoenixRG-AA round=179 accuracy=76.860001
********************************************************************************
Round 179
RG_SCORE round=180 layer=features.0 mean_q=0.152697 max_q=0.407262 fraction_q_positive=0.937500 sampling_entropy=4.059035 uniform_entropy=4.158883 entropy_gap=0.099849 max_probability_over_uniform=2.250346 min_probability_over_uniform=0.250000
RG_AA_SCORE round=180 layer=features.0 mean_q_equal=0.156810 mean_q_aa=0.152697 mean_abs_q_difference=0.019827 correlation_q_equal_aa=0.961164 top_reset_overlap=none sampling_entropy=4.059035 max_probability_over_uniform=2.250346 mean_eligible_client_sample_count=489.266667 min_eligible_client_sample_count=97.000000 max_eligible_client_sample_count=1017.000000 mean_total_eligible_sample_weight=29356.000000
RG_SCORE round=180 layer=features.3 mean_q=0.184122 max_q=0.232542 fraction_q_positive=1.000000 sampling_entropy=4.153120 uniform_entropy=4.158883 entropy_gap=0.005763 max_probability_over_uniform=1.197231 min_probability_over_uniform=0.718123
RG_AA_SCORE round=180 layer=features.3 mean_q_equal=0.186367 mean_q_aa=0.184122 mean_abs_q_difference=0.005922 correlation_q_equal_aa=0.967107 top_reset_overlap=none sampling_entropy=4.153120 max_probability_over_uniform=1.197231 mean_eligible_client_sample_count=489.266667 min_eligible_client_sample_count=97.000000 max_eligible_client_sample_count=1017.000000 mean_total_eligible_sample_weight=29356.000000
RG_SCORE round=180 layer=features.7 mean_q=0.188393 max_q=0.243923 fraction_q_positive=1.000000 sampling_entropy=4.848917 uniform_entropy=4.852030 entropy_gap=0.003113 max_probability_over_uniform=1.221067 min_probability_over_uniform=0.756665
RG_AA_SCORE round=180 layer=features.7 mean_q_equal=0.191631 mean_q_aa=0.188393 mean_abs_q_difference=0.004680 correlation_q_equal_aa=0.970682 top_reset_overlap=0.500000 sampling_entropy=4.848917 max_probability_over_uniform=1.221067 mean_eligible_client_sample_count=489.212965 min_eligible_client_sample_count=97.000000 max_eligible_client_sample_count=1017.000000 mean_total_eligible_sample_weight=28947.648438
RG_SCORE round=180 layer=features.10 mean_q=0.172250 max_q=0.211648 fraction_q_positive=1.000000 sampling_entropy=4.850050 uniform_entropy=4.852030 entropy_gap=0.001980 max_probability_over_uniform=1.171544 min_probability_over_uniform=0.825550
RG_AA_SCORE round=180 layer=features.10 mean_q_equal=0.175314 mean_q_aa=0.172250 mean_abs_q_difference=0.003744 correlation_q_equal_aa=0.973864 top_reset_overlap=1.000000 sampling_entropy=4.850050 max_probability_over_uniform=1.171544 mean_eligible_client_sample_count=489.165038 min_eligible_client_sample_count=97.000000 max_eligible_client_sample_count=1017.000000 mean_total_eligible_sample_weight=28944.812500
RG_SCORE round=180 layer=features.14 mean_q=0.178671 max_q=0.247795 fraction_q_positive=1.000000 sampling_entropy=5.542418 uniform_entropy=5.545177 entropy_gap=0.002759 max_probability_over_uniform=1.290158 min_probability_over_uniform=0.807716
RG_AA_SCORE round=180 layer=features.14 mean_q_equal=0.182631 mean_q_aa=0.178671 mean_abs_q_difference=0.004347 correlation_q_equal_aa=0.983202 top_reset_overlap=0.750000 sampling_entropy=5.542418 max_probability_over_uniform=1.290158 mean_eligible_client_sample_count=489.166172 min_eligible_client_sample_count=97.000000 max_eligible_client_sample_count=1017.000000 mean_total_eligible_sample_weight=28942.968750
RG_SCORE round=180 layer=features.17 mean_q=0.169778 max_q=0.218532 fraction_q_positive=1.000000 sampling_entropy=5.542821 uniform_entropy=5.545177 entropy_gap=0.002357 max_probability_over_uniform=1.215375 min_probability_over_uniform=0.812661
RG_AA_SCORE round=180 layer=features.17 mean_q_equal=0.173050 mean_q_aa=0.169778 mean_abs_q_difference=0.003615 correlation_q_equal_aa=0.983376 top_reset_overlap=1.000000 sampling_entropy=5.542821 max_probability_over_uniform=1.215375 mean_eligible_client_sample_count=489.180438 min_eligible_client_sample_count=97.000000 max_eligible_client_sample_count=1017.000000 mean_total_eligible_sample_weight=28953.367188
RG_SCORE round=180 layer=features.20 mean_q=0.169744 max_q=0.206085 fraction_q_positive=1.000000 sampling_entropy=5.543470 uniform_entropy=5.545177 entropy_gap=0.001707 max_probability_over_uniform=1.160569 min_probability_over_uniform=0.838251
RG_AA_SCORE round=180 layer=features.20 mean_q_equal=0.173633 mean_q_aa=0.169744 mean_abs_q_difference=0.004132 correlation_q_equal_aa=0.975616 top_reset_overlap=0.750000 sampling_entropy=5.543470 max_probability_over_uniform=1.160569 mean_eligible_client_sample_count=489.149231 min_eligible_client_sample_count=97.000000 max_eligible_client_sample_count=1017.000000 mean_total_eligible_sample_weight=28949.609375
RG_SCORE round=180 layer=features.24 mean_q=0.186582 max_q=0.244056 fraction_q_positive=1.000000 sampling_entropy=6.235900 uniform_entropy=6.238325 entropy_gap=0.002425 max_probability_over_uniform=1.231027 min_probability_over_uniform=0.761052
RG_AA_SCORE round=180 layer=features.24 mean_q_equal=0.190871 mean_q_aa=0.186582 mean_abs_q_difference=0.004824 correlation_q_equal_aa=0.975847 top_reset_overlap=0.875000 sampling_entropy=6.235900 max_probability_over_uniform=1.231027 mean_eligible_client_sample_count=489.163267 min_eligible_client_sample_count=97.000000 max_eligible_client_sample_count=1017.000000 mean_total_eligible_sample_weight=28948.529297
RG_SCORE round=180 layer=features.27 mean_q=0.174994 max_q=0.253702 fraction_q_positive=1.000000 sampling_entropy=6.235056 uniform_entropy=6.238325 entropy_gap=0.003269 max_probability_over_uniform=1.337331 min_probability_over_uniform=0.714174
RG_AA_SCORE round=180 layer=features.27 mean_q_equal=0.177249 mean_q_aa=0.174994 mean_abs_q_difference=0.003351 correlation_q_equal_aa=0.982274 top_reset_overlap=0.750000 sampling_entropy=6.235056 max_probability_over_uniform=1.337331 mean_eligible_client_sample_count=489.162794 min_eligible_client_sample_count=97.000000 max_eligible_client_sample_count=1017.000000 mean_total_eligible_sample_weight=28944.679688
RG_SCORE round=180 layer=features.30 mean_q=0.155528 max_q=0.200022 fraction_q_positive=1.000000 sampling_entropy=6.234338 uniform_entropy=6.238325 entropy_gap=0.003987 max_probability_over_uniform=1.214563 min_probability_over_uniform=0.645236
RG_AA_SCORE round=180 layer=features.30 mean_q_equal=0.156739 mean_q_aa=0.155528 mean_abs_q_difference=0.004233 correlation_q_equal_aa=0.962327 top_reset_overlap=0.750000 sampling_entropy=6.234338 max_probability_over_uniform=1.214563 mean_eligible_client_sample_count=489.140024 min_eligible_client_sample_count=97.000000 max_eligible_client_sample_count=1017.000000 mean_total_eligible_sample_weight=28949.064453
RG_SCORE round=180 layer=features.34 mean_q=0.300908 max_q=0.436781 fraction_q_positive=1.000000 sampling_entropy=6.226925 uniform_entropy=6.238325 entropy_gap=0.011399 max_probability_over_uniform=1.338658 min_probability_over_uniform=0.420311
RG_AA_SCORE round=180 layer=features.34 mean_q_equal=0.278105 mean_q_aa=0.300908 mean_abs_q_difference=0.024421 correlation_q_equal_aa=0.943144 top_reset_overlap=0.625000 sampling_entropy=6.226925 max_probability_over_uniform=1.338658 mean_eligible_client_sample_count=489.142678 min_eligible_client_sample_count=97.000000 max_eligible_client_sample_count=1017.000000 mean_total_eligible_sample_weight=28946.355469
RG_SCORE round=180 layer=features.37 mean_q=0.273614 max_q=0.467333 fraction_q_positive=0.998047 sampling_entropy=6.208930 uniform_entropy=6.238325 entropy_gap=0.029395 max_probability_over_uniform=1.530998 min_probability_over_uniform=0.250000
RG_AA_SCORE round=180 layer=features.37 mean_q_equal=0.220817 mean_q_aa=0.273614 mean_abs_q_difference=0.052969 correlation_q_equal_aa=0.959270 top_reset_overlap=0.500000 sampling_entropy=6.208930 max_probability_over_uniform=1.530998 mean_eligible_client_sample_count=489.152518 min_eligible_client_sample_count=97.000000 max_eligible_client_sample_count=1017.000000 mean_total_eligible_sample_weight=28945.982422
RG_SCORE round=180 layer=features.40 mean_q=0.166552 max_q=0.434474 fraction_q_positive=0.974609 sampling_entropy=6.149524 uniform_entropy=6.238325 entropy_gap=0.088801 max_probability_over_uniform=2.206484 min_probability_over_uniform=0.250000
RG_AA_SCORE round=180 layer=features.40 mean_q_equal=0.122771 mean_q_aa=0.166552 mean_abs_q_difference=0.045915 correlation_q_equal_aa=0.939198 top_reset_overlap=0.625000 sampling_entropy=6.149524 max_probability_over_uniform=2.206484 mean_eligible_client_sample_count=489.116135 min_eligible_client_sample_count=97.000000 max_eligible_client_sample_count=1017.000000 mean_total_eligible_sample_weight=28946.695312
ROUND_ACCURACY method=FedPhoenixRG-AA round=180 accuracy=69.099998
********************************************************************************
Round 180
ROUND_ACCURACY method=FedPhoenixRG-AA round=181 accuracy=75.010002
********************************************************************************
Round 181
ROUND_ACCURACY method=FedPhoenixRG-AA round=182 accuracy=65.809998
********************************************************************************
Round 182
ROUND_ACCURACY method=FedPhoenixRG-AA round=183 accuracy=76.400002
********************************************************************************
Round 183
ROUND_ACCURACY method=FedPhoenixRG-AA round=184 accuracy=74.889999
********************************************************************************
Round 184
ROUND_ACCURACY method=FedPhoenixRG-AA round=185 accuracy=75.449997
********************************************************************************
Round 185
ROUND_ACCURACY method=FedPhoenixRG-AA round=186 accuracy=74.480003
********************************************************************************
Round 186
ROUND_ACCURACY method=FedPhoenixRG-AA round=187 accuracy=65.639999
********************************************************************************
Round 187
ROUND_ACCURACY method=FedPhoenixRG-AA round=188 accuracy=75.209999
********************************************************************************
Round 188
ROUND_ACCURACY method=FedPhoenixRG-AA round=189 accuracy=65.820000
********************************************************************************
Round 189
ROUND_ACCURACY method=FedPhoenixRG-AA round=190 accuracy=64.580002
********************************************************************************
Round 190
ROUND_ACCURACY method=FedPhoenixRG-AA round=191 accuracy=62.860001
********************************************************************************
Round 191
ROUND_ACCURACY method=FedPhoenixRG-AA round=192 accuracy=73.559998
********************************************************************************
Round 192
ROUND_ACCURACY method=FedPhoenixRG-AA round=193 accuracy=76.330002
********************************************************************************
Round 193
ROUND_ACCURACY method=FedPhoenixRG-AA round=194 accuracy=73.849998
********************************************************************************
Round 194
ROUND_ACCURACY method=FedPhoenixRG-AA round=195 accuracy=73.970001
********************************************************************************
Round 195
ROUND_ACCURACY method=FedPhoenixRG-AA round=196 accuracy=76.279999
********************************************************************************
Round 196
ROUND_ACCURACY method=FedPhoenixRG-AA round=197 accuracy=60.759998
********************************************************************************
Round 197
ROUND_ACCURACY method=FedPhoenixRG-AA round=198 accuracy=69.269997
********************************************************************************
Round 198
ROUND_ACCURACY method=FedPhoenixRG-AA round=199 accuracy=62.509998
********************************************************************************
Round 199
RG_SCORE round=200 layer=features.0 mean_q=0.153513 max_q=0.334149 fraction_q_positive=0.968750 sampling_entropy=4.092139 uniform_entropy=4.158883 entropy_gap=0.066744 max_probability_over_uniform=1.882509 min_probability_over_uniform=0.250000
RG_AA_SCORE round=200 layer=features.0 mean_q_equal=0.150594 mean_q_aa=0.153513 mean_abs_q_difference=0.024985 correlation_q_equal_aa=0.902827 top_reset_overlap=none sampling_entropy=4.092139 max_probability_over_uniform=1.882509 mean_eligible_client_sample_count=491.719298 min_eligible_client_sample_count=30.000000 max_eligible_client_sample_count=1447.000000 mean_total_eligible_sample_weight=28028.000000
RG_SCORE round=200 layer=features.3 mean_q=0.184042 max_q=0.217286 fraction_q_positive=1.000000 sampling_entropy=4.155280 uniform_entropy=4.158883 entropy_gap=0.003603 max_probability_over_uniform=1.135476 min_probability_over_uniform=0.701237
RG_AA_SCORE round=200 layer=features.3 mean_q_equal=0.182759 mean_q_aa=0.184042 mean_abs_q_difference=0.006511 correlation_q_equal_aa=0.901649 top_reset_overlap=none sampling_entropy=4.155280 max_probability_over_uniform=1.135476 mean_eligible_client_sample_count=491.719298 min_eligible_client_sample_count=30.000000 max_eligible_client_sample_count=1447.000000 mean_total_eligible_sample_weight=28028.000000
RG_SCORE round=200 layer=features.7 mean_q=0.187468 max_q=0.242566 fraction_q_positive=1.000000 sampling_entropy=4.849313 uniform_entropy=4.852030 entropy_gap=0.002718 max_probability_over_uniform=1.220431 min_probability_over_uniform=0.733028
RG_AA_SCORE round=200 layer=features.7 mean_q_equal=0.184503 mean_q_aa=0.187468 mean_abs_q_difference=0.006593 correlation_q_equal_aa=0.903425 top_reset_overlap=1.000000 sampling_entropy=4.849313 max_probability_over_uniform=1.220431 mean_eligible_client_sample_count=492.383144 min_eligible_client_sample_count=30.000000 max_eligible_client_sample_count=1447.000000 mean_total_eligible_sample_weight=27750.406250
RG_SCORE round=200 layer=features.10 mean_q=0.168004 max_q=0.198737 fraction_q_positive=1.000000 sampling_entropy=4.850340 uniform_entropy=4.852030 entropy_gap=0.001690 max_probability_over_uniform=1.137198 min_probability_over_uniform=0.843732
RG_AA_SCORE round=200 layer=features.10 mean_q_equal=0.167074 mean_q_aa=0.168004 mean_abs_q_difference=0.004124 correlation_q_equal_aa=0.918034 top_reset_overlap=1.000000 sampling_entropy=4.850340 max_probability_over_uniform=1.137198 mean_eligible_client_sample_count=492.389882 min_eligible_client_sample_count=30.000000 max_eligible_client_sample_count=1447.000000 mean_total_eligible_sample_weight=27754.632812
RG_SCORE round=200 layer=features.14 mean_q=0.176105 max_q=0.246711 fraction_q_positive=1.000000 sampling_entropy=5.542514 uniform_entropy=5.545177 entropy_gap=0.002663 max_probability_over_uniform=1.300700 min_probability_over_uniform=0.830572
RG_AA_SCORE round=200 layer=features.14 mean_q_equal=0.175132 mean_q_aa=0.176105 mean_abs_q_difference=0.004386 correlation_q_equal_aa=0.948637 top_reset_overlap=1.000000 sampling_entropy=5.542514 max_probability_over_uniform=1.300700 mean_eligible_client_sample_count=492.394013 min_eligible_client_sample_count=30.000000 max_eligible_client_sample_count=1447.000000 mean_total_eligible_sample_weight=27756.789062
RG_SCORE round=200 layer=features.17 mean_q=0.168228 max_q=0.212394 fraction_q_positive=1.000000 sampling_entropy=5.542634 uniform_entropy=5.545177 entropy_gap=0.002543 max_probability_over_uniform=1.196899 min_probability_over_uniform=0.782081
RG_AA_SCORE round=200 layer=features.17 mean_q_equal=0.167822 mean_q_aa=0.168228 mean_abs_q_difference=0.003658 correlation_q_equal_aa=0.960317 top_reset_overlap=1.000000 sampling_entropy=5.542634 max_probability_over_uniform=1.196899 mean_eligible_client_sample_count=492.338647 min_eligible_client_sample_count=30.000000 max_eligible_client_sample_count=1447.000000 mean_total_eligible_sample_weight=27747.898438
RG_SCORE round=200 layer=features.20 mean_q=0.168413 max_q=0.214882 fraction_q_positive=1.000000 sampling_entropy=5.543322 uniform_entropy=5.545177 entropy_gap=0.001855 max_probability_over_uniform=1.206945 min_probability_over_uniform=0.846273
RG_AA_SCORE round=200 layer=features.20 mean_q_equal=0.168849 mean_q_aa=0.168413 mean_abs_q_difference=0.003955 correlation_q_equal_aa=0.936466 top_reset_overlap=0.750000 sampling_entropy=5.543322 max_probability_over_uniform=1.206945 mean_eligible_client_sample_count=492.363384 min_eligible_client_sample_count=30.000000 max_eligible_client_sample_count=1447.000000 mean_total_eligible_sample_weight=27755.062500
RG_SCORE round=200 layer=features.24 mean_q=0.185296 max_q=0.239335 fraction_q_positive=1.000000 sampling_entropy=6.235522 uniform_entropy=6.238325 entropy_gap=0.002803 max_probability_over_uniform=1.218728 min_probability_over_uniform=0.782729
RG_AA_SCORE round=200 layer=features.24 mean_q_equal=0.184080 mean_q_aa=0.185296 mean_abs_q_difference=0.006050 correlation_q_equal_aa=0.935911 top_reset_overlap=1.000000 sampling_entropy=6.235522 max_probability_over_uniform=1.218728 mean_eligible_client_sample_count=492.301802 min_eligible_client_sample_count=30.000000 max_eligible_client_sample_count=1447.000000 mean_total_eligible_sample_weight=27749.667969
RG_SCORE round=200 layer=features.27 mean_q=0.178017 max_q=0.231886 fraction_q_positive=1.000000 sampling_entropy=6.235324 uniform_entropy=6.238325 entropy_gap=0.003001 max_probability_over_uniform=1.226954 min_probability_over_uniform=0.666050
RG_AA_SCORE round=200 layer=features.27 mean_q_equal=0.173005 mean_q_aa=0.178017 mean_abs_q_difference=0.007013 correlation_q_equal_aa=0.934751 top_reset_overlap=0.750000 sampling_entropy=6.235324 max_probability_over_uniform=1.226954 mean_eligible_client_sample_count=492.373228 min_eligible_client_sample_count=30.000000 max_eligible_client_sample_count=1447.000000 mean_total_eligible_sample_weight=27752.732422
RG_SCORE round=200 layer=features.30 mean_q=0.155971 max_q=0.201317 fraction_q_positive=1.000000 sampling_entropy=6.234095 uniform_entropy=6.238325 entropy_gap=0.004229 max_probability_over_uniform=1.218046 min_probability_over_uniform=0.658532
RG_AA_SCORE round=200 layer=features.30 mean_q_equal=0.148484 mean_q_aa=0.155971 mean_abs_q_difference=0.009351 correlation_q_equal_aa=0.938856 top_reset_overlap=0.625000 sampling_entropy=6.234095 max_probability_over_uniform=1.218046 mean_eligible_client_sample_count=492.385052 min_eligible_client_sample_count=30.000000 max_eligible_client_sample_count=1447.000000 mean_total_eligible_sample_weight=27755.322266
RG_SCORE round=200 layer=features.34 mean_q=0.299833 max_q=0.445375 fraction_q_positive=1.000000 sampling_entropy=6.220135 uniform_entropy=6.238325 entropy_gap=0.018190 max_probability_over_uniform=1.364056 min_probability_over_uniform=0.267074
RG_AA_SCORE round=200 layer=features.34 mean_q_equal=0.265757 mean_q_aa=0.299833 mean_abs_q_difference=0.034953 correlation_q_equal_aa=0.958410 top_reset_overlap=0.625000 sampling_entropy=6.220135 max_probability_over_uniform=1.364056 mean_eligible_client_sample_count=492.317254 min_eligible_client_sample_count=30.000000 max_eligible_client_sample_count=1447.000000 mean_total_eligible_sample_weight=27747.654297
RG_SCORE round=200 layer=features.37 mean_q=0.294448 max_q=0.459357 fraction_q_positive=1.000000 sampling_entropy=6.215949 uniform_entropy=6.238325 entropy_gap=0.022376 max_probability_over_uniform=1.420045 min_probability_over_uniform=0.330210
RG_AA_SCORE round=200 layer=features.37 mean_q_equal=0.235221 mean_q_aa=0.294448 mean_abs_q_difference=0.059319 correlation_q_equal_aa=0.961686 top_reset_overlap=0.750000 sampling_entropy=6.215949 max_probability_over_uniform=1.420045 mean_eligible_client_sample_count=492.347886 min_eligible_client_sample_count=30.000000 max_eligible_client_sample_count=1447.000000 mean_total_eligible_sample_weight=27752.265625
RG_SCORE round=200 layer=features.40 mean_q=0.181301 max_q=0.433202 fraction_q_positive=0.978516 sampling_entropy=6.157417 uniform_entropy=6.238325 entropy_gap=0.080908 max_probability_over_uniform=2.042056 min_probability_over_uniform=0.250000
RG_AA_SCORE round=200 layer=features.40 mean_q_equal=0.132059 mean_q_aa=0.181301 mean_abs_q_difference=0.050034 correlation_q_equal_aa=0.953933 top_reset_overlap=0.750000 sampling_entropy=6.157417 max_probability_over_uniform=2.042056 mean_eligible_client_sample_count=492.306589 min_eligible_client_sample_count=30.000000 max_eligible_client_sample_count=1447.000000 mean_total_eligible_sample_weight=27743.207031
ROUND_ACCURACY method=FedPhoenixRG-AA round=200 accuracy=58.500000
********************************************************************************
Round 200
ROUND_ACCURACY method=FedPhoenixRG-AA round=201 accuracy=72.040001
********************************************************************************
Round 201
ROUND_ACCURACY method=FedPhoenixRG-AA round=202 accuracy=72.860001
********************************************************************************
Round 202
ROUND_ACCURACY method=FedPhoenixRG-AA round=203 accuracy=63.570000
********************************************************************************
Round 203
ROUND_ACCURACY method=FedPhoenixRG-AA round=204 accuracy=74.339996
********************************************************************************
Round 204
ROUND_ACCURACY method=FedPhoenixRG-AA round=205 accuracy=70.839996
********************************************************************************
Round 205
ROUND_ACCURACY method=FedPhoenixRG-AA round=206 accuracy=76.510002
********************************************************************************
Round 206
ROUND_ACCURACY method=FedPhoenixRG-AA round=207 accuracy=74.690002
********************************************************************************
Round 207
ROUND_ACCURACY method=FedPhoenixRG-AA round=208 accuracy=73.019997
********************************************************************************
Round 208
ROUND_ACCURACY method=FedPhoenixRG-AA round=209 accuracy=70.080002
********************************************************************************
Round 209
ROUND_ACCURACY method=FedPhoenixRG-AA round=210 accuracy=74.500000
********************************************************************************
Round 210
ROUND_ACCURACY method=FedPhoenixRG-AA round=211 accuracy=58.189999
********************************************************************************
Round 211
ROUND_ACCURACY method=FedPhoenixRG-AA round=212 accuracy=75.610001
********************************************************************************
Round 212
ROUND_ACCURACY method=FedPhoenixRG-AA round=213 accuracy=73.370003
********************************************************************************
Round 213
ROUND_ACCURACY method=FedPhoenixRG-AA round=214 accuracy=72.949997
********************************************************************************
Round 214
ROUND_ACCURACY method=FedPhoenixRG-AA round=215 accuracy=74.989998
********************************************************************************
Round 215
ROUND_ACCURACY method=FedPhoenixRG-AA round=216 accuracy=73.080002
********************************************************************************
Round 216
ROUND_ACCURACY method=FedPhoenixRG-AA round=217 accuracy=62.200001
********************************************************************************
Round 217
ROUND_ACCURACY method=FedPhoenixRG-AA round=218 accuracy=77.779999
********************************************************************************
Round 218
ROUND_ACCURACY method=FedPhoenixRG-AA round=219 accuracy=70.650002
********************************************************************************
Round 219
RG_SCORE round=220 layer=features.0 mean_q=0.122247 max_q=0.309608 fraction_q_positive=0.859375 sampling_entropy=4.035731 uniform_entropy=4.158883 entropy_gap=0.123152 max_probability_over_uniform=2.149484 min_probability_over_uniform=0.250000
RG_AA_SCORE round=220 layer=features.0 mean_q_equal=0.126438 mean_q_aa=0.122247 mean_abs_q_difference=0.026545 correlation_q_equal_aa=0.892739 top_reset_overlap=none sampling_entropy=4.035731 max_probability_over_uniform=2.149484 mean_eligible_client_sample_count=497.629032 min_eligible_client_sample_count=30.000000 max_eligible_client_sample_count=1447.000000 mean_total_eligible_sample_weight=30853.000000
RG_SCORE round=220 layer=features.3 mean_q=0.138890 max_q=0.197706 fraction_q_positive=1.000000 sampling_entropy=4.147767 uniform_entropy=4.158883 entropy_gap=0.011116 max_probability_over_uniform=1.317606 min_probability_over_uniform=0.612661
RG_AA_SCORE round=220 layer=features.3 mean_q_equal=0.146716 mean_q_aa=0.138890 mean_abs_q_difference=0.010147 correlation_q_equal_aa=0.943676 top_reset_overlap=none sampling_entropy=4.147767 max_probability_over_uniform=1.317606 mean_eligible_client_sample_count=497.629032 min_eligible_client_sample_count=30.000000 max_eligible_client_sample_count=1447.000000 mean_total_eligible_sample_weight=30853.000000
RG_SCORE round=220 layer=features.7 mean_q=0.150154 max_q=0.198674 fraction_q_positive=1.000000 sampling_entropy=4.844677 uniform_entropy=4.852030 entropy_gap=0.007353 max_probability_over_uniform=1.242354 min_probability_over_uniform=0.591193
RG_AA_SCORE round=220 layer=features.7 mean_q_equal=0.156579 mean_q_aa=0.150154 mean_abs_q_difference=0.008836 correlation_q_equal_aa=0.942506 top_reset_overlap=0.500000 sampling_entropy=4.844677 max_probability_over_uniform=1.242354 mean_eligible_client_sample_count=497.371604 min_eligible_client_sample_count=30.000000 max_eligible_client_sample_count=1447.000000 mean_total_eligible_sample_weight=30324.125000
RG_SCORE round=220 layer=features.10 mean_q=0.138121 max_q=0.188425 fraction_q_positive=1.000000 sampling_entropy=4.847239 uniform_entropy=4.852030 entropy_gap=0.004791 max_probability_over_uniform=1.273153 min_probability_over_uniform=0.662054
RG_AA_SCORE round=220 layer=features.10 mean_q_equal=0.144689 mean_q_aa=0.138121 mean_abs_q_difference=0.007560 correlation_q_equal_aa=0.945598 top_reset_overlap=1.000000 sampling_entropy=4.847239 max_probability_over_uniform=1.273153 mean_eligible_client_sample_count=497.296462 min_eligible_client_sample_count=30.000000 max_eligible_client_sample_count=1447.000000 mean_total_eligible_sample_weight=30311.773438
RG_SCORE round=220 layer=features.14 mean_q=0.149962 max_q=0.226685 fraction_q_positive=1.000000 sampling_entropy=5.539930 uniform_entropy=5.545177 entropy_gap=0.005248 max_probability_over_uniform=1.383715 min_probability_over_uniform=0.751346
RG_AA_SCORE round=220 layer=features.14 mean_q_equal=0.155925 mean_q_aa=0.149962 mean_abs_q_difference=0.006989 correlation_q_equal_aa=0.956765 top_reset_overlap=0.750000 sampling_entropy=5.539930 max_probability_over_uniform=1.383715 mean_eligible_client_sample_count=497.386902 min_eligible_client_sample_count=30.000000 max_eligible_client_sample_count=1447.000000 mean_total_eligible_sample_weight=30321.171875
RG_SCORE round=220 layer=features.17 mean_q=0.145346 max_q=0.194417 fraction_q_positive=1.000000 sampling_entropy=5.541271 uniform_entropy=5.545177 entropy_gap=0.003907 max_probability_over_uniform=1.253215 min_probability_over_uniform=0.725393
RG_AA_SCORE round=220 layer=features.17 mean_q_equal=0.150840 mean_q_aa=0.145346 mean_abs_q_difference=0.006078 correlation_q_equal_aa=0.958847 top_reset_overlap=0.750000 sampling_entropy=5.541271 max_probability_over_uniform=1.253215 mean_eligible_client_sample_count=497.347470 min_eligible_client_sample_count=30.000000 max_eligible_client_sample_count=1447.000000 mean_total_eligible_sample_weight=30326.539062
RG_SCORE round=220 layer=features.20 mean_q=0.149636 max_q=0.184268 fraction_q_positive=1.000000 sampling_entropy=5.543030 uniform_entropy=5.545177 entropy_gap=0.002147 max_probability_over_uniform=1.173582 min_probability_over_uniform=0.835952
RG_AA_SCORE round=220 layer=features.20 mean_q_equal=0.155028 mean_q_aa=0.149636 mean_abs_q_difference=0.006386 correlation_q_equal_aa=0.912247 top_reset_overlap=0.500000 sampling_entropy=5.543030 max_probability_over_uniform=1.173582 mean_eligible_client_sample_count=497.418898 min_eligible_client_sample_count=30.000000 max_eligible_client_sample_count=1447.000000 mean_total_eligible_sample_weight=30330.894531
RG_SCORE round=220 layer=features.24 mean_q=0.167449 max_q=0.220394 fraction_q_positive=1.000000 sampling_entropy=6.234089 uniform_entropy=6.238325 entropy_gap=0.004236 max_probability_over_uniform=1.237141 min_probability_over_uniform=0.713059
RG_AA_SCORE round=220 layer=features.24 mean_q_equal=0.169349 mean_q_aa=0.167449 mean_abs_q_difference=0.006129 correlation_q_equal_aa=0.939811 top_reset_overlap=0.625000 sampling_entropy=6.234089 max_probability_over_uniform=1.237141 mean_eligible_client_sample_count=497.353998 min_eligible_client_sample_count=30.000000 max_eligible_client_sample_count=1447.000000 mean_total_eligible_sample_weight=30319.166016
RG_SCORE round=220 layer=features.27 mean_q=0.162190 max_q=0.223751 fraction_q_positive=1.000000 sampling_entropy=6.234532 uniform_entropy=6.238325 entropy_gap=0.003792 max_probability_over_uniform=1.284670 min_probability_over_uniform=0.732140
RG_AA_SCORE round=220 layer=features.27 mean_q_equal=0.159261 mean_q_aa=0.162190 mean_abs_q_difference=0.006009 correlation_q_equal_aa=0.919925 top_reset_overlap=0.500000 sampling_entropy=6.234532 max_probability_over_uniform=1.284670 mean_eligible_client_sample_count=497.380778 min_eligible_client_sample_count=30.000000 max_eligible_client_sample_count=1447.000000 mean_total_eligible_sample_weight=30323.712891
RG_SCORE round=220 layer=features.30 mean_q=0.143780 max_q=0.206063 fraction_q_positive=1.000000 sampling_entropy=6.233226 uniform_entropy=6.238325 entropy_gap=0.005099 max_probability_over_uniform=1.324892 min_probability_over_uniform=0.625690
RG_AA_SCORE round=220 layer=features.30 mean_q_equal=0.139045 mean_q_aa=0.143780 mean_abs_q_difference=0.008041 correlation_q_equal_aa=0.906738 top_reset_overlap=0.625000 sampling_entropy=6.233226 max_probability_over_uniform=1.324892 mean_eligible_client_sample_count=497.386520 min_eligible_client_sample_count=30.000000 max_eligible_client_sample_count=1447.000000 mean_total_eligible_sample_weight=30326.005859
RG_SCORE round=220 layer=features.34 mean_q=0.291175 max_q=0.444643 fraction_q_positive=0.998047 sampling_entropy=6.221314 uniform_entropy=6.238325 entropy_gap=0.017011 max_probability_over_uniform=1.395300 min_probability_over_uniform=0.250000
RG_AA_SCORE round=220 layer=features.34 mean_q_equal=0.258318 mean_q_aa=0.291175 mean_abs_q_difference=0.033718 correlation_q_equal_aa=0.943491 top_reset_overlap=0.750000 sampling_entropy=6.221314 max_probability_over_uniform=1.395300 mean_eligible_client_sample_count=497.376946 min_eligible_client_sample_count=30.000000 max_eligible_client_sample_count=1447.000000 mean_total_eligible_sample_weight=30322.507812
RG_SCORE round=220 layer=features.37 mean_q=0.331482 max_q=0.488279 fraction_q_positive=1.000000 sampling_entropy=6.225601 uniform_entropy=6.238325 entropy_gap=0.012723 max_probability_over_uniform=1.354764 min_probability_over_uniform=0.260864
RG_AA_SCORE round=220 layer=features.37 mean_q_equal=0.273331 mean_q_aa=0.331482 mean_abs_q_difference=0.058244 correlation_q_equal_aa=0.940081 top_reset_overlap=0.625000 sampling_entropy=6.225601 max_probability_over_uniform=1.354764 mean_eligible_client_sample_count=497.367440 min_eligible_client_sample_count=30.000000 max_eligible_client_sample_count=1447.000000 mean_total_eligible_sample_weight=30323.871094
RG_SCORE round=220 layer=features.40 mean_q=0.212426 max_q=0.481869 fraction_q_positive=0.982422 sampling_entropy=6.165558 uniform_entropy=6.238325 entropy_gap=0.072767 max_probability_over_uniform=1.951306 min_probability_over_uniform=0.250000
RG_AA_SCORE round=220 layer=features.40 mean_q_equal=0.157034 mean_q_aa=0.212426 mean_abs_q_difference=0.057984 correlation_q_equal_aa=0.926372 top_reset_overlap=0.500000 sampling_entropy=6.165558 max_probability_over_uniform=1.951306 mean_eligible_client_sample_count=497.353998 min_eligible_client_sample_count=30.000000 max_eligible_client_sample_count=1447.000000 mean_total_eligible_sample_weight=30319.166016
ROUND_ACCURACY method=FedPhoenixRG-AA round=220 accuracy=71.169998
********************************************************************************
Round 220
ROUND_ACCURACY method=FedPhoenixRG-AA round=221 accuracy=71.940002
********************************************************************************
Round 221
ROUND_ACCURACY method=FedPhoenixRG-AA round=222 accuracy=69.970001
********************************************************************************
Round 222
ROUND_ACCURACY method=FedPhoenixRG-AA round=223 accuracy=75.650002
********************************************************************************
Round 223
ROUND_ACCURACY method=FedPhoenixRG-AA round=224 accuracy=77.290001
********************************************************************************
Round 224
ROUND_ACCURACY method=FedPhoenixRG-AA round=225 accuracy=74.550003
********************************************************************************
Round 225
ROUND_ACCURACY method=FedPhoenixRG-AA round=226 accuracy=66.489998
********************************************************************************
Round 226
ROUND_ACCURACY method=FedPhoenixRG-AA round=227 accuracy=74.610001
********************************************************************************
Round 227
ROUND_ACCURACY method=FedPhoenixRG-AA round=228 accuracy=60.820000
********************************************************************************
Round 228
ROUND_ACCURACY method=FedPhoenixRG-AA round=229 accuracy=61.570000
********************************************************************************
Round 229
ROUND_ACCURACY method=FedPhoenixRG-AA round=230 accuracy=77.279999
********************************************************************************
Round 230
ROUND_ACCURACY method=FedPhoenixRG-AA round=231 accuracy=75.230003
********************************************************************************
Round 231
ROUND_ACCURACY method=FedPhoenixRG-AA round=232 accuracy=76.680000
********************************************************************************
Round 232
ROUND_ACCURACY method=FedPhoenixRG-AA round=233 accuracy=71.190002
********************************************************************************
Round 233
ROUND_ACCURACY method=FedPhoenixRG-AA round=234 accuracy=64.480003
********************************************************************************
Round 234
ROUND_ACCURACY method=FedPhoenixRG-AA round=235 accuracy=62.380001
********************************************************************************
Round 235
ROUND_ACCURACY method=FedPhoenixRG-AA round=236 accuracy=76.779999
********************************************************************************
Round 236
ROUND_ACCURACY method=FedPhoenixRG-AA round=237 accuracy=70.169998
********************************************************************************
Round 237
ROUND_ACCURACY method=FedPhoenixRG-AA round=238 accuracy=69.180000
********************************************************************************
Round 238
ROUND_ACCURACY method=FedPhoenixRG-AA round=239 accuracy=75.589996
********************************************************************************
Round 239
RG_SCORE round=240 layer=features.0 mean_q=0.117222 max_q=0.364676 fraction_q_positive=0.890625 sampling_entropy=3.987562 uniform_entropy=4.158883 entropy_gap=0.171321 max_probability_over_uniform=2.583244 min_probability_over_uniform=0.250000
RG_AA_SCORE round=240 layer=features.0 mean_q_equal=0.116237 mean_q_aa=0.117222 mean_abs_q_difference=0.029116 correlation_q_equal_aa=0.908540 top_reset_overlap=none sampling_entropy=3.987562 max_probability_over_uniform=2.583244 mean_eligible_client_sample_count=459.557377 min_eligible_client_sample_count=30.000000 max_eligible_client_sample_count=1077.000000 mean_total_eligible_sample_weight=28033.000000
RG_SCORE round=240 layer=features.3 mean_q=0.153408 max_q=0.210000 fraction_q_positive=1.000000 sampling_entropy=4.150420 uniform_entropy=4.158883 entropy_gap=0.008463 max_probability_over_uniform=1.276673 min_probability_over_uniform=0.719082
RG_AA_SCORE round=240 layer=features.3 mean_q_equal=0.157788 mean_q_aa=0.153408 mean_abs_q_difference=0.006977 correlation_q_equal_aa=0.958757 top_reset_overlap=none sampling_entropy=4.150420 max_probability_over_uniform=1.276673 mean_eligible_client_sample_count=459.557377 min_eligible_client_sample_count=30.000000 max_eligible_client_sample_count=1077.000000 mean_total_eligible_sample_weight=28033.000000
RG_SCORE round=240 layer=features.7 mean_q=0.153228 max_q=0.211049 fraction_q_positive=1.000000 sampling_entropy=4.845964 uniform_entropy=4.852030 entropy_gap=0.006067 max_probability_over_uniform=1.283012 min_probability_over_uniform=0.719665
RG_AA_SCORE round=240 layer=features.7 mean_q_equal=0.160798 mean_q_aa=0.153228 mean_abs_q_difference=0.009088 correlation_q_equal_aa=0.933332 top_reset_overlap=none sampling_entropy=4.845964 max_probability_over_uniform=1.283012 mean_eligible_client_sample_count=459.709527 min_eligible_client_sample_count=30.000000 max_eligible_client_sample_count=1077.000000 mean_total_eligible_sample_weight=27819.609375
RG_SCORE round=240 layer=features.10 mean_q=0.141822 max_q=0.177108 fraction_q_positive=1.000000 sampling_entropy=4.848975 uniform_entropy=4.852030 entropy_gap=0.003056 max_probability_over_uniform=1.186606 min_probability_over_uniform=0.782428
RG_AA_SCORE round=240 layer=features.10 mean_q_equal=0.148296 mean_q_aa=0.141822 mean_abs_q_difference=0.007143 correlation_q_equal_aa=0.923217 top_reset_overlap=0.000000 sampling_entropy=4.848975 max_probability_over_uniform=1.186606 mean_eligible_client_sample_count=459.558820 min_eligible_client_sample_count=30.000000 max_eligible_client_sample_count=1077.000000 mean_total_eligible_sample_weight=27620.203125
RG_SCORE round=240 layer=features.14 mean_q=0.149054 max_q=0.211132 fraction_q_positive=1.000000 sampling_entropy=5.540888 uniform_entropy=5.545177 entropy_gap=0.004290 max_probability_over_uniform=1.312360 min_probability_over_uniform=0.776538
RG_AA_SCORE round=240 layer=features.14 mean_q_equal=0.155498 mean_q_aa=0.149054 mean_abs_q_difference=0.007173 correlation_q_equal_aa=0.950151 top_reset_overlap=0.500000 sampling_entropy=5.540888 max_probability_over_uniform=1.312360 mean_eligible_client_sample_count=459.520400 min_eligible_client_sample_count=30.000000 max_eligible_client_sample_count=1077.000000 mean_total_eligible_sample_weight=27628.664062
RG_SCORE round=240 layer=features.17 mean_q=0.143075 max_q=0.186535 fraction_q_positive=1.000000 sampling_entropy=5.541719 uniform_entropy=5.545177 entropy_gap=0.003459 max_probability_over_uniform=1.227817 min_probability_over_uniform=0.748938
RG_AA_SCORE round=240 layer=features.17 mean_q_equal=0.149272 mean_q_aa=0.143075 mean_abs_q_difference=0.006725 correlation_q_equal_aa=0.955048 top_reset_overlap=0.750000 sampling_entropy=5.541719 max_probability_over_uniform=1.227817 mean_eligible_client_sample_count=459.541385 min_eligible_client_sample_count=30.000000 max_eligible_client_sample_count=1077.000000 mean_total_eligible_sample_weight=27629.925781
RG_SCORE round=240 layer=features.20 mean_q=0.143010 max_q=0.176266 fraction_q_positive=1.000000 sampling_entropy=5.542454 uniform_entropy=5.545177 entropy_gap=0.002723 max_probability_over_uniform=1.174407 min_probability_over_uniform=0.771867
RG_AA_SCORE round=240 layer=features.20 mean_q_equal=0.149795 mean_q_aa=0.143010 mean_abs_q_difference=0.007081 correlation_q_equal_aa=0.949941 top_reset_overlap=0.500000 sampling_entropy=5.542454 max_probability_over_uniform=1.174407 mean_eligible_client_sample_count=459.536032 min_eligible_client_sample_count=30.000000 max_eligible_client_sample_count=1077.000000 mean_total_eligible_sample_weight=27624.218750
RG_SCORE round=240 layer=features.24 mean_q=0.161354 max_q=0.219240 fraction_q_positive=1.000000 sampling_entropy=6.233979 uniform_entropy=6.238325 entropy_gap=0.004346 max_probability_over_uniform=1.269063 min_probability_over_uniform=0.662166
RG_AA_SCORE round=240 layer=features.24 mean_q_equal=0.166000 mean_q_aa=0.161354 mean_abs_q_difference=0.006642 correlation_q_equal_aa=0.946565 top_reset_overlap=0.750000 sampling_entropy=6.233979 max_probability_over_uniform=1.269063 mean_eligible_client_sample_count=459.546361 min_eligible_client_sample_count=30.000000 max_eligible_client_sample_count=1077.000000 mean_total_eligible_sample_weight=27626.634766
RG_SCORE round=240 layer=features.27 mean_q=0.155872 max_q=0.214456 fraction_q_positive=1.000000 sampling_entropy=6.233710 uniform_entropy=6.238325 entropy_gap=0.004614 max_probability_over_uniform=1.281887 min_probability_over_uniform=0.713562
RG_AA_SCORE round=240 layer=features.27 mean_q_equal=0.155486 mean_q_aa=0.155872 mean_abs_q_difference=0.005374 correlation_q_equal_aa=0.948326 top_reset_overlap=0.750000 sampling_entropy=6.233710 max_probability_over_uniform=1.281887 mean_eligible_client_sample_count=459.543157 min_eligible_client_sample_count=30.000000 max_eligible_client_sample_count=1077.000000 mean_total_eligible_sample_weight=27629.134766
RG_SCORE round=240 layer=features.30 mean_q=0.141148 max_q=0.198989 fraction_q_positive=1.000000 sampling_entropy=6.233238 uniform_entropy=6.238325 entropy_gap=0.005087 max_probability_over_uniform=1.307341 min_probability_over_uniform=0.672330
RG_AA_SCORE round=240 layer=features.30 mean_q_equal=0.137110 mean_q_aa=0.141148 mean_abs_q_difference=0.007098 correlation_q_equal_aa=0.927485 top_reset_overlap=0.625000 sampling_entropy=6.233238 max_probability_over_uniform=1.307341 mean_eligible_client_sample_count=459.530687 min_eligible_client_sample_count=30.000000 max_eligible_client_sample_count=1077.000000 mean_total_eligible_sample_weight=27624.794922
RG_SCORE round=240 layer=features.34 mean_q=0.269902 max_q=0.413036 fraction_q_positive=0.994141 sampling_entropy=6.213703 uniform_entropy=6.238325 entropy_gap=0.024621 max_probability_over_uniform=1.397738 min_probability_over_uniform=0.250000
RG_AA_SCORE round=240 layer=features.34 mean_q_equal=0.234120 mean_q_aa=0.269902 mean_abs_q_difference=0.037716 correlation_q_equal_aa=0.948298 top_reset_overlap=0.625000 sampling_entropy=6.213703 max_probability_over_uniform=1.397738 mean_eligible_client_sample_count=459.526808 min_eligible_client_sample_count=30.000000 max_eligible_client_sample_count=1077.000000 mean_total_eligible_sample_weight=27620.074219
RG_SCORE round=240 layer=features.37 mean_q=0.256879 max_q=0.526038 fraction_q_positive=0.990234 sampling_entropy=6.190127 uniform_entropy=6.238325 entropy_gap=0.048198 max_probability_over_uniform=1.785856 min_probability_over_uniform=0.250000
RG_AA_SCORE round=240 layer=features.37 mean_q_equal=0.202392 mean_q_aa=0.256879 mean_abs_q_difference=0.055117 correlation_q_equal_aa=0.957826 top_reset_overlap=0.750000 sampling_entropy=6.190127 max_probability_over_uniform=1.785856 mean_eligible_client_sample_count=459.494021 min_eligible_client_sample_count=30.000000 max_eligible_client_sample_count=1077.000000 mean_total_eligible_sample_weight=27619.898438
RG_SCORE round=240 layer=features.40 mean_q=0.169081 max_q=0.487244 fraction_q_positive=0.935547 sampling_entropy=6.125262 uniform_entropy=6.238325 entropy_gap=0.113062 max_probability_over_uniform=2.411293 min_probability_over_uniform=0.250000
RG_AA_SCORE round=240 layer=features.40 mean_q_equal=0.130695 mean_q_aa=0.169081 mean_abs_q_difference=0.043423 correlation_q_equal_aa=0.929618 top_reset_overlap=0.750000 sampling_entropy=6.125262 max_probability_over_uniform=2.411293 mean_eligible_client_sample_count=459.518195 min_eligible_client_sample_count=30.000000 max_eligible_client_sample_count=1077.000000 mean_total_eligible_sample_weight=27623.146484
ROUND_ACCURACY method=FedPhoenixRG-AA round=240 accuracy=66.320000
********************************************************************************
Round 240
ROUND_ACCURACY method=FedPhoenixRG-AA round=241 accuracy=75.269997
********************************************************************************
Round 241
ROUND_ACCURACY method=FedPhoenixRG-AA round=242 accuracy=75.290001
********************************************************************************
Round 242
ROUND_ACCURACY method=FedPhoenixRG-AA round=243 accuracy=74.180000
********************************************************************************
Round 243
ROUND_ACCURACY method=FedPhoenixRG-AA round=244 accuracy=70.540001
********************************************************************************
Round 244
ROUND_ACCURACY method=FedPhoenixRG-AA round=245 accuracy=75.339996
********************************************************************************
Round 245
ROUND_ACCURACY method=FedPhoenixRG-AA round=246 accuracy=75.779999
********************************************************************************
Round 246
ROUND_ACCURACY method=FedPhoenixRG-AA round=247 accuracy=54.169998
********************************************************************************
Round 247
ROUND_ACCURACY method=FedPhoenixRG-AA round=248 accuracy=70.080002
********************************************************************************
Round 248
ROUND_ACCURACY method=FedPhoenixRG-AA round=249 accuracy=67.529999
********************************************************************************
Round 249
ROUND_ACCURACY method=FedPhoenixRG-AA round=250 accuracy=73.470001
********************************************************************************
Round 250
ROUND_ACCURACY method=FedPhoenixRG-AA round=251 accuracy=76.989998
********************************************************************************
Round 251
ROUND_ACCURACY method=FedPhoenixRG-AA round=252 accuracy=74.139999
********************************************************************************
Round 252
ROUND_ACCURACY method=FedPhoenixRG-AA round=253 accuracy=71.110001
********************************************************************************
Round 253
ROUND_ACCURACY method=FedPhoenixRG-AA round=254 accuracy=68.769997
********************************************************************************
Round 254
ROUND_ACCURACY method=FedPhoenixRG-AA round=255 accuracy=77.650002
********************************************************************************
Round 255
ROUND_ACCURACY method=FedPhoenixRG-AA round=256 accuracy=70.410004
********************************************************************************
Round 256
ROUND_ACCURACY method=FedPhoenixRG-AA round=257 accuracy=76.389999
********************************************************************************
Round 257
ROUND_ACCURACY method=FedPhoenixRG-AA round=258 accuracy=72.900002
********************************************************************************
Round 258
ROUND_ACCURACY method=FedPhoenixRG-AA round=259 accuracy=75.040001
********************************************************************************
Round 259
RG_SCORE round=260 layer=features.0 mean_q=0.150333 max_q=0.339570 fraction_q_positive=0.953125 sampling_entropy=4.067046 uniform_entropy=4.158883 entropy_gap=0.091837 max_probability_over_uniform=1.944085 min_probability_over_uniform=0.250000
RG_AA_SCORE round=260 layer=features.0 mean_q_equal=0.152927 mean_q_aa=0.150333 mean_abs_q_difference=0.019081 correlation_q_equal_aa=0.957524 top_reset_overlap=none sampling_entropy=4.067046 max_probability_over_uniform=1.944085 mean_eligible_client_sample_count=502.508197 min_eligible_client_sample_count=30.000000 max_eligible_client_sample_count=1077.000000 mean_total_eligible_sample_weight=30653.000000
RG_SCORE round=260 layer=features.3 mean_q=0.179069 max_q=0.240506 fraction_q_positive=1.000000 sampling_entropy=4.153712 uniform_entropy=4.158883 entropy_gap=0.005171 max_probability_over_uniform=1.257316 min_probability_over_uniform=0.789718
RG_AA_SCORE round=260 layer=features.3 mean_q_equal=0.181699 mean_q_aa=0.179069 mean_abs_q_difference=0.005824 correlation_q_equal_aa=0.964566 top_reset_overlap=none sampling_entropy=4.153712 max_probability_over_uniform=1.257316 mean_eligible_client_sample_count=502.508197 min_eligible_client_sample_count=30.000000 max_eligible_client_sample_count=1077.000000 mean_total_eligible_sample_weight=30653.000000
RG_SCORE round=260 layer=features.7 mean_q=0.181986 max_q=0.240130 fraction_q_positive=1.000000 sampling_entropy=4.848593 uniform_entropy=4.852030 entropy_gap=0.003438 max_probability_over_uniform=1.239623 min_probability_over_uniform=0.813161
RG_AA_SCORE round=260 layer=features.7 mean_q_equal=0.186215 mean_q_aa=0.181986 mean_abs_q_difference=0.005716 correlation_q_equal_aa=0.957655 top_reset_overlap=none sampling_entropy=4.848593 max_probability_over_uniform=1.239623 mean_eligible_client_sample_count=502.508197 min_eligible_client_sample_count=30.000000 max_eligible_client_sample_count=1077.000000 mean_total_eligible_sample_weight=30653.000000
RG_SCORE round=260 layer=features.10 mean_q=0.174285 max_q=0.201273 fraction_q_positive=1.000000 sampling_entropy=4.850567 uniform_entropy=4.852030 entropy_gap=0.001463 max_probability_over_uniform=1.116138 min_probability_over_uniform=0.871530
RG_AA_SCORE round=260 layer=features.10 mean_q_equal=0.178777 mean_q_aa=0.174285 mean_abs_q_difference=0.004696 correlation_q_equal_aa=0.967151 top_reset_overlap=0.500000 sampling_entropy=4.850567 max_probability_over_uniform=1.116138 mean_eligible_client_sample_count=502.176333 min_eligible_client_sample_count=30.000000 max_eligible_client_sample_count=1077.000000 mean_total_eligible_sample_weight=30169.812500
RG_SCORE round=260 layer=features.14 mean_q=0.177565 max_q=0.219819 fraction_q_positive=1.000000 sampling_entropy=5.542861 uniform_entropy=5.545177 entropy_gap=0.002316 max_probability_over_uniform=1.178474 min_probability_over_uniform=0.802011
RG_AA_SCORE round=260 layer=features.14 mean_q_equal=0.182262 mean_q_aa=0.177565 mean_abs_q_difference=0.004987 correlation_q_equal_aa=0.977541 top_reset_overlap=0.750000 sampling_entropy=5.542861 max_probability_over_uniform=1.178474 mean_eligible_client_sample_count=502.229944 min_eligible_client_sample_count=30.000000 max_eligible_client_sample_count=1077.000000 mean_total_eligible_sample_weight=30176.957031
RG_SCORE round=260 layer=features.17 mean_q=0.169445 max_q=0.210074 fraction_q_positive=1.000000 sampling_entropy=5.542779 uniform_entropy=5.545177 entropy_gap=0.002398 max_probability_over_uniform=1.179832 min_probability_over_uniform=0.818718
RG_AA_SCORE round=260 layer=features.17 mean_q_equal=0.174672 mean_q_aa=0.169445 mean_abs_q_difference=0.005307 correlation_q_equal_aa=0.981628 top_reset_overlap=1.000000 sampling_entropy=5.542779 max_probability_over_uniform=1.179832 mean_eligible_client_sample_count=502.224548 min_eligible_client_sample_count=30.000000 max_eligible_client_sample_count=1077.000000 mean_total_eligible_sample_weight=30176.632812
RG_SCORE round=260 layer=features.20 mean_q=0.166288 max_q=0.194116 fraction_q_positive=1.000000 sampling_entropy=5.543641 uniform_entropy=5.545177 entropy_gap=0.001536 max_probability_over_uniform=1.125513 min_probability_over_uniform=0.843342
RG_AA_SCORE round=260 layer=features.20 mean_q_equal=0.172147 mean_q_aa=0.166288 mean_abs_q_difference=0.005946 correlation_q_equal_aa=0.963468 top_reset_overlap=0.750000 sampling_entropy=5.543641 max_probability_over_uniform=1.125513 mean_eligible_client_sample_count=502.205083 min_eligible_client_sample_count=30.000000 max_eligible_client_sample_count=1077.000000 mean_total_eligible_sample_weight=30179.386719
RG_SCORE round=260 layer=features.24 mean_q=0.185655 max_q=0.237325 fraction_q_positive=1.000000 sampling_entropy=6.235996 uniform_entropy=6.238325 entropy_gap=0.002329 max_probability_over_uniform=1.208734 min_probability_over_uniform=0.824131
RG_AA_SCORE round=260 layer=features.24 mean_q_equal=0.192069 mean_q_aa=0.185655 mean_abs_q_difference=0.006543 correlation_q_equal_aa=0.975711 top_reset_overlap=0.750000 sampling_entropy=6.235996 max_probability_over_uniform=1.208734 mean_eligible_client_sample_count=502.243167 min_eligible_client_sample_count=30.000000 max_eligible_client_sample_count=1077.000000 mean_total_eligible_sample_weight=30182.656250
RG_SCORE round=260 layer=features.27 mean_q=0.184085 max_q=0.241133 fraction_q_positive=1.000000 sampling_entropy=6.236301 uniform_entropy=6.238325 entropy_gap=0.002024 max_probability_over_uniform=1.232424 min_probability_over_uniform=0.844266
RG_AA_SCORE round=260 layer=features.27 mean_q_equal=0.189838 mean_q_aa=0.184085 mean_abs_q_difference=0.005939 correlation_q_equal_aa=0.971861 top_reset_overlap=0.625000 sampling_entropy=6.236301 max_probability_over_uniform=1.232424 mean_eligible_client_sample_count=502.204472 min_eligible_client_sample_count=30.000000 max_eligible_client_sample_count=1077.000000 mean_total_eligible_sample_weight=30183.273438
RG_SCORE round=260 layer=features.30 mean_q=0.166039 max_q=0.210983 fraction_q_positive=1.000000 sampling_entropy=6.236004 uniform_entropy=6.238325 entropy_gap=0.002321 max_probability_over_uniform=1.203014 min_probability_over_uniform=0.796260
RG_AA_SCORE round=260 layer=features.30 mean_q_equal=0.171484 mean_q_aa=0.166039 mean_abs_q_difference=0.005761 correlation_q_equal_aa=0.966220 top_reset_overlap=0.625000 sampling_entropy=6.236004 max_probability_over_uniform=1.203014 mean_eligible_client_sample_count=502.227351 min_eligible_client_sample_count=30.000000 max_eligible_client_sample_count=1077.000000 mean_total_eligible_sample_weight=30175.820312
RG_SCORE round=260 layer=features.34 mean_q=0.351382 max_q=0.474900 fraction_q_positive=1.000000 sampling_entropy=6.234730 uniform_entropy=6.238325 entropy_gap=0.003595 max_probability_over_uniform=1.263641 min_probability_over_uniform=0.740160
RG_AA_SCORE round=260 layer=features.34 mean_q_equal=0.349214 mean_q_aa=0.351382 mean_abs_q_difference=0.007666 correlation_q_equal_aa=0.970688 top_reset_overlap=0.750000 sampling_entropy=6.234730 max_probability_over_uniform=1.263641 mean_eligible_client_sample_count=502.234269 min_eligible_client_sample_count=30.000000 max_eligible_client_sample_count=1077.000000 mean_total_eligible_sample_weight=30181.140625
RG_SCORE round=260 layer=features.37 mean_q=0.403662 max_q=0.534507 fraction_q_positive=1.000000 sampling_entropy=6.234387 uniform_entropy=6.238325 entropy_gap=0.003938 max_probability_over_uniform=1.243110 min_probability_over_uniform=0.650135
RG_AA_SCORE round=260 layer=features.37 mean_q_equal=0.396401 mean_q_aa=0.403662 mean_abs_q_difference=0.009734 correlation_q_equal_aa=0.979271 top_reset_overlap=0.625000 sampling_entropy=6.234387 max_probability_over_uniform=1.243110 mean_eligible_client_sample_count=502.207866 min_eligible_client_sample_count=30.000000 max_eligible_client_sample_count=1077.000000 mean_total_eligible_sample_weight=30176.611328
RG_SCORE round=260 layer=features.40 mean_q=0.320329 max_q=0.589346 fraction_q_positive=1.000000 sampling_entropy=6.198134 uniform_entropy=6.238325 entropy_gap=0.040190 max_probability_over_uniform=1.629862 min_probability_over_uniform=0.269277
RG_AA_SCORE round=260 layer=features.40 mean_q_equal=0.312422 mean_q_aa=0.320329 mean_abs_q_difference=0.013675 correlation_q_equal_aa=0.992013 top_reset_overlap=1.000000 sampling_entropy=6.198134 max_probability_over_uniform=1.629862 mean_eligible_client_sample_count=502.222179 min_eligible_client_sample_count=30.000000 max_eligible_client_sample_count=1077.000000 mean_total_eligible_sample_weight=30171.585938
ROUND_ACCURACY method=FedPhoenixRG-AA round=260 accuracy=75.269997
********************************************************************************
Round 260
ROUND_ACCURACY method=FedPhoenixRG-AA round=261 accuracy=76.650002
********************************************************************************
Round 261
ROUND_ACCURACY method=FedPhoenixRG-AA round=262 accuracy=75.410004
********************************************************************************
Round 262
ROUND_ACCURACY method=FedPhoenixRG-AA round=263 accuracy=68.800003
********************************************************************************
Round 263
ROUND_ACCURACY method=FedPhoenixRG-AA round=264 accuracy=70.910004
********************************************************************************
Round 264
ROUND_ACCURACY method=FedPhoenixRG-AA round=265 accuracy=73.669998
********************************************************************************
Round 265
ROUND_ACCURACY method=FedPhoenixRG-AA round=266 accuracy=75.529999
********************************************************************************
Round 266
ROUND_ACCURACY method=FedPhoenixRG-AA round=267 accuracy=73.639999
********************************************************************************
Round 267
ROUND_ACCURACY method=FedPhoenixRG-AA round=268 accuracy=57.349998
********************************************************************************
Round 268
ROUND_ACCURACY method=FedPhoenixRG-AA round=269 accuracy=73.120003
********************************************************************************
Round 269
ROUND_ACCURACY method=FedPhoenixRG-AA round=270 accuracy=69.260002
********************************************************************************
Round 270
ROUND_ACCURACY method=FedPhoenixRG-AA round=271 accuracy=69.180000
********************************************************************************
Round 271
ROUND_ACCURACY method=FedPhoenixRG-AA round=272 accuracy=65.610001
********************************************************************************
Round 272
ROUND_ACCURACY method=FedPhoenixRG-AA round=273 accuracy=65.970001
********************************************************************************
Round 273
ROUND_ACCURACY method=FedPhoenixRG-AA round=274 accuracy=57.240002
********************************************************************************
Round 274
ROUND_ACCURACY method=FedPhoenixRG-AA round=275 accuracy=76.459999
********************************************************************************
Round 275
ROUND_ACCURACY method=FedPhoenixRG-AA round=276 accuracy=62.509998
********************************************************************************
Round 276
ROUND_ACCURACY method=FedPhoenixRG-AA round=277 accuracy=76.809998
********************************************************************************
Round 277
ROUND_ACCURACY method=FedPhoenixRG-AA round=278 accuracy=73.220001
********************************************************************************
Round 278
ROUND_ACCURACY method=FedPhoenixRG-AA round=279 accuracy=77.139999
********************************************************************************
Round 279
RG_SCORE round=280 layer=features.0 mean_q=0.137565 max_q=0.341498 fraction_q_positive=0.937500 sampling_entropy=4.046372 uniform_entropy=4.158883 entropy_gap=0.112511 max_probability_over_uniform=2.111834 min_probability_over_uniform=0.250000
RG_AA_SCORE round=280 layer=features.0 mean_q_equal=0.136908 mean_q_aa=0.137565 mean_abs_q_difference=0.030403 correlation_q_equal_aa=0.897972 top_reset_overlap=none sampling_entropy=4.046372 max_probability_over_uniform=2.111834 mean_eligible_client_sample_count=471.122807 min_eligible_client_sample_count=30.000000 max_eligible_client_sample_count=1447.000000 mean_total_eligible_sample_weight=26854.000000
RG_SCORE round=280 layer=features.3 mean_q=0.170483 max_q=0.201693 fraction_q_positive=1.000000 sampling_entropy=4.155914 uniform_entropy=4.158883 entropy_gap=0.002969 max_probability_over_uniform=1.137304 min_probability_over_uniform=0.817943
RG_AA_SCORE round=280 layer=features.3 mean_q_equal=0.171613 mean_q_aa=0.170483 mean_abs_q_difference=0.008141 correlation_q_equal_aa=0.813538 top_reset_overlap=none sampling_entropy=4.155914 max_probability_over_uniform=1.137304 mean_eligible_client_sample_count=471.122807 min_eligible_client_sample_count=30.000000 max_eligible_client_sample_count=1447.000000 mean_total_eligible_sample_weight=26854.000000
RG_SCORE round=280 layer=features.7 mean_q=0.169248 max_q=0.222026 fraction_q_positive=1.000000 sampling_entropy=4.847913 uniform_entropy=4.852030 entropy_gap=0.004117 max_probability_over_uniform=1.233875 min_probability_over_uniform=0.820360
RG_AA_SCORE round=280 layer=features.7 mean_q_equal=0.172697 mean_q_aa=0.169248 mean_abs_q_difference=0.007345 correlation_q_equal_aa=0.908657 top_reset_overlap=none sampling_entropy=4.847913 max_probability_over_uniform=1.233875 mean_eligible_client_sample_count=471.122807 min_eligible_client_sample_count=30.000000 max_eligible_client_sample_count=1447.000000 mean_total_eligible_sample_weight=26854.000000
RG_SCORE round=280 layer=features.10 mean_q=0.162459 max_q=0.208635 fraction_q_positive=1.000000 sampling_entropy=4.849478 uniform_entropy=4.852030 entropy_gap=0.002552 max_probability_over_uniform=1.213172 min_probability_over_uniform=0.841194
RG_AA_SCORE round=280 layer=features.10 mean_q_equal=0.167010 mean_q_aa=0.162459 mean_abs_q_difference=0.005927 correlation_q_equal_aa=0.929965 top_reset_overlap=0.500000 sampling_entropy=4.849478 max_probability_over_uniform=1.213172 mean_eligible_client_sample_count=471.284521 min_eligible_client_sample_count=30.000000 max_eligible_client_sample_count=1447.000000 mean_total_eligible_sample_weight=26450.843750
RG_SCORE round=280 layer=features.14 mean_q=0.160713 max_q=0.206569 fraction_q_positive=1.000000 sampling_entropy=5.542331 uniform_entropy=5.545177 entropy_gap=0.002847 max_probability_over_uniform=1.213992 min_probability_over_uniform=0.825359
RG_AA_SCORE round=280 layer=features.14 mean_q_equal=0.165447 mean_q_aa=0.160713 mean_abs_q_difference=0.005897 correlation_q_equal_aa=0.944227 top_reset_overlap=0.500000 sampling_entropy=5.542331 max_probability_over_uniform=1.213992 mean_eligible_client_sample_count=471.249513 min_eligible_client_sample_count=30.000000 max_eligible_client_sample_count=1447.000000 mean_total_eligible_sample_weight=26448.878906
RG_SCORE round=280 layer=features.17 mean_q=0.153608 max_q=0.187597 fraction_q_positive=1.000000 sampling_entropy=5.541895 uniform_entropy=5.545177 entropy_gap=0.003282 max_probability_over_uniform=1.165954 min_probability_over_uniform=0.762857
RG_AA_SCORE round=280 layer=features.17 mean_q_equal=0.158825 mean_q_aa=0.153608 mean_abs_q_difference=0.005752 correlation_q_equal_aa=0.965122 top_reset_overlap=1.000000 sampling_entropy=5.541895 max_probability_over_uniform=1.165954 mean_eligible_client_sample_count=471.279440 min_eligible_client_sample_count=30.000000 max_eligible_client_sample_count=1447.000000 mean_total_eligible_sample_weight=26450.558594
RG_SCORE round=280 layer=features.20 mean_q=0.152241 max_q=0.191001 fraction_q_positive=1.000000 sampling_entropy=5.542827 uniform_entropy=5.545177 entropy_gap=0.002351 max_probability_over_uniform=1.190948 min_probability_over_uniform=0.839841
RG_AA_SCORE round=280 layer=features.20 mean_q_equal=0.158728 mean_q_aa=0.152241 mean_abs_q_difference=0.006881 correlation_q_equal_aa=0.933154 top_reset_overlap=0.750000 sampling_entropy=5.542827 max_probability_over_uniform=1.190948 mean_eligible_client_sample_count=471.236981 min_eligible_client_sample_count=30.000000 max_eligible_client_sample_count=1447.000000 mean_total_eligible_sample_weight=26440.812500
RG_SCORE round=280 layer=features.24 mean_q=0.173316 max_q=0.228523 fraction_q_positive=1.000000 sampling_entropy=6.235594 uniform_entropy=6.238325 entropy_gap=0.002731 max_probability_over_uniform=1.238903 min_probability_over_uniform=0.719529
RG_AA_SCORE round=280 layer=features.24 mean_q_equal=0.177439 mean_q_aa=0.173316 mean_abs_q_difference=0.005623 correlation_q_equal_aa=0.945926 top_reset_overlap=0.500000 sampling_entropy=6.235594 max_probability_over_uniform=1.238903 mean_eligible_client_sample_count=471.268618 min_eligible_client_sample_count=30.000000 max_eligible_client_sample_count=1447.000000 mean_total_eligible_sample_weight=26449.951172
RG_SCORE round=280 layer=features.27 mean_q=0.171616 max_q=0.235043 fraction_q_positive=1.000000 sampling_entropy=6.235333 uniform_entropy=6.238325 entropy_gap=0.002991 max_probability_over_uniform=1.277191 min_probability_over_uniform=0.781668
RG_AA_SCORE round=280 layer=features.27 mean_q_equal=0.171550 mean_q_aa=0.171616 mean_abs_q_difference=0.004837 correlation_q_equal_aa=0.938972 top_reset_overlap=0.875000 sampling_entropy=6.235333 max_probability_over_uniform=1.277191 mean_eligible_client_sample_count=471.249191 min_eligible_client_sample_count=30.000000 max_eligible_client_sample_count=1447.000000 mean_total_eligible_sample_weight=26449.781250
RG_SCORE round=280 layer=features.30 mean_q=0.151243 max_q=0.201671 fraction_q_positive=1.000000 sampling_entropy=6.235023 uniform_entropy=6.238325 entropy_gap=0.003302 max_probability_over_uniform=1.250068 min_probability_over_uniform=0.738896
RG_AA_SCORE round=280 layer=features.30 mean_q_equal=0.149310 mean_q_aa=0.151243 mean_abs_q_difference=0.004895 correlation_q_equal_aa=0.935472 top_reset_overlap=0.875000 sampling_entropy=6.235023 max_probability_over_uniform=1.250068 mean_eligible_client_sample_count=471.312058 min_eligible_client_sample_count=30.000000 max_eligible_client_sample_count=1447.000000 mean_total_eligible_sample_weight=26451.468750
RG_SCORE round=280 layer=features.34 mean_q=0.290057 max_q=0.416465 fraction_q_positive=1.000000 sampling_entropy=6.228346 uniform_entropy=6.238325 entropy_gap=0.009979 max_probability_over_uniform=1.326854 min_probability_over_uniform=0.487040
RG_AA_SCORE round=280 layer=features.34 mean_q_equal=0.256019 mean_q_aa=0.290057 mean_abs_q_difference=0.034669 correlation_q_equal_aa=0.942414 top_reset_overlap=0.625000 sampling_entropy=6.228346 max_probability_over_uniform=1.326854 mean_eligible_client_sample_count=471.269634 min_eligible_client_sample_count=30.000000 max_eligible_client_sample_count=1447.000000 mean_total_eligible_sample_weight=26452.769531
RG_SCORE round=280 layer=features.37 mean_q=0.252281 max_q=0.401039 fraction_q_positive=0.998047 sampling_entropy=6.215797 uniform_entropy=6.238325 entropy_gap=0.022528 max_probability_over_uniform=1.442239 min_probability_over_uniform=0.250000
RG_AA_SCORE round=280 layer=features.37 mean_q_equal=0.199221 mean_q_aa=0.252281 mean_abs_q_difference=0.053099 correlation_q_equal_aa=0.964353 top_reset_overlap=0.750000 sampling_entropy=6.215797 max_probability_over_uniform=1.442239 mean_eligible_client_sample_count=471.282259 min_eligible_client_sample_count=30.000000 max_eligible_client_sample_count=1447.000000 mean_total_eligible_sample_weight=26450.716797
RG_SCORE round=280 layer=features.40 mean_q=0.140874 max_q=0.391451 fraction_q_positive=0.986328 sampling_entropy=6.154809 uniform_entropy=6.238325 entropy_gap=0.083515 max_probability_over_uniform=2.334049 min_probability_over_uniform=0.250000
RG_AA_SCORE round=280 layer=features.40 mean_q_equal=0.100984 mean_q_aa=0.140874 mean_abs_q_difference=0.040936 correlation_q_equal_aa=0.954562 top_reset_overlap=0.625000 sampling_entropy=6.154809 max_probability_over_uniform=2.334049 mean_eligible_client_sample_count=471.262693 min_eligible_client_sample_count=30.000000 max_eligible_client_sample_count=1447.000000 mean_total_eligible_sample_weight=26450.539062
ROUND_ACCURACY method=FedPhoenixRG-AA round=280 accuracy=76.309998
********************************************************************************
Round 280
ROUND_ACCURACY method=FedPhoenixRG-AA round=281 accuracy=72.029999
********************************************************************************
Round 281
ROUND_ACCURACY method=FedPhoenixRG-AA round=282 accuracy=64.720001
********************************************************************************
Round 282
ROUND_ACCURACY method=FedPhoenixRG-AA round=283 accuracy=74.220001
********************************************************************************
Round 283
ROUND_ACCURACY method=FedPhoenixRG-AA round=284 accuracy=73.379997
********************************************************************************
Round 284
ROUND_ACCURACY method=FedPhoenixRG-AA round=285 accuracy=74.029999
********************************************************************************
Round 285
ROUND_ACCURACY method=FedPhoenixRG-AA round=286 accuracy=68.919998
********************************************************************************
Round 286
ROUND_ACCURACY method=FedPhoenixRG-AA round=287 accuracy=75.669998
********************************************************************************
Round 287
ROUND_ACCURACY method=FedPhoenixRG-AA round=288 accuracy=68.870003
********************************************************************************
Round 288
ROUND_ACCURACY method=FedPhoenixRG-AA round=289 accuracy=72.089996
********************************************************************************
Round 289
ROUND_ACCURACY method=FedPhoenixRG-AA round=290 accuracy=77.389999
********************************************************************************
Round 290
ROUND_ACCURACY method=FedPhoenixRG-AA round=291 accuracy=75.889999
********************************************************************************
Round 291
ROUND_ACCURACY method=FedPhoenixRG-AA round=292 accuracy=69.699997
********************************************************************************
Round 292
ROUND_ACCURACY method=FedPhoenixRG-AA round=293 accuracy=74.900002
********************************************************************************
Round 293
ROUND_ACCURACY method=FedPhoenixRG-AA round=294 accuracy=75.269997
********************************************************************************
Round 294
ROUND_ACCURACY method=FedPhoenixRG-AA round=295 accuracy=74.849998
********************************************************************************
Round 295
ROUND_ACCURACY method=FedPhoenixRG-AA round=296 accuracy=76.699997
********************************************************************************
Round 296
ROUND_ACCURACY method=FedPhoenixRG-AA round=297 accuracy=76.309998
********************************************************************************
Round 297
ROUND_ACCURACY method=FedPhoenixRG-AA round=298 accuracy=46.889999
********************************************************************************
Round 298
ROUND_ACCURACY method=FedPhoenixRG-AA round=299 accuracy=68.709999
********************************************************************************
Round 299
RG_SCORE round=300 layer=features.0 mean_q=0.131428 max_q=0.317848 fraction_q_positive=0.921875 sampling_entropy=4.065081 uniform_entropy=4.158883 entropy_gap=0.093802 max_probability_over_uniform=2.063814 min_probability_over_uniform=0.250000
RG_AA_SCORE round=300 layer=features.0 mean_q_equal=0.130344 mean_q_aa=0.131428 mean_abs_q_difference=0.016810 correlation_q_equal_aa=0.955575 top_reset_overlap=none sampling_entropy=4.065081 max_probability_over_uniform=2.063814 mean_eligible_client_sample_count=498.266667 min_eligible_client_sample_count=97.000000 max_eligible_client_sample_count=1017.000000 mean_total_eligible_sample_weight=29896.000000
RG_SCORE round=300 layer=features.3 mean_q=0.162794 max_q=0.202843 fraction_q_positive=1.000000 sampling_entropy=4.154177 uniform_entropy=4.158883 entropy_gap=0.004706 max_probability_over_uniform=1.184508 min_probability_over_uniform=0.650935
RG_AA_SCORE round=300 layer=features.3 mean_q_equal=0.160096 mean_q_aa=0.162794 mean_abs_q_difference=0.004382 correlation_q_equal_aa=0.970091 top_reset_overlap=none sampling_entropy=4.154177 max_probability_over_uniform=1.184508 mean_eligible_client_sample_count=498.266667 min_eligible_client_sample_count=97.000000 max_eligible_client_sample_count=1017.000000 mean_total_eligible_sample_weight=29896.000000
RG_SCORE round=300 layer=features.7 mean_q=0.165416 max_q=0.212694 fraction_q_positive=1.000000 sampling_entropy=4.848273 uniform_entropy=4.852030 entropy_gap=0.003758 max_probability_over_uniform=1.214360 min_probability_over_uniform=0.774600
RG_AA_SCORE round=300 layer=features.7 mean_q_equal=0.162513 mean_q_aa=0.165416 mean_abs_q_difference=0.004907 correlation_q_equal_aa=0.957046 top_reset_overlap=none sampling_entropy=4.848273 max_probability_over_uniform=1.214360 mean_eligible_client_sample_count=498.266667 min_eligible_client_sample_count=97.000000 max_eligible_client_sample_count=1017.000000 mean_total_eligible_sample_weight=29896.000000
RG_SCORE round=300 layer=features.10 mean_q=0.160535 max_q=0.201507 fraction_q_positive=1.000000 sampling_entropy=4.848943 uniform_entropy=4.852030 entropy_gap=0.003087 max_probability_over_uniform=1.191415 min_probability_over_uniform=0.799547
RG_AA_SCORE round=300 layer=features.10 mean_q_equal=0.157333 mean_q_aa=0.160535 mean_abs_q_difference=0.004249 correlation_q_equal_aa=0.970679 top_reset_overlap=1.000000 sampling_entropy=4.848943 max_probability_over_uniform=1.191415 mean_eligible_client_sample_count=497.788578 min_eligible_client_sample_count=97.000000 max_eligible_client_sample_count=1017.000000 mean_total_eligible_sample_weight=29486.195312
RG_SCORE round=300 layer=features.14 mean_q=0.156276 max_q=0.233795 fraction_q_positive=1.000000 sampling_entropy=5.541947 uniform_entropy=5.545177 entropy_gap=0.003230 max_probability_over_uniform=1.372030 min_probability_over_uniform=0.623834
RG_AA_SCORE round=300 layer=features.14 mean_q_equal=0.152638 mean_q_aa=0.156276 mean_abs_q_difference=0.004210 correlation_q_equal_aa=0.970931 top_reset_overlap=0.750000 sampling_entropy=5.541947 max_probability_over_uniform=1.372030 mean_eligible_client_sample_count=497.846235 min_eligible_client_sample_count=97.000000 max_eligible_client_sample_count=1017.000000 mean_total_eligible_sample_weight=29493.500000
RG_SCORE round=300 layer=features.17 mean_q=0.149502 max_q=0.185271 fraction_q_positive=1.000000 sampling_entropy=5.541919 uniform_entropy=5.545177 entropy_gap=0.003259 max_probability_over_uniform=1.179446 min_probability_over_uniform=0.732984
RG_AA_SCORE round=300 layer=features.17 mean_q_equal=0.146937 mean_q_aa=0.149502 mean_abs_q_difference=0.003409 correlation_q_equal_aa=0.977582 top_reset_overlap=0.250000 sampling_entropy=5.541919 max_probability_over_uniform=1.179446 mean_eligible_client_sample_count=497.819620 min_eligible_client_sample_count=97.000000 max_eligible_client_sample_count=1017.000000 mean_total_eligible_sample_weight=29495.812500
RG_SCORE round=300 layer=features.20 mean_q=0.146520 max_q=0.190783 fraction_q_positive=1.000000 sampling_entropy=5.542796 uniform_entropy=5.545177 entropy_gap=0.002382 max_probability_over_uniform=1.226572 min_probability_over_uniform=0.802351
RG_AA_SCORE round=300 layer=features.20 mean_q_equal=0.144667 mean_q_aa=0.146520 mean_abs_q_difference=0.002788 correlation_q_equal_aa=0.973593 top_reset_overlap=1.000000 sampling_entropy=5.542796 max_probability_over_uniform=1.226572 mean_eligible_client_sample_count=497.807875 min_eligible_client_sample_count=97.000000 max_eligible_client_sample_count=1017.000000 mean_total_eligible_sample_weight=29483.449219
RG_SCORE round=300 layer=features.24 mean_q=0.162359 max_q=0.223068 fraction_q_positive=1.000000 sampling_entropy=6.234286 uniform_entropy=6.238325 entropy_gap=0.004039 max_probability_over_uniform=1.280436 min_probability_over_uniform=0.737977
RG_AA_SCORE round=300 layer=features.24 mean_q_equal=0.158675 mean_q_aa=0.162359 mean_abs_q_difference=0.004480 correlation_q_equal_aa=0.974141 top_reset_overlap=0.875000 sampling_entropy=6.234286 max_probability_over_uniform=1.280436 mean_eligible_client_sample_count=497.830712 min_eligible_client_sample_count=97.000000 max_eligible_client_sample_count=1017.000000 mean_total_eligible_sample_weight=29487.718750
RG_SCORE round=300 layer=features.27 mean_q=0.156402 max_q=0.218746 fraction_q_positive=1.000000 sampling_entropy=6.232928 uniform_entropy=6.238325 entropy_gap=0.005397 max_probability_over_uniform=1.298960 min_probability_over_uniform=0.634430
RG_AA_SCORE round=300 layer=features.27 mean_q_equal=0.150079 mean_q_aa=0.156402 mean_abs_q_difference=0.006532 correlation_q_equal_aa=0.970656 top_reset_overlap=0.875000 sampling_entropy=6.232928 max_probability_over_uniform=1.298960 mean_eligible_client_sample_count=497.851081 min_eligible_client_sample_count=97.000000 max_eligible_client_sample_count=1017.000000 mean_total_eligible_sample_weight=29493.787109
RG_SCORE round=300 layer=features.30 mean_q=0.136523 max_q=0.188757 fraction_q_positive=1.000000 sampling_entropy=6.233417 uniform_entropy=6.238325 entropy_gap=0.004908 max_probability_over_uniform=1.286956 min_probability_over_uniform=0.660252
RG_AA_SCORE round=300 layer=features.30 mean_q_equal=0.128900 mean_q_aa=0.136523 mean_abs_q_difference=0.007836 correlation_q_equal_aa=0.958367 top_reset_overlap=0.875000 sampling_entropy=6.233417 max_probability_over_uniform=1.286956 mean_eligible_client_sample_count=497.902374 min_eligible_client_sample_count=97.000000 max_eligible_client_sample_count=1017.000000 mean_total_eligible_sample_weight=29494.880859
RG_SCORE round=300 layer=features.34 mean_q=0.265826 max_q=0.407430 fraction_q_positive=1.000000 sampling_entropy=6.222460 uniform_entropy=6.238325 entropy_gap=0.015864 max_probability_over_uniform=1.399519 min_probability_over_uniform=0.263693
RG_AA_SCORE round=300 layer=features.34 mean_q_equal=0.231196 mean_q_aa=0.265826 mean_abs_q_difference=0.034673 correlation_q_equal_aa=0.957838 top_reset_overlap=0.625000 sampling_entropy=6.222460 max_probability_over_uniform=1.399519 mean_eligible_client_sample_count=497.805018 min_eligible_client_sample_count=97.000000 max_eligible_client_sample_count=1017.000000 mean_total_eligible_sample_weight=29490.085938
RG_SCORE round=300 layer=features.37 mean_q=0.253021 max_q=0.422041 fraction_q_positive=1.000000 sampling_entropy=6.211119 uniform_entropy=6.238325 entropy_gap=0.027206 max_probability_over_uniform=1.501007 min_probability_over_uniform=0.273700
RG_AA_SCORE round=300 layer=features.37 mean_q_equal=0.196986 mean_q_aa=0.253021 mean_abs_q_difference=0.056035 correlation_q_equal_aa=0.964425 top_reset_overlap=0.875000 sampling_entropy=6.211119 max_probability_over_uniform=1.501007 mean_eligible_client_sample_count=497.863034 min_eligible_client_sample_count=97.000000 max_eligible_client_sample_count=1017.000000 mean_total_eligible_sample_weight=29498.384766
RG_SCORE round=300 layer=features.40 mean_q=0.151615 max_q=0.402077 fraction_q_positive=0.980469 sampling_entropy=6.160507 uniform_entropy=6.238325 entropy_gap=0.077818 max_probability_over_uniform=2.238976 min_probability_over_uniform=0.250000
RG_AA_SCORE round=300 layer=features.40 mean_q_equal=0.108372 mean_q_aa=0.151615 mean_abs_q_difference=0.043997 correlation_q_equal_aa=0.946811 top_reset_overlap=0.625000 sampling_entropy=6.160507 max_probability_over_uniform=2.238976 mean_eligible_client_sample_count=497.848129 min_eligible_client_sample_count=97.000000 max_eligible_client_sample_count=1017.000000 mean_total_eligible_sample_weight=29496.529297
ROUND_ACCURACY method=FedPhoenixRG-AA round=300 accuracy=75.050003
********************************************************************************
Round 300
ROUND_ACCURACY method=FedPhoenixRG-AA round=301 accuracy=78.260002
********************************************************************************
Round 301
ROUND_ACCURACY method=FedPhoenixRG-AA round=302 accuracy=69.360001
********************************************************************************
Round 302
ROUND_ACCURACY method=FedPhoenixRG-AA round=303 accuracy=77.519997
********************************************************************************
Round 303
ROUND_ACCURACY method=FedPhoenixRG-AA round=304 accuracy=73.650002
********************************************************************************
Round 304
ROUND_ACCURACY method=FedPhoenixRG-AA round=305 accuracy=76.349998
********************************************************************************
Round 305
ROUND_ACCURACY method=FedPhoenixRG-AA round=306 accuracy=69.580002
********************************************************************************
Round 306
ROUND_ACCURACY method=FedPhoenixRG-AA round=307 accuracy=74.239998
********************************************************************************
Round 307
ROUND_ACCURACY method=FedPhoenixRG-AA round=308 accuracy=75.150002
********************************************************************************
Round 308
ROUND_ACCURACY method=FedPhoenixRG-AA round=309 accuracy=75.750000
********************************************************************************
Round 309
ROUND_ACCURACY method=FedPhoenixRG-AA round=310 accuracy=77.919998
********************************************************************************
Round 310
ROUND_ACCURACY method=FedPhoenixRG-AA round=311 accuracy=75.139999
********************************************************************************
Round 311
ROUND_ACCURACY method=FedPhoenixRG-AA round=312 accuracy=77.620003
********************************************************************************
Round 312
ROUND_ACCURACY method=FedPhoenixRG-AA round=313 accuracy=70.839996
********************************************************************************
Round 313
ROUND_ACCURACY method=FedPhoenixRG-AA round=314 accuracy=76.669998
********************************************************************************
Round 314
ROUND_ACCURACY method=FedPhoenixRG-AA round=315 accuracy=76.360001
********************************************************************************
Round 315
ROUND_ACCURACY method=FedPhoenixRG-AA round=316 accuracy=73.529999
********************************************************************************
Round 316
ROUND_ACCURACY method=FedPhoenixRG-AA round=317 accuracy=73.489998
********************************************************************************
Round 317
ROUND_ACCURACY method=FedPhoenixRG-AA round=318 accuracy=65.870003
********************************************************************************
Round 318
ROUND_ACCURACY method=FedPhoenixRG-AA round=319 accuracy=55.160000
********************************************************************************
Round 319
RG_SCORE round=320 layer=features.0 mean_q=0.097127 max_q=0.304150 fraction_q_positive=0.812500 sampling_entropy=3.982327 uniform_entropy=4.158883 entropy_gap=0.176556 max_probability_over_uniform=2.598591 min_probability_over_uniform=0.250000
RG_AA_SCORE round=320 layer=features.0 mean_q_equal=0.101738 mean_q_aa=0.097127 mean_abs_q_difference=0.020484 correlation_q_equal_aa=0.932902 top_reset_overlap=none sampling_entropy=3.982327 max_probability_over_uniform=2.598591 mean_eligible_client_sample_count=522.412698 min_eligible_client_sample_count=97.000000 max_eligible_client_sample_count=1447.000000 mean_total_eligible_sample_weight=32912.000000
RG_SCORE round=320 layer=features.3 mean_q=0.117460 max_q=0.196948 fraction_q_positive=1.000000 sampling_entropy=4.130994 uniform_entropy=4.158883 entropy_gap=0.027889 max_probability_over_uniform=1.507543 min_probability_over_uniform=0.505675
RG_AA_SCORE round=320 layer=features.3 mean_q_equal=0.116601 mean_q_aa=0.117460 mean_abs_q_difference=0.007498 correlation_q_equal_aa=0.967099 top_reset_overlap=none sampling_entropy=4.130994 max_probability_over_uniform=1.507543 mean_eligible_client_sample_count=522.412698 min_eligible_client_sample_count=97.000000 max_eligible_client_sample_count=1447.000000 mean_total_eligible_sample_weight=32912.000000
RG_SCORE round=320 layer=features.7 mean_q=0.120912 max_q=0.190825 fraction_q_positive=1.000000 sampling_entropy=4.837562 uniform_entropy=4.852030 entropy_gap=0.014468 max_probability_over_uniform=1.433661 min_probability_over_uniform=0.347821
RG_AA_SCORE round=320 layer=features.7 mean_q_equal=0.121783 mean_q_aa=0.120912 mean_abs_q_difference=0.005804 correlation_q_equal_aa=0.955573 top_reset_overlap=none sampling_entropy=4.837562 max_probability_over_uniform=1.433661 mean_eligible_client_sample_count=522.412698 min_eligible_client_sample_count=97.000000 max_eligible_client_sample_count=1447.000000 mean_total_eligible_sample_weight=32912.000000
RG_SCORE round=320 layer=features.10 mean_q=0.121841 max_q=0.166773 fraction_q_positive=1.000000 sampling_entropy=4.845589 uniform_entropy=4.852030 entropy_gap=0.006441 max_probability_over_uniform=1.276584 min_probability_over_uniform=0.704313
RG_AA_SCORE round=320 layer=features.10 mean_q_equal=0.122065 mean_q_aa=0.121841 mean_abs_q_difference=0.003590 correlation_q_equal_aa=0.968304 top_reset_overlap=none sampling_entropy=4.845589 max_probability_over_uniform=1.276584 mean_eligible_client_sample_count=522.041157 min_eligible_client_sample_count=97.000000 max_eligible_client_sample_count=1447.000000 mean_total_eligible_sample_weight=32700.984375
RG_SCORE round=320 layer=features.14 mean_q=0.125282 max_q=0.194969 fraction_q_positive=1.000000 sampling_entropy=5.535110 uniform_entropy=5.545177 entropy_gap=0.010068 max_probability_over_uniform=1.417180 min_probability_over_uniform=0.534637
RG_AA_SCORE round=320 layer=features.14 mean_q_equal=0.125031 mean_q_aa=0.125282 mean_abs_q_difference=0.003720 correlation_q_equal_aa=0.979803 top_reset_overlap=0.750000 sampling_entropy=5.535110 max_probability_over_uniform=1.417180 mean_eligible_client_sample_count=521.633925 min_eligible_client_sample_count=97.000000 max_eligible_client_sample_count=1447.000000 mean_total_eligible_sample_weight=32361.679688
RG_SCORE round=320 layer=features.17 mean_q=0.124083 max_q=0.187745 fraction_q_positive=1.000000 sampling_entropy=5.538897 uniform_entropy=5.545177 entropy_gap=0.006281 max_probability_over_uniform=1.384794 min_probability_over_uniform=0.603600
RG_AA_SCORE round=320 layer=features.17 mean_q_equal=0.124794 mean_q_aa=0.124083 mean_abs_q_difference=0.002956 correlation_q_equal_aa=0.979937 top_reset_overlap=1.000000 sampling_entropy=5.538897 max_probability_over_uniform=1.384794 mean_eligible_client_sample_count=521.599030 min_eligible_client_sample_count=97.000000 max_eligible_client_sample_count=1447.000000 mean_total_eligible_sample_weight=32353.402344
RG_SCORE round=320 layer=features.20 mean_q=0.125242 max_q=0.183947 fraction_q_positive=1.000000 sampling_entropy=5.539468 uniform_entropy=5.545177 entropy_gap=0.005710 max_probability_over_uniform=1.351550 min_probability_over_uniform=0.695667
RG_AA_SCORE round=320 layer=features.20 mean_q_equal=0.125895 mean_q_aa=0.125242 mean_abs_q_difference=0.003037 correlation_q_equal_aa=0.977732 top_reset_overlap=0.750000 sampling_entropy=5.539468 max_probability_over_uniform=1.351550 mean_eligible_client_sample_count=521.681950 min_eligible_client_sample_count=97.000000 max_eligible_client_sample_count=1447.000000 mean_total_eligible_sample_weight=32356.507812
RG_SCORE round=320 layer=features.24 mean_q=0.143449 max_q=0.208866 fraction_q_positive=1.000000 sampling_entropy=6.228434 uniform_entropy=6.238325 entropy_gap=0.009891 max_probability_over_uniform=1.342018 min_probability_over_uniform=0.472744
RG_AA_SCORE round=320 layer=features.24 mean_q_equal=0.143456 mean_q_aa=0.143449 mean_abs_q_difference=0.003414 correlation_q_equal_aa=0.986662 top_reset_overlap=0.750000 sampling_entropy=6.228434 max_probability_over_uniform=1.342018 mean_eligible_client_sample_count=521.590692 min_eligible_client_sample_count=97.000000 max_eligible_client_sample_count=1447.000000 mean_total_eligible_sample_weight=32350.847656
RG_SCORE round=320 layer=features.27 mean_q=0.147466 max_q=0.211300 fraction_q_positive=1.000000 sampling_entropy=6.230159 uniform_entropy=6.238325 entropy_gap=0.008166 max_probability_over_uniform=1.324661 min_probability_over_uniform=0.527152
RG_AA_SCORE round=320 layer=features.27 mean_q_equal=0.145675 mean_q_aa=0.147466 mean_abs_q_difference=0.003652 correlation_q_equal_aa=0.984313 top_reset_overlap=0.750000 sampling_entropy=6.230159 max_probability_over_uniform=1.324661 mean_eligible_client_sample_count=521.627976 min_eligible_client_sample_count=97.000000 max_eligible_client_sample_count=1447.000000 mean_total_eligible_sample_weight=32353.160156
RG_SCORE round=320 layer=features.30 mean_q=0.134000 max_q=0.182828 fraction_q_positive=1.000000 sampling_entropy=6.233009 uniform_entropy=6.238325 entropy_gap=0.005316 max_probability_over_uniform=1.273292 min_probability_over_uniform=0.666013
RG_AA_SCORE round=320 layer=features.30 mean_q_equal=0.131944 mean_q_aa=0.134000 mean_abs_q_difference=0.004881 correlation_q_equal_aa=0.949020 top_reset_overlap=0.250000 sampling_entropy=6.233009 max_probability_over_uniform=1.273292 mean_eligible_client_sample_count=521.605240 min_eligible_client_sample_count=97.000000 max_eligible_client_sample_count=1447.000000 mean_total_eligible_sample_weight=32351.750000
RG_SCORE round=320 layer=features.34 mean_q=0.281579 max_q=0.433262 fraction_q_positive=1.000000 sampling_entropy=6.221766 uniform_entropy=6.238325 entropy_gap=0.016558 max_probability_over_uniform=1.404016 min_probability_over_uniform=0.361992
RG_AA_SCORE round=320 layer=features.34 mean_q_equal=0.255814 mean_q_aa=0.281579 mean_abs_q_difference=0.027730 correlation_q_equal_aa=0.937711 top_reset_overlap=0.750000 sampling_entropy=6.221766 max_probability_over_uniform=1.404016 mean_eligible_client_sample_count=521.646638 min_eligible_client_sample_count=97.000000 max_eligible_client_sample_count=1447.000000 mean_total_eligible_sample_weight=32353.298828
RG_SCORE round=320 layer=features.37 mean_q=0.276705 max_q=0.476124 fraction_q_positive=0.994141 sampling_entropy=6.205465 uniform_entropy=6.238325 entropy_gap=0.032859 max_probability_over_uniform=1.540517 min_probability_over_uniform=0.250000
RG_AA_SCORE round=320 layer=features.37 mean_q_equal=0.226100 mean_q_aa=0.276705 mean_abs_q_difference=0.051693 correlation_q_equal_aa=0.938322 top_reset_overlap=0.625000 sampling_entropy=6.205465 max_probability_over_uniform=1.540517 mean_eligible_client_sample_count=521.620064 min_eligible_client_sample_count=97.000000 max_eligible_client_sample_count=1447.000000 mean_total_eligible_sample_weight=32354.707031
RG_SCORE round=320 layer=features.40 mean_q=0.174235 max_q=0.424813 fraction_q_positive=0.943359 sampling_entropy=6.136892 uniform_entropy=6.238325 entropy_gap=0.101432 max_probability_over_uniform=2.078617 min_probability_over_uniform=0.250000
RG_AA_SCORE round=320 layer=features.40 mean_q_equal=0.125413 mean_q_aa=0.174235 mean_abs_q_difference=0.053203 correlation_q_equal_aa=0.898480 top_reset_overlap=0.625000 sampling_entropy=6.136892 max_probability_over_uniform=2.078617 mean_eligible_client_sample_count=521.621890 min_eligible_client_sample_count=97.000000 max_eligible_client_sample_count=1447.000000 mean_total_eligible_sample_weight=32346.669922
ROUND_ACCURACY method=FedPhoenixRG-AA round=320 accuracy=70.349998
********************************************************************************
Round 320
ROUND_ACCURACY method=FedPhoenixRG-AA round=321 accuracy=67.070000
********************************************************************************
Round 321
ROUND_ACCURACY method=FedPhoenixRG-AA round=322 accuracy=73.110001
********************************************************************************
Round 322
ROUND_ACCURACY method=FedPhoenixRG-AA round=323 accuracy=73.470001
********************************************************************************
Round 323
ROUND_ACCURACY method=FedPhoenixRG-AA round=324 accuracy=71.690002
********************************************************************************
Round 324
ROUND_ACCURACY method=FedPhoenixRG-AA round=325 accuracy=77.529999
********************************************************************************
Round 325
ROUND_ACCURACY method=FedPhoenixRG-AA round=326 accuracy=73.809998
********************************************************************************
Round 326
ROUND_ACCURACY method=FedPhoenixRG-AA round=327 accuracy=76.790001
********************************************************************************
Round 327
ROUND_ACCURACY method=FedPhoenixRG-AA round=328 accuracy=74.540001
********************************************************************************
Round 328
ROUND_ACCURACY method=FedPhoenixRG-AA round=329 accuracy=69.230003
********************************************************************************
Round 329
ROUND_ACCURACY method=FedPhoenixRG-AA round=330 accuracy=75.000000
********************************************************************************
Round 330
ROUND_ACCURACY method=FedPhoenixRG-AA round=331 accuracy=56.790001
********************************************************************************
Round 331
ROUND_ACCURACY method=FedPhoenixRG-AA round=332 accuracy=70.970001
********************************************************************************
Round 332
ROUND_ACCURACY method=FedPhoenixRG-AA round=333 accuracy=76.309998
********************************************************************************
Round 333
ROUND_ACCURACY method=FedPhoenixRG-AA round=334 accuracy=77.120003
********************************************************************************
Round 334
ROUND_ACCURACY method=FedPhoenixRG-AA round=335 accuracy=78.790001
********************************************************************************
Round 335
ROUND_ACCURACY method=FedPhoenixRG-AA round=336 accuracy=75.739998
********************************************************************************
Round 336
ROUND_ACCURACY method=FedPhoenixRG-AA round=337 accuracy=75.570000
********************************************************************************
Round 337
ROUND_ACCURACY method=FedPhoenixRG-AA round=338 accuracy=78.930000
********************************************************************************
Round 338
ROUND_ACCURACY method=FedPhoenixRG-AA round=339 accuracy=74.389999
********************************************************************************
Round 339
RG_SCORE round=340 layer=features.0 mean_q=0.140352 max_q=0.439571 fraction_q_positive=0.906250 sampling_entropy=4.036488 uniform_entropy=4.158883 entropy_gap=0.122396 max_probability_over_uniform=2.598935 min_probability_over_uniform=0.250000
RG_AA_SCORE round=340 layer=features.0 mean_q_equal=0.147955 mean_q_aa=0.140352 mean_abs_q_difference=0.030346 correlation_q_equal_aa=0.905007 top_reset_overlap=none sampling_entropy=4.036488 max_probability_over_uniform=2.598935 mean_eligible_client_sample_count=477.184615 min_eligible_client_sample_count=30.000000 max_eligible_client_sample_count=1447.000000 mean_total_eligible_sample_weight=31017.000000
RG_SCORE round=340 layer=features.3 mean_q=0.166025 max_q=0.218247 fraction_q_positive=1.000000 sampling_entropy=4.150243 uniform_entropy=4.158883 entropy_gap=0.008640 max_probability_over_uniform=1.235908 min_probability_over_uniform=0.569987
RG_AA_SCORE round=340 layer=features.3 mean_q_equal=0.157110 mean_q_aa=0.166025 mean_abs_q_difference=0.013811 correlation_q_equal_aa=0.864263 top_reset_overlap=none sampling_entropy=4.150243 max_probability_over_uniform=1.235908 mean_eligible_client_sample_count=477.184615 min_eligible_client_sample_count=30.000000 max_eligible_client_sample_count=1447.000000 mean_total_eligible_sample_weight=31017.000000
RG_SCORE round=340 layer=features.7 mean_q=0.173709 max_q=0.259029 fraction_q_positive=1.000000 sampling_entropy=4.847703 uniform_entropy=4.852030 entropy_gap=0.004327 max_probability_over_uniform=1.368372 min_probability_over_uniform=0.788077
RG_AA_SCORE round=340 layer=features.7 mean_q_equal=0.166265 mean_q_aa=0.173709 mean_abs_q_difference=0.010290 correlation_q_equal_aa=0.876292 top_reset_overlap=none sampling_entropy=4.847703 max_probability_over_uniform=1.368372 mean_eligible_client_sample_count=477.184615 min_eligible_client_sample_count=30.000000 max_eligible_client_sample_count=1447.000000 mean_total_eligible_sample_weight=31017.000000
RG_SCORE round=340 layer=features.10 mean_q=0.162537 max_q=0.208441 fraction_q_positive=1.000000 sampling_entropy=4.849717 uniform_entropy=4.852030 entropy_gap=0.002313 max_probability_over_uniform=1.211816 min_probability_over_uniform=0.827523
RG_AA_SCORE round=340 layer=features.10 mean_q_equal=0.159907 mean_q_aa=0.162537 mean_abs_q_difference=0.006005 correlation_q_equal_aa=0.872670 top_reset_overlap=none sampling_entropy=4.849717 max_probability_over_uniform=1.211816 mean_eligible_client_sample_count=477.184615 min_eligible_client_sample_count=30.000000 max_eligible_client_sample_count=1447.000000 mean_total_eligible_sample_weight=31017.000000
RG_SCORE round=340 layer=features.14 mean_q=0.165363 max_q=0.235335 fraction_q_positive=1.000000 sampling_entropy=5.542371 uniform_entropy=5.545177 entropy_gap=0.002806 max_probability_over_uniform=1.317357 min_probability_over_uniform=0.815735
RG_AA_SCORE round=340 layer=features.14 mean_q_equal=0.162519 mean_q_aa=0.165363 mean_abs_q_difference=0.006239 correlation_q_equal_aa=0.914138 top_reset_overlap=0.500000 sampling_entropy=5.542371 max_probability_over_uniform=1.317357 mean_eligible_client_sample_count=476.332479 min_eligible_client_sample_count=30.000000 max_eligible_client_sample_count=1447.000000 mean_total_eligible_sample_weight=30494.582031
RG_SCORE round=340 layer=features.17 mean_q=0.153658 max_q=0.201496 fraction_q_positive=1.000000 sampling_entropy=5.541989 uniform_entropy=5.545177 entropy_gap=0.003189 max_probability_over_uniform=1.233496 min_probability_over_uniform=0.808304
RG_AA_SCORE round=340 layer=features.17 mean_q_equal=0.152510 mean_q_aa=0.153658 mean_abs_q_difference=0.005221 correlation_q_equal_aa=0.921245 top_reset_overlap=1.000000 sampling_entropy=5.541989 max_probability_over_uniform=1.233496 mean_eligible_client_sample_count=476.369089 min_eligible_client_sample_count=30.000000 max_eligible_client_sample_count=1447.000000 mean_total_eligible_sample_weight=30496.925781
RG_SCORE round=340 layer=features.20 mean_q=0.149157 max_q=0.191204 fraction_q_positive=1.000000 sampling_entropy=5.542543 uniform_entropy=5.545177 entropy_gap=0.002634 max_probability_over_uniform=1.211424 min_probability_over_uniform=0.795812
RG_AA_SCORE round=340 layer=features.20 mean_q_equal=0.147007 mean_q_aa=0.149157 mean_abs_q_difference=0.005661 correlation_q_equal_aa=0.894005 top_reset_overlap=0.500000 sampling_entropy=5.542543 max_probability_over_uniform=1.211424 mean_eligible_client_sample_count=476.335387 min_eligible_client_sample_count=30.000000 max_eligible_client_sample_count=1447.000000 mean_total_eligible_sample_weight=30496.628906
RG_SCORE round=340 layer=features.24 mean_q=0.162696 max_q=0.214869 fraction_q_positive=1.000000 sampling_entropy=6.233716 uniform_entropy=6.238325 entropy_gap=0.004608 max_probability_over_uniform=1.240508 min_probability_over_uniform=0.604376
RG_AA_SCORE round=340 layer=features.24 mean_q_equal=0.157283 mean_q_aa=0.162696 mean_abs_q_difference=0.009413 correlation_q_equal_aa=0.911517 top_reset_overlap=0.750000 sampling_entropy=6.233716 max_probability_over_uniform=1.240508 mean_eligible_client_sample_count=476.358413 min_eligible_client_sample_count=30.000000 max_eligible_client_sample_count=1447.000000 mean_total_eligible_sample_weight=30493.451172
RG_SCORE round=340 layer=features.27 mean_q=0.161490 max_q=0.218592 fraction_q_positive=1.000000 sampling_entropy=6.233248 uniform_entropy=6.238325 entropy_gap=0.005076 max_probability_over_uniform=1.265197 min_probability_over_uniform=0.556991
RG_AA_SCORE round=340 layer=features.27 mean_q_equal=0.151771 mean_q_aa=0.161490 mean_abs_q_difference=0.011390 correlation_q_equal_aa=0.925016 top_reset_overlap=0.625000 sampling_entropy=6.233248 max_probability_over_uniform=1.265197 mean_eligible_client_sample_count=476.339497 min_eligible_client_sample_count=30.000000 max_eligible_client_sample_count=1447.000000 mean_total_eligible_sample_weight=30489.449219
RG_SCORE round=340 layer=features.30 mean_q=0.139903 max_q=0.191748 fraction_q_positive=1.000000 sampling_entropy=6.231557 uniform_entropy=6.238325 entropy_gap=0.006768 max_probability_over_uniform=1.277936 min_probability_over_uniform=0.604478
RG_AA_SCORE round=340 layer=features.30 mean_q_equal=0.127787 mean_q_aa=0.139903 mean_abs_q_difference=0.012829 correlation_q_equal_aa=0.930041 top_reset_overlap=0.875000 sampling_entropy=6.231557 max_probability_over_uniform=1.277936 mean_eligible_client_sample_count=476.308417 min_eligible_client_sample_count=30.000000 max_eligible_client_sample_count=1447.000000 mean_total_eligible_sample_weight=30492.111328
RG_SCORE round=340 layer=features.34 mean_q=0.265895 max_q=0.417794 fraction_q_positive=1.000000 sampling_entropy=6.213403 uniform_entropy=6.238325 entropy_gap=0.024922 max_probability_over_uniform=1.428454 min_probability_over_uniform=0.255117
RG_AA_SCORE round=340 layer=features.34 mean_q_equal=0.225760 mean_q_aa=0.265895 mean_abs_q_difference=0.040880 correlation_q_equal_aa=0.961056 top_reset_overlap=0.250000 sampling_entropy=6.213403 max_probability_over_uniform=1.428454 mean_eligible_client_sample_count=476.335286 min_eligible_client_sample_count=30.000000 max_eligible_client_sample_count=1447.000000 mean_total_eligible_sample_weight=30494.761719
RG_SCORE round=340 layer=features.37 mean_q=0.270735 max_q=0.435859 fraction_q_positive=1.000000 sampling_entropy=6.218226 uniform_entropy=6.238325 entropy_gap=0.020099 max_probability_over_uniform=1.457432 min_probability_over_uniform=0.337325
RG_AA_SCORE round=340 layer=features.37 mean_q_equal=0.212676 mean_q_aa=0.270735 mean_abs_q_difference=0.058098 correlation_q_equal_aa=0.958181 top_reset_overlap=0.500000 sampling_entropy=6.218226 max_probability_over_uniform=1.457432 mean_eligible_client_sample_count=476.340329 min_eligible_client_sample_count=30.000000 max_eligible_client_sample_count=1447.000000 mean_total_eligible_sample_weight=30496.945312
RG_SCORE round=340 layer=features.40 mean_q=0.178727 max_q=0.558043 fraction_q_positive=0.992188 sampling_entropy=6.177613 uniform_entropy=6.238325 entropy_gap=0.060712 max_probability_over_uniform=2.591744 min_probability_over_uniform=0.250000
RG_AA_SCORE round=340 layer=features.40 mean_q_equal=0.128705 mean_q_aa=0.178727 mean_abs_q_difference=0.050971 correlation_q_equal_aa=0.940574 top_reset_overlap=0.625000 sampling_entropy=6.177613 max_probability_over_uniform=2.591744 mean_eligible_client_sample_count=476.334259 min_eligible_client_sample_count=30.000000 max_eligible_client_sample_count=1447.000000 mean_total_eligible_sample_weight=30496.556641
ROUND_ACCURACY method=FedPhoenixRG-AA round=340 accuracy=74.349998
********************************************************************************
Round 340
ROUND_ACCURACY method=FedPhoenixRG-AA round=341 accuracy=70.349998
********************************************************************************
Round 341
ROUND_ACCURACY method=FedPhoenixRG-AA round=342 accuracy=75.570000
********************************************************************************
Round 342
ROUND_ACCURACY method=FedPhoenixRG-AA round=343 accuracy=66.029999
********************************************************************************
Round 343
ROUND_ACCURACY method=FedPhoenixRG-AA round=344 accuracy=74.070000
********************************************************************************
Round 344
ROUND_ACCURACY method=FedPhoenixRG-AA round=345 accuracy=76.660004
********************************************************************************
Round 345
ROUND_ACCURACY method=FedPhoenixRG-AA round=346 accuracy=80.389999
********************************************************************************
Round 346
ROUND_ACCURACY method=FedPhoenixRG-AA round=347 accuracy=71.459999
********************************************************************************
Round 347
ROUND_ACCURACY method=FedPhoenixRG-AA round=348 accuracy=65.360001
********************************************************************************
Round 348
ROUND_ACCURACY method=FedPhoenixRG-AA round=349 accuracy=78.589996
********************************************************************************
Round 349
ROUND_ACCURACY method=FedPhoenixRG-AA round=350 accuracy=78.629997
********************************************************************************
Round 350
ROUND_ACCURACY method=FedPhoenixRG-AA round=351 accuracy=72.330002
********************************************************************************
Round 351
ROUND_ACCURACY method=FedPhoenixRG-AA round=352 accuracy=78.330002
********************************************************************************
Round 352
ROUND_ACCURACY method=FedPhoenixRG-AA round=353 accuracy=73.029999
********************************************************************************
Round 353
ROUND_ACCURACY method=FedPhoenixRG-AA round=354 accuracy=66.160004
********************************************************************************
Round 354
ROUND_ACCURACY method=FedPhoenixRG-AA round=355 accuracy=71.870003
********************************************************************************
Round 355
ROUND_ACCURACY method=FedPhoenixRG-AA round=356 accuracy=34.450001
********************************************************************************
Round 356
ROUND_ACCURACY method=FedPhoenixRG-AA round=357 accuracy=72.900002
********************************************************************************
Round 357
ROUND_ACCURACY method=FedPhoenixRG-AA round=358 accuracy=75.330002
********************************************************************************
Round 358
ROUND_ACCURACY method=FedPhoenixRG-AA round=359 accuracy=70.489998
********************************************************************************
Round 359
RG_SCORE round=360 layer=features.0 mean_q=0.097535 max_q=0.290413 fraction_q_positive=0.843750 sampling_entropy=3.988502 uniform_entropy=4.158883 entropy_gap=0.170381 max_probability_over_uniform=2.483131 min_probability_over_uniform=0.250000
RG_AA_SCORE round=360 layer=features.0 mean_q_equal=0.100453 mean_q_aa=0.097535 mean_abs_q_difference=0.018363 correlation_q_equal_aa=0.951824 top_reset_overlap=none sampling_entropy=3.988502 max_probability_over_uniform=2.483131 mean_eligible_client_sample_count=520.573770 min_eligible_client_sample_count=30.000000 max_eligible_client_sample_count=1447.000000 mean_total_eligible_sample_weight=31755.000000
RG_SCORE round=360 layer=features.3 mean_q=0.100517 max_q=0.176122 fraction_q_positive=1.000000 sampling_entropy=4.130990 uniform_entropy=4.158883 entropy_gap=0.027893 max_probability_over_uniform=1.564122 min_probability_over_uniform=0.499515
RG_AA_SCORE round=360 layer=features.3 mean_q_equal=0.099643 mean_q_aa=0.100517 mean_abs_q_difference=0.005258 correlation_q_equal_aa=0.981081 top_reset_overlap=none sampling_entropy=4.130990 max_probability_over_uniform=1.564122 mean_eligible_client_sample_count=520.573770 min_eligible_client_sample_count=30.000000 max_eligible_client_sample_count=1447.000000 mean_total_eligible_sample_weight=31755.000000
RG_SCORE round=360 layer=features.7 mean_q=0.106680 max_q=0.179772 fraction_q_positive=1.000000 sampling_entropy=4.836209 uniform_entropy=4.852030 entropy_gap=0.015821 max_probability_over_uniform=1.513861 min_probability_over_uniform=0.522713
RG_AA_SCORE round=360 layer=features.7 mean_q_equal=0.108469 mean_q_aa=0.106680 mean_abs_q_difference=0.004511 correlation_q_equal_aa=0.976723 top_reset_overlap=none sampling_entropy=4.836209 max_probability_over_uniform=1.513861 mean_eligible_client_sample_count=520.573770 min_eligible_client_sample_count=30.000000 max_eligible_client_sample_count=1447.000000 mean_total_eligible_sample_weight=31755.000000
RG_SCORE round=360 layer=features.10 mean_q=0.104457 max_q=0.150956 fraction_q_positive=1.000000 sampling_entropy=4.842857 uniform_entropy=4.852030 entropy_gap=0.009174 max_probability_over_uniform=1.333867 min_probability_over_uniform=0.677033
RG_AA_SCORE round=360 layer=features.10 mean_q_equal=0.108079 mean_q_aa=0.104457 mean_abs_q_difference=0.004108 correlation_q_equal_aa=0.980466 top_reset_overlap=none sampling_entropy=4.842857 max_probability_over_uniform=1.333867 mean_eligible_client_sample_count=520.573770 min_eligible_client_sample_count=30.000000 max_eligible_client_sample_count=1447.000000 mean_total_eligible_sample_weight=31755.000000
RG_SCORE round=360 layer=features.14 mean_q=0.109745 max_q=0.198784 fraction_q_positive=1.000000 sampling_entropy=5.532923 uniform_entropy=5.545177 entropy_gap=0.012254 max_probability_over_uniform=1.608490 min_probability_over_uniform=0.473828
RG_AA_SCORE round=360 layer=features.14 mean_q_equal=0.114261 mean_q_aa=0.109745 mean_abs_q_difference=0.005033 correlation_q_equal_aa=0.986858 top_reset_overlap=0.750000 sampling_entropy=5.532923 max_probability_over_uniform=1.608490 mean_eligible_client_sample_count=520.889272 min_eligible_client_sample_count=30.000000 max_eligible_client_sample_count=1447.000000 mean_total_eligible_sample_weight=31312.363281
RG_SCORE round=360 layer=features.17 mean_q=0.103507 max_q=0.157186 fraction_q_positive=1.000000 sampling_entropy=5.536263 uniform_entropy=5.545177 entropy_gap=0.008915 max_probability_over_uniform=1.388958 min_probability_over_uniform=0.534530
RG_AA_SCORE round=360 layer=features.17 mean_q_equal=0.108589 mean_q_aa=0.103507 mean_abs_q_difference=0.005292 correlation_q_equal_aa=0.983084 top_reset_overlap=0.750000 sampling_entropy=5.536263 max_probability_over_uniform=1.388958 mean_eligible_client_sample_count=520.865332 min_eligible_client_sample_count=30.000000 max_eligible_client_sample_count=1447.000000 mean_total_eligible_sample_weight=31304.820312
RG_SCORE round=360 layer=features.20 mean_q=0.106803 max_q=0.168206 fraction_q_positive=1.000000 sampling_entropy=5.538634 uniform_entropy=5.545177 entropy_gap=0.006544 max_probability_over_uniform=1.431189 min_probability_over_uniform=0.625038
RG_AA_SCORE round=360 layer=features.20 mean_q_equal=0.112549 mean_q_aa=0.106803 mean_abs_q_difference=0.006115 correlation_q_equal_aa=0.969651 top_reset_overlap=1.000000 sampling_entropy=5.538634 max_probability_over_uniform=1.431189 mean_eligible_client_sample_count=520.883496 min_eligible_client_sample_count=30.000000 max_eligible_client_sample_count=1447.000000 mean_total_eligible_sample_weight=31314.050781
RG_SCORE round=360 layer=features.24 mean_q=0.126141 max_q=0.203735 fraction_q_positive=1.000000 sampling_entropy=6.228145 uniform_entropy=6.238325 entropy_gap=0.010179 max_probability_over_uniform=1.461357 min_probability_over_uniform=0.519792
RG_AA_SCORE round=360 layer=features.24 mean_q_equal=0.132484 mean_q_aa=0.126141 mean_abs_q_difference=0.006671 correlation_q_equal_aa=0.982846 top_reset_overlap=0.875000 sampling_entropy=6.228145 max_probability_over_uniform=1.461357 mean_eligible_client_sample_count=520.867886 min_eligible_client_sample_count=30.000000 max_eligible_client_sample_count=1447.000000 mean_total_eligible_sample_weight=31317.181641
RG_SCORE round=360 layer=features.27 mean_q=0.131219 max_q=0.210767 fraction_q_positive=1.000000 sampling_entropy=6.225680 uniform_entropy=6.238325 entropy_gap=0.012645 max_probability_over_uniform=1.454665 min_probability_over_uniform=0.368987
RG_AA_SCORE round=360 layer=features.27 mean_q_equal=0.135478 mean_q_aa=0.131219 mean_abs_q_difference=0.005154 correlation_q_equal_aa=0.987658 top_reset_overlap=0.750000 sampling_entropy=6.225680 max_probability_over_uniform=1.454665 mean_eligible_client_sample_count=520.856591 min_eligible_client_sample_count=30.000000 max_eligible_client_sample_count=1447.000000 mean_total_eligible_sample_weight=31311.416016
RG_SCORE round=360 layer=features.30 mean_q=0.119661 max_q=0.180808 fraction_q_positive=1.000000 sampling_entropy=6.230873 uniform_entropy=6.238325 entropy_gap=0.007451 max_probability_over_uniform=1.383249 min_probability_over_uniform=0.601041
RG_AA_SCORE round=360 layer=features.30 mean_q_equal=0.122840 mean_q_aa=0.119661 mean_abs_q_difference=0.004703 correlation_q_equal_aa=0.969529 top_reset_overlap=0.875000 sampling_entropy=6.230873 max_probability_over_uniform=1.383249 mean_eligible_client_sample_count=520.902983 min_eligible_client_sample_count=30.000000 max_eligible_client_sample_count=1447.000000 mean_total_eligible_sample_weight=31313.187500
RG_SCORE round=360 layer=features.34 mean_q=0.282075 max_q=0.431612 fraction_q_positive=1.000000 sampling_entropy=6.221785 uniform_entropy=6.238325 entropy_gap=0.016539 max_probability_over_uniform=1.397599 min_probability_over_uniform=0.318475
RG_AA_SCORE round=360 layer=features.34 mean_q_equal=0.273923 mean_q_aa=0.282075 mean_abs_q_difference=0.010055 correlation_q_equal_aa=0.990633 top_reset_overlap=0.875000 sampling_entropy=6.221785 max_probability_over_uniform=1.397599 mean_eligible_client_sample_count=520.889315 min_eligible_client_sample_count=30.000000 max_eligible_client_sample_count=1447.000000 mean_total_eligible_sample_weight=31315.417969
RG_SCORE round=360 layer=features.37 mean_q=0.323874 max_q=0.495491 fraction_q_positive=1.000000 sampling_entropy=6.226210 uniform_entropy=6.238325 entropy_gap=0.012115 max_probability_over_uniform=1.397417 min_probability_over_uniform=0.319968
RG_AA_SCORE round=360 layer=features.37 mean_q_equal=0.313867 mean_q_aa=0.323874 mean_abs_q_difference=0.011557 correlation_q_equal_aa=0.988677 top_reset_overlap=0.875000 sampling_entropy=6.226210 max_probability_over_uniform=1.397417 mean_eligible_client_sample_count=520.859988 min_eligible_client_sample_count=30.000000 max_eligible_client_sample_count=1447.000000 mean_total_eligible_sample_weight=31315.689453
RG_SCORE round=360 layer=features.40 mean_q=0.245578 max_q=0.541491 fraction_q_positive=0.998047 sampling_entropy=6.196090 uniform_entropy=6.238325 entropy_gap=0.042235 max_probability_over_uniform=1.903724 min_probability_over_uniform=0.250000
RG_AA_SCORE round=360 layer=features.40 mean_q_equal=0.239697 mean_q_aa=0.245578 mean_abs_q_difference=0.011578 correlation_q_equal_aa=0.989296 top_reset_overlap=0.750000 sampling_entropy=6.196090 max_probability_over_uniform=1.903724 mean_eligible_client_sample_count=520.859180 min_eligible_client_sample_count=30.000000 max_eligible_client_sample_count=1447.000000 mean_total_eligible_sample_weight=31316.658203
ROUND_ACCURACY method=FedPhoenixRG-AA round=360 accuracy=73.919998
********************************************************************************
Round 360
ROUND_ACCURACY method=FedPhoenixRG-AA round=361 accuracy=69.459999
********************************************************************************
Round 361
ROUND_ACCURACY method=FedPhoenixRG-AA round=362 accuracy=68.809998
********************************************************************************
Round 362
ROUND_ACCURACY method=FedPhoenixRG-AA round=363 accuracy=65.199997
********************************************************************************
Round 363
ROUND_ACCURACY method=FedPhoenixRG-AA round=364 accuracy=65.919998
********************************************************************************
Round 364
ROUND_ACCURACY method=FedPhoenixRG-AA round=365 accuracy=68.769997
********************************************************************************
Round 365
ROUND_ACCURACY method=FedPhoenixRG-AA round=366 accuracy=75.150002
********************************************************************************
Round 366
ROUND_ACCURACY method=FedPhoenixRG-AA round=367 accuracy=73.269997
********************************************************************************
Round 367
ROUND_ACCURACY method=FedPhoenixRG-AA round=368 accuracy=74.519997
********************************************************************************
Round 368
ROUND_ACCURACY method=FedPhoenixRG-AA round=369 accuracy=74.389999
********************************************************************************
Round 369
ROUND_ACCURACY method=FedPhoenixRG-AA round=370 accuracy=67.930000
********************************************************************************
Round 370
ROUND_ACCURACY method=FedPhoenixRG-AA round=371 accuracy=77.889999
********************************************************************************
Round 371
ROUND_ACCURACY method=FedPhoenixRG-AA round=372 accuracy=67.989998
********************************************************************************
Round 372
ROUND_ACCURACY method=FedPhoenixRG-AA round=373 accuracy=67.580002
********************************************************************************
Round 373
ROUND_ACCURACY method=FedPhoenixRG-AA round=374 accuracy=75.800003
********************************************************************************
Round 374
ROUND_ACCURACY method=FedPhoenixRG-AA round=375 accuracy=75.709999
********************************************************************************
Round 375
ROUND_ACCURACY method=FedPhoenixRG-AA round=376 accuracy=76.320000
********************************************************************************
Round 376
ROUND_ACCURACY method=FedPhoenixRG-AA round=377 accuracy=58.279999
********************************************************************************
Round 377
ROUND_ACCURACY method=FedPhoenixRG-AA round=378 accuracy=72.669998
********************************************************************************
Round 378
ROUND_ACCURACY method=FedPhoenixRG-AA round=379 accuracy=77.000000
********************************************************************************
Round 379
RG_SCORE round=380 layer=features.0 mean_q=0.133770 max_q=0.343988 fraction_q_positive=0.906250 sampling_entropy=4.020485 uniform_entropy=4.158883 entropy_gap=0.138398 max_probability_over_uniform=2.178623 min_probability_over_uniform=0.250000
RG_AA_SCORE round=380 layer=features.0 mean_q_equal=0.134458 mean_q_aa=0.133770 mean_abs_q_difference=0.023801 correlation_q_equal_aa=0.942451 top_reset_overlap=none sampling_entropy=4.020485 max_probability_over_uniform=2.178623 mean_eligible_client_sample_count=503.181818 min_eligible_client_sample_count=30.000000 max_eligible_client_sample_count=1447.000000 mean_total_eligible_sample_weight=33210.000000
RG_SCORE round=380 layer=features.3 mean_q=0.165683 max_q=0.228599 fraction_q_positive=1.000000 sampling_entropy=4.152011 uniform_entropy=4.158883 entropy_gap=0.006872 max_probability_over_uniform=1.284805 min_probability_over_uniform=0.610858
RG_AA_SCORE round=380 layer=features.3 mean_q_equal=0.171332 mean_q_aa=0.165683 mean_abs_q_difference=0.007809 correlation_q_equal_aa=0.945861 top_reset_overlap=none sampling_entropy=4.152011 max_probability_over_uniform=1.284805 mean_eligible_client_sample_count=503.181818 min_eligible_client_sample_count=30.000000 max_eligible_client_sample_count=1447.000000 mean_total_eligible_sample_weight=33210.000000
RG_SCORE round=380 layer=features.7 mean_q=0.169664 max_q=0.216550 fraction_q_positive=1.000000 sampling_entropy=4.847643 uniform_entropy=4.852030 entropy_gap=0.004388 max_probability_over_uniform=1.207257 min_probability_over_uniform=0.813126
RG_AA_SCORE round=380 layer=features.7 mean_q_equal=0.174220 mean_q_aa=0.169664 mean_abs_q_difference=0.006193 correlation_q_equal_aa=0.956330 top_reset_overlap=none sampling_entropy=4.847643 max_probability_over_uniform=1.207257 mean_eligible_client_sample_count=503.181818 min_eligible_client_sample_count=30.000000 max_eligible_client_sample_count=1447.000000 mean_total_eligible_sample_weight=33210.000000
RG_SCORE round=380 layer=features.10 mean_q=0.157616 max_q=0.196068 fraction_q_positive=1.000000 sampling_entropy=4.850036 uniform_entropy=4.852030 entropy_gap=0.001994 max_probability_over_uniform=1.182966 min_probability_over_uniform=0.881479
RG_AA_SCORE round=380 layer=features.10 mean_q_equal=0.164077 mean_q_aa=0.157616 mean_abs_q_difference=0.006885 correlation_q_equal_aa=0.943535 top_reset_overlap=none sampling_entropy=4.850036 max_probability_over_uniform=1.182966 mean_eligible_client_sample_count=503.181818 min_eligible_client_sample_count=30.000000 max_eligible_client_sample_count=1447.000000 mean_total_eligible_sample_weight=33210.000000
RG_SCORE round=380 layer=features.14 mean_q=0.160827 max_q=0.234685 fraction_q_positive=1.000000 sampling_entropy=5.542178 uniform_entropy=5.545177 entropy_gap=0.002999 max_probability_over_uniform=1.344427 min_probability_over_uniform=0.814278
RG_AA_SCORE round=380 layer=features.14 mean_q_equal=0.165880 mean_q_aa=0.160827 mean_abs_q_difference=0.005448 correlation_q_equal_aa=0.969937 top_reset_overlap=0.750000 sampling_entropy=5.542178 max_probability_over_uniform=1.344427 mean_eligible_client_sample_count=503.098494 min_eligible_client_sample_count=30.000000 max_eligible_client_sample_count=1447.000000 mean_total_eligible_sample_weight=32622.792969
RG_SCORE round=380 layer=features.17 mean_q=0.146474 max_q=0.190633 fraction_q_positive=1.000000 sampling_entropy=5.541639 uniform_entropy=5.545177 entropy_gap=0.003538 max_probability_over_uniform=1.226111 min_probability_over_uniform=0.759623
RG_AA_SCORE round=380 layer=features.17 mean_q_equal=0.151142 mean_q_aa=0.146474 mean_abs_q_difference=0.004926 correlation_q_equal_aa=0.976738 top_reset_overlap=0.750000 sampling_entropy=5.541639 max_probability_over_uniform=1.226111 mean_eligible_client_sample_count=503.074587 min_eligible_client_sample_count=30.000000 max_eligible_client_sample_count=1447.000000 mean_total_eligible_sample_weight=32617.312500
RG_SCORE round=380 layer=features.20 mean_q=0.141795 max_q=0.182614 fraction_q_positive=1.000000 sampling_entropy=5.543074 uniform_entropy=5.545177 entropy_gap=0.002103 max_probability_over_uniform=1.215905 min_probability_over_uniform=0.860241
RG_AA_SCORE round=380 layer=features.20 mean_q_equal=0.147149 mean_q_aa=0.141795 mean_abs_q_difference=0.005621 correlation_q_equal_aa=0.951269 top_reset_overlap=1.000000 sampling_entropy=5.543074 max_probability_over_uniform=1.215905 mean_eligible_client_sample_count=503.131679 min_eligible_client_sample_count=30.000000 max_eligible_client_sample_count=1447.000000 mean_total_eligible_sample_weight=32626.910156
RG_SCORE round=380 layer=features.24 mean_q=0.162462 max_q=0.215250 fraction_q_positive=1.000000 sampling_entropy=6.235140 uniform_entropy=6.238325 entropy_gap=0.003185 max_probability_over_uniform=1.243692 min_probability_over_uniform=0.816790
RG_AA_SCORE round=380 layer=features.24 mean_q_equal=0.166520 mean_q_aa=0.162462 mean_abs_q_difference=0.005117 correlation_q_equal_aa=0.961330 top_reset_overlap=0.500000 sampling_entropy=6.235140 max_probability_over_uniform=1.243692 mean_eligible_client_sample_count=503.075514 min_eligible_client_sample_count=30.000000 max_eligible_client_sample_count=1447.000000 mean_total_eligible_sample_weight=32620.320312
RG_SCORE round=380 layer=features.27 mean_q=0.162476 max_q=0.221669 fraction_q_positive=1.000000 sampling_entropy=6.234892 uniform_entropy=6.238325 entropy_gap=0.003433 max_probability_over_uniform=1.273242 min_probability_over_uniform=0.738245
RG_AA_SCORE round=380 layer=features.27 mean_q_equal=0.164951 mean_q_aa=0.162476 mean_abs_q_difference=0.004248 correlation_q_equal_aa=0.964266 top_reset_overlap=0.875000 sampling_entropy=6.234892 max_probability_over_uniform=1.273242 mean_eligible_client_sample_count=503.099102 min_eligible_client_sample_count=30.000000 max_eligible_client_sample_count=1447.000000 mean_total_eligible_sample_weight=32620.867188
RG_SCORE round=380 layer=features.30 mean_q=0.144144 max_q=0.191974 fraction_q_positive=1.000000 sampling_entropy=6.234897 uniform_entropy=6.238325 entropy_gap=0.003427 max_probability_over_uniform=1.248863 min_probability_over_uniform=0.752015
RG_AA_SCORE round=380 layer=features.30 mean_q_equal=0.146905 mean_q_aa=0.144144 mean_abs_q_difference=0.004342 correlation_q_equal_aa=0.955827 top_reset_overlap=0.625000 sampling_entropy=6.234897 max_probability_over_uniform=1.248863 mean_eligible_client_sample_count=503.098979 min_eligible_client_sample_count=30.000000 max_eligible_client_sample_count=1447.000000 mean_total_eligible_sample_weight=32621.841797
RG_SCORE round=380 layer=features.34 mean_q=0.302392 max_q=0.451374 fraction_q_positive=1.000000 sampling_entropy=6.231771 uniform_entropy=6.238325 entropy_gap=0.006554 max_probability_over_uniform=1.369509 min_probability_over_uniform=0.630816
RG_AA_SCORE round=380 layer=features.34 mean_q_equal=0.298122 mean_q_aa=0.302392 mean_abs_q_difference=0.007578 correlation_q_equal_aa=0.979938 top_reset_overlap=0.875000 sampling_entropy=6.231771 max_probability_over_uniform=1.369509 mean_eligible_client_sample_count=503.068442 min_eligible_client_sample_count=30.000000 max_eligible_client_sample_count=1447.000000 mean_total_eligible_sample_weight=32616.914062
RG_SCORE round=380 layer=features.37 mean_q=0.317639 max_q=0.492245 fraction_q_positive=1.000000 sampling_entropy=6.231066 uniform_entropy=6.238325 entropy_gap=0.007259 max_probability_over_uniform=1.412276 min_probability_over_uniform=0.529441
RG_AA_SCORE round=380 layer=features.37 mean_q_equal=0.312324 mean_q_aa=0.317639 mean_abs_q_difference=0.008490 correlation_q_equal_aa=0.982903 top_reset_overlap=0.875000 sampling_entropy=6.231066 max_probability_over_uniform=1.412276 mean_eligible_client_sample_count=503.109655 min_eligible_client_sample_count=30.000000 max_eligible_client_sample_count=1447.000000 mean_total_eligible_sample_weight=32618.603516
RG_SCORE round=380 layer=features.40 mean_q=0.246370 max_q=0.490520 fraction_q_positive=0.996094 sampling_entropy=6.196792 uniform_entropy=6.238325 entropy_gap=0.041533 max_probability_over_uniform=1.743242 min_probability_over_uniform=0.250000
RG_AA_SCORE round=380 layer=features.40 mean_q_equal=0.241393 mean_q_aa=0.246370 mean_abs_q_difference=0.010826 correlation_q_equal_aa=0.990107 top_reset_overlap=0.750000 sampling_entropy=6.196792 max_probability_over_uniform=1.743242 mean_eligible_client_sample_count=503.095102 min_eligible_client_sample_count=30.000000 max_eligible_client_sample_count=1447.000000 mean_total_eligible_sample_weight=32618.642578
ROUND_ACCURACY method=FedPhoenixRG-AA round=380 accuracy=79.779999
********************************************************************************
Round 380
ROUND_ACCURACY method=FedPhoenixRG-AA round=381 accuracy=72.059998
********************************************************************************
Round 381
ROUND_ACCURACY method=FedPhoenixRG-AA round=382 accuracy=77.129997
********************************************************************************
Round 382
ROUND_ACCURACY method=FedPhoenixRG-AA round=383 accuracy=67.750000
********************************************************************************
Round 383
ROUND_ACCURACY method=FedPhoenixRG-AA round=384 accuracy=66.330002
********************************************************************************
Round 384
ROUND_ACCURACY method=FedPhoenixRG-AA round=385 accuracy=72.180000
********************************************************************************
Round 385
ROUND_ACCURACY method=FedPhoenixRG-AA round=386 accuracy=77.489998
********************************************************************************
Round 386
ROUND_ACCURACY method=FedPhoenixRG-AA round=387 accuracy=77.440002
********************************************************************************
Round 387
ROUND_ACCURACY method=FedPhoenixRG-AA round=388 accuracy=75.440002
********************************************************************************
Round 388
ROUND_ACCURACY method=FedPhoenixRG-AA round=389 accuracy=76.230003
********************************************************************************
Round 389
ROUND_ACCURACY method=FedPhoenixRG-AA round=390 accuracy=66.050003
********************************************************************************
Round 390
ROUND_ACCURACY method=FedPhoenixRG-AA round=391 accuracy=71.269997
********************************************************************************
Round 391
ROUND_ACCURACY method=FedPhoenixRG-AA round=392 accuracy=69.239998
********************************************************************************
Round 392
ROUND_ACCURACY method=FedPhoenixRG-AA round=393 accuracy=78.260002
********************************************************************************
Round 393
ROUND_ACCURACY method=FedPhoenixRG-AA round=394 accuracy=71.410004
********************************************************************************
Round 394
ROUND_ACCURACY method=FedPhoenixRG-AA round=395 accuracy=70.900002
********************************************************************************
Round 395
ROUND_ACCURACY method=FedPhoenixRG-AA round=396 accuracy=72.220001
********************************************************************************
Round 396
ROUND_ACCURACY method=FedPhoenixRG-AA round=397 accuracy=78.860001
********************************************************************************
Round 397
ROUND_ACCURACY method=FedPhoenixRG-AA round=398 accuracy=73.830002
********************************************************************************
Round 398
ROUND_ACCURACY method=FedPhoenixRG-AA round=399 accuracy=65.029999
********************************************************************************
Round 399
RG_SCORE round=400 layer=features.0 mean_q=0.080229 max_q=0.226106 fraction_q_positive=0.796875 sampling_entropy=3.938238 uniform_entropy=4.158883 entropy_gap=0.220645 max_probability_over_uniform=2.363703 min_probability_over_uniform=0.250000
RG_AA_SCORE round=400 layer=features.0 mean_q_equal=0.086073 mean_q_aa=0.080229 mean_abs_q_difference=0.016348 correlation_q_equal_aa=0.949864 top_reset_overlap=none sampling_entropy=3.938238 max_probability_over_uniform=2.363703 mean_eligible_client_sample_count=493.689655 min_eligible_client_sample_count=121.000000 max_eligible_client_sample_count=828.000000 mean_total_eligible_sample_weight=28634.000000
RG_SCORE round=400 layer=features.3 mean_q=0.101598 max_q=0.165977 fraction_q_positive=1.000000 sampling_entropy=4.142568 uniform_entropy=4.158883 entropy_gap=0.016315 max_probability_over_uniform=1.475245 min_probability_over_uniform=0.576116
RG_AA_SCORE round=400 layer=features.3 mean_q_equal=0.109278 mean_q_aa=0.101598 mean_abs_q_difference=0.008431 correlation_q_equal_aa=0.972523 top_reset_overlap=none sampling_entropy=4.142568 max_probability_over_uniform=1.475245 mean_eligible_client_sample_count=493.689655 min_eligible_client_sample_count=121.000000 max_eligible_client_sample_count=828.000000 mean_total_eligible_sample_weight=28634.000000
RG_SCORE round=400 layer=features.7 mean_q=0.112846 max_q=0.161418 fraction_q_positive=1.000000 sampling_entropy=4.842933 uniform_entropy=4.852030 entropy_gap=0.009098 max_probability_over_uniform=1.322818 min_probability_over_uniform=0.685378
RG_AA_SCORE round=400 layer=features.7 mean_q_equal=0.120528 mean_q_aa=0.112846 mean_abs_q_difference=0.007973 correlation_q_equal_aa=0.969696 top_reset_overlap=none sampling_entropy=4.842933 max_probability_over_uniform=1.322818 mean_eligible_client_sample_count=493.689655 min_eligible_client_sample_count=121.000000 max_eligible_client_sample_count=828.000000 mean_total_eligible_sample_weight=28634.000000
RG_SCORE round=400 layer=features.10 mean_q=0.111555 max_q=0.145662 fraction_q_positive=1.000000 sampling_entropy=4.848803 uniform_entropy=4.852030 entropy_gap=0.003227 max_probability_over_uniform=1.229305 min_probability_over_uniform=0.818176
RG_AA_SCORE round=400 layer=features.10 mean_q_equal=0.118159 mean_q_aa=0.111555 mean_abs_q_difference=0.006609 correlation_q_equal_aa=0.971341 top_reset_overlap=none sampling_entropy=4.848803 max_probability_over_uniform=1.229305 mean_eligible_client_sample_count=493.689655 min_eligible_client_sample_count=121.000000 max_eligible_client_sample_count=828.000000 mean_total_eligible_sample_weight=28634.000000
RG_SCORE round=400 layer=features.14 mean_q=0.113648 max_q=0.180497 fraction_q_positive=1.000000 sampling_entropy=5.539879 uniform_entropy=5.545177 entropy_gap=0.005299 max_probability_over_uniform=1.441155 min_probability_over_uniform=0.726900
RG_AA_SCORE round=400 layer=features.14 mean_q_equal=0.120687 mean_q_aa=0.113648 mean_abs_q_difference=0.007059 correlation_q_equal_aa=0.981460 top_reset_overlap=none sampling_entropy=5.539879 max_probability_over_uniform=1.441155 mean_eligible_client_sample_count=493.971369 min_eligible_client_sample_count=121.000000 max_eligible_client_sample_count=828.000000 mean_total_eligible_sample_weight=28575.085938
RG_SCORE round=400 layer=features.17 mean_q=0.109440 max_q=0.157225 fraction_q_positive=1.000000 sampling_entropy=5.539337 uniform_entropy=5.545177 entropy_gap=0.005841 max_probability_over_uniform=1.327474 min_probability_over_uniform=0.777477
RG_AA_SCORE round=400 layer=features.17 mean_q_equal=0.115966 mean_q_aa=0.109440 mean_abs_q_difference=0.006541 correlation_q_equal_aa=0.985746 top_reset_overlap=1.000000 sampling_entropy=5.539337 max_probability_over_uniform=1.327474 mean_eligible_client_sample_count=494.143755 min_eligible_client_sample_count=121.000000 max_eligible_client_sample_count=828.000000 mean_total_eligible_sample_weight=28264.636719
RG_SCORE round=400 layer=features.20 mean_q=0.104360 max_q=0.138161 fraction_q_positive=1.000000 sampling_entropy=5.540266 uniform_entropy=5.545177 entropy_gap=0.004912 max_probability_over_uniform=1.242924 min_probability_over_uniform=0.687755
RG_AA_SCORE round=400 layer=features.20 mean_q_equal=0.110904 mean_q_aa=0.104360 mean_abs_q_difference=0.006550 correlation_q_equal_aa=0.980533 top_reset_overlap=0.750000 sampling_entropy=5.540266 max_probability_over_uniform=1.242924 mean_eligible_client_sample_count=494.206979 min_eligible_client_sample_count=121.000000 max_eligible_client_sample_count=828.000000 mean_total_eligible_sample_weight=28270.183594
RG_SCORE round=400 layer=features.24 mean_q=0.123492 max_q=0.185691 fraction_q_positive=1.000000 sampling_entropy=6.231411 uniform_entropy=6.238325 entropy_gap=0.006914 max_probability_over_uniform=1.377753 min_probability_over_uniform=0.627525
RG_AA_SCORE round=400 layer=features.24 mean_q_equal=0.130507 mean_q_aa=0.123492 mean_abs_q_difference=0.007050 correlation_q_equal_aa=0.985661 top_reset_overlap=0.750000 sampling_entropy=6.231411 max_probability_over_uniform=1.377753 mean_eligible_client_sample_count=494.161432 min_eligible_client_sample_count=121.000000 max_eligible_client_sample_count=828.000000 mean_total_eligible_sample_weight=28273.369141
RG_SCORE round=400 layer=features.27 mean_q=0.129450 max_q=0.204665 fraction_q_positive=1.000000 sampling_entropy=6.230749 uniform_entropy=6.238325 entropy_gap=0.007575 max_probability_over_uniform=1.435780 min_probability_over_uniform=0.651469
RG_AA_SCORE round=400 layer=features.27 mean_q_equal=0.135877 mean_q_aa=0.129450 mean_abs_q_difference=0.006452 correlation_q_equal_aa=0.989664 top_reset_overlap=0.875000 sampling_entropy=6.230749 max_probability_over_uniform=1.435780 mean_eligible_client_sample_count=494.166115 min_eligible_client_sample_count=121.000000 max_eligible_client_sample_count=828.000000 mean_total_eligible_sample_weight=28272.671875
RG_SCORE round=400 layer=features.30 mean_q=0.116053 max_q=0.168331 fraction_q_positive=1.000000 sampling_entropy=6.232334 uniform_entropy=6.238325 entropy_gap=0.005991 max_probability_over_uniform=1.337853 min_probability_over_uniform=0.563384
RG_AA_SCORE round=400 layer=features.30 mean_q_equal=0.122508 mean_q_aa=0.116053 mean_abs_q_difference=0.006513 correlation_q_equal_aa=0.980901 top_reset_overlap=0.875000 sampling_entropy=6.232334 max_probability_over_uniform=1.337853 mean_eligible_client_sample_count=494.167293 min_eligible_client_sample_count=121.000000 max_eligible_client_sample_count=828.000000 mean_total_eligible_sample_weight=28269.843750
RG_SCORE round=400 layer=features.34 mean_q=0.261509 max_q=0.380908 fraction_q_positive=1.000000 sampling_entropy=6.223905 uniform_entropy=6.238325 entropy_gap=0.014420 max_probability_over_uniform=1.342431 min_probability_over_uniform=0.389844
RG_AA_SCORE round=400 layer=features.34 mean_q_equal=0.264284 mean_q_aa=0.261509 mean_abs_q_difference=0.006169 correlation_q_equal_aa=0.991589 top_reset_overlap=0.625000 sampling_entropy=6.223905 max_probability_over_uniform=1.342431 mean_eligible_client_sample_count=494.177511 min_eligible_client_sample_count=121.000000 max_eligible_client_sample_count=828.000000 mean_total_eligible_sample_weight=28274.289062
RG_SCORE round=400 layer=features.37 mean_q=0.297558 max_q=0.460803 fraction_q_positive=1.000000 sampling_entropy=6.224064 uniform_entropy=6.238325 entropy_gap=0.014261 max_probability_over_uniform=1.411462 min_probability_over_uniform=0.303975
RG_AA_SCORE round=400 layer=features.37 mean_q_equal=0.299926 mean_q_aa=0.297558 mean_abs_q_difference=0.006124 correlation_q_equal_aa=0.993353 top_reset_overlap=0.750000 sampling_entropy=6.224064 max_probability_over_uniform=1.411462 mean_eligible_client_sample_count=494.151128 min_eligible_client_sample_count=121.000000 max_eligible_client_sample_count=828.000000 mean_total_eligible_sample_weight=28271.814453
RG_SCORE round=400 layer=features.40 mean_q=0.239058 max_q=0.435884 fraction_q_positive=1.000000 sampling_entropy=6.203706 uniform_entropy=6.238325 entropy_gap=0.034619 max_probability_over_uniform=1.617504 min_probability_over_uniform=0.352181
RG_AA_SCORE round=400 layer=features.40 mean_q_equal=0.240936 mean_q_aa=0.239058 mean_abs_q_difference=0.009146 correlation_q_equal_aa=0.989999 top_reset_overlap=0.875000 sampling_entropy=6.203706 max_probability_over_uniform=1.617504 mean_eligible_client_sample_count=494.176135 min_eligible_client_sample_count=121.000000 max_eligible_client_sample_count=828.000000 mean_total_eligible_sample_weight=28270.349609
ROUND_ACCURACY method=FedPhoenixRG-AA round=400 accuracy=74.889999
********************************************************************************
Round 400
ROUND_ACCURACY method=FedPhoenixRG-AA round=401 accuracy=76.669998
********************************************************************************
Round 401
ROUND_ACCURACY method=FedPhoenixRG-AA round=402 accuracy=66.169998
********************************************************************************
Round 402
ROUND_ACCURACY method=FedPhoenixRG-AA round=403 accuracy=71.430000
********************************************************************************
Round 403
ROUND_ACCURACY method=FedPhoenixRG-AA round=404 accuracy=71.570000
********************************************************************************
Round 404
ROUND_ACCURACY method=FedPhoenixRG-AA round=405 accuracy=72.000000
********************************************************************************
Round 405
ROUND_ACCURACY method=FedPhoenixRG-AA round=406 accuracy=74.599998
********************************************************************************
Round 406
ROUND_ACCURACY method=FedPhoenixRG-AA round=407 accuracy=72.660004
********************************************************************************
Round 407
ROUND_ACCURACY method=FedPhoenixRG-AA round=408 accuracy=73.669998
********************************************************************************
Round 408
ROUND_ACCURACY method=FedPhoenixRG-AA round=409 accuracy=78.389999
********************************************************************************
Round 409
ROUND_ACCURACY method=FedPhoenixRG-AA round=410 accuracy=68.650002
********************************************************************************
Round 410
ROUND_ACCURACY method=FedPhoenixRG-AA round=411 accuracy=69.019997
********************************************************************************
Round 411
ROUND_ACCURACY method=FedPhoenixRG-AA round=412 accuracy=62.799999
********************************************************************************
Round 412
ROUND_ACCURACY method=FedPhoenixRG-AA round=413 accuracy=76.050003
********************************************************************************
Round 413
ROUND_ACCURACY method=FedPhoenixRG-AA round=414 accuracy=75.910004
********************************************************************************
Round 414
ROUND_ACCURACY method=FedPhoenixRG-AA round=415 accuracy=77.580002
********************************************************************************
Round 415
ROUND_ACCURACY method=FedPhoenixRG-AA round=416 accuracy=72.239998
********************************************************************************
Round 416
ROUND_ACCURACY method=FedPhoenixRG-AA round=417 accuracy=77.029999
********************************************************************************
Round 417
ROUND_ACCURACY method=FedPhoenixRG-AA round=418 accuracy=70.940002
********************************************************************************
Round 418
ROUND_ACCURACY method=FedPhoenixRG-AA round=419 accuracy=72.699997
********************************************************************************
Round 419
RG_SCORE round=420 layer=features.0 mean_q=0.121020 max_q=0.336795 fraction_q_positive=0.937500 sampling_entropy=4.017390 uniform_entropy=4.158883 entropy_gap=0.141493 max_probability_over_uniform=2.337233 min_probability_over_uniform=0.250000
RG_AA_SCORE round=420 layer=features.0 mean_q_equal=0.120396 mean_q_aa=0.121020 mean_abs_q_difference=0.026383 correlation_q_equal_aa=0.908591 top_reset_overlap=none sampling_entropy=4.017390 max_probability_over_uniform=2.337233 mean_eligible_client_sample_count=494.819672 min_eligible_client_sample_count=121.000000 max_eligible_client_sample_count=1077.000000 mean_total_eligible_sample_weight=30184.000000
RG_SCORE round=420 layer=features.3 mean_q=0.133494 max_q=0.197381 fraction_q_positive=1.000000 sampling_entropy=4.149263 uniform_entropy=4.158883 entropy_gap=0.009620 max_probability_over_uniform=1.358928 min_probability_over_uniform=0.753187
RG_AA_SCORE round=420 layer=features.3 mean_q_equal=0.131173 mean_q_aa=0.133494 mean_abs_q_difference=0.010078 correlation_q_equal_aa=0.870680 top_reset_overlap=none sampling_entropy=4.149263 max_probability_over_uniform=1.358928 mean_eligible_client_sample_count=494.819672 min_eligible_client_sample_count=121.000000 max_eligible_client_sample_count=1077.000000 mean_total_eligible_sample_weight=30184.000000
RG_SCORE round=420 layer=features.7 mean_q=0.141856 max_q=0.195103 fraction_q_positive=1.000000 sampling_entropy=4.846626 uniform_entropy=4.852030 entropy_gap=0.005405 max_probability_over_uniform=1.281516 min_probability_over_uniform=0.770044
RG_AA_SCORE round=420 layer=features.7 mean_q_equal=0.137388 mean_q_aa=0.141856 mean_abs_q_difference=0.007442 correlation_q_equal_aa=0.930453 top_reset_overlap=none sampling_entropy=4.846626 max_probability_over_uniform=1.281516 mean_eligible_client_sample_count=494.819672 min_eligible_client_sample_count=121.000000 max_eligible_client_sample_count=1077.000000 mean_total_eligible_sample_weight=30184.000000
RG_SCORE round=420 layer=features.10 mean_q=0.138447 max_q=0.169700 fraction_q_positive=1.000000 sampling_entropy=4.849935 uniform_entropy=4.852030 entropy_gap=0.002095 max_probability_over_uniform=1.169310 min_probability_over_uniform=0.859111
RG_AA_SCORE round=420 layer=features.10 mean_q_equal=0.135055 mean_q_aa=0.138447 mean_abs_q_difference=0.006646 correlation_q_equal_aa=0.824891 top_reset_overlap=none sampling_entropy=4.849935 max_probability_over_uniform=1.169310 mean_eligible_client_sample_count=494.819672 min_eligible_client_sample_count=121.000000 max_eligible_client_sample_count=1077.000000 mean_total_eligible_sample_weight=30184.000000
RG_SCORE round=420 layer=features.14 mean_q=0.140388 max_q=0.210623 fraction_q_positive=1.000000 sampling_entropy=5.541839 uniform_entropy=5.545177 entropy_gap=0.003338 max_probability_over_uniform=1.375219 min_probability_over_uniform=0.762183
RG_AA_SCORE round=420 layer=features.14 mean_q_equal=0.138002 mean_q_aa=0.140388 mean_abs_q_difference=0.005308 correlation_q_equal_aa=0.928082 top_reset_overlap=none sampling_entropy=5.541839 max_probability_over_uniform=1.375219 mean_eligible_client_sample_count=494.819672 min_eligible_client_sample_count=121.000000 max_eligible_client_sample_count=1077.000000 mean_total_eligible_sample_weight=30184.000000
RG_SCORE round=420 layer=features.17 mean_q=0.137607 max_q=0.199172 fraction_q_positive=1.000000 sampling_entropy=5.540509 uniform_entropy=5.545177 entropy_gap=0.004669 max_probability_over_uniform=1.335547 min_probability_over_uniform=0.742158
RG_AA_SCORE round=420 layer=features.17 mean_q_equal=0.135568 mean_q_aa=0.137607 mean_abs_q_difference=0.005127 correlation_q_equal_aa=0.941367 top_reset_overlap=0.750000 sampling_entropy=5.540509 max_probability_over_uniform=1.335547 mean_eligible_client_sample_count=494.779697 min_eligible_client_sample_count=121.000000 max_eligible_client_sample_count=1077.000000 mean_total_eligible_sample_weight=29758.292969
RG_SCORE round=420 layer=features.20 mean_q=0.122224 max_q=0.158714 fraction_q_positive=1.000000 sampling_entropy=5.542060 uniform_entropy=5.545177 entropy_gap=0.003117 max_probability_over_uniform=1.223913 min_probability_over_uniform=0.807414
RG_AA_SCORE round=420 layer=features.20 mean_q_equal=0.121905 mean_q_aa=0.122224 mean_abs_q_difference=0.004737 correlation_q_equal_aa=0.907934 top_reset_overlap=0.750000 sampling_entropy=5.542060 max_probability_over_uniform=1.223913 mean_eligible_client_sample_count=494.767162 min_eligible_client_sample_count=121.000000 max_eligible_client_sample_count=1077.000000 mean_total_eligible_sample_weight=29757.539062
RG_SCORE round=420 layer=features.24 mean_q=0.142862 max_q=0.210137 fraction_q_positive=1.000000 sampling_entropy=6.233831 uniform_entropy=6.238325 entropy_gap=0.004494 max_probability_over_uniform=1.353184 min_probability_over_uniform=0.674703
RG_AA_SCORE round=420 layer=features.24 mean_q_equal=0.138193 mean_q_aa=0.142862 mean_abs_q_difference=0.008426 correlation_q_equal_aa=0.901720 top_reset_overlap=0.625000 sampling_entropy=6.233831 max_probability_over_uniform=1.353184 mean_eligible_client_sample_count=494.764540 min_eligible_client_sample_count=121.000000 max_eligible_client_sample_count=1077.000000 mean_total_eligible_sample_weight=29758.347656
RG_SCORE round=420 layer=features.27 mean_q=0.146972 max_q=0.208941 fraction_q_positive=1.000000 sampling_entropy=6.233626 uniform_entropy=6.238325 entropy_gap=0.004699 max_probability_over_uniform=1.316228 min_probability_over_uniform=0.725406
RG_AA_SCORE round=420 layer=features.27 mean_q_equal=0.137802 mean_q_aa=0.146972 mean_abs_q_difference=0.010095 correlation_q_equal_aa=0.929005 top_reset_overlap=0.750000 sampling_entropy=6.233626 max_probability_over_uniform=1.316228 mean_eligible_client_sample_count=494.780343 min_eligible_client_sample_count=121.000000 max_eligible_client_sample_count=1077.000000 mean_total_eligible_sample_weight=29762.197266
RG_SCORE round=420 layer=features.30 mean_q=0.129223 max_q=0.186611 fraction_q_positive=1.000000 sampling_entropy=6.231887 uniform_entropy=6.238325 entropy_gap=0.006438 max_probability_over_uniform=1.333076 min_probability_over_uniform=0.678402
RG_AA_SCORE round=420 layer=features.30 mean_q_equal=0.116946 mean_q_aa=0.129223 mean_abs_q_difference=0.013695 correlation_q_equal_aa=0.904937 top_reset_overlap=0.500000 sampling_entropy=6.231887 max_probability_over_uniform=1.333076 mean_eligible_client_sample_count=494.800260 min_eligible_client_sample_count=121.000000 max_eligible_client_sample_count=1077.000000 mean_total_eligible_sample_weight=29760.496094
RG_SCORE round=420 layer=features.34 mean_q=0.277000 max_q=0.419781 fraction_q_positive=0.992188 sampling_entropy=6.212308 uniform_entropy=6.238325 entropy_gap=0.026017 max_probability_over_uniform=1.386590 min_probability_over_uniform=0.250000
RG_AA_SCORE round=420 layer=features.34 mean_q_equal=0.227813 mean_q_aa=0.277000 mean_abs_q_difference=0.049955 correlation_q_equal_aa=0.946399 top_reset_overlap=0.375000 sampling_entropy=6.212308 max_probability_over_uniform=1.386590 mean_eligible_client_sample_count=494.752874 min_eligible_client_sample_count=121.000000 max_eligible_client_sample_count=1077.000000 mean_total_eligible_sample_weight=29756.679688
RG_SCORE round=420 layer=features.37 mean_q=0.264713 max_q=0.431639 fraction_q_positive=0.996094 sampling_entropy=6.210117 uniform_entropy=6.238325 entropy_gap=0.028207 max_probability_over_uniform=1.472944 min_probability_over_uniform=0.250000
RG_AA_SCORE round=420 layer=features.37 mean_q_equal=0.207584 mean_q_aa=0.264713 mean_abs_q_difference=0.057376 correlation_q_equal_aa=0.946386 top_reset_overlap=0.750000 sampling_entropy=6.210117 max_probability_over_uniform=1.472944 mean_eligible_client_sample_count=494.736678 min_eligible_client_sample_count=121.000000 max_eligible_client_sample_count=1077.000000 mean_total_eligible_sample_weight=29756.671875
RG_SCORE round=420 layer=features.40 mean_q=0.167324 max_q=0.404718 fraction_q_positive=0.962891 sampling_entropy=6.153000 uniform_entropy=6.238325 entropy_gap=0.085325 max_probability_over_uniform=2.064072 min_probability_over_uniform=0.250000
RG_AA_SCORE round=420 layer=features.40 mean_q_equal=0.125589 mean_q_aa=0.167324 mean_abs_q_difference=0.044892 correlation_q_equal_aa=0.920796 top_reset_overlap=0.500000 sampling_entropy=6.153000 max_probability_over_uniform=2.064072 mean_eligible_client_sample_count=494.775952 min_eligible_client_sample_count=121.000000 max_eligible_client_sample_count=1077.000000 mean_total_eligible_sample_weight=29760.966797
ROUND_ACCURACY method=FedPhoenixRG-AA round=420 accuracy=77.160004
********************************************************************************
Round 420
ROUND_ACCURACY method=FedPhoenixRG-AA round=421 accuracy=76.169998
********************************************************************************
Round 421
ROUND_ACCURACY method=FedPhoenixRG-AA round=422 accuracy=72.080002
********************************************************************************
Round 422
ROUND_ACCURACY method=FedPhoenixRG-AA round=423 accuracy=74.849998
********************************************************************************
Round 423
ROUND_ACCURACY method=FedPhoenixRG-AA round=424 accuracy=74.489998
********************************************************************************
Round 424
ROUND_ACCURACY method=FedPhoenixRG-AA round=425 accuracy=78.080002
********************************************************************************
Round 425
ROUND_ACCURACY method=FedPhoenixRG-AA round=426 accuracy=68.089996
********************************************************************************
Round 426
ROUND_ACCURACY method=FedPhoenixRG-AA round=427 accuracy=72.059998
********************************************************************************
Round 427
ROUND_ACCURACY method=FedPhoenixRG-AA round=428 accuracy=73.489998
********************************************************************************
Round 428
ROUND_ACCURACY method=FedPhoenixRG-AA round=429 accuracy=70.589996
********************************************************************************
Round 429
ROUND_ACCURACY method=FedPhoenixRG-AA round=430 accuracy=73.739998
********************************************************************************
Round 430
ROUND_ACCURACY method=FedPhoenixRG-AA round=431 accuracy=74.860001
********************************************************************************
Round 431
ROUND_ACCURACY method=FedPhoenixRG-AA round=432 accuracy=76.279999
********************************************************************************
Round 432
ROUND_ACCURACY method=FedPhoenixRG-AA round=433 accuracy=76.349998
********************************************************************************
Round 433
ROUND_ACCURACY method=FedPhoenixRG-AA round=434 accuracy=79.690002
********************************************************************************
Round 434
ROUND_ACCURACY method=FedPhoenixRG-AA round=435 accuracy=79.680000
********************************************************************************
Round 435
ROUND_ACCURACY method=FedPhoenixRG-AA round=436 accuracy=72.169998
********************************************************************************
Round 436
ROUND_ACCURACY method=FedPhoenixRG-AA round=437 accuracy=69.709999
********************************************************************************
Round 437
ROUND_ACCURACY method=FedPhoenixRG-AA round=438 accuracy=70.269997
********************************************************************************
Round 438
ROUND_ACCURACY method=FedPhoenixRG-AA round=439 accuracy=75.449997
********************************************************************************
Round 439
RG_SCORE round=440 layer=features.0 mean_q=0.132255 max_q=0.352562 fraction_q_positive=0.984375 sampling_entropy=4.081164 uniform_entropy=4.158883 entropy_gap=0.077719 max_probability_over_uniform=2.249335 min_probability_over_uniform=0.250000
RG_AA_SCORE round=440 layer=features.0 mean_q_equal=0.145719 mean_q_aa=0.132255 mean_abs_q_difference=0.026009 correlation_q_equal_aa=0.910345 top_reset_overlap=none sampling_entropy=4.081164 max_probability_over_uniform=2.249335 mean_eligible_client_sample_count=495.312500 min_eligible_client_sample_count=30.000000 max_eligible_client_sample_count=1447.000000 mean_total_eligible_sample_weight=31700.000000
RG_SCORE round=440 layer=features.3 mean_q=0.146812 max_q=0.196918 fraction_q_positive=1.000000 sampling_entropy=4.153758 uniform_entropy=4.158883 entropy_gap=0.005125 max_probability_over_uniform=1.255971 min_probability_over_uniform=0.693463
RG_AA_SCORE round=440 layer=features.3 mean_q_equal=0.163340 mean_q_aa=0.146812 mean_abs_q_difference=0.016622 correlation_q_equal_aa=0.929795 top_reset_overlap=none sampling_entropy=4.153758 max_probability_over_uniform=1.255971 mean_eligible_client_sample_count=495.312500 min_eligible_client_sample_count=30.000000 max_eligible_client_sample_count=1447.000000 mean_total_eligible_sample_weight=31700.000000
RG_SCORE round=440 layer=features.7 mean_q=0.152411 max_q=0.201765 fraction_q_positive=1.000000 sampling_entropy=4.848006 uniform_entropy=4.852030 entropy_gap=0.004024 max_probability_over_uniform=1.242868 min_probability_over_uniform=0.785714
RG_AA_SCORE round=440 layer=features.7 mean_q_equal=0.168317 mean_q_aa=0.152411 mean_abs_q_difference=0.015906 correlation_q_equal_aa=0.954193 top_reset_overlap=none sampling_entropy=4.848006 max_probability_over_uniform=1.242868 mean_eligible_client_sample_count=495.312500 min_eligible_client_sample_count=30.000000 max_eligible_client_sample_count=1447.000000 mean_total_eligible_sample_weight=31700.000000
RG_SCORE round=440 layer=features.10 mean_q=0.143577 max_q=0.169996 fraction_q_positive=1.000000 sampling_entropy=4.850518 uniform_entropy=4.852030 entropy_gap=0.001512 max_probability_over_uniform=1.138003 min_probability_over_uniform=0.828225
RG_AA_SCORE round=440 layer=features.10 mean_q_equal=0.160120 mean_q_aa=0.143577 mean_abs_q_difference=0.016543 correlation_q_equal_aa=0.940237 top_reset_overlap=none sampling_entropy=4.850518 max_probability_over_uniform=1.138003 mean_eligible_client_sample_count=495.312500 min_eligible_client_sample_count=30.000000 max_eligible_client_sample_count=1447.000000 mean_total_eligible_sample_weight=31700.000000
RG_SCORE round=440 layer=features.14 mean_q=0.148343 max_q=0.225551 fraction_q_positive=1.000000 sampling_entropy=5.542359 uniform_entropy=5.545177 entropy_gap=0.002819 max_probability_over_uniform=1.390355 min_probability_over_uniform=0.780071
RG_AA_SCORE round=440 layer=features.14 mean_q_equal=0.164069 mean_q_aa=0.148343 mean_abs_q_difference=0.015726 correlation_q_equal_aa=0.976244 top_reset_overlap=none sampling_entropy=5.542359 max_probability_over_uniform=1.390355 mean_eligible_client_sample_count=495.312500 min_eligible_client_sample_count=30.000000 max_eligible_client_sample_count=1447.000000 mean_total_eligible_sample_weight=31700.000000
RG_SCORE round=440 layer=features.17 mean_q=0.146209 max_q=0.191522 fraction_q_positive=1.000000 sampling_entropy=5.541313 uniform_entropy=5.545177 entropy_gap=0.003864 max_probability_over_uniform=1.232444 min_probability_over_uniform=0.760846
RG_AA_SCORE round=440 layer=features.17 mean_q_equal=0.161298 mean_q_aa=0.146209 mean_abs_q_difference=0.015089 correlation_q_equal_aa=0.982173 top_reset_overlap=0.750000 sampling_entropy=5.541313 max_probability_over_uniform=1.232444 mean_eligible_client_sample_count=496.410309 min_eligible_client_sample_count=30.000000 max_eligible_client_sample_count=1447.000000 mean_total_eligible_sample_weight=31262.214844
RG_SCORE round=440 layer=features.20 mean_q=0.127582 max_q=0.153527 fraction_q_positive=1.000000 sampling_entropy=5.543116 uniform_entropy=5.545177 entropy_gap=0.002062 max_probability_over_uniform=1.152520 min_probability_over_uniform=0.804148
RG_AA_SCORE round=440 layer=features.20 mean_q_equal=0.141602 mean_q_aa=0.127582 mean_abs_q_difference=0.014020 correlation_q_equal_aa=0.961881 top_reset_overlap=0.750000 sampling_entropy=5.543116 max_probability_over_uniform=1.152520 mean_eligible_client_sample_count=496.468878 min_eligible_client_sample_count=30.000000 max_eligible_client_sample_count=1447.000000 mean_total_eligible_sample_weight=31281.417969
RG_SCORE round=440 layer=features.24 mean_q=0.154218 max_q=0.217720 fraction_q_positive=1.000000 sampling_entropy=6.235353 uniform_entropy=6.238325 entropy_gap=0.002971 max_probability_over_uniform=1.308826 min_probability_over_uniform=0.766190
RG_AA_SCORE round=440 layer=features.24 mean_q_equal=0.168539 mean_q_aa=0.154218 mean_abs_q_difference=0.014321 correlation_q_equal_aa=0.962457 top_reset_overlap=0.750000 sampling_entropy=6.235353 max_probability_over_uniform=1.308826 mean_eligible_client_sample_count=496.452265 min_eligible_client_sample_count=30.000000 max_eligible_client_sample_count=1447.000000 mean_total_eligible_sample_weight=31271.644531
RG_SCORE round=440 layer=features.27 mean_q=0.167291 max_q=0.221993 fraction_q_positive=1.000000 sampling_entropy=6.235413 uniform_entropy=6.238325 entropy_gap=0.002912 max_probability_over_uniform=1.245240 min_probability_over_uniform=0.739547
RG_AA_SCORE round=440 layer=features.27 mean_q_equal=0.179000 mean_q_aa=0.167291 mean_abs_q_difference=0.011826 correlation_q_equal_aa=0.958297 top_reset_overlap=0.500000 sampling_entropy=6.235413 max_probability_over_uniform=1.245240 mean_eligible_client_sample_count=496.462686 min_eligible_client_sample_count=30.000000 max_eligible_client_sample_count=1447.000000 mean_total_eligible_sample_weight=31274.240234
RG_SCORE round=440 layer=features.30 mean_q=0.151510 max_q=0.196491 fraction_q_positive=1.000000 sampling_entropy=6.235455 uniform_entropy=6.238325 entropy_gap=0.002870 max_probability_over_uniform=1.222662 min_probability_over_uniform=0.757899
RG_AA_SCORE round=440 layer=features.30 mean_q_equal=0.161983 mean_q_aa=0.151510 mean_abs_q_difference=0.010526 correlation_q_equal_aa=0.952275 top_reset_overlap=0.625000 sampling_entropy=6.235455 max_probability_over_uniform=1.222662 mean_eligible_client_sample_count=496.495814 min_eligible_client_sample_count=30.000000 max_eligible_client_sample_count=1447.000000 mean_total_eligible_sample_weight=31273.417969
RG_SCORE round=440 layer=features.34 mean_q=0.361738 max_q=0.476954 fraction_q_positive=1.000000 sampling_entropy=6.234903 uniform_entropy=6.238325 entropy_gap=0.003421 max_probability_over_uniform=1.238879 min_probability_over_uniform=0.662118
RG_AA_SCORE round=440 layer=features.34 mean_q_equal=0.364124 mean_q_aa=0.361738 mean_abs_q_difference=0.008734 correlation_q_equal_aa=0.961785 top_reset_overlap=0.625000 sampling_entropy=6.234903 max_probability_over_uniform=1.238879 mean_eligible_client_sample_count=496.496791 min_eligible_client_sample_count=30.000000 max_eligible_client_sample_count=1447.000000 mean_total_eligible_sample_weight=31276.388672
RG_SCORE round=440 layer=features.37 mean_q=0.392902 max_q=0.523051 fraction_q_positive=1.000000 sampling_entropy=6.235203 uniform_entropy=6.238325 entropy_gap=0.003122 max_probability_over_uniform=1.248438 min_probability_over_uniform=0.743025
RG_AA_SCORE round=440 layer=features.37 mean_q_equal=0.388187 mean_q_aa=0.392902 mean_abs_q_difference=0.009755 correlation_q_equal_aa=0.960294 top_reset_overlap=0.875000 sampling_entropy=6.235203 max_probability_over_uniform=1.248438 mean_eligible_client_sample_count=496.449943 min_eligible_client_sample_count=30.000000 max_eligible_client_sample_count=1447.000000 mean_total_eligible_sample_weight=31273.437500
RG_SCORE round=440 layer=features.40 mean_q=0.321999 max_q=0.578174 fraction_q_positive=0.998047 sampling_entropy=6.212195 uniform_entropy=6.238325 entropy_gap=0.026130 max_probability_over_uniform=1.596683 min_probability_over_uniform=0.250000
RG_AA_SCORE round=440 layer=features.40 mean_q_equal=0.321565 mean_q_aa=0.321999 mean_abs_q_difference=0.012361 correlation_q_equal_aa=0.986689 top_reset_overlap=0.875000 sampling_entropy=6.212195 max_probability_over_uniform=1.596683 mean_eligible_client_sample_count=496.458052 min_eligible_client_sample_count=30.000000 max_eligible_client_sample_count=1447.000000 mean_total_eligible_sample_weight=31274.917969
ROUND_ACCURACY method=FedPhoenixRG-AA round=440 accuracy=71.529999
********************************************************************************
Round 440
ROUND_ACCURACY method=FedPhoenixRG-AA round=441 accuracy=79.940002
********************************************************************************
Round 441
ROUND_ACCURACY method=FedPhoenixRG-AA round=442 accuracy=76.830002
********************************************************************************
Round 442
ROUND_ACCURACY method=FedPhoenixRG-AA round=443 accuracy=74.379997
********************************************************************************
Round 443
ROUND_ACCURACY method=FedPhoenixRG-AA round=444 accuracy=70.760002
********************************************************************************
Round 444
ROUND_ACCURACY method=FedPhoenixRG-AA round=445 accuracy=76.320000
********************************************************************************
Round 445
ROUND_ACCURACY method=FedPhoenixRG-AA round=446 accuracy=74.790001
********************************************************************************
Round 446
ROUND_ACCURACY method=FedPhoenixRG-AA round=447 accuracy=75.269997
********************************************************************************
Round 447
ROUND_ACCURACY method=FedPhoenixRG-AA round=448 accuracy=76.870003
********************************************************************************
Round 448
ROUND_ACCURACY method=FedPhoenixRG-AA round=449 accuracy=68.610001
********************************************************************************
Round 449
ROUND_ACCURACY method=FedPhoenixRG-AA round=450 accuracy=75.440002
********************************************************************************
Round 450
ROUND_ACCURACY method=FedPhoenixRG-AA round=451 accuracy=68.309998
********************************************************************************
Round 451
ROUND_ACCURACY method=FedPhoenixRG-AA round=452 accuracy=80.209999
********************************************************************************
Round 452
ROUND_ACCURACY method=FedPhoenixRG-AA round=453 accuracy=77.940002
********************************************************************************
Round 453
ROUND_ACCURACY method=FedPhoenixRG-AA round=454 accuracy=76.599998
********************************************************************************
Round 454
ROUND_ACCURACY method=FedPhoenixRG-AA round=455 accuracy=79.610001
********************************************************************************
Round 455
ROUND_ACCURACY method=FedPhoenixRG-AA round=456 accuracy=74.320000
********************************************************************************
Round 456
ROUND_ACCURACY method=FedPhoenixRG-AA round=457 accuracy=77.639999
********************************************************************************
Round 457
ROUND_ACCURACY method=FedPhoenixRG-AA round=458 accuracy=69.980003
********************************************************************************
Round 458
ROUND_ACCURACY method=FedPhoenixRG-AA round=459 accuracy=77.750000
********************************************************************************
Round 459
RG_SCORE round=460 layer=features.0 mean_q=0.122596 max_q=0.380062 fraction_q_positive=0.921875 sampling_entropy=3.993676 uniform_entropy=4.158883 entropy_gap=0.165207 max_probability_over_uniform=2.575097 min_probability_over_uniform=0.250000
RG_AA_SCORE round=460 layer=features.0 mean_q_equal=0.130215 mean_q_aa=0.122596 mean_abs_q_difference=0.025167 correlation_q_equal_aa=0.950595 top_reset_overlap=none sampling_entropy=3.993676 max_probability_over_uniform=2.575097 mean_eligible_client_sample_count=488.734375 min_eligible_client_sample_count=30.000000 max_eligible_client_sample_count=1017.000000 mean_total_eligible_sample_weight=31279.000000
RG_SCORE round=460 layer=features.3 mean_q=0.128321 max_q=0.185974 fraction_q_positive=1.000000 sampling_entropy=4.148467 uniform_entropy=4.158883 entropy_gap=0.010416 max_probability_over_uniform=1.336965 min_probability_over_uniform=0.634022
RG_AA_SCORE round=460 layer=features.3 mean_q_equal=0.143647 mean_q_aa=0.128321 mean_abs_q_difference=0.015460 correlation_q_equal_aa=0.955423 top_reset_overlap=none sampling_entropy=4.148467 max_probability_over_uniform=1.336965 mean_eligible_client_sample_count=488.734375 min_eligible_client_sample_count=30.000000 max_eligible_client_sample_count=1017.000000 mean_total_eligible_sample_weight=31279.000000
RG_SCORE round=460 layer=features.7 mean_q=0.137549 max_q=0.215209 fraction_q_positive=1.000000 sampling_entropy=4.843838 uniform_entropy=4.852030 entropy_gap=0.008193 max_probability_over_uniform=1.423447 min_probability_over_uniform=0.708592
RG_AA_SCORE round=460 layer=features.7 mean_q_equal=0.151885 mean_q_aa=0.137549 mean_abs_q_difference=0.014708 correlation_q_equal_aa=0.959341 top_reset_overlap=none sampling_entropy=4.843838 max_probability_over_uniform=1.423447 mean_eligible_client_sample_count=488.734375 min_eligible_client_sample_count=30.000000 max_eligible_client_sample_count=1017.000000 mean_total_eligible_sample_weight=31279.000000
RG_SCORE round=460 layer=features.10 mean_q=0.134598 max_q=0.176868 fraction_q_positive=1.000000 sampling_entropy=4.848692 uniform_entropy=4.852030 entropy_gap=0.003338 max_probability_over_uniform=1.235535 min_probability_over_uniform=0.830635
RG_AA_SCORE round=460 layer=features.10 mean_q_equal=0.149204 mean_q_aa=0.134598 mean_abs_q_difference=0.014607 correlation_q_equal_aa=0.960340 top_reset_overlap=none sampling_entropy=4.848692 max_probability_over_uniform=1.235535 mean_eligible_client_sample_count=488.734375 min_eligible_client_sample_count=30.000000 max_eligible_client_sample_count=1017.000000 mean_total_eligible_sample_weight=31279.000000
RG_SCORE round=460 layer=features.14 mean_q=0.134678 max_q=0.207770 fraction_q_positive=1.000000 sampling_entropy=5.540494 uniform_entropy=5.545177 entropy_gap=0.004683 max_probability_over_uniform=1.407036 min_probability_over_uniform=0.706729
RG_AA_SCORE round=460 layer=features.14 mean_q_equal=0.149760 mean_q_aa=0.134678 mean_abs_q_difference=0.015081 correlation_q_equal_aa=0.971885 top_reset_overlap=none sampling_entropy=5.540494 max_probability_over_uniform=1.407036 mean_eligible_client_sample_count=488.734375 min_eligible_client_sample_count=30.000000 max_eligible_client_sample_count=1017.000000 mean_total_eligible_sample_weight=31279.000000
RG_SCORE round=460 layer=features.17 mean_q=0.134956 max_q=0.196176 fraction_q_positive=1.000000 sampling_entropy=5.539504 uniform_entropy=5.545177 entropy_gap=0.005673 max_probability_over_uniform=1.340224 min_probability_over_uniform=0.630940
RG_AA_SCORE round=460 layer=features.17 mean_q_equal=0.149391 mean_q_aa=0.134956 mean_abs_q_difference=0.014436 correlation_q_equal_aa=0.977502 top_reset_overlap=0.750000 sampling_entropy=5.539504 max_probability_over_uniform=1.340224 mean_eligible_client_sample_count=488.789836 min_eligible_client_sample_count=30.000000 max_eligible_client_sample_count=1017.000000 mean_total_eligible_sample_weight=30807.125000
RG_SCORE round=460 layer=features.20 mean_q=0.118476 max_q=0.152643 fraction_q_positive=1.000000 sampling_entropy=5.541516 uniform_entropy=5.545177 entropy_gap=0.003661 max_probability_over_uniform=1.216293 min_probability_over_uniform=0.778885
RG_AA_SCORE round=460 layer=features.20 mean_q_equal=0.132185 mean_q_aa=0.118476 mean_abs_q_difference=0.013709 correlation_q_equal_aa=0.967573 top_reset_overlap=0.500000 sampling_entropy=5.541516 max_probability_over_uniform=1.216293 mean_eligible_client_sample_count=488.819287 min_eligible_client_sample_count=30.000000 max_eligible_client_sample_count=1017.000000 mean_total_eligible_sample_weight=30789.886719
RG_SCORE round=460 layer=features.24 mean_q=0.140778 max_q=0.188254 fraction_q_positive=1.000000 sampling_entropy=6.233647 uniform_entropy=6.238325 entropy_gap=0.004677 max_probability_over_uniform=1.252935 min_probability_over_uniform=0.713450
RG_AA_SCORE round=460 layer=features.24 mean_q_equal=0.155849 mean_q_aa=0.140778 mean_abs_q_difference=0.015083 correlation_q_equal_aa=0.970266 top_reset_overlap=0.875000 sampling_entropy=6.233647 max_probability_over_uniform=1.252935 mean_eligible_client_sample_count=488.812897 min_eligible_client_sample_count=30.000000 max_eligible_client_sample_count=1017.000000 mean_total_eligible_sample_weight=30794.257812
RG_SCORE round=460 layer=features.27 mean_q=0.148718 max_q=0.213755 fraction_q_positive=1.000000 sampling_entropy=6.232416 uniform_entropy=6.238325 entropy_gap=0.005908 max_probability_over_uniform=1.327991 min_probability_over_uniform=0.583918
RG_AA_SCORE round=460 layer=features.27 mean_q_equal=0.162320 mean_q_aa=0.148718 mean_abs_q_difference=0.013615 correlation_q_equal_aa=0.976517 top_reset_overlap=0.875000 sampling_entropy=6.232416 max_probability_over_uniform=1.327991 mean_eligible_client_sample_count=488.784306 min_eligible_client_sample_count=30.000000 max_eligible_client_sample_count=1017.000000 mean_total_eligible_sample_weight=30791.501953
RG_SCORE round=460 layer=features.30 mean_q=0.131688 max_q=0.192560 fraction_q_positive=1.000000 sampling_entropy=6.231890 uniform_entropy=6.238325 entropy_gap=0.006434 max_probability_over_uniform=1.346681 min_probability_over_uniform=0.631569
RG_AA_SCORE round=460 layer=features.30 mean_q_equal=0.145387 mean_q_aa=0.131688 mean_abs_q_difference=0.013700 correlation_q_equal_aa=0.968741 top_reset_overlap=0.625000 sampling_entropy=6.231890 max_probability_over_uniform=1.346681 mean_eligible_client_sample_count=488.771056 min_eligible_client_sample_count=30.000000 max_eligible_client_sample_count=1017.000000 mean_total_eligible_sample_weight=30784.939453
RG_SCORE round=460 layer=features.34 mean_q=0.313662 max_q=0.422405 fraction_q_positive=1.000000 sampling_entropy=6.232466 uniform_entropy=6.238325 entropy_gap=0.005859 max_probability_over_uniform=1.260015 min_probability_over_uniform=0.623897
RG_AA_SCORE round=460 layer=features.34 mean_q_equal=0.320368 mean_q_aa=0.313662 mean_abs_q_difference=0.009909 correlation_q_equal_aa=0.976041 top_reset_overlap=0.750000 sampling_entropy=6.232466 max_probability_over_uniform=1.260015 mean_eligible_client_sample_count=488.779659 min_eligible_client_sample_count=30.000000 max_eligible_client_sample_count=1017.000000 mean_total_eligible_sample_weight=30787.390625
RG_SCORE round=460 layer=features.37 mean_q=0.341309 max_q=0.458328 fraction_q_positive=1.000000 sampling_entropy=6.232365 uniform_entropy=6.238325 entropy_gap=0.005960 max_probability_over_uniform=1.257139 min_probability_over_uniform=0.479821
RG_AA_SCORE round=460 layer=features.37 mean_q_equal=0.344279 mean_q_aa=0.341309 mean_abs_q_difference=0.008396 correlation_q_equal_aa=0.978370 top_reset_overlap=0.875000 sampling_entropy=6.232365 max_probability_over_uniform=1.257139 mean_eligible_client_sample_count=488.776596 min_eligible_client_sample_count=30.000000 max_eligible_client_sample_count=1017.000000 mean_total_eligible_sample_weight=30788.152344
RG_SCORE round=460 layer=features.40 mean_q=0.283188 max_q=0.526014 fraction_q_positive=0.998047 sampling_entropy=6.204857 uniform_entropy=6.238325 entropy_gap=0.033467 max_probability_over_uniform=1.643106 min_probability_over_uniform=0.250000
RG_AA_SCORE round=460 layer=features.40 mean_q_equal=0.285458 mean_q_aa=0.283188 mean_abs_q_difference=0.012542 correlation_q_equal_aa=0.986018 top_reset_overlap=0.875000 sampling_entropy=6.204857 max_probability_over_uniform=1.643106 mean_eligible_client_sample_count=488.775060 min_eligible_client_sample_count=30.000000 max_eligible_client_sample_count=1017.000000 mean_total_eligible_sample_weight=30789.964844
ROUND_ACCURACY method=FedPhoenixRG-AA round=460 accuracy=66.110001
********************************************************************************
Round 460
ROUND_ACCURACY method=FedPhoenixRG-AA round=461 accuracy=79.879997
********************************************************************************
Round 461
ROUND_ACCURACY method=FedPhoenixRG-AA round=462 accuracy=77.589996
********************************************************************************
Round 462
ROUND_ACCURACY method=FedPhoenixRG-AA round=463 accuracy=79.820000
********************************************************************************
Round 463
ROUND_ACCURACY method=FedPhoenixRG-AA round=464 accuracy=71.320000
********************************************************************************
Round 464
ROUND_ACCURACY method=FedPhoenixRG-AA round=465 accuracy=77.019997
********************************************************************************
Round 465
ROUND_ACCURACY method=FedPhoenixRG-AA round=466 accuracy=77.720001
********************************************************************************
Round 466
ROUND_ACCURACY method=FedPhoenixRG-AA round=467 accuracy=69.839996
********************************************************************************
Round 467
ROUND_ACCURACY method=FedPhoenixRG-AA round=468 accuracy=72.980003
********************************************************************************
Round 468
ROUND_ACCURACY method=FedPhoenixRG-AA round=469 accuracy=76.150002
********************************************************************************
Round 469
ROUND_ACCURACY method=FedPhoenixRG-AA round=470 accuracy=75.330002
********************************************************************************
Round 470
ROUND_ACCURACY method=FedPhoenixRG-AA round=471 accuracy=57.060001
********************************************************************************
Round 471
ROUND_ACCURACY method=FedPhoenixRG-AA round=472 accuracy=78.040001
********************************************************************************
Round 472
ROUND_ACCURACY method=FedPhoenixRG-AA round=473 accuracy=72.709999
********************************************************************************
Round 473
ROUND_ACCURACY method=FedPhoenixRG-AA round=474 accuracy=66.900002
********************************************************************************
Round 474
ROUND_ACCURACY method=FedPhoenixRG-AA round=475 accuracy=71.750000
********************************************************************************
Round 475
ROUND_ACCURACY method=FedPhoenixRG-AA round=476 accuracy=75.900002
********************************************************************************
Round 476
ROUND_ACCURACY method=FedPhoenixRG-AA round=477 accuracy=74.019997
********************************************************************************
Round 477
ROUND_ACCURACY method=FedPhoenixRG-AA round=478 accuracy=69.260002
********************************************************************************
Round 478
ROUND_ACCURACY method=FedPhoenixRG-AA round=479 accuracy=78.870003
********************************************************************************
Round 479
RG_SCORE round=480 layer=features.0 mean_q=0.102878 max_q=0.349300 fraction_q_positive=0.796875 sampling_entropy=3.947542 uniform_entropy=4.158883 entropy_gap=0.211341 max_probability_over_uniform=2.796468 min_probability_over_uniform=0.250000
RG_AA_SCORE round=480 layer=features.0 mean_q_equal=0.113624 mean_q_aa=0.102878 mean_abs_q_difference=0.016599 correlation_q_equal_aa=0.974120 top_reset_overlap=none sampling_entropy=3.947542 max_probability_over_uniform=2.796468 mean_eligible_client_sample_count=482.676923 min_eligible_client_sample_count=30.000000 max_eligible_client_sample_count=1077.000000 mean_total_eligible_sample_weight=31374.000000
RG_SCORE round=480 layer=features.3 mean_q=0.098933 max_q=0.148600 fraction_q_positive=1.000000 sampling_entropy=4.140949 uniform_entropy=4.158883 entropy_gap=0.017934 max_probability_over_uniform=1.376517 min_probability_over_uniform=0.540225
RG_AA_SCORE round=480 layer=features.3 mean_q_equal=0.113501 mean_q_aa=0.098933 mean_abs_q_difference=0.014568 correlation_q_equal_aa=0.978997 top_reset_overlap=none sampling_entropy=4.140949 max_probability_over_uniform=1.376517 mean_eligible_client_sample_count=482.676923 min_eligible_client_sample_count=30.000000 max_eligible_client_sample_count=1077.000000 mean_total_eligible_sample_weight=31374.000000
RG_SCORE round=480 layer=features.7 mean_q=0.111267 max_q=0.186981 fraction_q_positive=1.000000 sampling_entropy=4.836131 uniform_entropy=4.852030 entropy_gap=0.015899 max_probability_over_uniform=1.510353 min_probability_over_uniform=0.553215
RG_AA_SCORE round=480 layer=features.7 mean_q_equal=0.123237 mean_q_aa=0.111267 mean_abs_q_difference=0.011974 correlation_q_equal_aa=0.979623 top_reset_overlap=none sampling_entropy=4.836131 max_probability_over_uniform=1.510353 mean_eligible_client_sample_count=482.676923 min_eligible_client_sample_count=30.000000 max_eligible_client_sample_count=1077.000000 mean_total_eligible_sample_weight=31374.000000
RG_SCORE round=480 layer=features.10 mean_q=0.106995 max_q=0.152576 fraction_q_positive=1.000000 sampling_entropy=4.843639 uniform_entropy=4.852030 entropy_gap=0.008391 max_probability_over_uniform=1.319508 min_probability_over_uniform=0.639369
RG_AA_SCORE round=480 layer=features.10 mean_q_equal=0.118688 mean_q_aa=0.106995 mean_abs_q_difference=0.011694 correlation_q_equal_aa=0.975302 top_reset_overlap=none sampling_entropy=4.843639 max_probability_over_uniform=1.319508 mean_eligible_client_sample_count=482.676923 min_eligible_client_sample_count=30.000000 max_eligible_client_sample_count=1077.000000 mean_total_eligible_sample_weight=31374.000000
RG_SCORE round=480 layer=features.14 mean_q=0.112843 max_q=0.164609 fraction_q_positive=1.000000 sampling_entropy=5.536396 uniform_entropy=5.545177 entropy_gap=0.008781 max_probability_over_uniform=1.344065 min_probability_over_uniform=0.563125
RG_AA_SCORE round=480 layer=features.14 mean_q_equal=0.124111 mean_q_aa=0.112843 mean_abs_q_difference=0.011270 correlation_q_equal_aa=0.979999 top_reset_overlap=none sampling_entropy=5.536396 max_probability_over_uniform=1.344065 mean_eligible_client_sample_count=482.676923 min_eligible_client_sample_count=30.000000 max_eligible_client_sample_count=1077.000000 mean_total_eligible_sample_weight=31374.000000
RG_SCORE round=480 layer=features.17 mean_q=0.111267 max_q=0.188240 fraction_q_positive=1.000000 sampling_entropy=5.537626 uniform_entropy=5.545177 entropy_gap=0.007552 max_probability_over_uniform=1.518841 min_probability_over_uniform=0.638755
RG_AA_SCORE round=480 layer=features.17 mean_q_equal=0.121627 mean_q_aa=0.111267 mean_abs_q_difference=0.010359 correlation_q_equal_aa=0.982767 top_reset_overlap=none sampling_entropy=5.537626 max_probability_over_uniform=1.518841 mean_eligible_client_sample_count=482.671322 min_eligible_client_sample_count=30.000000 max_eligible_client_sample_count=1077.000000 mean_total_eligible_sample_weight=31320.843750
RG_SCORE round=480 layer=features.20 mean_q=0.104172 max_q=0.141690 fraction_q_positive=1.000000 sampling_entropy=5.539938 uniform_entropy=5.545177 entropy_gap=0.005239 max_probability_over_uniform=1.270116 min_probability_over_uniform=0.686150
RG_AA_SCORE round=480 layer=features.20 mean_q_equal=0.113984 mean_q_aa=0.104172 mean_abs_q_difference=0.009812 correlation_q_equal_aa=0.976228 top_reset_overlap=0.250000 sampling_entropy=5.539938 max_probability_over_uniform=1.270116 mean_eligible_client_sample_count=482.923613 min_eligible_client_sample_count=30.000000 max_eligible_client_sample_count=1077.000000 mean_total_eligible_sample_weight=30869.382812
RG_SCORE round=480 layer=features.24 mean_q=0.120695 max_q=0.182807 fraction_q_positive=1.000000 sampling_entropy=6.226382 uniform_entropy=6.238325 entropy_gap=0.011943 max_probability_over_uniform=1.385964 min_probability_over_uniform=0.509890
RG_AA_SCORE round=480 layer=features.24 mean_q_equal=0.129571 mean_q_aa=0.120695 mean_abs_q_difference=0.008954 correlation_q_equal_aa=0.983102 top_reset_overlap=0.750000 sampling_entropy=6.226382 max_probability_over_uniform=1.385964 mean_eligible_client_sample_count=482.950211 min_eligible_client_sample_count=30.000000 max_eligible_client_sample_count=1077.000000 mean_total_eligible_sample_weight=30880.515625
RG_SCORE round=480 layer=features.27 mean_q=0.123641 max_q=0.198807 fraction_q_positive=1.000000 sampling_entropy=6.223467 uniform_entropy=6.238325 entropy_gap=0.014858 max_probability_over_uniform=1.455955 min_probability_over_uniform=0.344234
RG_AA_SCORE round=480 layer=features.27 mean_q_equal=0.130505 mean_q_aa=0.123641 mean_abs_q_difference=0.007208 correlation_q_equal_aa=0.984925 top_reset_overlap=0.750000 sampling_entropy=6.223467 max_probability_over_uniform=1.455955 mean_eligible_client_sample_count=482.919503 min_eligible_client_sample_count=30.000000 max_eligible_client_sample_count=1077.000000 mean_total_eligible_sample_weight=30874.779297
RG_SCORE round=480 layer=features.30 mean_q=0.115115 max_q=0.179160 fraction_q_positive=1.000000 sampling_entropy=6.226712 uniform_entropy=6.238325 entropy_gap=0.011613 max_probability_over_uniform=1.417267 min_probability_over_uniform=0.451000
RG_AA_SCORE round=480 layer=features.30 mean_q_equal=0.121157 mean_q_aa=0.115115 mean_abs_q_difference=0.006261 correlation_q_equal_aa=0.984430 top_reset_overlap=0.625000 sampling_entropy=6.226712 max_probability_over_uniform=1.417267 mean_eligible_client_sample_count=482.927784 min_eligible_client_sample_count=30.000000 max_eligible_client_sample_count=1077.000000 mean_total_eligible_sample_weight=30876.251953
RG_SCORE round=480 layer=features.34 mean_q=0.262738 max_q=0.408868 fraction_q_positive=0.996094 sampling_entropy=6.220294 uniform_entropy=6.238325 entropy_gap=0.018030 max_probability_over_uniform=1.417139 min_probability_over_uniform=0.250000
RG_AA_SCORE round=480 layer=features.34 mean_q_equal=0.261104 mean_q_aa=0.262738 mean_abs_q_difference=0.008669 correlation_q_equal_aa=0.985826 top_reset_overlap=0.750000 sampling_entropy=6.220294 max_probability_over_uniform=1.417139 mean_eligible_client_sample_count=482.920748 min_eligible_client_sample_count=30.000000 max_eligible_client_sample_count=1077.000000 mean_total_eligible_sample_weight=30872.029297
RG_SCORE round=480 layer=features.37 mean_q=0.272521 max_q=0.420806 fraction_q_positive=1.000000 sampling_entropy=6.220082 uniform_entropy=6.238325 entropy_gap=0.018243 max_probability_over_uniform=1.408094 min_probability_over_uniform=0.321381
RG_AA_SCORE round=480 layer=features.37 mean_q_equal=0.271750 mean_q_aa=0.272521 mean_abs_q_difference=0.008065 correlation_q_equal_aa=0.987332 top_reset_overlap=0.875000 sampling_entropy=6.220082 max_probability_over_uniform=1.408094 mean_eligible_client_sample_count=482.925650 min_eligible_client_sample_count=30.000000 max_eligible_client_sample_count=1077.000000 mean_total_eligible_sample_weight=30878.001953
RG_SCORE round=480 layer=features.40 mean_q=0.213148 max_q=0.450420 fraction_q_positive=0.986328 sampling_entropy=6.178887 uniform_entropy=6.238325 entropy_gap=0.059437 max_probability_over_uniform=1.834888 min_probability_over_uniform=0.250000
RG_AA_SCORE round=480 layer=features.40 mean_q_equal=0.213240 mean_q_aa=0.213148 mean_abs_q_difference=0.010221 correlation_q_equal_aa=0.990252 top_reset_overlap=0.750000 sampling_entropy=6.178887 max_probability_over_uniform=1.834888 mean_eligible_client_sample_count=482.972171 min_eligible_client_sample_count=30.000000 max_eligible_client_sample_count=1077.000000 mean_total_eligible_sample_weight=30880.033203
ROUND_ACCURACY method=FedPhoenixRG-AA round=480 accuracy=78.959999
********************************************************************************
Round 480
ROUND_ACCURACY method=FedPhoenixRG-AA round=481 accuracy=77.190002
********************************************************************************
Round 481
ROUND_ACCURACY method=FedPhoenixRG-AA round=482 accuracy=78.209999
********************************************************************************
Round 482
ROUND_ACCURACY method=FedPhoenixRG-AA round=483 accuracy=74.050003
********************************************************************************
Round 483
ROUND_ACCURACY method=FedPhoenixRG-AA round=484 accuracy=73.739998
********************************************************************************
Round 484
ROUND_ACCURACY method=FedPhoenixRG-AA round=485 accuracy=73.300003
********************************************************************************
Round 485
ROUND_ACCURACY method=FedPhoenixRG-AA round=486 accuracy=66.660004
********************************************************************************
Round 486
ROUND_ACCURACY method=FedPhoenixRG-AA round=487 accuracy=76.309998
********************************************************************************
Round 487
ROUND_ACCURACY method=FedPhoenixRG-AA round=488 accuracy=79.529999
********************************************************************************
Round 488
ROUND_ACCURACY method=FedPhoenixRG-AA round=489 accuracy=78.480003
********************************************************************************
Round 489
ROUND_ACCURACY method=FedPhoenixRG-AA round=490 accuracy=77.959999
********************************************************************************
Round 490
ROUND_ACCURACY method=FedPhoenixRG-AA round=491 accuracy=70.519997
********************************************************************************
Round 491
ROUND_ACCURACY method=FedPhoenixRG-AA round=492 accuracy=78.379997
********************************************************************************
Round 492
ROUND_ACCURACY method=FedPhoenixRG-AA round=493 accuracy=77.389999
********************************************************************************
Round 493
ROUND_ACCURACY method=FedPhoenixRG-AA round=494 accuracy=73.870003
********************************************************************************
Round 494
ROUND_ACCURACY method=FedPhoenixRG-AA round=495 accuracy=72.930000
********************************************************************************
Round 495
ROUND_ACCURACY method=FedPhoenixRG-AA round=496 accuracy=69.339996
********************************************************************************
Round 496
ROUND_ACCURACY method=FedPhoenixRG-AA round=497 accuracy=75.550003
********************************************************************************
Round 497
ROUND_ACCURACY method=FedPhoenixRG-AA round=498 accuracy=79.570000
********************************************************************************
Round 498
ROUND_ACCURACY method=FedPhoenixRG-AA round=499 accuracy=46.099998
********************************************************************************
Round 499
RG_SCORE round=500 layer=features.0 mean_q=0.092260 max_q=0.261700 fraction_q_positive=0.781250 sampling_entropy=3.960218 uniform_entropy=4.158883 entropy_gap=0.198665 max_probability_over_uniform=2.377419 min_probability_over_uniform=0.250000
RG_AA_SCORE round=500 layer=features.0 mean_q_equal=0.093109 mean_q_aa=0.092260 mean_abs_q_difference=0.011485 correlation_q_equal_aa=0.976890 top_reset_overlap=none sampling_entropy=3.960218 max_probability_over_uniform=2.377419 mean_eligible_client_sample_count=467.265625 min_eligible_client_sample_count=97.000000 max_eligible_client_sample_count=1077.000000 mean_total_eligible_sample_weight=29905.000000
RG_SCORE round=500 layer=features.3 mean_q=0.058105 max_q=0.143617 fraction_q_positive=0.968750 sampling_entropy=4.087686 uniform_entropy=4.158883 entropy_gap=0.071197 max_probability_over_uniform=2.103771 min_probability_over_uniform=0.250000
RG_AA_SCORE round=500 layer=features.3 mean_q_equal=0.061451 mean_q_aa=0.058105 mean_abs_q_difference=0.004206 correlation_q_equal_aa=0.990110 top_reset_overlap=none sampling_entropy=4.087686 max_probability_over_uniform=2.103771 mean_eligible_client_sample_count=467.265625 min_eligible_client_sample_count=97.000000 max_eligible_client_sample_count=1077.000000 mean_total_eligible_sample_weight=29905.000000
RG_SCORE round=500 layer=features.7 mean_q=0.071057 max_q=0.138081 fraction_q_positive=1.000000 sampling_entropy=4.823480 uniform_entropy=4.852030 entropy_gap=0.028551 max_probability_over_uniform=1.707426 min_probability_over_uniform=0.449440
RG_AA_SCORE round=500 layer=features.7 mean_q_equal=0.074519 mean_q_aa=0.071057 mean_abs_q_difference=0.003770 correlation_q_equal_aa=0.991092 top_reset_overlap=none sampling_entropy=4.823480 max_probability_over_uniform=1.707426 mean_eligible_client_sample_count=467.265625 min_eligible_client_sample_count=97.000000 max_eligible_client_sample_count=1077.000000 mean_total_eligible_sample_weight=29905.000000
RG_SCORE round=500 layer=features.10 mean_q=0.075454 max_q=0.122848 fraction_q_positive=1.000000 sampling_entropy=4.837692 uniform_entropy=4.852030 entropy_gap=0.014338 max_probability_over_uniform=1.471094 min_probability_over_uniform=0.577054
RG_AA_SCORE round=500 layer=features.10 mean_q_equal=0.079641 mean_q_aa=0.075454 mean_abs_q_difference=0.004260 correlation_q_equal_aa=0.989154 top_reset_overlap=none sampling_entropy=4.837692 max_probability_over_uniform=1.471094 mean_eligible_client_sample_count=467.265625 min_eligible_client_sample_count=97.000000 max_eligible_client_sample_count=1077.000000 mean_total_eligible_sample_weight=29905.000000
RG_SCORE round=500 layer=features.14 mean_q=0.077481 max_q=0.148286 fraction_q_positive=1.000000 sampling_entropy=5.521236 uniform_entropy=5.545177 entropy_gap=0.023941 max_probability_over_uniform=1.685378 min_probability_over_uniform=0.344313
RG_AA_SCORE round=500 layer=features.14 mean_q_equal=0.081063 mean_q_aa=0.077481 mean_abs_q_difference=0.003877 correlation_q_equal_aa=0.993834 top_reset_overlap=none sampling_entropy=5.521236 max_probability_over_uniform=1.685378 mean_eligible_client_sample_count=467.265625 min_eligible_client_sample_count=97.000000 max_eligible_client_sample_count=1077.000000 mean_total_eligible_sample_weight=29905.000000
RG_SCORE round=500 layer=features.17 mean_q=0.083339 max_q=0.155379 fraction_q_positive=1.000000 sampling_entropy=5.524742 uniform_entropy=5.545177 entropy_gap=0.020435 max_probability_over_uniform=1.648310 min_probability_over_uniform=0.563403
RG_AA_SCORE round=500 layer=features.17 mean_q_equal=0.086827 mean_q_aa=0.083339 mean_abs_q_difference=0.003560 correlation_q_equal_aa=0.995420 top_reset_overlap=none sampling_entropy=5.524742 max_probability_over_uniform=1.648310 mean_eligible_client_sample_count=467.265625 min_eligible_client_sample_count=97.000000 max_eligible_client_sample_count=1077.000000 mean_total_eligible_sample_weight=29905.000000
RG_SCORE round=500 layer=features.20 mean_q=0.078103 max_q=0.135785 fraction_q_positive=1.000000 sampling_entropy=5.527777 uniform_entropy=5.545177 entropy_gap=0.017401 max_probability_over_uniform=1.553908 min_probability_over_uniform=0.590915
RG_AA_SCORE round=500 layer=features.20 mean_q_equal=0.081920 mean_q_aa=0.078103 mean_abs_q_difference=0.003964 correlation_q_equal_aa=0.992528 top_reset_overlap=1.000000 sampling_entropy=5.527777 max_probability_over_uniform=1.553908 mean_eligible_client_sample_count=467.625427 min_eligible_client_sample_count=97.000000 max_eligible_client_sample_count=1077.000000 mean_total_eligible_sample_weight=29425.695312
RG_SCORE round=500 layer=features.24 mean_q=0.094848 max_q=0.172760 fraction_q_positive=1.000000 sampling_entropy=6.213121 uniform_entropy=6.238325 entropy_gap=0.025203 max_probability_over_uniform=1.616078 min_probability_over_uniform=0.402598
RG_AA_SCORE round=500 layer=features.24 mean_q_equal=0.094745 mean_q_aa=0.094848 mean_abs_q_difference=0.003912 correlation_q_equal_aa=0.982810 top_reset_overlap=0.875000 sampling_entropy=6.213121 max_probability_over_uniform=1.616078 mean_eligible_client_sample_count=467.568347 min_eligible_client_sample_count=97.000000 max_eligible_client_sample_count=1077.000000 mean_total_eligible_sample_weight=29422.103516
RG_SCORE round=500 layer=features.27 mean_q=0.101012 max_q=0.176315 fraction_q_positive=1.000000 sampling_entropy=6.209846 uniform_entropy=6.238325 entropy_gap=0.028479 max_probability_over_uniform=1.559120 min_probability_over_uniform=0.479028
RG_AA_SCORE round=500 layer=features.27 mean_q_equal=0.094967 mean_q_aa=0.101012 mean_abs_q_difference=0.006831 correlation_q_equal_aa=0.974999 top_reset_overlap=0.500000 sampling_entropy=6.209846 max_probability_over_uniform=1.559120 mean_eligible_client_sample_count=467.555921 min_eligible_client_sample_count=97.000000 max_eligible_client_sample_count=1077.000000 mean_total_eligible_sample_weight=29426.800781
RG_SCORE round=500 layer=features.30 mean_q=0.086682 max_q=0.152314 fraction_q_positive=1.000000 sampling_entropy=6.218502 uniform_entropy=6.238325 entropy_gap=0.019822 max_probability_over_uniform=1.567862 min_probability_over_uniform=0.407875
RG_AA_SCORE round=500 layer=features.30 mean_q_equal=0.077550 mean_q_aa=0.086682 mean_abs_q_difference=0.009624 correlation_q_equal_aa=0.946677 top_reset_overlap=0.875000 sampling_entropy=6.218502 max_probability_over_uniform=1.567862 mean_eligible_client_sample_count=467.607859 min_eligible_client_sample_count=97.000000 max_eligible_client_sample_count=1077.000000 mean_total_eligible_sample_weight=29424.589844
RG_SCORE round=500 layer=features.34 mean_q=0.187576 max_q=0.361215 fraction_q_positive=0.992188 sampling_entropy=6.191906 uniform_entropy=6.238325 entropy_gap=0.046418 max_probability_over_uniform=1.694272 min_probability_over_uniform=0.250000
RG_AA_SCORE round=500 layer=features.34 mean_q_equal=0.151908 mean_q_aa=0.187576 mean_abs_q_difference=0.036055 correlation_q_equal_aa=0.953784 top_reset_overlap=0.875000 sampling_entropy=6.191906 max_probability_over_uniform=1.694272 mean_eligible_client_sample_count=467.551977 min_eligible_client_sample_count=97.000000 max_eligible_client_sample_count=1077.000000 mean_total_eligible_sample_weight=29428.378906
RG_SCORE round=500 layer=features.37 mean_q=0.189850 max_q=0.368349 fraction_q_positive=1.000000 sampling_entropy=6.198951 uniform_entropy=6.238325 entropy_gap=0.039374 max_probability_over_uniform=1.705162 min_probability_over_uniform=0.251135
RG_AA_SCORE round=500 layer=features.37 mean_q_equal=0.148320 mean_q_aa=0.189850 mean_abs_q_difference=0.041688 correlation_q_equal_aa=0.960185 top_reset_overlap=0.750000 sampling_entropy=6.198951 max_probability_over_uniform=1.705162 mean_eligible_client_sample_count=467.579733 min_eligible_client_sample_count=97.000000 max_eligible_client_sample_count=1077.000000 mean_total_eligible_sample_weight=29424.646484
RG_SCORE round=500 layer=features.40 mean_q=0.139806 max_q=0.383226 fraction_q_positive=0.980469 sampling_entropy=6.152759 uniform_entropy=6.238325 entropy_gap=0.085566 max_probability_over_uniform=2.305843 min_probability_over_uniform=0.250000
RG_AA_SCORE round=500 layer=features.40 mean_q_equal=0.102710 mean_q_aa=0.139806 mean_abs_q_difference=0.037672 correlation_q_equal_aa=0.961674 top_reset_overlap=0.750000 sampling_entropy=6.152759 max_probability_over_uniform=2.305843 mean_eligible_client_sample_count=467.541849 min_eligible_client_sample_count=97.000000 max_eligible_client_sample_count=1077.000000 mean_total_eligible_sample_weight=29425.001953
ROUND_ACCURACY method=FedPhoenixRG-AA round=500 accuracy=74.750000
********************************************************************************
Round 500
ROUND_ACCURACY method=FedPhoenixRG-AA round=501 accuracy=71.900002
********************************************************************************
Round 501
ROUND_ACCURACY method=FedPhoenixRG-AA round=502 accuracy=74.290001
********************************************************************************
Round 502
ROUND_ACCURACY method=FedPhoenixRG-AA round=503 accuracy=75.379997
********************************************************************************
Round 503
ROUND_ACCURACY method=FedPhoenixRG-AA round=504 accuracy=78.449997
********************************************************************************
Round 504
ROUND_ACCURACY method=FedPhoenixRG-AA round=505 accuracy=77.040001
********************************************************************************
Round 505
ROUND_ACCURACY method=FedPhoenixRG-AA round=506 accuracy=59.610001
********************************************************************************
Round 506
ROUND_ACCURACY method=FedPhoenixRG-AA round=507 accuracy=68.150002
********************************************************************************
Round 507
ROUND_ACCURACY method=FedPhoenixRG-AA round=508 accuracy=74.809998
********************************************************************************
Round 508
ROUND_ACCURACY method=FedPhoenixRG-AA round=509 accuracy=74.510002
********************************************************************************
Round 509
ROUND_ACCURACY method=FedPhoenixRG-AA round=510 accuracy=77.660004
********************************************************************************
Round 510
ROUND_ACCURACY method=FedPhoenixRG-AA round=511 accuracy=73.699997
********************************************************************************
Round 511
ROUND_ACCURACY method=FedPhoenixRG-AA round=512 accuracy=69.730003
********************************************************************************
Round 512
ROUND_ACCURACY method=FedPhoenixRG-AA round=513 accuracy=67.779999
********************************************************************************
Round 513
ROUND_ACCURACY method=FedPhoenixRG-AA round=514 accuracy=71.830002
********************************************************************************
Round 514
ROUND_ACCURACY method=FedPhoenixRG-AA round=515 accuracy=78.760002
********************************************************************************
Round 515
ROUND_ACCURACY method=FedPhoenixRG-AA round=516 accuracy=76.080002
********************************************************************************
Round 516
ROUND_ACCURACY method=FedPhoenixRG-AA round=517 accuracy=77.290001
********************************************************************************
Round 517
ROUND_ACCURACY method=FedPhoenixRG-AA round=518 accuracy=72.540001
********************************************************************************
Round 518
ROUND_ACCURACY method=FedPhoenixRG-AA round=519 accuracy=75.230003
********************************************************************************
Round 519
RG_SCORE round=520 layer=features.0 mean_q=0.095113 max_q=0.310562 fraction_q_positive=0.828125 sampling_entropy=3.951129 uniform_entropy=4.158883 entropy_gap=0.207754 max_probability_over_uniform=2.698883 min_probability_over_uniform=0.250000
RG_AA_SCORE round=520 layer=features.0 mean_q_equal=0.079424 mean_q_aa=0.095113 mean_abs_q_difference=0.035023 correlation_q_equal_aa=0.864571 top_reset_overlap=none sampling_entropy=3.951129 max_probability_over_uniform=2.698883 mean_eligible_client_sample_count=487.426230 min_eligible_client_sample_count=30.000000 max_eligible_client_sample_count=1077.000000 mean_total_eligible_sample_weight=29733.000000
RG_SCORE round=520 layer=features.3 mean_q=0.097725 max_q=0.146550 fraction_q_positive=1.000000 sampling_entropy=4.139463 uniform_entropy=4.158883 entropy_gap=0.019420 max_probability_over_uniform=1.374718 min_probability_over_uniform=0.496020
RG_AA_SCORE round=520 layer=features.3 mean_q_equal=0.097760 mean_q_aa=0.097725 mean_abs_q_difference=0.010523 correlation_q_equal_aa=0.834062 top_reset_overlap=none sampling_entropy=4.139463 max_probability_over_uniform=1.374718 mean_eligible_client_sample_count=487.426230 min_eligible_client_sample_count=30.000000 max_eligible_client_sample_count=1077.000000 mean_total_eligible_sample_weight=29733.000000
RG_SCORE round=520 layer=features.7 mean_q=0.109457 max_q=0.166948 fraction_q_positive=1.000000 sampling_entropy=4.840499 uniform_entropy=4.852030 entropy_gap=0.011532 max_probability_over_uniform=1.393928 min_probability_over_uniform=0.632687
RG_AA_SCORE round=520 layer=features.7 mean_q_equal=0.105539 mean_q_aa=0.109457 mean_abs_q_difference=0.010008 correlation_q_equal_aa=0.869265 top_reset_overlap=none sampling_entropy=4.840499 max_probability_over_uniform=1.393928 mean_eligible_client_sample_count=487.426230 min_eligible_client_sample_count=30.000000 max_eligible_client_sample_count=1077.000000 mean_total_eligible_sample_weight=29733.000000
RG_SCORE round=520 layer=features.10 mean_q=0.106717 max_q=0.148959 fraction_q_positive=1.000000 sampling_entropy=4.845400 uniform_entropy=4.852030 entropy_gap=0.006630 max_probability_over_uniform=1.296874 min_probability_over_uniform=0.731122
RG_AA_SCORE round=520 layer=features.10 mean_q_equal=0.103448 mean_q_aa=0.106717 mean_abs_q_difference=0.007743 correlation_q_equal_aa=0.870368 top_reset_overlap=none sampling_entropy=4.845400 max_probability_over_uniform=1.296874 mean_eligible_client_sample_count=487.426230 min_eligible_client_sample_count=30.000000 max_eligible_client_sample_count=1077.000000 mean_total_eligible_sample_weight=29733.000000
RG_SCORE round=520 layer=features.14 mean_q=0.111732 max_q=0.175724 fraction_q_positive=1.000000 sampling_entropy=5.538855 uniform_entropy=5.545177 entropy_gap=0.006323 max_probability_over_uniform=1.429552 min_probability_over_uniform=0.683779
RG_AA_SCORE round=520 layer=features.14 mean_q_equal=0.107734 mean_q_aa=0.111732 mean_abs_q_difference=0.008125 correlation_q_equal_aa=0.874333 top_reset_overlap=none sampling_entropy=5.538855 max_probability_over_uniform=1.429552 mean_eligible_client_sample_count=487.426230 min_eligible_client_sample_count=30.000000 max_eligible_client_sample_count=1077.000000 mean_total_eligible_sample_weight=29733.000000
RG_SCORE round=520 layer=features.17 mean_q=0.107311 max_q=0.158503 fraction_q_positive=1.000000 sampling_entropy=5.539064 uniform_entropy=5.545177 entropy_gap=0.006113 max_probability_over_uniform=1.357785 min_probability_over_uniform=0.632526
RG_AA_SCORE round=520 layer=features.17 mean_q_equal=0.102874 mean_q_aa=0.107311 mean_abs_q_difference=0.007568 correlation_q_equal_aa=0.886512 top_reset_overlap=none sampling_entropy=5.539064 max_probability_over_uniform=1.357785 mean_eligible_client_sample_count=487.426230 min_eligible_client_sample_count=30.000000 max_eligible_client_sample_count=1077.000000 mean_total_eligible_sample_weight=29733.000000
RG_SCORE round=520 layer=features.20 mean_q=0.095854 max_q=0.136009 fraction_q_positive=1.000000 sampling_entropy=5.538681 uniform_entropy=5.545177 entropy_gap=0.006496 max_probability_over_uniform=1.314187 min_probability_over_uniform=0.687438
RG_AA_SCORE round=520 layer=features.20 mean_q_equal=0.091397 mean_q_aa=0.095854 mean_abs_q_difference=0.007760 correlation_q_equal_aa=0.877773 top_reset_overlap=0.500000 sampling_entropy=5.538681 max_probability_over_uniform=1.314187 mean_eligible_client_sample_count=487.192508 min_eligible_client_sample_count=30.000000 max_eligible_client_sample_count=1077.000000 mean_total_eligible_sample_weight=29262.000000
RG_SCORE round=520 layer=features.24 mean_q=0.115159 max_q=0.173363 fraction_q_positive=1.000000 sampling_entropy=6.226177 uniform_entropy=6.238325 entropy_gap=0.012148 max_probability_over_uniform=1.379065 min_probability_over_uniform=0.499855
RG_AA_SCORE round=520 layer=features.24 mean_q_equal=0.104983 mean_q_aa=0.115159 mean_abs_q_difference=0.012879 correlation_q_equal_aa=0.932729 top_reset_overlap=0.875000 sampling_entropy=6.226177 max_probability_over_uniform=1.379065 mean_eligible_client_sample_count=487.190372 min_eligible_client_sample_count=30.000000 max_eligible_client_sample_count=1077.000000 mean_total_eligible_sample_weight=29255.210938
RG_SCORE round=520 layer=features.27 mean_q=0.126462 max_q=0.218260 fraction_q_positive=1.000000 sampling_entropy=6.225307 uniform_entropy=6.238325 entropy_gap=0.013017 max_probability_over_uniform=1.544420 min_probability_over_uniform=0.503038
RG_AA_SCORE round=520 layer=features.27 mean_q_equal=0.111145 mean_q_aa=0.126462 mean_abs_q_difference=0.016184 correlation_q_equal_aa=0.947199 top_reset_overlap=0.750000 sampling_entropy=6.225307 max_probability_over_uniform=1.544420 mean_eligible_client_sample_count=487.166748 min_eligible_client_sample_count=30.000000 max_eligible_client_sample_count=1077.000000 mean_total_eligible_sample_weight=29261.404297
RG_SCORE round=520 layer=features.30 mean_q=0.108203 max_q=0.189268 fraction_q_positive=1.000000 sampling_entropy=6.221681 uniform_entropy=6.238325 entropy_gap=0.016644 max_probability_over_uniform=1.561888 min_probability_over_uniform=0.507185
RG_AA_SCORE round=520 layer=features.30 mean_q_equal=0.090158 mean_q_aa=0.108203 mean_abs_q_difference=0.018757 correlation_q_equal_aa=0.937088 top_reset_overlap=0.500000 sampling_entropy=6.221681 max_probability_over_uniform=1.561888 mean_eligible_client_sample_count=487.211995 min_eligible_client_sample_count=30.000000 max_eligible_client_sample_count=1077.000000 mean_total_eligible_sample_weight=29257.460938
RG_SCORE round=520 layer=features.34 mean_q=0.264869 max_q=0.404995 fraction_q_positive=0.990234 sampling_entropy=6.212129 uniform_entropy=6.238325 entropy_gap=0.026196 max_probability_over_uniform=1.396777 min_probability_over_uniform=0.250000
RG_AA_SCORE round=520 layer=features.34 mean_q_equal=0.228363 mean_q_aa=0.264869 mean_abs_q_difference=0.038843 correlation_q_equal_aa=0.940823 top_reset_overlap=0.500000 sampling_entropy=6.212129 max_probability_over_uniform=1.396777 mean_eligible_client_sample_count=487.196754 min_eligible_client_sample_count=30.000000 max_eligible_client_sample_count=1077.000000 mean_total_eligible_sample_weight=29259.400391
RG_SCORE round=520 layer=features.37 mean_q=0.253661 max_q=0.402455 fraction_q_positive=0.998047 sampling_entropy=6.220183 uniform_entropy=6.238325 entropy_gap=0.018142 max_probability_over_uniform=1.439941 min_probability_over_uniform=0.250000
RG_AA_SCORE round=520 layer=features.37 mean_q_equal=0.212431 mean_q_aa=0.253661 mean_abs_q_difference=0.042237 correlation_q_equal_aa=0.938019 top_reset_overlap=0.500000 sampling_entropy=6.220183 max_probability_over_uniform=1.439941 mean_eligible_client_sample_count=487.212843 min_eligible_client_sample_count=30.000000 max_eligible_client_sample_count=1077.000000 mean_total_eligible_sample_weight=29252.753906
RG_SCORE round=520 layer=features.40 mean_q=0.169904 max_q=0.416639 fraction_q_positive=0.957031 sampling_entropy=6.144923 uniform_entropy=6.238325 entropy_gap=0.093402 max_probability_over_uniform=2.089149 min_probability_over_uniform=0.250000
RG_AA_SCORE round=520 layer=features.40 mean_q_equal=0.133389 mean_q_aa=0.169904 mean_abs_q_difference=0.040785 correlation_q_equal_aa=0.931551 top_reset_overlap=0.625000 sampling_entropy=6.144923 max_probability_over_uniform=2.089149 mean_eligible_client_sample_count=487.216462 min_eligible_client_sample_count=30.000000 max_eligible_client_sample_count=1077.000000 mean_total_eligible_sample_weight=29260.583984
ROUND_ACCURACY method=FedPhoenixRG-AA round=520 accuracy=76.620003
********************************************************************************
Round 520
ROUND_ACCURACY method=FedPhoenixRG-AA round=521 accuracy=75.589996
********************************************************************************
Round 521
ROUND_ACCURACY method=FedPhoenixRG-AA round=522 accuracy=71.379997
********************************************************************************
Round 522
ROUND_ACCURACY method=FedPhoenixRG-AA round=523 accuracy=23.910000
********************************************************************************
Round 523
ROUND_ACCURACY method=FedPhoenixRG-AA round=524 accuracy=73.940002
********************************************************************************
Round 524
ROUND_ACCURACY method=FedPhoenixRG-AA round=525 accuracy=71.720001
********************************************************************************
Round 525
ROUND_ACCURACY method=FedPhoenixRG-AA round=526 accuracy=72.779999
********************************************************************************
Round 526
ROUND_ACCURACY method=FedPhoenixRG-AA round=527 accuracy=69.790001
********************************************************************************
Round 527
ROUND_ACCURACY method=FedPhoenixRG-AA round=528 accuracy=73.099998
********************************************************************************
Round 528
ROUND_ACCURACY method=FedPhoenixRG-AA round=529 accuracy=78.440002
********************************************************************************
Round 529
ROUND_ACCURACY method=FedPhoenixRG-AA round=530 accuracy=77.480003
********************************************************************************
Round 530
ROUND_ACCURACY method=FedPhoenixRG-AA round=531 accuracy=74.250000
********************************************************************************
Round 531
ROUND_ACCURACY method=FedPhoenixRG-AA round=532 accuracy=71.800003
********************************************************************************
Round 532
ROUND_ACCURACY method=FedPhoenixRG-AA round=533 accuracy=75.139999
********************************************************************************
Round 533
ROUND_ACCURACY method=FedPhoenixRG-AA round=534 accuracy=76.709999
********************************************************************************
Round 534
ROUND_ACCURACY method=FedPhoenixRG-AA round=535 accuracy=76.150002
********************************************************************************
Round 535
ROUND_ACCURACY method=FedPhoenixRG-AA round=536 accuracy=78.199997
********************************************************************************
Round 536
ROUND_ACCURACY method=FedPhoenixRG-AA round=537 accuracy=77.110001
********************************************************************************
Round 537
ROUND_ACCURACY method=FedPhoenixRG-AA round=538 accuracy=79.720001
********************************************************************************
Round 538
ROUND_ACCURACY method=FedPhoenixRG-AA round=539 accuracy=80.110001
********************************************************************************
Round 539
RG_SCORE round=540 layer=features.0 mean_q=0.094421 max_q=0.242654 fraction_q_positive=0.890625 sampling_entropy=4.004874 uniform_entropy=4.158883 entropy_gap=0.154009 max_probability_over_uniform=2.177436 min_probability_over_uniform=0.250000
RG_AA_SCORE round=540 layer=features.0 mean_q_equal=0.101747 mean_q_aa=0.094421 mean_abs_q_difference=0.021043 correlation_q_equal_aa=0.911667 top_reset_overlap=none sampling_entropy=4.004874 max_probability_over_uniform=2.177436 mean_eligible_client_sample_count=514.045455 min_eligible_client_sample_count=97.000000 max_eligible_client_sample_count=1447.000000 mean_total_eligible_sample_weight=33927.000000
RG_SCORE round=540 layer=features.3 mean_q=0.083892 max_q=0.133665 fraction_q_positive=1.000000 sampling_entropy=4.137967 uniform_entropy=4.158883 entropy_gap=0.020916 max_probability_over_uniform=1.444979 min_probability_over_uniform=0.501241
RG_AA_SCORE round=540 layer=features.3 mean_q_equal=0.092246 mean_q_aa=0.083892 mean_abs_q_difference=0.008714 correlation_q_equal_aa=0.966951 top_reset_overlap=none sampling_entropy=4.137967 max_probability_over_uniform=1.444979 mean_eligible_client_sample_count=514.045455 min_eligible_client_sample_count=97.000000 max_eligible_client_sample_count=1447.000000 mean_total_eligible_sample_weight=33927.000000
RG_SCORE round=540 layer=features.7 mean_q=0.089072 max_q=0.148443 fraction_q_positive=1.000000 sampling_entropy=4.837695 uniform_entropy=4.852030 entropy_gap=0.014335 max_probability_over_uniform=1.499911 min_probability_over_uniform=0.579065
RG_AA_SCORE round=540 layer=features.7 mean_q_equal=0.097047 mean_q_aa=0.089072 mean_abs_q_difference=0.008151 correlation_q_equal_aa=0.976203 top_reset_overlap=none sampling_entropy=4.837695 max_probability_over_uniform=1.499911 mean_eligible_client_sample_count=514.045455 min_eligible_client_sample_count=97.000000 max_eligible_client_sample_count=1447.000000 mean_total_eligible_sample_weight=33927.000000
RG_SCORE round=540 layer=features.10 mean_q=0.086432 max_q=0.117096 fraction_q_positive=1.000000 sampling_entropy=4.844544 uniform_entropy=4.852030 entropy_gap=0.007486 max_probability_over_uniform=1.266090 min_probability_over_uniform=0.651707
RG_AA_SCORE round=540 layer=features.10 mean_q_equal=0.095488 mean_q_aa=0.086432 mean_abs_q_difference=0.009056 correlation_q_equal_aa=0.975163 top_reset_overlap=none sampling_entropy=4.844544 max_probability_over_uniform=1.266090 mean_eligible_client_sample_count=514.045455 min_eligible_client_sample_count=97.000000 max_eligible_client_sample_count=1447.000000 mean_total_eligible_sample_weight=33927.000000
RG_SCORE round=540 layer=features.14 mean_q=0.093757 max_q=0.159400 fraction_q_positive=1.000000 sampling_entropy=5.536658 uniform_entropy=5.545177 entropy_gap=0.008519 max_probability_over_uniform=1.525105 min_probability_over_uniform=0.609310
RG_AA_SCORE round=540 layer=features.14 mean_q_equal=0.102494 mean_q_aa=0.093757 mean_abs_q_difference=0.008756 correlation_q_equal_aa=0.982467 top_reset_overlap=none sampling_entropy=5.536658 max_probability_over_uniform=1.525105 mean_eligible_client_sample_count=514.045455 min_eligible_client_sample_count=97.000000 max_eligible_client_sample_count=1447.000000 mean_total_eligible_sample_weight=33927.000000
RG_SCORE round=540 layer=features.17 mean_q=0.092929 max_q=0.143553 fraction_q_positive=1.000000 sampling_entropy=5.536335 uniform_entropy=5.545177 entropy_gap=0.008843 max_probability_over_uniform=1.408571 min_probability_over_uniform=0.646062
RG_AA_SCORE round=540 layer=features.17 mean_q_equal=0.100816 mean_q_aa=0.092929 mean_abs_q_difference=0.007894 correlation_q_equal_aa=0.987943 top_reset_overlap=none sampling_entropy=5.536335 max_probability_over_uniform=1.408571 mean_eligible_client_sample_count=514.045455 min_eligible_client_sample_count=97.000000 max_eligible_client_sample_count=1447.000000 mean_total_eligible_sample_weight=33927.000000
RG_SCORE round=540 layer=features.20 mean_q=0.086890 max_q=0.129606 fraction_q_positive=1.000000 sampling_entropy=5.537889 uniform_entropy=5.545177 entropy_gap=0.007288 max_probability_over_uniform=1.368712 min_probability_over_uniform=0.569034
RG_AA_SCORE round=540 layer=features.20 mean_q_equal=0.094932 mean_q_aa=0.086890 mean_abs_q_difference=0.008067 correlation_q_equal_aa=0.978761 top_reset_overlap=none sampling_entropy=5.537889 max_probability_over_uniform=1.368712 mean_eligible_client_sample_count=514.305452 min_eligible_client_sample_count=97.000000 max_eligible_client_sample_count=1447.000000 mean_total_eligible_sample_weight=33457.980469
RG_SCORE round=540 layer=features.24 mean_q=0.106117 max_q=0.167959 fraction_q_positive=1.000000 sampling_entropy=6.224979 uniform_entropy=6.238325 entropy_gap=0.013346 max_probability_over_uniform=1.437083 min_probability_over_uniform=0.460898
RG_AA_SCORE round=540 layer=features.24 mean_q_equal=0.113338 mean_q_aa=0.106117 mean_abs_q_difference=0.007471 correlation_q_equal_aa=0.983946 top_reset_overlap=0.750000 sampling_entropy=6.224979 max_probability_over_uniform=1.437083 mean_eligible_client_sample_count=514.451728 min_eligible_client_sample_count=97.000000 max_eligible_client_sample_count=1447.000000 mean_total_eligible_sample_weight=33429.314453
RG_SCORE round=540 layer=features.27 mean_q=0.118633 max_q=0.186620 fraction_q_positive=1.000000 sampling_entropy=6.225062 uniform_entropy=6.238325 entropy_gap=0.013263 max_probability_over_uniform=1.429821 min_probability_over_uniform=0.557961
RG_AA_SCORE round=540 layer=features.27 mean_q_equal=0.124957 mean_q_aa=0.118633 mean_abs_q_difference=0.006600 correlation_q_equal_aa=0.986172 top_reset_overlap=0.750000 sampling_entropy=6.225062 max_probability_over_uniform=1.429821 mean_eligible_client_sample_count=514.436848 min_eligible_client_sample_count=97.000000 max_eligible_client_sample_count=1447.000000 mean_total_eligible_sample_weight=33435.380859
RG_SCORE round=540 layer=features.30 mean_q=0.104467 max_q=0.171258 fraction_q_positive=1.000000 sampling_entropy=6.227745 uniform_entropy=6.238325 entropy_gap=0.010580 max_probability_over_uniform=1.479517 min_probability_over_uniform=0.570453
RG_AA_SCORE round=540 layer=features.30 mean_q_equal=0.110400 mean_q_aa=0.104467 mean_abs_q_difference=0.006223 correlation_q_equal_aa=0.980567 top_reset_overlap=1.000000 sampling_entropy=6.227745 max_probability_over_uniform=1.479517 mean_eligible_client_sample_count=514.417105 min_eligible_client_sample_count=97.000000 max_eligible_client_sample_count=1447.000000 mean_total_eligible_sample_weight=33434.097656
RG_SCORE round=540 layer=features.34 mean_q=0.238003 max_q=0.376043 fraction_q_positive=1.000000 sampling_entropy=6.220360 uniform_entropy=6.238325 entropy_gap=0.017964 max_probability_over_uniform=1.434995 min_probability_over_uniform=0.392614
RG_AA_SCORE round=540 layer=features.34 mean_q_equal=0.235058 mean_q_aa=0.238003 mean_abs_q_difference=0.007113 correlation_q_equal_aa=0.988702 top_reset_overlap=0.625000 sampling_entropy=6.220360 max_probability_over_uniform=1.434995 mean_eligible_client_sample_count=514.429773 min_eligible_client_sample_count=97.000000 max_eligible_client_sample_count=1447.000000 mean_total_eligible_sample_weight=33435.925781
RG_SCORE round=540 layer=features.37 mean_q=0.258054 max_q=0.402779 fraction_q_positive=1.000000 sampling_entropy=6.222564 uniform_entropy=6.238325 entropy_gap=0.015760 max_probability_over_uniform=1.420625 min_probability_over_uniform=0.327464
RG_AA_SCORE round=540 layer=features.37 mean_q_equal=0.252942 mean_q_aa=0.258054 mean_abs_q_difference=0.007856 correlation_q_equal_aa=0.989793 top_reset_overlap=0.750000 sampling_entropy=6.222564 max_probability_over_uniform=1.420625 mean_eligible_client_sample_count=514.428224 min_eligible_client_sample_count=97.000000 max_eligible_client_sample_count=1447.000000 mean_total_eligible_sample_weight=33434.820312
RG_SCORE round=540 layer=features.40 mean_q=0.210893 max_q=0.442210 fraction_q_positive=1.000000 sampling_entropy=6.200008 uniform_entropy=6.238325 entropy_gap=0.038317 max_probability_over_uniform=1.822636 min_probability_over_uniform=0.333452
RG_AA_SCORE round=540 layer=features.40 mean_q_equal=0.206341 mean_q_aa=0.210893 mean_abs_q_difference=0.009572 correlation_q_equal_aa=0.989059 top_reset_overlap=0.750000 sampling_entropy=6.200008 max_probability_over_uniform=1.822636 mean_eligible_client_sample_count=514.389235 min_eligible_client_sample_count=97.000000 max_eligible_client_sample_count=1447.000000 mean_total_eligible_sample_weight=33428.267578
ROUND_ACCURACY method=FedPhoenixRG-AA round=540 accuracy=68.500000
********************************************************************************
Round 540
ROUND_ACCURACY method=FedPhoenixRG-AA round=541 accuracy=69.349998
********************************************************************************
Round 541
ROUND_ACCURACY method=FedPhoenixRG-AA round=542 accuracy=68.980003
********************************************************************************
Round 542
ROUND_ACCURACY method=FedPhoenixRG-AA round=543 accuracy=63.360001
********************************************************************************
Round 543
ROUND_ACCURACY method=FedPhoenixRG-AA round=544 accuracy=69.580002
********************************************************************************
Round 544
ROUND_ACCURACY method=FedPhoenixRG-AA round=545 accuracy=76.029999
********************************************************************************
Round 545
ROUND_ACCURACY method=FedPhoenixRG-AA round=546 accuracy=74.160004
********************************************************************************
Round 546
ROUND_ACCURACY method=FedPhoenixRG-AA round=547 accuracy=70.000000
********************************************************************************
Round 547
ROUND_ACCURACY method=FedPhoenixRG-AA round=548 accuracy=68.919998
********************************************************************************
Round 548
ROUND_ACCURACY method=FedPhoenixRG-AA round=549 accuracy=52.180000
********************************************************************************
Round 549
ROUND_ACCURACY method=FedPhoenixRG-AA round=550 accuracy=76.690002
********************************************************************************
Round 550
ROUND_ACCURACY method=FedPhoenixRG-AA round=551 accuracy=76.699997
********************************************************************************
Round 551
ROUND_ACCURACY method=FedPhoenixRG-AA round=552 accuracy=77.599998
********************************************************************************
Round 552
ROUND_ACCURACY method=FedPhoenixRG-AA round=553 accuracy=77.440002
********************************************************************************
Round 553
ROUND_ACCURACY method=FedPhoenixRG-AA round=554 accuracy=74.230003
********************************************************************************
Round 554
ROUND_ACCURACY method=FedPhoenixRG-AA round=555 accuracy=76.919998
********************************************************************************
Round 555
ROUND_ACCURACY method=FedPhoenixRG-AA round=556 accuracy=72.989998
********************************************************************************
Round 556
ROUND_ACCURACY method=FedPhoenixRG-AA round=557 accuracy=74.489998
********************************************************************************
Round 557
ROUND_ACCURACY method=FedPhoenixRG-AA round=558 accuracy=79.019997
********************************************************************************
Round 558
ROUND_ACCURACY method=FedPhoenixRG-AA round=559 accuracy=77.419998
********************************************************************************
Round 559
RG_SCORE round=560 layer=features.0 mean_q=0.091593 max_q=0.428299 fraction_q_positive=0.703125 sampling_entropy=3.830292 uniform_entropy=4.158883 entropy_gap=0.328591 max_probability_over_uniform=3.757080 min_probability_over_uniform=0.250000
RG_AA_SCORE round=560 layer=features.0 mean_q_equal=0.088853 mean_q_aa=0.091593 mean_abs_q_difference=0.013857 correlation_q_equal_aa=0.980944 top_reset_overlap=none sampling_entropy=3.830292 max_probability_over_uniform=3.757080 mean_eligible_client_sample_count=503.725806 min_eligible_client_sample_count=157.000000 max_eligible_client_sample_count=1447.000000 mean_total_eligible_sample_weight=31231.000000
RG_SCORE round=560 layer=features.3 mean_q=0.085871 max_q=0.172405 fraction_q_positive=0.968750 sampling_entropy=4.097049 uniform_entropy=4.158883 entropy_gap=0.061834 max_probability_over_uniform=1.755789 min_probability_over_uniform=0.250000
RG_AA_SCORE round=560 layer=features.3 mean_q_equal=0.090321 mean_q_aa=0.085871 mean_abs_q_difference=0.005978 correlation_q_equal_aa=0.986349 top_reset_overlap=none sampling_entropy=4.097049 max_probability_over_uniform=1.755789 mean_eligible_client_sample_count=503.725806 min_eligible_client_sample_count=157.000000 max_eligible_client_sample_count=1447.000000 mean_total_eligible_sample_weight=31231.000000
RG_SCORE round=560 layer=features.7 mean_q=0.090349 max_q=0.244649 fraction_q_positive=0.992188 sampling_entropy=4.813038 uniform_entropy=4.852030 entropy_gap=0.038992 max_probability_over_uniform=2.280860 min_probability_over_uniform=0.250000
RG_AA_SCORE round=560 layer=features.7 mean_q_equal=0.093392 mean_q_aa=0.090349 mean_abs_q_difference=0.005075 correlation_q_equal_aa=0.985754 top_reset_overlap=none sampling_entropy=4.813038 max_probability_over_uniform=2.280860 mean_eligible_client_sample_count=503.725806 min_eligible_client_sample_count=157.000000 max_eligible_client_sample_count=1447.000000 mean_total_eligible_sample_weight=31231.000000
RG_SCORE round=560 layer=features.10 mean_q=0.079236 max_q=0.122895 fraction_q_positive=1.000000 sampling_entropy=4.835921 uniform_entropy=4.852030 entropy_gap=0.016109 max_probability_over_uniform=1.413244 min_probability_over_uniform=0.593708
RG_AA_SCORE round=560 layer=features.10 mean_q_equal=0.083828 mean_q_aa=0.079236 mean_abs_q_difference=0.005034 correlation_q_equal_aa=0.980095 top_reset_overlap=none sampling_entropy=4.835921 max_probability_over_uniform=1.413244 mean_eligible_client_sample_count=503.725806 min_eligible_client_sample_count=157.000000 max_eligible_client_sample_count=1447.000000 mean_total_eligible_sample_weight=31231.000000
RG_SCORE round=560 layer=features.14 mean_q=0.086847 max_q=0.144478 fraction_q_positive=1.000000 sampling_entropy=5.529493 uniform_entropy=5.545177 entropy_gap=0.015685 max_probability_over_uniform=1.497696 min_probability_over_uniform=0.399303
RG_AA_SCORE round=560 layer=features.14 mean_q_equal=0.091344 mean_q_aa=0.086847 mean_abs_q_difference=0.005219 correlation_q_equal_aa=0.976010 top_reset_overlap=none sampling_entropy=5.529493 max_probability_over_uniform=1.497696 mean_eligible_client_sample_count=503.725806 min_eligible_client_sample_count=157.000000 max_eligible_client_sample_count=1447.000000 mean_total_eligible_sample_weight=31231.000000
RG_SCORE round=560 layer=features.17 mean_q=0.086508 max_q=0.150909 fraction_q_positive=1.000000 sampling_entropy=5.530943 uniform_entropy=5.545177 entropy_gap=0.014234 max_probability_over_uniform=1.558336 min_probability_over_uniform=0.398514
RG_AA_SCORE round=560 layer=features.17 mean_q_equal=0.090628 mean_q_aa=0.086508 mean_abs_q_difference=0.004531 correlation_q_equal_aa=0.984524 top_reset_overlap=none sampling_entropy=5.530943 max_probability_over_uniform=1.558336 mean_eligible_client_sample_count=503.725806 min_eligible_client_sample_count=157.000000 max_eligible_client_sample_count=1447.000000 mean_total_eligible_sample_weight=31231.000000
RG_SCORE round=560 layer=features.20 mean_q=0.073750 max_q=0.114358 fraction_q_positive=1.000000 sampling_entropy=5.531196 uniform_entropy=5.545177 entropy_gap=0.013982 max_probability_over_uniform=1.412959 min_probability_over_uniform=0.479885
RG_AA_SCORE round=560 layer=features.20 mean_q_equal=0.078018 mean_q_aa=0.073750 mean_abs_q_difference=0.004522 correlation_q_equal_aa=0.980364 top_reset_overlap=none sampling_entropy=5.531196 max_probability_over_uniform=1.412959 mean_eligible_client_sample_count=503.725806 min_eligible_client_sample_count=157.000000 max_eligible_client_sample_count=1447.000000 mean_total_eligible_sample_weight=31231.000000
RG_SCORE round=560 layer=features.24 mean_q=0.100988 max_q=0.179992 fraction_q_positive=1.000000 sampling_entropy=6.218284 uniform_entropy=6.238325 entropy_gap=0.020040 max_probability_over_uniform=1.586732 min_probability_over_uniform=0.356487
RG_AA_SCORE round=560 layer=features.24 mean_q_equal=0.101126 mean_q_aa=0.100988 mean_abs_q_difference=0.004662 correlation_q_equal_aa=0.972506 top_reset_overlap=0.875000 sampling_entropy=6.218284 max_probability_over_uniform=1.586732 mean_eligible_client_sample_count=503.712690 min_eligible_client_sample_count=157.000000 max_eligible_client_sample_count=1447.000000 mean_total_eligible_sample_weight=30732.376953
RG_SCORE round=560 layer=features.27 mean_q=0.109999 max_q=0.175002 fraction_q_positive=1.000000 sampling_entropy=6.219312 uniform_entropy=6.238325 entropy_gap=0.019013 max_probability_over_uniform=1.443213 min_probability_over_uniform=0.352767
RG_AA_SCORE round=560 layer=features.27 mean_q_equal=0.104419 mean_q_aa=0.109999 mean_abs_q_difference=0.006787 correlation_q_equal_aa=0.974470 top_reset_overlap=0.875000 sampling_entropy=6.219312 max_probability_over_uniform=1.443213 mean_eligible_client_sample_count=503.723077 min_eligible_client_sample_count=157.000000 max_eligible_client_sample_count=1447.000000 mean_total_eligible_sample_weight=30741.865234
RG_SCORE round=560 layer=features.30 mean_q=0.095212 max_q=0.164723 fraction_q_positive=1.000000 sampling_entropy=6.217693 uniform_entropy=6.238325 entropy_gap=0.020632 max_probability_over_uniform=1.547543 min_probability_over_uniform=0.372216
RG_AA_SCORE round=560 layer=features.30 mean_q_equal=0.088598 mean_q_aa=0.095212 mean_abs_q_difference=0.007437 correlation_q_equal_aa=0.971300 top_reset_overlap=0.625000 sampling_entropy=6.217693 max_probability_over_uniform=1.547543 mean_eligible_client_sample_count=503.710632 min_eligible_client_sample_count=157.000000 max_eligible_client_sample_count=1447.000000 mean_total_eligible_sample_weight=30738.154297
RG_SCORE round=560 layer=features.34 mean_q=0.217917 max_q=0.376637 fraction_q_positive=0.998047 sampling_entropy=6.209268 uniform_entropy=6.238325 entropy_gap=0.029056 max_probability_over_uniform=1.546263 min_probability_over_uniform=0.250000
RG_AA_SCORE round=560 layer=features.34 mean_q_equal=0.183323 mean_q_aa=0.217917 mean_abs_q_difference=0.034925 correlation_q_equal_aa=0.958681 top_reset_overlap=0.625000 sampling_entropy=6.209268 max_probability_over_uniform=1.546263 mean_eligible_client_sample_count=503.732621 min_eligible_client_sample_count=157.000000 max_eligible_client_sample_count=1447.000000 mean_total_eligible_sample_weight=30739.496094
RG_SCORE round=560 layer=features.37 mean_q=0.198385 max_q=0.426306 fraction_q_positive=0.996094 sampling_entropy=6.205168 uniform_entropy=6.238325 entropy_gap=0.033157 max_probability_over_uniform=1.861657 min_probability_over_uniform=0.250000
RG_AA_SCORE round=560 layer=features.37 mean_q_equal=0.154722 mean_q_aa=0.198385 mean_abs_q_difference=0.043677 correlation_q_equal_aa=0.969737 top_reset_overlap=0.750000 sampling_entropy=6.205168 max_probability_over_uniform=1.861657 mean_eligible_client_sample_count=503.697561 min_eligible_client_sample_count=157.000000 max_eligible_client_sample_count=1447.000000 mean_total_eligible_sample_weight=30739.324219
RG_SCORE round=560 layer=features.40 mean_q=0.129521 max_q=0.374327 fraction_q_positive=0.962891 sampling_entropy=6.147486 uniform_entropy=6.238325 entropy_gap=0.090838 max_probability_over_uniform=2.417567 min_probability_over_uniform=0.250000
RG_AA_SCORE round=560 layer=features.40 mean_q_equal=0.091204 mean_q_aa=0.129521 mean_abs_q_difference=0.038548 correlation_q_equal_aa=0.966547 top_reset_overlap=0.750000 sampling_entropy=6.147486 max_probability_over_uniform=2.417567 mean_eligible_client_sample_count=503.701527 min_eligible_client_sample_count=157.000000 max_eligible_client_sample_count=1447.000000 mean_total_eligible_sample_weight=30732.679688
ROUND_ACCURACY method=FedPhoenixRG-AA round=560 accuracy=79.220001
********************************************************************************
Round 560
ROUND_ACCURACY method=FedPhoenixRG-AA round=561 accuracy=80.129997
********************************************************************************
Round 561
ROUND_ACCURACY method=FedPhoenixRG-AA round=562 accuracy=78.290001
********************************************************************************
Round 562
ROUND_ACCURACY method=FedPhoenixRG-AA round=563 accuracy=71.580002
********************************************************************************
Round 563
ROUND_ACCURACY method=FedPhoenixRG-AA round=564 accuracy=76.540001
********************************************************************************
Round 564
ROUND_ACCURACY method=FedPhoenixRG-AA round=565 accuracy=77.510002
********************************************************************************
Round 565
ROUND_ACCURACY method=FedPhoenixRG-AA round=566 accuracy=72.790001
********************************************************************************
Round 566
ROUND_ACCURACY method=FedPhoenixRG-AA round=567 accuracy=75.080002
********************************************************************************
Round 567
ROUND_ACCURACY method=FedPhoenixRG-AA round=568 accuracy=73.660004
********************************************************************************
Round 568
ROUND_ACCURACY method=FedPhoenixRG-AA round=569 accuracy=66.599998
********************************************************************************
Round 569
ROUND_ACCURACY method=FedPhoenixRG-AA round=570 accuracy=81.019997
********************************************************************************
Round 570
ROUND_ACCURACY method=FedPhoenixRG-AA round=571 accuracy=74.629997
********************************************************************************
Round 571
ROUND_ACCURACY method=FedPhoenixRG-AA round=572 accuracy=79.650002
********************************************************************************
Round 572
ROUND_ACCURACY method=FedPhoenixRG-AA round=573 accuracy=78.290001
********************************************************************************
Round 573
ROUND_ACCURACY method=FedPhoenixRG-AA round=574 accuracy=81.339996
********************************************************************************
Round 574
ROUND_ACCURACY method=FedPhoenixRG-AA round=575 accuracy=65.980003
********************************************************************************
Round 575
ROUND_ACCURACY method=FedPhoenixRG-AA round=576 accuracy=71.349998
********************************************************************************
Round 576
ROUND_ACCURACY method=FedPhoenixRG-AA round=577 accuracy=80.610001
********************************************************************************
Round 577
ROUND_ACCURACY method=FedPhoenixRG-AA round=578 accuracy=75.330002
********************************************************************************
Round 578
ROUND_ACCURACY method=FedPhoenixRG-AA round=579 accuracy=66.830002
********************************************************************************
Round 579
RG_SCORE round=580 layer=features.0 mean_q=0.109375 max_q=0.239891 fraction_q_positive=0.906250 sampling_entropy=4.039821 uniform_entropy=4.158883 entropy_gap=0.119062 max_probability_over_uniform=1.894970 min_probability_over_uniform=0.250000
RG_AA_SCORE round=580 layer=features.0 mean_q_equal=0.119145 mean_q_aa=0.109375 mean_abs_q_difference=0.020518 correlation_q_equal_aa=0.934552 top_reset_overlap=none sampling_entropy=4.039821 max_probability_over_uniform=1.894970 mean_eligible_client_sample_count=488.145161 min_eligible_client_sample_count=30.000000 max_eligible_client_sample_count=1447.000000 mean_total_eligible_sample_weight=30265.000000
RG_SCORE round=580 layer=features.3 mean_q=0.094500 max_q=0.146032 fraction_q_positive=1.000000 sampling_entropy=4.141768 uniform_entropy=4.158883 entropy_gap=0.017115 max_probability_over_uniform=1.408981 min_probability_over_uniform=0.400204
RG_AA_SCORE round=580 layer=features.3 mean_q_equal=0.108671 mean_q_aa=0.094500 mean_abs_q_difference=0.014171 correlation_q_equal_aa=0.976164 top_reset_overlap=none sampling_entropy=4.141768 max_probability_over_uniform=1.408981 mean_eligible_client_sample_count=488.145161 min_eligible_client_sample_count=30.000000 max_eligible_client_sample_count=1447.000000 mean_total_eligible_sample_weight=30265.000000
RG_SCORE round=580 layer=features.7 mean_q=0.100210 max_q=0.159063 fraction_q_positive=1.000000 sampling_entropy=4.841385 uniform_entropy=4.852030 entropy_gap=0.010646 max_probability_over_uniform=1.440475 min_probability_over_uniform=0.631215
RG_AA_SCORE round=580 layer=features.7 mean_q_equal=0.114066 mean_q_aa=0.100210 mean_abs_q_difference=0.013857 correlation_q_equal_aa=0.969734 top_reset_overlap=none sampling_entropy=4.841385 max_probability_over_uniform=1.440475 mean_eligible_client_sample_count=488.145161 min_eligible_client_sample_count=30.000000 max_eligible_client_sample_count=1447.000000 mean_total_eligible_sample_weight=30265.000000
RG_SCORE round=580 layer=features.10 mean_q=0.099130 max_q=0.131817 fraction_q_positive=1.000000 sampling_entropy=4.847835 uniform_entropy=4.852030 entropy_gap=0.004195 max_probability_over_uniform=1.247299 min_probability_over_uniform=0.717874
RG_AA_SCORE round=580 layer=features.10 mean_q_equal=0.113958 mean_q_aa=0.099130 mean_abs_q_difference=0.014828 correlation_q_equal_aa=0.962008 top_reset_overlap=none sampling_entropy=4.847835 max_probability_over_uniform=1.247299 mean_eligible_client_sample_count=488.145161 min_eligible_client_sample_count=30.000000 max_eligible_client_sample_count=1447.000000 mean_total_eligible_sample_weight=30265.000000
RG_SCORE round=580 layer=features.14 mean_q=0.108214 max_q=0.182311 fraction_q_positive=1.000000 sampling_entropy=5.540468 uniform_entropy=5.545177 entropy_gap=0.004710 max_probability_over_uniform=1.513541 min_probability_over_uniform=0.790743
RG_AA_SCORE round=580 layer=features.14 mean_q_equal=0.122613 mean_q_aa=0.108214 mean_abs_q_difference=0.014399 correlation_q_equal_aa=0.966070 top_reset_overlap=none sampling_entropy=5.540468 max_probability_over_uniform=1.513541 mean_eligible_client_sample_count=488.145161 min_eligible_client_sample_count=30.000000 max_eligible_client_sample_count=1447.000000 mean_total_eligible_sample_weight=30265.000000
RG_SCORE round=580 layer=features.17 mean_q=0.105740 max_q=0.160289 fraction_q_positive=1.000000 sampling_entropy=5.540416 uniform_entropy=5.545177 entropy_gap=0.004762 max_probability_over_uniform=1.386916 min_probability_over_uniform=0.819861
RG_AA_SCORE round=580 layer=features.17 mean_q_equal=0.119841 mean_q_aa=0.105740 mean_abs_q_difference=0.014101 correlation_q_equal_aa=0.965066 top_reset_overlap=none sampling_entropy=5.540416 max_probability_over_uniform=1.386916 mean_eligible_client_sample_count=488.145161 min_eligible_client_sample_count=30.000000 max_eligible_client_sample_count=1447.000000 mean_total_eligible_sample_weight=30265.000000
RG_SCORE round=580 layer=features.20 mean_q=0.093648 max_q=0.134846 fraction_q_positive=1.000000 sampling_entropy=5.541585 uniform_entropy=5.545177 entropy_gap=0.003592 max_probability_over_uniform=1.329936 min_probability_over_uniform=0.723171
RG_AA_SCORE round=580 layer=features.20 mean_q_equal=0.106539 mean_q_aa=0.093648 mean_abs_q_difference=0.012891 correlation_q_equal_aa=0.955657 top_reset_overlap=none sampling_entropy=5.541585 max_probability_over_uniform=1.329936 mean_eligible_client_sample_count=488.145161 min_eligible_client_sample_count=30.000000 max_eligible_client_sample_count=1447.000000 mean_total_eligible_sample_weight=30265.000000
RG_SCORE round=580 layer=features.24 mean_q=0.124766 max_q=0.195218 fraction_q_positive=1.000000 sampling_entropy=6.233485 uniform_entropy=6.238325 entropy_gap=0.004840 max_probability_over_uniform=1.423505 min_probability_over_uniform=0.673162
RG_AA_SCORE round=580 layer=features.24 mean_q_equal=0.133451 mean_q_aa=0.124766 mean_abs_q_difference=0.009240 correlation_q_equal_aa=0.934102 top_reset_overlap=0.750000 sampling_entropy=6.233485 max_probability_over_uniform=1.423505 mean_eligible_client_sample_count=488.465958 min_eligible_client_sample_count=30.000000 max_eligible_client_sample_count=1447.000000 mean_total_eligible_sample_weight=29874.654297
RG_SCORE round=580 layer=features.27 mean_q=0.137888 max_q=0.189202 fraction_q_positive=1.000000 sampling_entropy=6.232542 uniform_entropy=6.238325 entropy_gap=0.005782 max_probability_over_uniform=1.279108 min_probability_over_uniform=0.664380
RG_AA_SCORE round=580 layer=features.27 mean_q_equal=0.138835 mean_q_aa=0.137888 mean_abs_q_difference=0.005831 correlation_q_equal_aa=0.927903 top_reset_overlap=0.625000 sampling_entropy=6.232542 max_probability_over_uniform=1.279108 mean_eligible_client_sample_count=488.458623 min_eligible_client_sample_count=30.000000 max_eligible_client_sample_count=1447.000000 mean_total_eligible_sample_weight=29881.837891
RG_SCORE round=580 layer=features.30 mean_q=0.119657 max_q=0.171070 fraction_q_positive=1.000000 sampling_entropy=6.231296 uniform_entropy=6.238325 entropy_gap=0.007029 max_probability_over_uniform=1.322256 min_probability_over_uniform=0.666058
RG_AA_SCORE round=580 layer=features.30 mean_q_equal=0.117874 mean_q_aa=0.119657 mean_abs_q_difference=0.007249 correlation_q_equal_aa=0.884069 top_reset_overlap=0.500000 sampling_entropy=6.231296 max_probability_over_uniform=1.322256 mean_eligible_client_sample_count=488.493662 min_eligible_client_sample_count=30.000000 max_eligible_client_sample_count=1447.000000 mean_total_eligible_sample_weight=29879.210938
RG_SCORE round=580 layer=features.34 mean_q=0.279434 max_q=0.415054 fraction_q_positive=1.000000 sampling_entropy=6.223961 uniform_entropy=6.238325 entropy_gap=0.014363 max_probability_over_uniform=1.364005 min_probability_over_uniform=0.345839
RG_AA_SCORE round=580 layer=features.34 mean_q_equal=0.247051 mean_q_aa=0.279434 mean_abs_q_difference=0.032710 correlation_q_equal_aa=0.951788 top_reset_overlap=0.750000 sampling_entropy=6.223961 max_probability_over_uniform=1.364005 mean_eligible_client_sample_count=488.414586 min_eligible_client_sample_count=30.000000 max_eligible_client_sample_count=1447.000000 mean_total_eligible_sample_weight=29875.328125
RG_SCORE round=580 layer=features.37 mean_q=0.234699 max_q=0.428499 fraction_q_positive=0.996094 sampling_entropy=6.204853 uniform_entropy=6.238325 entropy_gap=0.033472 max_probability_over_uniform=1.619305 min_probability_over_uniform=0.250000
RG_AA_SCORE round=580 layer=features.37 mean_q_equal=0.181616 mean_q_aa=0.234699 mean_abs_q_difference=0.053162 correlation_q_equal_aa=0.961646 top_reset_overlap=0.625000 sampling_entropy=6.204853 max_probability_over_uniform=1.619305 mean_eligible_client_sample_count=488.473199 min_eligible_client_sample_count=30.000000 max_eligible_client_sample_count=1447.000000 mean_total_eligible_sample_weight=29883.683594
RG_SCORE round=580 layer=features.40 mean_q=0.168706 max_q=0.440081 fraction_q_positive=0.964844 sampling_entropy=6.150442 uniform_entropy=6.238325 entropy_gap=0.087883 max_probability_over_uniform=2.206432 min_probability_over_uniform=0.250000
RG_AA_SCORE round=580 layer=features.40 mean_q_equal=0.133112 mean_q_aa=0.168706 mean_abs_q_difference=0.037125 correlation_q_equal_aa=0.955817 top_reset_overlap=0.750000 sampling_entropy=6.150442 max_probability_over_uniform=2.206432 mean_eligible_client_sample_count=488.430898 min_eligible_client_sample_count=30.000000 max_eligible_client_sample_count=1447.000000 mean_total_eligible_sample_weight=29874.417969
ROUND_ACCURACY method=FedPhoenixRG-AA round=580 accuracy=80.080002
********************************************************************************
Round 580
ROUND_ACCURACY method=FedPhoenixRG-AA round=581 accuracy=79.930000
********************************************************************************
Round 581
ROUND_ACCURACY method=FedPhoenixRG-AA round=582 accuracy=77.550003
********************************************************************************
Round 582
ROUND_ACCURACY method=FedPhoenixRG-AA round=583 accuracy=74.889999
********************************************************************************
Round 583
ROUND_ACCURACY method=FedPhoenixRG-AA round=584 accuracy=72.809998
********************************************************************************
Round 584
ROUND_ACCURACY method=FedPhoenixRG-AA round=585 accuracy=73.980003
********************************************************************************
Round 585
ROUND_ACCURACY method=FedPhoenixRG-AA round=586 accuracy=78.309998
********************************************************************************
Round 586
ROUND_ACCURACY method=FedPhoenixRG-AA round=587 accuracy=66.959999
********************************************************************************
Round 587
ROUND_ACCURACY method=FedPhoenixRG-AA round=588 accuracy=73.900002
********************************************************************************
Round 588
ROUND_ACCURACY method=FedPhoenixRG-AA round=589 accuracy=77.220001
********************************************************************************
Round 589
ROUND_ACCURACY method=FedPhoenixRG-AA round=590 accuracy=75.669998
********************************************************************************
Round 590
ROUND_ACCURACY method=FedPhoenixRG-AA round=591 accuracy=67.779999
********************************************************************************
Round 591
ROUND_ACCURACY method=FedPhoenixRG-AA round=592 accuracy=66.680000
********************************************************************************
Round 592
ROUND_ACCURACY method=FedPhoenixRG-AA round=593 accuracy=80.419998
********************************************************************************
Round 593
ROUND_ACCURACY method=FedPhoenixRG-AA round=594 accuracy=74.339996
********************************************************************************
Round 594
ROUND_ACCURACY method=FedPhoenixRG-AA round=595 accuracy=78.860001
********************************************************************************
Round 595
ROUND_ACCURACY method=FedPhoenixRG-AA round=596 accuracy=77.339996
********************************************************************************
Round 596
ROUND_ACCURACY method=FedPhoenixRG-AA round=597 accuracy=77.470001
********************************************************************************
Round 597
ROUND_ACCURACY method=FedPhoenixRG-AA round=598 accuracy=74.320000
********************************************************************************
Round 598
ROUND_ACCURACY method=FedPhoenixRG-AA round=599 accuracy=76.540001
********************************************************************************
Round 599
RG_SCORE round=600 layer=features.0 mean_q=0.087110 max_q=0.383393 fraction_q_positive=0.828125 sampling_entropy=3.930635 uniform_entropy=4.158883 entropy_gap=0.228248 max_probability_over_uniform=3.550934 min_probability_over_uniform=0.250000
RG_AA_SCORE round=600 layer=features.0 mean_q_equal=0.094181 mean_q_aa=0.087110 mean_abs_q_difference=0.022747 correlation_q_equal_aa=0.921235 top_reset_overlap=none sampling_entropy=3.930635 max_probability_over_uniform=3.550934 mean_eligible_client_sample_count=493.261538 min_eligible_client_sample_count=97.000000 max_eligible_client_sample_count=1447.000000 mean_total_eligible_sample_weight=32062.000000
RG_SCORE round=600 layer=features.3 mean_q=0.068499 max_q=0.158325 fraction_q_positive=0.953125 sampling_entropy=4.087173 uniform_entropy=4.158883 entropy_gap=0.071710 max_probability_over_uniform=1.983503 min_probability_over_uniform=0.250000
RG_AA_SCORE round=600 layer=features.3 mean_q_equal=0.075812 mean_q_aa=0.068499 mean_abs_q_difference=0.011339 correlation_q_equal_aa=0.942461 top_reset_overlap=none sampling_entropy=4.087173 max_probability_over_uniform=1.983503 mean_eligible_client_sample_count=493.261538 min_eligible_client_sample_count=97.000000 max_eligible_client_sample_count=1447.000000 mean_total_eligible_sample_weight=32062.000000
RG_SCORE round=600 layer=features.7 mean_q=0.064404 max_q=0.180669 fraction_q_positive=0.968750 sampling_entropy=4.779844 uniform_entropy=4.852030 entropy_gap=0.072187 max_probability_over_uniform=2.353953 min_probability_over_uniform=0.250000
RG_AA_SCORE round=600 layer=features.7 mean_q_equal=0.071963 mean_q_aa=0.064404 mean_abs_q_difference=0.008784 correlation_q_equal_aa=0.972284 top_reset_overlap=none sampling_entropy=4.779844 max_probability_over_uniform=2.353953 mean_eligible_client_sample_count=493.261538 min_eligible_client_sample_count=97.000000 max_eligible_client_sample_count=1447.000000 mean_total_eligible_sample_weight=32062.000000
RG_SCORE round=600 layer=features.10 mean_q=0.070230 max_q=0.102046 fraction_q_positive=1.000000 sampling_entropy=4.837657 uniform_entropy=4.852030 entropy_gap=0.014373 max_probability_over_uniform=1.339774 min_probability_over_uniform=0.533185
RG_AA_SCORE round=600 layer=features.10 mean_q_equal=0.077793 mean_q_aa=0.070230 mean_abs_q_difference=0.007834 correlation_q_equal_aa=0.953571 top_reset_overlap=none sampling_entropy=4.837657 max_probability_over_uniform=1.339774 mean_eligible_client_sample_count=493.261538 min_eligible_client_sample_count=97.000000 max_eligible_client_sample_count=1447.000000 mean_total_eligible_sample_weight=32062.000000
RG_SCORE round=600 layer=features.14 mean_q=0.079053 max_q=0.147059 fraction_q_positive=1.000000 sampling_entropy=5.529897 uniform_entropy=5.545177 entropy_gap=0.015280 max_probability_over_uniform=1.645195 min_probability_over_uniform=0.399915
RG_AA_SCORE round=600 layer=features.14 mean_q_equal=0.086382 mean_q_aa=0.079053 mean_abs_q_difference=0.007857 correlation_q_equal_aa=0.956312 top_reset_overlap=none sampling_entropy=5.529897 max_probability_over_uniform=1.645195 mean_eligible_client_sample_count=493.261538 min_eligible_client_sample_count=97.000000 max_eligible_client_sample_count=1447.000000 mean_total_eligible_sample_weight=32062.000000
RG_SCORE round=600 layer=features.17 mean_q=0.080971 max_q=0.141768 fraction_q_positive=1.000000 sampling_entropy=5.534874 uniform_entropy=5.545177 entropy_gap=0.010304 max_probability_over_uniform=1.563136 min_probability_over_uniform=0.621040
RG_AA_SCORE round=600 layer=features.17 mean_q_equal=0.088924 mean_q_aa=0.080971 mean_abs_q_difference=0.008161 correlation_q_equal_aa=0.958574 top_reset_overlap=none sampling_entropy=5.534874 max_probability_over_uniform=1.563136 mean_eligible_client_sample_count=493.261538 min_eligible_client_sample_count=97.000000 max_eligible_client_sample_count=1447.000000 mean_total_eligible_sample_weight=32062.000000
RG_SCORE round=600 layer=features.20 mean_q=0.072275 max_q=0.112146 fraction_q_positive=1.000000 sampling_entropy=5.534983 uniform_entropy=5.545177 entropy_gap=0.010194 max_probability_over_uniform=1.413751 min_probability_over_uniform=0.491008
RG_AA_SCORE round=600 layer=features.20 mean_q_equal=0.080576 mean_q_aa=0.072275 mean_abs_q_difference=0.008366 correlation_q_equal_aa=0.960711 top_reset_overlap=none sampling_entropy=5.534983 max_probability_over_uniform=1.413751 mean_eligible_client_sample_count=493.261538 min_eligible_client_sample_count=97.000000 max_eligible_client_sample_count=1447.000000 mean_total_eligible_sample_weight=32062.000000
RG_SCORE round=600 layer=features.24 mean_q=0.101919 max_q=0.180886 fraction_q_positive=1.000000 sampling_entropy=6.223853 uniform_entropy=6.238325 entropy_gap=0.014471 max_probability_over_uniform=1.581095 min_probability_over_uniform=0.467518
RG_AA_SCORE round=600 layer=features.24 mean_q_equal=0.106882 mean_q_aa=0.101919 mean_abs_q_difference=0.006613 correlation_q_equal_aa=0.963065 top_reset_overlap=0.625000 sampling_entropy=6.223853 max_probability_over_uniform=1.581095 mean_eligible_client_sample_count=493.356000 min_eligible_client_sample_count=97.000000 max_eligible_client_sample_count=1447.000000 mean_total_eligible_sample_weight=31614.291016
RG_SCORE round=600 layer=features.27 mean_q=0.116176 max_q=0.180553 fraction_q_positive=1.000000 sampling_entropy=6.224800 uniform_entropy=6.238325 entropy_gap=0.013524 max_probability_over_uniform=1.415606 min_probability_over_uniform=0.459821
RG_AA_SCORE round=600 layer=features.27 mean_q_equal=0.115931 mean_q_aa=0.116176 mean_abs_q_difference=0.005862 correlation_q_equal_aa=0.954613 top_reset_overlap=0.750000 sampling_entropy=6.224800 max_probability_over_uniform=1.415606 mean_eligible_client_sample_count=493.454925 min_eligible_client_sample_count=97.000000 max_eligible_client_sample_count=1447.000000 mean_total_eligible_sample_weight=31612.919922
RG_SCORE round=600 layer=features.30 mean_q=0.096177 max_q=0.155485 fraction_q_positive=0.998047 sampling_entropy=6.220657 uniform_entropy=6.238325 entropy_gap=0.017667 max_probability_over_uniform=1.462497 min_probability_over_uniform=0.250000
RG_AA_SCORE round=600 layer=features.30 mean_q_equal=0.097385 mean_q_aa=0.096177 mean_abs_q_difference=0.005482 correlation_q_equal_aa=0.958951 top_reset_overlap=0.750000 sampling_entropy=6.220657 max_probability_over_uniform=1.462497 mean_eligible_client_sample_count=493.386747 min_eligible_client_sample_count=97.000000 max_eligible_client_sample_count=1447.000000 mean_total_eligible_sample_weight=31614.333984
RG_SCORE round=600 layer=features.34 mean_q=0.243148 max_q=0.372830 fraction_q_positive=0.996094 sampling_entropy=6.223214 uniform_entropy=6.238325 entropy_gap=0.015111 max_probability_over_uniform=1.400006 min_probability_over_uniform=0.250000
RG_AA_SCORE round=600 layer=features.34 mean_q_equal=0.231783 mean_q_aa=0.243148 mean_abs_q_difference=0.013670 correlation_q_equal_aa=0.975781 top_reset_overlap=0.625000 sampling_entropy=6.223214 max_probability_over_uniform=1.400006 mean_eligible_client_sample_count=493.415323 min_eligible_client_sample_count=97.000000 max_eligible_client_sample_count=1447.000000 mean_total_eligible_sample_weight=31621.947266
RG_SCORE round=600 layer=features.37 mean_q=0.242239 max_q=0.379216 fraction_q_positive=1.000000 sampling_entropy=6.222238 uniform_entropy=6.238325 entropy_gap=0.016086 max_probability_over_uniform=1.424096 min_probability_over_uniform=0.390667
RG_AA_SCORE round=600 layer=features.37 mean_q_equal=0.227938 mean_q_aa=0.242239 mean_abs_q_difference=0.015788 correlation_q_equal_aa=0.975870 top_reset_overlap=0.875000 sampling_entropy=6.222238 max_probability_over_uniform=1.424096 mean_eligible_client_sample_count=493.412631 min_eligible_client_sample_count=97.000000 max_eligible_client_sample_count=1447.000000 mean_total_eligible_sample_weight=31617.919922
RG_SCORE round=600 layer=features.40 mean_q=0.188686 max_q=0.410641 fraction_q_positive=0.976562 sampling_entropy=6.174927 uniform_entropy=6.238325 entropy_gap=0.063398 max_probability_over_uniform=1.882243 min_probability_over_uniform=0.250000
RG_AA_SCORE round=600 layer=features.40 mean_q_equal=0.180168 mean_q_aa=0.188686 mean_abs_q_difference=0.013756 correlation_q_equal_aa=0.983507 top_reset_overlap=0.750000 sampling_entropy=6.174927 max_probability_over_uniform=1.882243 mean_eligible_client_sample_count=493.364138 min_eligible_client_sample_count=97.000000 max_eligible_client_sample_count=1447.000000 mean_total_eligible_sample_weight=31614.812500
ROUND_ACCURACY method=FedPhoenixRG-AA round=600 accuracy=78.680000
********************************************************************************
Round 600
ROUND_ACCURACY method=FedPhoenixRG-AA round=601 accuracy=74.489998
********************************************************************************
Round 601
ROUND_ACCURACY method=FedPhoenixRG-AA round=602 accuracy=79.809998
********************************************************************************
Round 602
ROUND_ACCURACY method=FedPhoenixRG-AA round=603 accuracy=81.269997
********************************************************************************
Round 603
ROUND_ACCURACY method=FedPhoenixRG-AA round=604 accuracy=81.290001
********************************************************************************
Round 604
ROUND_ACCURACY method=FedPhoenixRG-AA round=605 accuracy=74.330002
********************************************************************************
Round 605
ROUND_ACCURACY method=FedPhoenixRG-AA round=606 accuracy=79.629997
********************************************************************************
Round 606
ROUND_ACCURACY method=FedPhoenixRG-AA round=607 accuracy=68.860001
********************************************************************************
Round 607
ROUND_ACCURACY method=FedPhoenixRG-AA round=608 accuracy=72.570000
********************************************************************************
Round 608
ROUND_ACCURACY method=FedPhoenixRG-AA round=609 accuracy=80.559998
********************************************************************************
Round 609
ROUND_ACCURACY method=FedPhoenixRG-AA round=610 accuracy=72.820000
********************************************************************************
Round 610
ROUND_ACCURACY method=FedPhoenixRG-AA round=611 accuracy=81.120003
********************************************************************************
Round 611
ROUND_ACCURACY method=FedPhoenixRG-AA round=612 accuracy=78.519997
********************************************************************************
Round 612
ROUND_ACCURACY method=FedPhoenixRG-AA round=613 accuracy=78.709999
********************************************************************************
Round 613
ROUND_ACCURACY method=FedPhoenixRG-AA round=614 accuracy=73.830002
********************************************************************************
Round 614
ROUND_ACCURACY method=FedPhoenixRG-AA round=615 accuracy=66.510002
********************************************************************************
Round 615
ROUND_ACCURACY method=FedPhoenixRG-AA round=616 accuracy=76.750000
********************************************************************************
Round 616
ROUND_ACCURACY method=FedPhoenixRG-AA round=617 accuracy=78.769997
********************************************************************************
Round 617
ROUND_ACCURACY method=FedPhoenixRG-AA round=618 accuracy=76.820000
********************************************************************************
Round 618
ROUND_ACCURACY method=FedPhoenixRG-AA round=619 accuracy=76.510002
********************************************************************************
Round 619
RG_SCORE round=620 layer=features.0 mean_q=0.069146 max_q=0.211648 fraction_q_positive=0.703125 sampling_entropy=3.913228 uniform_entropy=4.158883 entropy_gap=0.245655 max_probability_over_uniform=2.545679 min_probability_over_uniform=0.250000
RG_AA_SCORE round=620 layer=features.0 mean_q_equal=0.066655 mean_q_aa=0.069146 mean_abs_q_difference=0.019782 correlation_q_equal_aa=0.906517 top_reset_overlap=none sampling_entropy=3.913228 max_probability_over_uniform=2.545679 mean_eligible_client_sample_count=485.796610 min_eligible_client_sample_count=30.000000 max_eligible_client_sample_count=1077.000000 mean_total_eligible_sample_weight=28662.000000
RG_SCORE round=620 layer=features.3 mean_q=0.085078 max_q=0.122334 fraction_q_positive=1.000000 sampling_entropy=4.135431 uniform_entropy=4.158883 entropy_gap=0.023452 max_probability_over_uniform=1.328434 min_probability_over_uniform=0.368074
RG_AA_SCORE round=620 layer=features.3 mean_q_equal=0.091365 mean_q_aa=0.085078 mean_abs_q_difference=0.011873 correlation_q_equal_aa=0.905956 top_reset_overlap=none sampling_entropy=4.135431 max_probability_over_uniform=1.328434 mean_eligible_client_sample_count=485.796610 min_eligible_client_sample_count=30.000000 max_eligible_client_sample_count=1077.000000 mean_total_eligible_sample_weight=28662.000000
RG_SCORE round=620 layer=features.7 mean_q=0.086247 max_q=0.129685 fraction_q_positive=1.000000 sampling_entropy=4.838555 uniform_entropy=4.852030 entropy_gap=0.013476 max_probability_over_uniform=1.377741 min_probability_over_uniform=0.660190
RG_AA_SCORE round=620 layer=features.7 mean_q_equal=0.090573 mean_q_aa=0.086247 mean_abs_q_difference=0.009991 correlation_q_equal_aa=0.890119 top_reset_overlap=none sampling_entropy=4.838555 max_probability_over_uniform=1.377741 mean_eligible_client_sample_count=485.796610 min_eligible_client_sample_count=30.000000 max_eligible_client_sample_count=1077.000000 mean_total_eligible_sample_weight=28662.000000
RG_SCORE round=620 layer=features.10 mean_q=0.079784 max_q=0.116219 fraction_q_positive=1.000000 sampling_entropy=4.844674 uniform_entropy=4.852030 entropy_gap=0.007356 max_probability_over_uniform=1.342497 min_probability_over_uniform=0.701955
RG_AA_SCORE round=620 layer=features.10 mean_q_equal=0.082660 mean_q_aa=0.079784 mean_abs_q_difference=0.007076 correlation_q_equal_aa=0.898276 top_reset_overlap=none sampling_entropy=4.844674 max_probability_over_uniform=1.342497 mean_eligible_client_sample_count=485.796610 min_eligible_client_sample_count=30.000000 max_eligible_client_sample_count=1077.000000 mean_total_eligible_sample_weight=28662.000000
RG_SCORE round=620 layer=features.14 mean_q=0.088102 max_q=0.142611 fraction_q_positive=1.000000 sampling_entropy=5.536996 uniform_entropy=5.545177 entropy_gap=0.008181 max_probability_over_uniform=1.464021 min_probability_over_uniform=0.516466
RG_AA_SCORE round=620 layer=features.14 mean_q_equal=0.090903 mean_q_aa=0.088102 mean_abs_q_difference=0.007214 correlation_q_equal_aa=0.904418 top_reset_overlap=none sampling_entropy=5.536996 max_probability_over_uniform=1.464021 mean_eligible_client_sample_count=485.796610 min_eligible_client_sample_count=30.000000 max_eligible_client_sample_count=1077.000000 mean_total_eligible_sample_weight=28662.000000
RG_SCORE round=620 layer=features.17 mean_q=0.088770 max_q=0.133265 fraction_q_positive=1.000000 sampling_entropy=5.538430 uniform_entropy=5.545177 entropy_gap=0.006747 max_probability_over_uniform=1.375924 min_probability_over_uniform=0.769457
RG_AA_SCORE round=620 layer=features.17 mean_q_equal=0.091073 mean_q_aa=0.088770 mean_abs_q_difference=0.006047 correlation_q_equal_aa=0.902594 top_reset_overlap=none sampling_entropy=5.538430 max_probability_over_uniform=1.375924 mean_eligible_client_sample_count=485.796610 min_eligible_client_sample_count=30.000000 max_eligible_client_sample_count=1077.000000 mean_total_eligible_sample_weight=28662.000000
RG_SCORE round=620 layer=features.20 mean_q=0.076367 max_q=0.114355 fraction_q_positive=1.000000 sampling_entropy=5.540534 uniform_entropy=5.545177 entropy_gap=0.004643 max_probability_over_uniform=1.373077 min_probability_over_uniform=0.713813
RG_AA_SCORE round=620 layer=features.20 mean_q_equal=0.078249 mean_q_aa=0.076367 mean_abs_q_difference=0.005787 correlation_q_equal_aa=0.875728 top_reset_overlap=none sampling_entropy=5.540534 max_probability_over_uniform=1.373077 mean_eligible_client_sample_count=485.796610 min_eligible_client_sample_count=30.000000 max_eligible_client_sample_count=1077.000000 mean_total_eligible_sample_weight=28662.000000
RG_SCORE round=620 layer=features.24 mean_q=0.107938 max_q=0.163578 fraction_q_positive=1.000000 sampling_entropy=6.228225 uniform_entropy=6.238325 entropy_gap=0.010099 max_probability_over_uniform=1.386609 min_probability_over_uniform=0.461835
RG_AA_SCORE round=620 layer=features.24 mean_q_equal=0.104610 mean_q_aa=0.107938 mean_abs_q_difference=0.008998 correlation_q_equal_aa=0.924841 top_reset_overlap=none sampling_entropy=6.228225 max_probability_over_uniform=1.386609 mean_eligible_client_sample_count=485.456399 min_eligible_client_sample_count=30.000000 max_eligible_client_sample_count=1077.000000 mean_total_eligible_sample_weight=28324.294922
RG_SCORE round=620 layer=features.27 mean_q=0.125012 max_q=0.182353 fraction_q_positive=1.000000 sampling_entropy=6.231221 uniform_entropy=6.238325 entropy_gap=0.007104 max_probability_over_uniform=1.344016 min_probability_over_uniform=0.636732
RG_AA_SCORE round=620 layer=features.27 mean_q_equal=0.115287 mean_q_aa=0.125012 mean_abs_q_difference=0.010988 correlation_q_equal_aa=0.928372 top_reset_overlap=0.875000 sampling_entropy=6.231221 max_probability_over_uniform=1.344016 mean_eligible_client_sample_count=485.597404 min_eligible_client_sample_count=30.000000 max_eligible_client_sample_count=1077.000000 mean_total_eligible_sample_weight=28281.306641
RG_SCORE round=620 layer=features.30 mean_q=0.111542 max_q=0.170680 fraction_q_positive=0.998047 sampling_entropy=6.227462 uniform_entropy=6.238325 entropy_gap=0.010863 max_probability_over_uniform=1.397646 min_probability_over_uniform=0.250000
RG_AA_SCORE round=620 layer=features.30 mean_q_equal=0.103455 mean_q_aa=0.111542 mean_abs_q_difference=0.011349 correlation_q_equal_aa=0.910656 top_reset_overlap=0.625000 sampling_entropy=6.227462 max_probability_over_uniform=1.397646 mean_eligible_client_sample_count=485.582811 min_eligible_client_sample_count=30.000000 max_eligible_client_sample_count=1077.000000 mean_total_eligible_sample_weight=28282.353516
RG_SCORE round=620 layer=features.34 mean_q=0.266538 max_q=0.387933 fraction_q_positive=0.998047 sampling_entropy=6.222927 uniform_entropy=6.238325 entropy_gap=0.015397 max_probability_over_uniform=1.341587 min_probability_over_uniform=0.250000
RG_AA_SCORE round=620 layer=features.34 mean_q_equal=0.240026 mean_q_aa=0.266538 mean_abs_q_difference=0.029418 correlation_q_equal_aa=0.939183 top_reset_overlap=0.625000 sampling_entropy=6.222927 max_probability_over_uniform=1.341587 mean_eligible_client_sample_count=485.594634 min_eligible_client_sample_count=30.000000 max_eligible_client_sample_count=1077.000000 mean_total_eligible_sample_weight=28282.093750
RG_SCORE round=620 layer=features.37 mean_q=0.254890 max_q=0.384926 fraction_q_positive=1.000000 sampling_entropy=6.220453 uniform_entropy=6.238325 entropy_gap=0.017872 max_probability_over_uniform=1.382621 min_probability_over_uniform=0.335763
RG_AA_SCORE round=620 layer=features.37 mean_q_equal=0.224422 mean_q_aa=0.254890 mean_abs_q_difference=0.032027 correlation_q_equal_aa=0.943550 top_reset_overlap=0.625000 sampling_entropy=6.220453 max_probability_over_uniform=1.382621 mean_eligible_client_sample_count=485.605398 min_eligible_client_sample_count=30.000000 max_eligible_client_sample_count=1077.000000 mean_total_eligible_sample_weight=28287.462891
RG_SCORE round=620 layer=features.40 mean_q=0.201973 max_q=0.482746 fraction_q_positive=0.978516 sampling_entropy=6.174885 uniform_entropy=6.238325 entropy_gap=0.063440 max_probability_over_uniform=2.042610 min_probability_over_uniform=0.250000
RG_AA_SCORE round=620 layer=features.40 mean_q_equal=0.159967 mean_q_aa=0.201973 mean_abs_q_difference=0.044049 correlation_q_equal_aa=0.944400 top_reset_overlap=0.625000 sampling_entropy=6.174885 max_probability_over_uniform=2.042610 mean_eligible_client_sample_count=485.627423 min_eligible_client_sample_count=30.000000 max_eligible_client_sample_count=1077.000000 mean_total_eligible_sample_weight=28285.900391
ROUND_ACCURACY method=FedPhoenixRG-AA round=620 accuracy=70.820000
********************************************************************************
Round 620
ROUND_ACCURACY method=FedPhoenixRG-AA round=621 accuracy=71.370003
********************************************************************************
Round 621
ROUND_ACCURACY method=FedPhoenixRG-AA round=622 accuracy=80.089996
********************************************************************************
Round 622
ROUND_ACCURACY method=FedPhoenixRG-AA round=623 accuracy=63.040001
********************************************************************************
Round 623
ROUND_ACCURACY method=FedPhoenixRG-AA round=624 accuracy=75.000000
********************************************************************************
Round 624
ROUND_ACCURACY method=FedPhoenixRG-AA round=625 accuracy=75.430000
********************************************************************************
Round 625
ROUND_ACCURACY method=FedPhoenixRG-AA round=626 accuracy=68.339996
********************************************************************************
Round 626
ROUND_ACCURACY method=FedPhoenixRG-AA round=627 accuracy=77.690002
********************************************************************************
Round 627
ROUND_ACCURACY method=FedPhoenixRG-AA round=628 accuracy=73.620003
********************************************************************************
Round 628
ROUND_ACCURACY method=FedPhoenixRG-AA round=629 accuracy=78.019997
********************************************************************************
Round 629
ROUND_ACCURACY method=FedPhoenixRG-AA round=630 accuracy=79.949997
********************************************************************************
Round 630
ROUND_ACCURACY method=FedPhoenixRG-AA round=631 accuracy=80.470001
********************************************************************************
Round 631
ROUND_ACCURACY method=FedPhoenixRG-AA round=632 accuracy=75.910004
********************************************************************************
Round 632
ROUND_ACCURACY method=FedPhoenixRG-AA round=633 accuracy=72.330002
********************************************************************************
Round 633
ROUND_ACCURACY method=FedPhoenixRG-AA round=634 accuracy=78.199997
********************************************************************************
Round 634
ROUND_ACCURACY method=FedPhoenixRG-AA round=635 accuracy=74.620003
********************************************************************************
Round 635
ROUND_ACCURACY method=FedPhoenixRG-AA round=636 accuracy=79.059998
********************************************************************************
Round 636
ROUND_ACCURACY method=FedPhoenixRG-AA round=637 accuracy=79.949997
********************************************************************************
Round 637
ROUND_ACCURACY method=FedPhoenixRG-AA round=638 accuracy=78.959999
********************************************************************************
Round 638
ROUND_ACCURACY method=FedPhoenixRG-AA round=639 accuracy=67.470001
********************************************************************************
Round 639
RG_SCORE round=640 layer=features.0 mean_q=0.054997 max_q=0.259617 fraction_q_positive=0.687500 sampling_entropy=3.851642 uniform_entropy=4.158883 entropy_gap=0.307241 max_probability_over_uniform=3.790412 min_probability_over_uniform=0.250000
RG_AA_SCORE round=640 layer=features.0 mean_q_equal=0.059640 mean_q_aa=0.054997 mean_abs_q_difference=0.012136 correlation_q_equal_aa=0.952216 top_reset_overlap=none sampling_entropy=3.851642 max_probability_over_uniform=3.790412 mean_eligible_client_sample_count=478.096774 min_eligible_client_sample_count=30.000000 max_eligible_client_sample_count=1077.000000 mean_total_eligible_sample_weight=29642.000000
RG_SCORE round=640 layer=features.3 mean_q=0.040463 max_q=0.103964 fraction_q_positive=0.968750 sampling_entropy=4.055948 uniform_entropy=4.158883 entropy_gap=0.102935 max_probability_over_uniform=2.177027 min_probability_over_uniform=0.250000
RG_AA_SCORE round=640 layer=features.3 mean_q_equal=0.044091 mean_q_aa=0.040463 mean_abs_q_difference=0.005197 correlation_q_equal_aa=0.969518 top_reset_overlap=none sampling_entropy=4.055948 max_probability_over_uniform=2.177027 mean_eligible_client_sample_count=478.096774 min_eligible_client_sample_count=30.000000 max_eligible_client_sample_count=1077.000000 mean_total_eligible_sample_weight=29642.000000
RG_SCORE round=640 layer=features.7 mean_q=0.049147 max_q=0.101534 fraction_q_positive=1.000000 sampling_entropy=4.803584 uniform_entropy=4.852030 entropy_gap=0.048446 max_probability_over_uniform=1.799434 min_probability_over_uniform=0.291642
RG_AA_SCORE round=640 layer=features.7 mean_q_equal=0.051521 mean_q_aa=0.049147 mean_abs_q_difference=0.005501 correlation_q_equal_aa=0.949541 top_reset_overlap=none sampling_entropy=4.803584 max_probability_over_uniform=1.799434 mean_eligible_client_sample_count=478.096774 min_eligible_client_sample_count=30.000000 max_eligible_client_sample_count=1077.000000 mean_total_eligible_sample_weight=29642.000000
RG_SCORE round=640 layer=features.10 mean_q=0.050385 max_q=0.089464 fraction_q_positive=1.000000 sampling_entropy=4.833639 uniform_entropy=4.852030 entropy_gap=0.018391 max_probability_over_uniform=1.581710 min_probability_over_uniform=0.528161
RG_AA_SCORE round=640 layer=features.10 mean_q_equal=0.053984 mean_q_aa=0.050385 mean_abs_q_difference=0.004099 correlation_q_equal_aa=0.971544 top_reset_overlap=none sampling_entropy=4.833639 max_probability_over_uniform=1.581710 mean_eligible_client_sample_count=478.096774 min_eligible_client_sample_count=30.000000 max_eligible_client_sample_count=1077.000000 mean_total_eligible_sample_weight=29642.000000
RG_SCORE round=640 layer=features.14 mean_q=0.057941 max_q=0.106233 fraction_q_positive=1.000000 sampling_entropy=5.523934 uniform_entropy=5.545177 entropy_gap=0.021244 max_probability_over_uniform=1.625108 min_probability_over_uniform=0.453818
RG_AA_SCORE round=640 layer=features.14 mean_q_equal=0.060660 mean_q_aa=0.057941 mean_abs_q_difference=0.004261 correlation_q_equal_aa=0.965159 top_reset_overlap=none sampling_entropy=5.523934 max_probability_over_uniform=1.625108 mean_eligible_client_sample_count=478.096774 min_eligible_client_sample_count=30.000000 max_eligible_client_sample_count=1077.000000 mean_total_eligible_sample_weight=29642.000000
RG_SCORE round=640 layer=features.17 mean_q=0.061712 max_q=0.116197 fraction_q_positive=1.000000 sampling_entropy=5.523930 uniform_entropy=5.545177 entropy_gap=0.021247 max_probability_over_uniform=1.662155 min_probability_over_uniform=0.388031
RG_AA_SCORE round=640 layer=features.17 mean_q_equal=0.064243 mean_q_aa=0.061712 mean_abs_q_difference=0.003702 correlation_q_equal_aa=0.975701 top_reset_overlap=none sampling_entropy=5.523930 max_probability_over_uniform=1.662155 mean_eligible_client_sample_count=478.096774 min_eligible_client_sample_count=30.000000 max_eligible_client_sample_count=1077.000000 mean_total_eligible_sample_weight=29642.000000
RG_SCORE round=640 layer=features.20 mean_q=0.054466 max_q=0.090755 fraction_q_positive=1.000000 sampling_entropy=5.529698 uniform_entropy=5.545177 entropy_gap=0.015480 max_probability_over_uniform=1.499707 min_probability_over_uniform=0.420668
RG_AA_SCORE round=640 layer=features.20 mean_q_equal=0.057778 mean_q_aa=0.054466 mean_abs_q_difference=0.004039 correlation_q_equal_aa=0.964075 top_reset_overlap=none sampling_entropy=5.529698 max_probability_over_uniform=1.499707 mean_eligible_client_sample_count=478.096774 min_eligible_client_sample_count=30.000000 max_eligible_client_sample_count=1077.000000 mean_total_eligible_sample_weight=29642.000000
RG_SCORE round=640 layer=features.24 mean_q=0.078964 max_q=0.150492 fraction_q_positive=1.000000 sampling_entropy=6.212563 uniform_entropy=6.238325 entropy_gap=0.025761 max_probability_over_uniform=1.679383 min_probability_over_uniform=0.376187
RG_AA_SCORE round=640 layer=features.24 mean_q_equal=0.077852 mean_q_aa=0.078964 mean_abs_q_difference=0.004329 correlation_q_equal_aa=0.969706 top_reset_overlap=none sampling_entropy=6.212563 max_probability_over_uniform=1.679383 mean_eligible_client_sample_count=478.096774 min_eligible_client_sample_count=30.000000 max_eligible_client_sample_count=1077.000000 mean_total_eligible_sample_weight=29642.000000
RG_SCORE round=640 layer=features.27 mean_q=0.104715 max_q=0.193650 fraction_q_positive=1.000000 sampling_entropy=6.212285 uniform_entropy=6.238325 entropy_gap=0.026039 max_probability_over_uniform=1.636986 min_probability_over_uniform=0.353919
RG_AA_SCORE round=640 layer=features.27 mean_q_equal=0.099019 mean_q_aa=0.104715 mean_abs_q_difference=0.006368 correlation_q_equal_aa=0.977193 top_reset_overlap=0.750000 sampling_entropy=6.212285 max_probability_over_uniform=1.636986 mean_eligible_client_sample_count=477.668624 min_eligible_client_sample_count=30.000000 max_eligible_client_sample_count=1077.000000 mean_total_eligible_sample_weight=29237.611328
RG_SCORE round=640 layer=features.30 mean_q=0.084419 max_q=0.166071 fraction_q_positive=1.000000 sampling_entropy=6.210463 uniform_entropy=6.238325 entropy_gap=0.027862 max_probability_over_uniform=1.725414 min_probability_over_uniform=0.426742
RG_AA_SCORE round=640 layer=features.30 mean_q_equal=0.079252 mean_q_aa=0.084419 mean_abs_q_difference=0.006106 correlation_q_equal_aa=0.968963 top_reset_overlap=0.625000 sampling_entropy=6.210463 max_probability_over_uniform=1.725414 mean_eligible_client_sample_count=477.639181 min_eligible_client_sample_count=30.000000 max_eligible_client_sample_count=1077.000000 mean_total_eligible_sample_weight=29233.943359
RG_SCORE round=640 layer=features.34 mean_q=0.230214 max_q=0.397232 fraction_q_positive=0.998047 sampling_entropy=6.211586 uniform_entropy=6.238325 entropy_gap=0.026739 max_probability_over_uniform=1.544116 min_probability_over_uniform=0.250000
RG_AA_SCORE round=640 layer=features.34 mean_q_equal=0.198121 mean_q_aa=0.230214 mean_abs_q_difference=0.032420 correlation_q_equal_aa=0.950783 top_reset_overlap=0.750000 sampling_entropy=6.211586 max_probability_over_uniform=1.544116 mean_eligible_client_sample_count=477.690469 min_eligible_client_sample_count=30.000000 max_eligible_client_sample_count=1077.000000 mean_total_eligible_sample_weight=29240.814453
RG_SCORE round=640 layer=features.37 mean_q=0.219935 max_q=0.353205 fraction_q_positive=0.998047 sampling_entropy=6.214779 uniform_entropy=6.238325 entropy_gap=0.023545 max_probability_over_uniform=1.454464 min_probability_over_uniform=0.250000
RG_AA_SCORE round=640 layer=features.37 mean_q_equal=0.178471 mean_q_aa=0.219935 mean_abs_q_difference=0.041578 correlation_q_equal_aa=0.942197 top_reset_overlap=0.625000 sampling_entropy=6.214779 max_probability_over_uniform=1.454464 mean_eligible_client_sample_count=477.673559 min_eligible_client_sample_count=30.000000 max_eligible_client_sample_count=1077.000000 mean_total_eligible_sample_weight=29236.980469
RG_SCORE round=640 layer=features.40 mean_q=0.125892 max_q=0.333315 fraction_q_positive=0.976562 sampling_entropy=6.144828 uniform_entropy=6.238325 entropy_gap=0.093497 max_probability_over_uniform=2.235718 min_probability_over_uniform=0.250000
RG_AA_SCORE round=640 layer=features.40 mean_q_equal=0.091596 mean_q_aa=0.125892 mean_abs_q_difference=0.035487 correlation_q_equal_aa=0.938619 top_reset_overlap=0.750000 sampling_entropy=6.144828 max_probability_over_uniform=2.235718 mean_eligible_client_sample_count=477.670039 min_eligible_client_sample_count=30.000000 max_eligible_client_sample_count=1077.000000 mean_total_eligible_sample_weight=29235.832031
ROUND_ACCURACY method=FedPhoenixRG-AA round=640 accuracy=78.620003
********************************************************************************
Round 640
ROUND_ACCURACY method=FedPhoenixRG-AA round=641 accuracy=79.599998
********************************************************************************
Round 641
ROUND_ACCURACY method=FedPhoenixRG-AA round=642 accuracy=77.709999
********************************************************************************
Round 642
ROUND_ACCURACY method=FedPhoenixRG-AA round=643 accuracy=80.250000
********************************************************************************
Round 643
ROUND_ACCURACY method=FedPhoenixRG-AA round=644 accuracy=77.599998
********************************************************************************
Round 644
ROUND_ACCURACY method=FedPhoenixRG-AA round=645 accuracy=68.370003
********************************************************************************
Round 645
ROUND_ACCURACY method=FedPhoenixRG-AA round=646 accuracy=71.220001
********************************************************************************
Round 646
ROUND_ACCURACY method=FedPhoenixRG-AA round=647 accuracy=80.559998
********************************************************************************
Round 647
ROUND_ACCURACY method=FedPhoenixRG-AA round=648 accuracy=80.250000
********************************************************************************
Round 648
ROUND_ACCURACY method=FedPhoenixRG-AA round=649 accuracy=78.559998
********************************************************************************
Round 649
ROUND_ACCURACY method=FedPhoenixRG-AA round=650 accuracy=80.260002
********************************************************************************
Round 650
ROUND_ACCURACY method=FedPhoenixRG-AA round=651 accuracy=79.529999
********************************************************************************
Round 651
ROUND_ACCURACY method=FedPhoenixRG-AA round=652 accuracy=75.980003
********************************************************************************
Round 652
ROUND_ACCURACY method=FedPhoenixRG-AA round=653 accuracy=71.910004
********************************************************************************
Round 653
ROUND_ACCURACY method=FedPhoenixRG-AA round=654 accuracy=79.760002
********************************************************************************
Round 654
ROUND_ACCURACY method=FedPhoenixRG-AA round=655 accuracy=80.629997
********************************************************************************
Round 655
ROUND_ACCURACY method=FedPhoenixRG-AA round=656 accuracy=74.610001
********************************************************************************
Round 656
ROUND_ACCURACY method=FedPhoenixRG-AA round=657 accuracy=81.080002
********************************************************************************
Round 657
ROUND_ACCURACY method=FedPhoenixRG-AA round=658 accuracy=78.680000
********************************************************************************
Round 658
ROUND_ACCURACY method=FedPhoenixRG-AA round=659 accuracy=72.650002
********************************************************************************
Round 659
RG_SCORE round=660 layer=features.0 mean_q=0.072032 max_q=0.209656 fraction_q_positive=0.781250 sampling_entropy=3.955533 uniform_entropy=4.158883 entropy_gap=0.203350 max_probability_over_uniform=2.432956 min_probability_over_uniform=0.250000
RG_AA_SCORE round=660 layer=features.0 mean_q_equal=0.083487 mean_q_aa=0.072032 mean_abs_q_difference=0.023892 correlation_q_equal_aa=0.881410 top_reset_overlap=none sampling_entropy=3.955533 max_probability_over_uniform=2.432956 mean_eligible_client_sample_count=475.433333 min_eligible_client_sample_count=30.000000 max_eligible_client_sample_count=1447.000000 mean_total_eligible_sample_weight=28526.000000
RG_SCORE round=660 layer=features.3 mean_q=0.075091 max_q=0.122297 fraction_q_positive=1.000000 sampling_entropy=4.143134 uniform_entropy=4.158883 entropy_gap=0.015750 max_probability_over_uniform=1.471486 min_probability_over_uniform=0.601070
RG_AA_SCORE round=660 layer=features.3 mean_q_equal=0.088039 mean_q_aa=0.075091 mean_abs_q_difference=0.013187 correlation_q_equal_aa=0.912979 top_reset_overlap=none sampling_entropy=4.143134 max_probability_over_uniform=1.471486 mean_eligible_client_sample_count=475.433333 min_eligible_client_sample_count=30.000000 max_eligible_client_sample_count=1447.000000 mean_total_eligible_sample_weight=28526.000000
RG_SCORE round=660 layer=features.7 mean_q=0.078922 max_q=0.140296 fraction_q_positive=1.000000 sampling_entropy=4.838005 uniform_entropy=4.852030 entropy_gap=0.014025 max_probability_over_uniform=1.583244 min_probability_over_uniform=0.584853
RG_AA_SCORE round=660 layer=features.7 mean_q_equal=0.092479 mean_q_aa=0.078922 mean_abs_q_difference=0.013558 correlation_q_equal_aa=0.950520 top_reset_overlap=none sampling_entropy=4.838005 max_probability_over_uniform=1.583244 mean_eligible_client_sample_count=475.433333 min_eligible_client_sample_count=30.000000 max_eligible_client_sample_count=1447.000000 mean_total_eligible_sample_weight=28526.000000
RG_SCORE round=660 layer=features.10 mean_q=0.073700 max_q=0.117011 fraction_q_positive=1.000000 sampling_entropy=4.845538 uniform_entropy=4.852030 entropy_gap=0.006492 max_probability_over_uniform=1.440743 min_probability_over_uniform=0.703218
RG_AA_SCORE round=660 layer=features.10 mean_q_equal=0.086842 mean_q_aa=0.073700 mean_abs_q_difference=0.013142 correlation_q_equal_aa=0.946616 top_reset_overlap=none sampling_entropy=4.845538 max_probability_over_uniform=1.440743 mean_eligible_client_sample_count=475.433333 min_eligible_client_sample_count=30.000000 max_eligible_client_sample_count=1447.000000 mean_total_eligible_sample_weight=28526.000000
RG_SCORE round=660 layer=features.14 mean_q=0.080373 max_q=0.133364 fraction_q_positive=1.000000 sampling_entropy=5.538097 uniform_entropy=5.545177 entropy_gap=0.007080 max_probability_over_uniform=1.494485 min_probability_over_uniform=0.751310
RG_AA_SCORE round=660 layer=features.14 mean_q_equal=0.093724 mean_q_aa=0.080373 mean_abs_q_difference=0.013350 correlation_q_equal_aa=0.949241 top_reset_overlap=none sampling_entropy=5.538097 max_probability_over_uniform=1.494485 mean_eligible_client_sample_count=475.433333 min_eligible_client_sample_count=30.000000 max_eligible_client_sample_count=1447.000000 mean_total_eligible_sample_weight=28526.000000
RG_SCORE round=660 layer=features.17 mean_q=0.082068 max_q=0.116499 fraction_q_positive=1.000000 sampling_entropy=5.539776 uniform_entropy=5.545177 entropy_gap=0.005401 max_probability_over_uniform=1.314660 min_probability_over_uniform=0.735236
RG_AA_SCORE round=660 layer=features.17 mean_q_equal=0.095962 mean_q_aa=0.082068 mean_abs_q_difference=0.013894 correlation_q_equal_aa=0.953855 top_reset_overlap=none sampling_entropy=5.539776 max_probability_over_uniform=1.314660 mean_eligible_client_sample_count=475.433333 min_eligible_client_sample_count=30.000000 max_eligible_client_sample_count=1447.000000 mean_total_eligible_sample_weight=28526.000000
RG_SCORE round=660 layer=features.20 mean_q=0.071972 max_q=0.104909 fraction_q_positive=1.000000 sampling_entropy=5.539940 uniform_entropy=5.545177 entropy_gap=0.005237 max_probability_over_uniform=1.343222 min_probability_over_uniform=0.741947
RG_AA_SCORE round=660 layer=features.20 mean_q_equal=0.085958 mean_q_aa=0.071972 mean_abs_q_difference=0.013986 correlation_q_equal_aa=0.935337 top_reset_overlap=none sampling_entropy=5.539940 max_probability_over_uniform=1.343222 mean_eligible_client_sample_count=475.433333 min_eligible_client_sample_count=30.000000 max_eligible_client_sample_count=1447.000000 mean_total_eligible_sample_weight=28526.000000
RG_SCORE round=660 layer=features.24 mean_q=0.103578 max_q=0.176964 fraction_q_positive=1.000000 sampling_entropy=6.230617 uniform_entropy=6.238325 entropy_gap=0.007707 max_probability_over_uniform=1.531383 min_probability_over_uniform=0.682134
RG_AA_SCORE round=660 layer=features.24 mean_q_equal=0.115467 mean_q_aa=0.103578 mean_abs_q_difference=0.012022 correlation_q_equal_aa=0.950512 top_reset_overlap=none sampling_entropy=6.230617 max_probability_over_uniform=1.531383 mean_eligible_client_sample_count=475.433333 min_eligible_client_sample_count=30.000000 max_eligible_client_sample_count=1447.000000 mean_total_eligible_sample_weight=28526.000000
RG_SCORE round=660 layer=features.27 mean_q=0.136722 max_q=0.201675 fraction_q_positive=1.000000 sampling_entropy=6.230840 uniform_entropy=6.238325 entropy_gap=0.007484 max_probability_over_uniform=1.356299 min_probability_over_uniform=0.626737
RG_AA_SCORE round=660 layer=features.27 mean_q_equal=0.143701 mean_q_aa=0.136722 mean_abs_q_difference=0.007977 correlation_q_equal_aa=0.949521 top_reset_overlap=0.875000 sampling_entropy=6.230840 max_probability_over_uniform=1.356299 mean_eligible_client_sample_count=475.545031 min_eligible_client_sample_count=30.000000 max_eligible_client_sample_count=1447.000000 mean_total_eligible_sample_weight=28112.884766
RG_SCORE round=660 layer=features.30 mean_q=0.112219 max_q=0.168653 fraction_q_positive=1.000000 sampling_entropy=6.230138 uniform_entropy=6.238325 entropy_gap=0.008187 max_probability_over_uniform=1.377171 min_probability_over_uniform=0.577326
RG_AA_SCORE round=660 layer=features.30 mean_q_equal=0.118112 mean_q_aa=0.112219 mean_abs_q_difference=0.007103 correlation_q_equal_aa=0.942878 top_reset_overlap=1.000000 sampling_entropy=6.230138 max_probability_over_uniform=1.377171 mean_eligible_client_sample_count=475.552281 min_eligible_client_sample_count=30.000000 max_eligible_client_sample_count=1447.000000 mean_total_eligible_sample_weight=28114.242188
RG_SCORE round=660 layer=features.34 mean_q=0.273544 max_q=0.391342 fraction_q_positive=1.000000 sampling_entropy=6.224530 uniform_entropy=6.238325 entropy_gap=0.013794 max_probability_over_uniform=1.322976 min_probability_over_uniform=0.259525
RG_AA_SCORE round=660 layer=features.34 mean_q_equal=0.268096 mean_q_aa=0.273544 mean_abs_q_difference=0.009993 correlation_q_equal_aa=0.981507 top_reset_overlap=0.625000 sampling_entropy=6.224530 max_probability_over_uniform=1.322976 mean_eligible_client_sample_count=475.524977 min_eligible_client_sample_count=30.000000 max_eligible_client_sample_count=1447.000000 mean_total_eligible_sample_weight=28111.699219
RG_SCORE round=660 layer=features.37 mean_q=0.277134 max_q=0.391040 fraction_q_positive=1.000000 sampling_entropy=6.227087 uniform_entropy=6.238325 entropy_gap=0.011238 max_probability_over_uniform=1.308262 min_probability_over_uniform=0.389426
RG_AA_SCORE round=660 layer=features.37 mean_q_equal=0.271826 mean_q_aa=0.277134 mean_abs_q_difference=0.008561 correlation_q_equal_aa=0.984611 top_reset_overlap=0.750000 sampling_entropy=6.227087 max_probability_over_uniform=1.308262 mean_eligible_client_sample_count=475.549815 min_eligible_client_sample_count=30.000000 max_eligible_client_sample_count=1447.000000 mean_total_eligible_sample_weight=28116.882812
RG_SCORE round=660 layer=features.40 mean_q=0.222596 max_q=0.411835 fraction_q_positive=0.998047 sampling_entropy=6.209095 uniform_entropy=6.238325 entropy_gap=0.029230 max_probability_over_uniform=1.637608 min_probability_over_uniform=0.250000
RG_AA_SCORE round=660 layer=features.40 mean_q_equal=0.216500 mean_q_aa=0.222596 mean_abs_q_difference=0.011214 correlation_q_equal_aa=0.983866 top_reset_overlap=0.625000 sampling_entropy=6.209095 max_probability_over_uniform=1.637608 mean_eligible_client_sample_count=475.535915 min_eligible_client_sample_count=30.000000 max_eligible_client_sample_count=1447.000000 mean_total_eligible_sample_weight=28110.488281
ROUND_ACCURACY method=FedPhoenixRG-AA round=660 accuracy=70.379997
********************************************************************************
Round 660
ROUND_ACCURACY method=FedPhoenixRG-AA round=661 accuracy=76.300003
********************************************************************************
Round 661
ROUND_ACCURACY method=FedPhoenixRG-AA round=662 accuracy=77.230003
********************************************************************************
Round 662
ROUND_ACCURACY method=FedPhoenixRG-AA round=663 accuracy=80.169998
********************************************************************************
Round 663
ROUND_ACCURACY method=FedPhoenixRG-AA round=664 accuracy=80.889999
********************************************************************************
Round 664
ROUND_ACCURACY method=FedPhoenixRG-AA round=665 accuracy=80.279999
********************************************************************************
Round 665
ROUND_ACCURACY method=FedPhoenixRG-AA round=666 accuracy=81.070000
********************************************************************************
Round 666
ROUND_ACCURACY method=FedPhoenixRG-AA round=667 accuracy=80.559998
********************************************************************************
Round 667
ROUND_ACCURACY method=FedPhoenixRG-AA round=668 accuracy=76.389999
********************************************************************************
Round 668
ROUND_ACCURACY method=FedPhoenixRG-AA round=669 accuracy=81.980003
********************************************************************************
Round 669
ROUND_ACCURACY method=FedPhoenixRG-AA round=670 accuracy=71.360001
********************************************************************************
Round 670
ROUND_ACCURACY method=FedPhoenixRG-AA round=671 accuracy=71.169998
********************************************************************************
Round 671
ROUND_ACCURACY method=FedPhoenixRG-AA round=672 accuracy=72.050003
********************************************************************************
Round 672
ROUND_ACCURACY method=FedPhoenixRG-AA round=673 accuracy=79.879997
********************************************************************************
Round 673
ROUND_ACCURACY method=FedPhoenixRG-AA round=674 accuracy=76.379997
********************************************************************************
Round 674
ROUND_ACCURACY method=FedPhoenixRG-AA round=675 accuracy=79.800003
********************************************************************************
Round 675
ROUND_ACCURACY method=FedPhoenixRG-AA round=676 accuracy=79.349998
********************************************************************************
Round 676
ROUND_ACCURACY method=FedPhoenixRG-AA round=677 accuracy=79.709999
********************************************************************************
Round 677
ROUND_ACCURACY method=FedPhoenixRG-AA round=678 accuracy=78.410004
********************************************************************************
Round 678
ROUND_ACCURACY method=FedPhoenixRG-AA round=679 accuracy=66.279999
********************************************************************************
Round 679
RG_SCORE round=680 layer=features.0 mean_q=0.061181 max_q=0.256600 fraction_q_positive=0.718750 sampling_entropy=3.818839 uniform_entropy=4.158883 entropy_gap=0.340044 max_probability_over_uniform=3.395556 min_probability_over_uniform=0.250000
RG_AA_SCORE round=680 layer=features.0 mean_q_equal=0.073488 mean_q_aa=0.061181 mean_abs_q_difference=0.027762 correlation_q_equal_aa=0.865784 top_reset_overlap=none sampling_entropy=3.818839 max_probability_over_uniform=3.395556 mean_eligible_client_sample_count=508.966102 min_eligible_client_sample_count=30.000000 max_eligible_client_sample_count=1447.000000 mean_total_eligible_sample_weight=30029.000000
RG_SCORE round=680 layer=features.3 mean_q=0.072483 max_q=0.127848 fraction_q_positive=1.000000 sampling_entropy=4.127228 uniform_entropy=4.158883 entropy_gap=0.031655 max_probability_over_uniform=1.572886 min_probability_over_uniform=0.499204
RG_AA_SCORE round=680 layer=features.3 mean_q_equal=0.083169 mean_q_aa=0.072483 mean_abs_q_difference=0.012372 correlation_q_equal_aa=0.919603 top_reset_overlap=none sampling_entropy=4.127228 max_probability_over_uniform=1.572886 mean_eligible_client_sample_count=508.966102 min_eligible_client_sample_count=30.000000 max_eligible_client_sample_count=1447.000000 mean_total_eligible_sample_weight=30029.000000
RG_SCORE round=680 layer=features.7 mean_q=0.073801 max_q=0.140284 fraction_q_positive=1.000000 sampling_entropy=4.830452 uniform_entropy=4.852030 entropy_gap=0.021578 max_probability_over_uniform=1.675640 min_probability_over_uniform=0.500488
RG_AA_SCORE round=680 layer=features.7 mean_q_equal=0.086325 mean_q_aa=0.073801 mean_abs_q_difference=0.013189 correlation_q_equal_aa=0.920139 top_reset_overlap=none sampling_entropy=4.830452 max_probability_over_uniform=1.675640 mean_eligible_client_sample_count=508.966102 min_eligible_client_sample_count=30.000000 max_eligible_client_sample_count=1447.000000 mean_total_eligible_sample_weight=30029.000000
RG_SCORE round=680 layer=features.10 mean_q=0.070051 max_q=0.099881 fraction_q_positive=1.000000 sampling_entropy=4.842055 uniform_entropy=4.852030 entropy_gap=0.009976 max_probability_over_uniform=1.319379 min_probability_over_uniform=0.681066
RG_AA_SCORE round=680 layer=features.10 mean_q_equal=0.084179 mean_q_aa=0.070051 mean_abs_q_difference=0.014128 correlation_q_equal_aa=0.917413 top_reset_overlap=none sampling_entropy=4.842055 max_probability_over_uniform=1.319379 mean_eligible_client_sample_count=508.966102 min_eligible_client_sample_count=30.000000 max_eligible_client_sample_count=1447.000000 mean_total_eligible_sample_weight=30029.000000
RG_SCORE round=680 layer=features.14 mean_q=0.080996 max_q=0.153086 fraction_q_positive=1.000000 sampling_entropy=5.535533 uniform_entropy=5.545177 entropy_gap=0.009644 max_probability_over_uniform=1.667523 min_probability_over_uniform=0.673690
RG_AA_SCORE round=680 layer=features.14 mean_q_equal=0.095074 mean_q_aa=0.080996 mean_abs_q_difference=0.014087 correlation_q_equal_aa=0.933583 top_reset_overlap=none sampling_entropy=5.535533 max_probability_over_uniform=1.667523 mean_eligible_client_sample_count=508.966102 min_eligible_client_sample_count=30.000000 max_eligible_client_sample_count=1447.000000 mean_total_eligible_sample_weight=30029.000000
RG_SCORE round=680 layer=features.17 mean_q=0.081743 max_q=0.128003 fraction_q_positive=1.000000 sampling_entropy=5.533802 uniform_entropy=5.545177 entropy_gap=0.011376 max_probability_over_uniform=1.424444 min_probability_over_uniform=0.645032
RG_AA_SCORE round=680 layer=features.17 mean_q_equal=0.094639 mean_q_aa=0.081743 mean_abs_q_difference=0.012940 correlation_q_equal_aa=0.956374 top_reset_overlap=none sampling_entropy=5.533802 max_probability_over_uniform=1.424444 mean_eligible_client_sample_count=508.966102 min_eligible_client_sample_count=30.000000 max_eligible_client_sample_count=1447.000000 mean_total_eligible_sample_weight=30029.000000
RG_SCORE round=680 layer=features.20 mean_q=0.068305 max_q=0.096543 fraction_q_positive=1.000000 sampling_entropy=5.539077 uniform_entropy=5.545177 entropy_gap=0.006100 max_probability_over_uniform=1.310067 min_probability_over_uniform=0.726185
RG_AA_SCORE round=680 layer=features.20 mean_q_equal=0.081701 mean_q_aa=0.068305 mean_abs_q_difference=0.013408 correlation_q_equal_aa=0.899667 top_reset_overlap=none sampling_entropy=5.539077 max_probability_over_uniform=1.310067 mean_eligible_client_sample_count=508.966102 min_eligible_client_sample_count=30.000000 max_eligible_client_sample_count=1447.000000 mean_total_eligible_sample_weight=30029.000000
RG_SCORE round=680 layer=features.24 mean_q=0.119239 max_q=0.229964 fraction_q_positive=1.000000 sampling_entropy=6.228044 uniform_entropy=6.238325 entropy_gap=0.010281 max_probability_over_uniform=1.696455 min_probability_over_uniform=0.615370
RG_AA_SCORE round=680 layer=features.24 mean_q_equal=0.127908 mean_q_aa=0.119239 mean_abs_q_difference=0.009615 correlation_q_equal_aa=0.953267 top_reset_overlap=none sampling_entropy=6.228044 max_probability_over_uniform=1.696455 mean_eligible_client_sample_count=508.966102 min_eligible_client_sample_count=30.000000 max_eligible_client_sample_count=1447.000000 mean_total_eligible_sample_weight=30029.000000
RG_SCORE round=680 layer=features.27 mean_q=0.168634 max_q=0.232740 fraction_q_positive=1.000000 sampling_entropy=6.233120 uniform_entropy=6.238325 entropy_gap=0.005204 max_probability_over_uniform=1.285112 min_probability_over_uniform=0.727420
RG_AA_SCORE round=680 layer=features.27 mean_q_equal=0.170629 mean_q_aa=0.168634 mean_abs_q_difference=0.006591 correlation_q_equal_aa=0.938586 top_reset_overlap=0.625000 sampling_entropy=6.233120 max_probability_over_uniform=1.285112 mean_eligible_client_sample_count=509.500268 min_eligible_client_sample_count=30.000000 max_eligible_client_sample_count=1447.000000 mean_total_eligible_sample_weight=29706.253906
RG_SCORE round=680 layer=features.30 mean_q=0.139714 max_q=0.220540 fraction_q_positive=1.000000 sampling_entropy=6.231465 uniform_entropy=6.238325 entropy_gap=0.006860 max_probability_over_uniform=1.433883 min_probability_over_uniform=0.680412
RG_AA_SCORE round=680 layer=features.30 mean_q_equal=0.142175 mean_q_aa=0.139714 mean_abs_q_difference=0.006228 correlation_q_equal_aa=0.942193 top_reset_overlap=0.500000 sampling_entropy=6.231465 max_probability_over_uniform=1.433883 mean_eligible_client_sample_count=509.511558 min_eligible_client_sample_count=30.000000 max_eligible_client_sample_count=1447.000000 mean_total_eligible_sample_weight=29704.921875
RG_SCORE round=680 layer=features.34 mean_q=0.336398 max_q=0.441666 fraction_q_positive=0.998047 sampling_entropy=6.232232 uniform_entropy=6.238325 entropy_gap=0.006093 max_probability_over_uniform=1.234698 min_probability_over_uniform=0.250000
RG_AA_SCORE round=680 layer=features.34 mean_q_equal=0.326807 mean_q_aa=0.336398 mean_abs_q_difference=0.012889 correlation_q_equal_aa=0.961837 top_reset_overlap=0.875000 sampling_entropy=6.232232 max_probability_over_uniform=1.234698 mean_eligible_client_sample_count=509.563526 min_eligible_client_sample_count=30.000000 max_eligible_client_sample_count=1447.000000 mean_total_eligible_sample_weight=29703.970703
RG_SCORE round=680 layer=features.37 mean_q=0.318702 max_q=0.424744 fraction_q_positive=1.000000 sampling_entropy=6.233484 uniform_entropy=6.238325 entropy_gap=0.004841 max_probability_over_uniform=1.249549 min_probability_over_uniform=0.401145
RG_AA_SCORE round=680 layer=features.37 mean_q_equal=0.303131 mean_q_aa=0.318702 mean_abs_q_difference=0.017021 correlation_q_equal_aa=0.952040 top_reset_overlap=0.750000 sampling_entropy=6.233484 max_probability_over_uniform=1.249549 mean_eligible_client_sample_count=509.506634 min_eligible_client_sample_count=30.000000 max_eligible_client_sample_count=1447.000000 mean_total_eligible_sample_weight=29702.644531
RG_SCORE round=680 layer=features.40 mean_q=0.227963 max_q=0.455532 fraction_q_positive=0.998047 sampling_entropy=6.207404 uniform_entropy=6.238325 entropy_gap=0.030920 max_probability_over_uniform=1.748705 min_probability_over_uniform=0.250000
RG_AA_SCORE round=680 layer=features.40 mean_q_equal=0.215361 mean_q_aa=0.227963 mean_abs_q_difference=0.015385 correlation_q_equal_aa=0.980960 top_reset_overlap=0.750000 sampling_entropy=6.207404 max_probability_over_uniform=1.748705 mean_eligible_client_sample_count=509.505745 min_eligible_client_sample_count=30.000000 max_eligible_client_sample_count=1447.000000 mean_total_eligible_sample_weight=29705.578125
ROUND_ACCURACY method=FedPhoenixRG-AA round=680 accuracy=70.779999
********************************************************************************
Round 680
ROUND_ACCURACY method=FedPhoenixRG-AA round=681 accuracy=72.160004
********************************************************************************
Round 681
ROUND_ACCURACY method=FedPhoenixRG-AA round=682 accuracy=76.809998
********************************************************************************
Round 682
ROUND_ACCURACY method=FedPhoenixRG-AA round=683 accuracy=80.699997
********************************************************************************
Round 683
ROUND_ACCURACY method=FedPhoenixRG-AA round=684 accuracy=80.489998
********************************************************************************
Round 684
ROUND_ACCURACY method=FedPhoenixRG-AA round=685 accuracy=75.150002
********************************************************************************
Round 685
ROUND_ACCURACY method=FedPhoenixRG-AA round=686 accuracy=71.419998
********************************************************************************
Round 686
ROUND_ACCURACY method=FedPhoenixRG-AA round=687 accuracy=70.070000
********************************************************************************
Round 687
ROUND_ACCURACY method=FedPhoenixRG-AA round=688 accuracy=81.050003
********************************************************************************
Round 688
ROUND_ACCURACY method=FedPhoenixRG-AA round=689 accuracy=76.239998
********************************************************************************
Round 689
ROUND_ACCURACY method=FedPhoenixRG-AA round=690 accuracy=67.239998
********************************************************************************
Round 690
ROUND_ACCURACY method=FedPhoenixRG-AA round=691 accuracy=77.110001
********************************************************************************
Round 691
ROUND_ACCURACY method=FedPhoenixRG-AA round=692 accuracy=64.809998
********************************************************************************
Round 692
ROUND_ACCURACY method=FedPhoenixRG-AA round=693 accuracy=79.330002
********************************************************************************
Round 693
ROUND_ACCURACY method=FedPhoenixRG-AA round=694 accuracy=78.480003
********************************************************************************
Round 694
ROUND_ACCURACY method=FedPhoenixRG-AA round=695 accuracy=77.669998
********************************************************************************
Round 695
ROUND_ACCURACY method=FedPhoenixRG-AA round=696 accuracy=79.209999
********************************************************************************
Round 696
ROUND_ACCURACY method=FedPhoenixRG-AA round=697 accuracy=67.290001
********************************************************************************
Round 697
ROUND_ACCURACY method=FedPhoenixRG-AA round=698 accuracy=81.540001
********************************************************************************
Round 698
ROUND_ACCURACY method=FedPhoenixRG-AA round=699 accuracy=79.760002
********************************************************************************
Round 699
RG_SCORE round=700 layer=features.0 mean_q=0.064026 max_q=0.190745 fraction_q_positive=0.718750 sampling_entropy=3.902497 uniform_entropy=4.158883 entropy_gap=0.256386 max_probability_over_uniform=2.484370 min_probability_over_uniform=0.250000
RG_AA_SCORE round=700 layer=features.0 mean_q_equal=0.063266 mean_q_aa=0.064026 mean_abs_q_difference=0.021443 correlation_q_equal_aa=0.874647 top_reset_overlap=none sampling_entropy=3.902497 max_probability_over_uniform=2.484370 mean_eligible_client_sample_count=515.460317 min_eligible_client_sample_count=30.000000 max_eligible_client_sample_count=1447.000000 mean_total_eligible_sample_weight=32474.000000
RG_SCORE round=700 layer=features.3 mean_q=0.048212 max_q=0.091813 fraction_q_positive=1.000000 sampling_entropy=4.086867 uniform_entropy=4.158883 entropy_gap=0.072016 max_probability_over_uniform=1.678269 min_probability_over_uniform=0.295076
RG_AA_SCORE round=700 layer=features.3 mean_q_equal=0.053405 mean_q_aa=0.048212 mean_abs_q_difference=0.009499 correlation_q_equal_aa=0.906559 top_reset_overlap=none sampling_entropy=4.086867 max_probability_over_uniform=1.678269 mean_eligible_client_sample_count=515.460317 min_eligible_client_sample_count=30.000000 max_eligible_client_sample_count=1447.000000 mean_total_eligible_sample_weight=32474.000000
RG_SCORE round=700 layer=features.7 mean_q=0.057079 max_q=0.118887 fraction_q_positive=1.000000 sampling_entropy=4.818374 uniform_entropy=4.852030 entropy_gap=0.033656 max_probability_over_uniform=1.812140 min_probability_over_uniform=0.389525
RG_AA_SCORE round=700 layer=features.7 mean_q_equal=0.064644 mean_q_aa=0.057079 mean_abs_q_difference=0.009902 correlation_q_equal_aa=0.890770 top_reset_overlap=none sampling_entropy=4.818374 max_probability_over_uniform=1.812140 mean_eligible_client_sample_count=515.460317 min_eligible_client_sample_count=30.000000 max_eligible_client_sample_count=1447.000000 mean_total_eligible_sample_weight=32474.000000
RG_SCORE round=700 layer=features.10 mean_q=0.054345 max_q=0.093413 fraction_q_positive=1.000000 sampling_entropy=4.834271 uniform_entropy=4.852030 entropy_gap=0.017759 max_probability_over_uniform=1.539161 min_probability_over_uniform=0.474771
RG_AA_SCORE round=700 layer=features.10 mean_q_equal=0.062927 mean_q_aa=0.054345 mean_abs_q_difference=0.008705 correlation_q_equal_aa=0.927191 top_reset_overlap=none sampling_entropy=4.834271 max_probability_over_uniform=1.539161 mean_eligible_client_sample_count=515.460317 min_eligible_client_sample_count=30.000000 max_eligible_client_sample_count=1447.000000 mean_total_eligible_sample_weight=32474.000000
RG_SCORE round=700 layer=features.14 mean_q=0.062040 max_q=0.127575 fraction_q_positive=1.000000 sampling_entropy=5.526943 uniform_entropy=5.545177 entropy_gap=0.018234 max_probability_over_uniform=1.792250 min_probability_over_uniform=0.550908
RG_AA_SCORE round=700 layer=features.14 mean_q_equal=0.071299 mean_q_aa=0.062040 mean_abs_q_difference=0.009603 correlation_q_equal_aa=0.941223 top_reset_overlap=none sampling_entropy=5.526943 max_probability_over_uniform=1.792250 mean_eligible_client_sample_count=515.460317 min_eligible_client_sample_count=30.000000 max_eligible_client_sample_count=1447.000000 mean_total_eligible_sample_weight=32474.000000
RG_SCORE round=700 layer=features.17 mean_q=0.060521 max_q=0.109777 fraction_q_positive=1.000000 sampling_entropy=5.529812 uniform_entropy=5.545177 entropy_gap=0.015366 max_probability_over_uniform=1.610391 min_probability_over_uniform=0.603565
RG_AA_SCORE round=700 layer=features.17 mean_q_equal=0.070026 mean_q_aa=0.060521 mean_abs_q_difference=0.009612 correlation_q_equal_aa=0.957420 top_reset_overlap=none sampling_entropy=5.529812 max_probability_over_uniform=1.610391 mean_eligible_client_sample_count=515.460317 min_eligible_client_sample_count=30.000000 max_eligible_client_sample_count=1447.000000 mean_total_eligible_sample_weight=32474.000000
RG_SCORE round=700 layer=features.20 mean_q=0.051258 max_q=0.087349 fraction_q_positive=1.000000 sampling_entropy=5.533855 uniform_entropy=5.545177 entropy_gap=0.011323 max_probability_over_uniform=1.528093 min_probability_over_uniform=0.623304
RG_AA_SCORE round=700 layer=features.20 mean_q_equal=0.061374 mean_q_aa=0.051258 mean_abs_q_difference=0.010138 correlation_q_equal_aa=0.925846 top_reset_overlap=none sampling_entropy=5.533855 max_probability_over_uniform=1.528093 mean_eligible_client_sample_count=515.460317 min_eligible_client_sample_count=30.000000 max_eligible_client_sample_count=1447.000000 mean_total_eligible_sample_weight=32474.000000
RG_SCORE round=700 layer=features.24 mean_q=0.085169 max_q=0.149112 fraction_q_positive=1.000000 sampling_entropy=6.218238 uniform_entropy=6.238325 entropy_gap=0.020086 max_probability_over_uniform=1.563084 min_probability_over_uniform=0.456482
RG_AA_SCORE round=700 layer=features.24 mean_q_equal=0.093492 mean_q_aa=0.085169 mean_abs_q_difference=0.010119 correlation_q_equal_aa=0.923211 top_reset_overlap=none sampling_entropy=6.218238 max_probability_over_uniform=1.563084 mean_eligible_client_sample_count=515.460317 min_eligible_client_sample_count=30.000000 max_eligible_client_sample_count=1447.000000 mean_total_eligible_sample_weight=32474.000000
RG_SCORE round=700 layer=features.27 mean_q=0.118617 max_q=0.194113 fraction_q_positive=1.000000 sampling_entropy=6.220439 uniform_entropy=6.238325 entropy_gap=0.017886 max_probability_over_uniform=1.477350 min_probability_over_uniform=0.438302
RG_AA_SCORE round=700 layer=features.27 mean_q_equal=0.122125 mean_q_aa=0.118617 mean_abs_q_difference=0.008020 correlation_q_equal_aa=0.957192 top_reset_overlap=none sampling_entropy=6.220439 max_probability_over_uniform=1.477350 mean_eligible_client_sample_count=515.729939 min_eligible_client_sample_count=30.000000 max_eligible_client_sample_count=1447.000000 mean_total_eligible_sample_weight=32210.960938
RG_SCORE round=700 layer=features.30 mean_q=0.096221 max_q=0.166926 fraction_q_positive=0.998047 sampling_entropy=6.215090 uniform_entropy=6.238325 entropy_gap=0.023235 max_probability_over_uniform=1.551117 min_probability_over_uniform=0.250000
RG_AA_SCORE round=700 layer=features.30 mean_q_equal=0.100049 mean_q_aa=0.096221 mean_abs_q_difference=0.006966 correlation_q_equal_aa=0.961044 top_reset_overlap=0.875000 sampling_entropy=6.215090 max_probability_over_uniform=1.551117 mean_eligible_client_sample_count=516.130127 min_eligible_client_sample_count=30.000000 max_eligible_client_sample_count=1447.000000 mean_total_eligible_sample_weight=32048.455078
RG_SCORE round=700 layer=features.34 mean_q=0.258307 max_q=0.409161 fraction_q_positive=1.000000 sampling_entropy=6.222705 uniform_entropy=6.238325 entropy_gap=0.015620 max_probability_over_uniform=1.438009 min_probability_over_uniform=0.376132
RG_AA_SCORE round=700 layer=features.34 mean_q_equal=0.254639 mean_q_aa=0.258307 mean_abs_q_difference=0.012676 correlation_q_equal_aa=0.971535 top_reset_overlap=0.875000 sampling_entropy=6.222705 max_probability_over_uniform=1.438009 mean_eligible_client_sample_count=516.160974 min_eligible_client_sample_count=30.000000 max_eligible_client_sample_count=1447.000000 mean_total_eligible_sample_weight=32052.386719
RG_SCORE round=700 layer=features.37 mean_q=0.266162 max_q=0.410752 fraction_q_positive=0.998047 sampling_entropy=6.225100 uniform_entropy=6.238325 entropy_gap=0.013224 max_probability_over_uniform=1.407432 min_probability_over_uniform=0.250000
RG_AA_SCORE round=700 layer=features.37 mean_q_equal=0.262600 mean_q_aa=0.266162 mean_abs_q_difference=0.010652 correlation_q_equal_aa=0.977186 top_reset_overlap=0.750000 sampling_entropy=6.225100 max_probability_over_uniform=1.407432 mean_eligible_client_sample_count=516.148394 min_eligible_client_sample_count=30.000000 max_eligible_client_sample_count=1447.000000 mean_total_eligible_sample_weight=32044.548828
RG_SCORE round=700 layer=features.40 mean_q=0.207012 max_q=0.432811 fraction_q_positive=0.990234 sampling_entropy=6.190800 uniform_entropy=6.238325 entropy_gap=0.047524 max_probability_over_uniform=1.818067 min_probability_over_uniform=0.250000
RG_AA_SCORE round=700 layer=features.40 mean_q_equal=0.205096 mean_q_aa=0.207012 mean_abs_q_difference=0.014824 correlation_q_equal_aa=0.974109 top_reset_overlap=0.750000 sampling_entropy=6.190800 max_probability_over_uniform=1.818067 mean_eligible_client_sample_count=516.104836 min_eligible_client_sample_count=30.000000 max_eligible_client_sample_count=1447.000000 mean_total_eligible_sample_weight=32037.812500
ROUND_ACCURACY method=FedPhoenixRG-AA round=700 accuracy=80.459999
********************************************************************************
Round 700
ROUND_ACCURACY method=FedPhoenixRG-AA round=701 accuracy=79.849998
********************************************************************************
Round 701
ROUND_ACCURACY method=FedPhoenixRG-AA round=702 accuracy=70.230003
********************************************************************************
Round 702
ROUND_ACCURACY method=FedPhoenixRG-AA round=703 accuracy=69.019997
********************************************************************************
Round 703
ROUND_ACCURACY method=FedPhoenixRG-AA round=704 accuracy=80.980003
********************************************************************************
Round 704
ROUND_ACCURACY method=FedPhoenixRG-AA round=705 accuracy=81.169998
********************************************************************************
Round 705
ROUND_ACCURACY method=FedPhoenixRG-AA round=706 accuracy=81.930000
********************************************************************************
Round 706
ROUND_ACCURACY method=FedPhoenixRG-AA round=707 accuracy=81.839996
********************************************************************************
Round 707
ROUND_ACCURACY method=FedPhoenixRG-AA round=708 accuracy=81.580002
********************************************************************************
Round 708
ROUND_ACCURACY method=FedPhoenixRG-AA round=709 accuracy=79.540001
********************************************************************************
Round 709
ROUND_ACCURACY method=FedPhoenixRG-AA round=710 accuracy=81.779999
********************************************************************************
Round 710
ROUND_ACCURACY method=FedPhoenixRG-AA round=711 accuracy=77.790001
********************************************************************************
Round 711
ROUND_ACCURACY method=FedPhoenixRG-AA round=712 accuracy=58.900002
********************************************************************************
Round 712
ROUND_ACCURACY method=FedPhoenixRG-AA round=713 accuracy=78.900002
********************************************************************************
Round 713
ROUND_ACCURACY method=FedPhoenixRG-AA round=714 accuracy=63.259998
********************************************************************************
Round 714
ROUND_ACCURACY method=FedPhoenixRG-AA round=715 accuracy=70.230003
********************************************************************************
Round 715
ROUND_ACCURACY method=FedPhoenixRG-AA round=716 accuracy=78.820000
********************************************************************************
Round 716
ROUND_ACCURACY method=FedPhoenixRG-AA round=717 accuracy=74.629997
********************************************************************************
Round 717
ROUND_ACCURACY method=FedPhoenixRG-AA round=718 accuracy=78.050003
********************************************************************************
Round 718
ROUND_ACCURACY method=FedPhoenixRG-AA round=719 accuracy=78.370003
********************************************************************************
Round 719
RG_SCORE round=720 layer=features.0 mean_q=0.074313 max_q=0.380539 fraction_q_positive=0.640625 sampling_entropy=3.786003 uniform_entropy=4.158883 entropy_gap=0.372880 max_probability_over_uniform=4.090556 min_probability_over_uniform=0.250000
RG_AA_SCORE round=720 layer=features.0 mean_q_equal=0.069549 mean_q_aa=0.074313 mean_abs_q_difference=0.024210 correlation_q_equal_aa=0.927365 top_reset_overlap=none sampling_entropy=3.786003 max_probability_over_uniform=4.090556 mean_eligible_client_sample_count=511.900000 min_eligible_client_sample_count=30.000000 max_eligible_client_sample_count=1447.000000 mean_total_eligible_sample_weight=30714.000000
RG_SCORE round=720 layer=features.3 mean_q=0.036320 max_q=0.116761 fraction_q_positive=0.843750 sampling_entropy=3.980167 uniform_entropy=4.158883 entropy_gap=0.178716 max_probability_over_uniform=2.661083 min_probability_over_uniform=0.250000
RG_AA_SCORE round=720 layer=features.3 mean_q_equal=0.043618 mean_q_aa=0.036320 mean_abs_q_difference=0.010461 correlation_q_equal_aa=0.926951 top_reset_overlap=none sampling_entropy=3.980167 max_probability_over_uniform=2.661083 mean_eligible_client_sample_count=511.900000 min_eligible_client_sample_count=30.000000 max_eligible_client_sample_count=1447.000000 mean_total_eligible_sample_weight=30714.000000
RG_SCORE round=720 layer=features.7 mean_q=0.042498 max_q=0.097639 fraction_q_positive=0.960938 sampling_entropy=4.767918 uniform_entropy=4.852030 entropy_gap=0.084112 max_probability_over_uniform=1.973113 min_probability_over_uniform=0.250000
RG_AA_SCORE round=720 layer=features.7 mean_q_equal=0.051174 mean_q_aa=0.042498 mean_abs_q_difference=0.010205 correlation_q_equal_aa=0.921690 top_reset_overlap=none sampling_entropy=4.767918 max_probability_over_uniform=1.973113 mean_eligible_client_sample_count=511.900000 min_eligible_client_sample_count=30.000000 max_eligible_client_sample_count=1447.000000 mean_total_eligible_sample_weight=30714.000000
RG_SCORE round=720 layer=features.10 mean_q=0.043665 max_q=0.089992 fraction_q_positive=1.000000 sampling_entropy=4.814603 uniform_entropy=4.852030 entropy_gap=0.037427 max_probability_over_uniform=1.795713 min_probability_over_uniform=0.304189
RG_AA_SCORE round=720 layer=features.10 mean_q_equal=0.052445 mean_q_aa=0.043665 mean_abs_q_difference=0.009177 correlation_q_equal_aa=0.909005 top_reset_overlap=none sampling_entropy=4.814603 max_probability_over_uniform=1.795713 mean_eligible_client_sample_count=511.900000 min_eligible_client_sample_count=30.000000 max_eligible_client_sample_count=1447.000000 mean_total_eligible_sample_weight=30714.000000
RG_SCORE round=720 layer=features.14 mean_q=0.053919 max_q=0.162390 fraction_q_positive=1.000000 sampling_entropy=5.501878 uniform_entropy=5.545177 entropy_gap=0.043299 max_probability_over_uniform=2.508817 min_probability_over_uniform=0.314826
RG_AA_SCORE round=720 layer=features.14 mean_q_equal=0.061073 mean_q_aa=0.053919 mean_abs_q_difference=0.008732 correlation_q_equal_aa=0.937583 top_reset_overlap=none sampling_entropy=5.501878 max_probability_over_uniform=2.508817 mean_eligible_client_sample_count=511.900000 min_eligible_client_sample_count=30.000000 max_eligible_client_sample_count=1447.000000 mean_total_eligible_sample_weight=30714.000000
RG_SCORE round=720 layer=features.17 mean_q=0.050808 max_q=0.120641 fraction_q_positive=0.992188 sampling_entropy=5.505248 uniform_entropy=5.545177 entropy_gap=0.039929 max_probability_over_uniform=2.030834 min_probability_over_uniform=0.250000
RG_AA_SCORE round=720 layer=features.17 mean_q_equal=0.058058 mean_q_aa=0.050808 mean_abs_q_difference=0.008391 correlation_q_equal_aa=0.930294 top_reset_overlap=none sampling_entropy=5.505248 max_probability_over_uniform=2.030834 mean_eligible_client_sample_count=511.900000 min_eligible_client_sample_count=30.000000 max_eligible_client_sample_count=1447.000000 mean_total_eligible_sample_weight=30714.000000
RG_SCORE round=720 layer=features.20 mean_q=0.043279 max_q=0.084074 fraction_q_positive=1.000000 sampling_entropy=5.509244 uniform_entropy=5.545177 entropy_gap=0.035933 max_probability_over_uniform=1.706958 min_probability_over_uniform=0.275585
RG_AA_SCORE round=720 layer=features.20 mean_q_equal=0.051242 mean_q_aa=0.043279 mean_abs_q_difference=0.008644 correlation_q_equal_aa=0.887332 top_reset_overlap=none sampling_entropy=5.509244 max_probability_over_uniform=1.706958 mean_eligible_client_sample_count=511.900000 min_eligible_client_sample_count=30.000000 max_eligible_client_sample_count=1447.000000 mean_total_eligible_sample_weight=30714.000000
RG_SCORE round=720 layer=features.24 mean_q=0.078548 max_q=0.201050 fraction_q_positive=1.000000 sampling_entropy=6.211796 uniform_entropy=6.238325 entropy_gap=0.026528 max_probability_over_uniform=2.169680 min_probability_over_uniform=0.255509
RG_AA_SCORE round=720 layer=features.24 mean_q_equal=0.079161 mean_q_aa=0.078548 mean_abs_q_difference=0.009825 correlation_q_equal_aa=0.865688 top_reset_overlap=none sampling_entropy=6.211796 max_probability_over_uniform=2.169680 mean_eligible_client_sample_count=511.900000 min_eligible_client_sample_count=30.000000 max_eligible_client_sample_count=1447.000000 mean_total_eligible_sample_weight=30714.000000
RG_SCORE round=720 layer=features.27 mean_q=0.102359 max_q=0.210878 fraction_q_positive=0.996094 sampling_entropy=6.209468 uniform_entropy=6.238325 entropy_gap=0.028856 max_probability_over_uniform=1.795133 min_probability_over_uniform=0.250000
RG_AA_SCORE round=720 layer=features.27 mean_q_equal=0.093249 mean_q_aa=0.102359 mean_abs_q_difference=0.012826 correlation_q_equal_aa=0.915232 top_reset_overlap=none sampling_entropy=6.209468 max_probability_over_uniform=1.795133 mean_eligible_client_sample_count=511.900000 min_eligible_client_sample_count=30.000000 max_eligible_client_sample_count=1447.000000 mean_total_eligible_sample_weight=30714.000000
RG_SCORE round=720 layer=features.30 mean_q=0.077193 max_q=0.168560 fraction_q_positive=0.998047 sampling_entropy=6.203227 uniform_entropy=6.238325 entropy_gap=0.035098 max_probability_over_uniform=1.887719 min_probability_over_uniform=0.250000
RG_AA_SCORE round=720 layer=features.30 mean_q_equal=0.065974 mean_q_aa=0.077193 mean_abs_q_difference=0.014222 correlation_q_equal_aa=0.880154 top_reset_overlap=0.750000 sampling_entropy=6.203227 max_probability_over_uniform=1.887719 mean_eligible_client_sample_count=511.613651 min_eligible_client_sample_count=30.000000 max_eligible_client_sample_count=1447.000000 mean_total_eligible_sample_weight=30245.160156
RG_SCORE round=720 layer=features.34 mean_q=0.186010 max_q=0.361789 fraction_q_positive=0.982422 sampling_entropy=6.183955 uniform_entropy=6.238325 entropy_gap=0.054369 max_probability_over_uniform=1.708748 min_probability_over_uniform=0.250000
RG_AA_SCORE round=720 layer=features.34 mean_q_equal=0.149399 mean_q_aa=0.186010 mean_abs_q_difference=0.041806 correlation_q_equal_aa=0.902715 top_reset_overlap=0.750000 sampling_entropy=6.183955 max_probability_over_uniform=1.708748 mean_eligible_client_sample_count=511.569238 min_eligible_client_sample_count=30.000000 max_eligible_client_sample_count=1447.000000 mean_total_eligible_sample_weight=30239.537109
RG_SCORE round=720 layer=features.37 mean_q=0.161621 max_q=0.363704 fraction_q_positive=0.964844 sampling_entropy=6.172404 uniform_entropy=6.238325 entropy_gap=0.065921 max_probability_over_uniform=1.937758 min_probability_over_uniform=0.250000
RG_AA_SCORE round=720 layer=features.37 mean_q_equal=0.123749 mean_q_aa=0.161621 mean_abs_q_difference=0.040208 correlation_q_equal_aa=0.917149 top_reset_overlap=0.625000 sampling_entropy=6.172404 max_probability_over_uniform=1.937758 mean_eligible_client_sample_count=511.543049 min_eligible_client_sample_count=30.000000 max_eligible_client_sample_count=1447.000000 mean_total_eligible_sample_weight=30240.986328
RG_SCORE round=720 layer=features.40 mean_q=0.111869 max_q=0.317752 fraction_q_positive=0.900391 sampling_entropy=6.107182 uniform_entropy=6.238325 entropy_gap=0.131143 max_probability_over_uniform=2.380303 min_probability_over_uniform=0.250000
RG_AA_SCORE round=720 layer=features.40 mean_q_equal=0.085484 mean_q_aa=0.111869 mean_abs_q_difference=0.033935 correlation_q_equal_aa=0.877166 top_reset_overlap=0.625000 sampling_entropy=6.107182 max_probability_over_uniform=2.380303 mean_eligible_client_sample_count=511.632504 min_eligible_client_sample_count=30.000000 max_eligible_client_sample_count=1447.000000 mean_total_eligible_sample_weight=30245.275391
ROUND_ACCURACY method=FedPhoenixRG-AA round=720 accuracy=78.779999
********************************************************************************
Round 720
ROUND_ACCURACY method=FedPhoenixRG-AA round=721 accuracy=76.300003
********************************************************************************
Round 721
ROUND_ACCURACY method=FedPhoenixRG-AA round=722 accuracy=71.379997
********************************************************************************
Round 722
ROUND_ACCURACY method=FedPhoenixRG-AA round=723 accuracy=77.470001
********************************************************************************
Round 723
ROUND_ACCURACY method=FedPhoenixRG-AA round=724 accuracy=73.809998
********************************************************************************
Round 724
ROUND_ACCURACY method=FedPhoenixRG-AA round=725 accuracy=70.949997
********************************************************************************
Round 725
ROUND_ACCURACY method=FedPhoenixRG-AA round=726 accuracy=67.389999
********************************************************************************
Round 726
ROUND_ACCURACY method=FedPhoenixRG-AA round=727 accuracy=79.879997
********************************************************************************
Round 727
ROUND_ACCURACY method=FedPhoenixRG-AA round=728 accuracy=79.669998
********************************************************************************
Round 728
ROUND_ACCURACY method=FedPhoenixRG-AA round=729 accuracy=77.430000
********************************************************************************
Round 729
ROUND_ACCURACY method=FedPhoenixRG-AA round=730 accuracy=72.500000
********************************************************************************
Round 730
ROUND_ACCURACY method=FedPhoenixRG-AA round=731 accuracy=77.570000
********************************************************************************
Round 731
ROUND_ACCURACY method=FedPhoenixRG-AA round=732 accuracy=74.930000
********************************************************************************
Round 732
ROUND_ACCURACY method=FedPhoenixRG-AA round=733 accuracy=67.309998
********************************************************************************
Round 733
ROUND_ACCURACY method=FedPhoenixRG-AA round=734 accuracy=74.849998
********************************************************************************
Round 734
ROUND_ACCURACY method=FedPhoenixRG-AA round=735 accuracy=64.000000
********************************************************************************
Round 735
ROUND_ACCURACY method=FedPhoenixRG-AA round=736 accuracy=69.440002
********************************************************************************
Round 736
ROUND_ACCURACY method=FedPhoenixRG-AA round=737 accuracy=74.620003
********************************************************************************
Round 737
ROUND_ACCURACY method=FedPhoenixRG-AA round=738 accuracy=74.839996
********************************************************************************
Round 738
ROUND_ACCURACY method=FedPhoenixRG-AA round=739 accuracy=80.730003
********************************************************************************
Round 739
RG_SCORE round=740 layer=features.0 mean_q=0.076422 max_q=0.313653 fraction_q_positive=0.703125 sampling_entropy=3.873473 uniform_entropy=4.158883 entropy_gap=0.285410 max_probability_over_uniform=3.328182 min_probability_over_uniform=0.250000
RG_AA_SCORE round=740 layer=features.0 mean_q_equal=0.077175 mean_q_aa=0.076422 mean_abs_q_difference=0.020177 correlation_q_equal_aa=0.936116 top_reset_overlap=none sampling_entropy=3.873473 max_probability_over_uniform=3.328182 mean_eligible_client_sample_count=473.271186 min_eligible_client_sample_count=30.000000 max_eligible_client_sample_count=1017.000000 mean_total_eligible_sample_weight=27923.000000
RG_SCORE round=740 layer=features.3 mean_q=0.053438 max_q=0.135362 fraction_q_positive=0.906250 sampling_entropy=4.025344 uniform_entropy=4.158883 entropy_gap=0.133539 max_probability_over_uniform=2.149813 min_probability_over_uniform=0.250000
RG_AA_SCORE round=740 layer=features.3 mean_q_equal=0.064008 mean_q_aa=0.053438 mean_abs_q_difference=0.013385 correlation_q_equal_aa=0.961623 top_reset_overlap=none sampling_entropy=4.025344 max_probability_over_uniform=2.149813 mean_eligible_client_sample_count=473.271186 min_eligible_client_sample_count=30.000000 max_eligible_client_sample_count=1017.000000 mean_total_eligible_sample_weight=27923.000000
RG_SCORE round=740 layer=features.7 mean_q=0.043805 max_q=0.133281 fraction_q_positive=0.968750 sampling_entropy=4.742535 uniform_entropy=4.852030 entropy_gap=0.109495 max_probability_over_uniform=2.531947 min_probability_over_uniform=0.250000
RG_AA_SCORE round=740 layer=features.7 mean_q_equal=0.056392 mean_q_aa=0.043805 mean_abs_q_difference=0.012999 correlation_q_equal_aa=0.961036 top_reset_overlap=none sampling_entropy=4.742535 max_probability_over_uniform=2.531947 mean_eligible_client_sample_count=473.271186 min_eligible_client_sample_count=30.000000 max_eligible_client_sample_count=1017.000000 mean_total_eligible_sample_weight=27923.000000
RG_SCORE round=740 layer=features.10 mean_q=0.037324 max_q=0.078505 fraction_q_positive=0.953125 sampling_entropy=4.782399 uniform_entropy=4.852030 entropy_gap=0.069631 max_probability_over_uniform=1.827494 min_probability_over_uniform=0.250000
RG_AA_SCORE round=740 layer=features.10 mean_q_equal=0.051071 mean_q_aa=0.037324 mean_abs_q_difference=0.013747 correlation_q_equal_aa=0.970487 top_reset_overlap=none sampling_entropy=4.782399 max_probability_over_uniform=1.827494 mean_eligible_client_sample_count=473.271186 min_eligible_client_sample_count=30.000000 max_eligible_client_sample_count=1017.000000 mean_total_eligible_sample_weight=27923.000000
RG_SCORE round=740 layer=features.14 mean_q=0.040481 max_q=0.116480 fraction_q_positive=0.945312 sampling_entropy=5.452214 uniform_entropy=5.545177 entropy_gap=0.092963 max_probability_over_uniform=2.408053 min_probability_over_uniform=0.250000
RG_AA_SCORE round=740 layer=features.14 mean_q_equal=0.055128 mean_q_aa=0.040481 mean_abs_q_difference=0.014648 correlation_q_equal_aa=0.971048 top_reset_overlap=none sampling_entropy=5.452214 max_probability_over_uniform=2.408053 mean_eligible_client_sample_count=473.271186 min_eligible_client_sample_count=30.000000 max_eligible_client_sample_count=1017.000000 mean_total_eligible_sample_weight=27923.000000
RG_SCORE round=740 layer=features.17 mean_q=0.039294 max_q=0.106406 fraction_q_positive=0.953125 sampling_entropy=5.469026 uniform_entropy=5.545177 entropy_gap=0.076152 max_probability_over_uniform=2.280957 min_probability_over_uniform=0.250000
RG_AA_SCORE round=740 layer=features.17 mean_q_equal=0.053777 mean_q_aa=0.039294 mean_abs_q_difference=0.014483 correlation_q_equal_aa=0.970195 top_reset_overlap=none sampling_entropy=5.469026 max_probability_over_uniform=2.280957 mean_eligible_client_sample_count=473.271186 min_eligible_client_sample_count=30.000000 max_eligible_client_sample_count=1017.000000 mean_total_eligible_sample_weight=27923.000000
RG_SCORE round=740 layer=features.20 mean_q=0.034757 max_q=0.074376 fraction_q_positive=0.976562 sampling_entropy=5.479082 uniform_entropy=5.545177 entropy_gap=0.066096 max_probability_over_uniform=1.854915 min_probability_over_uniform=0.250000
RG_AA_SCORE round=740 layer=features.20 mean_q_equal=0.047830 mean_q_aa=0.034757 mean_abs_q_difference=0.013073 correlation_q_equal_aa=0.965437 top_reset_overlap=none sampling_entropy=5.479082 max_probability_over_uniform=1.854915 mean_eligible_client_sample_count=473.271186 min_eligible_client_sample_count=30.000000 max_eligible_client_sample_count=1017.000000 mean_total_eligible_sample_weight=27923.000000
RG_SCORE round=740 layer=features.24 mean_q=0.065327 max_q=0.149299 fraction_q_positive=0.976562 sampling_entropy=6.169731 uniform_entropy=6.238325 entropy_gap=0.068594 max_probability_over_uniform=1.964051 min_probability_over_uniform=0.250000
RG_AA_SCORE round=740 layer=features.24 mean_q_equal=0.078896 mean_q_aa=0.065327 mean_abs_q_difference=0.013771 correlation_q_equal_aa=0.980261 top_reset_overlap=none sampling_entropy=6.169731 max_probability_over_uniform=1.964051 mean_eligible_client_sample_count=473.271186 min_eligible_client_sample_count=30.000000 max_eligible_client_sample_count=1017.000000 mean_total_eligible_sample_weight=27923.000000
RG_SCORE round=740 layer=features.27 mean_q=0.089052 max_q=0.169577 fraction_q_positive=1.000000 sampling_entropy=6.199217 uniform_entropy=6.238325 entropy_gap=0.039108 max_probability_over_uniform=1.678185 min_probability_over_uniform=0.253245
RG_AA_SCORE round=740 layer=features.27 mean_q_equal=0.101672 mean_q_aa=0.089052 mean_abs_q_difference=0.012860 correlation_q_equal_aa=0.980260 top_reset_overlap=none sampling_entropy=6.199217 max_probability_over_uniform=1.678185 mean_eligible_client_sample_count=473.271186 min_eligible_client_sample_count=30.000000 max_eligible_client_sample_count=1017.000000 mean_total_eligible_sample_weight=27923.000000
RG_SCORE round=740 layer=features.30 mean_q=0.083838 max_q=0.157057 fraction_q_positive=1.000000 sampling_entropy=6.215940 uniform_entropy=6.238325 entropy_gap=0.022384 max_probability_over_uniform=1.655007 min_probability_over_uniform=0.400826
RG_AA_SCORE round=740 layer=features.30 mean_q_equal=0.093639 mean_q_aa=0.083838 mean_abs_q_difference=0.010211 correlation_q_equal_aa=0.968224 top_reset_overlap=0.750000 sampling_entropy=6.215940 max_probability_over_uniform=1.655007 mean_eligible_client_sample_count=473.257303 min_eligible_client_sample_count=30.000000 max_eligible_client_sample_count=1017.000000 mean_total_eligible_sample_weight=27560.767578
RG_SCORE round=740 layer=features.34 mean_q=0.216035 max_q=0.377459 fraction_q_positive=1.000000 sampling_entropy=6.210084 uniform_entropy=6.238325 entropy_gap=0.028240 max_probability_over_uniform=1.560408 min_probability_over_uniform=0.257091
RG_AA_SCORE round=740 layer=features.34 mean_q_equal=0.223900 mean_q_aa=0.216035 mean_abs_q_difference=0.014301 correlation_q_equal_aa=0.980617 top_reset_overlap=0.750000 sampling_entropy=6.210084 max_probability_over_uniform=1.560408 mean_eligible_client_sample_count=473.251082 min_eligible_client_sample_count=30.000000 max_eligible_client_sample_count=1017.000000 mean_total_eligible_sample_weight=27562.253906
RG_SCORE round=740 layer=features.37 mean_q=0.230721 max_q=0.425536 fraction_q_positive=0.996094 sampling_entropy=6.215520 uniform_entropy=6.238325 entropy_gap=0.022805 max_probability_over_uniform=1.633284 min_probability_over_uniform=0.250000
RG_AA_SCORE round=740 layer=features.37 mean_q_equal=0.235118 mean_q_aa=0.230721 mean_abs_q_difference=0.011254 correlation_q_equal_aa=0.983587 top_reset_overlap=0.750000 sampling_entropy=6.215520 max_probability_over_uniform=1.633284 mean_eligible_client_sample_count=473.272115 min_eligible_client_sample_count=30.000000 max_eligible_client_sample_count=1017.000000 mean_total_eligible_sample_weight=27566.251953
RG_SCORE round=740 layer=features.40 mean_q=0.167146 max_q=0.382719 fraction_q_positive=0.984375 sampling_entropy=6.178006 uniform_entropy=6.238325 entropy_gap=0.060318 max_probability_over_uniform=1.967293 min_probability_over_uniform=0.250000
RG_AA_SCORE round=740 layer=features.40 mean_q_equal=0.167446 mean_q_aa=0.167146 mean_abs_q_difference=0.013148 correlation_q_equal_aa=0.979243 top_reset_overlap=0.750000 sampling_entropy=6.178006 max_probability_over_uniform=1.967293 mean_eligible_client_sample_count=473.264662 min_eligible_client_sample_count=30.000000 max_eligible_client_sample_count=1017.000000 mean_total_eligible_sample_weight=27566.742188
ROUND_ACCURACY method=FedPhoenixRG-AA round=740 accuracy=62.779999
********************************************************************************
Round 740
ROUND_ACCURACY method=FedPhoenixRG-AA round=741 accuracy=70.300003
********************************************************************************
Round 741
ROUND_ACCURACY method=FedPhoenixRG-AA round=742 accuracy=66.739998
********************************************************************************
Round 742
ROUND_ACCURACY method=FedPhoenixRG-AA round=743 accuracy=72.510002
********************************************************************************
Round 743
ROUND_ACCURACY method=FedPhoenixRG-AA round=744 accuracy=81.269997
********************************************************************************
Round 744
ROUND_ACCURACY method=FedPhoenixRG-AA round=745 accuracy=81.300003
********************************************************************************
Round 745
ROUND_ACCURACY method=FedPhoenixRG-AA round=746 accuracy=73.910004
********************************************************************************
Round 746
ROUND_ACCURACY method=FedPhoenixRG-AA round=747 accuracy=78.290001
********************************************************************************
Round 747
ROUND_ACCURACY method=FedPhoenixRG-AA round=748 accuracy=61.970001
********************************************************************************
Round 748
ROUND_ACCURACY method=FedPhoenixRG-AA round=749 accuracy=78.120003
********************************************************************************
Round 749
ROUND_ACCURACY method=FedPhoenixRG-AA round=750 accuracy=79.019997
********************************************************************************
Round 750
ROUND_ACCURACY method=FedPhoenixRG-AA round=751 accuracy=79.739998
********************************************************************************
Round 751
ROUND_ACCURACY method=FedPhoenixRG-AA round=752 accuracy=73.489998
********************************************************************************
Round 752
ROUND_ACCURACY method=FedPhoenixRG-AA round=753 accuracy=80.489998
********************************************************************************
Round 753
ROUND_ACCURACY method=FedPhoenixRG-AA round=754 accuracy=78.449997
********************************************************************************
Round 754
ROUND_ACCURACY method=FedPhoenixRG-AA round=755 accuracy=80.820000
********************************************************************************
Round 755
ROUND_ACCURACY method=FedPhoenixRG-AA round=756 accuracy=81.080002
********************************************************************************
Round 756
ROUND_ACCURACY method=FedPhoenixRG-AA round=757 accuracy=80.669998
********************************************************************************
Round 757
ROUND_ACCURACY method=FedPhoenixRG-AA round=758 accuracy=78.820000
********************************************************************************
Round 758
ROUND_ACCURACY method=FedPhoenixRG-AA round=759 accuracy=71.150002
********************************************************************************
Round 759
RG_SCORE round=760 layer=features.0 mean_q=0.055699 max_q=0.283465 fraction_q_positive=0.546875 sampling_entropy=3.759882 uniform_entropy=4.158883 entropy_gap=0.399001 max_probability_over_uniform=4.066936 min_probability_over_uniform=0.250000
RG_AA_SCORE round=760 layer=features.0 mean_q_equal=0.064178 mean_q_aa=0.055699 mean_abs_q_difference=0.025606 correlation_q_equal_aa=0.893823 top_reset_overlap=none sampling_entropy=3.759882 max_probability_over_uniform=4.066936 mean_eligible_client_sample_count=515.293103 min_eligible_client_sample_count=121.000000 max_eligible_client_sample_count=1447.000000 mean_total_eligible_sample_weight=29887.000000
RG_SCORE round=760 layer=features.3 mean_q=0.036216 max_q=0.093074 fraction_q_positive=0.906250 sampling_entropy=4.040928 uniform_entropy=4.158883 entropy_gap=0.117955 max_probability_over_uniform=2.177479 min_probability_over_uniform=0.250000
RG_AA_SCORE round=760 layer=features.3 mean_q_equal=0.034038 mean_q_aa=0.036216 mean_abs_q_difference=0.008358 correlation_q_equal_aa=0.938170 top_reset_overlap=none sampling_entropy=4.040928 max_probability_over_uniform=2.177479 mean_eligible_client_sample_count=515.293103 min_eligible_client_sample_count=121.000000 max_eligible_client_sample_count=1447.000000 mean_total_eligible_sample_weight=29887.000000
RG_SCORE round=760 layer=features.7 mean_q=0.045137 max_q=0.138879 fraction_q_positive=0.960938 sampling_entropy=4.780021 uniform_entropy=4.852030 entropy_gap=0.072010 max_probability_over_uniform=2.557606 min_probability_over_uniform=0.250000
RG_AA_SCORE round=760 layer=features.7 mean_q_equal=0.039293 mean_q_aa=0.045137 mean_abs_q_difference=0.011197 correlation_q_equal_aa=0.899801 top_reset_overlap=none sampling_entropy=4.780021 max_probability_over_uniform=2.557606 mean_eligible_client_sample_count=515.293103 min_eligible_client_sample_count=121.000000 max_eligible_client_sample_count=1447.000000 mean_total_eligible_sample_weight=29887.000000
RG_SCORE round=760 layer=features.10 mean_q=0.046348 max_q=0.087504 fraction_q_positive=1.000000 sampling_entropy=4.823074 uniform_entropy=4.852030 entropy_gap=0.028956 max_probability_over_uniform=1.665977 min_probability_over_uniform=0.410315
RG_AA_SCORE round=760 layer=features.10 mean_q_equal=0.042904 mean_q_aa=0.046348 mean_abs_q_difference=0.008263 correlation_q_equal_aa=0.926600 top_reset_overlap=none sampling_entropy=4.823074 max_probability_over_uniform=1.665977 mean_eligible_client_sample_count=515.293103 min_eligible_client_sample_count=121.000000 max_eligible_client_sample_count=1447.000000 mean_total_eligible_sample_weight=29887.000000
RG_SCORE round=760 layer=features.14 mean_q=0.050737 max_q=0.122843 fraction_q_positive=1.000000 sampling_entropy=5.508882 uniform_entropy=5.545177 entropy_gap=0.036296 max_probability_over_uniform=2.065875 min_probability_over_uniform=0.285725
RG_AA_SCORE round=760 layer=features.14 mean_q_equal=0.043973 mean_q_aa=0.050737 mean_abs_q_difference=0.009572 correlation_q_equal_aa=0.915262 top_reset_overlap=none sampling_entropy=5.508882 max_probability_over_uniform=2.065875 mean_eligible_client_sample_count=515.293103 min_eligible_client_sample_count=121.000000 max_eligible_client_sample_count=1447.000000 mean_total_eligible_sample_weight=29887.000000
RG_SCORE round=760 layer=features.17 mean_q=0.051130 max_q=0.112018 fraction_q_positive=1.000000 sampling_entropy=5.512514 uniform_entropy=5.545177 entropy_gap=0.032664 max_probability_over_uniform=1.893133 min_probability_over_uniform=0.378652
RG_AA_SCORE round=760 layer=features.17 mean_q_equal=0.044734 mean_q_aa=0.051130 mean_abs_q_difference=0.008904 correlation_q_equal_aa=0.902831 top_reset_overlap=none sampling_entropy=5.512514 max_probability_over_uniform=1.893133 mean_eligible_client_sample_count=515.293103 min_eligible_client_sample_count=121.000000 max_eligible_client_sample_count=1447.000000 mean_total_eligible_sample_weight=29887.000000
RG_SCORE round=760 layer=features.20 mean_q=0.041038 max_q=0.076882 fraction_q_positive=0.996094 sampling_entropy=5.516626 uniform_entropy=5.545177 entropy_gap=0.028552 max_probability_over_uniform=1.655072 min_probability_over_uniform=0.250000
RG_AA_SCORE round=760 layer=features.20 mean_q_equal=0.036519 mean_q_aa=0.041038 mean_abs_q_difference=0.007907 correlation_q_equal_aa=0.899488 top_reset_overlap=none sampling_entropy=5.516626 max_probability_over_uniform=1.655072 mean_eligible_client_sample_count=515.293103 min_eligible_client_sample_count=121.000000 max_eligible_client_sample_count=1447.000000 mean_total_eligible_sample_weight=29887.000000
RG_SCORE round=760 layer=features.24 mean_q=0.076059 max_q=0.187460 fraction_q_positive=1.000000 sampling_entropy=6.201917 uniform_entropy=6.238325 entropy_gap=0.036408 max_probability_over_uniform=2.098505 min_probability_over_uniform=0.352030
RG_AA_SCORE round=760 layer=features.24 mean_q_equal=0.063373 mean_q_aa=0.076059 mean_abs_q_difference=0.015215 correlation_q_equal_aa=0.917892 top_reset_overlap=none sampling_entropy=6.201917 max_probability_over_uniform=2.098505 mean_eligible_client_sample_count=515.293103 min_eligible_client_sample_count=121.000000 max_eligible_client_sample_count=1447.000000 mean_total_eligible_sample_weight=29887.000000
RG_SCORE round=760 layer=features.27 mean_q=0.103981 max_q=0.206647 fraction_q_positive=1.000000 sampling_entropy=6.207906 uniform_entropy=6.238325 entropy_gap=0.030419 max_probability_over_uniform=1.740517 min_probability_over_uniform=0.257847
RG_AA_SCORE round=760 layer=features.27 mean_q_equal=0.080525 mean_q_aa=0.103981 mean_abs_q_difference=0.023816 correlation_q_equal_aa=0.940105 top_reset_overlap=none sampling_entropy=6.207906 max_probability_over_uniform=1.740517 mean_eligible_client_sample_count=515.293103 min_eligible_client_sample_count=121.000000 max_eligible_client_sample_count=1447.000000 mean_total_eligible_sample_weight=29887.000000
RG_SCORE round=760 layer=features.30 mean_q=0.082178 max_q=0.170909 fraction_q_positive=0.994141 sampling_entropy=6.200644 uniform_entropy=6.238325 entropy_gap=0.037680 max_probability_over_uniform=1.809807 min_probability_over_uniform=0.250000
RG_AA_SCORE round=760 layer=features.30 mean_q_equal=0.064054 mean_q_aa=0.082178 mean_abs_q_difference=0.018971 correlation_q_equal_aa=0.941460 top_reset_overlap=0.625000 sampling_entropy=6.200644 max_probability_over_uniform=1.809807 mean_eligible_client_sample_count=515.406004 min_eligible_client_sample_count=121.000000 max_eligible_client_sample_count=1447.000000 mean_total_eligible_sample_weight=29440.554688
RG_SCORE round=760 layer=features.34 mean_q=0.198056 max_q=0.368252 fraction_q_positive=0.974609 sampling_entropy=6.179386 uniform_entropy=6.238325 entropy_gap=0.058939 max_probability_over_uniform=1.644499 min_probability_over_uniform=0.250000
RG_AA_SCORE round=760 layer=features.34 mean_q_equal=0.157378 mean_q_aa=0.198056 mean_abs_q_difference=0.042774 correlation_q_equal_aa=0.940230 top_reset_overlap=0.375000 sampling_entropy=6.179386 max_probability_over_uniform=1.644499 mean_eligible_client_sample_count=515.411483 min_eligible_client_sample_count=121.000000 max_eligible_client_sample_count=1447.000000 mean_total_eligible_sample_weight=29437.847656
RG_SCORE round=760 layer=features.37 mean_q=0.196359 max_q=0.359292 fraction_q_positive=0.984375 sampling_entropy=6.187643 uniform_entropy=6.238325 entropy_gap=0.050681 max_probability_over_uniform=1.622327 min_probability_over_uniform=0.250000
RG_AA_SCORE round=760 layer=features.37 mean_q_equal=0.150130 mean_q_aa=0.196359 mean_abs_q_difference=0.047119 correlation_q_equal_aa=0.938861 top_reset_overlap=0.250000 sampling_entropy=6.187643 max_probability_over_uniform=1.622327 mean_eligible_client_sample_count=515.430637 min_eligible_client_sample_count=121.000000 max_eligible_client_sample_count=1447.000000 mean_total_eligible_sample_weight=29448.001953
RG_SCORE round=760 layer=features.40 mean_q=0.163333 max_q=0.382416 fraction_q_positive=0.949219 sampling_entropy=6.150242 uniform_entropy=6.238325 entropy_gap=0.088083 max_probability_over_uniform=2.005995 min_probability_over_uniform=0.250000
RG_AA_SCORE round=760 layer=features.40 mean_q_equal=0.121369 mean_q_aa=0.163333 mean_abs_q_difference=0.046042 correlation_q_equal_aa=0.916245 top_reset_overlap=0.500000 sampling_entropy=6.150242 max_probability_over_uniform=2.005995 mean_eligible_client_sample_count=515.417493 min_eligible_client_sample_count=121.000000 max_eligible_client_sample_count=1447.000000 mean_total_eligible_sample_weight=29441.210938
ROUND_ACCURACY method=FedPhoenixRG-AA round=760 accuracy=77.730003
********************************************************************************
Round 760
ROUND_ACCURACY method=FedPhoenixRG-AA round=761 accuracy=75.080002
********************************************************************************
Round 761
ROUND_ACCURACY method=FedPhoenixRG-AA round=762 accuracy=77.889999
********************************************************************************
Round 762
ROUND_ACCURACY method=FedPhoenixRG-AA round=763 accuracy=79.860001
********************************************************************************
Round 763
ROUND_ACCURACY method=FedPhoenixRG-AA round=764 accuracy=79.019997
********************************************************************************
Round 764
ROUND_ACCURACY method=FedPhoenixRG-AA round=765 accuracy=80.839996
********************************************************************************
Round 765
ROUND_ACCURACY method=FedPhoenixRG-AA round=766 accuracy=79.830002
********************************************************************************
Round 766
ROUND_ACCURACY method=FedPhoenixRG-AA round=767 accuracy=80.900002
********************************************************************************
Round 767
ROUND_ACCURACY method=FedPhoenixRG-AA round=768 accuracy=78.230003
********************************************************************************
Round 768
ROUND_ACCURACY method=FedPhoenixRG-AA round=769 accuracy=81.620003
********************************************************************************
Round 769
ROUND_ACCURACY method=FedPhoenixRG-AA round=770 accuracy=80.639999
********************************************************************************
Round 770
ROUND_ACCURACY method=FedPhoenixRG-AA round=771 accuracy=76.080002
********************************************************************************
Round 771
ROUND_ACCURACY method=FedPhoenixRG-AA round=772 accuracy=76.260002
********************************************************************************
Round 772
ROUND_ACCURACY method=FedPhoenixRG-AA round=773 accuracy=78.739998
********************************************************************************
Round 773
ROUND_ACCURACY method=FedPhoenixRG-AA round=774 accuracy=76.220001
********************************************************************************
Round 774
ROUND_ACCURACY method=FedPhoenixRG-AA round=775 accuracy=76.349998
********************************************************************************
Round 775
ROUND_ACCURACY method=FedPhoenixRG-AA round=776 accuracy=75.800003
********************************************************************************
Round 776
ROUND_ACCURACY method=FedPhoenixRG-AA round=777 accuracy=81.610001
********************************************************************************
Round 777
ROUND_ACCURACY method=FedPhoenixRG-AA round=778 accuracy=71.349998
********************************************************************************
Round 778
ROUND_ACCURACY method=FedPhoenixRG-AA round=779 accuracy=68.550003
********************************************************************************
Round 779
RG_SCORE round=780 layer=features.0 mean_q=0.062662 max_q=0.247130 fraction_q_positive=0.703125 sampling_entropy=3.881398 uniform_entropy=4.158883 entropy_gap=0.277485 max_probability_over_uniform=3.207884 min_probability_over_uniform=0.250000
RG_AA_SCORE round=780 layer=features.0 mean_q_equal=0.060307 mean_q_aa=0.062662 mean_abs_q_difference=0.012346 correlation_q_equal_aa=0.960429 top_reset_overlap=none sampling_entropy=3.881398 max_probability_over_uniform=3.207884 mean_eligible_client_sample_count=497.515625 min_eligible_client_sample_count=121.000000 max_eligible_client_sample_count=1077.000000 mean_total_eligible_sample_weight=31841.000000
RG_SCORE round=780 layer=features.3 mean_q=0.049261 max_q=0.111761 fraction_q_positive=0.984375 sampling_entropy=4.068180 uniform_entropy=4.158883 entropy_gap=0.090703 max_probability_over_uniform=1.951555 min_probability_over_uniform=0.250000
RG_AA_SCORE round=780 layer=features.3 mean_q_equal=0.053176 mean_q_aa=0.049261 mean_abs_q_difference=0.005519 correlation_q_equal_aa=0.981064 top_reset_overlap=none sampling_entropy=4.068180 max_probability_over_uniform=1.951555 mean_eligible_client_sample_count=497.515625 min_eligible_client_sample_count=121.000000 max_eligible_client_sample_count=1077.000000 mean_total_eligible_sample_weight=31841.000000
RG_SCORE round=780 layer=features.7 mean_q=0.049017 max_q=0.129983 fraction_q_positive=1.000000 sampling_entropy=4.775073 uniform_entropy=4.852030 entropy_gap=0.076958 max_probability_over_uniform=2.238861 min_probability_over_uniform=0.253486
RG_AA_SCORE round=780 layer=features.7 mean_q_equal=0.053818 mean_q_aa=0.049017 mean_abs_q_difference=0.005772 correlation_q_equal_aa=0.980247 top_reset_overlap=none sampling_entropy=4.775073 max_probability_over_uniform=2.238861 mean_eligible_client_sample_count=497.515625 min_eligible_client_sample_count=121.000000 max_eligible_client_sample_count=1077.000000 mean_total_eligible_sample_weight=31841.000000
RG_SCORE round=780 layer=features.10 mean_q=0.041975 max_q=0.083796 fraction_q_positive=0.992188 sampling_entropy=4.820016 uniform_entropy=4.852030 entropy_gap=0.032014 max_probability_over_uniform=1.747250 min_probability_over_uniform=0.250000
RG_AA_SCORE round=780 layer=features.10 mean_q_equal=0.047746 mean_q_aa=0.041975 mean_abs_q_difference=0.005817 correlation_q_equal_aa=0.980134 top_reset_overlap=none sampling_entropy=4.820016 max_probability_over_uniform=1.747250 mean_eligible_client_sample_count=497.515625 min_eligible_client_sample_count=121.000000 max_eligible_client_sample_count=1077.000000 mean_total_eligible_sample_weight=31841.000000
RG_SCORE round=780 layer=features.14 mean_q=0.050001 max_q=0.119527 fraction_q_positive=1.000000 sampling_entropy=5.511662 uniform_entropy=5.545177 entropy_gap=0.033516 max_probability_over_uniform=2.042877 min_probability_over_uniform=0.451047
RG_AA_SCORE round=780 layer=features.14 mean_q_equal=0.055300 mean_q_aa=0.050001 mean_abs_q_difference=0.005572 correlation_q_equal_aa=0.982977 top_reset_overlap=none sampling_entropy=5.511662 max_probability_over_uniform=2.042877 mean_eligible_client_sample_count=497.515625 min_eligible_client_sample_count=121.000000 max_eligible_client_sample_count=1077.000000 mean_total_eligible_sample_weight=31841.000000
RG_SCORE round=780 layer=features.17 mean_q=0.050039 max_q=0.103246 fraction_q_positive=1.000000 sampling_entropy=5.517990 uniform_entropy=5.545177 entropy_gap=0.027188 max_probability_over_uniform=1.797491 min_probability_over_uniform=0.455930
RG_AA_SCORE round=780 layer=features.17 mean_q_equal=0.055296 mean_q_aa=0.050039 mean_abs_q_difference=0.005350 correlation_q_equal_aa=0.985241 top_reset_overlap=none sampling_entropy=5.517990 max_probability_over_uniform=1.797491 mean_eligible_client_sample_count=497.515625 min_eligible_client_sample_count=121.000000 max_eligible_client_sample_count=1077.000000 mean_total_eligible_sample_weight=31841.000000
RG_SCORE round=780 layer=features.20 mean_q=0.041620 max_q=0.066733 fraction_q_positive=1.000000 sampling_entropy=5.527081 uniform_entropy=5.545177 entropy_gap=0.018096 max_probability_over_uniform=1.452532 min_probability_over_uniform=0.478266
RG_AA_SCORE round=780 layer=features.20 mean_q_equal=0.047497 mean_q_aa=0.041620 mean_abs_q_difference=0.005897 correlation_q_equal_aa=0.966702 top_reset_overlap=none sampling_entropy=5.527081 max_probability_over_uniform=1.452532 mean_eligible_client_sample_count=497.515625 min_eligible_client_sample_count=121.000000 max_eligible_client_sample_count=1077.000000 mean_total_eligible_sample_weight=31841.000000
RG_SCORE round=780 layer=features.24 mean_q=0.084288 max_q=0.175052 fraction_q_positive=1.000000 sampling_entropy=6.210289 uniform_entropy=6.238325 entropy_gap=0.028035 max_probability_over_uniform=1.807624 min_probability_over_uniform=0.425772
RG_AA_SCORE round=780 layer=features.24 mean_q_equal=0.088373 mean_q_aa=0.084288 mean_abs_q_difference=0.005122 correlation_q_equal_aa=0.986301 top_reset_overlap=none sampling_entropy=6.210289 max_probability_over_uniform=1.807624 mean_eligible_client_sample_count=497.515625 min_eligible_client_sample_count=121.000000 max_eligible_client_sample_count=1077.000000 mean_total_eligible_sample_weight=31841.000000
RG_SCORE round=780 layer=features.27 mean_q=0.125834 max_q=0.201675 fraction_q_positive=1.000000 sampling_entropy=6.228001 uniform_entropy=6.238325 entropy_gap=0.010323 max_probability_over_uniform=1.452025 min_probability_over_uniform=0.553856
RG_AA_SCORE round=780 layer=features.27 mean_q_equal=0.126669 mean_q_aa=0.125834 mean_abs_q_difference=0.004282 correlation_q_equal_aa=0.976707 top_reset_overlap=none sampling_entropy=6.228001 max_probability_over_uniform=1.452025 mean_eligible_client_sample_count=497.515625 min_eligible_client_sample_count=121.000000 max_eligible_client_sample_count=1077.000000 mean_total_eligible_sample_weight=31841.000000
RG_SCORE round=780 layer=features.30 mean_q=0.107075 max_q=0.162713 fraction_q_positive=1.000000 sampling_entropy=6.229429 uniform_entropy=6.238325 entropy_gap=0.008896 max_probability_over_uniform=1.389713 min_probability_over_uniform=0.481159
RG_AA_SCORE round=780 layer=features.30 mean_q_equal=0.108250 mean_q_aa=0.107075 mean_abs_q_difference=0.003902 correlation_q_equal_aa=0.971338 top_reset_overlap=none sampling_entropy=6.229429 max_probability_over_uniform=1.389713 mean_eligible_client_sample_count=497.583013 min_eligible_client_sample_count=121.000000 max_eligible_client_sample_count=1077.000000 mean_total_eligible_sample_weight=31580.000000
RG_SCORE round=780 layer=features.34 mean_q=0.266240 max_q=0.384152 fraction_q_positive=1.000000 sampling_entropy=6.225983 uniform_entropy=6.238325 entropy_gap=0.012342 max_probability_over_uniform=1.332162 min_probability_over_uniform=0.390316
RG_AA_SCORE round=780 layer=features.34 mean_q_equal=0.259919 mean_q_aa=0.266240 mean_abs_q_difference=0.008942 correlation_q_equal_aa=0.985145 top_reset_overlap=0.875000 sampling_entropy=6.225983 max_probability_over_uniform=1.332162 mean_eligible_client_sample_count=497.553860 min_eligible_client_sample_count=121.000000 max_eligible_client_sample_count=1077.000000 mean_total_eligible_sample_weight=31340.062500
RG_SCORE round=780 layer=features.37 mean_q=0.282486 max_q=0.405773 fraction_q_positive=1.000000 sampling_entropy=6.225500 uniform_entropy=6.238325 entropy_gap=0.012824 max_probability_over_uniform=1.327329 min_probability_over_uniform=0.372620
RG_AA_SCORE round=780 layer=features.37 mean_q_equal=0.278381 mean_q_aa=0.282486 mean_abs_q_difference=0.007215 correlation_q_equal_aa=0.990117 top_reset_overlap=0.750000 sampling_entropy=6.225500 max_probability_over_uniform=1.327329 mean_eligible_client_sample_count=497.578384 min_eligible_client_sample_count=121.000000 max_eligible_client_sample_count=1077.000000 mean_total_eligible_sample_weight=31336.748047
RG_SCORE round=780 layer=features.40 mean_q=0.207608 max_q=0.433214 fraction_q_positive=1.000000 sampling_entropy=6.195229 uniform_entropy=6.238325 entropy_gap=0.043095 max_probability_over_uniform=1.815016 min_probability_over_uniform=0.269947
RG_AA_SCORE round=780 layer=features.40 mean_q_equal=0.204437 mean_q_aa=0.207608 mean_abs_q_difference=0.009687 correlation_q_equal_aa=0.989151 top_reset_overlap=0.875000 sampling_entropy=6.195229 max_probability_over_uniform=1.815016 mean_eligible_client_sample_count=497.578760 min_eligible_client_sample_count=121.000000 max_eligible_client_sample_count=1077.000000 mean_total_eligible_sample_weight=31341.630859
ROUND_ACCURACY method=FedPhoenixRG-AA round=780 accuracy=77.169998
********************************************************************************
Round 780
ROUND_ACCURACY method=FedPhoenixRG-AA round=781 accuracy=71.410004
********************************************************************************
Round 781
ROUND_ACCURACY method=FedPhoenixRG-AA round=782 accuracy=74.989998
********************************************************************************
Round 782
ROUND_ACCURACY method=FedPhoenixRG-AA round=783 accuracy=81.980003
********************************************************************************
Round 783
ROUND_ACCURACY method=FedPhoenixRG-AA round=784 accuracy=76.589996
********************************************************************************
Round 784
ROUND_ACCURACY method=FedPhoenixRG-AA round=785 accuracy=74.919998
********************************************************************************
Round 785
ROUND_ACCURACY method=FedPhoenixRG-AA round=786 accuracy=71.330002
********************************************************************************
Round 786
ROUND_ACCURACY method=FedPhoenixRG-AA round=787 accuracy=79.339996
********************************************************************************
Round 787
ROUND_ACCURACY method=FedPhoenixRG-AA round=788 accuracy=81.150002
********************************************************************************
Round 788
ROUND_ACCURACY method=FedPhoenixRG-AA round=789 accuracy=80.190002
********************************************************************************
Round 789
ROUND_ACCURACY method=FedPhoenixRG-AA round=790 accuracy=80.870003
********************************************************************************
Round 790
ROUND_ACCURACY method=FedPhoenixRG-AA round=791 accuracy=80.019997
********************************************************************************
Round 791
ROUND_ACCURACY method=FedPhoenixRG-AA round=792 accuracy=78.150002
********************************************************************************
Round 792
ROUND_ACCURACY method=FedPhoenixRG-AA round=793 accuracy=79.519997
********************************************************************************
Round 793
ROUND_ACCURACY method=FedPhoenixRG-AA round=794 accuracy=79.669998
********************************************************************************
Round 794
ROUND_ACCURACY method=FedPhoenixRG-AA round=795 accuracy=81.269997
********************************************************************************
Round 795
ROUND_ACCURACY method=FedPhoenixRG-AA round=796 accuracy=76.769997
********************************************************************************
Round 796
ROUND_ACCURACY method=FedPhoenixRG-AA round=797 accuracy=74.389999
********************************************************************************
Round 797
ROUND_ACCURACY method=FedPhoenixRG-AA round=798 accuracy=81.339996
********************************************************************************
Round 798
ROUND_ACCURACY method=FedPhoenixRG-AA round=799 accuracy=82.110001
********************************************************************************
Round 799
RG_SCORE round=800 layer=features.0 mean_q=0.065507 max_q=0.257370 fraction_q_positive=0.765625 sampling_entropy=3.933054 uniform_entropy=4.158883 entropy_gap=0.225829 max_probability_over_uniform=3.196686 min_probability_over_uniform=0.250000
RG_AA_SCORE round=800 layer=features.0 mean_q_equal=0.069970 mean_q_aa=0.065507 mean_abs_q_difference=0.031259 correlation_q_equal_aa=0.806282 top_reset_overlap=none sampling_entropy=3.933054 max_probability_over_uniform=3.196686 mean_eligible_client_sample_count=504.645161 min_eligible_client_sample_count=30.000000 max_eligible_client_sample_count=1447.000000 mean_total_eligible_sample_weight=31288.000000
RG_SCORE round=800 layer=features.3 mean_q=0.040215 max_q=0.108818 fraction_q_positive=0.906250 sampling_entropy=4.015169 uniform_entropy=4.158883 entropy_gap=0.143714 max_probability_over_uniform=2.279414 min_probability_over_uniform=0.250000
RG_AA_SCORE round=800 layer=features.3 mean_q_equal=0.041429 mean_q_aa=0.040215 mean_abs_q_difference=0.015904 correlation_q_equal_aa=0.896897 top_reset_overlap=none sampling_entropy=4.015169 max_probability_over_uniform=2.279414 mean_eligible_client_sample_count=504.645161 min_eligible_client_sample_count=30.000000 max_eligible_client_sample_count=1447.000000 mean_total_eligible_sample_weight=31288.000000
RG_SCORE round=800 layer=features.7 mean_q=0.050260 max_q=0.150361 fraction_q_positive=0.984375 sampling_entropy=4.769657 uniform_entropy=4.852030 entropy_gap=0.082373 max_probability_over_uniform=2.493733 min_probability_over_uniform=0.250000
RG_AA_SCORE round=800 layer=features.7 mean_q_equal=0.046852 mean_q_aa=0.050260 mean_abs_q_difference=0.012901 correlation_q_equal_aa=0.885936 top_reset_overlap=none sampling_entropy=4.769657 max_probability_over_uniform=2.493733 mean_eligible_client_sample_count=504.645161 min_eligible_client_sample_count=30.000000 max_eligible_client_sample_count=1447.000000 mean_total_eligible_sample_weight=31288.000000
RG_SCORE round=800 layer=features.10 mean_q=0.043843 max_q=0.096890 fraction_q_positive=0.992188 sampling_entropy=4.806351 uniform_entropy=4.852030 entropy_gap=0.045679 max_probability_over_uniform=1.907445 min_probability_over_uniform=0.250000
RG_AA_SCORE round=800 layer=features.10 mean_q_equal=0.043413 mean_q_aa=0.043843 mean_abs_q_difference=0.010720 correlation_q_equal_aa=0.876412 top_reset_overlap=none sampling_entropy=4.806351 max_probability_over_uniform=1.907445 mean_eligible_client_sample_count=504.645161 min_eligible_client_sample_count=30.000000 max_eligible_client_sample_count=1447.000000 mean_total_eligible_sample_weight=31288.000000
RG_SCORE round=800 layer=features.14 mean_q=0.048232 max_q=0.139675 fraction_q_positive=0.992188 sampling_entropy=5.475091 uniform_entropy=5.545177 entropy_gap=0.070086 max_probability_over_uniform=2.421941 min_probability_over_uniform=0.250000
RG_AA_SCORE round=800 layer=features.14 mean_q_equal=0.043985 mean_q_aa=0.048232 mean_abs_q_difference=0.010679 correlation_q_equal_aa=0.919034 top_reset_overlap=none sampling_entropy=5.475091 max_probability_over_uniform=2.421941 mean_eligible_client_sample_count=504.645161 min_eligible_client_sample_count=30.000000 max_eligible_client_sample_count=1447.000000 mean_total_eligible_sample_weight=31288.000000
RG_SCORE round=800 layer=features.17 mean_q=0.045616 max_q=0.137978 fraction_q_positive=0.996094 sampling_entropy=5.488050 uniform_entropy=5.545177 entropy_gap=0.057127 max_probability_over_uniform=2.518595 min_probability_over_uniform=0.250000
RG_AA_SCORE round=800 layer=features.17 mean_q_equal=0.042131 mean_q_aa=0.045616 mean_abs_q_difference=0.009654 correlation_q_equal_aa=0.914306 top_reset_overlap=none sampling_entropy=5.488050 max_probability_over_uniform=2.518595 mean_eligible_client_sample_count=504.645161 min_eligible_client_sample_count=30.000000 max_eligible_client_sample_count=1447.000000 mean_total_eligible_sample_weight=31288.000000
RG_SCORE round=800 layer=features.20 mean_q=0.036184 max_q=0.075884 fraction_q_positive=0.984375 sampling_entropy=5.489043 uniform_entropy=5.545177 entropy_gap=0.056135 max_probability_over_uniform=1.822877 min_probability_over_uniform=0.250000
RG_AA_SCORE round=800 layer=features.20 mean_q_equal=0.035524 mean_q_aa=0.036184 mean_abs_q_difference=0.008328 correlation_q_equal_aa=0.924100 top_reset_overlap=none sampling_entropy=5.489043 max_probability_over_uniform=1.822877 mean_eligible_client_sample_count=504.645161 min_eligible_client_sample_count=30.000000 max_eligible_client_sample_count=1447.000000 mean_total_eligible_sample_weight=31288.000000
RG_SCORE round=800 layer=features.24 mean_q=0.076634 max_q=0.271371 fraction_q_positive=0.978516 sampling_entropy=6.165958 uniform_entropy=6.238325 entropy_gap=0.072366 max_probability_over_uniform=2.905866 min_probability_over_uniform=0.250000
RG_AA_SCORE round=800 layer=features.24 mean_q_equal=0.067111 mean_q_aa=0.076634 mean_abs_q_difference=0.015392 correlation_q_equal_aa=0.934867 top_reset_overlap=none sampling_entropy=6.165958 max_probability_over_uniform=2.905866 mean_eligible_client_sample_count=504.645161 min_eligible_client_sample_count=30.000000 max_eligible_client_sample_count=1447.000000 mean_total_eligible_sample_weight=31288.000000
RG_SCORE round=800 layer=features.27 mean_q=0.119782 max_q=0.207256 fraction_q_positive=0.998047 sampling_entropy=6.215920 uniform_entropy=6.238325 entropy_gap=0.022405 max_probability_over_uniform=1.547709 min_probability_over_uniform=0.250000
RG_AA_SCORE round=800 layer=features.27 mean_q_equal=0.099474 mean_q_aa=0.119782 mean_abs_q_difference=0.021209 correlation_q_equal_aa=0.940672 top_reset_overlap=none sampling_entropy=6.215920 max_probability_over_uniform=1.547709 mean_eligible_client_sample_count=504.645161 min_eligible_client_sample_count=30.000000 max_eligible_client_sample_count=1447.000000 mean_total_eligible_sample_weight=31288.000000
RG_SCORE round=800 layer=features.30 mean_q=0.092674 max_q=0.156957 fraction_q_positive=0.996094 sampling_entropy=6.214746 uniform_entropy=6.238325 entropy_gap=0.023579 max_probability_over_uniform=1.520234 min_probability_over_uniform=0.250000
RG_AA_SCORE round=800 layer=features.30 mean_q_equal=0.076478 mean_q_aa=0.092674 mean_abs_q_difference=0.017505 correlation_q_equal_aa=0.937423 top_reset_overlap=none sampling_entropy=6.214746 max_probability_over_uniform=1.520234 mean_eligible_client_sample_count=504.645161 min_eligible_client_sample_count=30.000000 max_eligible_client_sample_count=1447.000000 mean_total_eligible_sample_weight=31288.000000
RG_SCORE round=800 layer=features.34 mean_q=0.263026 max_q=0.476782 fraction_q_positive=0.996094 sampling_entropy=6.209068 uniform_entropy=6.238325 entropy_gap=0.029256 max_probability_over_uniform=1.609513 min_probability_over_uniform=0.250000
RG_AA_SCORE round=800 layer=features.34 mean_q_equal=0.236264 mean_q_aa=0.263026 mean_abs_q_difference=0.038199 correlation_q_equal_aa=0.944405 top_reset_overlap=0.875000 sampling_entropy=6.209068 max_probability_over_uniform=1.609513 mean_eligible_client_sample_count=504.009391 min_eligible_client_sample_count=30.000000 max_eligible_client_sample_count=1447.000000 mean_total_eligible_sample_weight=30819.386719
RG_SCORE round=800 layer=features.37 mean_q=0.259857 max_q=0.398196 fraction_q_positive=1.000000 sampling_entropy=6.217754 uniform_entropy=6.238325 entropy_gap=0.020571 max_probability_over_uniform=1.399274 min_probability_over_uniform=0.293249
RG_AA_SCORE round=800 layer=features.37 mean_q_equal=0.232447 mean_q_aa=0.259857 mean_abs_q_difference=0.033169 correlation_q_equal_aa=0.954173 top_reset_overlap=0.500000 sampling_entropy=6.217754 max_probability_over_uniform=1.399274 mean_eligible_client_sample_count=504.003418 min_eligible_client_sample_count=30.000000 max_eligible_client_sample_count=1447.000000 mean_total_eligible_sample_weight=30813.115234
RG_SCORE round=800 layer=features.40 mean_q=0.186774 max_q=0.484754 fraction_q_positive=0.921875 sampling_entropy=6.141341 uniform_entropy=6.238325 entropy_gap=0.096983 max_probability_over_uniform=2.196552 min_probability_over_uniform=0.250000
RG_AA_SCORE round=800 layer=features.40 mean_q_equal=0.165040 mean_q_aa=0.186774 mean_abs_q_difference=0.038514 correlation_q_equal_aa=0.944597 top_reset_overlap=0.875000 sampling_entropy=6.141341 max_probability_over_uniform=2.196552 mean_eligible_client_sample_count=504.036454 min_eligible_client_sample_count=30.000000 max_eligible_client_sample_count=1447.000000 mean_total_eligible_sample_weight=30813.166016
ROUND_ACCURACY method=FedPhoenixRG-AA round=800 accuracy=78.389999
********************************************************************************
Round 800
ROUND_ACCURACY method=FedPhoenixRG-AA round=801 accuracy=77.190002
********************************************************************************
Round 801
ROUND_ACCURACY method=FedPhoenixRG-AA round=802 accuracy=76.389999
********************************************************************************
Round 802
ROUND_ACCURACY method=FedPhoenixRG-AA round=803 accuracy=81.500000
********************************************************************************
Round 803
ROUND_ACCURACY method=FedPhoenixRG-AA round=804 accuracy=76.290001
********************************************************************************
Round 804
ROUND_ACCURACY method=FedPhoenixRG-AA round=805 accuracy=71.730003
********************************************************************************
Round 805
ROUND_ACCURACY method=FedPhoenixRG-AA round=806 accuracy=80.300003
********************************************************************************
Round 806
ROUND_ACCURACY method=FedPhoenixRG-AA round=807 accuracy=74.989998
********************************************************************************
Round 807
ROUND_ACCURACY method=FedPhoenixRG-AA round=808 accuracy=64.919998
********************************************************************************
Round 808
ROUND_ACCURACY method=FedPhoenixRG-AA round=809 accuracy=77.169998
********************************************************************************
Round 809
ROUND_ACCURACY method=FedPhoenixRG-AA round=810 accuracy=79.860001
********************************************************************************
Round 810
ROUND_ACCURACY method=FedPhoenixRG-AA round=811 accuracy=77.690002
********************************************************************************
Round 811
ROUND_ACCURACY method=FedPhoenixRG-AA round=812 accuracy=81.239998
********************************************************************************
Round 812
ROUND_ACCURACY method=FedPhoenixRG-AA round=813 accuracy=79.269997
********************************************************************************
Round 813
ROUND_ACCURACY method=FedPhoenixRG-AA round=814 accuracy=72.019997
********************************************************************************
Round 814
ROUND_ACCURACY method=FedPhoenixRG-AA round=815 accuracy=79.639999
********************************************************************************
Round 815
ROUND_ACCURACY method=FedPhoenixRG-AA round=816 accuracy=81.860001
********************************************************************************
Round 816
ROUND_ACCURACY method=FedPhoenixRG-AA round=817 accuracy=79.709999
********************************************************************************
Round 817
ROUND_ACCURACY method=FedPhoenixRG-AA round=818 accuracy=81.309998
********************************************************************************
Round 818
ROUND_ACCURACY method=FedPhoenixRG-AA round=819 accuracy=80.629997
********************************************************************************
Round 819
RG_SCORE round=820 layer=features.0 mean_q=0.050580 max_q=0.202196 fraction_q_positive=0.671875 sampling_entropy=3.845569 uniform_entropy=4.158883 entropy_gap=0.313314 max_probability_over_uniform=3.248173 min_probability_over_uniform=0.250000
RG_AA_SCORE round=820 layer=features.0 mean_q_equal=0.054779 mean_q_aa=0.050580 mean_abs_q_difference=0.016077 correlation_q_equal_aa=0.915954 top_reset_overlap=none sampling_entropy=3.845569 max_probability_over_uniform=3.248173 mean_eligible_client_sample_count=511.266667 min_eligible_client_sample_count=30.000000 max_eligible_client_sample_count=1447.000000 mean_total_eligible_sample_weight=30676.000000
RG_SCORE round=820 layer=features.3 mean_q=0.034635 max_q=0.088875 fraction_q_positive=0.921875 sampling_entropy=4.037678 uniform_entropy=4.158883 entropy_gap=0.121205 max_probability_over_uniform=2.174521 min_probability_over_uniform=0.250000
RG_AA_SCORE round=820 layer=features.3 mean_q_equal=0.045046 mean_q_aa=0.034635 mean_abs_q_difference=0.011578 correlation_q_equal_aa=0.920023 top_reset_overlap=none sampling_entropy=4.037678 max_probability_over_uniform=2.174521 mean_eligible_client_sample_count=511.266667 min_eligible_client_sample_count=30.000000 max_eligible_client_sample_count=1447.000000 mean_total_eligible_sample_weight=30676.000000
RG_SCORE round=820 layer=features.7 mean_q=0.047206 max_q=0.115500 fraction_q_positive=0.992188 sampling_entropy=4.788430 uniform_entropy=4.852030 entropy_gap=0.063600 max_probability_over_uniform=2.085056 min_probability_over_uniform=0.250000
RG_AA_SCORE round=820 layer=features.7 mean_q_equal=0.053318 mean_q_aa=0.047206 mean_abs_q_difference=0.008101 correlation_q_equal_aa=0.934545 top_reset_overlap=none sampling_entropy=4.788430 max_probability_over_uniform=2.085056 mean_eligible_client_sample_count=511.266667 min_eligible_client_sample_count=30.000000 max_eligible_client_sample_count=1447.000000 mean_total_eligible_sample_weight=30676.000000
RG_SCORE round=820 layer=features.10 mean_q=0.041746 max_q=0.094797 fraction_q_positive=1.000000 sampling_entropy=4.815252 uniform_entropy=4.852030 entropy_gap=0.036779 max_probability_over_uniform=1.953086 min_probability_over_uniform=0.407718
RG_AA_SCORE round=820 layer=features.10 mean_q_equal=0.047682 mean_q_aa=0.041746 mean_abs_q_difference=0.006378 correlation_q_equal_aa=0.955502 top_reset_overlap=none sampling_entropy=4.815252 max_probability_over_uniform=1.953086 mean_eligible_client_sample_count=511.266667 min_eligible_client_sample_count=30.000000 max_eligible_client_sample_count=1447.000000 mean_total_eligible_sample_weight=30676.000000
RG_SCORE round=820 layer=features.14 mean_q=0.045358 max_q=0.128334 fraction_q_positive=1.000000 sampling_entropy=5.507007 uniform_entropy=5.545177 entropy_gap=0.038170 max_probability_over_uniform=2.371990 min_probability_over_uniform=0.444994
RG_AA_SCORE round=820 layer=features.14 mean_q_equal=0.051714 mean_q_aa=0.045358 mean_abs_q_difference=0.007143 correlation_q_equal_aa=0.950950 top_reset_overlap=none sampling_entropy=5.507007 max_probability_over_uniform=2.371990 mean_eligible_client_sample_count=511.266667 min_eligible_client_sample_count=30.000000 max_eligible_client_sample_count=1447.000000 mean_total_eligible_sample_weight=30676.000000
RG_SCORE round=820 layer=features.17 mean_q=0.044083 max_q=0.109536 fraction_q_positive=1.000000 sampling_entropy=5.504869 uniform_entropy=5.545177 entropy_gap=0.040308 max_probability_over_uniform=2.113584 min_probability_over_uniform=0.381527
RG_AA_SCORE round=820 layer=features.17 mean_q_equal=0.050243 mean_q_aa=0.044083 mean_abs_q_difference=0.006959 correlation_q_equal_aa=0.955633 top_reset_overlap=none sampling_entropy=5.504869 max_probability_over_uniform=2.113584 mean_eligible_client_sample_count=511.266667 min_eligible_client_sample_count=30.000000 max_eligible_client_sample_count=1447.000000 mean_total_eligible_sample_weight=30676.000000
RG_SCORE round=820 layer=features.20 mean_q=0.035827 max_q=0.065328 fraction_q_positive=1.000000 sampling_entropy=5.522344 uniform_entropy=5.545177 entropy_gap=0.022834 max_probability_over_uniform=1.617582 min_probability_over_uniform=0.488326
RG_AA_SCORE round=820 layer=features.20 mean_q_equal=0.042169 mean_q_aa=0.035827 mean_abs_q_difference=0.006461 correlation_q_equal_aa=0.919185 top_reset_overlap=none sampling_entropy=5.522344 max_probability_over_uniform=1.617582 mean_eligible_client_sample_count=511.266667 min_eligible_client_sample_count=30.000000 max_eligible_client_sample_count=1447.000000 mean_total_eligible_sample_weight=30676.000000
RG_SCORE round=820 layer=features.24 mean_q=0.074762 max_q=0.171141 fraction_q_positive=1.000000 sampling_entropy=6.193997 uniform_entropy=6.238325 entropy_gap=0.044328 max_probability_over_uniform=1.966855 min_probability_over_uniform=0.291050
RG_AA_SCORE round=820 layer=features.24 mean_q_equal=0.076608 mean_q_aa=0.074762 mean_abs_q_difference=0.006016 correlation_q_equal_aa=0.966394 top_reset_overlap=none sampling_entropy=6.193997 max_probability_over_uniform=1.966855 mean_eligible_client_sample_count=511.266667 min_eligible_client_sample_count=30.000000 max_eligible_client_sample_count=1447.000000 mean_total_eligible_sample_weight=30676.000000
RG_SCORE round=820 layer=features.27 mean_q=0.115282 max_q=0.232675 fraction_q_positive=1.000000 sampling_entropy=6.210308 uniform_entropy=6.238325 entropy_gap=0.028017 max_probability_over_uniform=1.763738 min_probability_over_uniform=0.321027
RG_AA_SCORE round=820 layer=features.27 mean_q_equal=0.110510 mean_q_aa=0.115282 mean_abs_q_difference=0.007048 correlation_q_equal_aa=0.977330 top_reset_overlap=none sampling_entropy=6.210308 max_probability_over_uniform=1.763738 mean_eligible_client_sample_count=511.266667 min_eligible_client_sample_count=30.000000 max_eligible_client_sample_count=1447.000000 mean_total_eligible_sample_weight=30676.000000
RG_SCORE round=820 layer=features.30 mean_q=0.082479 max_q=0.169019 fraction_q_positive=1.000000 sampling_entropy=6.208170 uniform_entropy=6.238325 entropy_gap=0.030155 max_probability_over_uniform=1.786923 min_probability_over_uniform=0.404032
RG_AA_SCORE round=820 layer=features.30 mean_q_equal=0.081041 mean_q_aa=0.082479 mean_abs_q_difference=0.005475 correlation_q_equal_aa=0.967062 top_reset_overlap=none sampling_entropy=6.208170 max_probability_over_uniform=1.786923 mean_eligible_client_sample_count=511.266667 min_eligible_client_sample_count=30.000000 max_eligible_client_sample_count=1447.000000 mean_total_eligible_sample_weight=30676.000000
RG_SCORE round=820 layer=features.34 mean_q=0.254593 max_q=0.455127 fraction_q_positive=1.000000 sampling_entropy=6.211237 uniform_entropy=6.238325 entropy_gap=0.027088 max_probability_over_uniform=1.590746 min_probability_over_uniform=0.328048
RG_AA_SCORE round=820 layer=features.34 mean_q_equal=0.239935 mean_q_aa=0.254593 mean_abs_q_difference=0.015554 correlation_q_equal_aa=0.988259 top_reset_overlap=0.625000 sampling_entropy=6.211237 max_probability_over_uniform=1.590746 mean_eligible_client_sample_count=510.611212 min_eligible_client_sample_count=30.000000 max_eligible_client_sample_count=1447.000000 mean_total_eligible_sample_weight=30188.890625
RG_SCORE round=820 layer=features.37 mean_q=0.253499 max_q=0.418584 fraction_q_positive=1.000000 sampling_entropy=6.218176 uniform_entropy=6.238325 entropy_gap=0.020149 max_probability_over_uniform=1.488421 min_probability_over_uniform=0.400502
RG_AA_SCORE round=820 layer=features.37 mean_q_equal=0.242490 mean_q_aa=0.253499 mean_abs_q_difference=0.011963 correlation_q_equal_aa=0.989532 top_reset_overlap=0.625000 sampling_entropy=6.218176 max_probability_over_uniform=1.488421 mean_eligible_client_sample_count=510.651006 min_eligible_client_sample_count=30.000000 max_eligible_client_sample_count=1447.000000 mean_total_eligible_sample_weight=30187.253906
RG_SCORE round=820 layer=features.40 mean_q=0.194811 max_q=0.365332 fraction_q_positive=1.000000 sampling_entropy=6.204637 uniform_entropy=6.238325 entropy_gap=0.033688 max_probability_over_uniform=1.656491 min_probability_over_uniform=0.297180
RG_AA_SCORE round=820 layer=features.40 mean_q_equal=0.185164 mean_q_aa=0.194811 mean_abs_q_difference=0.012360 correlation_q_equal_aa=0.983825 top_reset_overlap=0.750000 sampling_entropy=6.204637 max_probability_over_uniform=1.656491 mean_eligible_client_sample_count=510.565936 min_eligible_client_sample_count=30.000000 max_eligible_client_sample_count=1447.000000 mean_total_eligible_sample_weight=30187.210938
ROUND_ACCURACY method=FedPhoenixRG-AA round=820 accuracy=80.529999
********************************************************************************
Round 820
ROUND_ACCURACY method=FedPhoenixRG-AA round=821 accuracy=80.000000
********************************************************************************
Round 821
ROUND_ACCURACY method=FedPhoenixRG-AA round=822 accuracy=77.910004
********************************************************************************
Round 822
ROUND_ACCURACY method=FedPhoenixRG-AA round=823 accuracy=61.340000
********************************************************************************
Round 823
ROUND_ACCURACY method=FedPhoenixRG-AA round=824 accuracy=41.410000
********************************************************************************
Round 824
ROUND_ACCURACY method=FedPhoenixRG-AA round=825 accuracy=75.000000
********************************************************************************
Round 825
ROUND_ACCURACY method=FedPhoenixRG-AA round=826 accuracy=71.949997
********************************************************************************
Round 826
ROUND_ACCURACY method=FedPhoenixRG-AA round=827 accuracy=65.820000
********************************************************************************
Round 827
ROUND_ACCURACY method=FedPhoenixRG-AA round=828 accuracy=62.730000
********************************************************************************
Round 828
ROUND_ACCURACY method=FedPhoenixRG-AA round=829 accuracy=76.959999
********************************************************************************
Round 829
ROUND_ACCURACY method=FedPhoenixRG-AA round=830 accuracy=70.180000
********************************************************************************
Round 830
ROUND_ACCURACY method=FedPhoenixRG-AA round=831 accuracy=80.019997
********************************************************************************
Round 831
ROUND_ACCURACY method=FedPhoenixRG-AA round=832 accuracy=80.209999
********************************************************************************
Round 832
ROUND_ACCURACY method=FedPhoenixRG-AA round=833 accuracy=77.250000
********************************************************************************
Round 833
ROUND_ACCURACY method=FedPhoenixRG-AA round=834 accuracy=80.290001
********************************************************************************
Round 834
ROUND_ACCURACY method=FedPhoenixRG-AA round=835 accuracy=81.970001
********************************************************************************
Round 835
ROUND_ACCURACY method=FedPhoenixRG-AA round=836 accuracy=80.610001
********************************************************************************
Round 836
ROUND_ACCURACY method=FedPhoenixRG-AA round=837 accuracy=81.750000
********************************************************************************
Round 837
ROUND_ACCURACY method=FedPhoenixRG-AA round=838 accuracy=81.620003
********************************************************************************
Round 838
ROUND_ACCURACY method=FedPhoenixRG-AA round=839 accuracy=75.370003
********************************************************************************
Round 839
RG_SCORE round=840 layer=features.0 mean_q=0.042833 max_q=0.178897 fraction_q_positive=0.687500 sampling_entropy=3.867705 uniform_entropy=4.158883 entropy_gap=0.291178 max_probability_over_uniform=3.382456 min_probability_over_uniform=0.250000
RG_AA_SCORE round=840 layer=features.0 mean_q_equal=0.049286 mean_q_aa=0.042833 mean_abs_q_difference=0.018399 correlation_q_equal_aa=0.856037 top_reset_overlap=none sampling_entropy=3.867705 max_probability_over_uniform=3.382456 mean_eligible_client_sample_count=482.065574 min_eligible_client_sample_count=30.000000 max_eligible_client_sample_count=1077.000000 mean_total_eligible_sample_weight=29406.000000
RG_SCORE round=840 layer=features.3 mean_q=0.033684 max_q=0.071323 fraction_q_positive=0.968750 sampling_entropy=4.062472 uniform_entropy=4.158883 entropy_gap=0.096412 max_probability_over_uniform=1.838045 min_probability_over_uniform=0.250000
RG_AA_SCORE round=840 layer=features.3 mean_q_equal=0.037655 mean_q_aa=0.033684 mean_abs_q_difference=0.006761 correlation_q_equal_aa=0.933263 top_reset_overlap=none sampling_entropy=4.062472 max_probability_over_uniform=1.838045 mean_eligible_client_sample_count=482.065574 min_eligible_client_sample_count=30.000000 max_eligible_client_sample_count=1077.000000 mean_total_eligible_sample_weight=29406.000000
RG_SCORE round=840 layer=features.7 mean_q=0.042589 max_q=0.125707 fraction_q_positive=0.992188 sampling_entropy=4.798377 uniform_entropy=4.852030 entropy_gap=0.053653 max_probability_over_uniform=2.463716 min_probability_over_uniform=0.250000
RG_AA_SCORE round=840 layer=features.7 mean_q_equal=0.050165 mean_q_aa=0.042589 mean_abs_q_difference=0.008239 correlation_q_equal_aa=0.952456 top_reset_overlap=none sampling_entropy=4.798377 max_probability_over_uniform=2.463716 mean_eligible_client_sample_count=482.065574 min_eligible_client_sample_count=30.000000 max_eligible_client_sample_count=1077.000000 mean_total_eligible_sample_weight=29406.000000
RG_SCORE round=840 layer=features.10 mean_q=0.038256 max_q=0.070708 fraction_q_positive=1.000000 sampling_entropy=4.826931 uniform_entropy=4.852030 entropy_gap=0.025099 max_probability_over_uniform=1.636218 min_probability_over_uniform=0.495913
RG_AA_SCORE round=840 layer=features.10 mean_q_equal=0.047404 mean_q_aa=0.038256 mean_abs_q_difference=0.009151 correlation_q_equal_aa=0.952319 top_reset_overlap=none sampling_entropy=4.826931 max_probability_over_uniform=1.636218 mean_eligible_client_sample_count=482.065574 min_eligible_client_sample_count=30.000000 max_eligible_client_sample_count=1077.000000 mean_total_eligible_sample_weight=29406.000000
RG_SCORE round=840 layer=features.14 mean_q=0.042834 max_q=0.111816 fraction_q_positive=1.000000 sampling_entropy=5.513302 uniform_entropy=5.545177 entropy_gap=0.031875 max_probability_over_uniform=2.207811 min_probability_over_uniform=0.464742
RG_AA_SCORE round=840 layer=features.14 mean_q_equal=0.052049 mean_q_aa=0.042834 mean_abs_q_difference=0.009266 correlation_q_equal_aa=0.968517 top_reset_overlap=none sampling_entropy=5.513302 max_probability_over_uniform=2.207811 mean_eligible_client_sample_count=482.065574 min_eligible_client_sample_count=30.000000 max_eligible_client_sample_count=1077.000000 mean_total_eligible_sample_weight=29406.000000
RG_SCORE round=840 layer=features.17 mean_q=0.041731 max_q=0.089962 fraction_q_positive=1.000000 sampling_entropy=5.517184 uniform_entropy=5.545177 entropy_gap=0.027994 max_probability_over_uniform=1.866820 min_probability_over_uniform=0.386836
RG_AA_SCORE round=840 layer=features.17 mean_q_equal=0.050024 mean_q_aa=0.041731 mean_abs_q_difference=0.008334 correlation_q_equal_aa=0.972588 top_reset_overlap=none sampling_entropy=5.517184 max_probability_over_uniform=1.866820 mean_eligible_client_sample_count=482.065574 min_eligible_client_sample_count=30.000000 max_eligible_client_sample_count=1077.000000 mean_total_eligible_sample_weight=29406.000000
RG_SCORE round=840 layer=features.20 mean_q=0.036214 max_q=0.064254 fraction_q_positive=1.000000 sampling_entropy=5.525884 uniform_entropy=5.545177 entropy_gap=0.019294 max_probability_over_uniform=1.580701 min_probability_over_uniform=0.516144
RG_AA_SCORE round=840 layer=features.20 mean_q_equal=0.044918 mean_q_aa=0.036214 mean_abs_q_difference=0.008754 correlation_q_equal_aa=0.948244 top_reset_overlap=none sampling_entropy=5.525884 max_probability_over_uniform=1.580701 mean_eligible_client_sample_count=482.065574 min_eligible_client_sample_count=30.000000 max_eligible_client_sample_count=1077.000000 mean_total_eligible_sample_weight=29406.000000
RG_SCORE round=840 layer=features.24 mean_q=0.067025 max_q=0.191952 fraction_q_positive=0.998047 sampling_entropy=6.205510 uniform_entropy=6.238325 entropy_gap=0.032814 max_probability_over_uniform=2.397928 min_probability_over_uniform=0.250000
RG_AA_SCORE round=840 layer=features.24 mean_q_equal=0.072167 mean_q_aa=0.067025 mean_abs_q_difference=0.007190 correlation_q_equal_aa=0.962295 top_reset_overlap=none sampling_entropy=6.205510 max_probability_over_uniform=2.397928 mean_eligible_client_sample_count=482.065574 min_eligible_client_sample_count=30.000000 max_eligible_client_sample_count=1077.000000 mean_total_eligible_sample_weight=29406.000000
RG_SCORE round=840 layer=features.27 mean_q=0.101584 max_q=0.183719 fraction_q_positive=1.000000 sampling_entropy=6.213504 uniform_entropy=6.238325 entropy_gap=0.024821 max_probability_over_uniform=1.606410 min_probability_over_uniform=0.324325
RG_AA_SCORE round=840 layer=features.27 mean_q_equal=0.101486 mean_q_aa=0.101584 mean_abs_q_difference=0.007259 correlation_q_equal_aa=0.951578 top_reset_overlap=none sampling_entropy=6.213504 max_probability_over_uniform=1.606410 mean_eligible_client_sample_count=482.065574 min_eligible_client_sample_count=30.000000 max_eligible_client_sample_count=1077.000000 mean_total_eligible_sample_weight=29406.000000
RG_SCORE round=840 layer=features.30 mean_q=0.070944 max_q=0.137642 fraction_q_positive=1.000000 sampling_entropy=6.211685 uniform_entropy=6.238325 entropy_gap=0.026640 max_probability_over_uniform=1.705112 min_probability_over_uniform=0.419664
RG_AA_SCORE round=840 layer=features.30 mean_q_equal=0.071259 mean_q_aa=0.070944 mean_abs_q_difference=0.004912 correlation_q_equal_aa=0.964849 top_reset_overlap=none sampling_entropy=6.211685 max_probability_over_uniform=1.705112 mean_eligible_client_sample_count=482.065574 min_eligible_client_sample_count=30.000000 max_eligible_client_sample_count=1077.000000 mean_total_eligible_sample_weight=29406.000000
RG_SCORE round=840 layer=features.34 mean_q=0.194621 max_q=0.347583 fraction_q_positive=0.998047 sampling_entropy=6.194660 uniform_entropy=6.238325 entropy_gap=0.043664 max_probability_over_uniform=1.589461 min_probability_over_uniform=0.250000
RG_AA_SCORE round=840 layer=features.34 mean_q_equal=0.176136 mean_q_aa=0.194621 mean_abs_q_difference=0.022079 correlation_q_equal_aa=0.964127 top_reset_overlap=0.625000 sampling_entropy=6.194660 max_probability_over_uniform=1.589461 mean_eligible_client_sample_count=480.885078 min_eligible_client_sample_count=30.000000 max_eligible_client_sample_count=1077.000000 mean_total_eligible_sample_weight=28866.253906
RG_SCORE round=840 layer=features.37 mean_q=0.200363 max_q=0.368063 fraction_q_positive=1.000000 sampling_entropy=6.213097 uniform_entropy=6.238325 entropy_gap=0.025227 max_probability_over_uniform=1.627739 min_probability_over_uniform=0.300421
RG_AA_SCORE round=840 layer=features.37 mean_q_equal=0.172988 mean_q_aa=0.200363 mean_abs_q_difference=0.028540 correlation_q_equal_aa=0.947782 top_reset_overlap=0.875000 sampling_entropy=6.213097 max_probability_over_uniform=1.627739 mean_eligible_client_sample_count=480.851278 min_eligible_client_sample_count=30.000000 max_eligible_client_sample_count=1077.000000 mean_total_eligible_sample_weight=28871.738281
RG_SCORE round=840 layer=features.40 mean_q=0.139043 max_q=0.349802 fraction_q_positive=0.992188 sampling_entropy=6.179128 uniform_entropy=6.238325 entropy_gap=0.059197 max_probability_over_uniform=2.136840 min_probability_over_uniform=0.250000
RG_AA_SCORE round=840 layer=features.40 mean_q_equal=0.112494 mean_q_aa=0.139043 mean_abs_q_difference=0.028265 correlation_q_equal_aa=0.944003 top_reset_overlap=0.875000 sampling_entropy=6.179128 max_probability_over_uniform=2.136840 mean_eligible_client_sample_count=480.853903 min_eligible_client_sample_count=30.000000 max_eligible_client_sample_count=1077.000000 mean_total_eligible_sample_weight=28863.443359
ROUND_ACCURACY method=FedPhoenixRG-AA round=840 accuracy=68.419998
********************************************************************************
Round 840
ROUND_ACCURACY method=FedPhoenixRG-AA round=841 accuracy=75.790001
********************************************************************************
Round 841
ROUND_ACCURACY method=FedPhoenixRG-AA round=842 accuracy=66.349998
********************************************************************************
Round 842
ROUND_ACCURACY method=FedPhoenixRG-AA round=843 accuracy=80.459999
********************************************************************************
Round 843
ROUND_ACCURACY method=FedPhoenixRG-AA round=844 accuracy=81.070000
********************************************************************************
Round 844
ROUND_ACCURACY method=FedPhoenixRG-AA round=845 accuracy=80.629997
********************************************************************************
Round 845
ROUND_ACCURACY method=FedPhoenixRG-AA round=846 accuracy=73.620003
********************************************************************************
Round 846
ROUND_ACCURACY method=FedPhoenixRG-AA round=847 accuracy=71.889999
********************************************************************************
Round 847
ROUND_ACCURACY method=FedPhoenixRG-AA round=848 accuracy=81.949997
********************************************************************************
Round 848
ROUND_ACCURACY method=FedPhoenixRG-AA round=849 accuracy=79.900002
********************************************************************************
Round 849
ROUND_ACCURACY method=FedPhoenixRG-AA round=850 accuracy=81.769997
********************************************************************************
Round 850
ROUND_ACCURACY method=FedPhoenixRG-AA round=851 accuracy=79.709999
********************************************************************************
Round 851
ROUND_ACCURACY method=FedPhoenixRG-AA round=852 accuracy=80.279999
********************************************************************************
Round 852
ROUND_ACCURACY method=FedPhoenixRG-AA round=853 accuracy=79.919998
********************************************************************************
Round 853
ROUND_ACCURACY method=FedPhoenixRG-AA round=854 accuracy=75.019997
********************************************************************************
Round 854
ROUND_ACCURACY method=FedPhoenixRG-AA round=855 accuracy=76.980003
********************************************************************************
Round 855
ROUND_ACCURACY method=FedPhoenixRG-AA round=856 accuracy=81.830002
********************************************************************************
Round 856
ROUND_ACCURACY method=FedPhoenixRG-AA round=857 accuracy=80.089996
********************************************************************************
Round 857
ROUND_ACCURACY method=FedPhoenixRG-AA round=858 accuracy=82.309998
********************************************************************************
Round 858
ROUND_ACCURACY method=FedPhoenixRG-AA round=859 accuracy=80.830002
********************************************************************************
Round 859
RG_SCORE round=860 layer=features.0 mean_q=0.067880 max_q=0.222126 fraction_q_positive=0.812500 sampling_entropy=3.941944 uniform_entropy=4.158883 entropy_gap=0.216939 max_probability_over_uniform=2.704245 min_probability_over_uniform=0.250000
RG_AA_SCORE round=860 layer=features.0 mean_q_equal=0.058320 mean_q_aa=0.067880 mean_abs_q_difference=0.021127 correlation_q_equal_aa=0.884394 top_reset_overlap=none sampling_entropy=3.941944 max_probability_over_uniform=2.704245 mean_eligible_client_sample_count=494.254237 min_eligible_client_sample_count=157.000000 max_eligible_client_sample_count=1077.000000 mean_total_eligible_sample_weight=29161.000000
RG_SCORE round=860 layer=features.3 mean_q=0.036105 max_q=0.091754 fraction_q_positive=0.984375 sampling_entropy=4.082596 uniform_entropy=4.158883 entropy_gap=0.076287 max_probability_over_uniform=2.155995 min_probability_over_uniform=0.250000
RG_AA_SCORE round=860 layer=features.3 mean_q_equal=0.036977 mean_q_aa=0.036105 mean_abs_q_difference=0.006822 correlation_q_equal_aa=0.902508 top_reset_overlap=none sampling_entropy=4.082596 max_probability_over_uniform=2.155995 mean_eligible_client_sample_count=494.254237 min_eligible_client_sample_count=157.000000 max_eligible_client_sample_count=1077.000000 mean_total_eligible_sample_weight=29161.000000
RG_SCORE round=860 layer=features.7 mean_q=0.047053 max_q=0.151982 fraction_q_positive=1.000000 sampling_entropy=4.794620 uniform_entropy=4.852030 entropy_gap=0.057410 max_probability_over_uniform=2.672494 min_probability_over_uniform=0.278481
RG_AA_SCORE round=860 layer=features.7 mean_q_equal=0.045421 mean_q_aa=0.047053 mean_abs_q_difference=0.006272 correlation_q_equal_aa=0.933442 top_reset_overlap=none sampling_entropy=4.794620 max_probability_over_uniform=2.672494 mean_eligible_client_sample_count=494.254237 min_eligible_client_sample_count=157.000000 max_eligible_client_sample_count=1077.000000 mean_total_eligible_sample_weight=29161.000000
RG_SCORE round=860 layer=features.10 mean_q=0.043369 max_q=0.078234 fraction_q_positive=1.000000 sampling_entropy=4.830882 uniform_entropy=4.852030 entropy_gap=0.021148 max_probability_over_uniform=1.602936 min_probability_over_uniform=0.499094
RG_AA_SCORE round=860 layer=features.10 mean_q_equal=0.043060 mean_q_aa=0.043369 mean_abs_q_difference=0.003882 correlation_q_equal_aa=0.916924 top_reset_overlap=none sampling_entropy=4.830882 max_probability_over_uniform=1.602936 mean_eligible_client_sample_count=494.254237 min_eligible_client_sample_count=157.000000 max_eligible_client_sample_count=1077.000000 mean_total_eligible_sample_weight=29161.000000
RG_SCORE round=860 layer=features.14 mean_q=0.049012 max_q=0.124056 fraction_q_positive=1.000000 sampling_entropy=5.517149 uniform_entropy=5.545177 entropy_gap=0.028028 max_probability_over_uniform=2.148339 min_probability_over_uniform=0.506717
RG_AA_SCORE round=860 layer=features.14 mean_q_equal=0.049183 mean_q_aa=0.049012 mean_abs_q_difference=0.004181 correlation_q_equal_aa=0.947416 top_reset_overlap=none sampling_entropy=5.517149 max_probability_over_uniform=2.148339 mean_eligible_client_sample_count=494.254237 min_eligible_client_sample_count=157.000000 max_eligible_client_sample_count=1077.000000 mean_total_eligible_sample_weight=29161.000000
RG_SCORE round=860 layer=features.17 mean_q=0.048635 max_q=0.103865 fraction_q_positive=1.000000 sampling_entropy=5.514950 uniform_entropy=5.545177 entropy_gap=0.030228 max_probability_over_uniform=1.851685 min_probability_over_uniform=0.490775
RG_AA_SCORE round=860 layer=features.17 mean_q_equal=0.049565 mean_q_aa=0.048635 mean_abs_q_difference=0.003787 correlation_q_equal_aa=0.956964 top_reset_overlap=none sampling_entropy=5.514950 max_probability_over_uniform=1.851685 mean_eligible_client_sample_count=494.254237 min_eligible_client_sample_count=157.000000 max_eligible_client_sample_count=1077.000000 mean_total_eligible_sample_weight=29161.000000
RG_SCORE round=860 layer=features.20 mean_q=0.040400 max_q=0.076868 fraction_q_positive=1.000000 sampling_entropy=5.525468 uniform_entropy=5.545177 entropy_gap=0.019709 max_probability_over_uniform=1.677014 min_probability_over_uniform=0.576414
RG_AA_SCORE round=860 layer=features.20 mean_q_equal=0.041129 mean_q_aa=0.040400 mean_abs_q_difference=0.003449 correlation_q_equal_aa=0.915849 top_reset_overlap=none sampling_entropy=5.525468 max_probability_over_uniform=1.677014 mean_eligible_client_sample_count=494.254237 min_eligible_client_sample_count=157.000000 max_eligible_client_sample_count=1077.000000 mean_total_eligible_sample_weight=29161.000000
RG_SCORE round=860 layer=features.24 mean_q=0.083895 max_q=0.194485 fraction_q_positive=1.000000 sampling_entropy=6.210913 uniform_entropy=6.238325 entropy_gap=0.027412 max_probability_over_uniform=1.988645 min_probability_over_uniform=0.463598
RG_AA_SCORE round=860 layer=features.24 mean_q_equal=0.077453 mean_q_aa=0.083895 mean_abs_q_difference=0.008541 correlation_q_equal_aa=0.939898 top_reset_overlap=none sampling_entropy=6.210913 max_probability_over_uniform=1.988645 mean_eligible_client_sample_count=494.254237 min_eligible_client_sample_count=157.000000 max_eligible_client_sample_count=1077.000000 mean_total_eligible_sample_weight=29161.000000
RG_SCORE round=860 layer=features.27 mean_q=0.135096 max_q=0.233781 fraction_q_positive=1.000000 sampling_entropy=6.225398 uniform_entropy=6.238325 entropy_gap=0.012926 max_probability_over_uniform=1.547859 min_probability_over_uniform=0.523965
RG_AA_SCORE round=860 layer=features.27 mean_q_equal=0.121814 mean_q_aa=0.135096 mean_abs_q_difference=0.014457 correlation_q_equal_aa=0.927923 top_reset_overlap=none sampling_entropy=6.225398 max_probability_over_uniform=1.547859 mean_eligible_client_sample_count=494.254237 min_eligible_client_sample_count=157.000000 max_eligible_client_sample_count=1077.000000 mean_total_eligible_sample_weight=29161.000000
RG_SCORE round=860 layer=features.30 mean_q=0.099739 max_q=0.167982 fraction_q_positive=1.000000 sampling_entropy=6.220884 uniform_entropy=6.238325 entropy_gap=0.017441 max_probability_over_uniform=1.513158 min_probability_over_uniform=0.526047
RG_AA_SCORE round=860 layer=features.30 mean_q_equal=0.087031 mean_q_aa=0.099739 mean_abs_q_difference=0.013731 correlation_q_equal_aa=0.920956 top_reset_overlap=none sampling_entropy=6.220884 max_probability_over_uniform=1.513158 mean_eligible_client_sample_count=494.254237 min_eligible_client_sample_count=157.000000 max_eligible_client_sample_count=1077.000000 mean_total_eligible_sample_weight=29161.000000
RG_SCORE round=860 layer=features.34 mean_q=0.275188 max_q=0.430086 fraction_q_positive=1.000000 sampling_entropy=6.216633 uniform_entropy=6.238325 entropy_gap=0.021691 max_probability_over_uniform=1.422159 min_probability_over_uniform=0.298367
RG_AA_SCORE round=860 layer=features.34 mean_q_equal=0.241953 mean_q_aa=0.275188 mean_abs_q_difference=0.034058 correlation_q_equal_aa=0.957551 top_reset_overlap=none sampling_entropy=6.216633 max_probability_over_uniform=1.422159 mean_eligible_client_sample_count=494.131740 min_eligible_client_sample_count=157.000000 max_eligible_client_sample_count=1077.000000 mean_total_eligible_sample_weight=29068.843750
RG_SCORE round=860 layer=features.37 mean_q=0.255970 max_q=0.411115 fraction_q_positive=1.000000 sampling_entropy=6.220193 uniform_entropy=6.238325 entropy_gap=0.018132 max_probability_over_uniform=1.454577 min_probability_over_uniform=0.369469
RG_AA_SCORE round=860 layer=features.37 mean_q_equal=0.216717 mean_q_aa=0.255970 mean_abs_q_difference=0.040387 correlation_q_equal_aa=0.942039 top_reset_overlap=0.500000 sampling_entropy=6.220193 max_probability_over_uniform=1.454577 mean_eligible_client_sample_count=494.349543 min_eligible_client_sample_count=157.000000 max_eligible_client_sample_count=1077.000000 mean_total_eligible_sample_weight=28829.654297
RG_SCORE round=860 layer=features.40 mean_q=0.148966 max_q=0.342249 fraction_q_positive=0.992188 sampling_entropy=6.160300 uniform_entropy=6.238325 entropy_gap=0.078025 max_probability_over_uniform=1.973125 min_probability_over_uniform=0.250000
RG_AA_SCORE round=860 layer=features.40 mean_q_equal=0.112002 mean_q_aa=0.148966 mean_abs_q_difference=0.037743 correlation_q_equal_aa=0.954388 top_reset_overlap=0.625000 sampling_entropy=6.160300 max_probability_over_uniform=1.973125 mean_eligible_client_sample_count=494.344060 min_eligible_client_sample_count=157.000000 max_eligible_client_sample_count=1077.000000 mean_total_eligible_sample_weight=28834.162109
ROUND_ACCURACY method=FedPhoenixRG-AA round=860 accuracy=54.549999
********************************************************************************
Round 860
ROUND_ACCURACY method=FedPhoenixRG-AA round=861 accuracy=61.520000
********************************************************************************
Round 861
ROUND_ACCURACY method=FedPhoenixRG-AA round=862 accuracy=67.680000
********************************************************************************
Round 862
ROUND_ACCURACY method=FedPhoenixRG-AA round=863 accuracy=65.150002
********************************************************************************
Round 863
ROUND_ACCURACY method=FedPhoenixRG-AA round=864 accuracy=72.959999
********************************************************************************
Round 864
ROUND_ACCURACY method=FedPhoenixRG-AA round=865 accuracy=78.510002
********************************************************************************
Round 865
ROUND_ACCURACY method=FedPhoenixRG-AA round=866 accuracy=70.910004
********************************************************************************
Round 866
ROUND_ACCURACY method=FedPhoenixRG-AA round=867 accuracy=78.669998
********************************************************************************
Round 867
ROUND_ACCURACY method=FedPhoenixRG-AA round=868 accuracy=75.650002
********************************************************************************
Round 868
ROUND_ACCURACY method=FedPhoenixRG-AA round=869 accuracy=81.010002
********************************************************************************
Round 869
ROUND_ACCURACY method=FedPhoenixRG-AA round=870 accuracy=80.599998
********************************************************************************
Round 870
ROUND_ACCURACY method=FedPhoenixRG-AA round=871 accuracy=81.180000
********************************************************************************
Round 871
ROUND_ACCURACY method=FedPhoenixRG-AA round=872 accuracy=81.669998
********************************************************************************
Round 872
ROUND_ACCURACY method=FedPhoenixRG-AA round=873 accuracy=80.860001
********************************************************************************
Round 873
ROUND_ACCURACY method=FedPhoenixRG-AA round=874 accuracy=78.480003
********************************************************************************
Round 874
ROUND_ACCURACY method=FedPhoenixRG-AA round=875 accuracy=78.019997
********************************************************************************
Round 875
ROUND_ACCURACY method=FedPhoenixRG-AA round=876 accuracy=81.239998
********************************************************************************
Round 876
ROUND_ACCURACY method=FedPhoenixRG-AA round=877 accuracy=79.339996
********************************************************************************
Round 877
ROUND_ACCURACY method=FedPhoenixRG-AA round=878 accuracy=78.529999
********************************************************************************
Round 878
ROUND_ACCURACY method=FedPhoenixRG-AA round=879 accuracy=67.739998
********************************************************************************
Round 879
RG_SCORE round=880 layer=features.0 mean_q=0.058077 max_q=0.229694 fraction_q_positive=0.671875 sampling_entropy=3.857917 uniform_entropy=4.158883 entropy_gap=0.300966 max_probability_over_uniform=3.216244 min_probability_over_uniform=0.250000
RG_AA_SCORE round=880 layer=features.0 mean_q_equal=0.059326 mean_q_aa=0.058077 mean_abs_q_difference=0.014769 correlation_q_equal_aa=0.936583 top_reset_overlap=none sampling_entropy=3.857917 max_probability_over_uniform=3.216244 mean_eligible_client_sample_count=504.606557 min_eligible_client_sample_count=30.000000 max_eligible_client_sample_count=1447.000000 mean_total_eligible_sample_weight=30781.000000
RG_SCORE round=880 layer=features.3 mean_q=0.044035 max_q=0.108324 fraction_q_positive=0.921875 sampling_entropy=4.045327 uniform_entropy=4.158883 entropy_gap=0.113556 max_probability_over_uniform=2.094976 min_probability_over_uniform=0.250000
RG_AA_SCORE round=880 layer=features.3 mean_q_equal=0.047844 mean_q_aa=0.044035 mean_abs_q_difference=0.008032 correlation_q_equal_aa=0.933698 top_reset_overlap=none sampling_entropy=4.045327 max_probability_over_uniform=2.094976 mean_eligible_client_sample_count=504.606557 min_eligible_client_sample_count=30.000000 max_eligible_client_sample_count=1447.000000 mean_total_eligible_sample_weight=30781.000000
RG_SCORE round=880 layer=features.7 mean_q=0.057356 max_q=0.138969 fraction_q_positive=1.000000 sampling_entropy=4.807679 uniform_entropy=4.852030 entropy_gap=0.044351 max_probability_over_uniform=2.067190 min_probability_over_uniform=0.378749
RG_AA_SCORE round=880 layer=features.7 mean_q_equal=0.064004 mean_q_aa=0.057356 mean_abs_q_difference=0.007959 correlation_q_equal_aa=0.947063 top_reset_overlap=none sampling_entropy=4.807679 max_probability_over_uniform=2.067190 mean_eligible_client_sample_count=504.606557 min_eligible_client_sample_count=30.000000 max_eligible_client_sample_count=1447.000000 mean_total_eligible_sample_weight=30781.000000
RG_SCORE round=880 layer=features.10 mean_q=0.051813 max_q=0.106366 fraction_q_positive=1.000000 sampling_entropy=4.831143 uniform_entropy=4.852030 entropy_gap=0.020888 max_probability_over_uniform=1.789670 min_probability_over_uniform=0.575586
RG_AA_SCORE round=880 layer=features.10 mean_q_equal=0.059008 mean_q_aa=0.051813 mean_abs_q_difference=0.007675 correlation_q_equal_aa=0.938203 top_reset_overlap=none sampling_entropy=4.831143 max_probability_over_uniform=1.789670 mean_eligible_client_sample_count=504.606557 min_eligible_client_sample_count=30.000000 max_eligible_client_sample_count=1447.000000 mean_total_eligible_sample_weight=30781.000000
RG_SCORE round=880 layer=features.14 mean_q=0.058785 max_q=0.136814 fraction_q_positive=1.000000 sampling_entropy=5.516278 uniform_entropy=5.545177 entropy_gap=0.028899 max_probability_over_uniform=1.995511 min_probability_over_uniform=0.400747
RG_AA_SCORE round=880 layer=features.14 mean_q_equal=0.065057 mean_q_aa=0.058785 mean_abs_q_difference=0.007016 correlation_q_equal_aa=0.966063 top_reset_overlap=none sampling_entropy=5.516278 max_probability_over_uniform=1.995511 mean_eligible_client_sample_count=504.606557 min_eligible_client_sample_count=30.000000 max_eligible_client_sample_count=1447.000000 mean_total_eligible_sample_weight=30781.000000
RG_SCORE round=880 layer=features.17 mean_q=0.058346 max_q=0.134748 fraction_q_positive=1.000000 sampling_entropy=5.518758 uniform_entropy=5.545177 entropy_gap=0.026420 max_probability_over_uniform=1.982107 min_probability_over_uniform=0.493004
RG_AA_SCORE round=880 layer=features.17 mean_q_equal=0.064780 mean_q_aa=0.058346 mean_abs_q_difference=0.006870 correlation_q_equal_aa=0.970685 top_reset_overlap=none sampling_entropy=5.518758 max_probability_over_uniform=1.982107 mean_eligible_client_sample_count=504.606557 min_eligible_client_sample_count=30.000000 max_eligible_client_sample_count=1447.000000 mean_total_eligible_sample_weight=30781.000000
RG_SCORE round=880 layer=features.20 mean_q=0.049332 max_q=0.088848 fraction_q_positive=1.000000 sampling_entropy=5.531529 uniform_entropy=5.545177 entropy_gap=0.013648 max_probability_over_uniform=1.600774 min_probability_over_uniform=0.524243
RG_AA_SCORE round=880 layer=features.20 mean_q_equal=0.055460 mean_q_aa=0.049332 mean_abs_q_difference=0.006338 correlation_q_equal_aa=0.935511 top_reset_overlap=none sampling_entropy=5.531529 max_probability_over_uniform=1.600774 mean_eligible_client_sample_count=504.606557 min_eligible_client_sample_count=30.000000 max_eligible_client_sample_count=1447.000000 mean_total_eligible_sample_weight=30781.000000
RG_SCORE round=880 layer=features.24 mean_q=0.092081 max_q=0.206768 fraction_q_positive=1.000000 sampling_entropy=6.216325 uniform_entropy=6.238325 entropy_gap=0.022000 max_probability_over_uniform=1.934135 min_probability_over_uniform=0.549873
RG_AA_SCORE round=880 layer=features.24 mean_q_equal=0.095555 mean_q_aa=0.092081 mean_abs_q_difference=0.005967 correlation_q_equal_aa=0.971032 top_reset_overlap=none sampling_entropy=6.216325 max_probability_over_uniform=1.934135 mean_eligible_client_sample_count=504.606557 min_eligible_client_sample_count=30.000000 max_eligible_client_sample_count=1447.000000 mean_total_eligible_sample_weight=30781.000000
RG_SCORE round=880 layer=features.27 mean_q=0.140302 max_q=0.224489 fraction_q_positive=1.000000 sampling_entropy=6.230688 uniform_entropy=6.238325 entropy_gap=0.007636 max_probability_over_uniform=1.450029 min_probability_over_uniform=0.694093
RG_AA_SCORE round=880 layer=features.27 mean_q_equal=0.140077 mean_q_aa=0.140302 mean_abs_q_difference=0.005607 correlation_q_equal_aa=0.954117 top_reset_overlap=none sampling_entropy=6.230688 max_probability_over_uniform=1.450029 mean_eligible_client_sample_count=504.606557 min_eligible_client_sample_count=30.000000 max_eligible_client_sample_count=1447.000000 mean_total_eligible_sample_weight=30781.000000
RG_SCORE round=880 layer=features.30 mean_q=0.103934 max_q=0.197001 fraction_q_positive=1.000000 sampling_entropy=6.226847 uniform_entropy=6.238325 entropy_gap=0.011477 max_probability_over_uniform=1.671588 min_probability_over_uniform=0.539206
RG_AA_SCORE round=880 layer=features.30 mean_q_equal=0.104696 mean_q_aa=0.103934 mean_abs_q_difference=0.005387 correlation_q_equal_aa=0.951464 top_reset_overlap=none sampling_entropy=6.226847 max_probability_over_uniform=1.671588 mean_eligible_client_sample_count=504.606557 min_eligible_client_sample_count=30.000000 max_eligible_client_sample_count=1447.000000 mean_total_eligible_sample_weight=30781.000000
RG_SCORE round=880 layer=features.34 mean_q=0.245360 max_q=0.343403 fraction_q_positive=1.000000 sampling_entropy=6.228131 uniform_entropy=6.238325 entropy_gap=0.010193 max_probability_over_uniform=1.299690 min_probability_over_uniform=0.453723
RG_AA_SCORE round=880 layer=features.34 mean_q_equal=0.239778 mean_q_aa=0.245360 mean_abs_q_difference=0.011073 correlation_q_equal_aa=0.963951 top_reset_overlap=none sampling_entropy=6.228131 max_probability_over_uniform=1.299690 mean_eligible_client_sample_count=504.606557 min_eligible_client_sample_count=30.000000 max_eligible_client_sample_count=1447.000000 mean_total_eligible_sample_weight=30781.000000
RG_SCORE round=880 layer=features.37 mean_q=0.197742 max_q=0.340251 fraction_q_positive=1.000000 sampling_entropy=6.222149 uniform_entropy=6.238325 entropy_gap=0.016176 max_probability_over_uniform=1.540507 min_probability_over_uniform=0.340402
RG_AA_SCORE round=880 layer=features.37 mean_q_equal=0.193966 mean_q_aa=0.197742 mean_abs_q_difference=0.010699 correlation_q_equal_aa=0.963449 top_reset_overlap=0.750000 sampling_entropy=6.222149 max_probability_over_uniform=1.540507 mean_eligible_client_sample_count=505.006001 min_eligible_client_sample_count=30.000000 max_eligible_client_sample_count=1447.000000 mean_total_eligible_sample_weight=30406.884766
RG_SCORE round=880 layer=features.40 mean_q=0.139474 max_q=0.276853 fraction_q_positive=0.998047 sampling_entropy=6.196539 uniform_entropy=6.238325 entropy_gap=0.041785 max_probability_over_uniform=1.738737 min_probability_over_uniform=0.250000
RG_AA_SCORE round=880 layer=features.40 mean_q_equal=0.134016 mean_q_aa=0.139474 mean_abs_q_difference=0.010201 correlation_q_equal_aa=0.976691 top_reset_overlap=0.625000 sampling_entropy=6.196539 max_probability_over_uniform=1.738737 mean_eligible_client_sample_count=505.003017 min_eligible_client_sample_count=30.000000 max_eligible_client_sample_count=1447.000000 mean_total_eligible_sample_weight=30404.732422
ROUND_ACCURACY method=FedPhoenixRG-AA round=880 accuracy=82.019997
********************************************************************************
Round 880
ROUND_ACCURACY method=FedPhoenixRG-AA round=881 accuracy=69.900002
********************************************************************************
Round 881
ROUND_ACCURACY method=FedPhoenixRG-AA round=882 accuracy=80.830002
********************************************************************************
Round 882
ROUND_ACCURACY method=FedPhoenixRG-AA round=883 accuracy=63.849998
********************************************************************************
Round 883
ROUND_ACCURACY method=FedPhoenixRG-AA round=884 accuracy=79.410004
********************************************************************************
Round 884
ROUND_ACCURACY method=FedPhoenixRG-AA round=885 accuracy=77.139999
********************************************************************************
Round 885
ROUND_ACCURACY method=FedPhoenixRG-AA round=886 accuracy=73.430000
********************************************************************************
Round 886
ROUND_ACCURACY method=FedPhoenixRG-AA round=887 accuracy=69.849998
********************************************************************************
Round 887
ROUND_ACCURACY method=FedPhoenixRG-AA round=888 accuracy=81.769997
********************************************************************************
Round 888
ROUND_ACCURACY method=FedPhoenixRG-AA round=889 accuracy=81.790001
********************************************************************************
Round 889
ROUND_ACCURACY method=FedPhoenixRG-AA round=890 accuracy=81.059998
********************************************************************************
Round 890
ROUND_ACCURACY method=FedPhoenixRG-AA round=891 accuracy=81.059998
********************************************************************************
Round 891
ROUND_ACCURACY method=FedPhoenixRG-AA round=892 accuracy=76.099998
********************************************************************************
Round 892
ROUND_ACCURACY method=FedPhoenixRG-AA round=893 accuracy=79.160004
********************************************************************************
Round 893
ROUND_ACCURACY method=FedPhoenixRG-AA round=894 accuracy=77.239998
********************************************************************************
Round 894
ROUND_ACCURACY method=FedPhoenixRG-AA round=895 accuracy=78.029999
********************************************************************************
Round 895
ROUND_ACCURACY method=FedPhoenixRG-AA round=896 accuracy=73.220001
********************************************************************************
Round 896
ROUND_ACCURACY method=FedPhoenixRG-AA round=897 accuracy=76.230003
********************************************************************************
Round 897
ROUND_ACCURACY method=FedPhoenixRG-AA round=898 accuracy=56.570000
********************************************************************************
Round 898
ROUND_ACCURACY method=FedPhoenixRG-AA round=899 accuracy=74.620003
********************************************************************************
Round 899
RG_SCORE round=900 layer=features.0 mean_q=0.040576 max_q=0.276732 fraction_q_positive=0.546875 sampling_entropy=3.641978 uniform_entropy=4.158883 entropy_gap=0.516905 max_probability_over_uniform=5.365023 min_probability_over_uniform=0.250000
RG_AA_SCORE round=900 layer=features.0 mean_q_equal=0.035482 mean_q_aa=0.040576 mean_abs_q_difference=0.014276 correlation_q_equal_aa=0.944624 top_reset_overlap=none sampling_entropy=3.641978 max_probability_over_uniform=5.365023 mean_eligible_client_sample_count=508.466667 min_eligible_client_sample_count=30.000000 max_eligible_client_sample_count=1447.000000 mean_total_eligible_sample_weight=30508.000000
RG_SCORE round=900 layer=features.3 mean_q=0.014310 max_q=0.077458 fraction_q_positive=0.578125 sampling_entropy=3.758741 uniform_entropy=4.158883 entropy_gap=0.400142 max_probability_over_uniform=4.309737 min_probability_over_uniform=0.250000
RG_AA_SCORE round=900 layer=features.3 mean_q_equal=0.012305 mean_q_aa=0.014310 mean_abs_q_difference=0.004251 correlation_q_equal_aa=0.958085 top_reset_overlap=none sampling_entropy=3.758741 max_probability_over_uniform=4.309737 mean_eligible_client_sample_count=508.466667 min_eligible_client_sample_count=30.000000 max_eligible_client_sample_count=1447.000000 mean_total_eligible_sample_weight=30508.000000
RG_SCORE round=900 layer=features.7 mean_q=0.015610 max_q=0.057582 fraction_q_positive=0.734375 sampling_entropy=4.570946 uniform_entropy=4.852030 entropy_gap=0.281085 max_probability_over_uniform=3.016497 min_probability_over_uniform=0.250000
RG_AA_SCORE round=900 layer=features.7 mean_q_equal=0.014262 mean_q_aa=0.015610 mean_abs_q_difference=0.004601 correlation_q_equal_aa=0.930392 top_reset_overlap=none sampling_entropy=4.570946 max_probability_over_uniform=3.016497 mean_eligible_client_sample_count=508.466667 min_eligible_client_sample_count=30.000000 max_eligible_client_sample_count=1447.000000 mean_total_eligible_sample_weight=30508.000000
RG_SCORE round=900 layer=features.10 mean_q=0.013294 max_q=0.058857 fraction_q_positive=0.718750 sampling_entropy=4.611127 uniform_entropy=4.852030 entropy_gap=0.240904 max_probability_over_uniform=3.570472 min_probability_over_uniform=0.250000
RG_AA_SCORE round=900 layer=features.10 mean_q_equal=0.013058 mean_q_aa=0.013294 mean_abs_q_difference=0.003138 correlation_q_equal_aa=0.943513 top_reset_overlap=none sampling_entropy=4.611127 max_probability_over_uniform=3.570472 mean_eligible_client_sample_count=508.466667 min_eligible_client_sample_count=30.000000 max_eligible_client_sample_count=1447.000000 mean_total_eligible_sample_weight=30508.000000
RG_SCORE round=900 layer=features.14 mean_q=0.014543 max_q=0.083194 fraction_q_positive=0.800781 sampling_entropy=5.343720 uniform_entropy=5.545177 entropy_gap=0.201458 max_probability_over_uniform=4.540322 min_probability_over_uniform=0.250000
RG_AA_SCORE round=900 layer=features.14 mean_q_equal=0.015388 mean_q_aa=0.014543 mean_abs_q_difference=0.003624 correlation_q_equal_aa=0.934512 top_reset_overlap=none sampling_entropy=5.343720 max_probability_over_uniform=4.540322 mean_eligible_client_sample_count=508.466667 min_eligible_client_sample_count=30.000000 max_eligible_client_sample_count=1447.000000 mean_total_eligible_sample_weight=30508.000000
RG_SCORE round=900 layer=features.17 mean_q=0.015329 max_q=0.052113 fraction_q_positive=0.843750 sampling_entropy=5.375825 uniform_entropy=5.545177 entropy_gap=0.169352 max_probability_over_uniform=2.799666 min_probability_over_uniform=0.250000
RG_AA_SCORE round=900 layer=features.17 mean_q_equal=0.016277 mean_q_aa=0.015329 mean_abs_q_difference=0.003459 correlation_q_equal_aa=0.936371 top_reset_overlap=none sampling_entropy=5.375825 max_probability_over_uniform=2.799666 mean_eligible_client_sample_count=508.466667 min_eligible_client_sample_count=30.000000 max_eligible_client_sample_count=1447.000000 mean_total_eligible_sample_weight=30508.000000
RG_SCORE round=900 layer=features.20 mean_q=0.012683 max_q=0.043146 fraction_q_positive=0.886719 sampling_entropy=5.395713 uniform_entropy=5.545177 entropy_gap=0.149465 max_probability_over_uniform=2.801409 min_probability_over_uniform=0.250000
RG_AA_SCORE round=900 layer=features.20 mean_q_equal=0.014479 mean_q_aa=0.012683 mean_abs_q_difference=0.003267 correlation_q_equal_aa=0.917179 top_reset_overlap=none sampling_entropy=5.395713 max_probability_over_uniform=2.801409 mean_eligible_client_sample_count=508.466667 min_eligible_client_sample_count=30.000000 max_eligible_client_sample_count=1447.000000 mean_total_eligible_sample_weight=30508.000000
RG_SCORE round=900 layer=features.24 mean_q=0.028056 max_q=0.106971 fraction_q_positive=0.869141 sampling_entropy=6.069801 uniform_entropy=6.238325 entropy_gap=0.168524 max_probability_over_uniform=3.109594 min_probability_over_uniform=0.250000
RG_AA_SCORE round=900 layer=features.24 mean_q_equal=0.026922 mean_q_aa=0.028056 mean_abs_q_difference=0.006451 correlation_q_equal_aa=0.926575 top_reset_overlap=none sampling_entropy=6.069801 max_probability_over_uniform=3.109594 mean_eligible_client_sample_count=508.466667 min_eligible_client_sample_count=30.000000 max_eligible_client_sample_count=1447.000000 mean_total_eligible_sample_weight=30508.000000
RG_SCORE round=900 layer=features.27 mean_q=0.048456 max_q=0.159483 fraction_q_positive=0.908203 sampling_entropy=6.096526 uniform_entropy=6.238325 entropy_gap=0.141798 max_probability_over_uniform=2.718464 min_probability_over_uniform=0.250000
RG_AA_SCORE round=900 layer=features.27 mean_q_equal=0.043377 mean_q_aa=0.048456 mean_abs_q_difference=0.011294 correlation_q_equal_aa=0.927594 top_reset_overlap=none sampling_entropy=6.096526 max_probability_over_uniform=2.718464 mean_eligible_client_sample_count=508.466667 min_eligible_client_sample_count=30.000000 max_eligible_client_sample_count=1447.000000 mean_total_eligible_sample_weight=30508.000000
RG_SCORE round=900 layer=features.30 mean_q=0.037491 max_q=0.124374 fraction_q_positive=0.953125 sampling_entropy=6.150460 uniform_entropy=6.238325 entropy_gap=0.087865 max_probability_over_uniform=2.738077 min_probability_over_uniform=0.250000
RG_AA_SCORE round=900 layer=features.30 mean_q_equal=0.035178 mean_q_aa=0.037491 mean_abs_q_difference=0.008113 correlation_q_equal_aa=0.881147 top_reset_overlap=none sampling_entropy=6.150460 max_probability_over_uniform=2.738077 mean_eligible_client_sample_count=508.466667 min_eligible_client_sample_count=30.000000 max_eligible_client_sample_count=1447.000000 mean_total_eligible_sample_weight=30508.000000
RG_SCORE round=900 layer=features.34 mean_q=0.143349 max_q=0.311665 fraction_q_positive=0.996094 sampling_entropy=6.171605 uniform_entropy=6.238325 entropy_gap=0.066720 max_probability_over_uniform=1.880624 min_probability_over_uniform=0.250000
RG_AA_SCORE round=900 layer=features.34 mean_q_equal=0.125783 mean_q_aa=0.143349 mean_abs_q_difference=0.024243 correlation_q_equal_aa=0.931126 top_reset_overlap=none sampling_entropy=6.171605 max_probability_over_uniform=1.880624 mean_eligible_client_sample_count=508.466667 min_eligible_client_sample_count=30.000000 max_eligible_client_sample_count=1447.000000 mean_total_eligible_sample_weight=30508.000000
RG_SCORE round=900 layer=features.37 mean_q=0.181954 max_q=0.372857 fraction_q_positive=1.000000 sampling_entropy=6.185094 uniform_entropy=6.238325 entropy_gap=0.053230 max_probability_over_uniform=1.786885 min_probability_over_uniform=0.281485
RG_AA_SCORE round=900 layer=features.37 mean_q_equal=0.160066 mean_q_aa=0.181954 mean_abs_q_difference=0.025467 correlation_q_equal_aa=0.952770 top_reset_overlap=0.625000 sampling_entropy=6.185094 max_probability_over_uniform=1.786885 mean_eligible_client_sample_count=509.205274 min_eligible_client_sample_count=30.000000 max_eligible_client_sample_count=1447.000000 mean_total_eligible_sample_weight=30135.603516
RG_SCORE round=900 layer=features.40 mean_q=0.118887 max_q=0.359327 fraction_q_positive=0.986328 sampling_entropy=6.148884 uniform_entropy=6.238325 entropy_gap=0.089441 max_probability_over_uniform=2.516829 min_probability_over_uniform=0.250000
RG_AA_SCORE round=900 layer=features.40 mean_q_equal=0.096098 mean_q_aa=0.118887 mean_abs_q_difference=0.025746 correlation_q_equal_aa=0.935014 top_reset_overlap=0.750000 sampling_entropy=6.148884 max_probability_over_uniform=2.516829 mean_eligible_client_sample_count=509.195611 min_eligible_client_sample_count=30.000000 max_eligible_client_sample_count=1447.000000 mean_total_eligible_sample_weight=30134.037109
ROUND_ACCURACY method=FedPhoenixRG-AA round=900 accuracy=64.690002
********************************************************************************
Round 900
ROUND_ACCURACY method=FedPhoenixRG-AA round=901 accuracy=78.910004
********************************************************************************
Round 901
ROUND_ACCURACY method=FedPhoenixRG-AA round=902 accuracy=81.089996
********************************************************************************
Round 902
ROUND_ACCURACY method=FedPhoenixRG-AA round=903 accuracy=80.599998
********************************************************************************
Round 903
ROUND_ACCURACY method=FedPhoenixRG-AA round=904 accuracy=80.769997
********************************************************************************
Round 904
ROUND_ACCURACY method=FedPhoenixRG-AA round=905 accuracy=81.410004
********************************************************************************
Round 905
ROUND_ACCURACY method=FedPhoenixRG-AA round=906 accuracy=81.309998
********************************************************************************
Round 906
ROUND_ACCURACY method=FedPhoenixRG-AA round=907 accuracy=80.040001
********************************************************************************
Round 907
ROUND_ACCURACY method=FedPhoenixRG-AA round=908 accuracy=81.400002
********************************************************************************
Round 908
ROUND_ACCURACY method=FedPhoenixRG-AA round=909 accuracy=71.080002
********************************************************************************
Round 909
ROUND_ACCURACY method=FedPhoenixRG-AA round=910 accuracy=74.070000
********************************************************************************
Round 910
ROUND_ACCURACY method=FedPhoenixRG-AA round=911 accuracy=76.330002
********************************************************************************
Round 911
ROUND_ACCURACY method=FedPhoenixRG-AA round=912 accuracy=78.529999
********************************************************************************
Round 912
ROUND_ACCURACY method=FedPhoenixRG-AA round=913 accuracy=77.190002
********************************************************************************
Round 913
ROUND_ACCURACY method=FedPhoenixRG-AA round=914 accuracy=72.550003
********************************************************************************
Round 914
ROUND_ACCURACY method=FedPhoenixRG-AA round=915 accuracy=81.540001
********************************************************************************
Round 915
ROUND_ACCURACY method=FedPhoenixRG-AA round=916 accuracy=80.110001
********************************************************************************
Round 916
ROUND_ACCURACY method=FedPhoenixRG-AA round=917 accuracy=81.699997
********************************************************************************
Round 917
ROUND_ACCURACY method=FedPhoenixRG-AA round=918 accuracy=81.580002
********************************************************************************
Round 918
ROUND_ACCURACY method=FedPhoenixRG-AA round=919 accuracy=78.320000
********************************************************************************
Round 919
RG_SCORE round=920 layer=features.0 mean_q=0.032942 max_q=0.143013 fraction_q_positive=0.656250 sampling_entropy=3.849635 uniform_entropy=4.158883 entropy_gap=0.309248 max_probability_over_uniform=3.506000 min_probability_over_uniform=0.250000
RG_AA_SCORE round=920 layer=features.0 mean_q_equal=0.024580 mean_q_aa=0.032942 mean_abs_q_difference=0.013047 correlation_q_equal_aa=0.872969 top_reset_overlap=none sampling_entropy=3.849635 max_probability_over_uniform=3.506000 mean_eligible_client_sample_count=515.000000 min_eligible_client_sample_count=30.000000 max_eligible_client_sample_count=1447.000000 mean_total_eligible_sample_weight=31415.000000
RG_SCORE round=920 layer=features.3 mean_q=0.020024 max_q=0.072409 fraction_q_positive=0.875000 sampling_entropy=3.949504 uniform_entropy=4.158883 entropy_gap=0.209379 max_probability_over_uniform=2.962061 min_probability_over_uniform=0.250000
RG_AA_SCORE round=920 layer=features.3 mean_q_equal=0.013870 mean_q_aa=0.020024 mean_abs_q_difference=0.007225 correlation_q_equal_aa=0.946850 top_reset_overlap=none sampling_entropy=3.949504 max_probability_over_uniform=2.962061 mean_eligible_client_sample_count=515.000000 min_eligible_client_sample_count=30.000000 max_eligible_client_sample_count=1447.000000 mean_total_eligible_sample_weight=31415.000000
RG_SCORE round=920 layer=features.7 mean_q=0.026641 max_q=0.079929 fraction_q_positive=0.992188 sampling_entropy=4.773819 uniform_entropy=4.852030 entropy_gap=0.078211 max_probability_over_uniform=2.500142 min_probability_over_uniform=0.250000
RG_AA_SCORE round=920 layer=features.7 mean_q_equal=0.018508 mean_q_aa=0.026641 mean_abs_q_difference=0.008698 correlation_q_equal_aa=0.897952 top_reset_overlap=none sampling_entropy=4.773819 max_probability_over_uniform=2.500142 mean_eligible_client_sample_count=515.000000 min_eligible_client_sample_count=30.000000 max_eligible_client_sample_count=1447.000000 mean_total_eligible_sample_weight=31415.000000
RG_SCORE round=920 layer=features.10 mean_q=0.023060 max_q=0.063774 fraction_q_positive=1.000000 sampling_entropy=4.800012 uniform_entropy=4.852030 entropy_gap=0.052018 max_probability_over_uniform=2.324207 min_probability_over_uniform=0.294369
RG_AA_SCORE round=920 layer=features.10 mean_q_equal=0.016458 mean_q_aa=0.023060 mean_abs_q_difference=0.006691 correlation_q_equal_aa=0.924585 top_reset_overlap=none sampling_entropy=4.800012 max_probability_over_uniform=2.324207 mean_eligible_client_sample_count=515.000000 min_eligible_client_sample_count=30.000000 max_eligible_client_sample_count=1447.000000 mean_total_eligible_sample_weight=31415.000000
RG_SCORE round=920 layer=features.14 mean_q=0.029851 max_q=0.084321 fraction_q_positive=1.000000 sampling_entropy=5.501931 uniform_entropy=5.545177 entropy_gap=0.043247 max_probability_over_uniform=2.368516 min_probability_over_uniform=0.468388
RG_AA_SCORE round=920 layer=features.14 mean_q_equal=0.020858 mean_q_aa=0.029851 mean_abs_q_difference=0.009048 correlation_q_equal_aa=0.924897 top_reset_overlap=none sampling_entropy=5.501931 max_probability_over_uniform=2.368516 mean_eligible_client_sample_count=515.000000 min_eligible_client_sample_count=30.000000 max_eligible_client_sample_count=1447.000000 mean_total_eligible_sample_weight=31415.000000
RG_SCORE round=920 layer=features.17 mean_q=0.029480 max_q=0.088831 fraction_q_positive=1.000000 sampling_entropy=5.497366 uniform_entropy=5.545177 entropy_gap=0.047811 max_probability_over_uniform=2.509924 min_probability_over_uniform=0.380826
RG_AA_SCORE round=920 layer=features.17 mean_q_equal=0.021285 mean_q_aa=0.029480 mean_abs_q_difference=0.008272 correlation_q_equal_aa=0.935347 top_reset_overlap=none sampling_entropy=5.497366 max_probability_over_uniform=2.509924 mean_eligible_client_sample_count=515.000000 min_eligible_client_sample_count=30.000000 max_eligible_client_sample_count=1447.000000 mean_total_eligible_sample_weight=31415.000000
RG_SCORE round=920 layer=features.20 mean_q=0.025234 max_q=0.073581 fraction_q_positive=1.000000 sampling_entropy=5.499502 uniform_entropy=5.545177 entropy_gap=0.045675 max_probability_over_uniform=2.436907 min_probability_over_uniform=0.378772
RG_AA_SCORE round=920 layer=features.20 mean_q_equal=0.019684 mean_q_aa=0.025234 mean_abs_q_difference=0.005708 correlation_q_equal_aa=0.941934 top_reset_overlap=none sampling_entropy=5.499502 max_probability_over_uniform=2.436907 mean_eligible_client_sample_count=515.000000 min_eligible_client_sample_count=30.000000 max_eligible_client_sample_count=1447.000000 mean_total_eligible_sample_weight=31415.000000
RG_SCORE round=920 layer=features.24 mean_q=0.055640 max_q=0.178931 fraction_q_positive=0.998047 sampling_entropy=6.153499 uniform_entropy=6.238325 entropy_gap=0.084826 max_probability_over_uniform=2.661904 min_probability_over_uniform=0.250000
RG_AA_SCORE round=920 layer=features.24 mean_q_equal=0.042101 mean_q_aa=0.055640 mean_abs_q_difference=0.013819 correlation_q_equal_aa=0.962884 top_reset_overlap=none sampling_entropy=6.153499 max_probability_over_uniform=2.661904 mean_eligible_client_sample_count=515.000000 min_eligible_client_sample_count=30.000000 max_eligible_client_sample_count=1447.000000 mean_total_eligible_sample_weight=31415.000000
RG_SCORE round=920 layer=features.27 mean_q=0.088267 max_q=0.216334 fraction_q_positive=1.000000 sampling_entropy=6.183793 uniform_entropy=6.238325 entropy_gap=0.054532 max_probability_over_uniform=2.088181 min_probability_over_uniform=0.321763
RG_AA_SCORE round=920 layer=features.27 mean_q_equal=0.065679 mean_q_aa=0.088267 mean_abs_q_difference=0.022592 correlation_q_equal_aa=0.965603 top_reset_overlap=none sampling_entropy=6.183793 max_probability_over_uniform=2.088181 mean_eligible_client_sample_count=515.000000 min_eligible_client_sample_count=30.000000 max_eligible_client_sample_count=1447.000000 mean_total_eligible_sample_weight=31415.000000
RG_SCORE round=920 layer=features.30 mean_q=0.059364 max_q=0.195551 fraction_q_positive=1.000000 sampling_entropy=6.179345 uniform_entropy=6.238325 entropy_gap=0.058979 max_probability_over_uniform=2.720561 min_probability_over_uniform=0.364874
RG_AA_SCORE round=920 layer=features.30 mean_q_equal=0.044060 mean_q_aa=0.059364 mean_abs_q_difference=0.015462 correlation_q_equal_aa=0.958168 top_reset_overlap=none sampling_entropy=6.179345 max_probability_over_uniform=2.720561 mean_eligible_client_sample_count=515.000000 min_eligible_client_sample_count=30.000000 max_eligible_client_sample_count=1447.000000 mean_total_eligible_sample_weight=31415.000000
RG_SCORE round=920 layer=features.34 mean_q=0.198942 max_q=0.374346 fraction_q_positive=1.000000 sampling_entropy=6.188436 uniform_entropy=6.238325 entropy_gap=0.049888 max_probability_over_uniform=1.661262 min_probability_over_uniform=0.265368
RG_AA_SCORE round=920 layer=features.34 mean_q_equal=0.159672 mean_q_aa=0.198942 mean_abs_q_difference=0.039361 correlation_q_equal_aa=0.968100 top_reset_overlap=none sampling_entropy=6.188436 max_probability_over_uniform=1.661262 mean_eligible_client_sample_count=515.000000 min_eligible_client_sample_count=30.000000 max_eligible_client_sample_count=1447.000000 mean_total_eligible_sample_weight=31415.000000
RG_SCORE round=920 layer=features.37 mean_q=0.211910 max_q=0.403737 fraction_q_positive=0.998047 sampling_entropy=6.196208 uniform_entropy=6.238325 entropy_gap=0.042117 max_probability_over_uniform=1.678923 min_probability_over_uniform=0.250000
RG_AA_SCORE round=920 layer=features.37 mean_q_equal=0.173965 mean_q_aa=0.211910 mean_abs_q_difference=0.038362 correlation_q_equal_aa=0.962225 top_reset_overlap=0.875000 sampling_entropy=6.196208 max_probability_over_uniform=1.678923 mean_eligible_client_sample_count=514.196402 min_eligible_client_sample_count=30.000000 max_eligible_client_sample_count=1447.000000 mean_total_eligible_sample_weight=30874.882812
RG_SCORE round=920 layer=features.40 mean_q=0.132092 max_q=0.327522 fraction_q_positive=0.986328 sampling_entropy=6.168180 uniform_entropy=6.238325 entropy_gap=0.070145 max_probability_over_uniform=2.109617 min_probability_over_uniform=0.250000
RG_AA_SCORE round=920 layer=features.40 mean_q_equal=0.106493 mean_q_aa=0.132092 mean_abs_q_difference=0.029724 correlation_q_equal_aa=0.923639 top_reset_overlap=0.625000 sampling_entropy=6.168180 max_probability_over_uniform=2.109617 mean_eligible_client_sample_count=514.147434 min_eligible_client_sample_count=30.000000 max_eligible_client_sample_count=1447.000000 mean_total_eligible_sample_weight=30874.955078
ROUND_ACCURACY method=FedPhoenixRG-AA round=920 accuracy=67.029999
********************************************************************************
Round 920
ROUND_ACCURACY method=FedPhoenixRG-AA round=921 accuracy=80.230003
********************************************************************************
Round 921
ROUND_ACCURACY method=FedPhoenixRG-AA round=922 accuracy=79.510002
********************************************************************************
Round 922
ROUND_ACCURACY method=FedPhoenixRG-AA round=923 accuracy=80.190002
********************************************************************************
Round 923
ROUND_ACCURACY method=FedPhoenixRG-AA round=924 accuracy=78.389999
********************************************************************************
Round 924
ROUND_ACCURACY method=FedPhoenixRG-AA round=925 accuracy=80.680000
********************************************************************************
Round 925
ROUND_ACCURACY method=FedPhoenixRG-AA round=926 accuracy=81.339996
********************************************************************************
Round 926
ROUND_ACCURACY method=FedPhoenixRG-AA round=927 accuracy=75.800003
********************************************************************************
Round 927
ROUND_ACCURACY method=FedPhoenixRG-AA round=928 accuracy=61.630001
********************************************************************************
Round 928
ROUND_ACCURACY method=FedPhoenixRG-AA round=929 accuracy=73.589996
********************************************************************************
Round 929
ROUND_ACCURACY method=FedPhoenixRG-AA round=930 accuracy=79.849998
********************************************************************************
Round 930
ROUND_ACCURACY method=FedPhoenixRG-AA round=931 accuracy=81.680000
********************************************************************************
Round 931
ROUND_ACCURACY method=FedPhoenixRG-AA round=932 accuracy=81.660004
********************************************************************************
Round 932
ROUND_ACCURACY method=FedPhoenixRG-AA round=933 accuracy=80.900002
********************************************************************************
Round 933
ROUND_ACCURACY method=FedPhoenixRG-AA round=934 accuracy=80.989998
********************************************************************************
Round 934
ROUND_ACCURACY method=FedPhoenixRG-AA round=935 accuracy=80.239998
********************************************************************************
Round 935
ROUND_ACCURACY method=FedPhoenixRG-AA round=936 accuracy=77.620003
********************************************************************************
Round 936
ROUND_ACCURACY method=FedPhoenixRG-AA round=937 accuracy=80.900002
********************************************************************************
Round 937
ROUND_ACCURACY method=FedPhoenixRG-AA round=938 accuracy=81.620003
********************************************************************************
Round 938
ROUND_ACCURACY method=FedPhoenixRG-AA round=939 accuracy=80.010002
********************************************************************************
Round 939
RG_SCORE round=940 layer=features.0 mean_q=0.040334 max_q=0.188780 fraction_q_positive=0.640625 sampling_entropy=3.838759 uniform_entropy=4.158883 entropy_gap=0.320124 max_probability_over_uniform=3.760342 min_probability_over_uniform=0.250000
RG_AA_SCORE round=940 layer=features.0 mean_q_equal=0.037327 mean_q_aa=0.040334 mean_abs_q_difference=0.013516 correlation_q_equal_aa=0.911959 top_reset_overlap=none sampling_entropy=3.838759 max_probability_over_uniform=3.760342 mean_eligible_client_sample_count=490.459016 min_eligible_client_sample_count=30.000000 max_eligible_client_sample_count=1077.000000 mean_total_eligible_sample_weight=29918.000000
RG_SCORE round=940 layer=features.3 mean_q=0.015009 max_q=0.052464 fraction_q_positive=0.703125 sampling_entropy=3.874942 uniform_entropy=4.158883 entropy_gap=0.283941 max_probability_over_uniform=2.871566 min_probability_over_uniform=0.250000
RG_AA_SCORE round=940 layer=features.3 mean_q_equal=0.012956 mean_q_aa=0.015009 mean_abs_q_difference=0.005424 correlation_q_equal_aa=0.891390 top_reset_overlap=none sampling_entropy=3.874942 max_probability_over_uniform=2.871566 mean_eligible_client_sample_count=490.459016 min_eligible_client_sample_count=30.000000 max_eligible_client_sample_count=1077.000000 mean_total_eligible_sample_weight=29918.000000
RG_SCORE round=940 layer=features.7 mean_q=0.020769 max_q=0.068080 fraction_q_positive=0.921875 sampling_entropy=4.726642 uniform_entropy=4.852030 entropy_gap=0.125388 max_probability_over_uniform=2.708515 min_probability_over_uniform=0.250000
RG_AA_SCORE round=940 layer=features.7 mean_q_equal=0.016032 mean_q_aa=0.020769 mean_abs_q_difference=0.006481 correlation_q_equal_aa=0.864974 top_reset_overlap=none sampling_entropy=4.726642 max_probability_over_uniform=2.708515 mean_eligible_client_sample_count=490.459016 min_eligible_client_sample_count=30.000000 max_eligible_client_sample_count=1077.000000 mean_total_eligible_sample_weight=29918.000000
RG_SCORE round=940 layer=features.10 mean_q=0.021359 max_q=0.045862 fraction_q_positive=1.000000 sampling_entropy=4.803493 uniform_entropy=4.852030 entropy_gap=0.048538 max_probability_over_uniform=1.860387 min_probability_over_uniform=0.270456
RG_AA_SCORE round=940 layer=features.10 mean_q_equal=0.017332 mean_q_aa=0.021359 mean_abs_q_difference=0.004919 correlation_q_equal_aa=0.872140 top_reset_overlap=none sampling_entropy=4.803493 max_probability_over_uniform=1.860387 mean_eligible_client_sample_count=490.459016 min_eligible_client_sample_count=30.000000 max_eligible_client_sample_count=1077.000000 mean_total_eligible_sample_weight=29918.000000
RG_SCORE round=940 layer=features.14 mean_q=0.025420 max_q=0.131609 fraction_q_positive=0.996094 sampling_entropy=5.476015 uniform_entropy=5.545177 entropy_gap=0.069163 max_probability_over_uniform=4.133012 min_probability_over_uniform=0.250000
RG_AA_SCORE round=940 layer=features.14 mean_q_equal=0.020515 mean_q_aa=0.025420 mean_abs_q_difference=0.005903 correlation_q_equal_aa=0.899485 top_reset_overlap=none sampling_entropy=5.476015 max_probability_over_uniform=4.133012 mean_eligible_client_sample_count=490.459016 min_eligible_client_sample_count=30.000000 max_eligible_client_sample_count=1077.000000 mean_total_eligible_sample_weight=29918.000000
RG_SCORE round=940 layer=features.17 mean_q=0.024472 max_q=0.067848 fraction_q_positive=0.996094 sampling_entropy=5.493855 uniform_entropy=5.545177 entropy_gap=0.051322 max_probability_over_uniform=2.329366 min_probability_over_uniform=0.250000
RG_AA_SCORE round=940 layer=features.17 mean_q_equal=0.019535 mean_q_aa=0.024472 mean_abs_q_difference=0.005580 correlation_q_equal_aa=0.903078 top_reset_overlap=none sampling_entropy=5.493855 max_probability_over_uniform=2.329366 mean_eligible_client_sample_count=490.459016 min_eligible_client_sample_count=30.000000 max_eligible_client_sample_count=1077.000000 mean_total_eligible_sample_weight=29918.000000
RG_SCORE round=940 layer=features.20 mean_q=0.019949 max_q=0.054080 fraction_q_positive=1.000000 sampling_entropy=5.499033 uniform_entropy=5.545177 entropy_gap=0.046144 max_probability_over_uniform=2.283180 min_probability_over_uniform=0.273332
RG_AA_SCORE round=940 layer=features.20 mean_q_equal=0.017178 mean_q_aa=0.019949 mean_abs_q_difference=0.003924 correlation_q_equal_aa=0.915041 top_reset_overlap=none sampling_entropy=5.499033 max_probability_over_uniform=2.283180 mean_eligible_client_sample_count=490.459016 min_eligible_client_sample_count=30.000000 max_eligible_client_sample_count=1077.000000 mean_total_eligible_sample_weight=29918.000000
RG_SCORE round=940 layer=features.24 mean_q=0.041100 max_q=0.112900 fraction_q_positive=0.992188 sampling_entropy=6.177427 uniform_entropy=6.238325 entropy_gap=0.060897 max_probability_over_uniform=2.310223 min_probability_over_uniform=0.250000
RG_AA_SCORE round=940 layer=features.24 mean_q_equal=0.032385 mean_q_aa=0.041100 mean_abs_q_difference=0.009197 correlation_q_equal_aa=0.939515 top_reset_overlap=none sampling_entropy=6.177427 max_probability_over_uniform=2.310223 mean_eligible_client_sample_count=490.459016 min_eligible_client_sample_count=30.000000 max_eligible_client_sample_count=1077.000000 mean_total_eligible_sample_weight=29918.000000
RG_SCORE round=940 layer=features.27 mean_q=0.069661 max_q=0.142023 fraction_q_positive=0.998047 sampling_entropy=6.199574 uniform_entropy=6.238325 entropy_gap=0.038750 max_probability_over_uniform=1.779085 min_probability_over_uniform=0.250000
RG_AA_SCORE round=940 layer=features.27 mean_q_equal=0.053754 mean_q_aa=0.069661 mean_abs_q_difference=0.015989 correlation_q_equal_aa=0.959188 top_reset_overlap=none sampling_entropy=6.199574 max_probability_over_uniform=1.779085 mean_eligible_client_sample_count=490.459016 min_eligible_client_sample_count=30.000000 max_eligible_client_sample_count=1077.000000 mean_total_eligible_sample_weight=29918.000000
RG_SCORE round=940 layer=features.30 mean_q=0.051108 max_q=0.106729 fraction_q_positive=1.000000 sampling_entropy=6.200531 uniform_entropy=6.238325 entropy_gap=0.037793 max_probability_over_uniform=1.816223 min_probability_over_uniform=0.349948
RG_AA_SCORE round=940 layer=features.30 mean_q_equal=0.040052 mean_q_aa=0.051108 mean_abs_q_difference=0.011389 correlation_q_equal_aa=0.938337 top_reset_overlap=none sampling_entropy=6.200531 max_probability_over_uniform=1.816223 mean_eligible_client_sample_count=490.459016 min_eligible_client_sample_count=30.000000 max_eligible_client_sample_count=1077.000000 mean_total_eligible_sample_weight=29918.000000
RG_SCORE round=940 layer=features.34 mean_q=0.176734 max_q=0.371187 fraction_q_positive=0.998047 sampling_entropy=6.179739 uniform_entropy=6.238325 entropy_gap=0.058586 max_probability_over_uniform=1.825191 min_probability_over_uniform=0.250000
RG_AA_SCORE round=940 layer=features.34 mean_q_equal=0.137893 mean_q_aa=0.176734 mean_abs_q_difference=0.039156 correlation_q_equal_aa=0.965090 top_reset_overlap=none sampling_entropy=6.179739 max_probability_over_uniform=1.825191 mean_eligible_client_sample_count=490.459016 min_eligible_client_sample_count=30.000000 max_eligible_client_sample_count=1077.000000 mean_total_eligible_sample_weight=29918.000000
RG_SCORE round=940 layer=features.37 mean_q=0.209947 max_q=0.386992 fraction_q_positive=1.000000 sampling_entropy=6.204861 uniform_entropy=6.238325 entropy_gap=0.033463 max_probability_over_uniform=1.632463 min_probability_over_uniform=0.269578
RG_AA_SCORE round=940 layer=features.37 mean_q_equal=0.169451 mean_q_aa=0.209947 mean_abs_q_difference=0.040573 correlation_q_equal_aa=0.965097 top_reset_overlap=none sampling_entropy=6.204861 max_probability_over_uniform=1.632463 mean_eligible_client_sample_count=490.648821 min_eligible_client_sample_count=30.000000 max_eligible_client_sample_count=1077.000000 mean_total_eligible_sample_weight=29784.875000
RG_SCORE round=940 layer=features.40 mean_q=0.114398 max_q=0.289571 fraction_q_positive=0.990234 sampling_entropy=6.165711 uniform_entropy=6.238325 entropy_gap=0.072613 max_probability_over_uniform=2.148434 min_probability_over_uniform=0.250000
RG_AA_SCORE round=940 layer=features.40 mean_q_equal=0.078660 mean_q_aa=0.114398 mean_abs_q_difference=0.036034 correlation_q_equal_aa=0.940682 top_reset_overlap=0.750000 sampling_entropy=6.165711 max_probability_over_uniform=2.148434 mean_eligible_client_sample_count=490.850957 min_eligible_client_sample_count=30.000000 max_eligible_client_sample_count=1077.000000 mean_total_eligible_sample_weight=29447.222656
ROUND_ACCURACY method=FedPhoenixRG-AA round=940 accuracy=71.690002
********************************************************************************
Round 940
ROUND_ACCURACY method=FedPhoenixRG-AA round=941 accuracy=67.410004
********************************************************************************
Round 941
ROUND_ACCURACY method=FedPhoenixRG-AA round=942 accuracy=71.080002
********************************************************************************
Round 942
ROUND_ACCURACY method=FedPhoenixRG-AA round=943 accuracy=72.489998
********************************************************************************
Round 943
ROUND_ACCURACY method=FedPhoenixRG-AA round=944 accuracy=79.419998
********************************************************************************
Round 944
ROUND_ACCURACY method=FedPhoenixRG-AA round=945 accuracy=80.830002
********************************************************************************
Round 945
ROUND_ACCURACY method=FedPhoenixRG-AA round=946 accuracy=78.309998
********************************************************************************
Round 946
ROUND_ACCURACY method=FedPhoenixRG-AA round=947 accuracy=78.160004
********************************************************************************
Round 947
ROUND_ACCURACY method=FedPhoenixRG-AA round=948 accuracy=81.730003
********************************************************************************
Round 948
ROUND_ACCURACY method=FedPhoenixRG-AA round=949 accuracy=80.269997
********************************************************************************
Round 949
ROUND_ACCURACY method=FedPhoenixRG-AA round=950 accuracy=73.650002
********************************************************************************
Round 950
ROUND_ACCURACY method=FedPhoenixRG-AA round=951 accuracy=80.480003
********************************************************************************
Round 951
ROUND_ACCURACY method=FedPhoenixRG-AA round=952 accuracy=81.400002
********************************************************************************
Round 952
ROUND_ACCURACY method=FedPhoenixRG-AA round=953 accuracy=81.870003
********************************************************************************
Round 953
ROUND_ACCURACY method=FedPhoenixRG-AA round=954 accuracy=80.930000
********************************************************************************
Round 954
ROUND_ACCURACY method=FedPhoenixRG-AA round=955 accuracy=81.000000
********************************************************************************
Round 955
ROUND_ACCURACY method=FedPhoenixRG-AA round=956 accuracy=82.260002
********************************************************************************
Round 956
ROUND_ACCURACY method=FedPhoenixRG-AA round=957 accuracy=81.089996
********************************************************************************
Round 957
ROUND_ACCURACY method=FedPhoenixRG-AA round=958 accuracy=80.620003
********************************************************************************
Round 958
ROUND_ACCURACY method=FedPhoenixRG-AA round=959 accuracy=78.209999
********************************************************************************
Round 959
RG_SCORE round=960 layer=features.0 mean_q=0.056665 max_q=0.261540 fraction_q_positive=0.671875 sampling_entropy=3.828721 uniform_entropy=4.158883 entropy_gap=0.330163 max_probability_over_uniform=3.711662 min_probability_over_uniform=0.250000
RG_AA_SCORE round=960 layer=features.0 mean_q_equal=0.063186 mean_q_aa=0.056665 mean_abs_q_difference=0.018676 correlation_q_equal_aa=0.907986 top_reset_overlap=none sampling_entropy=3.828721 max_probability_over_uniform=3.711662 mean_eligible_client_sample_count=520.093750 min_eligible_client_sample_count=30.000000 max_eligible_client_sample_count=1447.000000 mean_total_eligible_sample_weight=33286.000000
RG_SCORE round=960 layer=features.3 mean_q=0.030006 max_q=0.077499 fraction_q_positive=0.875000 sampling_entropy=4.029879 uniform_entropy=4.158883 entropy_gap=0.129004 max_probability_over_uniform=2.187099 min_probability_over_uniform=0.250000
RG_AA_SCORE round=960 layer=features.3 mean_q_equal=0.043122 mean_q_aa=0.030006 mean_abs_q_difference=0.013637 correlation_q_equal_aa=0.900118 top_reset_overlap=none sampling_entropy=4.029879 max_probability_over_uniform=2.187099 mean_eligible_client_sample_count=520.093750 min_eligible_client_sample_count=30.000000 max_eligible_client_sample_count=1447.000000 mean_total_eligible_sample_weight=33286.000000
RG_SCORE round=960 layer=features.7 mean_q=0.041045 max_q=0.104715 fraction_q_positive=0.984375 sampling_entropy=4.781151 uniform_entropy=4.852030 entropy_gap=0.070879 max_probability_over_uniform=2.163411 min_probability_over_uniform=0.250000
RG_AA_SCORE round=960 layer=features.7 mean_q_equal=0.051552 mean_q_aa=0.041045 mean_abs_q_difference=0.011457 correlation_q_equal_aa=0.907543 top_reset_overlap=none sampling_entropy=4.781151 max_probability_over_uniform=2.163411 mean_eligible_client_sample_count=520.093750 min_eligible_client_sample_count=30.000000 max_eligible_client_sample_count=1447.000000 mean_total_eligible_sample_weight=33286.000000
RG_SCORE round=960 layer=features.10 mean_q=0.039116 max_q=0.076623 fraction_q_positive=1.000000 sampling_entropy=4.820428 uniform_entropy=4.852030 entropy_gap=0.031602 max_probability_over_uniform=1.719139 min_probability_over_uniform=0.428549
RG_AA_SCORE round=960 layer=features.10 mean_q_equal=0.050514 mean_q_aa=0.039116 mean_abs_q_difference=0.011546 correlation_q_equal_aa=0.880875 top_reset_overlap=none sampling_entropy=4.820428 max_probability_over_uniform=1.719139 mean_eligible_client_sample_count=520.093750 min_eligible_client_sample_count=30.000000 max_eligible_client_sample_count=1447.000000 mean_total_eligible_sample_weight=33286.000000
RG_SCORE round=960 layer=features.14 mean_q=0.047688 max_q=0.101099 fraction_q_positive=1.000000 sampling_entropy=5.515677 uniform_entropy=5.545177 entropy_gap=0.029500 max_probability_over_uniform=1.840017 min_probability_over_uniform=0.374288
RG_AA_SCORE round=960 layer=features.14 mean_q_equal=0.057854 mean_q_aa=0.047688 mean_abs_q_difference=0.010608 correlation_q_equal_aa=0.904469 top_reset_overlap=none sampling_entropy=5.515677 max_probability_over_uniform=1.840017 mean_eligible_client_sample_count=520.093750 min_eligible_client_sample_count=30.000000 max_eligible_client_sample_count=1447.000000 mean_total_eligible_sample_weight=33286.000000
RG_SCORE round=960 layer=features.17 mean_q=0.047657 max_q=0.121172 fraction_q_positive=1.000000 sampling_entropy=5.507241 uniform_entropy=5.545177 entropy_gap=0.037937 max_probability_over_uniform=2.156926 min_probability_over_uniform=0.426702
RG_AA_SCORE round=960 layer=features.17 mean_q_equal=0.057828 mean_q_aa=0.047657 mean_abs_q_difference=0.010250 correlation_q_equal_aa=0.953195 top_reset_overlap=none sampling_entropy=5.507241 max_probability_over_uniform=2.156926 mean_eligible_client_sample_count=520.093750 min_eligible_client_sample_count=30.000000 max_eligible_client_sample_count=1447.000000 mean_total_eligible_sample_weight=33286.000000
RG_SCORE round=960 layer=features.20 mean_q=0.038552 max_q=0.077564 fraction_q_positive=1.000000 sampling_entropy=5.522027 uniform_entropy=5.545177 entropy_gap=0.023151 max_probability_over_uniform=1.758951 min_probability_over_uniform=0.508414
RG_AA_SCORE round=960 layer=features.20 mean_q_equal=0.048670 mean_q_aa=0.038552 mean_abs_q_difference=0.010168 correlation_q_equal_aa=0.896896 top_reset_overlap=none sampling_entropy=5.522027 max_probability_over_uniform=1.758951 mean_eligible_client_sample_count=520.093750 min_eligible_client_sample_count=30.000000 max_eligible_client_sample_count=1447.000000 mean_total_eligible_sample_weight=33286.000000
RG_SCORE round=960 layer=features.24 mean_q=0.081122 max_q=0.193360 fraction_q_positive=1.000000 sampling_entropy=6.211692 uniform_entropy=6.238325 entropy_gap=0.026633 max_probability_over_uniform=2.037679 min_probability_over_uniform=0.504528
RG_AA_SCORE round=960 layer=features.24 mean_q_equal=0.088006 mean_q_aa=0.081122 mean_abs_q_difference=0.008709 correlation_q_equal_aa=0.946902 top_reset_overlap=none sampling_entropy=6.211692 max_probability_over_uniform=2.037679 mean_eligible_client_sample_count=520.093750 min_eligible_client_sample_count=30.000000 max_eligible_client_sample_count=1447.000000 mean_total_eligible_sample_weight=33286.000000
RG_SCORE round=960 layer=features.27 mean_q=0.138672 max_q=0.209105 fraction_q_positive=1.000000 sampling_entropy=6.230465 uniform_entropy=6.238325 entropy_gap=0.007859 max_probability_over_uniform=1.380935 min_probability_over_uniform=0.649897
RG_AA_SCORE round=960 layer=features.27 mean_q_equal=0.139826 mean_q_aa=0.138672 mean_abs_q_difference=0.007098 correlation_q_equal_aa=0.926929 top_reset_overlap=none sampling_entropy=6.230465 max_probability_over_uniform=1.380935 mean_eligible_client_sample_count=520.093750 min_eligible_client_sample_count=30.000000 max_eligible_client_sample_count=1447.000000 mean_total_eligible_sample_weight=33286.000000
RG_SCORE round=960 layer=features.30 mean_q=0.097854 max_q=0.171497 fraction_q_positive=1.000000 sampling_entropy=6.228312 uniform_entropy=6.238325 entropy_gap=0.010013 max_probability_over_uniform=1.564440 min_probability_over_uniform=0.568540
RG_AA_SCORE round=960 layer=features.30 mean_q_equal=0.099493 mean_q_aa=0.097854 mean_abs_q_difference=0.006102 correlation_q_equal_aa=0.916384 top_reset_overlap=none sampling_entropy=6.228312 max_probability_over_uniform=1.564440 mean_eligible_client_sample_count=520.093750 min_eligible_client_sample_count=30.000000 max_eligible_client_sample_count=1447.000000 mean_total_eligible_sample_weight=33286.000000
RG_SCORE round=960 layer=features.34 mean_q=0.295441 max_q=0.421119 fraction_q_positive=1.000000 sampling_entropy=6.227425 uniform_entropy=6.238325 entropy_gap=0.010899 max_probability_over_uniform=1.319043 min_probability_over_uniform=0.331129
RG_AA_SCORE round=960 layer=features.34 mean_q_equal=0.277204 mean_q_aa=0.295441 mean_abs_q_difference=0.020202 correlation_q_equal_aa=0.963294 top_reset_overlap=none sampling_entropy=6.227425 max_probability_over_uniform=1.319043 mean_eligible_client_sample_count=520.093750 min_eligible_client_sample_count=30.000000 max_eligible_client_sample_count=1447.000000 mean_total_eligible_sample_weight=33286.000000
RG_SCORE round=960 layer=features.37 mean_q=0.279179 max_q=0.421054 fraction_q_positive=1.000000 sampling_entropy=6.225395 uniform_entropy=6.238325 entropy_gap=0.012929 max_probability_over_uniform=1.381140 min_probability_over_uniform=0.409500
RG_AA_SCORE round=960 layer=features.37 mean_q_equal=0.252047 mean_q_aa=0.279179 mean_abs_q_difference=0.027845 correlation_q_equal_aa=0.961602 top_reset_overlap=none sampling_entropy=6.225395 max_probability_over_uniform=1.381140 mean_eligible_client_sample_count=520.093750 min_eligible_client_sample_count=30.000000 max_eligible_client_sample_count=1447.000000 mean_total_eligible_sample_weight=33286.000000
RG_SCORE round=960 layer=features.40 mean_q=0.202670 max_q=0.399320 fraction_q_positive=0.998047 sampling_entropy=6.209134 uniform_entropy=6.238325 entropy_gap=0.029191 max_probability_over_uniform=1.727726 min_probability_over_uniform=0.250000
RG_AA_SCORE round=960 layer=features.40 mean_q_equal=0.180783 mean_q_aa=0.202670 mean_abs_q_difference=0.023514 correlation_q_equal_aa=0.959596 top_reset_overlap=0.750000 sampling_entropy=6.209134 max_probability_over_uniform=1.727726 mean_eligible_client_sample_count=520.638656 min_eligible_client_sample_count=30.000000 max_eligible_client_sample_count=1447.000000 mean_total_eligible_sample_weight=32781.931641
ROUND_ACCURACY method=FedPhoenixRG-AA round=960 accuracy=73.599998
********************************************************************************
Round 960
ROUND_ACCURACY method=FedPhoenixRG-AA round=961 accuracy=81.820000
********************************************************************************
Round 961
ROUND_ACCURACY method=FedPhoenixRG-AA round=962 accuracy=80.449997
********************************************************************************
Round 962
ROUND_ACCURACY method=FedPhoenixRG-AA round=963 accuracy=81.879997
********************************************************************************
Round 963
ROUND_ACCURACY method=FedPhoenixRG-AA round=964 accuracy=79.190002
********************************************************************************
Round 964
ROUND_ACCURACY method=FedPhoenixRG-AA round=965 accuracy=81.879997
********************************************************************************
Round 965
ROUND_ACCURACY method=FedPhoenixRG-AA round=966 accuracy=79.580002
********************************************************************************
Round 966
ROUND_ACCURACY method=FedPhoenixRG-AA round=967 accuracy=80.639999
********************************************************************************
Round 967
ROUND_ACCURACY method=FedPhoenixRG-AA round=968 accuracy=81.220001
********************************************************************************
Round 968
ROUND_ACCURACY method=FedPhoenixRG-AA round=969 accuracy=81.260002
********************************************************************************
Round 969
ROUND_ACCURACY method=FedPhoenixRG-AA round=970 accuracy=81.339996
********************************************************************************
Round 970
ROUND_ACCURACY method=FedPhoenixRG-AA round=971 accuracy=81.639999
********************************************************************************
Round 971
ROUND_ACCURACY method=FedPhoenixRG-AA round=972 accuracy=81.139999
********************************************************************************
Round 972
ROUND_ACCURACY method=FedPhoenixRG-AA round=973 accuracy=79.349998
********************************************************************************
Round 973
ROUND_ACCURACY method=FedPhoenixRG-AA round=974 accuracy=80.419998
********************************************************************************
Round 974
ROUND_ACCURACY method=FedPhoenixRG-AA round=975 accuracy=81.339996
********************************************************************************
Round 975
ROUND_ACCURACY method=FedPhoenixRG-AA round=976 accuracy=82.040001
********************************************************************************
Round 976
ROUND_ACCURACY method=FedPhoenixRG-AA round=977 accuracy=81.300003
********************************************************************************
Round 977
ROUND_ACCURACY method=FedPhoenixRG-AA round=978 accuracy=75.190002
********************************************************************************
Round 978
ROUND_ACCURACY method=FedPhoenixRG-AA round=979 accuracy=75.889999
********************************************************************************
Round 979
RG_SCORE round=980 layer=features.0 mean_q=0.068853 max_q=0.268169 fraction_q_positive=0.765625 sampling_entropy=3.879507 uniform_entropy=4.158883 entropy_gap=0.279376 max_probability_over_uniform=3.171095 min_probability_over_uniform=0.250000
RG_AA_SCORE round=980 layer=features.0 mean_q_equal=0.070455 mean_q_aa=0.068853 mean_abs_q_difference=0.022959 correlation_q_equal_aa=0.901606 top_reset_overlap=none sampling_entropy=3.879507 max_probability_over_uniform=3.171095 mean_eligible_client_sample_count=498.338710 min_eligible_client_sample_count=30.000000 max_eligible_client_sample_count=1447.000000 mean_total_eligible_sample_weight=30897.000000
RG_SCORE round=980 layer=features.3 mean_q=0.041450 max_q=0.102730 fraction_q_positive=0.953125 sampling_entropy=4.060359 uniform_entropy=4.158883 entropy_gap=0.098524 max_probability_over_uniform=2.108818 min_probability_over_uniform=0.250000
RG_AA_SCORE round=980 layer=features.3 mean_q_equal=0.044435 mean_q_aa=0.041450 mean_abs_q_difference=0.006995 correlation_q_equal_aa=0.939924 top_reset_overlap=none sampling_entropy=4.060359 max_probability_over_uniform=2.108818 mean_eligible_client_sample_count=498.338710 min_eligible_client_sample_count=30.000000 max_eligible_client_sample_count=1447.000000 mean_total_eligible_sample_weight=30897.000000
RG_SCORE round=980 layer=features.7 mean_q=0.041403 max_q=0.116350 fraction_q_positive=0.976562 sampling_entropy=4.763898 uniform_entropy=4.852030 entropy_gap=0.088132 max_probability_over_uniform=2.357650 min_probability_over_uniform=0.250000
RG_AA_SCORE round=980 layer=features.7 mean_q_equal=0.045228 mean_q_aa=0.041403 mean_abs_q_difference=0.006882 correlation_q_equal_aa=0.944714 top_reset_overlap=none sampling_entropy=4.763898 max_probability_over_uniform=2.357650 mean_eligible_client_sample_count=498.338710 min_eligible_client_sample_count=30.000000 max_eligible_client_sample_count=1447.000000 mean_total_eligible_sample_weight=30897.000000
RG_SCORE round=980 layer=features.10 mean_q=0.039221 max_q=0.084854 fraction_q_positive=1.000000 sampling_entropy=4.822412 uniform_entropy=4.852030 entropy_gap=0.029619 max_probability_over_uniform=1.872598 min_probability_over_uniform=0.494360
RG_AA_SCORE round=980 layer=features.10 mean_q_equal=0.043713 mean_q_aa=0.039221 mean_abs_q_difference=0.005020 correlation_q_equal_aa=0.955104 top_reset_overlap=none sampling_entropy=4.822412 max_probability_over_uniform=1.872598 mean_eligible_client_sample_count=498.338710 min_eligible_client_sample_count=30.000000 max_eligible_client_sample_count=1447.000000 mean_total_eligible_sample_weight=30897.000000
RG_SCORE round=980 layer=features.14 mean_q=0.046142 max_q=0.116516 fraction_q_positive=1.000000 sampling_entropy=5.513996 uniform_entropy=5.545177 entropy_gap=0.031181 max_probability_over_uniform=2.143886 min_probability_over_uniform=0.454772
RG_AA_SCORE round=980 layer=features.14 mean_q_equal=0.049614 mean_q_aa=0.046142 mean_abs_q_difference=0.004705 correlation_q_equal_aa=0.956067 top_reset_overlap=none sampling_entropy=5.513996 max_probability_over_uniform=2.143886 mean_eligible_client_sample_count=498.338710 min_eligible_client_sample_count=30.000000 max_eligible_client_sample_count=1447.000000 mean_total_eligible_sample_weight=30897.000000
RG_SCORE round=980 layer=features.17 mean_q=0.043025 max_q=0.120942 fraction_q_positive=1.000000 sampling_entropy=5.504022 uniform_entropy=5.545177 entropy_gap=0.041155 max_probability_over_uniform=2.358245 min_probability_over_uniform=0.392536
RG_AA_SCORE round=980 layer=features.17 mean_q_equal=0.047919 mean_q_aa=0.043025 mean_abs_q_difference=0.005613 correlation_q_equal_aa=0.968850 top_reset_overlap=none sampling_entropy=5.504022 max_probability_over_uniform=2.358245 mean_eligible_client_sample_count=498.338710 min_eligible_client_sample_count=30.000000 max_eligible_client_sample_count=1447.000000 mean_total_eligible_sample_weight=30897.000000
RG_SCORE round=980 layer=features.20 mean_q=0.034992 max_q=0.066375 fraction_q_positive=1.000000 sampling_entropy=5.523398 uniform_entropy=5.545177 entropy_gap=0.021779 max_probability_over_uniform=1.672659 min_probability_over_uniform=0.486329
RG_AA_SCORE round=980 layer=features.20 mean_q_equal=0.041316 mean_q_aa=0.034992 mean_abs_q_difference=0.006540 correlation_q_equal_aa=0.915022 top_reset_overlap=none sampling_entropy=5.523398 max_probability_over_uniform=1.672659 mean_eligible_client_sample_count=498.338710 min_eligible_client_sample_count=30.000000 max_eligible_client_sample_count=1447.000000 mean_total_eligible_sample_weight=30897.000000
RG_SCORE round=980 layer=features.24 mean_q=0.072865 max_q=0.231219 fraction_q_positive=1.000000 sampling_entropy=6.200412 uniform_entropy=6.238325 entropy_gap=0.037913 max_probability_over_uniform=2.629957 min_probability_over_uniform=0.489965
RG_AA_SCORE round=980 layer=features.24 mean_q_equal=0.076593 mean_q_aa=0.072865 mean_abs_q_difference=0.006115 correlation_q_equal_aa=0.971173 top_reset_overlap=none sampling_entropy=6.200412 max_probability_over_uniform=2.629957 mean_eligible_client_sample_count=498.338710 min_eligible_client_sample_count=30.000000 max_eligible_client_sample_count=1447.000000 mean_total_eligible_sample_weight=30897.000000
RG_SCORE round=980 layer=features.27 mean_q=0.114089 max_q=0.200166 fraction_q_positive=1.000000 sampling_entropy=6.222435 uniform_entropy=6.238325 entropy_gap=0.015890 max_probability_over_uniform=1.565861 min_probability_over_uniform=0.540112
RG_AA_SCORE round=980 layer=features.27 mean_q_equal=0.114344 mean_q_aa=0.114089 mean_abs_q_difference=0.006089 correlation_q_equal_aa=0.965769 top_reset_overlap=none sampling_entropy=6.222435 max_probability_over_uniform=1.565861 mean_eligible_client_sample_count=498.338710 min_eligible_client_sample_count=30.000000 max_eligible_client_sample_count=1447.000000 mean_total_eligible_sample_weight=30897.000000
RG_SCORE round=980 layer=features.30 mean_q=0.081751 max_q=0.147118 fraction_q_positive=1.000000 sampling_entropy=6.222704 uniform_entropy=6.238325 entropy_gap=0.015620 max_probability_over_uniform=1.599697 min_probability_over_uniform=0.556414
RG_AA_SCORE round=980 layer=features.30 mean_q_equal=0.084859 mean_q_aa=0.081751 mean_abs_q_difference=0.005301 correlation_q_equal_aa=0.951488 top_reset_overlap=none sampling_entropy=6.222704 max_probability_over_uniform=1.599697 mean_eligible_client_sample_count=498.338710 min_eligible_client_sample_count=30.000000 max_eligible_client_sample_count=1447.000000 mean_total_eligible_sample_weight=30897.000000
RG_SCORE round=980 layer=features.34 mean_q=0.269195 max_q=0.372272 fraction_q_positive=1.000000 sampling_entropy=6.230376 uniform_entropy=6.238325 entropy_gap=0.007948 max_probability_over_uniform=1.287183 min_probability_over_uniform=0.376418
RG_AA_SCORE round=980 layer=features.34 mean_q_equal=0.256086 mean_q_aa=0.269195 mean_abs_q_difference=0.014445 correlation_q_equal_aa=0.966450 top_reset_overlap=none sampling_entropy=6.230376 max_probability_over_uniform=1.287183 mean_eligible_client_sample_count=498.338710 min_eligible_client_sample_count=30.000000 max_eligible_client_sample_count=1447.000000 mean_total_eligible_sample_weight=30897.000000
RG_SCORE round=980 layer=features.37 mean_q=0.252662 max_q=0.423382 fraction_q_positive=1.000000 sampling_entropy=6.228743 uniform_entropy=6.238325 entropy_gap=0.009582 max_probability_over_uniform=1.506762 min_probability_over_uniform=0.455876
RG_AA_SCORE round=980 layer=features.37 mean_q_equal=0.232664 mean_q_aa=0.252662 mean_abs_q_difference=0.020703 correlation_q_equal_aa=0.949094 top_reset_overlap=none sampling_entropy=6.228743 max_probability_over_uniform=1.506762 mean_eligible_client_sample_count=498.338710 min_eligible_client_sample_count=30.000000 max_eligible_client_sample_count=1447.000000 mean_total_eligible_sample_weight=30897.000000
RG_SCORE round=980 layer=features.40 mean_q=0.176255 max_q=0.332179 fraction_q_positive=1.000000 sampling_entropy=6.207758 uniform_entropy=6.238325 entropy_gap=0.030566 max_probability_over_uniform=1.663491 min_probability_over_uniform=0.308803
RG_AA_SCORE round=980 layer=features.40 mean_q_equal=0.156840 mean_q_aa=0.176255 mean_abs_q_difference=0.022362 correlation_q_equal_aa=0.940232 top_reset_overlap=0.500000 sampling_entropy=6.207758 max_probability_over_uniform=1.663491 mean_eligible_client_sample_count=498.649665 min_eligible_client_sample_count=30.000000 max_eligible_client_sample_count=1447.000000 mean_total_eligible_sample_weight=30399.125000
ROUND_ACCURACY method=FedPhoenixRG-AA round=980 accuracy=78.400002
********************************************************************************
Round 980
ROUND_ACCURACY method=FedPhoenixRG-AA round=981 accuracy=80.620003
********************************************************************************
Round 981
ROUND_ACCURACY method=FedPhoenixRG-AA round=982 accuracy=80.199997
********************************************************************************
Round 982
ROUND_ACCURACY method=FedPhoenixRG-AA round=983 accuracy=82.269997
********************************************************************************
Round 983
ROUND_ACCURACY method=FedPhoenixRG-AA round=984 accuracy=82.410004
********************************************************************************
Round 984
ROUND_ACCURACY method=FedPhoenixRG-AA round=985 accuracy=82.379997
********************************************************************************
Round 985
ROUND_ACCURACY method=FedPhoenixRG-AA round=986 accuracy=81.919998
********************************************************************************
Round 986
ROUND_ACCURACY method=FedPhoenixRG-AA round=987 accuracy=82.449997
********************************************************************************
Round 987
ROUND_ACCURACY method=FedPhoenixRG-AA round=988 accuracy=81.720001
********************************************************************************
Round 988
ROUND_ACCURACY method=FedPhoenixRG-AA round=989 accuracy=81.980003
********************************************************************************
Round 989
ROUND_ACCURACY method=FedPhoenixRG-AA round=990 accuracy=81.849998
********************************************************************************
Round 990
ROUND_ACCURACY method=FedPhoenixRG-AA round=991 accuracy=82.459999
********************************************************************************
Round 991
ROUND_ACCURACY method=FedPhoenixRG-AA round=992 accuracy=81.860001
********************************************************************************
Round 992
ROUND_ACCURACY method=FedPhoenixRG-AA round=993 accuracy=81.879997
********************************************************************************
Round 993
ROUND_ACCURACY method=FedPhoenixRG-AA round=994 accuracy=82.099998
********************************************************************************
Round 994
ROUND_ACCURACY method=FedPhoenixRG-AA round=995 accuracy=77.199997
********************************************************************************
Round 995
ROUND_ACCURACY method=FedPhoenixRG-AA round=996 accuracy=77.370003
********************************************************************************
Round 996
ROUND_ACCURACY method=FedPhoenixRG-AA round=997 accuracy=81.519997
********************************************************************************
Round 997
ROUND_ACCURACY method=FedPhoenixRG-AA round=998 accuracy=82.150002
********************************************************************************
Round 998
ROUND_ACCURACY method=FedPhoenixRG-AA round=999 accuracy=82.510002
********************************************************************************
Round 999
RG_SCORE round=1000 layer=features.0 mean_q=0.035674 max_q=0.192864 fraction_q_positive=0.546875 sampling_entropy=3.709012 uniform_entropy=4.158883 entropy_gap=0.449871 max_probability_over_uniform=4.304705 min_probability_over_uniform=0.250000
RG_AA_SCORE round=1000 layer=features.0 mean_q_equal=0.036623 mean_q_aa=0.035674 mean_abs_q_difference=0.010953 correlation_q_equal_aa=0.942322 top_reset_overlap=none sampling_entropy=3.709012 max_probability_over_uniform=4.304705 mean_eligible_client_sample_count=499.728814 min_eligible_client_sample_count=181.000000 max_eligible_client_sample_count=1077.000000 mean_total_eligible_sample_weight=29484.000000
RG_SCORE round=1000 layer=features.3 mean_q=0.025433 max_q=0.089187 fraction_q_positive=0.875000 sampling_entropy=3.993661 uniform_entropy=4.158883 entropy_gap=0.165222 max_probability_over_uniform=2.880098 min_probability_over_uniform=0.250000
RG_AA_SCORE round=1000 layer=features.3 mean_q_equal=0.021576 mean_q_aa=0.025433 mean_abs_q_difference=0.007465 correlation_q_equal_aa=0.885325 top_reset_overlap=none sampling_entropy=3.993661 max_probability_over_uniform=2.880098 mean_eligible_client_sample_count=499.728814 min_eligible_client_sample_count=181.000000 max_eligible_client_sample_count=1077.000000 mean_total_eligible_sample_weight=29484.000000
RG_SCORE round=1000 layer=features.7 mean_q=0.034746 max_q=0.108507 fraction_q_positive=0.968750 sampling_entropy=4.758531 uniform_entropy=4.852030 entropy_gap=0.093500 max_probability_over_uniform=2.592170 min_probability_over_uniform=0.250000
RG_AA_SCORE round=1000 layer=features.7 mean_q_equal=0.030277 mean_q_aa=0.034746 mean_abs_q_difference=0.006292 correlation_q_equal_aa=0.939595 top_reset_overlap=none sampling_entropy=4.758531 max_probability_over_uniform=2.592170 mean_eligible_client_sample_count=499.728814 min_eligible_client_sample_count=181.000000 max_eligible_client_sample_count=1077.000000 mean_total_eligible_sample_weight=29484.000000
RG_SCORE round=1000 layer=features.10 mean_q=0.030820 max_q=0.061044 fraction_q_positive=0.992188 sampling_entropy=4.805627 uniform_entropy=4.852030 entropy_gap=0.046404 max_probability_over_uniform=1.735497 min_probability_over_uniform=0.250000
RG_AA_SCORE round=1000 layer=features.10 mean_q_equal=0.027664 mean_q_aa=0.030820 mean_abs_q_difference=0.004313 correlation_q_equal_aa=0.930397 top_reset_overlap=none sampling_entropy=4.805627 max_probability_over_uniform=1.735497 mean_eligible_client_sample_count=499.728814 min_eligible_client_sample_count=181.000000 max_eligible_client_sample_count=1077.000000 mean_total_eligible_sample_weight=29484.000000
RG_SCORE round=1000 layer=features.14 mean_q=0.035648 max_q=0.093442 fraction_q_positive=1.000000 sampling_entropy=5.501657 uniform_entropy=5.545177 entropy_gap=0.043520 max_probability_over_uniform=2.215966 min_probability_over_uniform=0.303323
RG_AA_SCORE round=1000 layer=features.14 mean_q_equal=0.030928 mean_q_aa=0.035648 mean_abs_q_difference=0.005558 correlation_q_equal_aa=0.928618 top_reset_overlap=none sampling_entropy=5.501657 max_probability_over_uniform=2.215966 mean_eligible_client_sample_count=499.728814 min_eligible_client_sample_count=181.000000 max_eligible_client_sample_count=1077.000000 mean_total_eligible_sample_weight=29484.000000
RG_SCORE round=1000 layer=features.17 mean_q=0.032287 max_q=0.085687 fraction_q_positive=1.000000 sampling_entropy=5.499429 uniform_entropy=5.545177 entropy_gap=0.045748 max_probability_over_uniform=2.240424 min_probability_over_uniform=0.483361
RG_AA_SCORE round=1000 layer=features.17 mean_q_equal=0.027513 mean_q_aa=0.032287 mean_abs_q_difference=0.005144 correlation_q_equal_aa=0.941308 top_reset_overlap=none sampling_entropy=5.499429 max_probability_over_uniform=2.240424 mean_eligible_client_sample_count=499.728814 min_eligible_client_sample_count=181.000000 max_eligible_client_sample_count=1077.000000 mean_total_eligible_sample_weight=29484.000000
RG_SCORE round=1000 layer=features.20 mean_q=0.026043 max_q=0.050726 fraction_q_positive=1.000000 sampling_entropy=5.514053 uniform_entropy=5.545177 entropy_gap=0.031125 max_probability_over_uniform=1.710840 min_probability_over_uniform=0.288132
RG_AA_SCORE round=1000 layer=features.20 mean_q_equal=0.022987 mean_q_aa=0.026043 mean_abs_q_difference=0.003956 correlation_q_equal_aa=0.897974 top_reset_overlap=none sampling_entropy=5.514053 max_probability_over_uniform=1.710840 mean_eligible_client_sample_count=499.728814 min_eligible_client_sample_count=181.000000 max_eligible_client_sample_count=1077.000000 mean_total_eligible_sample_weight=29484.000000
RG_SCORE round=1000 layer=features.24 mean_q=0.056692 max_q=0.177640 fraction_q_positive=1.000000 sampling_entropy=6.192551 uniform_entropy=6.238325 entropy_gap=0.045773 max_probability_over_uniform=2.600083 min_probability_over_uniform=0.288380
RG_AA_SCORE round=1000 layer=features.24 mean_q_equal=0.046540 mean_q_aa=0.056692 mean_abs_q_difference=0.010693 correlation_q_equal_aa=0.937281 top_reset_overlap=none sampling_entropy=6.192551 max_probability_over_uniform=2.600083 mean_eligible_client_sample_count=499.728814 min_eligible_client_sample_count=181.000000 max_eligible_client_sample_count=1077.000000 mean_total_eligible_sample_weight=29484.000000
RG_SCORE round=1000 layer=features.27 mean_q=0.092092 max_q=0.163601 fraction_q_positive=1.000000 sampling_entropy=6.213801 uniform_entropy=6.238325 entropy_gap=0.024524 max_probability_over_uniform=1.582374 min_probability_over_uniform=0.509505
RG_AA_SCORE round=1000 layer=features.27 mean_q_equal=0.072421 mean_q_aa=0.092092 mean_abs_q_difference=0.019704 correlation_q_equal_aa=0.941970 top_reset_overlap=none sampling_entropy=6.213801 max_probability_over_uniform=1.582374 mean_eligible_client_sample_count=499.728814 min_eligible_client_sample_count=181.000000 max_eligible_client_sample_count=1077.000000 mean_total_eligible_sample_weight=29484.000000
RG_SCORE round=1000 layer=features.30 mean_q=0.065546 max_q=0.128154 fraction_q_positive=1.000000 sampling_entropy=6.212170 uniform_entropy=6.238325 entropy_gap=0.026155 max_probability_over_uniform=1.716373 min_probability_over_uniform=0.477089
RG_AA_SCORE round=1000 layer=features.30 mean_q_equal=0.051131 mean_q_aa=0.065546 mean_abs_q_difference=0.014511 correlation_q_equal_aa=0.924882 top_reset_overlap=none sampling_entropy=6.212170 max_probability_over_uniform=1.716373 mean_eligible_client_sample_count=499.728814 min_eligible_client_sample_count=181.000000 max_eligible_client_sample_count=1077.000000 mean_total_eligible_sample_weight=29484.000000
RG_SCORE round=1000 layer=features.34 mean_q=0.197807 max_q=0.359608 fraction_q_positive=1.000000 sampling_entropy=6.197347 uniform_entropy=6.238325 entropy_gap=0.040978 max_probability_over_uniform=1.613484 min_probability_over_uniform=0.258817
RG_AA_SCORE round=1000 layer=features.34 mean_q_equal=0.144714 mean_q_aa=0.197807 mean_abs_q_difference=0.053162 correlation_q_equal_aa=0.950229 top_reset_overlap=none sampling_entropy=6.197347 max_probability_over_uniform=1.613484 mean_eligible_client_sample_count=499.728814 min_eligible_client_sample_count=181.000000 max_eligible_client_sample_count=1077.000000 mean_total_eligible_sample_weight=29484.000000
RG_SCORE round=1000 layer=features.37 mean_q=0.173286 max_q=0.401959 fraction_q_positive=0.980469 sampling_entropy=6.166162 uniform_entropy=6.238325 entropy_gap=0.072162 max_probability_over_uniform=1.989727 min_probability_over_uniform=0.250000
RG_AA_SCORE round=1000 layer=features.37 mean_q_equal=0.116848 mean_q_aa=0.173286 mean_abs_q_difference=0.056604 correlation_q_equal_aa=0.940136 top_reset_overlap=none sampling_entropy=6.166162 max_probability_over_uniform=1.989727 mean_eligible_client_sample_count=499.728814 min_eligible_client_sample_count=181.000000 max_eligible_client_sample_count=1077.000000 mean_total_eligible_sample_weight=29484.000000
RG_SCORE round=1000 layer=features.40 mean_q=0.091504 max_q=0.415278 fraction_q_positive=0.849609 sampling_entropy=6.038596 uniform_entropy=6.238325 entropy_gap=0.199728 max_probability_over_uniform=3.653772 min_probability_over_uniform=0.250000
RG_AA_SCORE round=1000 layer=features.40 mean_q_equal=0.067120 mean_q_aa=0.091504 mean_abs_q_difference=0.027663 correlation_q_equal_aa=0.931879 top_reset_overlap=none sampling_entropy=6.038596 max_probability_over_uniform=3.653772 mean_eligible_client_sample_count=499.644455 min_eligible_client_sample_count=181.000000 max_eligible_client_sample_count=1077.000000 mean_total_eligible_sample_weight=29099.410156
ROUND_ACCURACY method=FedPhoenixRG-AA round=1000 accuracy=82.129997
PEAK_ACCURACY method=FedPhoenixRG-AA round=999 accuracy=82.510002
Unified training metrics saved to C:\Users\admin\Desktop\need_do\new_paper_four\FedPhoenix-finish\results\training_metrics\cifar10_vgg_FedPhoenixRG-AA_seed1_original_FedPhoenixRG-AA_seed1_1000.csv
