Client partition: 100 clients, min=30, max=1447, mean=500.00, std=220.72
Evaluation protocol: full server test set evaluated every round (10000 samples).
VGG16(
  (features): Sequential(
    (0): Conv2d(3, 64, kernel_size=(3, 3), stride=(1, 1), padding=(1, 1))
    (1): BatchNorm2d(64, eps=1e-05, momentum=0.1, affine=True, track_running_stats=True)
    (2): ReLU(inplace=True)
    (3): Conv2d(64, 64, kernel_size=(3, 3), stride=(1, 1), padding=(1, 1))
    (4): BatchNorm2d(64, eps=1e-05, momentum=0.1, affine=True, track_running_stats=True)
    (5): ReLU(inplace=True)
    (6): MaxPool2d(kernel_size=2, stride=2, padding=0, dilation=1, ceil_mode=False)
    (7): Conv2d(64, 128, kernel_size=(3, 3), stride=(1, 1), padding=(1, 1))
    (8): BatchNorm2d(128, eps=1e-05, momentum=0.1, affine=True, track_running_stats=True)
    (9): ReLU(inplace=True)
    (10): Conv2d(128, 128, kernel_size=(3, 3), stride=(1, 1), padding=(1, 1))
    (11): BatchNorm2d(128, eps=1e-05, momentum=0.1, affine=True, track_running_stats=True)
    (12): ReLU(inplace=True)
    (13): MaxPool2d(kernel_size=2, stride=2, padding=0, dilation=1, ceil_mode=False)
    (14): Conv2d(128, 256, kernel_size=(3, 3), stride=(1, 1), padding=(1, 1))
    (15): BatchNorm2d(256, eps=1e-05, momentum=0.1, affine=True, track_running_stats=True)
    (16): ReLU(inplace=True)
    (17): Conv2d(256, 256, kernel_size=(3, 3), stride=(1, 1), padding=(1, 1))
    (18): BatchNorm2d(256, eps=1e-05, momentum=0.1, affine=True, track_running_stats=True)
    (19): ReLU(inplace=True)
    (20): Conv2d(256, 256, kernel_size=(3, 3), stride=(1, 1), padding=(1, 1))
    (21): BatchNorm2d(256, eps=1e-05, momentum=0.1, affine=True, track_running_stats=True)
    (22): ReLU(inplace=True)
    (23): MaxPool2d(kernel_size=2, stride=2, padding=0, dilation=1, ceil_mode=False)
    (24): Conv2d(256, 512, kernel_size=(3, 3), stride=(1, 1), padding=(1, 1))
    (25): BatchNorm2d(512, eps=1e-05, momentum=0.1, affine=True, track_running_stats=True)
    (26): ReLU(inplace=True)
    (27): Conv2d(512, 512, kernel_size=(3, 3), stride=(1, 1), padding=(1, 1))
    (28): BatchNorm2d(512, eps=1e-05, momentum=0.1, affine=True, track_running_stats=True)
    (29): ReLU(inplace=True)
    (30): Conv2d(512, 512, kernel_size=(3, 3), stride=(1, 1), padding=(1, 1))
    (31): BatchNorm2d(512, eps=1e-05, momentum=0.1, affine=True, track_running_stats=True)
    (32): ReLU(inplace=True)
    (33): MaxPool2d(kernel_size=2, stride=2, padding=0, dilation=1, ceil_mode=False)
    (34): Conv2d(512, 512, kernel_size=(3, 3), stride=(1, 1), padding=(1, 1))
    (35): BatchNorm2d(512, eps=1e-05, momentum=0.1, affine=True, track_running_stats=True)
    (36): ReLU(inplace=True)
    (37): Conv2d(512, 512, kernel_size=(3, 3), stride=(1, 1), padding=(1, 1))
    (38): BatchNorm2d(512, eps=1e-05, momentum=0.1, affine=True, track_running_stats=True)
    (39): ReLU(inplace=True)
    (40): Conv2d(512, 512, kernel_size=(3, 3), stride=(1, 1), padding=(1, 1))
    (41): BatchNorm2d(512, eps=1e-05, momentum=0.1, affine=True, track_running_stats=True)
    (42): ReLU(inplace=True)
    (43): MaxPool2d(kernel_size=2, stride=2, padding=0, dilation=1, ceil_mode=False)
    (44): AdaptiveAvgPool2d(output_size=(1, 1))
  )
  (classifier): Sequential(
    (0): Linear(in_features=512, out_features=4096, bias=True)
    (1): ReLU(inplace=True)
    (2): Dropout(p=0.5, inplace=False)
    (3): Linear(in_features=4096, out_features=4096, bias=True)
    (4): ReLU(inplace=True)
    (5): Dropout(p=0.5, inplace=False)
  )
  (fc): Linear(in_features=4096, out_features=10, bias=True)
)
********************************************************************************
Round   0
ROUND_ACCURACY method=FedPhoenixRG round=1 accuracy=10.000000
********************************************************************************
Round   1
ROUND_ACCURACY method=FedPhoenixRG round=2 accuracy=13.230000
********************************************************************************
Round   2
ROUND_ACCURACY method=FedPhoenixRG round=3 accuracy=12.230000
********************************************************************************
Round   3
ROUND_ACCURACY method=FedPhoenixRG round=4 accuracy=16.290001
********************************************************************************
Round   4
ROUND_ACCURACY method=FedPhoenixRG round=5 accuracy=32.419998
********************************************************************************
Round   5
ROUND_ACCURACY method=FedPhoenixRG round=6 accuracy=17.620001
********************************************************************************
Round   6
ROUND_ACCURACY method=FedPhoenixRG round=7 accuracy=24.139999
********************************************************************************
Round   7
ROUND_ACCURACY method=FedPhoenixRG round=8 accuracy=23.680000
********************************************************************************
Round   8
ROUND_ACCURACY method=FedPhoenixRG round=9 accuracy=30.129999
********************************************************************************
Round   9
ROUND_ACCURACY method=FedPhoenixRG round=10 accuracy=29.730000
********************************************************************************
Round  10
ROUND_ACCURACY method=FedPhoenixRG round=11 accuracy=38.230000
********************************************************************************
Round  11
ROUND_ACCURACY method=FedPhoenixRG round=12 accuracy=36.910000
********************************************************************************
Round  12
ROUND_ACCURACY method=FedPhoenixRG round=13 accuracy=38.220001
********************************************************************************
Round  13
ROUND_ACCURACY method=FedPhoenixRG round=14 accuracy=46.650002
********************************************************************************
Round  14
ROUND_ACCURACY method=FedPhoenixRG round=15 accuracy=45.459999
********************************************************************************
Round  15
ROUND_ACCURACY method=FedPhoenixRG round=16 accuracy=46.720001
********************************************************************************
Round  16
ROUND_ACCURACY method=FedPhoenixRG round=17 accuracy=45.529999
********************************************************************************
Round  17
ROUND_ACCURACY method=FedPhoenixRG round=18 accuracy=35.709999
********************************************************************************
Round  18
ROUND_ACCURACY method=FedPhoenixRG round=19 accuracy=44.220001
********************************************************************************
Round  19
RG_SCORE round=20 layer=features.0 mean_q=0.081847 max_q=0.267023 fraction_q_positive=0.828125 sampling_entropy=4.073615 uniform_entropy=4.158883 entropy_gap=0.085268 max_probability_over_uniform=2.131239 min_probability_over_uniform=0.500000
RG_SCORE round=20 layer=features.3 mean_q=0.059730 max_q=0.116280 fraction_q_positive=1.000000 sampling_entropy=4.139146 uniform_entropy=4.158883 entropy_gap=0.019737 max_probability_over_uniform=1.473388 min_probability_over_uniform=0.612657
RG_SCORE round=20 layer=features.7 mean_q=0.049782 max_q=0.101558 fraction_q_positive=0.992188 sampling_entropy=4.838379 uniform_entropy=4.852030 entropy_gap=0.013651 max_probability_over_uniform=1.520026 min_probability_over_uniform=0.500000
RG_SCORE round=20 layer=features.10 mean_q=0.043774 max_q=0.087141 fraction_q_positive=1.000000 sampling_entropy=4.841712 uniform_entropy=4.852030 entropy_gap=0.010318 max_probability_over_uniform=1.495351 min_probability_over_uniform=0.611362
RG_SCORE round=20 layer=features.14 mean_q=0.040955 max_q=0.081388 fraction_q_positive=1.000000 sampling_entropy=5.533152 uniform_entropy=5.545177 entropy_gap=0.012025 max_probability_over_uniform=1.493622 min_probability_over_uniform=0.662439
RG_SCORE round=20 layer=features.17 mean_q=0.039022 max_q=0.066574 fraction_q_positive=1.000000 sampling_entropy=5.538698 uniform_entropy=5.545177 entropy_gap=0.006479 max_probability_over_uniform=1.353030 min_probability_over_uniform=0.650125
RG_SCORE round=20 layer=features.20 mean_q=0.039846 max_q=0.061646 fraction_q_positive=1.000000 sampling_entropy=5.540548 uniform_entropy=5.545177 entropy_gap=0.004629 max_probability_over_uniform=1.273547 min_probability_over_uniform=0.762926
RG_SCORE round=20 layer=features.24 mean_q=0.041173 max_q=0.078098 fraction_q_positive=1.000000 sampling_entropy=6.226610 uniform_entropy=6.238325 entropy_gap=0.011715 max_probability_over_uniform=1.448421 min_probability_over_uniform=0.553609
RG_SCORE round=20 layer=features.27 mean_q=0.037594 max_q=0.080712 fraction_q_positive=1.000000 sampling_entropy=6.230294 uniform_entropy=6.238325 entropy_gap=0.008031 max_probability_over_uniform=1.573470 min_probability_over_uniform=0.687083
RG_SCORE round=20 layer=features.30 mean_q=0.037160 max_q=0.072138 fraction_q_positive=1.000000 sampling_entropy=6.227007 uniform_entropy=6.238325 entropy_gap=0.011317 max_probability_over_uniform=1.470638 min_probability_over_uniform=0.505045
RG_SCORE round=20 layer=features.34 mean_q=0.057084 max_q=0.134792 fraction_q_positive=0.992188 sampling_entropy=6.217597 uniform_entropy=6.238325 entropy_gap=0.020728 max_probability_over_uniform=1.680640 min_probability_over_uniform=0.500000
RG_SCORE round=20 layer=features.37 mean_q=0.063538 max_q=0.129223 fraction_q_positive=1.000000 sampling_entropy=6.224528 uniform_entropy=6.238325 entropy_gap=0.013796 max_probability_over_uniform=1.516892 min_probability_over_uniform=0.624818
RG_SCORE round=20 layer=features.40 mean_q=0.082664 max_q=0.183493 fraction_q_positive=1.000000 sampling_entropy=6.212527 uniform_entropy=6.238325 entropy_gap=0.025798 max_probability_over_uniform=1.609875 min_probability_over_uniform=0.537548
ROUND_ACCURACY method=FedPhoenixRG round=20 accuracy=45.060001
********************************************************************************
Round  20
ROUND_ACCURACY method=FedPhoenixRG round=21 accuracy=51.570000
********************************************************************************
Round  21
ROUND_ACCURACY method=FedPhoenixRG round=22 accuracy=55.220001
********************************************************************************
Round  22
ROUND_ACCURACY method=FedPhoenixRG round=23 accuracy=49.630001
********************************************************************************
Round  23
ROUND_ACCURACY method=FedPhoenixRG round=24 accuracy=53.619999
********************************************************************************
Round  24
ROUND_ACCURACY method=FedPhoenixRG round=25 accuracy=53.560001
********************************************************************************
Round  25
ROUND_ACCURACY method=FedPhoenixRG round=26 accuracy=51.619999
********************************************************************************
Round  26
ROUND_ACCURACY method=FedPhoenixRG round=27 accuracy=52.919998
********************************************************************************
Round  27
ROUND_ACCURACY method=FedPhoenixRG round=28 accuracy=51.630001
********************************************************************************
Round  28
ROUND_ACCURACY method=FedPhoenixRG round=29 accuracy=47.930000
********************************************************************************
Round  29
ROUND_ACCURACY method=FedPhoenixRG round=30 accuracy=57.810001
********************************************************************************
Round  30
ROUND_ACCURACY method=FedPhoenixRG round=31 accuracy=56.639999
********************************************************************************
Round  31
ROUND_ACCURACY method=FedPhoenixRG round=32 accuracy=56.639999
********************************************************************************
Round  32
ROUND_ACCURACY method=FedPhoenixRG round=33 accuracy=59.240002
********************************************************************************
Round  33
ROUND_ACCURACY method=FedPhoenixRG round=34 accuracy=65.720001
********************************************************************************
Round  34
ROUND_ACCURACY method=FedPhoenixRG round=35 accuracy=55.720001
********************************************************************************
Round  35
ROUND_ACCURACY method=FedPhoenixRG round=36 accuracy=51.200001
********************************************************************************
Round  36
ROUND_ACCURACY method=FedPhoenixRG round=37 accuracy=62.660000
********************************************************************************
Round  37
ROUND_ACCURACY method=FedPhoenixRG round=38 accuracy=58.730000
********************************************************************************
Round  38
ROUND_ACCURACY method=FedPhoenixRG round=39 accuracy=58.980000
********************************************************************************
Round  39
RG_SCORE round=40 layer=features.0 mean_q=0.193256 max_q=0.337467 fraction_q_positive=1.000000 sampling_entropy=4.141737 uniform_entropy=4.158883 entropy_gap=0.017146 max_probability_over_uniform=1.373109 min_probability_over_uniform=0.607973
RG_SCORE round=40 layer=features.3 mean_q=0.166063 max_q=0.246659 fraction_q_positive=1.000000 sampling_entropy=4.154846 uniform_entropy=4.158883 entropy_gap=0.004037 max_probability_over_uniform=1.242669 min_probability_over_uniform=0.843139
RG_SCORE round=40 layer=features.7 mean_q=0.144764 max_q=0.183744 fraction_q_positive=1.000000 sampling_entropy=4.850245 uniform_entropy=4.852030 entropy_gap=0.001785 max_probability_over_uniform=1.134629 min_probability_over_uniform=0.796999
RG_SCORE round=40 layer=features.10 mean_q=0.134963 max_q=0.172520 fraction_q_positive=1.000000 sampling_entropy=4.850248 uniform_entropy=4.852030 entropy_gap=0.001783 max_probability_over_uniform=1.139138 min_probability_over_uniform=0.864364
RG_SCORE round=40 layer=features.14 mean_q=0.130285 max_q=0.173329 fraction_q_positive=1.000000 sampling_entropy=5.543218 uniform_entropy=5.545177 entropy_gap=0.001959 max_probability_over_uniform=1.165193 min_probability_over_uniform=0.827005
RG_SCORE round=40 layer=features.17 mean_q=0.121961 max_q=0.157766 fraction_q_positive=1.000000 sampling_entropy=5.543831 uniform_entropy=5.545177 entropy_gap=0.001347 max_probability_over_uniform=1.146790 min_probability_over_uniform=0.882770
RG_SCORE round=40 layer=features.20 mean_q=0.125760 max_q=0.167436 fraction_q_positive=1.000000 sampling_entropy=5.543723 uniform_entropy=5.545177 entropy_gap=0.001454 max_probability_over_uniform=1.165695 min_probability_over_uniform=0.826279
RG_SCORE round=40 layer=features.24 mean_q=0.120640 max_q=0.185136 fraction_q_positive=1.000000 sampling_entropy=6.235088 uniform_entropy=6.238325 entropy_gap=0.003236 max_probability_over_uniform=1.267309 min_probability_over_uniform=0.760578
RG_SCORE round=40 layer=features.27 mean_q=0.099768 max_q=0.158167 fraction_q_positive=1.000000 sampling_entropy=6.234577 uniform_entropy=6.238325 entropy_gap=0.003747 max_probability_over_uniform=1.292671 min_probability_over_uniform=0.662272
RG_SCORE round=40 layer=features.30 mean_q=0.090558 max_q=0.150280 fraction_q_positive=1.000000 sampling_entropy=6.230410 uniform_entropy=6.238325 entropy_gap=0.007914 max_probability_over_uniform=1.329741 min_probability_over_uniform=0.513940
RG_SCORE round=40 layer=features.34 mean_q=0.126419 max_q=0.291895 fraction_q_positive=0.927734 sampling_entropy=6.204198 uniform_entropy=6.238325 entropy_gap=0.034126 max_probability_over_uniform=1.654472 min_probability_over_uniform=0.500000
RG_SCORE round=40 layer=features.37 mean_q=0.119157 max_q=0.297841 fraction_q_positive=0.935547 sampling_entropy=6.204511 uniform_entropy=6.238325 entropy_gap=0.033813 max_probability_over_uniform=1.749779 min_probability_over_uniform=0.500000
RG_SCORE round=40 layer=features.40 mean_q=0.141013 max_q=0.406064 fraction_q_positive=0.945312 sampling_entropy=6.196483 uniform_entropy=6.238325 entropy_gap=0.041842 max_probability_over_uniform=1.939814 min_probability_over_uniform=0.500000
ROUND_ACCURACY method=FedPhoenixRG round=40 accuracy=63.900002
********************************************************************************
Round  40
ROUND_ACCURACY method=FedPhoenixRG round=41 accuracy=67.089996
********************************************************************************
Round  41
ROUND_ACCURACY method=FedPhoenixRG round=42 accuracy=58.580002
********************************************************************************
Round  42
ROUND_ACCURACY method=FedPhoenixRG round=43 accuracy=60.939999
********************************************************************************
Round  43
ROUND_ACCURACY method=FedPhoenixRG round=44 accuracy=61.160000
********************************************************************************
Round  44
ROUND_ACCURACY method=FedPhoenixRG round=45 accuracy=54.419998
********************************************************************************
Round  45
ROUND_ACCURACY method=FedPhoenixRG round=46 accuracy=67.370003
********************************************************************************
Round  46
ROUND_ACCURACY method=FedPhoenixRG round=47 accuracy=60.029999
********************************************************************************
Round  47
ROUND_ACCURACY method=FedPhoenixRG round=48 accuracy=59.880001
********************************************************************************
Round  48
ROUND_ACCURACY method=FedPhoenixRG round=49 accuracy=58.400002
********************************************************************************
Round  49
ROUND_ACCURACY method=FedPhoenixRG round=50 accuracy=60.720001
********************************************************************************
Round  50
ROUND_ACCURACY method=FedPhoenixRG round=51 accuracy=56.470001
********************************************************************************
Round  51
ROUND_ACCURACY method=FedPhoenixRG round=52 accuracy=67.550003
********************************************************************************
Round  52
ROUND_ACCURACY method=FedPhoenixRG round=53 accuracy=60.820000
********************************************************************************
Round  53
ROUND_ACCURACY method=FedPhoenixRG round=54 accuracy=48.689999
********************************************************************************
Round  54
ROUND_ACCURACY method=FedPhoenixRG round=55 accuracy=66.519997
********************************************************************************
Round  55
ROUND_ACCURACY method=FedPhoenixRG round=56 accuracy=65.620003
********************************************************************************
Round  56
ROUND_ACCURACY method=FedPhoenixRG round=57 accuracy=59.840000
********************************************************************************
Round  57
ROUND_ACCURACY method=FedPhoenixRG round=58 accuracy=59.430000
********************************************************************************
Round  58
ROUND_ACCURACY method=FedPhoenixRG round=59 accuracy=63.360001
********************************************************************************
Round  59
RG_SCORE round=60 layer=features.0 mean_q=0.166857 max_q=0.372954 fraction_q_positive=0.953125 sampling_entropy=4.127796 uniform_entropy=4.158883 entropy_gap=0.031087 max_probability_over_uniform=1.617583 min_probability_over_uniform=0.500000
RG_SCORE round=60 layer=features.3 mean_q=0.177144 max_q=0.232526 fraction_q_positive=1.000000 sampling_entropy=4.156404 uniform_entropy=4.158883 entropy_gap=0.002479 max_probability_over_uniform=1.156319 min_probability_over_uniform=0.870781
RG_SCORE round=60 layer=features.7 mean_q=0.169839 max_q=0.231561 fraction_q_positive=1.000000 sampling_entropy=4.849659 uniform_entropy=4.852030 entropy_gap=0.002371 max_probability_over_uniform=1.181706 min_probability_over_uniform=0.829045
RG_SCORE round=60 layer=features.10 mean_q=0.165097 max_q=0.208945 fraction_q_positive=1.000000 sampling_entropy=4.850793 uniform_entropy=4.852030 entropy_gap=0.001237 max_probability_over_uniform=1.132795 min_probability_over_uniform=0.873335
RG_SCORE round=60 layer=features.14 mean_q=0.163051 max_q=0.221595 fraction_q_positive=1.000000 sampling_entropy=5.543583 uniform_entropy=5.545177 entropy_gap=0.001594 max_probability_over_uniform=1.179527 min_probability_over_uniform=0.872804
RG_SCORE round=60 layer=features.17 mean_q=0.154171 max_q=0.198108 fraction_q_positive=1.000000 sampling_entropy=5.544185 uniform_entropy=5.545177 entropy_gap=0.000992 max_probability_over_uniform=1.142496 min_probability_over_uniform=0.882590
RG_SCORE round=60 layer=features.20 mean_q=0.160459 max_q=0.207267 fraction_q_positive=1.000000 sampling_entropy=5.544355 uniform_entropy=5.545177 entropy_gap=0.000823 max_probability_over_uniform=1.145857 min_probability_over_uniform=0.890914
RG_SCORE round=60 layer=features.24 mean_q=0.157873 max_q=0.214069 fraction_q_positive=1.000000 sampling_entropy=6.236474 uniform_entropy=6.238325 entropy_gap=0.001851 max_probability_over_uniform=1.177977 min_probability_over_uniform=0.822514
RG_SCORE round=60 layer=features.27 mean_q=0.134907 max_q=0.186945 fraction_q_positive=1.000000 sampling_entropy=6.236746 uniform_entropy=6.238325 entropy_gap=0.001579 max_probability_over_uniform=1.192867 min_probability_over_uniform=0.860802
RG_SCORE round=60 layer=features.30 mean_q=0.131225 max_q=0.182152 fraction_q_positive=1.000000 sampling_entropy=6.235720 uniform_entropy=6.238325 entropy_gap=0.002605 max_probability_over_uniform=1.194044 min_probability_over_uniform=0.819833
RG_SCORE round=60 layer=features.34 mean_q=0.229261 max_q=0.329089 fraction_q_positive=1.000000 sampling_entropy=6.234762 uniform_entropy=6.238325 entropy_gap=0.003563 max_probability_over_uniform=1.217717 min_probability_over_uniform=0.673717
RG_SCORE round=60 layer=features.37 mean_q=0.249796 max_q=0.372035 fraction_q_positive=1.000000 sampling_entropy=6.233604 uniform_entropy=6.238325 entropy_gap=0.004721 max_probability_over_uniform=1.244678 min_probability_over_uniform=0.714639
RG_SCORE round=60 layer=features.40 mean_q=0.272213 max_q=0.602153 fraction_q_positive=0.996094 sampling_entropy=6.214750 uniform_entropy=6.238325 entropy_gap=0.023574 max_probability_over_uniform=1.606034 min_probability_over_uniform=0.500000
ROUND_ACCURACY method=FedPhoenixRG round=60 accuracy=64.779999
********************************************************************************
Round  60
ROUND_ACCURACY method=FedPhoenixRG round=61 accuracy=66.830002
********************************************************************************
Round  61
ROUND_ACCURACY method=FedPhoenixRG round=62 accuracy=64.550003
********************************************************************************
Round  62
ROUND_ACCURACY method=FedPhoenixRG round=63 accuracy=66.440002
********************************************************************************
Round  63
ROUND_ACCURACY method=FedPhoenixRG round=64 accuracy=64.430000
********************************************************************************
Round  64
ROUND_ACCURACY method=FedPhoenixRG round=65 accuracy=63.110001
********************************************************************************
Round  65
ROUND_ACCURACY method=FedPhoenixRG round=66 accuracy=64.279999
********************************************************************************
Round  66
ROUND_ACCURACY method=FedPhoenixRG round=67 accuracy=61.560001
********************************************************************************
Round  67
ROUND_ACCURACY method=FedPhoenixRG round=68 accuracy=57.820000
********************************************************************************
Round  68
ROUND_ACCURACY method=FedPhoenixRG round=69 accuracy=70.440002
********************************************************************************
Round  69
ROUND_ACCURACY method=FedPhoenixRG round=70 accuracy=62.000000
********************************************************************************
Round  70
ROUND_ACCURACY method=FedPhoenixRG round=71 accuracy=61.480000
********************************************************************************
Round  71
ROUND_ACCURACY method=FedPhoenixRG round=72 accuracy=63.639999
********************************************************************************
Round  72
ROUND_ACCURACY method=FedPhoenixRG round=73 accuracy=67.690002
********************************************************************************
Round  73
ROUND_ACCURACY method=FedPhoenixRG round=74 accuracy=68.290001
********************************************************************************
Round  74
ROUND_ACCURACY method=FedPhoenixRG round=75 accuracy=72.599998
********************************************************************************
Round  75
ROUND_ACCURACY method=FedPhoenixRG round=76 accuracy=62.970001
********************************************************************************
Round  76
ROUND_ACCURACY method=FedPhoenixRG round=77 accuracy=64.099998
********************************************************************************
Round  77
ROUND_ACCURACY method=FedPhoenixRG round=78 accuracy=66.250000
********************************************************************************
Round  78
ROUND_ACCURACY method=FedPhoenixRG round=79 accuracy=68.550003
********************************************************************************
Round  79
RG_SCORE round=80 layer=features.0 mean_q=0.154291 max_q=0.403974 fraction_q_positive=0.984375 sampling_entropy=4.130978 uniform_entropy=4.158883 entropy_gap=0.027905 max_probability_over_uniform=1.809127 min_probability_over_uniform=0.500000
RG_SCORE round=80 layer=features.3 mean_q=0.182690 max_q=0.233084 fraction_q_positive=1.000000 sampling_entropy=4.156917 uniform_entropy=4.158883 entropy_gap=0.001966 max_probability_over_uniform=1.137924 min_probability_over_uniform=0.874796
RG_SCORE round=80 layer=features.7 mean_q=0.185796 max_q=0.251690 fraction_q_positive=1.000000 sampling_entropy=4.850761 uniform_entropy=4.852030 entropy_gap=0.001269 max_probability_over_uniform=1.177328 min_probability_over_uniform=0.894925
RG_SCORE round=80 layer=features.10 mean_q=0.179073 max_q=0.226046 fraction_q_positive=1.000000 sampling_entropy=4.851066 uniform_entropy=4.852030 entropy_gap=0.000965 max_probability_over_uniform=1.131157 min_probability_over_uniform=0.879753
RG_SCORE round=80 layer=features.14 mean_q=0.182543 max_q=0.228916 fraction_q_positive=1.000000 sampling_entropy=5.544048 uniform_entropy=5.545177 entropy_gap=0.001129 max_probability_over_uniform=1.127020 min_probability_over_uniform=0.865456
RG_SCORE round=80 layer=features.17 mean_q=0.171348 max_q=0.213326 fraction_q_positive=1.000000 sampling_entropy=5.544287 uniform_entropy=5.545177 entropy_gap=0.000890 max_probability_over_uniform=1.122492 min_probability_over_uniform=0.889526
RG_SCORE round=80 layer=features.20 mean_q=0.177161 max_q=0.204923 fraction_q_positive=1.000000 sampling_entropy=5.544591 uniform_entropy=5.545177 entropy_gap=0.000586 max_probability_over_uniform=1.078351 min_probability_over_uniform=0.894486
RG_SCORE round=80 layer=features.24 mean_q=0.181215 max_q=0.221273 fraction_q_positive=1.000000 sampling_entropy=6.237190 uniform_entropy=6.238325 entropy_gap=0.001135 max_probability_over_uniform=1.110525 min_probability_over_uniform=0.859212
RG_SCORE round=80 layer=features.27 mean_q=0.157379 max_q=0.200847 fraction_q_positive=1.000000 sampling_entropy=6.237138 uniform_entropy=6.238325 entropy_gap=0.001186 max_probability_over_uniform=1.138100 min_probability_over_uniform=0.860143
RG_SCORE round=80 layer=features.30 mean_q=0.155802 max_q=0.205126 fraction_q_positive=1.000000 sampling_entropy=6.236671 uniform_entropy=6.238325 entropy_gap=0.001654 max_probability_over_uniform=1.158290 min_probability_over_uniform=0.830857
RG_SCORE round=80 layer=features.34 mean_q=0.304084 max_q=0.391788 fraction_q_positive=1.000000 sampling_entropy=6.236742 uniform_entropy=6.238325 entropy_gap=0.001583 max_probability_over_uniform=1.144208 min_probability_over_uniform=0.815835
RG_SCORE round=80 layer=features.37 mean_q=0.342994 max_q=0.458865 fraction_q_positive=1.000000 sampling_entropy=6.236212 uniform_entropy=6.238325 entropy_gap=0.002112 max_probability_over_uniform=1.168910 min_probability_over_uniform=0.789401
RG_SCORE round=80 layer=features.40 mean_q=0.334698 max_q=0.597094 fraction_q_positive=0.998047 sampling_entropy=6.220165 uniform_entropy=6.238325 entropy_gap=0.018160 max_probability_over_uniform=1.391989 min_probability_over_uniform=0.500000
ROUND_ACCURACY method=FedPhoenixRG round=80 accuracy=65.470001
********************************************************************************
Round  80
ROUND_ACCURACY method=FedPhoenixRG round=81 accuracy=64.750000
********************************************************************************
Round  81
ROUND_ACCURACY method=FedPhoenixRG round=82 accuracy=68.269997
********************************************************************************
Round  82
ROUND_ACCURACY method=FedPhoenixRG round=83 accuracy=70.550003
********************************************************************************
Round  83
ROUND_ACCURACY method=FedPhoenixRG round=84 accuracy=65.650002
********************************************************************************
Round  84
ROUND_ACCURACY method=FedPhoenixRG round=85 accuracy=67.690002
********************************************************************************
Round  85
ROUND_ACCURACY method=FedPhoenixRG round=86 accuracy=68.489998
********************************************************************************
Round  86
ROUND_ACCURACY method=FedPhoenixRG round=87 accuracy=67.889999
********************************************************************************
Round  87
ROUND_ACCURACY method=FedPhoenixRG round=88 accuracy=70.970001
********************************************************************************
Round  88
ROUND_ACCURACY method=FedPhoenixRG round=89 accuracy=72.629997
********************************************************************************
Round  89
ROUND_ACCURACY method=FedPhoenixRG round=90 accuracy=68.699997
********************************************************************************
Round  90
ROUND_ACCURACY method=FedPhoenixRG round=91 accuracy=67.050003
********************************************************************************
Round  91
ROUND_ACCURACY method=FedPhoenixRG round=92 accuracy=69.599998
********************************************************************************
Round  92
ROUND_ACCURACY method=FedPhoenixRG round=93 accuracy=66.529999
********************************************************************************
Round  93
ROUND_ACCURACY method=FedPhoenixRG round=94 accuracy=69.160004
********************************************************************************
Round  94
ROUND_ACCURACY method=FedPhoenixRG round=95 accuracy=68.809998
********************************************************************************
Round  95
ROUND_ACCURACY method=FedPhoenixRG round=96 accuracy=68.510002
********************************************************************************
Round  96
ROUND_ACCURACY method=FedPhoenixRG round=97 accuracy=67.559998
********************************************************************************
Round  97
ROUND_ACCURACY method=FedPhoenixRG round=98 accuracy=63.980000
********************************************************************************
Round  98
ROUND_ACCURACY method=FedPhoenixRG round=99 accuracy=61.619999
********************************************************************************
Round  99
RG_SCORE round=100 layer=features.0 mean_q=0.129006 max_q=0.335462 fraction_q_positive=0.859375 sampling_entropy=4.097266 uniform_entropy=4.158883 entropy_gap=0.061617 max_probability_over_uniform=1.800180 min_probability_over_uniform=0.500000
RG_SCORE round=100 layer=features.3 mean_q=0.183545 max_q=0.230429 fraction_q_positive=1.000000 sampling_entropy=4.157267 uniform_entropy=4.158883 entropy_gap=0.001616 max_probability_over_uniform=1.127718 min_probability_over_uniform=0.795578
RG_SCORE round=100 layer=features.7 mean_q=0.186801 max_q=0.240421 fraction_q_positive=1.000000 sampling_entropy=4.850490 uniform_entropy=4.852030 entropy_gap=0.001540 max_probability_over_uniform=1.143525 min_probability_over_uniform=0.873385
RG_SCORE round=100 layer=features.10 mean_q=0.181110 max_q=0.214455 fraction_q_positive=1.000000 sampling_entropy=4.851194 uniform_entropy=4.852030 entropy_gap=0.000836 max_probability_over_uniform=1.092057 min_probability_over_uniform=0.885715
RG_SCORE round=100 layer=features.14 mean_q=0.189524 max_q=0.235732 fraction_q_positive=1.000000 sampling_entropy=5.544115 uniform_entropy=5.545177 entropy_gap=0.001063 max_probability_over_uniform=1.121907 min_probability_over_uniform=0.878521
RG_SCORE round=100 layer=features.17 mean_q=0.179958 max_q=0.220246 fraction_q_positive=1.000000 sampling_entropy=5.544271 uniform_entropy=5.545177 entropy_gap=0.000907 max_probability_over_uniform=1.111940 min_probability_over_uniform=0.895581
RG_SCORE round=100 layer=features.20 mean_q=0.187798 max_q=0.214318 fraction_q_positive=1.000000 sampling_entropy=5.544724 uniform_entropy=5.545177 entropy_gap=0.000453 max_probability_over_uniform=1.070610 min_probability_over_uniform=0.896024
RG_SCORE round=100 layer=features.24 mean_q=0.199577 max_q=0.250184 fraction_q_positive=1.000000 sampling_entropy=6.237419 uniform_entropy=6.238325 entropy_gap=0.000905 max_probability_over_uniform=1.126786 min_probability_over_uniform=0.846003
RG_SCORE round=100 layer=features.27 mean_q=0.175817 max_q=0.225619 fraction_q_positive=1.000000 sampling_entropy=6.237290 uniform_entropy=6.238325 entropy_gap=0.001035 max_probability_over_uniform=1.141633 min_probability_over_uniform=0.881254
RG_SCORE round=100 layer=features.30 mean_q=0.172384 max_q=0.217535 fraction_q_positive=1.000000 sampling_entropy=6.237002 uniform_entropy=6.238325 entropy_gap=0.001322 max_probability_over_uniform=1.130961 min_probability_over_uniform=0.846409
RG_SCORE round=100 layer=features.34 mean_q=0.336112 max_q=0.442771 fraction_q_positive=1.000000 sampling_entropy=6.236676 uniform_entropy=6.238325 entropy_gap=0.001649 max_probability_over_uniform=1.158667 min_probability_over_uniform=0.713441
RG_SCORE round=100 layer=features.37 mean_q=0.371821 max_q=0.498052 fraction_q_positive=1.000000 sampling_entropy=6.236094 uniform_entropy=6.238325 entropy_gap=0.002230 max_probability_over_uniform=1.169747 min_probability_over_uniform=0.672951
RG_SCORE round=100 layer=features.40 mean_q=0.309748 max_q=0.547353 fraction_q_positive=1.000000 sampling_entropy=6.220923 uniform_entropy=6.238325 entropy_gap=0.017401 max_probability_over_uniform=1.383548 min_probability_over_uniform=0.542172
ROUND_ACCURACY method=FedPhoenixRG round=100 accuracy=63.970001
********************************************************************************
Round 100
ROUND_ACCURACY method=FedPhoenixRG round=101 accuracy=69.059998
********************************************************************************
Round 101
ROUND_ACCURACY method=FedPhoenixRG round=102 accuracy=72.529999
********************************************************************************
Round 102
ROUND_ACCURACY method=FedPhoenixRG round=103 accuracy=70.949997
********************************************************************************
Round 103
ROUND_ACCURACY method=FedPhoenixRG round=104 accuracy=68.910004
********************************************************************************
Round 104
ROUND_ACCURACY method=FedPhoenixRG round=105 accuracy=70.419998
********************************************************************************
Round 105
ROUND_ACCURACY method=FedPhoenixRG round=106 accuracy=69.230003
********************************************************************************
Round 106
ROUND_ACCURACY method=FedPhoenixRG round=107 accuracy=48.470001
********************************************************************************
Round 107
ROUND_ACCURACY method=FedPhoenixRG round=108 accuracy=71.970001
********************************************************************************
Round 108
ROUND_ACCURACY method=FedPhoenixRG round=109 accuracy=74.320000
********************************************************************************
Round 109
ROUND_ACCURACY method=FedPhoenixRG round=110 accuracy=72.970001
********************************************************************************
Round 110
ROUND_ACCURACY method=FedPhoenixRG round=111 accuracy=71.830002
********************************************************************************
Round 111
ROUND_ACCURACY method=FedPhoenixRG round=112 accuracy=71.059998
********************************************************************************
Round 112
ROUND_ACCURACY method=FedPhoenixRG round=113 accuracy=69.040001
********************************************************************************
Round 113
ROUND_ACCURACY method=FedPhoenixRG round=114 accuracy=66.389999
********************************************************************************
Round 114
ROUND_ACCURACY method=FedPhoenixRG round=115 accuracy=58.730000
********************************************************************************
Round 115
ROUND_ACCURACY method=FedPhoenixRG round=116 accuracy=71.250000
********************************************************************************
Round 116
ROUND_ACCURACY method=FedPhoenixRG round=117 accuracy=64.779999
********************************************************************************
Round 117
ROUND_ACCURACY method=FedPhoenixRG round=118 accuracy=72.440002
********************************************************************************
Round 118
ROUND_ACCURACY method=FedPhoenixRG round=119 accuracy=72.839996
********************************************************************************
Round 119
RG_SCORE round=120 layer=features.0 mean_q=0.120920 max_q=0.294468 fraction_q_positive=0.984375 sampling_entropy=4.117393 uniform_entropy=4.158883 entropy_gap=0.041491 max_probability_over_uniform=1.717612 min_probability_over_uniform=0.500000
RG_SCORE round=120 layer=features.3 mean_q=0.170001 max_q=0.218516 fraction_q_positive=1.000000 sampling_entropy=4.156686 uniform_entropy=4.158883 entropy_gap=0.002198 max_probability_over_uniform=1.142690 min_probability_over_uniform=0.838324
RG_SCORE round=120 layer=features.7 mean_q=0.180787 max_q=0.262726 fraction_q_positive=1.000000 sampling_entropy=4.850314 uniform_entropy=4.852030 entropy_gap=0.001717 max_probability_over_uniform=1.226618 min_probability_over_uniform=0.855557
RG_SCORE round=120 layer=features.10 mean_q=0.178331 max_q=0.217423 fraction_q_positive=1.000000 sampling_entropy=4.851225 uniform_entropy=4.852030 entropy_gap=0.000805 max_probability_over_uniform=1.109604 min_probability_over_uniform=0.876840
RG_SCORE round=120 layer=features.14 mean_q=0.187321 max_q=0.235556 fraction_q_positive=1.000000 sampling_entropy=5.544227 uniform_entropy=5.545177 entropy_gap=0.000951 max_probability_over_uniform=1.128749 min_probability_over_uniform=0.898904
RG_SCORE round=120 layer=features.17 mean_q=0.178363 max_q=0.224612 fraction_q_positive=1.000000 sampling_entropy=5.544323 uniform_entropy=5.545177 entropy_gap=0.000854 max_probability_over_uniform=1.129649 min_probability_over_uniform=0.904768
RG_SCORE round=120 layer=features.20 mean_q=0.184223 max_q=0.211917 fraction_q_positive=1.000000 sampling_entropy=5.544622 uniform_entropy=5.545177 entropy_gap=0.000555 max_probability_over_uniform=1.075165 min_probability_over_uniform=0.903234
RG_SCORE round=120 layer=features.24 mean_q=0.195921 max_q=0.246034 fraction_q_positive=1.000000 sampling_entropy=6.237286 uniform_entropy=6.238325 entropy_gap=0.001039 max_probability_over_uniform=1.127892 min_probability_over_uniform=0.863859
RG_SCORE round=120 layer=features.27 mean_q=0.175251 max_q=0.241606 fraction_q_positive=1.000000 sampling_entropy=6.237209 uniform_entropy=6.238325 entropy_gap=0.001115 max_probability_over_uniform=1.189314 min_probability_over_uniform=0.884264
RG_SCORE round=120 layer=features.30 mean_q=0.165466 max_q=0.224979 fraction_q_positive=1.000000 sampling_entropy=6.236782 uniform_entropy=6.238325 entropy_gap=0.001543 max_probability_over_uniform=1.179834 min_probability_over_uniform=0.845979
RG_SCORE round=120 layer=features.34 mean_q=0.287002 max_q=0.412607 fraction_q_positive=1.000000 sampling_entropy=6.232622 uniform_entropy=6.238325 entropy_gap=0.005702 max_probability_over_uniform=1.218821 min_probability_over_uniform=0.598092
RG_SCORE round=120 layer=features.37 mean_q=0.220704 max_q=0.439895 fraction_q_positive=0.994141 sampling_entropy=6.216640 uniform_entropy=6.238325 entropy_gap=0.021685 max_probability_over_uniform=1.496575 min_probability_over_uniform=0.500000
RG_SCORE round=120 layer=features.40 mean_q=0.147911 max_q=0.423605 fraction_q_positive=0.958984 sampling_entropy=6.188930 uniform_entropy=6.238325 entropy_gap=0.049395 max_probability_over_uniform=1.931957 min_probability_over_uniform=0.500000
ROUND_ACCURACY method=FedPhoenixRG round=120 accuracy=66.379997
********************************************************************************
Round 120
ROUND_ACCURACY method=FedPhoenixRG round=121 accuracy=72.769997
********************************************************************************
Round 121
ROUND_ACCURACY method=FedPhoenixRG round=122 accuracy=69.410004
********************************************************************************
Round 122
ROUND_ACCURACY method=FedPhoenixRG round=123 accuracy=68.540001
********************************************************************************
Round 123
ROUND_ACCURACY method=FedPhoenixRG round=124 accuracy=65.690002
********************************************************************************
Round 124
ROUND_ACCURACY method=FedPhoenixRG round=125 accuracy=66.089996
********************************************************************************
Round 125
ROUND_ACCURACY method=FedPhoenixRG round=126 accuracy=63.180000
********************************************************************************
Round 126
ROUND_ACCURACY method=FedPhoenixRG round=127 accuracy=71.959999
********************************************************************************
Round 127
ROUND_ACCURACY method=FedPhoenixRG round=128 accuracy=67.720001
********************************************************************************
Round 128
ROUND_ACCURACY method=FedPhoenixRG round=129 accuracy=75.019997
********************************************************************************
Round 129
ROUND_ACCURACY method=FedPhoenixRG round=130 accuracy=67.309998
********************************************************************************
Round 130
ROUND_ACCURACY method=FedPhoenixRG round=131 accuracy=66.959999
********************************************************************************
Round 131
ROUND_ACCURACY method=FedPhoenixRG round=132 accuracy=76.430000
********************************************************************************
Round 132
ROUND_ACCURACY method=FedPhoenixRG round=133 accuracy=70.099998
********************************************************************************
Round 133
ROUND_ACCURACY method=FedPhoenixRG round=134 accuracy=72.660004
********************************************************************************
Round 134
ROUND_ACCURACY method=FedPhoenixRG round=135 accuracy=66.230003
********************************************************************************
Round 135
ROUND_ACCURACY method=FedPhoenixRG round=136 accuracy=66.830002
********************************************************************************
Round 136
ROUND_ACCURACY method=FedPhoenixRG round=137 accuracy=72.209999
********************************************************************************
Round 137
ROUND_ACCURACY method=FedPhoenixRG round=138 accuracy=75.639999
********************************************************************************
Round 138
ROUND_ACCURACY method=FedPhoenixRG round=139 accuracy=71.989998
********************************************************************************
Round 139
RG_SCORE round=140 layer=features.0 mean_q=0.138499 max_q=0.360894 fraction_q_positive=0.937500 sampling_entropy=4.113655 uniform_entropy=4.158883 entropy_gap=0.045228 max_probability_over_uniform=1.802879 min_probability_over_uniform=0.500000
RG_SCORE round=140 layer=features.3 mean_q=0.187260 max_q=0.244124 fraction_q_positive=1.000000 sampling_entropy=4.156923 uniform_entropy=4.158883 entropy_gap=0.001960 max_probability_over_uniform=1.151832 min_probability_over_uniform=0.835046
RG_SCORE round=140 layer=features.7 mean_q=0.191953 max_q=0.235725 fraction_q_positive=1.000000 sampling_entropy=4.850815 uniform_entropy=4.852030 entropy_gap=0.001215 max_probability_over_uniform=1.114018 min_probability_over_uniform=0.857738
RG_SCORE round=140 layer=features.10 mean_q=0.185869 max_q=0.220450 fraction_q_positive=1.000000 sampling_entropy=4.851379 uniform_entropy=4.852030 entropy_gap=0.000651 max_probability_over_uniform=1.093026 min_probability_over_uniform=0.893160
RG_SCORE round=140 layer=features.14 mean_q=0.196832 max_q=0.253233 fraction_q_positive=1.000000 sampling_entropy=5.544130 uniform_entropy=5.545177 entropy_gap=0.001047 max_probability_over_uniform=1.143274 min_probability_over_uniform=0.902341
RG_SCORE round=140 layer=features.17 mean_q=0.184808 max_q=0.228999 fraction_q_positive=1.000000 sampling_entropy=5.544104 uniform_entropy=5.545177 entropy_gap=0.001073 max_probability_over_uniform=1.119561 min_probability_over_uniform=0.872069
RG_SCORE round=140 layer=features.20 mean_q=0.187180 max_q=0.217111 fraction_q_positive=1.000000 sampling_entropy=5.544661 uniform_entropy=5.545177 entropy_gap=0.000517 max_probability_over_uniform=1.079952 min_probability_over_uniform=0.905509
RG_SCORE round=140 layer=features.24 mean_q=0.200396 max_q=0.259553 fraction_q_positive=1.000000 sampling_entropy=6.237409 uniform_entropy=6.238325 entropy_gap=0.000916 max_probability_over_uniform=1.147600 min_probability_over_uniform=0.871413
RG_SCORE round=140 layer=features.27 mean_q=0.182693 max_q=0.244411 fraction_q_positive=1.000000 sampling_entropy=6.237255 uniform_entropy=6.238325 entropy_gap=0.001070 max_probability_over_uniform=1.168910 min_probability_over_uniform=0.857468
RG_SCORE round=140 layer=features.30 mean_q=0.169145 max_q=0.214431 fraction_q_positive=1.000000 sampling_entropy=6.237024 uniform_entropy=6.238325 entropy_gap=0.001301 max_probability_over_uniform=1.133868 min_probability_over_uniform=0.853821
RG_SCORE round=140 layer=features.34 mean_q=0.312766 max_q=0.432800 fraction_q_positive=0.998047 sampling_entropy=6.233527 uniform_entropy=6.238325 entropy_gap=0.004798 max_probability_over_uniform=1.191891 min_probability_over_uniform=0.500000
RG_SCORE round=140 layer=features.37 mean_q=0.252616 max_q=0.429449 fraction_q_positive=0.998047 sampling_entropy=6.224251 uniform_entropy=6.238325 entropy_gap=0.014073 max_probability_over_uniform=1.350003 min_probability_over_uniform=0.500000
RG_SCORE round=140 layer=features.40 mean_q=0.145636 max_q=0.418346 fraction_q_positive=0.974609 sampling_entropy=6.192553 uniform_entropy=6.238325 entropy_gap=0.045771 max_probability_over_uniform=1.936275 min_probability_over_uniform=0.500000
ROUND_ACCURACY method=FedPhoenixRG round=140 accuracy=72.589996
********************************************************************************
Round 140
ROUND_ACCURACY method=FedPhoenixRG round=141 accuracy=76.300003
********************************************************************************
Round 141
ROUND_ACCURACY method=FedPhoenixRG round=142 accuracy=63.169998
********************************************************************************
Round 142
ROUND_ACCURACY method=FedPhoenixRG round=143 accuracy=61.980000
********************************************************************************
Round 143
ROUND_ACCURACY method=FedPhoenixRG round=144 accuracy=74.129997
********************************************************************************
Round 144
ROUND_ACCURACY method=FedPhoenixRG round=145 accuracy=68.779999
********************************************************************************
Round 145
ROUND_ACCURACY method=FedPhoenixRG round=146 accuracy=66.870003
********************************************************************************
Round 146
ROUND_ACCURACY method=FedPhoenixRG round=147 accuracy=70.150002
********************************************************************************
Round 147
ROUND_ACCURACY method=FedPhoenixRG round=148 accuracy=68.580002
********************************************************************************
Round 148
ROUND_ACCURACY method=FedPhoenixRG round=149 accuracy=64.029999
********************************************************************************
Round 149
ROUND_ACCURACY method=FedPhoenixRG round=150 accuracy=75.089996
********************************************************************************
Round 150
ROUND_ACCURACY method=FedPhoenixRG round=151 accuracy=58.139999
********************************************************************************
Round 151
ROUND_ACCURACY method=FedPhoenixRG round=152 accuracy=62.610001
********************************************************************************
Round 152
ROUND_ACCURACY method=FedPhoenixRG round=153 accuracy=73.550003
********************************************************************************
Round 153
ROUND_ACCURACY method=FedPhoenixRG round=154 accuracy=71.699997
********************************************************************************
Round 154
ROUND_ACCURACY method=FedPhoenixRG round=155 accuracy=68.379997
********************************************************************************
Round 155
ROUND_ACCURACY method=FedPhoenixRG round=156 accuracy=72.070000
********************************************************************************
Round 156
ROUND_ACCURACY method=FedPhoenixRG round=157 accuracy=66.650002
********************************************************************************
Round 157
ROUND_ACCURACY method=FedPhoenixRG round=158 accuracy=66.940002
********************************************************************************
Round 158
ROUND_ACCURACY method=FedPhoenixRG round=159 accuracy=69.050003
********************************************************************************
Round 159
RG_SCORE round=160 layer=features.0 mean_q=0.137545 max_q=0.293860 fraction_q_positive=0.968750 sampling_entropy=4.132279 uniform_entropy=4.158883 entropy_gap=0.026605 max_probability_over_uniform=1.568233 min_probability_over_uniform=0.500000
RG_SCORE round=160 layer=features.3 mean_q=0.179190 max_q=0.218723 fraction_q_positive=1.000000 sampling_entropy=4.157172 uniform_entropy=4.158883 entropy_gap=0.001711 max_probability_over_uniform=1.110309 min_probability_over_uniform=0.870567
RG_SCORE round=160 layer=features.7 mean_q=0.180148 max_q=0.218018 fraction_q_positive=1.000000 sampling_entropy=4.850792 uniform_entropy=4.852030 entropy_gap=0.001238 max_probability_over_uniform=1.105110 min_probability_over_uniform=0.883495
RG_SCORE round=160 layer=features.10 mean_q=0.172891 max_q=0.212745 fraction_q_positive=1.000000 sampling_entropy=4.851381 uniform_entropy=4.852030 entropy_gap=0.000650 max_probability_over_uniform=1.115258 min_probability_over_uniform=0.923854
RG_SCORE round=160 layer=features.14 mean_q=0.184153 max_q=0.243547 fraction_q_positive=1.000000 sampling_entropy=5.544307 uniform_entropy=5.545177 entropy_gap=0.000871 max_probability_over_uniform=1.161264 min_probability_over_uniform=0.893121
RG_SCORE round=160 layer=features.17 mean_q=0.175986 max_q=0.220349 fraction_q_positive=1.000000 sampling_entropy=5.544234 uniform_entropy=5.545177 entropy_gap=0.000944 max_probability_over_uniform=1.126043 min_probability_over_uniform=0.886346
RG_SCORE round=160 layer=features.20 mean_q=0.178680 max_q=0.208702 fraction_q_positive=1.000000 sampling_entropy=5.544565 uniform_entropy=5.545177 entropy_gap=0.000613 max_probability_over_uniform=1.084008 min_probability_over_uniform=0.866768
RG_SCORE round=160 layer=features.24 mean_q=0.194722 max_q=0.255350 fraction_q_positive=1.000000 sampling_entropy=6.237545 uniform_entropy=6.238325 entropy_gap=0.000780 max_probability_over_uniform=1.155677 min_probability_over_uniform=0.858659
RG_SCORE round=160 layer=features.27 mean_q=0.180506 max_q=0.241591 fraction_q_positive=1.000000 sampling_entropy=6.237300 uniform_entropy=6.238325 entropy_gap=0.001025 max_probability_over_uniform=1.169206 min_probability_over_uniform=0.877949
RG_SCORE round=160 layer=features.30 mean_q=0.164803 max_q=0.213974 fraction_q_positive=1.000000 sampling_entropy=6.236962 uniform_entropy=6.238325 entropy_gap=0.001363 max_probability_over_uniform=1.149181 min_probability_over_uniform=0.821292
RG_SCORE round=160 layer=features.34 mean_q=0.297421 max_q=0.407928 fraction_q_positive=1.000000 sampling_entropy=6.234237 uniform_entropy=6.238325 entropy_gap=0.004087 max_probability_over_uniform=1.185775 min_probability_over_uniform=0.562271
RG_SCORE round=160 layer=features.37 mean_q=0.266508 max_q=0.471473 fraction_q_positive=0.996094 sampling_entropy=6.225338 uniform_entropy=6.238325 entropy_gap=0.012987 max_probability_over_uniform=1.384538 min_probability_over_uniform=0.500000
RG_SCORE round=160 layer=features.40 mean_q=0.138869 max_q=0.371598 fraction_q_positive=0.943359 sampling_entropy=6.193687 uniform_entropy=6.238325 entropy_gap=0.044637 max_probability_over_uniform=1.837947 min_probability_over_uniform=0.500000
ROUND_ACCURACY method=FedPhoenixRG round=160 accuracy=68.389999
********************************************************************************
Round 160
ROUND_ACCURACY method=FedPhoenixRG round=161 accuracy=76.129997
********************************************************************************
Round 161
ROUND_ACCURACY method=FedPhoenixRG round=162 accuracy=71.080002
********************************************************************************
Round 162
ROUND_ACCURACY method=FedPhoenixRG round=163 accuracy=69.570000
********************************************************************************
Round 163
ROUND_ACCURACY method=FedPhoenixRG round=164 accuracy=68.040001
********************************************************************************
Round 164
ROUND_ACCURACY method=FedPhoenixRG round=165 accuracy=76.080002
********************************************************************************
Round 165
ROUND_ACCURACY method=FedPhoenixRG round=166 accuracy=67.540001
********************************************************************************
Round 166
ROUND_ACCURACY method=FedPhoenixRG round=167 accuracy=66.980003
********************************************************************************
Round 167
ROUND_ACCURACY method=FedPhoenixRG round=168 accuracy=69.980003
********************************************************************************
Round 168
ROUND_ACCURACY method=FedPhoenixRG round=169 accuracy=69.000000
********************************************************************************
Round 169
ROUND_ACCURACY method=FedPhoenixRG round=170 accuracy=60.270000
********************************************************************************
Round 170
ROUND_ACCURACY method=FedPhoenixRG round=171 accuracy=66.050003
********************************************************************************
Round 171
ROUND_ACCURACY method=FedPhoenixRG round=172 accuracy=68.470001
********************************************************************************
Round 172
ROUND_ACCURACY method=FedPhoenixRG round=173 accuracy=62.259998
********************************************************************************
Round 173
ROUND_ACCURACY method=FedPhoenixRG round=174 accuracy=71.389999
********************************************************************************
Round 174
ROUND_ACCURACY method=FedPhoenixRG round=175 accuracy=74.360001
********************************************************************************
Round 175
ROUND_ACCURACY method=FedPhoenixRG round=176 accuracy=72.940002
********************************************************************************
Round 176
ROUND_ACCURACY method=FedPhoenixRG round=177 accuracy=70.139999
********************************************************************************
Round 177
ROUND_ACCURACY method=FedPhoenixRG round=178 accuracy=65.790001
********************************************************************************
Round 178
ROUND_ACCURACY method=FedPhoenixRG round=179 accuracy=74.989998
********************************************************************************
Round 179
RG_SCORE round=180 layer=features.0 mean_q=0.141490 max_q=0.689963 fraction_q_positive=0.906250 sampling_entropy=4.084505 uniform_entropy=4.158883 entropy_gap=0.074379 max_probability_over_uniform=2.938196 min_probability_over_uniform=0.500000
RG_SCORE round=180 layer=features.3 mean_q=0.151472 max_q=0.225858 fraction_q_positive=1.000000 sampling_entropy=4.153915 uniform_entropy=4.158883 entropy_gap=0.004968 max_probability_over_uniform=1.245541 min_probability_over_uniform=0.742278
RG_SCORE round=180 layer=features.7 mean_q=0.170487 max_q=0.232146 fraction_q_positive=1.000000 sampling_entropy=4.849086 uniform_entropy=4.852030 entropy_gap=0.002944 max_probability_over_uniform=1.180834 min_probability_over_uniform=0.773879
RG_SCORE round=180 layer=features.10 mean_q=0.158489 max_q=0.205108 fraction_q_positive=1.000000 sampling_entropy=4.850487 uniform_entropy=4.852030 entropy_gap=0.001543 max_probability_over_uniform=1.147076 min_probability_over_uniform=0.790737
RG_SCORE round=180 layer=features.14 mean_q=0.166579 max_q=0.236241 fraction_q_positive=1.000000 sampling_entropy=5.542835 uniform_entropy=5.545177 entropy_gap=0.002343 max_probability_over_uniform=1.209096 min_probability_over_uniform=0.763734
RG_SCORE round=180 layer=features.17 mean_q=0.159576 max_q=0.218214 fraction_q_positive=1.000000 sampling_entropy=5.543366 uniform_entropy=5.545177 entropy_gap=0.001812 max_probability_over_uniform=1.183730 min_probability_over_uniform=0.834146
RG_SCORE round=180 layer=features.20 mean_q=0.163534 max_q=0.205799 fraction_q_positive=1.000000 sampling_entropy=5.544128 uniform_entropy=5.545177 entropy_gap=0.001050 max_probability_over_uniform=1.129223 min_probability_over_uniform=0.780743
RG_SCORE round=180 layer=features.24 mean_q=0.175907 max_q=0.261979 fraction_q_positive=1.000000 sampling_entropy=6.235420 uniform_entropy=6.238325 entropy_gap=0.002905 max_probability_over_uniform=1.244654 min_probability_over_uniform=0.669078
RG_SCORE round=180 layer=features.27 mean_q=0.164024 max_q=0.229270 fraction_q_positive=1.000000 sampling_entropy=6.234940 uniform_entropy=6.238325 entropy_gap=0.003385 max_probability_over_uniform=1.198891 min_probability_over_uniform=0.669726
RG_SCORE round=180 layer=features.30 mean_q=0.146670 max_q=0.206313 fraction_q_positive=1.000000 sampling_entropy=6.234287 uniform_entropy=6.238325 entropy_gap=0.004038 max_probability_over_uniform=1.203324 min_probability_over_uniform=0.608961
RG_SCORE round=180 layer=features.34 mean_q=0.270865 max_q=0.437576 fraction_q_positive=0.990234 sampling_entropy=6.227591 uniform_entropy=6.238325 entropy_gap=0.010733 max_probability_over_uniform=1.307740 min_probability_over_uniform=0.500000
RG_SCORE round=180 layer=features.37 mean_q=0.226454 max_q=0.439438 fraction_q_positive=0.994141 sampling_entropy=6.219930 uniform_entropy=6.238325 entropy_gap=0.018395 max_probability_over_uniform=1.470260 min_probability_over_uniform=0.500000
RG_SCORE round=180 layer=features.40 mean_q=0.120181 max_q=0.428305 fraction_q_positive=0.916016 sampling_entropy=6.176559 uniform_entropy=6.238325 entropy_gap=0.061766 max_probability_over_uniform=2.281921 min_probability_over_uniform=0.500000
ROUND_ACCURACY method=FedPhoenixRG round=180 accuracy=71.459999
********************************************************************************
Round 180
ROUND_ACCURACY method=FedPhoenixRG round=181 accuracy=74.720001
********************************************************************************
Round 181
ROUND_ACCURACY method=FedPhoenixRG round=182 accuracy=63.889999
********************************************************************************
Round 182
ROUND_ACCURACY method=FedPhoenixRG round=183 accuracy=76.610001
********************************************************************************
Round 183
ROUND_ACCURACY method=FedPhoenixRG round=184 accuracy=73.889999
********************************************************************************
Round 184
ROUND_ACCURACY method=FedPhoenixRG round=185 accuracy=75.680000
********************************************************************************
Round 185
ROUND_ACCURACY method=FedPhoenixRG round=186 accuracy=73.070000
********************************************************************************
Round 186
ROUND_ACCURACY method=FedPhoenixRG round=187 accuracy=70.550003
********************************************************************************
Round 187
ROUND_ACCURACY method=FedPhoenixRG round=188 accuracy=73.419998
********************************************************************************
Round 188
ROUND_ACCURACY method=FedPhoenixRG round=189 accuracy=68.739998
********************************************************************************
Round 189
ROUND_ACCURACY method=FedPhoenixRG round=190 accuracy=67.480003
********************************************************************************
Round 190
ROUND_ACCURACY method=FedPhoenixRG round=191 accuracy=63.169998
********************************************************************************
Round 191
ROUND_ACCURACY method=FedPhoenixRG round=192 accuracy=73.430000
********************************************************************************
Round 192
ROUND_ACCURACY method=FedPhoenixRG round=193 accuracy=74.949997
********************************************************************************
Round 193
ROUND_ACCURACY method=FedPhoenixRG round=194 accuracy=70.440002
********************************************************************************
Round 194
ROUND_ACCURACY method=FedPhoenixRG round=195 accuracy=73.400002
********************************************************************************
Round 195
ROUND_ACCURACY method=FedPhoenixRG round=196 accuracy=76.760002
********************************************************************************
Round 196
ROUND_ACCURACY method=FedPhoenixRG round=197 accuracy=67.169998
********************************************************************************
Round 197
ROUND_ACCURACY method=FedPhoenixRG round=198 accuracy=70.570000
********************************************************************************
Round 198
ROUND_ACCURACY method=FedPhoenixRG round=199 accuracy=62.549999
********************************************************************************
Round 199
RG_SCORE round=200 layer=features.0 mean_q=0.150802 max_q=0.370267 fraction_q_positive=0.968750 sampling_entropy=4.124257 uniform_entropy=4.158883 entropy_gap=0.034626 max_probability_over_uniform=1.727663 min_probability_over_uniform=0.500000
RG_SCORE round=200 layer=features.3 mean_q=0.188817 max_q=0.231892 fraction_q_positive=1.000000 sampling_entropy=4.157249 uniform_entropy=4.158883 entropy_gap=0.001634 max_probability_over_uniform=1.114068 min_probability_over_uniform=0.845929
RG_SCORE round=200 layer=features.7 mean_q=0.194349 max_q=0.247046 fraction_q_positive=1.000000 sampling_entropy=4.850675 uniform_entropy=4.852030 entropy_gap=0.001356 max_probability_over_uniform=1.135573 min_probability_over_uniform=0.851602
RG_SCORE round=200 layer=features.10 mean_q=0.176010 max_q=0.200060 fraction_q_positive=1.000000 sampling_entropy=4.851372 uniform_entropy=4.852030 entropy_gap=0.000659 max_probability_over_uniform=1.068320 min_probability_over_uniform=0.876418
RG_SCORE round=200 layer=features.14 mean_q=0.185848 max_q=0.256883 fraction_q_positive=1.000000 sampling_entropy=5.544045 uniform_entropy=5.545177 entropy_gap=0.001132 max_probability_over_uniform=1.191110 min_probability_over_uniform=0.896108
RG_SCORE round=200 layer=features.17 mean_q=0.176361 max_q=0.222706 fraction_q_positive=1.000000 sampling_entropy=5.543955 uniform_entropy=5.545177 entropy_gap=0.001223 max_probability_over_uniform=1.131391 min_probability_over_uniform=0.862036
RG_SCORE round=200 layer=features.20 mean_q=0.175407 max_q=0.212396 fraction_q_positive=1.000000 sampling_entropy=5.544538 uniform_entropy=5.545177 entropy_gap=0.000639 max_probability_over_uniform=1.105436 min_probability_over_uniform=0.899948
RG_SCORE round=200 layer=features.24 mean_q=0.193722 max_q=0.248413 fraction_q_positive=1.000000 sampling_entropy=6.237312 uniform_entropy=6.238325 entropy_gap=0.001012 max_probability_over_uniform=1.141158 min_probability_over_uniform=0.799524
RG_SCORE round=200 layer=features.27 mean_q=0.186062 max_q=0.245450 fraction_q_positive=1.000000 sampling_entropy=6.237163 uniform_entropy=6.238325 entropy_gap=0.001161 max_probability_over_uniform=1.159591 min_probability_over_uniform=0.853129
RG_SCORE round=200 layer=features.30 mean_q=0.166911 max_q=0.208794 fraction_q_positive=1.000000 sampling_entropy=6.236901 uniform_entropy=6.238325 entropy_gap=0.001423 max_probability_over_uniform=1.125466 min_probability_over_uniform=0.834370
RG_SCORE round=200 layer=features.34 mean_q=0.297162 max_q=0.427927 fraction_q_positive=0.998047 sampling_entropy=6.231212 uniform_entropy=6.238325 entropy_gap=0.007113 max_probability_over_uniform=1.220023 min_probability_over_uniform=0.500000
RG_SCORE round=200 layer=features.37 mean_q=0.233323 max_q=0.451363 fraction_q_positive=0.996094 sampling_entropy=6.220403 uniform_entropy=6.238325 entropy_gap=0.017922 max_probability_over_uniform=1.467251 min_probability_over_uniform=0.500000
RG_SCORE round=200 layer=features.40 mean_q=0.112310 max_q=0.366832 fraction_q_positive=0.933594 sampling_entropy=6.180552 uniform_entropy=6.238325 entropy_gap=0.057773 max_probability_over_uniform=2.133121 min_probability_over_uniform=0.500000
ROUND_ACCURACY method=FedPhoenixRG round=200 accuracy=56.139999
********************************************************************************
Round 200
ROUND_ACCURACY method=FedPhoenixRG round=201 accuracy=70.110001
********************************************************************************
Round 201
ROUND_ACCURACY method=FedPhoenixRG round=202 accuracy=71.480003
********************************************************************************
Round 202
ROUND_ACCURACY method=FedPhoenixRG round=203 accuracy=61.369999
********************************************************************************
Round 203
ROUND_ACCURACY method=FedPhoenixRG round=204 accuracy=73.529999
********************************************************************************
Round 204
ROUND_ACCURACY method=FedPhoenixRG round=205 accuracy=71.099998
********************************************************************************
Round 205
ROUND_ACCURACY method=FedPhoenixRG round=206 accuracy=75.330002
********************************************************************************
Round 206
ROUND_ACCURACY method=FedPhoenixRG round=207 accuracy=75.050003
********************************************************************************
Round 207
ROUND_ACCURACY method=FedPhoenixRG round=208 accuracy=73.550003
********************************************************************************
Round 208
ROUND_ACCURACY method=FedPhoenixRG round=209 accuracy=69.540001
********************************************************************************
Round 209
ROUND_ACCURACY method=FedPhoenixRG round=210 accuracy=74.940002
********************************************************************************
Round 210
ROUND_ACCURACY method=FedPhoenixRG round=211 accuracy=67.849998
********************************************************************************
Round 211
ROUND_ACCURACY method=FedPhoenixRG round=212 accuracy=76.250000
********************************************************************************
Round 212
ROUND_ACCURACY method=FedPhoenixRG round=213 accuracy=70.400002
********************************************************************************
Round 213
ROUND_ACCURACY method=FedPhoenixRG round=214 accuracy=74.790001
********************************************************************************
Round 214
ROUND_ACCURACY method=FedPhoenixRG round=215 accuracy=74.870003
********************************************************************************
Round 215
ROUND_ACCURACY method=FedPhoenixRG round=216 accuracy=72.300003
********************************************************************************
Round 216
ROUND_ACCURACY method=FedPhoenixRG round=217 accuracy=64.019997
********************************************************************************
Round 217
ROUND_ACCURACY method=FedPhoenixRG round=218 accuracy=78.459999
********************************************************************************
Round 218
ROUND_ACCURACY method=FedPhoenixRG round=219 accuracy=72.410004
********************************************************************************
Round 219
RG_SCORE round=220 layer=features.0 mean_q=0.154433 max_q=0.330961 fraction_q_positive=0.937500 sampling_entropy=4.124194 uniform_entropy=4.158883 entropy_gap=0.034690 max_probability_over_uniform=1.571533 min_probability_over_uniform=0.500000
RG_SCORE round=220 layer=features.3 mean_q=0.183051 max_q=0.222749 fraction_q_positive=1.000000 sampling_entropy=4.157149 uniform_entropy=4.158883 entropy_gap=0.001734 max_probability_over_uniform=1.108433 min_probability_over_uniform=0.848928
RG_SCORE round=220 layer=features.7 mean_q=0.181250 max_q=0.242999 fraction_q_positive=1.000000 sampling_entropy=4.850133 uniform_entropy=4.852030 entropy_gap=0.001897 max_probability_over_uniform=1.170341 min_probability_over_uniform=0.807082
RG_SCORE round=220 layer=features.10 mean_q=0.162330 max_q=0.198455 fraction_q_positive=1.000000 sampling_entropy=4.851112 uniform_entropy=4.852030 entropy_gap=0.000919 max_probability_over_uniform=1.111269 min_probability_over_uniform=0.870642
RG_SCORE round=220 layer=features.14 mean_q=0.174562 max_q=0.239379 fraction_q_positive=1.000000 sampling_entropy=5.543876 uniform_entropy=5.545177 entropy_gap=0.001301 max_probability_over_uniform=1.185656 min_probability_over_uniform=0.863180
RG_SCORE round=220 layer=features.17 mean_q=0.162516 max_q=0.207317 fraction_q_positive=1.000000 sampling_entropy=5.543886 uniform_entropy=5.545177 entropy_gap=0.001292 max_probability_over_uniform=1.137833 min_probability_over_uniform=0.855510
RG_SCORE round=220 layer=features.20 mean_q=0.165134 max_q=0.206900 fraction_q_positive=1.000000 sampling_entropy=5.544366 uniform_entropy=5.545177 entropy_gap=0.000812 max_probability_over_uniform=1.126460 min_probability_over_uniform=0.907209
RG_SCORE round=220 layer=features.24 mean_q=0.183980 max_q=0.232022 fraction_q_positive=1.000000 sampling_entropy=6.237245 uniform_entropy=6.238325 entropy_gap=0.001079 max_probability_over_uniform=1.130563 min_probability_over_uniform=0.838037
RG_SCORE round=220 layer=features.27 mean_q=0.177168 max_q=0.230280 fraction_q_positive=1.000000 sampling_entropy=6.236890 uniform_entropy=6.238325 entropy_gap=0.001435 max_probability_over_uniform=1.149892 min_probability_over_uniform=0.795426
RG_SCORE round=220 layer=features.30 mean_q=0.156074 max_q=0.205820 fraction_q_positive=1.000000 sampling_entropy=6.236437 uniform_entropy=6.238325 entropy_gap=0.001888 max_probability_over_uniform=1.159367 min_probability_over_uniform=0.778473
RG_SCORE round=220 layer=features.34 mean_q=0.277610 max_q=0.444669 fraction_q_positive=0.992188 sampling_entropy=6.228168 uniform_entropy=6.238325 entropy_gap=0.010157 max_probability_over_uniform=1.300890 min_probability_over_uniform=0.500000
RG_SCORE round=220 layer=features.37 mean_q=0.246110 max_q=0.494184 fraction_q_positive=0.994141 sampling_entropy=6.220517 uniform_entropy=6.238325 entropy_gap=0.017807 max_probability_over_uniform=1.503991 min_probability_over_uniform=0.500000
RG_SCORE round=220 layer=features.40 mean_q=0.143835 max_q=0.542628 fraction_q_positive=0.898438 sampling_entropy=6.178335 uniform_entropy=6.238325 entropy_gap=0.059989 max_probability_over_uniform=2.386289 min_probability_over_uniform=0.500000
ROUND_ACCURACY method=FedPhoenixRG round=220 accuracy=69.739998
********************************************************************************
Round 220
ROUND_ACCURACY method=FedPhoenixRG round=221 accuracy=70.379997
********************************************************************************
Round 221
ROUND_ACCURACY method=FedPhoenixRG round=222 accuracy=67.820000
********************************************************************************
Round 222
ROUND_ACCURACY method=FedPhoenixRG round=223 accuracy=74.160004
********************************************************************************
Round 223
ROUND_ACCURACY method=FedPhoenixRG round=224 accuracy=76.269997
********************************************************************************
Round 224
ROUND_ACCURACY method=FedPhoenixRG round=225 accuracy=72.669998
********************************************************************************
Round 225
ROUND_ACCURACY method=FedPhoenixRG round=226 accuracy=63.450001
********************************************************************************
Round 226
ROUND_ACCURACY method=FedPhoenixRG round=227 accuracy=74.400002
********************************************************************************
Round 227
ROUND_ACCURACY method=FedPhoenixRG round=228 accuracy=68.519997
********************************************************************************
Round 228
ROUND_ACCURACY method=FedPhoenixRG round=229 accuracy=62.740002
********************************************************************************
Round 229
ROUND_ACCURACY method=FedPhoenixRG round=230 accuracy=76.730003
********************************************************************************
Round 230
ROUND_ACCURACY method=FedPhoenixRG round=231 accuracy=74.620003
********************************************************************************
Round 231
ROUND_ACCURACY method=FedPhoenixRG round=232 accuracy=78.019997
********************************************************************************
Round 232
ROUND_ACCURACY method=FedPhoenixRG round=233 accuracy=73.540001
********************************************************************************
Round 233
ROUND_ACCURACY method=FedPhoenixRG round=234 accuracy=53.700001
********************************************************************************
Round 234
ROUND_ACCURACY method=FedPhoenixRG round=235 accuracy=62.230000
********************************************************************************
Round 235
ROUND_ACCURACY method=FedPhoenixRG round=236 accuracy=76.110001
********************************************************************************
Round 236
ROUND_ACCURACY method=FedPhoenixRG round=237 accuracy=71.190002
********************************************************************************
Round 237
ROUND_ACCURACY method=FedPhoenixRG round=238 accuracy=68.809998
********************************************************************************
Round 238
ROUND_ACCURACY method=FedPhoenixRG round=239 accuracy=75.040001
********************************************************************************
Round 239
RG_SCORE round=240 layer=features.0 mean_q=0.145609 max_q=0.413286 fraction_q_positive=0.890625 sampling_entropy=4.089457 uniform_entropy=4.158883 entropy_gap=0.069426 max_probability_over_uniform=1.919163 min_probability_over_uniform=0.500000
RG_SCORE round=240 layer=features.3 mean_q=0.150767 max_q=0.205393 fraction_q_positive=1.000000 sampling_entropy=4.155832 uniform_entropy=4.158883 entropy_gap=0.003051 max_probability_over_uniform=1.181160 min_probability_over_uniform=0.851410
RG_SCORE round=240 layer=features.7 mean_q=0.159869 max_q=0.207024 fraction_q_positive=1.000000 sampling_entropy=4.849743 uniform_entropy=4.852030 entropy_gap=0.002287 max_probability_over_uniform=1.147478 min_probability_over_uniform=0.808647
RG_SCORE round=240 layer=features.10 mean_q=0.150420 max_q=0.191194 fraction_q_positive=1.000000 sampling_entropy=4.850550 uniform_entropy=4.852030 entropy_gap=0.001480 max_probability_over_uniform=1.135532 min_probability_over_uniform=0.861185
RG_SCORE round=240 layer=features.14 mean_q=0.157829 max_q=0.208487 fraction_q_positive=1.000000 sampling_entropy=5.543515 uniform_entropy=5.545177 entropy_gap=0.001662 max_probability_over_uniform=1.160486 min_probability_over_uniform=0.834989
RG_SCORE round=240 layer=features.17 mean_q=0.153325 max_q=0.208982 fraction_q_positive=1.000000 sampling_entropy=5.543581 uniform_entropy=5.545177 entropy_gap=0.001597 max_probability_over_uniform=1.181498 min_probability_over_uniform=0.813327
RG_SCORE round=240 layer=features.20 mean_q=0.156203 max_q=0.192158 fraction_q_positive=1.000000 sampling_entropy=5.544260 uniform_entropy=5.545177 entropy_gap=0.000917 max_probability_over_uniform=1.115089 min_probability_over_uniform=0.837513
RG_SCORE round=240 layer=features.24 mean_q=0.175837 max_q=0.235586 fraction_q_positive=1.000000 sampling_entropy=6.236871 uniform_entropy=6.238325 entropy_gap=0.001454 max_probability_over_uniform=1.169897 min_probability_over_uniform=0.817605
RG_SCORE round=240 layer=features.27 mean_q=0.171028 max_q=0.245046 fraction_q_positive=1.000000 sampling_entropy=6.236710 uniform_entropy=6.238325 entropy_gap=0.001615 max_probability_over_uniform=1.216391 min_probability_over_uniform=0.849264
RG_SCORE round=240 layer=features.30 mean_q=0.154277 max_q=0.208890 fraction_q_positive=1.000000 sampling_entropy=6.236681 uniform_entropy=6.238325 entropy_gap=0.001643 max_probability_over_uniform=1.176999 min_probability_over_uniform=0.807017
RG_SCORE round=240 layer=features.34 mean_q=0.291535 max_q=0.429463 fraction_q_positive=0.998047 sampling_entropy=6.231445 uniform_entropy=6.238325 entropy_gap=0.006880 max_probability_over_uniform=1.236554 min_probability_over_uniform=0.500000
RG_SCORE round=240 layer=features.37 mean_q=0.242139 max_q=0.465552 fraction_q_positive=0.988281 sampling_entropy=6.218087 uniform_entropy=6.238325 entropy_gap=0.020238 max_probability_over_uniform=1.461330 min_probability_over_uniform=0.500000
RG_SCORE round=240 layer=features.40 mean_q=0.129622 max_q=0.441750 fraction_q_positive=0.851562 sampling_entropy=6.162455 uniform_entropy=6.238325 entropy_gap=0.075870 max_probability_over_uniform=2.203993 min_probability_over_uniform=0.500000
ROUND_ACCURACY method=FedPhoenixRG round=240 accuracy=66.410004
********************************************************************************
Round 240
ROUND_ACCURACY method=FedPhoenixRG round=241 accuracy=75.279999
********************************************************************************
Round 241
ROUND_ACCURACY method=FedPhoenixRG round=242 accuracy=74.220001
********************************************************************************
Round 242
ROUND_ACCURACY method=FedPhoenixRG round=243 accuracy=74.019997
********************************************************************************
Round 243
ROUND_ACCURACY method=FedPhoenixRG round=244 accuracy=73.309998
********************************************************************************
Round 244
ROUND_ACCURACY method=FedPhoenixRG round=245 accuracy=75.290001
********************************************************************************
Round 245
ROUND_ACCURACY method=FedPhoenixRG round=246 accuracy=74.919998
********************************************************************************
Round 246
ROUND_ACCURACY method=FedPhoenixRG round=247 accuracy=53.160000
********************************************************************************
Round 247
ROUND_ACCURACY method=FedPhoenixRG round=248 accuracy=71.199997
********************************************************************************
Round 248
ROUND_ACCURACY method=FedPhoenixRG round=249 accuracy=70.720001
********************************************************************************
Round 249
ROUND_ACCURACY method=FedPhoenixRG round=250 accuracy=72.379997
********************************************************************************
Round 250
ROUND_ACCURACY method=FedPhoenixRG round=251 accuracy=77.470001
********************************************************************************
Round 251
ROUND_ACCURACY method=FedPhoenixRG round=252 accuracy=74.430000
********************************************************************************
Round 252
ROUND_ACCURACY method=FedPhoenixRG round=253 accuracy=68.230003
********************************************************************************
Round 253
ROUND_ACCURACY method=FedPhoenixRG round=254 accuracy=68.430000
********************************************************************************
Round 254
ROUND_ACCURACY method=FedPhoenixRG round=255 accuracy=77.889999
********************************************************************************
Round 255
ROUND_ACCURACY method=FedPhoenixRG round=256 accuracy=71.779999
********************************************************************************
Round 256
ROUND_ACCURACY method=FedPhoenixRG round=257 accuracy=75.040001
********************************************************************************
Round 257
ROUND_ACCURACY method=FedPhoenixRG round=258 accuracy=73.589996
********************************************************************************
Round 258
ROUND_ACCURACY method=FedPhoenixRG round=259 accuracy=74.889999
********************************************************************************
Round 259
RG_SCORE round=260 layer=features.0 mean_q=0.148569 max_q=0.377055 fraction_q_positive=0.968750 sampling_entropy=4.116972 uniform_entropy=4.158883 entropy_gap=0.041911 max_probability_over_uniform=1.768953 min_probability_over_uniform=0.500000
RG_SCORE round=260 layer=features.3 mean_q=0.180444 max_q=0.205795 fraction_q_positive=1.000000 sampling_entropy=4.157934 uniform_entropy=4.158883 entropy_gap=0.000949 max_probability_over_uniform=1.070247 min_probability_over_uniform=0.895752
RG_SCORE round=260 layer=features.7 mean_q=0.185094 max_q=0.229387 fraction_q_positive=1.000000 sampling_entropy=4.851072 uniform_entropy=4.852030 entropy_gap=0.000959 max_probability_over_uniform=1.119649 min_probability_over_uniform=0.838800
RG_SCORE round=260 layer=features.10 mean_q=0.177282 max_q=0.210542 fraction_q_positive=1.000000 sampling_entropy=4.851235 uniform_entropy=4.852030 entropy_gap=0.000795 max_probability_over_uniform=1.093804 min_probability_over_uniform=0.883048
RG_SCORE round=260 layer=features.14 mean_q=0.177164 max_q=0.226097 fraction_q_positive=1.000000 sampling_entropy=5.544110 uniform_entropy=5.545177 entropy_gap=0.001068 max_probability_over_uniform=1.138101 min_probability_over_uniform=0.901524
RG_SCORE round=260 layer=features.17 mean_q=0.169864 max_q=0.223395 fraction_q_positive=1.000000 sampling_entropy=5.543878 uniform_entropy=5.545177 entropy_gap=0.001300 max_probability_over_uniform=1.157571 min_probability_over_uniform=0.856313
RG_SCORE round=260 layer=features.20 mean_q=0.167414 max_q=0.206362 fraction_q_positive=1.000000 sampling_entropy=5.544556 uniform_entropy=5.545177 entropy_gap=0.000621 max_probability_over_uniform=1.116324 min_probability_over_uniform=0.901320
RG_SCORE round=260 layer=features.24 mean_q=0.189367 max_q=0.240826 fraction_q_positive=1.000000 sampling_entropy=6.237455 uniform_entropy=6.238325 entropy_gap=0.000870 max_probability_over_uniform=1.135868 min_probability_over_uniform=0.888059
RG_SCORE round=260 layer=features.27 mean_q=0.187159 max_q=0.249887 fraction_q_positive=1.000000 sampling_entropy=6.237193 uniform_entropy=6.238325 entropy_gap=0.001132 max_probability_over_uniform=1.167581 min_probability_over_uniform=0.875513
RG_SCORE round=260 layer=features.30 mean_q=0.168853 max_q=0.208945 fraction_q_positive=1.000000 sampling_entropy=6.237285 uniform_entropy=6.238325 entropy_gap=0.001040 max_probability_over_uniform=1.118721 min_probability_over_uniform=0.841940
RG_SCORE round=260 layer=features.34 mean_q=0.344456 max_q=0.453904 fraction_q_positive=1.000000 sampling_entropy=6.236437 uniform_entropy=6.238325 entropy_gap=0.001888 max_probability_over_uniform=1.158871 min_probability_over_uniform=0.722842
RG_SCORE round=260 layer=features.37 mean_q=0.389970 max_q=0.525906 fraction_q_positive=1.000000 sampling_entropy=6.236215 uniform_entropy=6.238325 entropy_gap=0.002109 max_probability_over_uniform=1.174289 min_probability_over_uniform=0.701922
RG_SCORE round=260 layer=features.40 mean_q=0.309951 max_q=0.572835 fraction_q_positive=0.998047 sampling_entropy=6.221176 uniform_entropy=6.238325 entropy_gap=0.017149 max_probability_over_uniform=1.424072 min_probability_over_uniform=0.500000
ROUND_ACCURACY method=FedPhoenixRG round=260 accuracy=76.720001
********************************************************************************
Round 260
ROUND_ACCURACY method=FedPhoenixRG round=261 accuracy=75.239998
********************************************************************************
Round 261
ROUND_ACCURACY method=FedPhoenixRG round=262 accuracy=75.620003
********************************************************************************
Round 262
ROUND_ACCURACY method=FedPhoenixRG round=263 accuracy=67.949997
********************************************************************************
Round 263
ROUND_ACCURACY method=FedPhoenixRG round=264 accuracy=70.839996
********************************************************************************
Round 264
ROUND_ACCURACY method=FedPhoenixRG round=265 accuracy=74.660004
********************************************************************************
Round 265
ROUND_ACCURACY method=FedPhoenixRG round=266 accuracy=74.559998
********************************************************************************
Round 266
ROUND_ACCURACY method=FedPhoenixRG round=267 accuracy=70.379997
********************************************************************************
Round 267
ROUND_ACCURACY method=FedPhoenixRG round=268 accuracy=51.840000
********************************************************************************
Round 268
ROUND_ACCURACY method=FedPhoenixRG round=269 accuracy=73.169998
********************************************************************************
Round 269
ROUND_ACCURACY method=FedPhoenixRG round=270 accuracy=63.900002
********************************************************************************
Round 270
ROUND_ACCURACY method=FedPhoenixRG round=271 accuracy=69.699997
********************************************************************************
Round 271
ROUND_ACCURACY method=FedPhoenixRG round=272 accuracy=60.779999
********************************************************************************
Round 272
ROUND_ACCURACY method=FedPhoenixRG round=273 accuracy=67.480003
********************************************************************************
Round 273
ROUND_ACCURACY method=FedPhoenixRG round=274 accuracy=53.560001
********************************************************************************
Round 274
ROUND_ACCURACY method=FedPhoenixRG round=275 accuracy=75.449997
********************************************************************************
Round 275
ROUND_ACCURACY method=FedPhoenixRG round=276 accuracy=68.760002
********************************************************************************
Round 276
ROUND_ACCURACY method=FedPhoenixRG round=277 accuracy=77.900002
********************************************************************************
Round 277
ROUND_ACCURACY method=FedPhoenixRG round=278 accuracy=70.650002
********************************************************************************
Round 278
ROUND_ACCURACY method=FedPhoenixRG round=279 accuracy=78.099998
********************************************************************************
Round 279
RG_SCORE round=280 layer=features.0 mean_q=0.136810 max_q=0.304819 fraction_q_positive=0.953125 sampling_entropy=4.112375 uniform_entropy=4.158883 entropy_gap=0.046508 max_probability_over_uniform=1.614024 min_probability_over_uniform=0.500000
RG_SCORE round=280 layer=features.3 mean_q=0.159589 max_q=0.203100 fraction_q_positive=1.000000 sampling_entropy=4.157282 uniform_entropy=4.158883 entropy_gap=0.001602 max_probability_over_uniform=1.136323 min_probability_over_uniform=0.881132
RG_SCORE round=280 layer=features.7 mean_q=0.169314 max_q=0.218036 fraction_q_positive=1.000000 sampling_entropy=4.850657 uniform_entropy=4.852030 entropy_gap=0.001373 max_probability_over_uniform=1.143881 min_probability_over_uniform=0.885908
RG_SCORE round=280 layer=features.10 mean_q=0.161127 max_q=0.189577 fraction_q_positive=1.000000 sampling_entropy=4.851178 uniform_entropy=4.852030 entropy_gap=0.000852 max_probability_over_uniform=1.088283 min_probability_over_uniform=0.903367
RG_SCORE round=280 layer=features.14 mean_q=0.156539 max_q=0.206798 fraction_q_positive=1.000000 sampling_entropy=5.543739 uniform_entropy=5.545177 entropy_gap=0.001438 max_probability_over_uniform=1.160532 min_probability_over_uniform=0.840201
RG_SCORE round=280 layer=features.17 mean_q=0.151219 max_q=0.199243 fraction_q_positive=1.000000 sampling_entropy=5.543760 uniform_entropy=5.545177 entropy_gap=0.001418 max_probability_over_uniform=1.158790 min_probability_over_uniform=0.847002
RG_SCORE round=280 layer=features.20 mean_q=0.148559 max_q=0.191857 fraction_q_positive=1.000000 sampling_entropy=5.544132 uniform_entropy=5.545177 entropy_gap=0.001046 max_probability_over_uniform=1.145727 min_probability_over_uniform=0.867337
RG_SCORE round=280 layer=features.24 mean_q=0.162251 max_q=0.223892 fraction_q_positive=1.000000 sampling_entropy=6.236471 uniform_entropy=6.238325 entropy_gap=0.001854 max_probability_over_uniform=1.189953 min_probability_over_uniform=0.814570
RG_SCORE round=280 layer=features.27 mean_q=0.156325 max_q=0.210424 fraction_q_positive=1.000000 sampling_entropy=6.236464 uniform_entropy=6.238325 entropy_gap=0.001861 max_probability_over_uniform=1.173035 min_probability_over_uniform=0.766394
RG_SCORE round=280 layer=features.30 mean_q=0.134619 max_q=0.182510 fraction_q_positive=1.000000 sampling_entropy=6.236029 uniform_entropy=6.238325 entropy_gap=0.002295 max_probability_over_uniform=1.177878 min_probability_over_uniform=0.766984
RG_SCORE round=280 layer=features.34 mean_q=0.245677 max_q=0.372530 fraction_q_positive=1.000000 sampling_entropy=6.230972 uniform_entropy=6.238325 entropy_gap=0.007353 max_probability_over_uniform=1.258170 min_probability_over_uniform=0.546061
RG_SCORE round=280 layer=features.37 mean_q=0.218315 max_q=0.398261 fraction_q_positive=1.000000 sampling_entropy=6.226371 uniform_entropy=6.238325 entropy_gap=0.011954 max_probability_over_uniform=1.412124 min_probability_over_uniform=0.518212
RG_SCORE round=280 layer=features.40 mean_q=0.110451 max_q=0.294802 fraction_q_positive=0.972656 sampling_entropy=6.195833 uniform_entropy=6.238325 entropy_gap=0.042491 max_probability_over_uniform=1.834540 min_probability_over_uniform=0.500000
ROUND_ACCURACY method=FedPhoenixRG round=280 accuracy=73.250000
********************************************************************************
Round 280
ROUND_ACCURACY method=FedPhoenixRG round=281 accuracy=70.209999
********************************************************************************
Round 281
ROUND_ACCURACY method=FedPhoenixRG round=282 accuracy=64.870003
********************************************************************************
Round 282
ROUND_ACCURACY method=FedPhoenixRG round=283 accuracy=75.250000
********************************************************************************
Round 283
ROUND_ACCURACY method=FedPhoenixRG round=284 accuracy=70.559998
********************************************************************************
Round 284
ROUND_ACCURACY method=FedPhoenixRG round=285 accuracy=74.930000
********************************************************************************
Round 285
ROUND_ACCURACY method=FedPhoenixRG round=286 accuracy=36.349998
********************************************************************************
Round 286
ROUND_ACCURACY method=FedPhoenixRG round=287 accuracy=71.400002
********************************************************************************
Round 287
ROUND_ACCURACY method=FedPhoenixRG round=288 accuracy=70.389999
********************************************************************************
Round 288
ROUND_ACCURACY method=FedPhoenixRG round=289 accuracy=72.879997
********************************************************************************
Round 289
ROUND_ACCURACY method=FedPhoenixRG round=290 accuracy=76.970001
********************************************************************************
Round 290
ROUND_ACCURACY method=FedPhoenixRG round=291 accuracy=75.870003
********************************************************************************
Round 291
ROUND_ACCURACY method=FedPhoenixRG round=292 accuracy=71.510002
********************************************************************************
Round 292
ROUND_ACCURACY method=FedPhoenixRG round=293 accuracy=74.269997
********************************************************************************
Round 293
ROUND_ACCURACY method=FedPhoenixRG round=294 accuracy=72.900002
********************************************************************************
Round 294
ROUND_ACCURACY method=FedPhoenixRG round=295 accuracy=66.400002
********************************************************************************
Round 295
ROUND_ACCURACY method=FedPhoenixRG round=296 accuracy=72.599998
********************************************************************************
Round 296
ROUND_ACCURACY method=FedPhoenixRG round=297 accuracy=74.650002
********************************************************************************
Round 297
ROUND_ACCURACY method=FedPhoenixRG round=298 accuracy=67.519997
********************************************************************************
Round 298
ROUND_ACCURACY method=FedPhoenixRG round=299 accuracy=72.760002
********************************************************************************
Round 299
RG_SCORE round=300 layer=features.0 mean_q=0.112115 max_q=0.575565 fraction_q_positive=0.625000 sampling_entropy=3.987210 uniform_entropy=4.158883 entropy_gap=0.171673 max_probability_over_uniform=3.066851 min_probability_over_uniform=0.500000
RG_SCORE round=300 layer=features.3 mean_q=0.085080 max_q=0.230739 fraction_q_positive=0.859375 sampling_entropy=4.093199 uniform_entropy=4.158883 entropy_gap=0.065684 max_probability_over_uniform=1.856007 min_probability_over_uniform=0.500000
RG_SCORE round=300 layer=features.7 mean_q=0.104076 max_q=0.199531 fraction_q_positive=0.984375 sampling_entropy=4.825879 uniform_entropy=4.852030 entropy_gap=0.026151 max_probability_over_uniform=1.458583 min_probability_over_uniform=0.500000
RG_SCORE round=300 layer=features.10 mean_q=0.109419 max_q=0.190565 fraction_q_positive=1.000000 sampling_entropy=4.841668 uniform_entropy=4.852030 entropy_gap=0.010363 max_probability_over_uniform=1.370804 min_probability_over_uniform=0.585448
RG_SCORE round=300 layer=features.14 mean_q=0.114470 max_q=0.204249 fraction_q_positive=1.000000 sampling_entropy=5.535633 uniform_entropy=5.545177 entropy_gap=0.009545 max_probability_over_uniform=1.392148 min_probability_over_uniform=0.565597
RG_SCORE round=300 layer=features.17 mean_q=0.115146 max_q=0.173135 fraction_q_positive=1.000000 sampling_entropy=5.539561 uniform_entropy=5.545177 entropy_gap=0.005616 max_probability_over_uniform=1.251811 min_probability_over_uniform=0.642562
RG_SCORE round=300 layer=features.20 mean_q=0.118181 max_q=0.162069 fraction_q_positive=1.000000 sampling_entropy=5.542391 uniform_entropy=5.545177 entropy_gap=0.002787 max_probability_over_uniform=1.185680 min_probability_over_uniform=0.775469
RG_SCORE round=300 layer=features.24 mean_q=0.134857 max_q=0.209633 fraction_q_positive=1.000000 sampling_entropy=6.233575 uniform_entropy=6.238325 entropy_gap=0.004750 max_probability_over_uniform=1.277243 min_probability_over_uniform=0.690872
RG_SCORE round=300 layer=features.27 mean_q=0.130971 max_q=0.197251 fraction_q_positive=1.000000 sampling_entropy=6.231885 uniform_entropy=6.238325 entropy_gap=0.006440 max_probability_over_uniform=1.253029 min_probability_over_uniform=0.607341
RG_SCORE round=300 layer=features.30 mean_q=0.117440 max_q=0.167305 fraction_q_positive=1.000000 sampling_entropy=6.233600 uniform_entropy=6.238325 entropy_gap=0.004724 max_probability_over_uniform=1.212302 min_probability_over_uniform=0.581225
RG_SCORE round=300 layer=features.34 mean_q=0.226076 max_q=0.384922 fraction_q_positive=0.998047 sampling_entropy=6.225949 uniform_entropy=6.238325 entropy_gap=0.012376 max_probability_over_uniform=1.351313 min_probability_over_uniform=0.500000
RG_SCORE round=300 layer=features.37 mean_q=0.230142 max_q=0.420657 fraction_q_positive=0.994141 sampling_entropy=6.223080 uniform_entropy=6.238325 entropy_gap=0.015244 max_probability_over_uniform=1.413907 min_probability_over_uniform=0.500000
RG_SCORE round=300 layer=features.40 mean_q=0.130837 max_q=0.339269 fraction_q_positive=0.962891 sampling_entropy=6.197739 uniform_entropy=6.238325 entropy_gap=0.040585 max_probability_over_uniform=1.796534 min_probability_over_uniform=0.500000
ROUND_ACCURACY method=FedPhoenixRG round=300 accuracy=74.000000
********************************************************************************
Round 300
ROUND_ACCURACY method=FedPhoenixRG round=301 accuracy=76.949997
********************************************************************************
Round 301
ROUND_ACCURACY method=FedPhoenixRG round=302 accuracy=62.410000
********************************************************************************
Round 302
ROUND_ACCURACY method=FedPhoenixRG round=303 accuracy=77.410004
********************************************************************************
Round 303
ROUND_ACCURACY method=FedPhoenixRG round=304 accuracy=71.459999
********************************************************************************
Round 304
ROUND_ACCURACY method=FedPhoenixRG round=305 accuracy=76.029999
********************************************************************************
Round 305
ROUND_ACCURACY method=FedPhoenixRG round=306 accuracy=68.930000
********************************************************************************
Round 306
ROUND_ACCURACY method=FedPhoenixRG round=307 accuracy=74.449997
********************************************************************************
Round 307
ROUND_ACCURACY method=FedPhoenixRG round=308 accuracy=73.389999
********************************************************************************
Round 308
ROUND_ACCURACY method=FedPhoenixRG round=309 accuracy=76.250000
********************************************************************************
Round 309
ROUND_ACCURACY method=FedPhoenixRG round=310 accuracy=77.680000
********************************************************************************
Round 310
ROUND_ACCURACY method=FedPhoenixRG round=311 accuracy=74.180000
********************************************************************************
Round 311
ROUND_ACCURACY method=FedPhoenixRG round=312 accuracy=77.180000
********************************************************************************
Round 312
ROUND_ACCURACY method=FedPhoenixRG round=313 accuracy=75.919998
********************************************************************************
Round 313
ROUND_ACCURACY method=FedPhoenixRG round=314 accuracy=76.540001
********************************************************************************
Round 314
ROUND_ACCURACY method=FedPhoenixRG round=315 accuracy=67.150002
********************************************************************************
Round 315
ROUND_ACCURACY method=FedPhoenixRG round=316 accuracy=74.330002
********************************************************************************
Round 316
ROUND_ACCURACY method=FedPhoenixRG round=317 accuracy=70.480003
********************************************************************************
Round 317
ROUND_ACCURACY method=FedPhoenixRG round=318 accuracy=66.519997
********************************************************************************
Round 318
ROUND_ACCURACY method=FedPhoenixRG round=319 accuracy=69.760002
********************************************************************************
Round 319
RG_SCORE round=320 layer=features.0 mean_q=0.115272 max_q=0.360686 fraction_q_positive=0.812500 sampling_entropy=4.099352 uniform_entropy=4.158883 entropy_gap=0.059531 max_probability_over_uniform=2.064495 min_probability_over_uniform=0.500000
RG_SCORE round=320 layer=features.3 mean_q=0.146222 max_q=0.206181 fraction_q_positive=1.000000 sampling_entropy=4.154290 uniform_entropy=4.158883 entropy_gap=0.004593 max_probability_over_uniform=1.205030 min_probability_over_uniform=0.755362
RG_SCORE round=320 layer=features.7 mean_q=0.155093 max_q=0.214646 fraction_q_positive=1.000000 sampling_entropy=4.849072 uniform_entropy=4.852030 entropy_gap=0.002958 max_probability_over_uniform=1.191993 min_probability_over_uniform=0.778753
RG_SCORE round=320 layer=features.10 mean_q=0.145822 max_q=0.181482 fraction_q_positive=1.000000 sampling_entropy=4.850465 uniform_entropy=4.852030 entropy_gap=0.001565 max_probability_over_uniform=1.122272 min_probability_over_uniform=0.847071
RG_SCORE round=320 layer=features.14 mean_q=0.145115 max_q=0.229392 fraction_q_positive=1.000000 sampling_entropy=5.542242 uniform_entropy=5.545177 entropy_gap=0.002936 max_probability_over_uniform=1.290382 min_probability_over_uniform=0.774910
RG_SCORE round=320 layer=features.17 mean_q=0.135896 max_q=0.196703 fraction_q_positive=1.000000 sampling_entropy=5.542406 uniform_entropy=5.545177 entropy_gap=0.002771 max_probability_over_uniform=1.223728 min_probability_over_uniform=0.835166
RG_SCORE round=320 layer=features.20 mean_q=0.132855 max_q=0.178079 fraction_q_positive=1.000000 sampling_entropy=5.542576 uniform_entropy=5.545177 entropy_gap=0.002601 max_probability_over_uniform=1.170200 min_probability_over_uniform=0.803734
RG_SCORE round=320 layer=features.24 mean_q=0.146205 max_q=0.227742 fraction_q_positive=1.000000 sampling_entropy=6.232015 uniform_entropy=6.238325 entropy_gap=0.006309 max_probability_over_uniform=1.278845 min_probability_over_uniform=0.628147
RG_SCORE round=320 layer=features.27 mean_q=0.146022 max_q=0.224165 fraction_q_positive=1.000000 sampling_entropy=6.231820 uniform_entropy=6.238325 entropy_gap=0.006504 max_probability_over_uniform=1.267572 min_probability_over_uniform=0.606477
RG_SCORE round=320 layer=features.30 mean_q=0.130120 max_q=0.200689 fraction_q_positive=1.000000 sampling_entropy=6.231932 uniform_entropy=6.238325 entropy_gap=0.006392 max_probability_over_uniform=1.271167 min_probability_over_uniform=0.655563
RG_SCORE round=320 layer=features.34 mean_q=0.264753 max_q=0.466768 fraction_q_positive=0.988281 sampling_entropy=6.220839 uniform_entropy=6.238325 entropy_gap=0.017486 max_probability_over_uniform=1.381517 min_probability_over_uniform=0.500000
RG_SCORE round=320 layer=features.37 mean_q=0.245662 max_q=0.495899 fraction_q_positive=0.955078 sampling_entropy=6.209506 uniform_entropy=6.238325 entropy_gap=0.028818 max_probability_over_uniform=1.509313 min_probability_over_uniform=0.500000
RG_SCORE round=320 layer=features.40 mean_q=0.139188 max_q=0.504725 fraction_q_positive=0.824219 sampling_entropy=6.157489 uniform_entropy=6.238325 entropy_gap=0.080836 max_probability_over_uniform=2.313100 min_probability_over_uniform=0.500000
ROUND_ACCURACY method=FedPhoenixRG round=320 accuracy=74.379997
********************************************************************************
Round 320
ROUND_ACCURACY method=FedPhoenixRG round=321 accuracy=68.110001
********************************************************************************
Round 321
ROUND_ACCURACY method=FedPhoenixRG round=322 accuracy=72.930000
********************************************************************************
Round 322
ROUND_ACCURACY method=FedPhoenixRG round=323 accuracy=71.820000
********************************************************************************
Round 323
ROUND_ACCURACY method=FedPhoenixRG round=324 accuracy=72.680000
********************************************************************************
Round 324
ROUND_ACCURACY method=FedPhoenixRG round=325 accuracy=77.080002
********************************************************************************
Round 325
ROUND_ACCURACY method=FedPhoenixRG round=326 accuracy=75.080002
********************************************************************************
Round 326
ROUND_ACCURACY method=FedPhoenixRG round=327 accuracy=78.190002
********************************************************************************
Round 327
ROUND_ACCURACY method=FedPhoenixRG round=328 accuracy=75.820000
********************************************************************************
Round 328
ROUND_ACCURACY method=FedPhoenixRG round=329 accuracy=78.529999
********************************************************************************
Round 329
ROUND_ACCURACY method=FedPhoenixRG round=330 accuracy=75.239998
********************************************************************************
Round 330
ROUND_ACCURACY method=FedPhoenixRG round=331 accuracy=65.139999
********************************************************************************
Round 331
ROUND_ACCURACY method=FedPhoenixRG round=332 accuracy=72.500000
********************************************************************************
Round 332
ROUND_ACCURACY method=FedPhoenixRG round=333 accuracy=76.879997
********************************************************************************
Round 333
ROUND_ACCURACY method=FedPhoenixRG round=334 accuracy=75.910004
********************************************************************************
Round 334
ROUND_ACCURACY method=FedPhoenixRG round=335 accuracy=78.269997
********************************************************************************
Round 335
ROUND_ACCURACY method=FedPhoenixRG round=336 accuracy=77.610001
********************************************************************************
Round 336
ROUND_ACCURACY method=FedPhoenixRG round=337 accuracy=76.529999
********************************************************************************
Round 337
ROUND_ACCURACY method=FedPhoenixRG round=338 accuracy=79.040001
********************************************************************************
Round 338
ROUND_ACCURACY method=FedPhoenixRG round=339 accuracy=72.500000
********************************************************************************
Round 339
RG_SCORE round=340 layer=features.0 mean_q=0.152759 max_q=0.329033 fraction_q_positive=0.984375 sampling_entropy=4.129405 uniform_entropy=4.158883 entropy_gap=0.029478 max_probability_over_uniform=1.576967 min_probability_over_uniform=0.500000
RG_SCORE round=340 layer=features.3 mean_q=0.163909 max_q=0.216741 fraction_q_positive=1.000000 sampling_entropy=4.157157 uniform_entropy=4.158883 entropy_gap=0.001726 max_probability_over_uniform=1.161162 min_probability_over_uniform=0.861744
RG_SCORE round=340 layer=features.7 mean_q=0.173836 max_q=0.220990 fraction_q_positive=1.000000 sampling_entropy=4.850677 uniform_entropy=4.852030 entropy_gap=0.001353 max_probability_over_uniform=1.135628 min_probability_over_uniform=0.844185
RG_SCORE round=340 layer=features.10 mean_q=0.168443 max_q=0.208632 fraction_q_positive=1.000000 sampling_entropy=4.851262 uniform_entropy=4.852030 entropy_gap=0.000768 max_probability_over_uniform=1.119297 min_probability_over_uniform=0.901791
RG_SCORE round=340 layer=features.14 mean_q=0.171534 max_q=0.243414 fraction_q_positive=1.000000 sampling_entropy=5.544029 uniform_entropy=5.545177 entropy_gap=0.001148 max_probability_over_uniform=1.209521 min_probability_over_uniform=0.858930
RG_SCORE round=340 layer=features.17 mean_q=0.158204 max_q=0.208707 fraction_q_positive=1.000000 sampling_entropy=5.543761 uniform_entropy=5.545177 entropy_gap=0.001417 max_probability_over_uniform=1.159614 min_probability_over_uniform=0.859316
RG_SCORE round=340 layer=features.20 mean_q=0.153295 max_q=0.193131 fraction_q_positive=1.000000 sampling_entropy=5.544418 uniform_entropy=5.545177 entropy_gap=0.000760 max_probability_over_uniform=1.129932 min_probability_over_uniform=0.866334
RG_SCORE round=340 layer=features.24 mean_q=0.169630 max_q=0.226872 fraction_q_positive=1.000000 sampling_entropy=6.236984 uniform_entropy=6.238325 entropy_gap=0.001341 max_probability_over_uniform=1.168727 min_probability_over_uniform=0.817225
RG_SCORE round=340 layer=features.27 mean_q=0.165584 max_q=0.227057 fraction_q_positive=1.000000 sampling_entropy=6.236473 uniform_entropy=6.238325 entropy_gap=0.001852 max_probability_over_uniform=1.185624 min_probability_over_uniform=0.800013
RG_SCORE round=340 layer=features.30 mean_q=0.142275 max_q=0.193469 fraction_q_positive=1.000000 sampling_entropy=6.236069 uniform_entropy=6.238325 entropy_gap=0.002256 max_probability_over_uniform=1.179912 min_probability_over_uniform=0.780517
RG_SCORE round=340 layer=features.34 mean_q=0.243873 max_q=0.405688 fraction_q_positive=0.994141 sampling_entropy=6.228241 uniform_entropy=6.238325 entropy_gap=0.010083 max_probability_over_uniform=1.331760 min_probability_over_uniform=0.500000
RG_SCORE round=340 layer=features.37 mean_q=0.210332 max_q=0.382503 fraction_q_positive=0.998047 sampling_entropy=6.221167 uniform_entropy=6.238325 entropy_gap=0.017158 max_probability_over_uniform=1.409285 min_probability_over_uniform=0.500000
RG_SCORE round=340 layer=features.40 mean_q=0.123738 max_q=0.400485 fraction_q_positive=0.968750 sampling_entropy=6.191910 uniform_entropy=6.238325 entropy_gap=0.046415 max_probability_over_uniform=2.118278 min_probability_over_uniform=0.500000
ROUND_ACCURACY method=FedPhoenixRG round=340 accuracy=75.699997
********************************************************************************
Round 340
ROUND_ACCURACY method=FedPhoenixRG round=341 accuracy=47.520000
********************************************************************************
Round 341
ROUND_ACCURACY method=FedPhoenixRG round=342 accuracy=74.129997
********************************************************************************
Round 342
ROUND_ACCURACY method=FedPhoenixRG round=343 accuracy=65.290001
********************************************************************************
Round 343
ROUND_ACCURACY method=FedPhoenixRG round=344 accuracy=77.010002
********************************************************************************
Round 344
ROUND_ACCURACY method=FedPhoenixRG round=345 accuracy=76.540001
********************************************************************************
Round 345
ROUND_ACCURACY method=FedPhoenixRG round=346 accuracy=78.330002
********************************************************************************
Round 346
ROUND_ACCURACY method=FedPhoenixRG round=347 accuracy=70.790001
********************************************************************************
Round 347
ROUND_ACCURACY method=FedPhoenixRG round=348 accuracy=69.410004
********************************************************************************
Round 348
ROUND_ACCURACY method=FedPhoenixRG round=349 accuracy=79.290001
********************************************************************************
Round 349
ROUND_ACCURACY method=FedPhoenixRG round=350 accuracy=76.629997
********************************************************************************
Round 350
ROUND_ACCURACY method=FedPhoenixRG round=351 accuracy=72.690002
********************************************************************************
Round 351
ROUND_ACCURACY method=FedPhoenixRG round=352 accuracy=78.120003
********************************************************************************
Round 352
ROUND_ACCURACY method=FedPhoenixRG round=353 accuracy=72.250000
********************************************************************************
Round 353
ROUND_ACCURACY method=FedPhoenixRG round=354 accuracy=71.790001
********************************************************************************
Round 354
ROUND_ACCURACY method=FedPhoenixRG round=355 accuracy=70.980003
********************************************************************************
Round 355
ROUND_ACCURACY method=FedPhoenixRG round=356 accuracy=71.970001
********************************************************************************
Round 356
ROUND_ACCURACY method=FedPhoenixRG round=357 accuracy=77.809998
********************************************************************************
Round 357
ROUND_ACCURACY method=FedPhoenixRG round=358 accuracy=78.910004
********************************************************************************
Round 358
ROUND_ACCURACY method=FedPhoenixRG round=359 accuracy=70.339996
********************************************************************************
Round 359
RG_SCORE round=360 layer=features.0 mean_q=0.104952 max_q=0.355104 fraction_q_positive=0.656250 sampling_entropy=4.048038 uniform_entropy=4.158883 entropy_gap=0.110845 max_probability_over_uniform=2.191738 min_probability_over_uniform=0.500000
RG_SCORE round=360 layer=features.3 mean_q=0.109700 max_q=0.226358 fraction_q_positive=0.937500 sampling_entropy=4.129742 uniform_entropy=4.158883 entropy_gap=0.029141 max_probability_over_uniform=1.531717 min_probability_over_uniform=0.500000
RG_SCORE round=360 layer=features.7 mean_q=0.126836 max_q=0.229525 fraction_q_positive=1.000000 sampling_entropy=4.842830 uniform_entropy=4.852030 entropy_gap=0.009200 max_probability_over_uniform=1.404811 min_probability_over_uniform=0.597054
RG_SCORE round=360 layer=features.10 mean_q=0.126049 max_q=0.173524 fraction_q_positive=1.000000 sampling_entropy=4.848043 uniform_entropy=4.852030 entropy_gap=0.003987 max_probability_over_uniform=1.188320 min_probability_over_uniform=0.732872
RG_SCORE round=360 layer=features.14 mean_q=0.128412 max_q=0.206521 fraction_q_positive=0.996094 sampling_entropy=5.539050 uniform_entropy=5.545177 entropy_gap=0.006127 max_probability_over_uniform=1.304136 min_probability_over_uniform=0.500000
RG_SCORE round=360 layer=features.17 mean_q=0.120816 max_q=0.189493 fraction_q_positive=1.000000 sampling_entropy=5.540824 uniform_entropy=5.545177 entropy_gap=0.004354 max_probability_over_uniform=1.284221 min_probability_over_uniform=0.712034
RG_SCORE round=360 layer=features.20 mean_q=0.124033 max_q=0.174260 fraction_q_positive=1.000000 sampling_entropy=5.542736 uniform_entropy=5.545177 entropy_gap=0.002441 max_probability_over_uniform=1.202478 min_probability_over_uniform=0.775211
RG_SCORE round=360 layer=features.24 mean_q=0.139321 max_q=0.218235 fraction_q_positive=1.000000 sampling_entropy=6.232741 uniform_entropy=6.238325 entropy_gap=0.005584 max_probability_over_uniform=1.283210 min_probability_over_uniform=0.534712
RG_SCORE round=360 layer=features.27 mean_q=0.137913 max_q=0.216987 fraction_q_positive=1.000000 sampling_entropy=6.232626 uniform_entropy=6.238325 entropy_gap=0.005699 max_probability_over_uniform=1.286682 min_probability_over_uniform=0.627431
RG_SCORE round=360 layer=features.30 mean_q=0.123290 max_q=0.189244 fraction_q_positive=1.000000 sampling_entropy=6.233730 uniform_entropy=6.238325 entropy_gap=0.004594 max_probability_over_uniform=1.267475 min_probability_over_uniform=0.684318
RG_SCORE round=360 layer=features.34 mean_q=0.261967 max_q=0.408231 fraction_q_positive=1.000000 sampling_entropy=6.230287 uniform_entropy=6.238325 entropy_gap=0.008038 max_probability_over_uniform=1.279164 min_probability_over_uniform=0.513083
RG_SCORE round=360 layer=features.37 mean_q=0.308686 max_q=0.483122 fraction_q_positive=0.998047 sampling_entropy=6.230864 uniform_entropy=6.238325 entropy_gap=0.007461 max_probability_over_uniform=1.282545 min_probability_over_uniform=0.500000
RG_SCORE round=360 layer=features.40 mean_q=0.241237 max_q=0.540820 fraction_q_positive=0.996094 sampling_entropy=6.216033 uniform_entropy=6.238325 entropy_gap=0.022291 max_probability_over_uniform=1.620928 min_probability_over_uniform=0.500000
ROUND_ACCURACY method=FedPhoenixRG round=360 accuracy=74.940002
********************************************************************************
Round 360
ROUND_ACCURACY method=FedPhoenixRG round=361 accuracy=70.040001
********************************************************************************
Round 361
ROUND_ACCURACY method=FedPhoenixRG round=362 accuracy=66.940002
********************************************************************************
Round 362
ROUND_ACCURACY method=FedPhoenixRG round=363 accuracy=65.989998
********************************************************************************
Round 363
ROUND_ACCURACY method=FedPhoenixRG round=364 accuracy=65.430000
********************************************************************************
Round 364
ROUND_ACCURACY method=FedPhoenixRG round=365 accuracy=66.620003
********************************************************************************
Round 365
ROUND_ACCURACY method=FedPhoenixRG round=366 accuracy=77.160004
********************************************************************************
Round 366
ROUND_ACCURACY method=FedPhoenixRG round=367 accuracy=73.360001
********************************************************************************
Round 367
ROUND_ACCURACY method=FedPhoenixRG round=368 accuracy=72.639999
********************************************************************************
Round 368
ROUND_ACCURACY method=FedPhoenixRG round=369 accuracy=70.660004
********************************************************************************
Round 369
ROUND_ACCURACY method=FedPhoenixRG round=370 accuracy=69.050003
********************************************************************************
Round 370
ROUND_ACCURACY method=FedPhoenixRG round=371 accuracy=78.419998
********************************************************************************
Round 371
ROUND_ACCURACY method=FedPhoenixRG round=372 accuracy=70.070000
********************************************************************************
Round 372
ROUND_ACCURACY method=FedPhoenixRG round=373 accuracy=66.099998
********************************************************************************
Round 373
ROUND_ACCURACY method=FedPhoenixRG round=374 accuracy=75.349998
********************************************************************************
Round 374
ROUND_ACCURACY method=FedPhoenixRG round=375 accuracy=73.860001
********************************************************************************
Round 375
ROUND_ACCURACY method=FedPhoenixRG round=376 accuracy=77.089996
********************************************************************************
Round 376
ROUND_ACCURACY method=FedPhoenixRG round=377 accuracy=54.189999
********************************************************************************
Round 377
ROUND_ACCURACY method=FedPhoenixRG round=378 accuracy=70.870003
********************************************************************************
Round 378
ROUND_ACCURACY method=FedPhoenixRG round=379 accuracy=77.709999
********************************************************************************
Round 379
RG_SCORE round=380 layer=features.0 mean_q=0.131817 max_q=0.298053 fraction_q_positive=0.937500 sampling_entropy=4.117423 uniform_entropy=4.158883 entropy_gap=0.041460 max_probability_over_uniform=1.630556 min_probability_over_uniform=0.500000
RG_SCORE round=380 layer=features.3 mean_q=0.147069 max_q=0.209548 fraction_q_positive=1.000000 sampling_entropy=4.156437 uniform_entropy=4.158883 entropy_gap=0.002446 max_probability_over_uniform=1.212411 min_probability_over_uniform=0.852128
RG_SCORE round=380 layer=features.7 mean_q=0.153349 max_q=0.222479 fraction_q_positive=1.000000 sampling_entropy=4.849969 uniform_entropy=4.852030 entropy_gap=0.002062 max_probability_over_uniform=1.225402 min_probability_over_uniform=0.848591
RG_SCORE round=380 layer=features.10 mean_q=0.146776 max_q=0.197370 fraction_q_positive=1.000000 sampling_entropy=4.850588 uniform_entropy=4.852030 entropy_gap=0.001442 max_probability_over_uniform=1.172354 min_probability_over_uniform=0.834734
RG_SCORE round=380 layer=features.14 mean_q=0.150630 max_q=0.211594 fraction_q_positive=1.000000 sampling_entropy=5.543655 uniform_entropy=5.545177 entropy_gap=0.001523 max_probability_over_uniform=1.202360 min_probability_over_uniform=0.868352
RG_SCORE round=380 layer=features.17 mean_q=0.139658 max_q=0.194327 fraction_q_positive=1.000000 sampling_entropy=5.543477 uniform_entropy=5.545177 entropy_gap=0.001700 max_probability_over_uniform=1.195721 min_probability_over_uniform=0.853393
RG_SCORE round=380 layer=features.20 mean_q=0.137758 max_q=0.183576 fraction_q_positive=1.000000 sampling_entropy=5.543959 uniform_entropy=5.545177 entropy_gap=0.001219 max_probability_over_uniform=1.166298 min_probability_over_uniform=0.828406
RG_SCORE round=380 layer=features.24 mean_q=0.154862 max_q=0.216585 fraction_q_positive=1.000000 sampling_entropy=6.236439 uniform_entropy=6.238325 entropy_gap=0.001886 max_probability_over_uniform=1.199283 min_probability_over_uniform=0.835885
RG_SCORE round=380 layer=features.27 mean_q=0.150607 max_q=0.216012 fraction_q_positive=1.000000 sampling_entropy=6.236209 uniform_entropy=6.238325 entropy_gap=0.002116 max_probability_over_uniform=1.217140 min_probability_over_uniform=0.792992
RG_SCORE round=380 layer=features.30 mean_q=0.136014 max_q=0.181421 fraction_q_positive=1.000000 sampling_entropy=6.236547 uniform_entropy=6.238325 entropy_gap=0.001778 max_probability_over_uniform=1.166919 min_probability_over_uniform=0.809566
RG_SCORE round=380 layer=features.34 mean_q=0.272636 max_q=0.417683 fraction_q_positive=1.000000 sampling_entropy=6.233780 uniform_entropy=6.238325 entropy_gap=0.004545 max_probability_over_uniform=1.266009 min_probability_over_uniform=0.550773
RG_SCORE round=380 layer=features.37 mean_q=0.303975 max_q=0.481034 fraction_q_positive=1.000000 sampling_entropy=6.234567 uniform_entropy=6.238325 entropy_gap=0.003758 max_probability_over_uniform=1.291239 min_probability_over_uniform=0.695823
RG_SCORE round=380 layer=features.40 mean_q=0.244212 max_q=0.460602 fraction_q_positive=0.998047 sampling_entropy=6.221761 uniform_entropy=6.238325 entropy_gap=0.016563 max_probability_over_uniform=1.443038 min_probability_over_uniform=0.500000
ROUND_ACCURACY method=FedPhoenixRG round=380 accuracy=79.000000
********************************************************************************
Round 380
ROUND_ACCURACY method=FedPhoenixRG round=381 accuracy=68.980003
********************************************************************************
Round 381
ROUND_ACCURACY method=FedPhoenixRG round=382 accuracy=73.540001
********************************************************************************
Round 382
ROUND_ACCURACY method=FedPhoenixRG round=383 accuracy=65.160004
********************************************************************************
Round 383
ROUND_ACCURACY method=FedPhoenixRG round=384 accuracy=75.690002
********************************************************************************
Round 384
ROUND_ACCURACY method=FedPhoenixRG round=385 accuracy=73.949997
********************************************************************************
Round 385
ROUND_ACCURACY method=FedPhoenixRG round=386 accuracy=76.970001
********************************************************************************
Round 386
ROUND_ACCURACY method=FedPhoenixRG round=387 accuracy=79.040001
********************************************************************************
Round 387
ROUND_ACCURACY method=FedPhoenixRG round=388 accuracy=75.540001
********************************************************************************
Round 388
ROUND_ACCURACY method=FedPhoenixRG round=389 accuracy=76.720001
********************************************************************************
Round 389
ROUND_ACCURACY method=FedPhoenixRG round=390 accuracy=71.269997
********************************************************************************
Round 390
ROUND_ACCURACY method=FedPhoenixRG round=391 accuracy=71.650002
********************************************************************************
Round 391
ROUND_ACCURACY method=FedPhoenixRG round=392 accuracy=56.439999
********************************************************************************
Round 392
ROUND_ACCURACY method=FedPhoenixRG round=393 accuracy=75.680000
********************************************************************************
Round 393
ROUND_ACCURACY method=FedPhoenixRG round=394 accuracy=69.660004
********************************************************************************
Round 394
ROUND_ACCURACY method=FedPhoenixRG round=395 accuracy=71.709999
********************************************************************************
Round 395
ROUND_ACCURACY method=FedPhoenixRG round=396 accuracy=68.360001
********************************************************************************
Round 396
ROUND_ACCURACY method=FedPhoenixRG round=397 accuracy=80.040001
********************************************************************************
Round 397
ROUND_ACCURACY method=FedPhoenixRG round=398 accuracy=75.190002
********************************************************************************
Round 398
ROUND_ACCURACY method=FedPhoenixRG round=399 accuracy=72.809998
********************************************************************************
Round 399
RG_SCORE round=400 layer=features.0 mean_q=0.124390 max_q=0.287140 fraction_q_positive=0.921875 sampling_entropy=4.107468 uniform_entropy=4.158883 entropy_gap=0.051415 max_probability_over_uniform=1.654195 min_probability_over_uniform=0.500000
RG_SCORE round=400 layer=features.3 mean_q=0.113317 max_q=0.180538 fraction_q_positive=1.000000 sampling_entropy=4.153042 uniform_entropy=4.158883 entropy_gap=0.005841 max_probability_over_uniform=1.296606 min_probability_over_uniform=0.763435
RG_SCORE round=400 layer=features.7 mean_q=0.125708 max_q=0.180774 fraction_q_positive=1.000000 sampling_entropy=4.849430 uniform_entropy=4.852030 entropy_gap=0.002600 max_probability_over_uniform=1.219022 min_probability_over_uniform=0.832520
RG_SCORE round=400 layer=features.10 mean_q=0.120212 max_q=0.150786 fraction_q_positive=1.000000 sampling_entropy=4.850660 uniform_entropy=4.852030 entropy_gap=0.001370 max_probability_over_uniform=1.127166 min_probability_over_uniform=0.884553
RG_SCORE round=400 layer=features.14 mean_q=0.122472 max_q=0.191629 fraction_q_positive=1.000000 sampling_entropy=5.542961 uniform_entropy=5.545177 entropy_gap=0.002216 max_probability_over_uniform=1.282337 min_probability_over_uniform=0.818997
RG_SCORE round=400 layer=features.17 mean_q=0.119667 max_q=0.177558 fraction_q_positive=1.000000 sampling_entropy=5.542773 uniform_entropy=5.545177 entropy_gap=0.002404 max_probability_over_uniform=1.241888 min_probability_over_uniform=0.833536
RG_SCORE round=400 layer=features.20 mean_q=0.115824 max_q=0.150084 fraction_q_positive=1.000000 sampling_entropy=5.543667 uniform_entropy=5.545177 entropy_gap=0.001510 max_probability_over_uniform=1.147896 min_probability_over_uniform=0.839453
RG_SCORE round=400 layer=features.24 mean_q=0.137946 max_q=0.194042 fraction_q_positive=1.000000 sampling_entropy=6.236286 uniform_entropy=6.238325 entropy_gap=0.002039 max_probability_over_uniform=1.203327 min_probability_over_uniform=0.813252
RG_SCORE round=400 layer=features.27 mean_q=0.145917 max_q=0.219799 fraction_q_positive=1.000000 sampling_entropy=6.235764 uniform_entropy=6.238325 entropy_gap=0.002560 max_probability_over_uniform=1.253163 min_probability_over_uniform=0.805991
RG_SCORE round=400 layer=features.30 mean_q=0.134975 max_q=0.180058 fraction_q_positive=1.000000 sampling_entropy=6.236240 uniform_entropy=6.238325 entropy_gap=0.002085 max_probability_over_uniform=1.167005 min_probability_over_uniform=0.759934
RG_SCORE round=400 layer=features.34 mean_q=0.302587 max_q=0.411628 fraction_q_positive=1.000000 sampling_entropy=6.235691 uniform_entropy=6.238325 entropy_gap=0.002633 max_probability_over_uniform=1.180181 min_probability_over_uniform=0.773289
RG_SCORE round=400 layer=features.37 mean_q=0.335904 max_q=0.493637 fraction_q_positive=1.000000 sampling_entropy=6.235492 uniform_entropy=6.238325 entropy_gap=0.002833 max_probability_over_uniform=1.234789 min_probability_over_uniform=0.666974
RG_SCORE round=400 layer=features.40 mean_q=0.242769 max_q=0.511971 fraction_q_positive=1.000000 sampling_entropy=6.220651 uniform_entropy=6.238325 entropy_gap=0.017674 max_probability_over_uniform=1.554441 min_probability_over_uniform=0.501015
ROUND_ACCURACY method=FedPhoenixRG round=400 accuracy=71.199997
********************************************************************************
Round 400
ROUND_ACCURACY method=FedPhoenixRG round=401 accuracy=75.360001
********************************************************************************
Round 401
ROUND_ACCURACY method=FedPhoenixRG round=402 accuracy=64.730003
********************************************************************************
Round 402
ROUND_ACCURACY method=FedPhoenixRG round=403 accuracy=71.550003
********************************************************************************
Round 403
ROUND_ACCURACY method=FedPhoenixRG round=404 accuracy=71.760002
********************************************************************************
Round 404
ROUND_ACCURACY method=FedPhoenixRG round=405 accuracy=72.440002
********************************************************************************
Round 405
ROUND_ACCURACY method=FedPhoenixRG round=406 accuracy=77.790001
********************************************************************************
Round 406
ROUND_ACCURACY method=FedPhoenixRG round=407 accuracy=75.750000
********************************************************************************
Round 407
ROUND_ACCURACY method=FedPhoenixRG round=408 accuracy=72.410004
********************************************************************************
Round 408
ROUND_ACCURACY method=FedPhoenixRG round=409 accuracy=78.980003
********************************************************************************
Round 409
ROUND_ACCURACY method=FedPhoenixRG round=410 accuracy=68.099998
********************************************************************************
Round 410
ROUND_ACCURACY method=FedPhoenixRG round=411 accuracy=68.300003
********************************************************************************
Round 411
ROUND_ACCURACY method=FedPhoenixRG round=412 accuracy=64.879997
********************************************************************************
Round 412
ROUND_ACCURACY method=FedPhoenixRG round=413 accuracy=75.339996
********************************************************************************
Round 413
ROUND_ACCURACY method=FedPhoenixRG round=414 accuracy=77.230003
********************************************************************************
Round 414
ROUND_ACCURACY method=FedPhoenixRG round=415 accuracy=79.220001
********************************************************************************
Round 415
ROUND_ACCURACY method=FedPhoenixRG round=416 accuracy=72.110001
********************************************************************************
Round 416
ROUND_ACCURACY method=FedPhoenixRG round=417 accuracy=78.820000
********************************************************************************
Round 417
ROUND_ACCURACY method=FedPhoenixRG round=418 accuracy=72.019997
********************************************************************************
Round 418
ROUND_ACCURACY method=FedPhoenixRG round=419 accuracy=69.830002
********************************************************************************
Round 419
RG_SCORE round=420 layer=features.0 mean_q=0.127159 max_q=0.359434 fraction_q_positive=0.937500 sampling_entropy=4.101076 uniform_entropy=4.158883 entropy_gap=0.057807 max_probability_over_uniform=1.913325 min_probability_over_uniform=0.500000
RG_SCORE round=420 layer=features.3 mean_q=0.131089 max_q=0.204536 fraction_q_positive=1.000000 sampling_entropy=4.153392 uniform_entropy=4.158883 entropy_gap=0.005491 max_probability_over_uniform=1.280142 min_probability_over_uniform=0.729272
RG_SCORE round=420 layer=features.7 mean_q=0.144453 max_q=0.217289 fraction_q_positive=1.000000 sampling_entropy=4.848288 uniform_entropy=4.852030 entropy_gap=0.003742 max_probability_over_uniform=1.252109 min_probability_over_uniform=0.611374
RG_SCORE round=420 layer=features.10 mean_q=0.140015 max_q=0.170765 fraction_q_positive=1.000000 sampling_entropy=4.851136 uniform_entropy=4.852030 entropy_gap=0.000894 max_probability_over_uniform=1.109813 min_probability_over_uniform=0.901415
RG_SCORE round=420 layer=features.14 mean_q=0.139809 max_q=0.191536 fraction_q_positive=1.000000 sampling_entropy=5.543802 uniform_entropy=5.545177 entropy_gap=0.001375 max_probability_over_uniform=1.184992 min_probability_over_uniform=0.842270
RG_SCORE round=420 layer=features.17 mean_q=0.138008 max_q=0.190257 fraction_q_positive=1.000000 sampling_entropy=5.543124 uniform_entropy=5.545177 entropy_gap=0.002054 max_probability_over_uniform=1.189295 min_probability_over_uniform=0.837089
RG_SCORE round=420 layer=features.20 mean_q=0.125899 max_q=0.164868 fraction_q_positive=1.000000 sampling_entropy=5.543836 uniform_entropy=5.545177 entropy_gap=0.001342 max_probability_over_uniform=1.154766 min_probability_over_uniform=0.848856
RG_SCORE round=420 layer=features.24 mean_q=0.141845 max_q=0.204240 fraction_q_positive=1.000000 sampling_entropy=6.236334 uniform_entropy=6.238325 entropy_gap=0.001991 max_probability_over_uniform=1.219943 min_probability_over_uniform=0.794004
RG_SCORE round=420 layer=features.27 mean_q=0.139673 max_q=0.211983 fraction_q_positive=1.000000 sampling_entropy=6.236206 uniform_entropy=6.238325 entropy_gap=0.002118 max_probability_over_uniform=1.258855 min_probability_over_uniform=0.790213
RG_SCORE round=420 layer=features.30 mean_q=0.122281 max_q=0.175049 fraction_q_positive=1.000000 sampling_entropy=6.234713 uniform_entropy=6.238325 entropy_gap=0.003612 max_probability_over_uniform=1.215765 min_probability_over_uniform=0.658844
RG_SCORE round=420 layer=features.34 mean_q=0.239001 max_q=0.404077 fraction_q_positive=0.998047 sampling_entropy=6.227578 uniform_entropy=6.238325 entropy_gap=0.010747 max_probability_over_uniform=1.345345 min_probability_over_uniform=0.500000
RG_SCORE round=420 layer=features.37 mean_q=0.208222 max_q=0.395116 fraction_q_positive=0.984375 sampling_entropy=6.219152 uniform_entropy=6.238325 entropy_gap=0.019172 max_probability_over_uniform=1.448785 min_probability_over_uniform=0.500000
RG_SCORE round=420 layer=features.40 mean_q=0.136478 max_q=0.401334 fraction_q_positive=0.880859 sampling_entropy=6.172281 uniform_entropy=6.238325 entropy_gap=0.066044 max_probability_over_uniform=1.970322 min_probability_over_uniform=0.500000
ROUND_ACCURACY method=FedPhoenixRG round=420 accuracy=77.550003
********************************************************************************
Round 420
ROUND_ACCURACY method=FedPhoenixRG round=421 accuracy=77.959999
********************************************************************************
Round 421
ROUND_ACCURACY method=FedPhoenixRG round=422 accuracy=69.709999
********************************************************************************
Round 422
ROUND_ACCURACY method=FedPhoenixRG round=423 accuracy=74.489998
********************************************************************************
Round 423
ROUND_ACCURACY method=FedPhoenixRG round=424 accuracy=72.070000
********************************************************************************
Round 424
ROUND_ACCURACY method=FedPhoenixRG round=425 accuracy=78.459999
********************************************************************************
Round 425
ROUND_ACCURACY method=FedPhoenixRG round=426 accuracy=67.099998
********************************************************************************
Round 426
ROUND_ACCURACY method=FedPhoenixRG round=427 accuracy=72.320000
********************************************************************************
Round 427
ROUND_ACCURACY method=FedPhoenixRG round=428 accuracy=74.360001
********************************************************************************
Round 428
ROUND_ACCURACY method=FedPhoenixRG round=429 accuracy=71.639999
********************************************************************************
Round 429
ROUND_ACCURACY method=FedPhoenixRG round=430 accuracy=75.300003
********************************************************************************
Round 430
ROUND_ACCURACY method=FedPhoenixRG round=431 accuracy=72.769997
********************************************************************************
Round 431
ROUND_ACCURACY method=FedPhoenixRG round=432 accuracy=75.949997
********************************************************************************
Round 432
ROUND_ACCURACY method=FedPhoenixRG round=433 accuracy=77.110001
********************************************************************************
Round 433
ROUND_ACCURACY method=FedPhoenixRG round=434 accuracy=80.070000
********************************************************************************
Round 434
ROUND_ACCURACY method=FedPhoenixRG round=435 accuracy=76.040001
********************************************************************************
Round 435
ROUND_ACCURACY method=FedPhoenixRG round=436 accuracy=70.370003
********************************************************************************
Round 436
ROUND_ACCURACY method=FedPhoenixRG round=437 accuracy=74.709999
********************************************************************************
Round 437
ROUND_ACCURACY method=FedPhoenixRG round=438 accuracy=76.419998
********************************************************************************
Round 438
ROUND_ACCURACY method=FedPhoenixRG round=439 accuracy=74.519997
********************************************************************************
Round 439
RG_SCORE round=440 layer=features.0 mean_q=0.138253 max_q=0.291650 fraction_q_positive=0.968750 sampling_entropy=4.127260 uniform_entropy=4.158883 entropy_gap=0.031623 max_probability_over_uniform=1.554770 min_probability_over_uniform=0.500000
RG_SCORE round=440 layer=features.3 mean_q=0.154430 max_q=0.186120 fraction_q_positive=1.000000 sampling_entropy=4.157369 uniform_entropy=4.158883 entropy_gap=0.001514 max_probability_over_uniform=1.102603 min_probability_over_uniform=0.854083
RG_SCORE round=440 layer=features.7 mean_q=0.159118 max_q=0.201110 fraction_q_positive=1.000000 sampling_entropy=4.850744 uniform_entropy=4.852030 entropy_gap=0.001286 max_probability_over_uniform=1.131954 min_probability_over_uniform=0.889092
RG_SCORE round=440 layer=features.10 mean_q=0.151723 max_q=0.188306 fraction_q_positive=1.000000 sampling_entropy=4.851390 uniform_entropy=4.852030 entropy_gap=0.000641 max_probability_over_uniform=1.120556 min_probability_over_uniform=0.904640
RG_SCORE round=440 layer=features.14 mean_q=0.154680 max_q=0.217795 fraction_q_positive=1.000000 sampling_entropy=5.544060 uniform_entropy=5.545177 entropy_gap=0.001117 max_probability_over_uniform=1.204019 min_probability_over_uniform=0.883018
RG_SCORE round=440 layer=features.17 mean_q=0.152684 max_q=0.221991 fraction_q_positive=1.000000 sampling_entropy=5.543247 uniform_entropy=5.545177 entropy_gap=0.001930 max_probability_over_uniform=1.226961 min_probability_over_uniform=0.861376
RG_SCORE round=440 layer=features.20 mean_q=0.135493 max_q=0.165376 fraction_q_positive=1.000000 sampling_entropy=5.544372 uniform_entropy=5.545177 entropy_gap=0.000805 max_probability_over_uniform=1.110275 min_probability_over_uniform=0.858894
RG_SCORE round=440 layer=features.24 mean_q=0.167721 max_q=0.228511 fraction_q_positive=1.000000 sampling_entropy=6.237284 uniform_entropy=6.238325 entropy_gap=0.001040 max_probability_over_uniform=1.181224 min_probability_over_uniform=0.876419
RG_SCORE round=440 layer=features.27 mean_q=0.178211 max_q=0.246473 fraction_q_positive=1.000000 sampling_entropy=6.237083 uniform_entropy=6.238325 entropy_gap=0.001241 max_probability_over_uniform=1.191520 min_probability_over_uniform=0.863895
RG_SCORE round=440 layer=features.30 mean_q=0.160761 max_q=0.202672 fraction_q_positive=1.000000 sampling_entropy=6.237275 uniform_entropy=6.238325 entropy_gap=0.001050 max_probability_over_uniform=1.130352 min_probability_over_uniform=0.862820
RG_SCORE round=440 layer=features.34 mean_q=0.361712 max_q=0.467477 fraction_q_positive=1.000000 sampling_entropy=6.236906 uniform_entropy=6.238325 entropy_gap=0.001419 max_probability_over_uniform=1.146201 min_probability_over_uniform=0.790167
RG_SCORE round=440 layer=features.37 mean_q=0.390321 max_q=0.500273 fraction_q_positive=1.000000 sampling_entropy=6.236999 uniform_entropy=6.238325 entropy_gap=0.001326 max_probability_over_uniform=1.140848 min_probability_over_uniform=0.845095
RG_SCORE round=440 layer=features.40 mean_q=0.314861 max_q=0.518782 fraction_q_positive=0.998047 sampling_entropy=6.226389 uniform_entropy=6.238325 entropy_gap=0.011935 max_probability_over_uniform=1.323828 min_probability_over_uniform=0.500000
ROUND_ACCURACY method=FedPhoenixRG round=440 accuracy=75.139999
********************************************************************************
Round 440
ROUND_ACCURACY method=FedPhoenixRG round=441 accuracy=73.470001
********************************************************************************
Round 441
ROUND_ACCURACY method=FedPhoenixRG round=442 accuracy=78.400002
********************************************************************************
Round 442
ROUND_ACCURACY method=FedPhoenixRG round=443 accuracy=72.889999
********************************************************************************
Round 443
ROUND_ACCURACY method=FedPhoenixRG round=444 accuracy=68.510002
********************************************************************************
Round 444
ROUND_ACCURACY method=FedPhoenixRG round=445 accuracy=76.870003
********************************************************************************
Round 445
ROUND_ACCURACY method=FedPhoenixRG round=446 accuracy=76.470001
********************************************************************************
Round 446
ROUND_ACCURACY method=FedPhoenixRG round=447 accuracy=73.769997
********************************************************************************
Round 447
ROUND_ACCURACY method=FedPhoenixRG round=448 accuracy=78.330002
********************************************************************************
Round 448
ROUND_ACCURACY method=FedPhoenixRG round=449 accuracy=68.260002
********************************************************************************
Round 449
ROUND_ACCURACY method=FedPhoenixRG round=450 accuracy=75.639999
********************************************************************************
Round 450
ROUND_ACCURACY method=FedPhoenixRG round=451 accuracy=68.940002
********************************************************************************
Round 451
ROUND_ACCURACY method=FedPhoenixRG round=452 accuracy=79.150002
********************************************************************************
Round 452
ROUND_ACCURACY method=FedPhoenixRG round=453 accuracy=78.459999
********************************************************************************
Round 453
ROUND_ACCURACY method=FedPhoenixRG round=454 accuracy=76.019997
********************************************************************************
Round 454
ROUND_ACCURACY method=FedPhoenixRG round=455 accuracy=78.410004
********************************************************************************
Round 455
ROUND_ACCURACY method=FedPhoenixRG round=456 accuracy=75.540001
********************************************************************************
Round 456
ROUND_ACCURACY method=FedPhoenixRG round=457 accuracy=77.470001
********************************************************************************
Round 457
ROUND_ACCURACY method=FedPhoenixRG round=458 accuracy=68.860001
********************************************************************************
Round 458
ROUND_ACCURACY method=FedPhoenixRG round=459 accuracy=78.779999
********************************************************************************
Round 459
RG_SCORE round=460 layer=features.0 mean_q=0.132927 max_q=0.300474 fraction_q_positive=0.953125 sampling_entropy=4.118487 uniform_entropy=4.158883 entropy_gap=0.040396 max_probability_over_uniform=1.630226 min_probability_over_uniform=0.500000
RG_SCORE round=460 layer=features.3 mean_q=0.149567 max_q=0.207222 fraction_q_positive=1.000000 sampling_entropy=4.155629 uniform_entropy=4.158883 entropy_gap=0.003254 max_probability_over_uniform=1.192738 min_probability_over_uniform=0.788004
RG_SCORE round=460 layer=features.7 mean_q=0.155077 max_q=0.201333 fraction_q_positive=1.000000 sampling_entropy=4.850403 uniform_entropy=4.852030 entropy_gap=0.001628 max_probability_over_uniform=1.149140 min_probability_over_uniform=0.857751
RG_SCORE round=460 layer=features.10 mean_q=0.149144 max_q=0.178010 fraction_q_positive=1.000000 sampling_entropy=4.851301 uniform_entropy=4.852030 entropy_gap=0.000730 max_probability_over_uniform=1.096772 min_probability_over_uniform=0.912746
RG_SCORE round=460 layer=features.14 mean_q=0.150281 max_q=0.216885 fraction_q_positive=1.000000 sampling_entropy=5.543973 uniform_entropy=5.545177 entropy_gap=0.001205 max_probability_over_uniform=1.221597 min_probability_over_uniform=0.818155
RG_SCORE round=460 layer=features.17 mean_q=0.149511 max_q=0.204119 fraction_q_positive=1.000000 sampling_entropy=5.543286 uniform_entropy=5.545177 entropy_gap=0.001892 max_probability_over_uniform=1.182623 min_probability_over_uniform=0.842777
RG_SCORE round=460 layer=features.20 mean_q=0.132950 max_q=0.167553 fraction_q_positive=1.000000 sampling_entropy=5.544199 uniform_entropy=5.545177 entropy_gap=0.000978 max_probability_over_uniform=1.130135 min_probability_over_uniform=0.868512
RG_SCORE round=460 layer=features.24 mean_q=0.159689 max_q=0.215807 fraction_q_positive=1.000000 sampling_entropy=6.237023 uniform_entropy=6.238325 entropy_gap=0.001302 max_probability_over_uniform=1.175707 min_probability_over_uniform=0.799218
RG_SCORE round=460 layer=features.27 mean_q=0.167699 max_q=0.219638 fraction_q_positive=1.000000 sampling_entropy=6.236849 uniform_entropy=6.238325 entropy_gap=0.001475 max_probability_over_uniform=1.154857 min_probability_over_uniform=0.840553
RG_SCORE round=460 layer=features.30 mean_q=0.150334 max_q=0.192593 fraction_q_positive=1.000000 sampling_entropy=6.236778 uniform_entropy=6.238325 entropy_gap=0.001547 max_probability_over_uniform=1.140553 min_probability_over_uniform=0.784004
RG_SCORE round=460 layer=features.34 mean_q=0.330435 max_q=0.452252 fraction_q_positive=1.000000 sampling_entropy=6.236454 uniform_entropy=6.238325 entropy_gap=0.001871 max_probability_over_uniform=1.184328 min_probability_over_uniform=0.793529
RG_SCORE round=460 layer=features.37 mean_q=0.363482 max_q=0.470755 fraction_q_positive=1.000000 sampling_entropy=6.236644 uniform_entropy=6.238325 entropy_gap=0.001681 max_probability_over_uniform=1.147562 min_probability_over_uniform=0.803797
RG_SCORE round=460 layer=features.40 mean_q=0.285953 max_q=0.515317 fraction_q_positive=1.000000 sampling_entropy=6.223502 uniform_entropy=6.238325 entropy_gap=0.014822 max_probability_over_uniform=1.401051 min_probability_over_uniform=0.530484
ROUND_ACCURACY method=FedPhoenixRG round=460 accuracy=64.959999
********************************************************************************
Round 460
ROUND_ACCURACY method=FedPhoenixRG round=461 accuracy=79.919998
********************************************************************************
Round 461
ROUND_ACCURACY method=FedPhoenixRG round=462 accuracy=77.559998
********************************************************************************
Round 462
ROUND_ACCURACY method=FedPhoenixRG round=463 accuracy=79.830002
********************************************************************************
Round 463
ROUND_ACCURACY method=FedPhoenixRG round=464 accuracy=72.320000
********************************************************************************
Round 464
ROUND_ACCURACY method=FedPhoenixRG round=465 accuracy=76.910004
********************************************************************************
Round 465
ROUND_ACCURACY method=FedPhoenixRG round=466 accuracy=78.480003
********************************************************************************
Round 466
ROUND_ACCURACY method=FedPhoenixRG round=467 accuracy=61.400002
********************************************************************************
Round 467
ROUND_ACCURACY method=FedPhoenixRG round=468 accuracy=75.150002
********************************************************************************
Round 468
ROUND_ACCURACY method=FedPhoenixRG round=469 accuracy=75.099998
********************************************************************************
Round 469
ROUND_ACCURACY method=FedPhoenixRG round=470 accuracy=69.779999
********************************************************************************
Round 470
ROUND_ACCURACY method=FedPhoenixRG round=471 accuracy=73.290001
********************************************************************************
Round 471
ROUND_ACCURACY method=FedPhoenixRG round=472 accuracy=79.820000
********************************************************************************
Round 472
ROUND_ACCURACY method=FedPhoenixRG round=473 accuracy=75.800003
********************************************************************************
Round 473
ROUND_ACCURACY method=FedPhoenixRG round=474 accuracy=75.099998
********************************************************************************
Round 474
ROUND_ACCURACY method=FedPhoenixRG round=475 accuracy=70.480003
********************************************************************************
Round 475
ROUND_ACCURACY method=FedPhoenixRG round=476 accuracy=75.349998
********************************************************************************
Round 476
ROUND_ACCURACY method=FedPhoenixRG round=477 accuracy=73.489998
********************************************************************************
Round 477
ROUND_ACCURACY method=FedPhoenixRG round=478 accuracy=68.830002
********************************************************************************
Round 478
ROUND_ACCURACY method=FedPhoenixRG round=479 accuracy=79.230003
********************************************************************************
Round 479
RG_SCORE round=480 layer=features.0 mean_q=0.143985 max_q=0.357396 fraction_q_positive=0.968750 sampling_entropy=4.125809 uniform_entropy=4.158883 entropy_gap=0.033074 max_probability_over_uniform=1.741091 min_probability_over_uniform=0.500000
RG_SCORE round=480 layer=features.3 mean_q=0.136799 max_q=0.202988 fraction_q_positive=1.000000 sampling_entropy=4.154252 uniform_entropy=4.158883 entropy_gap=0.004631 max_probability_over_uniform=1.241924 min_probability_over_uniform=0.795841
RG_SCORE round=480 layer=features.7 mean_q=0.138806 max_q=0.192089 fraction_q_positive=1.000000 sampling_entropy=4.848303 uniform_entropy=4.852030 entropy_gap=0.003727 max_probability_over_uniform=1.191934 min_probability_over_uniform=0.759952
RG_SCORE round=480 layer=features.10 mean_q=0.131509 max_q=0.172713 fraction_q_positive=1.000000 sampling_entropy=4.849827 uniform_entropy=4.852030 entropy_gap=0.002204 max_probability_over_uniform=1.156659 min_probability_over_uniform=0.763609
RG_SCORE round=480 layer=features.14 mean_q=0.138811 max_q=0.182382 fraction_q_positive=1.000000 sampling_entropy=5.543406 uniform_entropy=5.545177 entropy_gap=0.001772 max_probability_over_uniform=1.156941 min_probability_over_uniform=0.828451
RG_SCORE round=480 layer=features.17 mean_q=0.141064 max_q=0.216706 fraction_q_positive=1.000000 sampling_entropy=5.543253 uniform_entropy=5.545177 entropy_gap=0.001924 max_probability_over_uniform=1.268111 min_probability_over_uniform=0.851012
RG_SCORE round=480 layer=features.20 mean_q=0.128382 max_q=0.160742 fraction_q_positive=1.000000 sampling_entropy=5.544232 uniform_entropy=5.545177 entropy_gap=0.000945 max_probability_over_uniform=1.126030 min_probability_over_uniform=0.875715
RG_SCORE round=480 layer=features.24 mean_q=0.149797 max_q=0.209756 fraction_q_positive=1.000000 sampling_entropy=6.236828 uniform_entropy=6.238325 entropy_gap=0.001496 max_probability_over_uniform=1.200132 min_probability_over_uniform=0.842261
RG_SCORE round=480 layer=features.27 mean_q=0.156813 max_q=0.223537 fraction_q_positive=1.000000 sampling_entropy=6.236581 uniform_entropy=6.238325 entropy_gap=0.001744 max_probability_over_uniform=1.212753 min_probability_over_uniform=0.829207
RG_SCORE round=480 layer=features.30 mean_q=0.138616 max_q=0.190359 fraction_q_positive=1.000000 sampling_entropy=6.236445 uniform_entropy=6.238325 entropy_gap=0.001879 max_probability_over_uniform=1.186640 min_probability_over_uniform=0.796794
RG_SCORE round=480 layer=features.34 mean_q=0.297159 max_q=0.439159 fraction_q_positive=1.000000 sampling_entropy=6.234626 uniform_entropy=6.238325 entropy_gap=0.003698 max_probability_over_uniform=1.238928 min_probability_over_uniform=0.682211
RG_SCORE round=480 layer=features.37 mean_q=0.303813 max_q=0.446283 fraction_q_positive=1.000000 sampling_entropy=6.233511 uniform_entropy=6.238325 entropy_gap=0.004814 max_probability_over_uniform=1.234471 min_probability_over_uniform=0.572428
RG_SCORE round=480 layer=features.40 mean_q=0.223931 max_q=0.444381 fraction_q_positive=0.990234 sampling_entropy=6.216840 uniform_entropy=6.238325 entropy_gap=0.021485 max_probability_over_uniform=1.492230 min_probability_over_uniform=0.500000
ROUND_ACCURACY method=FedPhoenixRG round=480 accuracy=78.769997
********************************************************************************
Round 480
ROUND_ACCURACY method=FedPhoenixRG round=481 accuracy=76.269997
********************************************************************************
Round 481
ROUND_ACCURACY method=FedPhoenixRG round=482 accuracy=78.070000
********************************************************************************
Round 482
ROUND_ACCURACY method=FedPhoenixRG round=483 accuracy=75.080002
********************************************************************************
Round 483
ROUND_ACCURACY method=FedPhoenixRG round=484 accuracy=72.480003
********************************************************************************
Round 484
ROUND_ACCURACY method=FedPhoenixRG round=485 accuracy=75.059998
********************************************************************************
Round 485
ROUND_ACCURACY method=FedPhoenixRG round=486 accuracy=66.410004
********************************************************************************
Round 486
ROUND_ACCURACY method=FedPhoenixRG round=487 accuracy=74.169998
********************************************************************************
Round 487
ROUND_ACCURACY method=FedPhoenixRG round=488 accuracy=79.669998
********************************************************************************
Round 488
ROUND_ACCURACY method=FedPhoenixRG round=489 accuracy=79.599998
********************************************************************************
Round 489
ROUND_ACCURACY method=FedPhoenixRG round=490 accuracy=77.970001
********************************************************************************
Round 490
ROUND_ACCURACY method=FedPhoenixRG round=491 accuracy=68.879997
********************************************************************************
Round 491
ROUND_ACCURACY method=FedPhoenixRG round=492 accuracy=77.040001
********************************************************************************
Round 492
ROUND_ACCURACY method=FedPhoenixRG round=493 accuracy=77.360001
********************************************************************************
Round 493
ROUND_ACCURACY method=FedPhoenixRG round=494 accuracy=73.860001
********************************************************************************
Round 494
ROUND_ACCURACY method=FedPhoenixRG round=495 accuracy=73.510002
********************************************************************************
Round 495
ROUND_ACCURACY method=FedPhoenixRG round=496 accuracy=69.180000
********************************************************************************
Round 496
ROUND_ACCURACY method=FedPhoenixRG round=497 accuracy=73.989998
********************************************************************************
Round 497
ROUND_ACCURACY method=FedPhoenixRG round=498 accuracy=80.419998
********************************************************************************
Round 498
ROUND_ACCURACY method=FedPhoenixRG round=499 accuracy=70.040001
********************************************************************************
Round 499
RG_SCORE round=500 layer=features.0 mean_q=0.122066 max_q=0.295350 fraction_q_positive=0.968750 sampling_entropy=4.110639 uniform_entropy=4.158883 entropy_gap=0.048244 max_probability_over_uniform=1.709794 min_probability_over_uniform=0.500000
RG_SCORE round=500 layer=features.3 mean_q=0.128267 max_q=0.181307 fraction_q_positive=1.000000 sampling_entropy=4.154875 uniform_entropy=4.158883 entropy_gap=0.004008 max_probability_over_uniform=1.206757 min_probability_over_uniform=0.747857
RG_SCORE round=500 layer=features.7 mean_q=0.131559 max_q=0.175707 fraction_q_positive=1.000000 sampling_entropy=4.849623 uniform_entropy=4.852030 entropy_gap=0.002407 max_probability_over_uniform=1.167788 min_probability_over_uniform=0.791828
RG_SCORE round=500 layer=features.10 mean_q=0.128795 max_q=0.159497 fraction_q_positive=1.000000 sampling_entropy=4.850907 uniform_entropy=4.852030 entropy_gap=0.001123 max_probability_over_uniform=1.119190 min_probability_over_uniform=0.858772
RG_SCORE round=500 layer=features.14 mean_q=0.135625 max_q=0.180611 fraction_q_positive=1.000000 sampling_entropy=5.543928 uniform_entropy=5.545177 entropy_gap=0.001250 max_probability_over_uniform=1.165847 min_probability_over_uniform=0.878419
RG_SCORE round=500 layer=features.17 mean_q=0.130015 max_q=0.199752 fraction_q_positive=1.000000 sampling_entropy=5.543321 uniform_entropy=5.545177 entropy_gap=0.001857 max_probability_over_uniform=1.268188 min_probability_over_uniform=0.855550
RG_SCORE round=500 layer=features.20 mean_q=0.121259 max_q=0.161637 fraction_q_positive=1.000000 sampling_entropy=5.543832 uniform_entropy=5.545177 entropy_gap=0.001346 max_probability_over_uniform=1.166494 min_probability_over_uniform=0.869159
RG_SCORE round=500 layer=features.24 mean_q=0.137320 max_q=0.195975 fraction_q_positive=1.000000 sampling_entropy=6.236306 uniform_entropy=6.238325 entropy_gap=0.002019 max_probability_over_uniform=1.213572 min_probability_over_uniform=0.805140
RG_SCORE round=500 layer=features.27 mean_q=0.141715 max_q=0.200487 fraction_q_positive=1.000000 sampling_entropy=6.236205 uniform_entropy=6.238325 entropy_gap=0.002119 max_probability_over_uniform=1.207358 min_probability_over_uniform=0.832650
RG_SCORE round=500 layer=features.30 mean_q=0.120090 max_q=0.176167 fraction_q_positive=1.000000 sampling_entropy=6.235580 uniform_entropy=6.238325 entropy_gap=0.002745 max_probability_over_uniform=1.233478 min_probability_over_uniform=0.755878
RG_SCORE round=500 layer=features.34 mean_q=0.223119 max_q=0.358395 fraction_q_positive=0.998047 sampling_entropy=6.228005 uniform_entropy=6.238325 entropy_gap=0.010320 max_probability_over_uniform=1.303148 min_probability_over_uniform=0.500000
RG_SCORE round=500 layer=features.37 mean_q=0.188914 max_q=0.326253 fraction_q_positive=0.998047 sampling_entropy=6.221468 uniform_entropy=6.238325 entropy_gap=0.016857 max_probability_over_uniform=1.363497 min_probability_over_uniform=0.500000
RG_SCORE round=500 layer=features.40 mean_q=0.099863 max_q=0.326139 fraction_q_positive=0.923828 sampling_entropy=6.182977 uniform_entropy=6.238325 entropy_gap=0.055348 max_probability_over_uniform=2.132936 min_probability_over_uniform=0.500000
ROUND_ACCURACY method=FedPhoenixRG round=500 accuracy=80.370003
********************************************************************************
Round 500
ROUND_ACCURACY method=FedPhoenixRG round=501 accuracy=77.449997
********************************************************************************
Round 501
ROUND_ACCURACY method=FedPhoenixRG round=502 accuracy=76.690002
********************************************************************************
Round 502
ROUND_ACCURACY method=FedPhoenixRG round=503 accuracy=75.779999
********************************************************************************
Round 503
ROUND_ACCURACY method=FedPhoenixRG round=504 accuracy=79.180000
********************************************************************************
Round 504
ROUND_ACCURACY method=FedPhoenixRG round=505 accuracy=78.589996
********************************************************************************
Round 505
ROUND_ACCURACY method=FedPhoenixRG round=506 accuracy=65.610001
********************************************************************************
Round 506
ROUND_ACCURACY method=FedPhoenixRG round=507 accuracy=54.970001
********************************************************************************
Round 507
ROUND_ACCURACY method=FedPhoenixRG round=508 accuracy=71.970001
********************************************************************************
Round 508
ROUND_ACCURACY method=FedPhoenixRG round=509 accuracy=71.639999
********************************************************************************
Round 509
ROUND_ACCURACY method=FedPhoenixRG round=510 accuracy=72.250000
********************************************************************************
Round 510
ROUND_ACCURACY method=FedPhoenixRG round=511 accuracy=67.769997
********************************************************************************
Round 511
ROUND_ACCURACY method=FedPhoenixRG round=512 accuracy=67.199997
********************************************************************************
Round 512
ROUND_ACCURACY method=FedPhoenixRG round=513 accuracy=67.529999
********************************************************************************
Round 513
ROUND_ACCURACY method=FedPhoenixRG round=514 accuracy=72.099998
********************************************************************************
Round 514
ROUND_ACCURACY method=FedPhoenixRG round=515 accuracy=79.139999
********************************************************************************
Round 515
ROUND_ACCURACY method=FedPhoenixRG round=516 accuracy=77.320000
********************************************************************************
Round 516
ROUND_ACCURACY method=FedPhoenixRG round=517 accuracy=73.150002
********************************************************************************
Round 517
ROUND_ACCURACY method=FedPhoenixRG round=518 accuracy=71.870003
********************************************************************************
Round 518
ROUND_ACCURACY method=FedPhoenixRG round=519 accuracy=72.410004
********************************************************************************
Round 519
RG_SCORE round=520 layer=features.0 mean_q=0.089497 max_q=0.354462 fraction_q_positive=0.796875 sampling_entropy=4.052215 uniform_entropy=4.158883 entropy_gap=0.106668 max_probability_over_uniform=2.480300 min_probability_over_uniform=0.500000
RG_SCORE round=520 layer=features.3 mean_q=0.073418 max_q=0.117076 fraction_q_positive=0.984375 sampling_entropy=4.144459 uniform_entropy=4.158883 entropy_gap=0.014424 max_probability_over_uniform=1.297321 min_probability_over_uniform=0.500000
RG_SCORE round=520 layer=features.7 mean_q=0.079839 max_q=0.168834 fraction_q_positive=1.000000 sampling_entropy=4.838658 uniform_entropy=4.852030 entropy_gap=0.013373 max_probability_over_uniform=1.557338 min_probability_over_uniform=0.536162
RG_SCORE round=520 layer=features.10 mean_q=0.078121 max_q=0.120731 fraction_q_positive=1.000000 sampling_entropy=4.846655 uniform_entropy=4.852030 entropy_gap=0.005375 max_probability_over_uniform=1.272721 min_probability_over_uniform=0.758910
RG_SCORE round=520 layer=features.14 mean_q=0.083969 max_q=0.143292 fraction_q_positive=1.000000 sampling_entropy=5.539104 uniform_entropy=5.545177 entropy_gap=0.006073 max_probability_over_uniform=1.353241 min_probability_over_uniform=0.552988
RG_SCORE round=520 layer=features.17 mean_q=0.083829 max_q=0.152002 fraction_q_positive=1.000000 sampling_entropy=5.538130 uniform_entropy=5.545177 entropy_gap=0.007048 max_probability_over_uniform=1.406622 min_probability_over_uniform=0.582719
RG_SCORE round=520 layer=features.20 mean_q=0.079685 max_q=0.123139 fraction_q_positive=1.000000 sampling_entropy=5.539750 uniform_entropy=5.545177 entropy_gap=0.005428 max_probability_over_uniform=1.272655 min_probability_over_uniform=0.650305
RG_SCORE round=520 layer=features.24 mean_q=0.098000 max_q=0.165816 fraction_q_positive=1.000000 sampling_entropy=6.230253 uniform_entropy=6.238325 entropy_gap=0.008072 max_probability_over_uniform=1.345997 min_probability_over_uniform=0.634265
RG_SCORE round=520 layer=features.27 mean_q=0.108832 max_q=0.169724 fraction_q_positive=1.000000 sampling_entropy=6.231157 uniform_entropy=6.238325 entropy_gap=0.007167 max_probability_over_uniform=1.279751 min_probability_over_uniform=0.601947
RG_SCORE round=520 layer=features.30 mean_q=0.097571 max_q=0.154181 fraction_q_positive=1.000000 sampling_entropy=6.231369 uniform_entropy=6.238325 entropy_gap=0.006956 max_probability_over_uniform=1.290096 min_probability_over_uniform=0.527226
RG_SCORE round=520 layer=features.34 mean_q=0.220384 max_q=0.362992 fraction_q_positive=0.996094 sampling_entropy=6.225895 uniform_entropy=6.238325 entropy_gap=0.012430 max_probability_over_uniform=1.323545 min_probability_over_uniform=0.500000
RG_SCORE round=520 layer=features.37 mean_q=0.204688 max_q=0.377094 fraction_q_positive=0.998047 sampling_entropy=6.223045 uniform_entropy=6.238325 entropy_gap=0.015280 max_probability_over_uniform=1.421145 min_probability_over_uniform=0.500000
RG_SCORE round=520 layer=features.40 mean_q=0.111476 max_q=0.419916 fraction_q_positive=0.873047 sampling_entropy=6.169532 uniform_entropy=6.238325 entropy_gap=0.068793 max_probability_over_uniform=2.383438 min_probability_over_uniform=0.500000
ROUND_ACCURACY method=FedPhoenixRG round=520 accuracy=75.760002
********************************************************************************
Round 520
ROUND_ACCURACY method=FedPhoenixRG round=521 accuracy=71.779999
********************************************************************************
Round 521
ROUND_ACCURACY method=FedPhoenixRG round=522 accuracy=73.309998
********************************************************************************
Round 522
ROUND_ACCURACY method=FedPhoenixRG round=523 accuracy=70.410004
********************************************************************************
Round 523
ROUND_ACCURACY method=FedPhoenixRG round=524 accuracy=78.459999
********************************************************************************
Round 524
ROUND_ACCURACY method=FedPhoenixRG round=525 accuracy=75.279999
********************************************************************************
Round 525
ROUND_ACCURACY method=FedPhoenixRG round=526 accuracy=76.970001
********************************************************************************
Round 526
ROUND_ACCURACY method=FedPhoenixRG round=527 accuracy=74.029999
********************************************************************************
Round 527
ROUND_ACCURACY method=FedPhoenixRG round=528 accuracy=76.300003
********************************************************************************
Round 528
ROUND_ACCURACY method=FedPhoenixRG round=529 accuracy=78.860001
********************************************************************************
Round 529
ROUND_ACCURACY method=FedPhoenixRG round=530 accuracy=78.839996
********************************************************************************
Round 530
ROUND_ACCURACY method=FedPhoenixRG round=531 accuracy=69.339996
********************************************************************************
Round 531
ROUND_ACCURACY method=FedPhoenixRG round=532 accuracy=72.720001
********************************************************************************
Round 532
ROUND_ACCURACY method=FedPhoenixRG round=533 accuracy=78.110001
********************************************************************************
Round 533
ROUND_ACCURACY method=FedPhoenixRG round=534 accuracy=76.980003
********************************************************************************
Round 534
ROUND_ACCURACY method=FedPhoenixRG round=535 accuracy=76.860001
********************************************************************************
Round 535
ROUND_ACCURACY method=FedPhoenixRG round=536 accuracy=78.529999
********************************************************************************
Round 536
ROUND_ACCURACY method=FedPhoenixRG round=537 accuracy=78.500000
********************************************************************************
Round 537
ROUND_ACCURACY method=FedPhoenixRG round=538 accuracy=78.070000
********************************************************************************
Round 538
ROUND_ACCURACY method=FedPhoenixRG round=539 accuracy=79.169998
********************************************************************************
Round 539
RG_SCORE round=540 layer=features.0 mean_q=0.128550 max_q=0.355093 fraction_q_positive=0.921875 sampling_entropy=4.115650 uniform_entropy=4.158883 entropy_gap=0.043234 max_probability_over_uniform=1.881147 min_probability_over_uniform=0.500000
RG_SCORE round=540 layer=features.3 mean_q=0.110901 max_q=0.142826 fraction_q_positive=1.000000 sampling_entropy=4.155970 uniform_entropy=4.158883 entropy_gap=0.002913 max_probability_over_uniform=1.143932 min_probability_over_uniform=0.791663
RG_SCORE round=540 layer=features.7 mean_q=0.119176 max_q=0.201141 fraction_q_positive=1.000000 sampling_entropy=4.848620 uniform_entropy=4.852030 entropy_gap=0.003410 max_probability_over_uniform=1.343879 min_probability_over_uniform=0.787600
RG_SCORE round=540 layer=features.10 mean_q=0.114357 max_q=0.138305 fraction_q_positive=1.000000 sampling_entropy=4.850694 uniform_entropy=4.852030 entropy_gap=0.001336 max_probability_over_uniform=1.104707 min_probability_over_uniform=0.865267
RG_SCORE round=540 layer=features.14 mean_q=0.118811 max_q=0.187670 fraction_q_positive=1.000000 sampling_entropy=5.543208 uniform_entropy=5.545177 entropy_gap=0.001969 max_probability_over_uniform=1.289785 min_probability_over_uniform=0.837570
RG_SCORE round=540 layer=features.17 mean_q=0.117274 max_q=0.168690 fraction_q_positive=1.000000 sampling_entropy=5.543140 uniform_entropy=5.545177 entropy_gap=0.002038 max_probability_over_uniform=1.219217 min_probability_over_uniform=0.854266
RG_SCORE round=540 layer=features.20 mean_q=0.109048 max_q=0.137816 fraction_q_positive=1.000000 sampling_entropy=5.544002 uniform_entropy=5.545177 entropy_gap=0.001176 max_probability_over_uniform=1.131903 min_probability_over_uniform=0.798847
RG_SCORE round=540 layer=features.24 mean_q=0.133034 max_q=0.199663 fraction_q_positive=1.000000 sampling_entropy=6.236393 uniform_entropy=6.238325 entropy_gap=0.001932 max_probability_over_uniform=1.250420 min_probability_over_uniform=0.819208
RG_SCORE round=540 layer=features.27 mean_q=0.144149 max_q=0.199227 fraction_q_positive=1.000000 sampling_entropy=6.235871 uniform_entropy=6.238325 entropy_gap=0.002454 max_probability_over_uniform=1.191046 min_probability_over_uniform=0.721989
RG_SCORE round=540 layer=features.30 mean_q=0.123673 max_q=0.178460 fraction_q_positive=1.000000 sampling_entropy=6.236204 uniform_entropy=6.238325 entropy_gap=0.002121 max_probability_over_uniform=1.221500 min_probability_over_uniform=0.758900
RG_SCORE round=540 layer=features.34 mean_q=0.269222 max_q=0.369709 fraction_q_positive=1.000000 sampling_entropy=6.234204 uniform_entropy=6.238325 entropy_gap=0.004120 max_probability_over_uniform=1.186623 min_probability_over_uniform=0.633150
RG_SCORE round=540 layer=features.37 mean_q=0.287261 max_q=0.400871 fraction_q_positive=1.000000 sampling_entropy=6.233682 uniform_entropy=6.238325 entropy_gap=0.004642 max_probability_over_uniform=1.197746 min_probability_over_uniform=0.535062
RG_SCORE round=540 layer=features.40 mean_q=0.224764 max_q=0.439226 fraction_q_positive=0.998047 sampling_entropy=6.221329 uniform_entropy=6.238325 entropy_gap=0.016996 max_probability_over_uniform=1.477082 min_probability_over_uniform=0.500000
ROUND_ACCURACY method=FedPhoenixRG round=540 accuracy=67.489998
********************************************************************************
Round 540
ROUND_ACCURACY method=FedPhoenixRG round=541 accuracy=61.250000
********************************************************************************
Round 541
ROUND_ACCURACY method=FedPhoenixRG round=542 accuracy=67.570000
********************************************************************************
Round 542
ROUND_ACCURACY method=FedPhoenixRG round=543 accuracy=69.190002
********************************************************************************
Round 543
ROUND_ACCURACY method=FedPhoenixRG round=544 accuracy=75.160004
********************************************************************************
Round 544
ROUND_ACCURACY method=FedPhoenixRG round=545 accuracy=73.360001
********************************************************************************
Round 545
ROUND_ACCURACY method=FedPhoenixRG round=546 accuracy=72.099998
********************************************************************************
Round 546
ROUND_ACCURACY method=FedPhoenixRG round=547 accuracy=69.110001
********************************************************************************
Round 547
ROUND_ACCURACY method=FedPhoenixRG round=548 accuracy=68.290001
********************************************************************************
Round 548
ROUND_ACCURACY method=FedPhoenixRG round=549 accuracy=55.950001
********************************************************************************
Round 549
ROUND_ACCURACY method=FedPhoenixRG round=550 accuracy=76.279999
********************************************************************************
Round 550
ROUND_ACCURACY method=FedPhoenixRG round=551 accuracy=74.879997
********************************************************************************
Round 551
ROUND_ACCURACY method=FedPhoenixRG round=552 accuracy=79.160004
********************************************************************************
Round 552
ROUND_ACCURACY method=FedPhoenixRG round=553 accuracy=79.070000
********************************************************************************
Round 553
ROUND_ACCURACY method=FedPhoenixRG round=554 accuracy=73.989998
********************************************************************************
Round 554
ROUND_ACCURACY method=FedPhoenixRG round=555 accuracy=77.559998
********************************************************************************
Round 555
ROUND_ACCURACY method=FedPhoenixRG round=556 accuracy=77.129997
********************************************************************************
Round 556
ROUND_ACCURACY method=FedPhoenixRG round=557 accuracy=76.529999
********************************************************************************
Round 557
ROUND_ACCURACY method=FedPhoenixRG round=558 accuracy=79.070000
********************************************************************************
Round 558
ROUND_ACCURACY method=FedPhoenixRG round=559 accuracy=73.180000
********************************************************************************
Round 559
RG_SCORE round=560 layer=features.0 mean_q=0.059038 max_q=0.202459 fraction_q_positive=0.734375 sampling_entropy=4.045514 uniform_entropy=4.158883 entropy_gap=0.113369 max_probability_over_uniform=2.214648 min_probability_over_uniform=0.500000
RG_SCORE round=560 layer=features.3 mean_q=0.092961 max_q=0.137989 fraction_q_positive=1.000000 sampling_entropy=4.153257 uniform_entropy=4.158883 entropy_gap=0.005626 max_probability_over_uniform=1.242193 min_probability_over_uniform=0.738024
RG_SCORE round=560 layer=features.7 mean_q=0.091398 max_q=0.154150 fraction_q_positive=1.000000 sampling_entropy=4.846212 uniform_entropy=4.852030 entropy_gap=0.005819 max_probability_over_uniform=1.343294 min_probability_over_uniform=0.761839
RG_SCORE round=560 layer=features.10 mean_q=0.089538 max_q=0.116125 fraction_q_positive=1.000000 sampling_entropy=4.848958 uniform_entropy=4.852030 entropy_gap=0.003072 max_probability_over_uniform=1.148467 min_probability_over_uniform=0.770788
RG_SCORE round=560 layer=features.14 mean_q=0.091764 max_q=0.164904 fraction_q_positive=1.000000 sampling_entropy=5.542104 uniform_entropy=5.545177 entropy_gap=0.003073 max_probability_over_uniform=1.398527 min_probability_over_uniform=0.797632
RG_SCORE round=560 layer=features.17 mean_q=0.090019 max_q=0.142981 fraction_q_positive=1.000000 sampling_entropy=5.541787 uniform_entropy=5.545177 entropy_gap=0.003390 max_probability_over_uniform=1.294172 min_probability_over_uniform=0.826142
RG_SCORE round=560 layer=features.20 mean_q=0.080096 max_q=0.120424 fraction_q_positive=1.000000 sampling_entropy=5.542243 uniform_entropy=5.545177 entropy_gap=0.002934 max_probability_over_uniform=1.251748 min_probability_over_uniform=0.833124
RG_SCORE round=560 layer=features.24 mean_q=0.093804 max_q=0.155800 fraction_q_positive=1.000000 sampling_entropy=6.232059 uniform_entropy=6.238325 entropy_gap=0.006265 max_probability_over_uniform=1.330454 min_probability_over_uniform=0.622592
RG_SCORE round=560 layer=features.27 mean_q=0.097081 max_q=0.158524 fraction_q_positive=1.000000 sampling_entropy=6.231228 uniform_entropy=6.238325 entropy_gap=0.007097 max_probability_over_uniform=1.316454 min_probability_over_uniform=0.681969
RG_SCORE round=560 layer=features.30 mean_q=0.081505 max_q=0.150147 fraction_q_positive=1.000000 sampling_entropy=6.228883 uniform_entropy=6.238325 entropy_gap=0.009442 max_probability_over_uniform=1.421093 min_probability_over_uniform=0.602048
RG_SCORE round=560 layer=features.34 mean_q=0.175691 max_q=0.387217 fraction_q_positive=1.000000 sampling_entropy=6.219255 uniform_entropy=6.238325 entropy_gap=0.019070 max_probability_over_uniform=1.601985 min_probability_over_uniform=0.508422
RG_SCORE round=560 layer=features.37 mean_q=0.174310 max_q=0.334727 fraction_q_positive=0.998047 sampling_entropy=6.221849 uniform_entropy=6.238325 entropy_gap=0.016476 max_probability_over_uniform=1.460149 min_probability_over_uniform=0.500000
RG_SCORE round=560 layer=features.40 mean_q=0.098169 max_q=0.281364 fraction_q_positive=0.974609 sampling_entropy=6.197947 uniform_entropy=6.238325 entropy_gap=0.040378 max_probability_over_uniform=1.933058 min_probability_over_uniform=0.500000
ROUND_ACCURACY method=FedPhoenixRG round=560 accuracy=74.839996
********************************************************************************
Round 560
ROUND_ACCURACY method=FedPhoenixRG round=561 accuracy=81.059998
********************************************************************************
Round 561
ROUND_ACCURACY method=FedPhoenixRG round=562 accuracy=77.610001
********************************************************************************
Round 562
ROUND_ACCURACY method=FedPhoenixRG round=563 accuracy=71.220001
********************************************************************************
Round 563
ROUND_ACCURACY method=FedPhoenixRG round=564 accuracy=76.980003
********************************************************************************
Round 564
ROUND_ACCURACY method=FedPhoenixRG round=565 accuracy=75.849998
********************************************************************************
Round 565
ROUND_ACCURACY method=FedPhoenixRG round=566 accuracy=69.800003
********************************************************************************
Round 566
ROUND_ACCURACY method=FedPhoenixRG round=567 accuracy=75.879997
********************************************************************************
Round 567
ROUND_ACCURACY method=FedPhoenixRG round=568 accuracy=69.260002
********************************************************************************
Round 568
ROUND_ACCURACY method=FedPhoenixRG round=569 accuracy=68.680000
********************************************************************************
Round 569
ROUND_ACCURACY method=FedPhoenixRG round=570 accuracy=69.919998
********************************************************************************
Round 570
ROUND_ACCURACY method=FedPhoenixRG round=571 accuracy=67.019997
********************************************************************************
Round 571
ROUND_ACCURACY method=FedPhoenixRG round=572 accuracy=76.120003
********************************************************************************
Round 572
ROUND_ACCURACY method=FedPhoenixRG round=573 accuracy=78.860001
********************************************************************************
Round 573
ROUND_ACCURACY method=FedPhoenixRG round=574 accuracy=81.120003
********************************************************************************
Round 574
ROUND_ACCURACY method=FedPhoenixRG round=575 accuracy=68.510002
********************************************************************************
Round 575
ROUND_ACCURACY method=FedPhoenixRG round=576 accuracy=73.099998
********************************************************************************
Round 576
ROUND_ACCURACY method=FedPhoenixRG round=577 accuracy=80.239998
********************************************************************************
Round 577
ROUND_ACCURACY method=FedPhoenixRG round=578 accuracy=69.540001
********************************************************************************
Round 578
ROUND_ACCURACY method=FedPhoenixRG round=579 accuracy=49.320000
********************************************************************************
Round 579
RG_SCORE round=580 layer=features.0 mean_q=0.086809 max_q=0.305246 fraction_q_positive=0.781250 sampling_entropy=4.054553 uniform_entropy=4.158883 entropy_gap=0.104330 max_probability_over_uniform=2.258145 min_probability_over_uniform=0.500000
RG_SCORE round=580 layer=features.3 mean_q=0.094351 max_q=0.178649 fraction_q_positive=1.000000 sampling_entropy=4.146559 uniform_entropy=4.158883 entropy_gap=0.012324 max_probability_over_uniform=1.446728 min_probability_over_uniform=0.582152
RG_SCORE round=580 layer=features.7 mean_q=0.085444 max_q=0.148900 fraction_q_positive=1.000000 sampling_entropy=4.841937 uniform_entropy=4.852030 entropy_gap=0.010093 max_probability_over_uniform=1.371336 min_probability_over_uniform=0.599997
RG_SCORE round=580 layer=features.10 mean_q=0.087762 max_q=0.118923 fraction_q_positive=1.000000 sampling_entropy=4.849058 uniform_entropy=4.852030 entropy_gap=0.002972 max_probability_over_uniform=1.177528 min_probability_over_uniform=0.761558
RG_SCORE round=580 layer=features.14 mean_q=0.094121 max_q=0.175507 fraction_q_positive=1.000000 sampling_entropy=5.540299 uniform_entropy=5.545177 entropy_gap=0.004879 max_probability_over_uniform=1.432354 min_probability_over_uniform=0.703768
RG_SCORE round=580 layer=features.17 mean_q=0.091165 max_q=0.138821 fraction_q_positive=1.000000 sampling_entropy=5.541490 uniform_entropy=5.545177 entropy_gap=0.003688 max_probability_over_uniform=1.261375 min_probability_over_uniform=0.730555
RG_SCORE round=580 layer=features.20 mean_q=0.075681 max_q=0.106627 fraction_q_positive=1.000000 sampling_entropy=5.540888 uniform_entropy=5.545177 entropy_gap=0.004290 max_probability_over_uniform=1.204455 min_probability_over_uniform=0.746299
RG_SCORE round=580 layer=features.24 mean_q=0.099268 max_q=0.190381 fraction_q_positive=1.000000 sampling_entropy=6.227166 uniform_entropy=6.238325 entropy_gap=0.011158 max_probability_over_uniform=1.458923 min_probability_over_uniform=0.628589
RG_SCORE round=580 layer=features.27 mean_q=0.109075 max_q=0.199740 fraction_q_positive=1.000000 sampling_entropy=6.229875 uniform_entropy=6.238325 entropy_gap=0.008449 max_probability_over_uniform=1.415605 min_probability_over_uniform=0.579131
RG_SCORE round=580 layer=features.30 mean_q=0.089468 max_q=0.156766 fraction_q_positive=1.000000 sampling_entropy=6.227252 uniform_entropy=6.238325 entropy_gap=0.011073 max_probability_over_uniform=1.376100 min_probability_over_uniform=0.551826
RG_SCORE round=580 layer=features.34 mean_q=0.217169 max_q=0.450550 fraction_q_positive=0.992188 sampling_entropy=6.222351 uniform_entropy=6.238325 entropy_gap=0.015973 max_probability_over_uniform=1.537325 min_probability_over_uniform=0.500000
RG_SCORE round=580 layer=features.37 mean_q=0.211539 max_q=0.394398 fraction_q_positive=0.990234 sampling_entropy=6.220758 uniform_entropy=6.238325 entropy_gap=0.017566 max_probability_over_uniform=1.432211 min_probability_over_uniform=0.500000
RG_SCORE round=580 layer=features.40 mean_q=0.150315 max_q=0.473445 fraction_q_positive=0.957031 sampling_entropy=6.203298 uniform_entropy=6.238325 entropy_gap=0.035027 max_probability_over_uniform=2.074845 min_probability_over_uniform=0.500000
ROUND_ACCURACY method=FedPhoenixRG round=580 accuracy=77.800003
********************************************************************************
Round 580
ROUND_ACCURACY method=FedPhoenixRG round=581 accuracy=75.730003
********************************************************************************
Round 581
ROUND_ACCURACY method=FedPhoenixRG round=582 accuracy=78.489998
********************************************************************************
Round 582
ROUND_ACCURACY method=FedPhoenixRG round=583 accuracy=75.339996
********************************************************************************
Round 583
ROUND_ACCURACY method=FedPhoenixRG round=584 accuracy=77.589996
********************************************************************************
Round 584
ROUND_ACCURACY method=FedPhoenixRG round=585 accuracy=76.519997
********************************************************************************
Round 585
ROUND_ACCURACY method=FedPhoenixRG round=586 accuracy=75.589996
********************************************************************************
Round 586
ROUND_ACCURACY method=FedPhoenixRG round=587 accuracy=67.989998
********************************************************************************
Round 587
ROUND_ACCURACY method=FedPhoenixRG round=588 accuracy=70.290001
********************************************************************************
Round 588
ROUND_ACCURACY method=FedPhoenixRG round=589 accuracy=76.000000
********************************************************************************
Round 589
ROUND_ACCURACY method=FedPhoenixRG round=590 accuracy=75.919998
********************************************************************************
Round 590
ROUND_ACCURACY method=FedPhoenixRG round=591 accuracy=62.430000
********************************************************************************
Round 591
ROUND_ACCURACY method=FedPhoenixRG round=592 accuracy=62.880001
********************************************************************************
Round 592
ROUND_ACCURACY method=FedPhoenixRG round=593 accuracy=78.970001
********************************************************************************
Round 593
ROUND_ACCURACY method=FedPhoenixRG round=594 accuracy=74.750000
********************************************************************************
Round 594
ROUND_ACCURACY method=FedPhoenixRG round=595 accuracy=79.050003
********************************************************************************
Round 595
ROUND_ACCURACY method=FedPhoenixRG round=596 accuracy=77.529999
********************************************************************************
Round 596
ROUND_ACCURACY method=FedPhoenixRG round=597 accuracy=76.980003
********************************************************************************
Round 597
ROUND_ACCURACY method=FedPhoenixRG round=598 accuracy=73.570000
********************************************************************************
Round 598
ROUND_ACCURACY method=FedPhoenixRG round=599 accuracy=76.150002
********************************************************************************
Round 599
RG_SCORE round=600 layer=features.0 mean_q=0.118975 max_q=0.266649 fraction_q_positive=0.968750 sampling_entropy=4.113187 uniform_entropy=4.158883 entropy_gap=0.045696 max_probability_over_uniform=1.620609 min_probability_over_uniform=0.500000
RG_SCORE round=600 layer=features.3 mean_q=0.100272 max_q=0.144071 fraction_q_positive=1.000000 sampling_entropy=4.153739 uniform_entropy=4.158883 entropy_gap=0.005144 max_probability_over_uniform=1.218398 min_probability_over_uniform=0.778395
RG_SCORE round=600 layer=features.7 mean_q=0.107999 max_q=0.139177 fraction_q_positive=1.000000 sampling_entropy=4.849204 uniform_entropy=4.852030 entropy_gap=0.002826 max_probability_over_uniform=1.144343 min_probability_over_uniform=0.788071
RG_SCORE round=600 layer=features.10 mean_q=0.101147 max_q=0.127881 fraction_q_positive=1.000000 sampling_entropy=4.850673 uniform_entropy=4.852030 entropy_gap=0.001357 max_probability_over_uniform=1.132151 min_probability_over_uniform=0.857792
RG_SCORE round=600 layer=features.14 mean_q=0.108342 max_q=0.169489 fraction_q_positive=1.000000 sampling_entropy=5.543556 uniform_entropy=5.545177 entropy_gap=0.001621 max_probability_over_uniform=1.282193 min_probability_over_uniform=0.855551
RG_SCORE round=600 layer=features.17 mean_q=0.110950 max_q=0.154557 fraction_q_positive=1.000000 sampling_entropy=5.543791 uniform_entropy=5.545177 entropy_gap=0.001386 max_probability_over_uniform=1.196515 min_probability_over_uniform=0.870069
RG_SCORE round=600 layer=features.20 mean_q=0.099607 max_q=0.123838 fraction_q_positive=1.000000 sampling_entropy=5.544033 uniform_entropy=5.545177 entropy_gap=0.001145 max_probability_over_uniform=1.121638 min_probability_over_uniform=0.857502
RG_SCORE round=600 layer=features.24 mean_q=0.129465 max_q=0.182880 fraction_q_positive=1.000000 sampling_entropy=6.236394 uniform_entropy=6.238325 entropy_gap=0.001930 max_probability_over_uniform=1.206293 min_probability_over_uniform=0.726247
RG_SCORE round=600 layer=features.27 mean_q=0.142775 max_q=0.213471 fraction_q_positive=1.000000 sampling_entropy=6.235946 uniform_entropy=6.238325 entropy_gap=0.002379 max_probability_over_uniform=1.247578 min_probability_over_uniform=0.819635
RG_SCORE round=600 layer=features.30 mean_q=0.124460 max_q=0.174772 fraction_q_positive=1.000000 sampling_entropy=6.235933 uniform_entropy=6.238325 entropy_gap=0.002392 max_probability_over_uniform=1.202120 min_probability_over_uniform=0.765723
RG_SCORE round=600 layer=features.34 mean_q=0.268888 max_q=0.369675 fraction_q_positive=1.000000 sampling_entropy=6.235362 uniform_entropy=6.238325 entropy_gap=0.002962 max_probability_over_uniform=1.187415 min_probability_over_uniform=0.694480
RG_SCORE round=600 layer=features.37 mean_q=0.260845 max_q=0.354233 fraction_q_positive=1.000000 sampling_entropy=6.235516 uniform_entropy=6.238325 entropy_gap=0.002809 max_probability_over_uniform=1.179011 min_probability_over_uniform=0.766554
RG_SCORE round=600 layer=features.40 mean_q=0.200902 max_q=0.423506 fraction_q_positive=0.998047 sampling_entropy=6.222087 uniform_entropy=6.238325 entropy_gap=0.016238 max_probability_over_uniform=1.554013 min_probability_over_uniform=0.500000
ROUND_ACCURACY method=FedPhoenixRG round=600 accuracy=78.440002
********************************************************************************
Round 600
ROUND_ACCURACY method=FedPhoenixRG round=601 accuracy=78.349998
********************************************************************************
Round 601
ROUND_ACCURACY method=FedPhoenixRG round=602 accuracy=79.779999
********************************************************************************
Round 602
ROUND_ACCURACY method=FedPhoenixRG round=603 accuracy=80.870003
********************************************************************************
Round 603
ROUND_ACCURACY method=FedPhoenixRG round=604 accuracy=78.410004
********************************************************************************
Round 604
ROUND_ACCURACY method=FedPhoenixRG round=605 accuracy=75.970001
********************************************************************************
Round 605
ROUND_ACCURACY method=FedPhoenixRG round=606 accuracy=78.980003
********************************************************************************
Round 606
ROUND_ACCURACY method=FedPhoenixRG round=607 accuracy=67.169998
********************************************************************************
Round 607
ROUND_ACCURACY method=FedPhoenixRG round=608 accuracy=75.940002
********************************************************************************
Round 608
ROUND_ACCURACY method=FedPhoenixRG round=609 accuracy=81.029999
********************************************************************************
Round 609
ROUND_ACCURACY method=FedPhoenixRG round=610 accuracy=70.070000
********************************************************************************
Round 610
ROUND_ACCURACY method=FedPhoenixRG round=611 accuracy=80.500000
********************************************************************************
Round 611
ROUND_ACCURACY method=FedPhoenixRG round=612 accuracy=79.830002
********************************************************************************
Round 612
ROUND_ACCURACY method=FedPhoenixRG round=613 accuracy=77.879997
********************************************************************************
Round 613
ROUND_ACCURACY method=FedPhoenixRG round=614 accuracy=73.730003
********************************************************************************
Round 614
ROUND_ACCURACY method=FedPhoenixRG round=615 accuracy=74.870003
********************************************************************************
Round 615
ROUND_ACCURACY method=FedPhoenixRG round=616 accuracy=78.180000
********************************************************************************
Round 616
ROUND_ACCURACY method=FedPhoenixRG round=617 accuracy=79.889999
********************************************************************************
Round 617
ROUND_ACCURACY method=FedPhoenixRG round=618 accuracy=76.320000
********************************************************************************
Round 618
ROUND_ACCURACY method=FedPhoenixRG round=619 accuracy=67.430000
********************************************************************************
Round 619
RG_SCORE round=620 layer=features.0 mean_q=0.109873 max_q=0.301412 fraction_q_positive=0.921875 sampling_entropy=4.107739 uniform_entropy=4.158883 entropy_gap=0.051144 max_probability_over_uniform=1.871643 min_probability_over_uniform=0.500000
RG_SCORE round=620 layer=features.3 mean_q=0.100845 max_q=0.135147 fraction_q_positive=1.000000 sampling_entropy=4.154242 uniform_entropy=4.158883 entropy_gap=0.004642 max_probability_over_uniform=1.170074 min_probability_over_uniform=0.763845
RG_SCORE round=620 layer=features.7 mean_q=0.101471 max_q=0.147823 fraction_q_positive=1.000000 sampling_entropy=4.848847 uniform_entropy=4.852030 entropy_gap=0.003184 max_probability_over_uniform=1.228400 min_probability_over_uniform=0.812559
RG_SCORE round=620 layer=features.10 mean_q=0.099224 max_q=0.129611 fraction_q_positive=1.000000 sampling_entropy=4.850510 uniform_entropy=4.852030 entropy_gap=0.001521 max_probability_over_uniform=1.153122 min_probability_over_uniform=0.860811
RG_SCORE round=620 layer=features.14 mean_q=0.109211 max_q=0.157604 fraction_q_positive=1.000000 sampling_entropy=5.543345 uniform_entropy=5.545177 entropy_gap=0.001832 max_probability_over_uniform=1.221555 min_probability_over_uniform=0.857468
RG_SCORE round=620 layer=features.17 mean_q=0.110113 max_q=0.148244 fraction_q_positive=1.000000 sampling_entropy=5.543297 uniform_entropy=5.545177 entropy_gap=0.001881 max_probability_over_uniform=1.173143 min_probability_over_uniform=0.876893
RG_SCORE round=620 layer=features.20 mean_q=0.095170 max_q=0.124286 fraction_q_positive=1.000000 sampling_entropy=5.544142 uniform_entropy=5.545177 entropy_gap=0.001035 max_probability_over_uniform=1.152969 min_probability_over_uniform=0.896520
RG_SCORE round=620 layer=features.24 mean_q=0.133150 max_q=0.189899 fraction_q_positive=1.000000 sampling_entropy=6.236530 uniform_entropy=6.238325 entropy_gap=0.001795 max_probability_over_uniform=1.213102 min_probability_over_uniform=0.808679
RG_SCORE round=620 layer=features.27 mean_q=0.148214 max_q=0.207926 fraction_q_positive=1.000000 sampling_entropy=6.236131 uniform_entropy=6.238325 entropy_gap=0.002193 max_probability_over_uniform=1.201436 min_probability_over_uniform=0.829804
RG_SCORE round=620 layer=features.30 mean_q=0.127416 max_q=0.184824 fraction_q_positive=1.000000 sampling_entropy=6.236172 uniform_entropy=6.238325 entropy_gap=0.002152 max_probability_over_uniform=1.225276 min_probability_over_uniform=0.842519
RG_SCORE round=620 layer=features.34 mean_q=0.287196 max_q=0.392298 fraction_q_positive=1.000000 sampling_entropy=6.233461 uniform_entropy=6.238325 entropy_gap=0.004864 max_probability_over_uniform=1.182980 min_probability_over_uniform=0.543590
RG_SCORE round=620 layer=features.37 mean_q=0.228568 max_q=0.456340 fraction_q_positive=0.982422 sampling_entropy=6.219493 uniform_entropy=6.238325 entropy_gap=0.018832 max_probability_over_uniform=1.498259 min_probability_over_uniform=0.500000
RG_SCORE round=620 layer=features.40 mean_q=0.133502 max_q=0.439055 fraction_q_positive=0.912109 sampling_entropy=6.174326 uniform_entropy=6.238325 entropy_gap=0.063998 max_probability_over_uniform=2.144379 min_probability_over_uniform=0.500000
ROUND_ACCURACY method=FedPhoenixRG round=620 accuracy=67.739998
********************************************************************************
Round 620
ROUND_ACCURACY method=FedPhoenixRG round=621 accuracy=70.889999
********************************************************************************
Round 621
ROUND_ACCURACY method=FedPhoenixRG round=622 accuracy=79.959999
********************************************************************************
Round 622
ROUND_ACCURACY method=FedPhoenixRG round=623 accuracy=58.270000
********************************************************************************
Round 623
ROUND_ACCURACY method=FedPhoenixRG round=624 accuracy=76.400002
********************************************************************************
Round 624
ROUND_ACCURACY method=FedPhoenixRG round=625 accuracy=78.610001
********************************************************************************
Round 625
ROUND_ACCURACY method=FedPhoenixRG round=626 accuracy=71.620003
********************************************************************************
Round 626
ROUND_ACCURACY method=FedPhoenixRG round=627 accuracy=76.400002
********************************************************************************
Round 627
ROUND_ACCURACY method=FedPhoenixRG round=628 accuracy=77.320000
********************************************************************************
Round 628
ROUND_ACCURACY method=FedPhoenixRG round=629 accuracy=79.440002
********************************************************************************
Round 629
ROUND_ACCURACY method=FedPhoenixRG round=630 accuracy=78.930000
********************************************************************************
Round 630
ROUND_ACCURACY method=FedPhoenixRG round=631 accuracy=78.650002
********************************************************************************
Round 631
ROUND_ACCURACY method=FedPhoenixRG round=632 accuracy=74.620003
********************************************************************************
Round 632
ROUND_ACCURACY method=FedPhoenixRG round=633 accuracy=68.019997
********************************************************************************
Round 633
ROUND_ACCURACY method=FedPhoenixRG round=634 accuracy=80.839996
********************************************************************************
Round 634
ROUND_ACCURACY method=FedPhoenixRG round=635 accuracy=76.730003
********************************************************************************
Round 635
ROUND_ACCURACY method=FedPhoenixRG round=636 accuracy=79.930000
********************************************************************************
Round 636
ROUND_ACCURACY method=FedPhoenixRG round=637 accuracy=79.489998
********************************************************************************
Round 637
ROUND_ACCURACY method=FedPhoenixRG round=638 accuracy=73.820000
********************************************************************************
Round 638
ROUND_ACCURACY method=FedPhoenixRG round=639 accuracy=66.239998
********************************************************************************
Round 639
RG_SCORE round=640 layer=features.0 mean_q=0.067223 max_q=0.214718 fraction_q_positive=0.734375 sampling_entropy=4.062890 uniform_entropy=4.158883 entropy_gap=0.095993 max_probability_over_uniform=2.097063 min_probability_over_uniform=0.500000
RG_SCORE round=640 layer=features.3 mean_q=0.077048 max_q=0.118612 fraction_q_positive=1.000000 sampling_entropy=4.148563 uniform_entropy=4.158883 entropy_gap=0.010320 max_probability_over_uniform=1.269727 min_probability_over_uniform=0.732674
RG_SCORE round=640 layer=features.7 mean_q=0.069537 max_q=0.125105 fraction_q_positive=0.984375 sampling_entropy=4.836161 uniform_entropy=4.852030 entropy_gap=0.015869 max_probability_over_uniform=1.399554 min_probability_over_uniform=0.500000
RG_SCORE round=640 layer=features.10 mean_q=0.072235 max_q=0.103145 fraction_q_positive=1.000000 sampling_entropy=4.847491 uniform_entropy=4.852030 entropy_gap=0.004539 max_probability_over_uniform=1.213960 min_probability_over_uniform=0.695067
RG_SCORE round=640 layer=features.14 mean_q=0.079667 max_q=0.126994 fraction_q_positive=1.000000 sampling_entropy=5.541777 uniform_entropy=5.545177 entropy_gap=0.003401 max_probability_over_uniform=1.297035 min_probability_over_uniform=0.707011
RG_SCORE round=640 layer=features.17 mean_q=0.082570 max_q=0.121807 fraction_q_positive=1.000000 sampling_entropy=5.542650 uniform_entropy=5.545177 entropy_gap=0.002527 max_probability_over_uniform=1.237598 min_probability_over_uniform=0.833566
RG_SCORE round=640 layer=features.20 mean_q=0.073789 max_q=0.098697 fraction_q_positive=1.000000 sampling_entropy=5.542584 uniform_entropy=5.545177 entropy_gap=0.002594 max_probability_over_uniform=1.168779 min_probability_over_uniform=0.831424
RG_SCORE round=640 layer=features.24 mean_q=0.097701 max_q=0.164794 fraction_q_positive=1.000000 sampling_entropy=6.233605 uniform_entropy=6.238325 entropy_gap=0.004719 max_probability_over_uniform=1.343362 min_probability_over_uniform=0.647553
RG_SCORE round=640 layer=features.27 mean_q=0.112712 max_q=0.180625 fraction_q_positive=1.000000 sampling_entropy=6.232321 uniform_entropy=6.238325 entropy_gap=0.006003 max_probability_over_uniform=1.301270 min_probability_over_uniform=0.697144
RG_SCORE round=640 layer=features.30 mean_q=0.098196 max_q=0.152455 fraction_q_positive=1.000000 sampling_entropy=6.233534 uniform_entropy=6.238325 entropy_gap=0.004790 max_probability_over_uniform=1.276282 min_probability_over_uniform=0.737044
RG_SCORE round=640 layer=features.34 mean_q=0.198675 max_q=0.357598 fraction_q_positive=0.992188 sampling_entropy=6.224619 uniform_entropy=6.238325 entropy_gap=0.013706 max_probability_over_uniform=1.399959 min_probability_over_uniform=0.500000
RG_SCORE round=640 layer=features.37 mean_q=0.173766 max_q=0.335099 fraction_q_positive=0.990234 sampling_entropy=6.220365 uniform_entropy=6.238325 entropy_gap=0.017960 max_probability_over_uniform=1.464227 min_probability_over_uniform=0.500000
RG_SCORE round=640 layer=features.40 mean_q=0.100256 max_q=0.366181 fraction_q_positive=0.908203 sampling_entropy=6.182451 uniform_entropy=6.238325 entropy_gap=0.055874 max_probability_over_uniform=2.326227 min_probability_over_uniform=0.500000
ROUND_ACCURACY method=FedPhoenixRG round=640 accuracy=77.980003
********************************************************************************
Round 640
ROUND_ACCURACY method=FedPhoenixRG round=641 accuracy=79.019997
********************************************************************************
Round 641
ROUND_ACCURACY method=FedPhoenixRG round=642 accuracy=79.290001
********************************************************************************
Round 642
ROUND_ACCURACY method=FedPhoenixRG round=643 accuracy=75.730003
********************************************************************************
Round 643
ROUND_ACCURACY method=FedPhoenixRG round=644 accuracy=73.150002
********************************************************************************
Round 644
ROUND_ACCURACY method=FedPhoenixRG round=645 accuracy=72.629997
********************************************************************************
Round 645
ROUND_ACCURACY method=FedPhoenixRG round=646 accuracy=74.730003
********************************************************************************
Round 646
ROUND_ACCURACY method=FedPhoenixRG round=647 accuracy=81.209999
********************************************************************************
Round 647
ROUND_ACCURACY method=FedPhoenixRG round=648 accuracy=79.320000
********************************************************************************
Round 648
ROUND_ACCURACY method=FedPhoenixRG round=649 accuracy=78.870003
********************************************************************************
Round 649
ROUND_ACCURACY method=FedPhoenixRG round=650 accuracy=80.370003
********************************************************************************
Round 650
ROUND_ACCURACY method=FedPhoenixRG round=651 accuracy=80.099998
********************************************************************************
Round 651
ROUND_ACCURACY method=FedPhoenixRG round=652 accuracy=75.550003
********************************************************************************
Round 652
ROUND_ACCURACY method=FedPhoenixRG round=653 accuracy=70.980003
********************************************************************************
Round 653
ROUND_ACCURACY method=FedPhoenixRG round=654 accuracy=80.660004
********************************************************************************
Round 654
ROUND_ACCURACY method=FedPhoenixRG round=655 accuracy=79.790001
********************************************************************************
Round 655
ROUND_ACCURACY method=FedPhoenixRG round=656 accuracy=73.559998
********************************************************************************
Round 656
ROUND_ACCURACY method=FedPhoenixRG round=657 accuracy=81.250000
********************************************************************************
Round 657
ROUND_ACCURACY method=FedPhoenixRG round=658 accuracy=80.230003
********************************************************************************
Round 658
ROUND_ACCURACY method=FedPhoenixRG round=659 accuracy=77.400002
********************************************************************************
Round 659
RG_SCORE round=660 layer=features.0 mean_q=0.079330 max_q=0.392405 fraction_q_positive=0.718750 sampling_entropy=4.026624 uniform_entropy=4.158883 entropy_gap=0.132259 max_probability_over_uniform=2.973239 min_probability_over_uniform=0.500000
RG_SCORE round=660 layer=features.3 mean_q=0.067437 max_q=0.143955 fraction_q_positive=0.968750 sampling_entropy=4.133848 uniform_entropy=4.158883 entropy_gap=0.025035 max_probability_over_uniform=1.567323 min_probability_over_uniform=0.500000
RG_SCORE round=660 layer=features.7 mean_q=0.076017 max_q=0.137611 fraction_q_positive=0.992188 sampling_entropy=4.840298 uniform_entropy=4.852030 entropy_gap=0.011732 max_probability_over_uniform=1.405131 min_probability_over_uniform=0.500000
RG_SCORE round=660 layer=features.10 mean_q=0.075598 max_q=0.120597 fraction_q_positive=1.000000 sampling_entropy=4.845567 uniform_entropy=4.852030 entropy_gap=0.006463 max_probability_over_uniform=1.297621 min_probability_over_uniform=0.598595
RG_SCORE round=660 layer=features.14 mean_q=0.080790 max_q=0.138053 fraction_q_positive=1.000000 sampling_entropy=5.538943 uniform_entropy=5.545177 entropy_gap=0.006235 max_probability_over_uniform=1.354391 min_probability_over_uniform=0.656299
RG_SCORE round=660 layer=features.17 mean_q=0.082290 max_q=0.131669 fraction_q_positive=1.000000 sampling_entropy=5.540101 uniform_entropy=5.545177 entropy_gap=0.005076 max_probability_over_uniform=1.300031 min_probability_over_uniform=0.703055
RG_SCORE round=660 layer=features.20 mean_q=0.071546 max_q=0.098795 fraction_q_positive=1.000000 sampling_entropy=5.540843 uniform_entropy=5.545177 entropy_gap=0.004335 max_probability_over_uniform=1.190427 min_probability_over_uniform=0.652684
RG_SCORE round=660 layer=features.24 mean_q=0.101140 max_q=0.169849 fraction_q_positive=0.998047 sampling_entropy=6.229820 uniform_entropy=6.238325 entropy_gap=0.008505 max_probability_over_uniform=1.339668 min_probability_over_uniform=0.500000
RG_SCORE round=660 layer=features.27 mean_q=0.130217 max_q=0.217057 fraction_q_positive=1.000000 sampling_entropy=6.229637 uniform_entropy=6.238325 entropy_gap=0.008687 max_probability_over_uniform=1.333444 min_probability_over_uniform=0.578835
RG_SCORE round=660 layer=features.30 mean_q=0.105560 max_q=0.170096 fraction_q_positive=0.996094 sampling_entropy=6.228668 uniform_entropy=6.238325 entropy_gap=0.009656 max_probability_over_uniform=1.305690 min_probability_over_uniform=0.500000
RG_SCORE round=660 layer=features.34 mean_q=0.273396 max_q=0.414961 fraction_q_positive=1.000000 sampling_entropy=6.228071 uniform_entropy=6.238325 entropy_gap=0.010254 max_probability_over_uniform=1.258900 min_probability_over_uniform=0.509161
RG_SCORE round=660 layer=features.37 mean_q=0.298816 max_q=0.440627 fraction_q_positive=1.000000 sampling_entropy=6.230811 uniform_entropy=6.238325 entropy_gap=0.007513 max_probability_over_uniform=1.237289 min_probability_over_uniform=0.502974
RG_SCORE round=660 layer=features.40 mean_q=0.250121 max_q=0.501615 fraction_q_positive=0.986328 sampling_entropy=6.221085 uniform_entropy=6.238325 entropy_gap=0.017240 max_probability_over_uniform=1.502745 min_probability_over_uniform=0.500000
ROUND_ACCURACY method=FedPhoenixRG round=660 accuracy=71.860001
********************************************************************************
Round 660
ROUND_ACCURACY method=FedPhoenixRG round=661 accuracy=77.680000
********************************************************************************
Round 661
ROUND_ACCURACY method=FedPhoenixRG round=662 accuracy=78.879997
********************************************************************************
Round 662
ROUND_ACCURACY method=FedPhoenixRG round=663 accuracy=79.830002
********************************************************************************
Round 663
ROUND_ACCURACY method=FedPhoenixRG round=664 accuracy=80.860001
********************************************************************************
Round 664
ROUND_ACCURACY method=FedPhoenixRG round=665 accuracy=78.160004
********************************************************************************
Round 665
ROUND_ACCURACY method=FedPhoenixRG round=666 accuracy=81.209999
********************************************************************************
Round 666
ROUND_ACCURACY method=FedPhoenixRG round=667 accuracy=78.449997
********************************************************************************
Round 667
ROUND_ACCURACY method=FedPhoenixRG round=668 accuracy=78.699997
********************************************************************************
Round 668
ROUND_ACCURACY method=FedPhoenixRG round=669 accuracy=81.839996
********************************************************************************
Round 669
ROUND_ACCURACY method=FedPhoenixRG round=670 accuracy=68.959999
********************************************************************************
Round 670
ROUND_ACCURACY method=FedPhoenixRG round=671 accuracy=69.510002
********************************************************************************
Round 671
ROUND_ACCURACY method=FedPhoenixRG round=672 accuracy=70.970001
********************************************************************************
Round 672
ROUND_ACCURACY method=FedPhoenixRG round=673 accuracy=79.180000
********************************************************************************
Round 673
ROUND_ACCURACY method=FedPhoenixRG round=674 accuracy=74.519997
********************************************************************************
Round 674
ROUND_ACCURACY method=FedPhoenixRG round=675 accuracy=79.910004
********************************************************************************
Round 675
ROUND_ACCURACY method=FedPhoenixRG round=676 accuracy=80.320000
********************************************************************************
Round 676
ROUND_ACCURACY method=FedPhoenixRG round=677 accuracy=78.500000
********************************************************************************
Round 677
ROUND_ACCURACY method=FedPhoenixRG round=678 accuracy=77.180000
********************************************************************************
Round 678
ROUND_ACCURACY method=FedPhoenixRG round=679 accuracy=68.820000
********************************************************************************
Round 679
RG_SCORE round=680 layer=features.0 mean_q=0.100821 max_q=0.335905 fraction_q_positive=0.875000 sampling_entropy=4.084824 uniform_entropy=4.158883 entropy_gap=0.074059 max_probability_over_uniform=2.165856 min_probability_over_uniform=0.500000
RG_SCORE round=680 layer=features.3 mean_q=0.096255 max_q=0.155423 fraction_q_positive=1.000000 sampling_entropy=4.149522 uniform_entropy=4.158883 entropy_gap=0.009361 max_probability_over_uniform=1.307352 min_probability_over_uniform=0.689201
RG_SCORE round=680 layer=features.7 mean_q=0.091254 max_q=0.146588 fraction_q_positive=1.000000 sampling_entropy=4.845581 uniform_entropy=4.852030 entropy_gap=0.006450 max_probability_over_uniform=1.303191 min_probability_over_uniform=0.747118
RG_SCORE round=680 layer=features.10 mean_q=0.085172 max_q=0.115594 fraction_q_positive=1.000000 sampling_entropy=4.848623 uniform_entropy=4.852030 entropy_gap=0.003407 max_probability_over_uniform=1.178588 min_probability_over_uniform=0.767309
RG_SCORE round=680 layer=features.14 mean_q=0.095035 max_q=0.157692 fraction_q_positive=1.000000 sampling_entropy=5.541717 uniform_entropy=5.545177 entropy_gap=0.003460 max_probability_over_uniform=1.329656 min_probability_over_uniform=0.803858
RG_SCORE round=680 layer=features.17 mean_q=0.094460 max_q=0.159437 fraction_q_positive=1.000000 sampling_entropy=5.541775 uniform_entropy=5.545177 entropy_gap=0.003402 max_probability_over_uniform=1.343938 min_probability_over_uniform=0.803272
RG_SCORE round=680 layer=features.20 mean_q=0.085470 max_q=0.113196 fraction_q_positive=1.000000 sampling_entropy=5.543236 uniform_entropy=5.545177 entropy_gap=0.001942 max_probability_over_uniform=1.162201 min_probability_over_uniform=0.810950
RG_SCORE round=680 layer=features.24 mean_q=0.122960 max_q=0.184283 fraction_q_positive=1.000000 sampling_entropy=6.235570 uniform_entropy=6.238325 entropy_gap=0.002754 max_probability_over_uniform=1.249362 min_probability_over_uniform=0.701141
RG_SCORE round=680 layer=features.27 mean_q=0.153626 max_q=0.213770 fraction_q_positive=1.000000 sampling_entropy=6.236039 uniform_entropy=6.238325 entropy_gap=0.002286 max_probability_over_uniform=1.195749 min_probability_over_uniform=0.682569
RG_SCORE round=680 layer=features.30 mean_q=0.128448 max_q=0.182026 fraction_q_positive=1.000000 sampling_entropy=6.235382 uniform_entropy=6.238325 entropy_gap=0.002943 max_probability_over_uniform=1.208558 min_probability_over_uniform=0.734146
RG_SCORE round=680 layer=features.34 mean_q=0.295954 max_q=0.425438 fraction_q_positive=1.000000 sampling_entropy=6.235781 uniform_entropy=6.238325 entropy_gap=0.002543 max_probability_over_uniform=1.218756 min_probability_over_uniform=0.638731
RG_SCORE round=680 layer=features.37 mean_q=0.293686 max_q=0.424794 fraction_q_positive=1.000000 sampling_entropy=6.235494 uniform_entropy=6.238325 entropy_gap=0.002831 max_probability_over_uniform=1.223210 min_probability_over_uniform=0.680278
RG_SCORE round=680 layer=features.40 mean_q=0.209186 max_q=0.427259 fraction_q_positive=1.000000 sampling_entropy=6.221305 uniform_entropy=6.238325 entropy_gap=0.017020 max_probability_over_uniform=1.521242 min_probability_over_uniform=0.562917
ROUND_ACCURACY method=FedPhoenixRG round=680 accuracy=71.959999
********************************************************************************
Round 680
ROUND_ACCURACY method=FedPhoenixRG round=681 accuracy=73.879997
********************************************************************************
Round 681
ROUND_ACCURACY method=FedPhoenixRG round=682 accuracy=69.750000
********************************************************************************
Round 682
ROUND_ACCURACY method=FedPhoenixRG round=683 accuracy=79.129997
********************************************************************************
Round 683
ROUND_ACCURACY method=FedPhoenixRG round=684 accuracy=79.949997
********************************************************************************
Round 684
ROUND_ACCURACY method=FedPhoenixRG round=685 accuracy=72.800003
********************************************************************************
Round 685
ROUND_ACCURACY method=FedPhoenixRG round=686 accuracy=76.260002
********************************************************************************
Round 686
ROUND_ACCURACY method=FedPhoenixRG round=687 accuracy=70.120003
********************************************************************************
Round 687
ROUND_ACCURACY method=FedPhoenixRG round=688 accuracy=73.339996
********************************************************************************
Round 688
ROUND_ACCURACY method=FedPhoenixRG round=689 accuracy=77.910004
********************************************************************************
Round 689
ROUND_ACCURACY method=FedPhoenixRG round=690 accuracy=73.400002
********************************************************************************
Round 690
ROUND_ACCURACY method=FedPhoenixRG round=691 accuracy=77.510002
********************************************************************************
Round 691
ROUND_ACCURACY method=FedPhoenixRG round=692 accuracy=72.349998
********************************************************************************
Round 692
ROUND_ACCURACY method=FedPhoenixRG round=693 accuracy=79.230003
********************************************************************************
Round 693
ROUND_ACCURACY method=FedPhoenixRG round=694 accuracy=61.049999
********************************************************************************
Round 694
ROUND_ACCURACY method=FedPhoenixRG round=695 accuracy=77.519997
********************************************************************************
Round 695
ROUND_ACCURACY method=FedPhoenixRG round=696 accuracy=77.300003
********************************************************************************
Round 696
ROUND_ACCURACY method=FedPhoenixRG round=697 accuracy=73.400002
********************************************************************************
Round 697
ROUND_ACCURACY method=FedPhoenixRG round=698 accuracy=80.650002
********************************************************************************
Round 698
ROUND_ACCURACY method=FedPhoenixRG round=699 accuracy=75.519997
********************************************************************************
Round 699
RG_SCORE round=700 layer=features.0 mean_q=0.051346 max_q=0.206402 fraction_q_positive=0.640625 sampling_entropy=4.011255 uniform_entropy=4.158883 entropy_gap=0.147628 max_probability_over_uniform=2.509926 min_probability_over_uniform=0.500000
RG_SCORE round=700 layer=features.3 mean_q=0.051634 max_q=0.104627 fraction_q_positive=0.984375 sampling_entropy=4.129296 uniform_entropy=4.158883 entropy_gap=0.029587 max_probability_over_uniform=1.513165 min_probability_over_uniform=0.500000
RG_SCORE round=700 layer=features.7 mean_q=0.059599 max_q=0.124548 fraction_q_positive=1.000000 sampling_entropy=4.838075 uniform_entropy=4.852030 entropy_gap=0.013955 max_probability_over_uniform=1.544891 min_probability_over_uniform=0.632351
RG_SCORE round=700 layer=features.10 mean_q=0.055461 max_q=0.091024 fraction_q_positive=1.000000 sampling_entropy=4.846341 uniform_entropy=4.852030 entropy_gap=0.005690 max_probability_over_uniform=1.320614 min_probability_over_uniform=0.753343
RG_SCORE round=700 layer=features.14 mean_q=0.066850 max_q=0.136495 fraction_q_positive=1.000000 sampling_entropy=5.537184 uniform_entropy=5.545177 entropy_gap=0.007994 max_probability_over_uniform=1.520899 min_probability_over_uniform=0.668045
RG_SCORE round=700 layer=features.17 mean_q=0.068542 max_q=0.119107 fraction_q_positive=1.000000 sampling_entropy=5.539508 uniform_entropy=5.545177 entropy_gap=0.005669 max_probability_over_uniform=1.368867 min_probability_over_uniform=0.676734
RG_SCORE round=700 layer=features.20 mean_q=0.061658 max_q=0.090664 fraction_q_positive=1.000000 sampling_entropy=5.540702 uniform_entropy=5.545177 entropy_gap=0.004476 max_probability_over_uniform=1.235218 min_probability_over_uniform=0.652717
RG_SCORE round=700 layer=features.24 mean_q=0.101191 max_q=0.200951 fraction_q_positive=1.000000 sampling_entropy=6.231985 uniform_entropy=6.238325 entropy_gap=0.006339 max_probability_over_uniform=1.492927 min_probability_over_uniform=0.696083
RG_SCORE round=700 layer=features.27 mean_q=0.141547 max_q=0.211774 fraction_q_positive=1.000000 sampling_entropy=6.234555 uniform_entropy=6.238325 entropy_gap=0.003770 max_probability_over_uniform=1.248068 min_probability_over_uniform=0.642049
RG_SCORE round=700 layer=features.30 mean_q=0.124207 max_q=0.192018 fraction_q_positive=1.000000 sampling_entropy=6.235250 uniform_entropy=6.238325 entropy_gap=0.003074 max_probability_over_uniform=1.272974 min_probability_over_uniform=0.720073
RG_SCORE round=700 layer=features.34 mean_q=0.295576 max_q=0.420742 fraction_q_positive=1.000000 sampling_entropy=6.235255 uniform_entropy=6.238325 entropy_gap=0.003070 max_probability_over_uniform=1.211733 min_probability_over_uniform=0.720720
RG_SCORE round=700 layer=features.37 mean_q=0.310183 max_q=0.437192 fraction_q_positive=1.000000 sampling_entropy=6.235812 uniform_entropy=6.238325 entropy_gap=0.002512 max_probability_over_uniform=1.204732 min_probability_over_uniform=0.710456
RG_SCORE round=700 layer=features.40 mean_q=0.241205 max_q=0.433933 fraction_q_positive=1.000000 sampling_entropy=6.226419 uniform_entropy=6.238325 entropy_gap=0.011906 max_probability_over_uniform=1.399512 min_probability_over_uniform=0.535639
ROUND_ACCURACY method=FedPhoenixRG round=700 accuracy=80.209999
********************************************************************************
Round 700
ROUND_ACCURACY method=FedPhoenixRG round=701 accuracy=72.739998
********************************************************************************
Round 701
ROUND_ACCURACY method=FedPhoenixRG round=702 accuracy=70.769997
********************************************************************************
Round 702
ROUND_ACCURACY method=FedPhoenixRG round=703 accuracy=68.730003
********************************************************************************
Round 703
ROUND_ACCURACY method=FedPhoenixRG round=704 accuracy=79.690002
********************************************************************************
Round 704
ROUND_ACCURACY method=FedPhoenixRG round=705 accuracy=79.169998
********************************************************************************
Round 705
ROUND_ACCURACY method=FedPhoenixRG round=706 accuracy=81.419998
********************************************************************************
Round 706
ROUND_ACCURACY method=FedPhoenixRG round=707 accuracy=80.470001
********************************************************************************
Round 707
ROUND_ACCURACY method=FedPhoenixRG round=708 accuracy=80.370003
********************************************************************************
Round 708
ROUND_ACCURACY method=FedPhoenixRG round=709 accuracy=77.629997
********************************************************************************
Round 709
ROUND_ACCURACY method=FedPhoenixRG round=710 accuracy=80.629997
********************************************************************************
Round 710
ROUND_ACCURACY method=FedPhoenixRG round=711 accuracy=81.059998
********************************************************************************
Round 711
ROUND_ACCURACY method=FedPhoenixRG round=712 accuracy=69.309998
********************************************************************************
Round 712
ROUND_ACCURACY method=FedPhoenixRG round=713 accuracy=77.690002
********************************************************************************
Round 713
ROUND_ACCURACY method=FedPhoenixRG round=714 accuracy=77.040001
********************************************************************************
Round 714
ROUND_ACCURACY method=FedPhoenixRG round=715 accuracy=76.870003
********************************************************************************
Round 715
ROUND_ACCURACY method=FedPhoenixRG round=716 accuracy=79.930000
********************************************************************************
Round 716
ROUND_ACCURACY method=FedPhoenixRG round=717 accuracy=71.230003
********************************************************************************
Round 717
ROUND_ACCURACY method=FedPhoenixRG round=718 accuracy=75.910004
********************************************************************************
Round 718
ROUND_ACCURACY method=FedPhoenixRG round=719 accuracy=81.839996
********************************************************************************
Round 719
RG_SCORE round=720 layer=features.0 mean_q=0.074436 max_q=0.268237 fraction_q_positive=0.781250 sampling_entropy=4.068972 uniform_entropy=4.158883 entropy_gap=0.089911 max_probability_over_uniform=2.301797 min_probability_over_uniform=0.500000
RG_SCORE round=720 layer=features.3 mean_q=0.046997 max_q=0.136343 fraction_q_positive=0.859375 sampling_entropy=4.090266 uniform_entropy=4.158883 entropy_gap=0.068617 max_probability_over_uniform=1.950547 min_probability_over_uniform=0.500000
RG_SCORE round=720 layer=features.7 mean_q=0.041157 max_q=0.110919 fraction_q_positive=0.906250 sampling_entropy=4.802530 uniform_entropy=4.852030 entropy_gap=0.049500 max_probability_over_uniform=1.847529 min_probability_over_uniform=0.500000
RG_SCORE round=720 layer=features.10 mean_q=0.042942 max_q=0.086346 fraction_q_positive=0.968750 sampling_entropy=4.827635 uniform_entropy=4.852030 entropy_gap=0.024395 max_probability_over_uniform=1.505392 min_probability_over_uniform=0.500000
RG_SCORE round=720 layer=features.14 mean_q=0.054001 max_q=0.110665 fraction_q_positive=0.984375 sampling_entropy=5.527136 uniform_entropy=5.545177 entropy_gap=0.018042 max_probability_over_uniform=1.524652 min_probability_over_uniform=0.500000
RG_SCORE round=720 layer=features.17 mean_q=0.050232 max_q=0.097896 fraction_q_positive=0.996094 sampling_entropy=5.531053 uniform_entropy=5.545177 entropy_gap=0.014125 max_probability_over_uniform=1.474443 min_probability_over_uniform=0.500000
RG_SCORE round=720 layer=features.20 mean_q=0.041421 max_q=0.086909 fraction_q_positive=0.980469 sampling_entropy=5.523975 uniform_entropy=5.545177 entropy_gap=0.021202 max_probability_over_uniform=1.549105 min_probability_over_uniform=0.500000
RG_SCORE round=720 layer=features.24 mean_q=0.064257 max_q=0.142695 fraction_q_positive=0.939453 sampling_entropy=6.204066 uniform_entropy=6.238325 entropy_gap=0.034259 max_probability_over_uniform=1.610349 min_probability_over_uniform=0.500000
RG_SCORE round=720 layer=features.27 mean_q=0.077228 max_q=0.155049 fraction_q_positive=0.964844 sampling_entropy=6.209389 uniform_entropy=6.238325 entropy_gap=0.028936 max_probability_over_uniform=1.503835 min_probability_over_uniform=0.500000
RG_SCORE round=720 layer=features.30 mean_q=0.060487 max_q=0.142887 fraction_q_positive=0.929688 sampling_entropy=6.199361 uniform_entropy=6.238325 entropy_gap=0.038964 max_probability_over_uniform=1.681134 min_probability_over_uniform=0.500000
RG_SCORE round=720 layer=features.34 mean_q=0.144950 max_q=0.343108 fraction_q_positive=0.933594 sampling_entropy=6.196913 uniform_entropy=6.238325 entropy_gap=0.041412 max_probability_over_uniform=1.683536 min_probability_over_uniform=0.500000
RG_SCORE round=720 layer=features.37 mean_q=0.123176 max_q=0.306817 fraction_q_positive=0.933594 sampling_entropy=6.196092 uniform_entropy=6.238325 entropy_gap=0.042233 max_probability_over_uniform=1.745444 min_probability_over_uniform=0.500000
RG_SCORE round=720 layer=features.40 mean_q=0.077984 max_q=0.267892 fraction_q_positive=0.804688 sampling_entropy=6.150093 uniform_entropy=6.238325 entropy_gap=0.088232 max_probability_over_uniform=2.217616 min_probability_over_uniform=0.500000
ROUND_ACCURACY method=FedPhoenixRG round=720 accuracy=78.449997
********************************************************************************
Round 720
ROUND_ACCURACY method=FedPhoenixRG round=721 accuracy=77.570000
********************************************************************************
Round 721
ROUND_ACCURACY method=FedPhoenixRG round=722 accuracy=75.260002
********************************************************************************
Round 722
ROUND_ACCURACY method=FedPhoenixRG round=723 accuracy=78.690002
********************************************************************************
Round 723
ROUND_ACCURACY method=FedPhoenixRG round=724 accuracy=75.330002
********************************************************************************
Round 724
ROUND_ACCURACY method=FedPhoenixRG round=725 accuracy=74.910004
********************************************************************************
Round 725
ROUND_ACCURACY method=FedPhoenixRG round=726 accuracy=75.370003
********************************************************************************
Round 726
ROUND_ACCURACY method=FedPhoenixRG round=727 accuracy=78.629997
********************************************************************************
Round 727
ROUND_ACCURACY method=FedPhoenixRG round=728 accuracy=80.089996
********************************************************************************
Round 728
ROUND_ACCURACY method=FedPhoenixRG round=729 accuracy=80.120003
********************************************************************************
Round 729
ROUND_ACCURACY method=FedPhoenixRG round=730 accuracy=75.839996
********************************************************************************
Round 730
ROUND_ACCURACY method=FedPhoenixRG round=731 accuracy=78.230003
********************************************************************************
Round 731
ROUND_ACCURACY method=FedPhoenixRG round=732 accuracy=76.480003
********************************************************************************
Round 732
ROUND_ACCURACY method=FedPhoenixRG round=733 accuracy=79.059998
********************************************************************************
Round 733
ROUND_ACCURACY method=FedPhoenixRG round=734 accuracy=81.129997
********************************************************************************
Round 734
ROUND_ACCURACY method=FedPhoenixRG round=735 accuracy=79.419998
********************************************************************************
Round 735
ROUND_ACCURACY method=FedPhoenixRG round=736 accuracy=77.440002
********************************************************************************
Round 736
ROUND_ACCURACY method=FedPhoenixRG round=737 accuracy=76.309998
********************************************************************************
Round 737
ROUND_ACCURACY method=FedPhoenixRG round=738 accuracy=75.820000
********************************************************************************
Round 738
ROUND_ACCURACY method=FedPhoenixRG round=739 accuracy=80.050003
********************************************************************************
Round 739
RG_SCORE round=740 layer=features.0 mean_q=0.084006 max_q=0.282545 fraction_q_positive=0.890625 sampling_entropy=4.081514 uniform_entropy=4.158883 entropy_gap=0.077369 max_probability_over_uniform=2.181695 min_probability_over_uniform=0.500000
RG_SCORE round=740 layer=features.3 mean_q=0.066890 max_q=0.110172 fraction_q_positive=1.000000 sampling_entropy=4.149584 uniform_entropy=4.158883 entropy_gap=0.009299 max_probability_over_uniform=1.323526 min_probability_over_uniform=0.724684
RG_SCORE round=740 layer=features.7 mean_q=0.070477 max_q=0.117416 fraction_q_positive=1.000000 sampling_entropy=4.844802 uniform_entropy=4.852030 entropy_gap=0.007228 max_probability_over_uniform=1.333004 min_probability_over_uniform=0.750265
RG_SCORE round=740 layer=features.10 mean_q=0.067364 max_q=0.090000 fraction_q_positive=1.000000 sampling_entropy=4.849604 uniform_entropy=4.852030 entropy_gap=0.002426 max_probability_over_uniform=1.168010 min_probability_over_uniform=0.790426
RG_SCORE round=740 layer=features.14 mean_q=0.073467 max_q=0.124861 fraction_q_positive=1.000000 sampling_entropy=5.541142 uniform_entropy=5.545177 entropy_gap=0.004036 max_probability_over_uniform=1.349773 min_probability_over_uniform=0.774900
RG_SCORE round=740 layer=features.17 mean_q=0.074706 max_q=0.120208 fraction_q_positive=1.000000 sampling_entropy=5.541304 uniform_entropy=5.545177 entropy_gap=0.003873 max_probability_over_uniform=1.304539 min_probability_over_uniform=0.819686
RG_SCORE round=740 layer=features.20 mean_q=0.067377 max_q=0.091054 fraction_q_positive=1.000000 sampling_entropy=5.542675 uniform_entropy=5.545177 entropy_gap=0.002502 max_probability_over_uniform=1.175708 min_probability_over_uniform=0.798103
RG_SCORE round=740 layer=features.24 mean_q=0.104383 max_q=0.179163 fraction_q_positive=1.000000 sampling_entropy=6.234350 uniform_entropy=6.238325 entropy_gap=0.003975 max_probability_over_uniform=1.358195 min_probability_over_uniform=0.759942
RG_SCORE round=740 layer=features.27 mean_q=0.132627 max_q=0.186795 fraction_q_positive=1.000000 sampling_entropy=6.235474 uniform_entropy=6.238325 entropy_gap=0.002851 max_probability_over_uniform=1.204210 min_probability_over_uniform=0.738298
RG_SCORE round=740 layer=features.30 mean_q=0.106080 max_q=0.162369 fraction_q_positive=1.000000 sampling_entropy=6.233833 uniform_entropy=6.238325 entropy_gap=0.004492 max_probability_over_uniform=1.265316 min_probability_over_uniform=0.668206
RG_SCORE round=740 layer=features.34 mean_q=0.239955 max_q=0.357080 fraction_q_positive=1.000000 sampling_entropy=6.230591 uniform_entropy=6.238325 entropy_gap=0.007734 max_probability_over_uniform=1.244058 min_probability_over_uniform=0.545623
RG_SCORE round=740 layer=features.37 mean_q=0.237846 max_q=0.356046 fraction_q_positive=1.000000 sampling_entropy=6.230534 uniform_entropy=6.238325 entropy_gap=0.007791 max_probability_over_uniform=1.248480 min_probability_over_uniform=0.540249
RG_SCORE round=740 layer=features.40 mean_q=0.167095 max_q=0.366756 fraction_q_positive=1.000000 sampling_entropy=6.219332 uniform_entropy=6.238325 entropy_gap=0.018993 max_probability_over_uniform=1.597446 min_probability_over_uniform=0.518976
ROUND_ACCURACY method=FedPhoenixRG round=740 accuracy=62.540001
********************************************************************************
Round 740
ROUND_ACCURACY method=FedPhoenixRG round=741 accuracy=70.089996
********************************************************************************
Round 741
ROUND_ACCURACY method=FedPhoenixRG round=742 accuracy=60.450001
********************************************************************************
Round 742
ROUND_ACCURACY method=FedPhoenixRG round=743 accuracy=76.029999
********************************************************************************
Round 743
ROUND_ACCURACY method=FedPhoenixRG round=744 accuracy=80.070000
********************************************************************************
Round 744
ROUND_ACCURACY method=FedPhoenixRG round=745 accuracy=80.099998
********************************************************************************
Round 745
ROUND_ACCURACY method=FedPhoenixRG round=746 accuracy=71.220001
********************************************************************************
Round 746
ROUND_ACCURACY method=FedPhoenixRG round=747 accuracy=77.540001
********************************************************************************
Round 747
ROUND_ACCURACY method=FedPhoenixRG round=748 accuracy=78.699997
********************************************************************************
Round 748
ROUND_ACCURACY method=FedPhoenixRG round=749 accuracy=80.029999
********************************************************************************
Round 749
ROUND_ACCURACY method=FedPhoenixRG round=750 accuracy=80.050003
********************************************************************************
Round 750
ROUND_ACCURACY method=FedPhoenixRG round=751 accuracy=80.489998
********************************************************************************
Round 751
ROUND_ACCURACY method=FedPhoenixRG round=752 accuracy=75.580002
********************************************************************************
Round 752
ROUND_ACCURACY method=FedPhoenixRG round=753 accuracy=81.389999
********************************************************************************
Round 753
ROUND_ACCURACY method=FedPhoenixRG round=754 accuracy=78.180000
********************************************************************************
Round 754
ROUND_ACCURACY method=FedPhoenixRG round=755 accuracy=81.589996
********************************************************************************
Round 755
ROUND_ACCURACY method=FedPhoenixRG round=756 accuracy=77.699997
********************************************************************************
Round 756
ROUND_ACCURACY method=FedPhoenixRG round=757 accuracy=59.939999
********************************************************************************
Round 757
ROUND_ACCURACY method=FedPhoenixRG round=758 accuracy=69.660004
********************************************************************************
Round 758
ROUND_ACCURACY method=FedPhoenixRG round=759 accuracy=71.129997
********************************************************************************
Round 759
RG_SCORE round=760 layer=features.0 mean_q=0.053333 max_q=0.248318 fraction_q_positive=0.640625 sampling_entropy=3.995261 uniform_entropy=4.158883 entropy_gap=0.163622 max_probability_over_uniform=2.828002 min_probability_over_uniform=0.500000
RG_SCORE round=760 layer=features.3 mean_q=0.026814 max_q=0.091773 fraction_q_positive=0.953125 sampling_entropy=4.095752 uniform_entropy=4.158883 entropy_gap=0.063131 max_probability_over_uniform=2.211301 min_probability_over_uniform=0.500000
RG_SCORE round=760 layer=features.7 mean_q=0.030925 max_q=0.111352 fraction_q_positive=0.937500 sampling_entropy=4.800117 uniform_entropy=4.852030 entropy_gap=0.051913 max_probability_over_uniform=2.300365 min_probability_over_uniform=0.500000
RG_SCORE round=760 layer=features.10 mean_q=0.030293 max_q=0.071511 fraction_q_positive=0.984375 sampling_entropy=4.830963 uniform_entropy=4.852030 entropy_gap=0.021067 max_probability_over_uniform=1.680328 min_probability_over_uniform=0.500000
RG_SCORE round=760 layer=features.14 mean_q=0.030873 max_q=0.083065 fraction_q_positive=0.992188 sampling_entropy=5.515874 uniform_entropy=5.545177 entropy_gap=0.029303 max_probability_over_uniform=1.845271 min_probability_over_uniform=0.500000
RG_SCORE round=760 layer=features.17 mean_q=0.028855 max_q=0.072831 fraction_q_positive=0.988281 sampling_entropy=5.519574 uniform_entropy=5.545177 entropy_gap=0.025603 max_probability_over_uniform=1.762016 min_probability_over_uniform=0.500000
RG_SCORE round=760 layer=features.20 mean_q=0.024034 max_q=0.057370 fraction_q_positive=0.980469 sampling_entropy=5.512035 uniform_entropy=5.545177 entropy_gap=0.033143 max_probability_over_uniform=1.693536 min_probability_over_uniform=0.500000
RG_SCORE round=760 layer=features.24 mean_q=0.042039 max_q=0.179225 fraction_q_positive=0.962891 sampling_entropy=6.189744 uniform_entropy=6.238325 entropy_gap=0.048580 max_probability_over_uniform=2.631641 min_probability_over_uniform=0.500000
RG_SCORE round=760 layer=features.27 mean_q=0.056274 max_q=0.138865 fraction_q_positive=0.982422 sampling_entropy=6.204692 uniform_entropy=6.238325 entropy_gap=0.033632 max_probability_over_uniform=1.733833 min_probability_over_uniform=0.500000
RG_SCORE round=760 layer=features.30 mean_q=0.045152 max_q=0.125247 fraction_q_positive=0.939453 sampling_entropy=6.185242 uniform_entropy=6.238325 entropy_gap=0.053083 max_probability_over_uniform=1.886938 min_probability_over_uniform=0.500000
RG_SCORE round=760 layer=features.34 mean_q=0.136435 max_q=0.317141 fraction_q_positive=0.890625 sampling_entropy=6.189700 uniform_entropy=6.238325 entropy_gap=0.048624 max_probability_over_uniform=1.662237 min_probability_over_uniform=0.500000
RG_SCORE round=760 layer=features.37 mean_q=0.139343 max_q=0.305516 fraction_q_positive=0.925781 sampling_entropy=6.198489 uniform_entropy=6.238325 entropy_gap=0.039836 max_probability_over_uniform=1.596272 min_probability_over_uniform=0.500000
RG_SCORE round=760 layer=features.40 mean_q=0.088239 max_q=0.342604 fraction_q_positive=0.771484 sampling_entropy=6.147601 uniform_entropy=6.238325 entropy_gap=0.090724 max_probability_over_uniform=2.441333 min_probability_over_uniform=0.500000
ROUND_ACCURACY method=FedPhoenixRG round=760 accuracy=79.050003
********************************************************************************
Round 760
ROUND_ACCURACY method=FedPhoenixRG round=761 accuracy=79.599998
********************************************************************************
Round 761
ROUND_ACCURACY method=FedPhoenixRG round=762 accuracy=74.870003
********************************************************************************
Round 762
ROUND_ACCURACY method=FedPhoenixRG round=763 accuracy=80.260002
********************************************************************************
Round 763
ROUND_ACCURACY method=FedPhoenixRG round=764 accuracy=72.970001
********************************************************************************
Round 764
ROUND_ACCURACY method=FedPhoenixRG round=765 accuracy=80.589996
********************************************************************************
Round 765
ROUND_ACCURACY method=FedPhoenixRG round=766 accuracy=78.370003
********************************************************************************
Round 766
ROUND_ACCURACY method=FedPhoenixRG round=767 accuracy=81.449997
********************************************************************************
Round 767
ROUND_ACCURACY method=FedPhoenixRG round=768 accuracy=76.940002
********************************************************************************
Round 768
ROUND_ACCURACY method=FedPhoenixRG round=769 accuracy=80.570000
********************************************************************************
Round 769
ROUND_ACCURACY method=FedPhoenixRG round=770 accuracy=81.610001
********************************************************************************
Round 770
ROUND_ACCURACY method=FedPhoenixRG round=771 accuracy=77.839996
********************************************************************************
Round 771
ROUND_ACCURACY method=FedPhoenixRG round=772 accuracy=76.680000
********************************************************************************
Round 772
ROUND_ACCURACY method=FedPhoenixRG round=773 accuracy=71.919998
********************************************************************************
Round 773
ROUND_ACCURACY method=FedPhoenixRG round=774 accuracy=76.699997
********************************************************************************
Round 774
ROUND_ACCURACY method=FedPhoenixRG round=775 accuracy=74.870003
********************************************************************************
Round 775
ROUND_ACCURACY method=FedPhoenixRG round=776 accuracy=74.959999
********************************************************************************
Round 776
ROUND_ACCURACY method=FedPhoenixRG round=777 accuracy=81.459999
********************************************************************************
Round 777
ROUND_ACCURACY method=FedPhoenixRG round=778 accuracy=79.690002
********************************************************************************
Round 778
ROUND_ACCURACY method=FedPhoenixRG round=779 accuracy=74.440002
********************************************************************************
Round 779
RG_SCORE round=780 layer=features.0 mean_q=0.055276 max_q=0.233292 fraction_q_positive=0.671875 sampling_entropy=4.016449 uniform_entropy=4.158883 entropy_gap=0.142434 max_probability_over_uniform=2.610249 min_probability_over_uniform=0.500000
RG_SCORE round=780 layer=features.3 mean_q=0.039771 max_q=0.144425 fraction_q_positive=0.968750 sampling_entropy=4.111859 uniform_entropy=4.158883 entropy_gap=0.047024 max_probability_over_uniform=2.315699 min_probability_over_uniform=0.500000
RG_SCORE round=780 layer=features.7 mean_q=0.041483 max_q=0.095880 fraction_q_positive=0.953125 sampling_entropy=4.817071 uniform_entropy=4.852030 entropy_gap=0.034959 max_probability_over_uniform=1.655647 min_probability_over_uniform=0.500000
RG_SCORE round=780 layer=features.10 mean_q=0.045836 max_q=0.077434 fraction_q_positive=1.000000 sampling_entropy=4.842464 uniform_entropy=4.852030 entropy_gap=0.009567 max_probability_over_uniform=1.344682 min_probability_over_uniform=0.677656
RG_SCORE round=780 layer=features.14 mean_q=0.052793 max_q=0.120904 fraction_q_positive=1.000000 sampling_entropy=5.535790 uniform_entropy=5.545177 entropy_gap=0.009388 max_probability_over_uniform=1.645072 min_probability_over_uniform=0.684055
RG_SCORE round=780 layer=features.17 mean_q=0.051092 max_q=0.099006 fraction_q_positive=1.000000 sampling_entropy=5.537441 uniform_entropy=5.545177 entropy_gap=0.007736 max_probability_over_uniform=1.468911 min_probability_over_uniform=0.704082
RG_SCORE round=780 layer=features.20 mean_q=0.044272 max_q=0.069484 fraction_q_positive=1.000000 sampling_entropy=5.540398 uniform_entropy=5.545177 entropy_gap=0.004780 max_probability_over_uniform=1.284748 min_probability_over_uniform=0.700982
RG_SCORE round=780 layer=features.24 mean_q=0.076804 max_q=0.145125 fraction_q_positive=1.000000 sampling_entropy=6.231663 uniform_entropy=6.238325 entropy_gap=0.006662 max_probability_over_uniform=1.444777 min_probability_over_uniform=0.686740
RG_SCORE round=780 layer=features.27 mean_q=0.101218 max_q=0.172588 fraction_q_positive=1.000000 sampling_entropy=6.232037 uniform_entropy=6.238325 entropy_gap=0.006287 max_probability_over_uniform=1.352559 min_probability_over_uniform=0.661853
RG_SCORE round=780 layer=features.30 mean_q=0.085459 max_q=0.149129 fraction_q_positive=1.000000 sampling_entropy=6.231078 uniform_entropy=6.238325 entropy_gap=0.007246 max_probability_over_uniform=1.372516 min_probability_over_uniform=0.612535
RG_SCORE round=780 layer=features.34 mean_q=0.217204 max_q=0.383224 fraction_q_positive=0.998047 sampling_entropy=6.229395 uniform_entropy=6.238325 entropy_gap=0.008929 max_probability_over_uniform=1.382176 min_probability_over_uniform=0.500000
RG_SCORE round=780 layer=features.37 mean_q=0.212136 max_q=0.334883 fraction_q_positive=0.998047 sampling_entropy=6.228399 uniform_entropy=6.238325 entropy_gap=0.009926 max_probability_over_uniform=1.289313 min_probability_over_uniform=0.500000
RG_SCORE round=780 layer=features.40 mean_q=0.145302 max_q=0.379046 fraction_q_positive=0.955078 sampling_entropy=6.202392 uniform_entropy=6.238325 entropy_gap=0.035933 max_probability_over_uniform=1.804339 min_probability_over_uniform=0.500000
ROUND_ACCURACY method=FedPhoenixRG round=780 accuracy=79.980003
********************************************************************************
Round 780
ROUND_ACCURACY method=FedPhoenixRG round=781 accuracy=61.150002
********************************************************************************
Round 781
ROUND_ACCURACY method=FedPhoenixRG round=782 accuracy=79.370003
********************************************************************************
Round 782
ROUND_ACCURACY method=FedPhoenixRG round=783 accuracy=79.389999
********************************************************************************
Round 783
ROUND_ACCURACY method=FedPhoenixRG round=784 accuracy=77.599998
********************************************************************************
Round 784
ROUND_ACCURACY method=FedPhoenixRG round=785 accuracy=71.760002
********************************************************************************
Round 785
ROUND_ACCURACY method=FedPhoenixRG round=786 accuracy=70.599998
********************************************************************************
Round 786
ROUND_ACCURACY method=FedPhoenixRG round=787 accuracy=77.500000
********************************************************************************
Round 787
ROUND_ACCURACY method=FedPhoenixRG round=788 accuracy=81.040001
********************************************************************************
Round 788
ROUND_ACCURACY method=FedPhoenixRG round=789 accuracy=79.680000
********************************************************************************
Round 789
ROUND_ACCURACY method=FedPhoenixRG round=790 accuracy=76.180000
********************************************************************************
Round 790
ROUND_ACCURACY method=FedPhoenixRG round=791 accuracy=82.019997
********************************************************************************
Round 791
ROUND_ACCURACY method=FedPhoenixRG round=792 accuracy=78.419998
********************************************************************************
Round 792
ROUND_ACCURACY method=FedPhoenixRG round=793 accuracy=81.129997
********************************************************************************
Round 793
ROUND_ACCURACY method=FedPhoenixRG round=794 accuracy=78.930000
********************************************************************************
Round 794
ROUND_ACCURACY method=FedPhoenixRG round=795 accuracy=81.320000
********************************************************************************
Round 795
ROUND_ACCURACY method=FedPhoenixRG round=796 accuracy=78.709999
********************************************************************************
Round 796
ROUND_ACCURACY method=FedPhoenixRG round=797 accuracy=76.970001
********************************************************************************
Round 797
ROUND_ACCURACY method=FedPhoenixRG round=798 accuracy=80.650002
********************************************************************************
Round 798
ROUND_ACCURACY method=FedPhoenixRG round=799 accuracy=82.349998
********************************************************************************
Round 799
RG_SCORE round=800 layer=features.0 mean_q=0.066790 max_q=0.281754 fraction_q_positive=0.718750 sampling_entropy=4.044102 uniform_entropy=4.158883 entropy_gap=0.114781 max_probability_over_uniform=2.609243 min_probability_over_uniform=0.500000
RG_SCORE round=800 layer=features.3 mean_q=0.047298 max_q=0.092161 fraction_q_positive=1.000000 sampling_entropy=4.134210 uniform_entropy=4.158883 entropy_gap=0.024673 max_probability_over_uniform=1.474254 min_probability_over_uniform=0.587160
RG_SCORE round=800 layer=features.7 mean_q=0.051314 max_q=0.143148 fraction_q_positive=1.000000 sampling_entropy=4.832010 uniform_entropy=4.852030 entropy_gap=0.020020 max_probability_over_uniform=1.894835 min_probability_over_uniform=0.562152
RG_SCORE round=800 layer=features.10 mean_q=0.048906 max_q=0.089426 fraction_q_positive=1.000000 sampling_entropy=4.843188 uniform_entropy=4.852030 entropy_gap=0.008842 max_probability_over_uniform=1.414268 min_probability_over_uniform=0.657290
RG_SCORE round=800 layer=features.14 mean_q=0.055753 max_q=0.118485 fraction_q_positive=1.000000 sampling_entropy=5.535494 uniform_entropy=5.545177 entropy_gap=0.009683 max_probability_over_uniform=1.562601 min_probability_over_uniform=0.630491
RG_SCORE round=800 layer=features.17 mean_q=0.056795 max_q=0.111604 fraction_q_positive=1.000000 sampling_entropy=5.538533 uniform_entropy=5.545177 entropy_gap=0.006644 max_probability_over_uniform=1.482522 min_probability_over_uniform=0.742568
RG_SCORE round=800 layer=features.20 mean_q=0.048875 max_q=0.081595 fraction_q_positive=1.000000 sampling_entropy=5.539580 uniform_entropy=5.545177 entropy_gap=0.005598 max_probability_over_uniform=1.334736 min_probability_over_uniform=0.691833
RG_SCORE round=800 layer=features.24 mean_q=0.080200 max_q=0.163897 fraction_q_positive=1.000000 sampling_entropy=6.229357 uniform_entropy=6.238325 entropy_gap=0.008968 max_probability_over_uniform=1.521808 min_probability_over_uniform=0.599904
RG_SCORE round=800 layer=features.27 mean_q=0.111434 max_q=0.176242 fraction_q_positive=1.000000 sampling_entropy=6.233442 uniform_entropy=6.238325 entropy_gap=0.004883 max_probability_over_uniform=1.290790 min_probability_over_uniform=0.706526
RG_SCORE round=800 layer=features.30 mean_q=0.084850 max_q=0.141707 fraction_q_positive=1.000000 sampling_entropy=6.230971 uniform_entropy=6.238325 entropy_gap=0.007354 max_probability_over_uniform=1.335049 min_probability_over_uniform=0.568761
RG_SCORE round=800 layer=features.34 mean_q=0.180906 max_q=0.319385 fraction_q_positive=0.996094 sampling_entropy=6.221179 uniform_entropy=6.238325 entropy_gap=0.017146 max_probability_over_uniform=1.382737 min_probability_over_uniform=0.500000
RG_SCORE round=800 layer=features.37 mean_q=0.152299 max_q=0.351036 fraction_q_positive=0.996094 sampling_entropy=6.217538 uniform_entropy=6.238325 entropy_gap=0.020787 max_probability_over_uniform=1.652455 min_probability_over_uniform=0.500000
RG_SCORE round=800 layer=features.40 mean_q=0.091850 max_q=0.310392 fraction_q_positive=0.933594 sampling_entropy=6.178126 uniform_entropy=6.238325 entropy_gap=0.060199 max_probability_over_uniform=2.189669 min_probability_over_uniform=0.500000
ROUND_ACCURACY method=FedPhoenixRG round=800 accuracy=80.489998
********************************************************************************
Round 800
ROUND_ACCURACY method=FedPhoenixRG round=801 accuracy=79.650002
********************************************************************************
Round 801
ROUND_ACCURACY method=FedPhoenixRG round=802 accuracy=77.669998
********************************************************************************
Round 802
ROUND_ACCURACY method=FedPhoenixRG round=803 accuracy=81.750000
********************************************************************************
Round 803
ROUND_ACCURACY method=FedPhoenixRG round=804 accuracy=74.940002
********************************************************************************
Round 804
ROUND_ACCURACY method=FedPhoenixRG round=805 accuracy=71.160004
********************************************************************************
Round 805
ROUND_ACCURACY method=FedPhoenixRG round=806 accuracy=80.139999
********************************************************************************
Round 806
ROUND_ACCURACY method=FedPhoenixRG round=807 accuracy=70.699997
********************************************************************************
Round 807
ROUND_ACCURACY method=FedPhoenixRG round=808 accuracy=78.610001
********************************************************************************
Round 808
ROUND_ACCURACY method=FedPhoenixRG round=809 accuracy=76.900002
********************************************************************************
Round 809
ROUND_ACCURACY method=FedPhoenixRG round=810 accuracy=80.809998
********************************************************************************
Round 810
ROUND_ACCURACY method=FedPhoenixRG round=811 accuracy=76.589996
********************************************************************************
Round 811
ROUND_ACCURACY method=FedPhoenixRG round=812 accuracy=80.879997
********************************************************************************
Round 812
ROUND_ACCURACY method=FedPhoenixRG round=813 accuracy=80.089996
********************************************************************************
Round 813
ROUND_ACCURACY method=FedPhoenixRG round=814 accuracy=78.050003
********************************************************************************
Round 814
ROUND_ACCURACY method=FedPhoenixRG round=815 accuracy=78.599998
********************************************************************************
Round 815
ROUND_ACCURACY method=FedPhoenixRG round=816 accuracy=78.860001
********************************************************************************
Round 816
ROUND_ACCURACY method=FedPhoenixRG round=817 accuracy=74.089996
********************************************************************************
Round 817
ROUND_ACCURACY method=FedPhoenixRG round=818 accuracy=81.209999
********************************************************************************
Round 818
ROUND_ACCURACY method=FedPhoenixRG round=819 accuracy=80.269997
********************************************************************************
Round 819
RG_SCORE round=820 layer=features.0 mean_q=0.046950 max_q=0.228875 fraction_q_positive=0.625000 sampling_entropy=3.990269 uniform_entropy=4.158883 entropy_gap=0.168614 max_probability_over_uniform=2.937459 min_probability_over_uniform=0.500000
RG_SCORE round=820 layer=features.3 mean_q=0.058403 max_q=0.087417 fraction_q_positive=1.000000 sampling_entropy=4.149776 uniform_entropy=4.158883 entropy_gap=0.009107 max_probability_over_uniform=1.248392 min_probability_over_uniform=0.500488
RG_SCORE round=820 layer=features.7 mean_q=0.061375 max_q=0.118536 fraction_q_positive=1.000000 sampling_entropy=4.836896 uniform_entropy=4.852030 entropy_gap=0.015135 max_probability_over_uniform=1.465669 min_probability_over_uniform=0.554133
RG_SCORE round=820 layer=features.10 mean_q=0.059106 max_q=0.097542 fraction_q_positive=1.000000 sampling_entropy=4.846170 uniform_entropy=4.852030 entropy_gap=0.005860 max_probability_over_uniform=1.325139 min_probability_over_uniform=0.779584
RG_SCORE round=820 layer=features.14 mean_q=0.065939 max_q=0.147859 fraction_q_positive=1.000000 sampling_entropy=5.537807 uniform_entropy=5.545177 entropy_gap=0.007370 max_probability_over_uniform=1.621176 min_probability_over_uniform=0.782379
RG_SCORE round=820 layer=features.17 mean_q=0.062913 max_q=0.120103 fraction_q_positive=1.000000 sampling_entropy=5.537362 uniform_entropy=5.545177 entropy_gap=0.007815 max_probability_over_uniform=1.454512 min_probability_over_uniform=0.666848
RG_SCORE round=820 layer=features.20 mean_q=0.054059 max_q=0.083467 fraction_q_positive=1.000000 sampling_entropy=5.540600 uniform_entropy=5.545177 entropy_gap=0.004578 max_probability_over_uniform=1.271999 min_probability_over_uniform=0.714263
RG_SCORE round=820 layer=features.24 mean_q=0.090479 max_q=0.174740 fraction_q_positive=1.000000 sampling_entropy=6.230326 uniform_entropy=6.238325 entropy_gap=0.007998 max_probability_over_uniform=1.465634 min_probability_over_uniform=0.694756
RG_SCORE round=820 layer=features.27 mean_q=0.133554 max_q=0.200972 fraction_q_positive=1.000000 sampling_entropy=6.234364 uniform_entropy=6.238325 entropy_gap=0.003961 max_probability_over_uniform=1.252398 min_probability_over_uniform=0.700431
RG_SCORE round=820 layer=features.30 mean_q=0.102225 max_q=0.153620 fraction_q_positive=1.000000 sampling_entropy=6.233729 uniform_entropy=6.238325 entropy_gap=0.004596 max_probability_over_uniform=1.251381 min_probability_over_uniform=0.685719
RG_SCORE round=820 layer=features.34 mean_q=0.267501 max_q=0.366289 fraction_q_positive=1.000000 sampling_entropy=6.232491 uniform_entropy=6.238325 entropy_gap=0.005833 max_probability_over_uniform=1.184649 min_probability_over_uniform=0.532803
RG_SCORE round=820 layer=features.37 mean_q=0.269729 max_q=0.390640 fraction_q_positive=1.000000 sampling_entropy=6.231609 uniform_entropy=6.238325 entropy_gap=0.006716 max_probability_over_uniform=1.224135 min_probability_over_uniform=0.513383
RG_SCORE round=820 layer=features.40 mean_q=0.214116 max_q=0.381839 fraction_q_positive=1.000000 sampling_entropy=6.225901 uniform_entropy=6.238325 entropy_gap=0.012423 max_probability_over_uniform=1.391665 min_probability_over_uniform=0.533433
ROUND_ACCURACY method=FedPhoenixRG round=820 accuracy=81.070000
********************************************************************************
Round 820
ROUND_ACCURACY method=FedPhoenixRG round=821 accuracy=80.279999
********************************************************************************
Round 821
ROUND_ACCURACY method=FedPhoenixRG round=822 accuracy=76.139999
********************************************************************************
Round 822
ROUND_ACCURACY method=FedPhoenixRG round=823 accuracy=64.239998
********************************************************************************
Round 823
ROUND_ACCURACY method=FedPhoenixRG round=824 accuracy=23.580000
********************************************************************************
Round 824
ROUND_ACCURACY method=FedPhoenixRG round=825 accuracy=64.739998
********************************************************************************
Round 825
ROUND_ACCURACY method=FedPhoenixRG round=826 accuracy=63.639999
********************************************************************************
Round 826
ROUND_ACCURACY method=FedPhoenixRG round=827 accuracy=56.919998
********************************************************************************
Round 827
ROUND_ACCURACY method=FedPhoenixRG round=828 accuracy=67.860001
********************************************************************************
Round 828
ROUND_ACCURACY method=FedPhoenixRG round=829 accuracy=78.120003
********************************************************************************
Round 829
ROUND_ACCURACY method=FedPhoenixRG round=830 accuracy=67.379997
********************************************************************************
Round 830
ROUND_ACCURACY method=FedPhoenixRG round=831 accuracy=75.709999
********************************************************************************
Round 831
ROUND_ACCURACY method=FedPhoenixRG round=832 accuracy=79.449997
********************************************************************************
Round 832
ROUND_ACCURACY method=FedPhoenixRG round=833 accuracy=74.639999
********************************************************************************
Round 833
ROUND_ACCURACY method=FedPhoenixRG round=834 accuracy=79.459999
********************************************************************************
Round 834
ROUND_ACCURACY method=FedPhoenixRG round=835 accuracy=74.070000
********************************************************************************
Round 835
ROUND_ACCURACY method=FedPhoenixRG round=836 accuracy=79.059998
********************************************************************************
Round 836
ROUND_ACCURACY method=FedPhoenixRG round=837 accuracy=81.169998
********************************************************************************
Round 837
ROUND_ACCURACY method=FedPhoenixRG round=838 accuracy=80.669998
********************************************************************************
Round 838
ROUND_ACCURACY method=FedPhoenixRG round=839 accuracy=78.639999
********************************************************************************
Round 839
RG_SCORE round=840 layer=features.0 mean_q=0.061408 max_q=0.197935 fraction_q_positive=0.750000 sampling_entropy=4.060423 uniform_entropy=4.158883 entropy_gap=0.098460 max_probability_over_uniform=2.111624 min_probability_over_uniform=0.500000
RG_SCORE round=840 layer=features.3 mean_q=0.036586 max_q=0.072870 fraction_q_positive=0.968750 sampling_entropy=4.130523 uniform_entropy=4.158883 entropy_gap=0.028360 max_probability_over_uniform=1.495861 min_probability_over_uniform=0.500000
RG_SCORE round=840 layer=features.7 mean_q=0.039518 max_q=0.105005 fraction_q_positive=1.000000 sampling_entropy=4.832662 uniform_entropy=4.852030 entropy_gap=0.019369 max_probability_over_uniform=1.828568 min_probability_over_uniform=0.531749
RG_SCORE round=840 layer=features.10 mean_q=0.037781 max_q=0.078566 fraction_q_positive=1.000000 sampling_entropy=4.839550 uniform_entropy=4.852030 entropy_gap=0.012480 max_probability_over_uniform=1.539748 min_probability_over_uniform=0.660794
RG_SCORE round=840 layer=features.14 mean_q=0.043542 max_q=0.093301 fraction_q_positive=1.000000 sampling_entropy=5.527198 uniform_entropy=5.545177 entropy_gap=0.017980 max_probability_over_uniform=1.571390 min_probability_over_uniform=0.583220
RG_SCORE round=840 layer=features.17 mean_q=0.048187 max_q=0.111422 fraction_q_positive=0.996094 sampling_entropy=5.526073 uniform_entropy=5.545177 entropy_gap=0.019105 max_probability_over_uniform=1.656148 min_probability_over_uniform=0.500000
RG_SCORE round=840 layer=features.20 mean_q=0.045954 max_q=0.081872 fraction_q_positive=1.000000 sampling_entropy=5.530853 uniform_entropy=5.545177 entropy_gap=0.014325 max_probability_over_uniform=1.390811 min_probability_over_uniform=0.575877
RG_SCORE round=840 layer=features.24 mean_q=0.079467 max_q=0.181617 fraction_q_positive=1.000000 sampling_entropy=6.218273 uniform_entropy=6.238325 entropy_gap=0.020052 max_probability_over_uniform=1.642722 min_probability_over_uniform=0.507047
RG_SCORE round=840 layer=features.27 mean_q=0.111078 max_q=0.183858 fraction_q_positive=1.000000 sampling_entropy=6.226576 uniform_entropy=6.238325 entropy_gap=0.011748 max_probability_over_uniform=1.327605 min_probability_over_uniform=0.614300
RG_SCORE round=840 layer=features.30 mean_q=0.084454 max_q=0.147989 fraction_q_positive=1.000000 sampling_entropy=6.230581 uniform_entropy=6.238325 entropy_gap=0.007744 max_probability_over_uniform=1.376150 min_probability_over_uniform=0.599424
RG_SCORE round=840 layer=features.34 mean_q=0.201199 max_q=0.330403 fraction_q_positive=1.000000 sampling_entropy=6.230010 uniform_entropy=6.238325 entropy_gap=0.008314 max_probability_over_uniform=1.321088 min_probability_over_uniform=0.579066
RG_SCORE round=840 layer=features.37 mean_q=0.195143 max_q=0.352873 fraction_q_positive=1.000000 sampling_entropy=6.229426 uniform_entropy=6.238325 entropy_gap=0.008898 max_probability_over_uniform=1.404138 min_probability_over_uniform=0.515593
RG_SCORE round=840 layer=features.40 mean_q=0.127655 max_q=0.294586 fraction_q_positive=1.000000 sampling_entropy=6.214481 uniform_entropy=6.238325 entropy_gap=0.023843 max_probability_over_uniform=1.653835 min_probability_over_uniform=0.528232
ROUND_ACCURACY method=FedPhoenixRG round=840 accuracy=64.190002
********************************************************************************
Round 840
ROUND_ACCURACY method=FedPhoenixRG round=841 accuracy=77.320000
********************************************************************************
Round 841
ROUND_ACCURACY method=FedPhoenixRG round=842 accuracy=64.389999
********************************************************************************
Round 842
ROUND_ACCURACY method=FedPhoenixRG round=843 accuracy=78.110001
********************************************************************************
Round 843
ROUND_ACCURACY method=FedPhoenixRG round=844 accuracy=78.820000
********************************************************************************
Round 844
ROUND_ACCURACY method=FedPhoenixRG round=845 accuracy=79.209999
********************************************************************************
Round 845
ROUND_ACCURACY method=FedPhoenixRG round=846 accuracy=72.709999
********************************************************************************
Round 846
ROUND_ACCURACY method=FedPhoenixRG round=847 accuracy=72.980003
********************************************************************************
Round 847
ROUND_ACCURACY method=FedPhoenixRG round=848 accuracy=81.610001
********************************************************************************
Round 848
ROUND_ACCURACY method=FedPhoenixRG round=849 accuracy=80.739998
********************************************************************************
Round 849
ROUND_ACCURACY method=FedPhoenixRG round=850 accuracy=79.480003
********************************************************************************
Round 850
ROUND_ACCURACY method=FedPhoenixRG round=851 accuracy=75.120003
********************************************************************************
Round 851
ROUND_ACCURACY method=FedPhoenixRG round=852 accuracy=78.379997
********************************************************************************
Round 852
ROUND_ACCURACY method=FedPhoenixRG round=853 accuracy=75.739998
********************************************************************************
Round 853
ROUND_ACCURACY method=FedPhoenixRG round=854 accuracy=72.230003
********************************************************************************
Round 854
ROUND_ACCURACY method=FedPhoenixRG round=855 accuracy=70.540001
********************************************************************************
Round 855
ROUND_ACCURACY method=FedPhoenixRG round=856 accuracy=81.489998
********************************************************************************
Round 856
ROUND_ACCURACY method=FedPhoenixRG round=857 accuracy=77.650002
********************************************************************************
Round 857
ROUND_ACCURACY method=FedPhoenixRG round=858 accuracy=79.690002
********************************************************************************
Round 858
ROUND_ACCURACY method=FedPhoenixRG round=859 accuracy=78.489998
********************************************************************************
Round 859
RG_SCORE round=860 layer=features.0 mean_q=0.055495 max_q=0.231961 fraction_q_positive=0.625000 sampling_entropy=3.989236 uniform_entropy=4.158883 entropy_gap=0.169647 max_probability_over_uniform=2.589944 min_probability_over_uniform=0.500000
RG_SCORE round=860 layer=features.3 mean_q=0.042865 max_q=0.124136 fraction_q_positive=0.859375 sampling_entropy=4.099406 uniform_entropy=4.158883 entropy_gap=0.059477 max_probability_over_uniform=1.947971 min_probability_over_uniform=0.500000
RG_SCORE round=860 layer=features.7 mean_q=0.042542 max_q=0.091696 fraction_q_positive=0.976562 sampling_entropy=4.820573 uniform_entropy=4.852030 entropy_gap=0.031457 max_probability_over_uniform=1.577707 min_probability_over_uniform=0.500000
RG_SCORE round=860 layer=features.10 mean_q=0.038414 max_q=0.092573 fraction_q_positive=0.992188 sampling_entropy=4.829837 uniform_entropy=4.852030 entropy_gap=0.022194 max_probability_over_uniform=1.704926 min_probability_over_uniform=0.500000
RG_SCORE round=860 layer=features.14 mean_q=0.039183 max_q=0.105231 fraction_q_positive=0.988281 sampling_entropy=5.520196 uniform_entropy=5.545177 entropy_gap=0.024981 max_probability_over_uniform=1.842809 min_probability_over_uniform=0.500000
RG_SCORE round=860 layer=features.17 mean_q=0.035743 max_q=0.096735 fraction_q_positive=0.988281 sampling_entropy=5.516855 uniform_entropy=5.545177 entropy_gap=0.028323 max_probability_over_uniform=1.853183 min_probability_over_uniform=0.500000
RG_SCORE round=860 layer=features.20 mean_q=0.029005 max_q=0.076445 fraction_q_positive=0.988281 sampling_entropy=5.517481 uniform_entropy=5.545177 entropy_gap=0.027696 max_probability_over_uniform=1.817791 min_probability_over_uniform=0.500000
RG_SCORE round=860 layer=features.24 mean_q=0.050025 max_q=0.160231 fraction_q_positive=0.955078 sampling_entropy=6.187058 uniform_entropy=6.238325 entropy_gap=0.051267 max_probability_over_uniform=2.101519 min_probability_over_uniform=0.500000
RG_SCORE round=860 layer=features.27 mean_q=0.077235 max_q=0.220732 fraction_q_positive=0.992188 sampling_entropy=6.204889 uniform_entropy=6.238325 entropy_gap=0.033436 max_probability_over_uniform=1.928958 min_probability_over_uniform=0.500000
RG_SCORE round=860 layer=features.30 mean_q=0.053552 max_q=0.158411 fraction_q_positive=0.964844 sampling_entropy=6.188789 uniform_entropy=6.238325 entropy_gap=0.049535 max_probability_over_uniform=1.979046 min_probability_over_uniform=0.500000
RG_SCORE round=860 layer=features.34 mean_q=0.185543 max_q=0.374406 fraction_q_positive=0.978516 sampling_entropy=6.200615 uniform_entropy=6.238325 entropy_gap=0.037710 max_probability_over_uniform=1.508945 min_probability_over_uniform=0.500000
RG_SCORE round=860 layer=features.37 mean_q=0.157423 max_q=0.350368 fraction_q_positive=0.974609 sampling_entropy=6.205276 uniform_entropy=6.238325 entropy_gap=0.033048 max_probability_over_uniform=1.612825 min_probability_over_uniform=0.500000
RG_SCORE round=860 layer=features.40 mean_q=0.080013 max_q=0.315290 fraction_q_positive=0.886719 sampling_entropy=6.166495 uniform_entropy=6.238325 entropy_gap=0.071829 max_probability_over_uniform=2.470248 min_probability_over_uniform=0.500000
ROUND_ACCURACY method=FedPhoenixRG round=860 accuracy=78.010002
********************************************************************************
Round 860
ROUND_ACCURACY method=FedPhoenixRG round=861 accuracy=74.589996
********************************************************************************
Round 861
ROUND_ACCURACY method=FedPhoenixRG round=862 accuracy=72.800003
********************************************************************************
Round 862
ROUND_ACCURACY method=FedPhoenixRG round=863 accuracy=68.059998
********************************************************************************
Round 863
ROUND_ACCURACY method=FedPhoenixRG round=864 accuracy=73.019997
********************************************************************************
Round 864
ROUND_ACCURACY method=FedPhoenixRG round=865 accuracy=79.160004
********************************************************************************
Round 865
ROUND_ACCURACY method=FedPhoenixRG round=866 accuracy=73.639999
********************************************************************************
Round 866
ROUND_ACCURACY method=FedPhoenixRG round=867 accuracy=81.169998
********************************************************************************
Round 867
ROUND_ACCURACY method=FedPhoenixRG round=868 accuracy=73.220001
********************************************************************************
Round 868
ROUND_ACCURACY method=FedPhoenixRG round=869 accuracy=81.279999
********************************************************************************
Round 869
ROUND_ACCURACY method=FedPhoenixRG round=870 accuracy=80.779999
********************************************************************************
Round 870
ROUND_ACCURACY method=FedPhoenixRG round=871 accuracy=82.040001
********************************************************************************
Round 871
ROUND_ACCURACY method=FedPhoenixRG round=872 accuracy=81.279999
********************************************************************************
Round 872
ROUND_ACCURACY method=FedPhoenixRG round=873 accuracy=81.320000
********************************************************************************
Round 873
ROUND_ACCURACY method=FedPhoenixRG round=874 accuracy=77.250000
********************************************************************************
Round 874
ROUND_ACCURACY method=FedPhoenixRG round=875 accuracy=79.949997
********************************************************************************
Round 875
ROUND_ACCURACY method=FedPhoenixRG round=876 accuracy=81.540001
********************************************************************************
Round 876
ROUND_ACCURACY method=FedPhoenixRG round=877 accuracy=77.709999
********************************************************************************
Round 877
ROUND_ACCURACY method=FedPhoenixRG round=878 accuracy=73.699997
********************************************************************************
Round 878
ROUND_ACCURACY method=FedPhoenixRG round=879 accuracy=62.860001
********************************************************************************
Round 879
RG_SCORE round=880 layer=features.0 mean_q=0.084996 max_q=0.211464 fraction_q_positive=0.812500 sampling_entropy=4.084563 uniform_entropy=4.158883 entropy_gap=0.074320 max_probability_over_uniform=1.743971 min_probability_over_uniform=0.500000
RG_SCORE round=880 layer=features.3 mean_q=0.056078 max_q=0.117478 fraction_q_positive=1.000000 sampling_entropy=4.139305 uniform_entropy=4.158883 entropy_gap=0.019578 max_probability_over_uniform=1.547442 min_probability_over_uniform=0.541276
RG_SCORE round=880 layer=features.7 mean_q=0.064678 max_q=0.135472 fraction_q_positive=1.000000 sampling_entropy=4.837497 uniform_entropy=4.852030 entropy_gap=0.014534 max_probability_over_uniform=1.547283 min_probability_over_uniform=0.620077
RG_SCORE round=880 layer=features.10 mean_q=0.058776 max_q=0.125255 fraction_q_positive=1.000000 sampling_entropy=4.846206 uniform_entropy=4.852030 entropy_gap=0.005824 max_probability_over_uniform=1.565533 min_probability_over_uniform=0.776009
RG_SCORE round=880 layer=features.14 mean_q=0.066978 max_q=0.124460 fraction_q_positive=1.000000 sampling_entropy=5.538261 uniform_entropy=5.545177 entropy_gap=0.006916 max_probability_over_uniform=1.429110 min_probability_over_uniform=0.709827
RG_SCORE round=880 layer=features.17 mean_q=0.065388 max_q=0.114743 fraction_q_positive=1.000000 sampling_entropy=5.539318 uniform_entropy=5.545177 entropy_gap=0.005860 max_probability_over_uniform=1.377394 min_probability_over_uniform=0.733699
RG_SCORE round=880 layer=features.20 mean_q=0.058657 max_q=0.087723 fraction_q_positive=1.000000 sampling_entropy=5.541716 uniform_entropy=5.545177 entropy_gap=0.003462 max_probability_over_uniform=1.247766 min_probability_over_uniform=0.832057
RG_SCORE round=880 layer=features.24 mean_q=0.099564 max_q=0.219569 fraction_q_positive=1.000000 sampling_entropy=6.232003 uniform_entropy=6.238325 entropy_gap=0.006322 max_probability_over_uniform=1.602654 min_probability_over_uniform=0.771081
RG_SCORE round=880 layer=features.27 mean_q=0.144971 max_q=0.210919 fraction_q_positive=1.000000 sampling_entropy=6.235521 uniform_entropy=6.238325 entropy_gap=0.002803 max_probability_over_uniform=1.227451 min_probability_over_uniform=0.798197
RG_SCORE round=880 layer=features.30 mean_q=0.107959 max_q=0.162033 fraction_q_positive=1.000000 sampling_entropy=6.235098 uniform_entropy=6.238325 entropy_gap=0.003227 max_probability_over_uniform=1.250437 min_probability_over_uniform=0.713818
RG_SCORE round=880 layer=features.34 mean_q=0.260434 max_q=0.357703 fraction_q_positive=1.000000 sampling_entropy=6.234130 uniform_entropy=6.238325 entropy_gap=0.004194 max_probability_over_uniform=1.186744 min_probability_over_uniform=0.545977
RG_SCORE round=880 layer=features.37 mean_q=0.245277 max_q=0.350200 fraction_q_positive=1.000000 sampling_entropy=6.233959 uniform_entropy=6.238325 entropy_gap=0.004366 max_probability_over_uniform=1.213889 min_probability_over_uniform=0.569143
RG_SCORE round=880 layer=features.40 mean_q=0.163177 max_q=0.297874 fraction_q_positive=1.000000 sampling_entropy=6.225270 uniform_entropy=6.238325 entropy_gap=0.013055 max_probability_over_uniform=1.412732 min_probability_over_uniform=0.551246
ROUND_ACCURACY method=FedPhoenixRG round=880 accuracy=80.839996
********************************************************************************
Round 880
ROUND_ACCURACY method=FedPhoenixRG round=881 accuracy=73.120003
********************************************************************************
Round 881
ROUND_ACCURACY method=FedPhoenixRG round=882 accuracy=80.110001
********************************************************************************
Round 882
ROUND_ACCURACY method=FedPhoenixRG round=883 accuracy=68.080002
********************************************************************************
Round 883
ROUND_ACCURACY method=FedPhoenixRG round=884 accuracy=80.230003
********************************************************************************
Round 884
ROUND_ACCURACY method=FedPhoenixRG round=885 accuracy=77.000000
********************************************************************************
Round 885
ROUND_ACCURACY method=FedPhoenixRG round=886 accuracy=71.150002
********************************************************************************
Round 886
ROUND_ACCURACY method=FedPhoenixRG round=887 accuracy=70.690002
********************************************************************************
Round 887
ROUND_ACCURACY method=FedPhoenixRG round=888 accuracy=81.320000
********************************************************************************
Round 888
ROUND_ACCURACY method=FedPhoenixRG round=889 accuracy=81.769997
********************************************************************************
Round 889
ROUND_ACCURACY method=FedPhoenixRG round=890 accuracy=81.510002
********************************************************************************
Round 890
ROUND_ACCURACY method=FedPhoenixRG round=891 accuracy=80.849998
********************************************************************************
Round 891
ROUND_ACCURACY method=FedPhoenixRG round=892 accuracy=77.199997
********************************************************************************
Round 892
ROUND_ACCURACY method=FedPhoenixRG round=893 accuracy=79.589996
********************************************************************************
Round 893
ROUND_ACCURACY method=FedPhoenixRG round=894 accuracy=72.800003
********************************************************************************
Round 894
ROUND_ACCURACY method=FedPhoenixRG round=895 accuracy=77.580002
********************************************************************************
Round 895
ROUND_ACCURACY method=FedPhoenixRG round=896 accuracy=72.500000
********************************************************************************
Round 896
ROUND_ACCURACY method=FedPhoenixRG round=897 accuracy=72.169998
********************************************************************************
Round 897
ROUND_ACCURACY method=FedPhoenixRG round=898 accuracy=64.650002
********************************************************************************
Round 898
ROUND_ACCURACY method=FedPhoenixRG round=899 accuracy=79.010002
********************************************************************************
Round 899
RG_SCORE round=900 layer=features.0 mean_q=0.047437 max_q=0.214566 fraction_q_positive=0.687500 sampling_entropy=4.034832 uniform_entropy=4.158883 entropy_gap=0.124051 max_probability_over_uniform=2.761578 min_probability_over_uniform=0.500000
RG_SCORE round=900 layer=features.3 mean_q=0.025424 max_q=0.070269 fraction_q_positive=0.890625 sampling_entropy=4.100597 uniform_entropy=4.158883 entropy_gap=0.058286 max_probability_over_uniform=1.881914 min_probability_over_uniform=0.500000
RG_SCORE round=900 layer=features.7 mean_q=0.026424 max_q=0.061492 fraction_q_positive=0.976562 sampling_entropy=4.816720 uniform_entropy=4.852030 entropy_gap=0.035311 max_probability_over_uniform=1.663541 min_probability_over_uniform=0.500000
RG_SCORE round=900 layer=features.10 mean_q=0.025870 max_q=0.045370 fraction_q_positive=1.000000 sampling_entropy=4.835432 uniform_entropy=4.852030 entropy_gap=0.016598 max_probability_over_uniform=1.376862 min_probability_over_uniform=0.595743
RG_SCORE round=900 layer=features.14 mean_q=0.033655 max_q=0.090195 fraction_q_positive=1.000000 sampling_entropy=5.528212 uniform_entropy=5.545177 entropy_gap=0.016966 max_probability_over_uniform=1.840010 min_probability_over_uniform=0.622540
RG_SCORE round=900 layer=features.17 mean_q=0.032597 max_q=0.085552 fraction_q_positive=1.000000 sampling_entropy=5.525457 uniform_entropy=5.545177 entropy_gap=0.019721 max_probability_over_uniform=1.812258 min_probability_over_uniform=0.570167
RG_SCORE round=900 layer=features.20 mean_q=0.027962 max_q=0.070513 fraction_q_positive=1.000000 sampling_entropy=5.532314 uniform_entropy=5.545177 entropy_gap=0.012863 max_probability_over_uniform=1.760887 min_probability_over_uniform=0.560376
RG_SCORE round=900 layer=features.24 mean_q=0.051333 max_q=0.133590 fraction_q_positive=0.998047 sampling_entropy=6.217809 uniform_entropy=6.238325 entropy_gap=0.020516 max_probability_over_uniform=1.801195 min_probability_over_uniform=0.500000
RG_SCORE round=900 layer=features.27 mean_q=0.072598 max_q=0.159138 fraction_q_positive=1.000000 sampling_entropy=6.221960 uniform_entropy=6.238325 entropy_gap=0.016365 max_probability_over_uniform=1.596027 min_probability_over_uniform=0.515789
RG_SCORE round=900 layer=features.30 mean_q=0.042921 max_q=0.105558 fraction_q_positive=1.000000 sampling_entropy=6.218488 uniform_entropy=6.238325 entropy_gap=0.019837 max_probability_over_uniform=1.729678 min_probability_over_uniform=0.555723
RG_SCORE round=900 layer=features.34 mean_q=0.130504 max_q=0.308128 fraction_q_positive=1.000000 sampling_entropy=6.208213 uniform_entropy=6.238325 entropy_gap=0.030112 max_probability_over_uniform=1.680529 min_probability_over_uniform=0.501965
RG_SCORE round=900 layer=features.37 mean_q=0.176310 max_q=0.334799 fraction_q_positive=1.000000 sampling_entropy=6.225732 uniform_entropy=6.238325 entropy_gap=0.012593 max_probability_over_uniform=1.449462 min_probability_over_uniform=0.514723
RG_SCORE round=900 layer=features.40 mean_q=0.109215 max_q=0.289144 fraction_q_positive=0.992188 sampling_entropy=6.208056 uniform_entropy=6.238325 entropy_gap=0.030269 max_probability_over_uniform=1.823741 min_probability_over_uniform=0.500000
ROUND_ACCURACY method=FedPhoenixRG round=900 accuracy=69.510002
********************************************************************************
Round 900
ROUND_ACCURACY method=FedPhoenixRG round=901 accuracy=80.889999
********************************************************************************
Round 901
ROUND_ACCURACY method=FedPhoenixRG round=902 accuracy=82.070000
********************************************************************************
Round 902
ROUND_ACCURACY method=FedPhoenixRG round=903 accuracy=50.930000
********************************************************************************
Round 903
ROUND_ACCURACY method=FedPhoenixRG round=904 accuracy=76.750000
********************************************************************************
Round 904
ROUND_ACCURACY method=FedPhoenixRG round=905 accuracy=78.690002
********************************************************************************
Round 905
ROUND_ACCURACY method=FedPhoenixRG round=906 accuracy=78.290001
********************************************************************************
Round 906
ROUND_ACCURACY method=FedPhoenixRG round=907 accuracy=74.070000
********************************************************************************
Round 907
ROUND_ACCURACY method=FedPhoenixRG round=908 accuracy=81.320000
********************************************************************************
Round 908
ROUND_ACCURACY method=FedPhoenixRG round=909 accuracy=79.089996
********************************************************************************
Round 909
ROUND_ACCURACY method=FedPhoenixRG round=910 accuracy=78.989998
********************************************************************************
Round 910
ROUND_ACCURACY method=FedPhoenixRG round=911 accuracy=78.790001
********************************************************************************
Round 911
ROUND_ACCURACY method=FedPhoenixRG round=912 accuracy=79.300003
********************************************************************************
Round 912
ROUND_ACCURACY method=FedPhoenixRG round=913 accuracy=77.489998
********************************************************************************
Round 913
ROUND_ACCURACY method=FedPhoenixRG round=914 accuracy=72.260002
********************************************************************************
Round 914
ROUND_ACCURACY method=FedPhoenixRG round=915 accuracy=80.199997
********************************************************************************
Round 915
ROUND_ACCURACY method=FedPhoenixRG round=916 accuracy=79.540001
********************************************************************************
Round 916
ROUND_ACCURACY method=FedPhoenixRG round=917 accuracy=81.239998
********************************************************************************
Round 917
ROUND_ACCURACY method=FedPhoenixRG round=918 accuracy=81.290001
********************************************************************************
Round 918
ROUND_ACCURACY method=FedPhoenixRG round=919 accuracy=81.089996
********************************************************************************
Round 919
RG_SCORE round=920 layer=features.0 mean_q=0.067129 max_q=0.486135 fraction_q_positive=0.468750 sampling_entropy=3.894654 uniform_entropy=4.158883 entropy_gap=0.264229 max_probability_over_uniform=4.120919 min_probability_over_uniform=0.500000
RG_SCORE round=920 layer=features.3 mean_q=0.017666 max_q=0.112414 fraction_q_positive=0.406250 sampling_entropy=3.881017 uniform_entropy=4.158883 entropy_gap=0.277867 max_probability_over_uniform=3.681568 min_probability_over_uniform=0.500000
RG_SCORE round=920 layer=features.7 mean_q=0.009007 max_q=0.081501 fraction_q_positive=0.398438 sampling_entropy=4.585369 uniform_entropy=4.852030 entropy_gap=0.266661 max_probability_over_uniform=5.024322 min_probability_over_uniform=0.500000
RG_SCORE round=920 layer=features.10 mean_q=0.010524 max_q=0.065431 fraction_q_positive=0.507812 sampling_entropy=4.634140 uniform_entropy=4.852030 entropy_gap=0.217890 max_probability_over_uniform=3.608573 min_probability_over_uniform=0.500000
RG_SCORE round=920 layer=features.14 mean_q=0.008503 max_q=0.124304 fraction_q_positive=0.468750 sampling_entropy=5.253658 uniform_entropy=5.545177 entropy_gap=0.291520 max_probability_over_uniform=7.809270 min_probability_over_uniform=0.500000
RG_SCORE round=920 layer=features.17 mean_q=0.010052 max_q=0.083908 fraction_q_positive=0.566406 sampling_entropy=5.328212 uniform_entropy=5.545177 entropy_gap=0.216965 max_probability_over_uniform=4.673703 min_probability_over_uniform=0.500000
RG_SCORE round=920 layer=features.20 mean_q=0.010979 max_q=0.091141 fraction_q_positive=0.542969 sampling_entropy=5.331797 uniform_entropy=5.545177 entropy_gap=0.213380 max_probability_over_uniform=4.650535 min_probability_over_uniform=0.500000
RG_SCORE round=920 layer=features.24 mean_q=0.021747 max_q=0.191938 fraction_q_positive=0.593750 sampling_entropy=6.022485 uniform_entropy=6.238325 entropy_gap=0.215840 max_probability_over_uniform=4.913031 min_probability_over_uniform=0.500000
RG_SCORE round=920 layer=features.27 mean_q=0.025616 max_q=0.166886 fraction_q_positive=0.794922 sampling_entropy=6.094795 uniform_entropy=6.238325 entropy_gap=0.143530 max_probability_over_uniform=3.757478 min_probability_over_uniform=0.500000
RG_SCORE round=920 layer=features.30 mean_q=0.026245 max_q=0.159271 fraction_q_positive=0.689453 sampling_entropy=6.084107 uniform_entropy=6.238325 entropy_gap=0.154217 max_probability_over_uniform=3.534334 min_probability_over_uniform=0.500000
RG_SCORE round=920 layer=features.34 mean_q=0.091213 max_q=0.362681 fraction_q_positive=0.718750 sampling_entropy=6.107323 uniform_entropy=6.238325 entropy_gap=0.131002 max_probability_over_uniform=2.488108 min_probability_over_uniform=0.500000
RG_SCORE round=920 layer=features.37 mean_q=0.109237 max_q=0.320513 fraction_q_positive=0.876953 sampling_entropy=6.164292 uniform_entropy=6.238325 entropy_gap=0.074033 max_probability_over_uniform=1.967059 min_probability_over_uniform=0.500000
RG_SCORE round=920 layer=features.40 mean_q=0.075651 max_q=0.289891 fraction_q_positive=0.812500 sampling_entropy=6.139982 uniform_entropy=6.238325 entropy_gap=0.098343 max_probability_over_uniform=2.415980 min_probability_over_uniform=0.500000
ROUND_ACCURACY method=FedPhoenixRG round=920 accuracy=63.209999
********************************************************************************
Round 920
ROUND_ACCURACY method=FedPhoenixRG round=921 accuracy=80.500000
********************************************************************************
Round 921
ROUND_ACCURACY method=FedPhoenixRG round=922 accuracy=81.169998
********************************************************************************
Round 922
ROUND_ACCURACY method=FedPhoenixRG round=923 accuracy=81.839996
********************************************************************************
Round 923
ROUND_ACCURACY method=FedPhoenixRG round=924 accuracy=76.839996
********************************************************************************
Round 924
ROUND_ACCURACY method=FedPhoenixRG round=925 accuracy=79.320000
********************************************************************************
Round 925
ROUND_ACCURACY method=FedPhoenixRG round=926 accuracy=72.489998
********************************************************************************
Round 926
ROUND_ACCURACY method=FedPhoenixRG round=927 accuracy=81.099998
********************************************************************************
Round 927
ROUND_ACCURACY method=FedPhoenixRG round=928 accuracy=79.690002
********************************************************************************
Round 928
ROUND_ACCURACY method=FedPhoenixRG round=929 accuracy=81.339996
********************************************************************************
Round 929
ROUND_ACCURACY method=FedPhoenixRG round=930 accuracy=82.160004
********************************************************************************
Round 930
ROUND_ACCURACY method=FedPhoenixRG round=931 accuracy=82.180000
********************************************************************************
Round 931
ROUND_ACCURACY method=FedPhoenixRG round=932 accuracy=81.820000
********************************************************************************
Round 932
ROUND_ACCURACY method=FedPhoenixRG round=933 accuracy=80.489998
********************************************************************************
Round 933
ROUND_ACCURACY method=FedPhoenixRG round=934 accuracy=82.290001
********************************************************************************
Round 934
ROUND_ACCURACY method=FedPhoenixRG round=935 accuracy=80.379997
********************************************************************************
Round 935
ROUND_ACCURACY method=FedPhoenixRG round=936 accuracy=71.889999
********************************************************************************
Round 936
ROUND_ACCURACY method=FedPhoenixRG round=937 accuracy=81.349998
********************************************************************************
Round 937
ROUND_ACCURACY method=FedPhoenixRG round=938 accuracy=81.190002
********************************************************************************
Round 938
ROUND_ACCURACY method=FedPhoenixRG round=939 accuracy=80.400002
********************************************************************************
Round 939
RG_SCORE round=940 layer=features.0 mean_q=0.033582 max_q=0.188435 fraction_q_positive=0.609375 sampling_entropy=3.978877 uniform_entropy=4.158883 entropy_gap=0.180006 max_probability_over_uniform=3.305588 min_probability_over_uniform=0.500000
RG_SCORE round=940 layer=features.3 mean_q=0.036832 max_q=0.088683 fraction_q_positive=0.953125 sampling_entropy=4.124131 uniform_entropy=4.158883 entropy_gap=0.034752 max_probability_over_uniform=1.703874 min_probability_over_uniform=0.500000
RG_SCORE round=940 layer=features.7 mean_q=0.039142 max_q=0.107494 fraction_q_positive=1.000000 sampling_entropy=4.823696 uniform_entropy=4.852030 entropy_gap=0.028334 max_probability_over_uniform=1.873118 min_probability_over_uniform=0.553260
RG_SCORE round=940 layer=features.10 mean_q=0.037250 max_q=0.074611 fraction_q_positive=1.000000 sampling_entropy=4.841400 uniform_entropy=4.852030 entropy_gap=0.010631 max_probability_over_uniform=1.501496 min_probability_over_uniform=0.612196
RG_SCORE round=940 layer=features.14 mean_q=0.043725 max_q=0.101696 fraction_q_positive=1.000000 sampling_entropy=5.532585 uniform_entropy=5.545177 entropy_gap=0.012592 max_probability_over_uniform=1.662905 min_probability_over_uniform=0.637844
RG_SCORE round=940 layer=features.17 mean_q=0.042922 max_q=0.099502 fraction_q_positive=1.000000 sampling_entropy=5.533359 uniform_entropy=5.545177 entropy_gap=0.011819 max_probability_over_uniform=1.659101 min_probability_over_uniform=0.731234
RG_SCORE round=940 layer=features.20 mean_q=0.035913 max_q=0.066033 fraction_q_positive=1.000000 sampling_entropy=5.538228 uniform_entropy=5.545177 entropy_gap=0.006949 max_probability_over_uniform=1.419351 min_probability_over_uniform=0.624435
RG_SCORE round=940 layer=features.24 mean_q=0.072444 max_q=0.147111 fraction_q_positive=1.000000 sampling_entropy=6.229213 uniform_entropy=6.238325 entropy_gap=0.009111 max_probability_over_uniform=1.515351 min_probability_over_uniform=0.688230
RG_SCORE round=940 layer=features.27 mean_q=0.119318 max_q=0.175579 fraction_q_positive=1.000000 sampling_entropy=6.234747 uniform_entropy=6.238325 entropy_gap=0.003578 max_probability_over_uniform=1.235760 min_probability_over_uniform=0.762912
RG_SCORE round=940 layer=features.30 mean_q=0.083180 max_q=0.125993 fraction_q_positive=1.000000 sampling_entropy=6.233652 uniform_entropy=6.238325 entropy_gap=0.004673 max_probability_over_uniform=1.257354 min_probability_over_uniform=0.683800
RG_SCORE round=940 layer=features.34 mean_q=0.206568 max_q=0.380493 fraction_q_positive=0.998047 sampling_entropy=6.223841 uniform_entropy=6.238325 entropy_gap=0.014484 max_probability_over_uniform=1.420984 min_probability_over_uniform=0.500000
RG_SCORE round=940 layer=features.37 mean_q=0.171942 max_q=0.359692 fraction_q_positive=0.996094 sampling_entropy=6.214041 uniform_entropy=6.238325 entropy_gap=0.024283 max_probability_over_uniform=1.545967 min_probability_over_uniform=0.500000
RG_SCORE round=940 layer=features.40 mean_q=0.082995 max_q=0.297661 fraction_q_positive=0.931641 sampling_entropy=6.168551 uniform_entropy=6.238325 entropy_gap=0.069774 max_probability_over_uniform=2.293243 min_probability_over_uniform=0.500000
ROUND_ACCURACY method=FedPhoenixRG round=940 accuracy=75.970001
********************************************************************************
Round 940
ROUND_ACCURACY method=FedPhoenixRG round=941 accuracy=79.160004
********************************************************************************
Round 941
ROUND_ACCURACY method=FedPhoenixRG round=942 accuracy=73.010002
********************************************************************************
Round 942
ROUND_ACCURACY method=FedPhoenixRG round=943 accuracy=73.199997
********************************************************************************
Round 943
ROUND_ACCURACY method=FedPhoenixRG round=944 accuracy=81.110001
********************************************************************************
Round 944
ROUND_ACCURACY method=FedPhoenixRG round=945 accuracy=81.059998
********************************************************************************
Round 945
ROUND_ACCURACY method=FedPhoenixRG round=946 accuracy=79.650002
********************************************************************************
Round 946
ROUND_ACCURACY method=FedPhoenixRG round=947 accuracy=80.699997
********************************************************************************
Round 947
ROUND_ACCURACY method=FedPhoenixRG round=948 accuracy=80.900002
********************************************************************************
Round 948
ROUND_ACCURACY method=FedPhoenixRG round=949 accuracy=74.879997
********************************************************************************
Round 949
ROUND_ACCURACY method=FedPhoenixRG round=950 accuracy=79.000000
********************************************************************************
Round 950
ROUND_ACCURACY method=FedPhoenixRG round=951 accuracy=72.269997
********************************************************************************
Round 951
ROUND_ACCURACY method=FedPhoenixRG round=952 accuracy=78.769997
********************************************************************************
Round 952
ROUND_ACCURACY method=FedPhoenixRG round=953 accuracy=81.860001
********************************************************************************
Round 953
ROUND_ACCURACY method=FedPhoenixRG round=954 accuracy=79.680000
********************************************************************************
Round 954
ROUND_ACCURACY method=FedPhoenixRG round=955 accuracy=76.610001
********************************************************************************
Round 955
ROUND_ACCURACY method=FedPhoenixRG round=956 accuracy=80.820000
********************************************************************************
Round 956
ROUND_ACCURACY method=FedPhoenixRG round=957 accuracy=72.180000
********************************************************************************
Round 957
ROUND_ACCURACY method=FedPhoenixRG round=958 accuracy=81.459999
********************************************************************************
Round 958
ROUND_ACCURACY method=FedPhoenixRG round=959 accuracy=74.470001
********************************************************************************
Round 959
RG_SCORE round=960 layer=features.0 mean_q=0.052544 max_q=0.237465 fraction_q_positive=0.796875 sampling_entropy=4.040653 uniform_entropy=4.158883 entropy_gap=0.118230 max_probability_over_uniform=2.759675 min_probability_over_uniform=0.500000
RG_SCORE round=960 layer=features.3 mean_q=0.031956 max_q=0.066073 fraction_q_positive=0.968750 sampling_entropy=4.126604 uniform_entropy=4.158883 entropy_gap=0.032279 max_probability_over_uniform=1.533818 min_probability_over_uniform=0.500000
RG_SCORE round=960 layer=features.7 mean_q=0.030872 max_q=0.066551 fraction_q_positive=0.992188 sampling_entropy=4.821021 uniform_entropy=4.852030 entropy_gap=0.031009 max_probability_over_uniform=1.577861 min_probability_over_uniform=0.500000
RG_SCORE round=960 layer=features.10 mean_q=0.033068 max_q=0.065309 fraction_q_positive=1.000000 sampling_entropy=4.838422 uniform_entropy=4.852030 entropy_gap=0.013608 max_probability_over_uniform=1.487511 min_probability_over_uniform=0.609383
RG_SCORE round=960 layer=features.14 mean_q=0.041270 max_q=0.109047 fraction_q_positive=1.000000 sampling_entropy=5.532933 uniform_entropy=5.545177 entropy_gap=0.012245 max_probability_over_uniform=1.821131 min_probability_over_uniform=0.666448
RG_SCORE round=960 layer=features.17 mean_q=0.040791 max_q=0.094039 fraction_q_positive=1.000000 sampling_entropy=5.531373 uniform_entropy=5.545177 entropy_gap=0.013804 max_probability_over_uniform=1.652691 min_probability_over_uniform=0.733743
RG_SCORE round=960 layer=features.20 mean_q=0.036298 max_q=0.062365 fraction_q_positive=1.000000 sampling_entropy=5.537318 uniform_entropy=5.545177 entropy_gap=0.007859 max_probability_over_uniform=1.359063 min_probability_over_uniform=0.663148
RG_SCORE round=960 layer=features.24 mean_q=0.066958 max_q=0.140069 fraction_q_positive=1.000000 sampling_entropy=6.224393 uniform_entropy=6.238325 entropy_gap=0.013931 max_probability_over_uniform=1.545952 min_probability_over_uniform=0.670319
RG_SCORE round=960 layer=features.27 mean_q=0.108756 max_q=0.178550 fraction_q_positive=1.000000 sampling_entropy=6.231503 uniform_entropy=6.238325 entropy_gap=0.006821 max_probability_over_uniform=1.320876 min_probability_over_uniform=0.669936
RG_SCORE round=960 layer=features.30 mean_q=0.080448 max_q=0.130287 fraction_q_positive=1.000000 sampling_entropy=6.232142 uniform_entropy=6.238325 entropy_gap=0.006183 max_probability_over_uniform=1.309764 min_probability_over_uniform=0.666725
RG_SCORE round=960 layer=features.34 mean_q=0.251419 max_q=0.367490 fraction_q_positive=1.000000 sampling_entropy=6.232221 uniform_entropy=6.238325 entropy_gap=0.006104 max_probability_over_uniform=1.230831 min_probability_over_uniform=0.581771
RG_SCORE round=960 layer=features.37 mean_q=0.258335 max_q=0.390384 fraction_q_positive=1.000000 sampling_entropy=6.232988 uniform_entropy=6.238325 entropy_gap=0.005337 max_probability_over_uniform=1.255576 min_probability_over_uniform=0.705732
RG_SCORE round=960 layer=features.40 mean_q=0.194713 max_q=0.430480 fraction_q_positive=1.000000 sampling_entropy=6.224336 uniform_entropy=6.238325 entropy_gap=0.013989 max_probability_over_uniform=1.605425 min_probability_over_uniform=0.531572
ROUND_ACCURACY method=FedPhoenixRG round=960 accuracy=73.709999
********************************************************************************
Round 960
ROUND_ACCURACY method=FedPhoenixRG round=961 accuracy=80.290001
********************************************************************************
Round 961
ROUND_ACCURACY method=FedPhoenixRG round=962 accuracy=78.449997
********************************************************************************
Round 962
ROUND_ACCURACY method=FedPhoenixRG round=963 accuracy=81.349998
********************************************************************************
Round 963
ROUND_ACCURACY method=FedPhoenixRG round=964 accuracy=81.360001
********************************************************************************
Round 964
ROUND_ACCURACY method=FedPhoenixRG round=965 accuracy=82.430000
********************************************************************************
Round 965
ROUND_ACCURACY method=FedPhoenixRG round=966 accuracy=82.059998
********************************************************************************
Round 966
ROUND_ACCURACY method=FedPhoenixRG round=967 accuracy=82.599998
********************************************************************************
Round 967
ROUND_ACCURACY method=FedPhoenixRG round=968 accuracy=81.680000
********************************************************************************
Round 968
ROUND_ACCURACY method=FedPhoenixRG round=969 accuracy=82.730003
********************************************************************************
Round 969
ROUND_ACCURACY method=FedPhoenixRG round=970 accuracy=82.400002
********************************************************************************
Round 970
ROUND_ACCURACY method=FedPhoenixRG round=971 accuracy=81.959999
********************************************************************************
Round 971
ROUND_ACCURACY method=FedPhoenixRG round=972 accuracy=82.150002
********************************************************************************
Round 972
ROUND_ACCURACY method=FedPhoenixRG round=973 accuracy=82.419998
********************************************************************************
Round 973
ROUND_ACCURACY method=FedPhoenixRG round=974 accuracy=82.300003
********************************************************************************
Round 974
ROUND_ACCURACY method=FedPhoenixRG round=975 accuracy=49.290001
********************************************************************************
Round 975
ROUND_ACCURACY method=FedPhoenixRG round=976 accuracy=77.760002
********************************************************************************
Round 976
ROUND_ACCURACY method=FedPhoenixRG round=977 accuracy=77.050003
********************************************************************************
Round 977
ROUND_ACCURACY method=FedPhoenixRG round=978 accuracy=76.680000
********************************************************************************
Round 978
ROUND_ACCURACY method=FedPhoenixRG round=979 accuracy=73.820000
********************************************************************************
Round 979
RG_SCORE round=980 layer=features.0 mean_q=0.051209 max_q=0.259246 fraction_q_positive=0.609375 sampling_entropy=4.003774 uniform_entropy=4.158883 entropy_gap=0.155110 max_probability_over_uniform=3.031239 min_probability_over_uniform=0.500000
RG_SCORE round=980 layer=features.3 mean_q=0.014931 max_q=0.085183 fraction_q_positive=0.656250 sampling_entropy=3.984919 uniform_entropy=4.158883 entropy_gap=0.173964 max_probability_over_uniform=3.352563 min_probability_over_uniform=0.500000
RG_SCORE round=980 layer=features.7 mean_q=0.013525 max_q=0.144298 fraction_q_positive=0.703125 sampling_entropy=4.683238 uniform_entropy=4.852030 entropy_gap=0.168793 max_probability_over_uniform=5.834639 min_probability_over_uniform=0.500000
RG_SCORE round=980 layer=features.10 mean_q=0.012363 max_q=0.055205 fraction_q_positive=0.781250 sampling_entropy=4.745835 uniform_entropy=4.852030 entropy_gap=0.106195 max_probability_over_uniform=2.732607 min_probability_over_uniform=0.500000
RG_SCORE round=980 layer=features.14 mean_q=0.010444 max_q=0.060841 fraction_q_positive=0.683594 sampling_entropy=5.404718 uniform_entropy=5.545177 entropy_gap=0.140460 max_probability_over_uniform=3.412648 min_probability_over_uniform=0.500000
RG_SCORE round=980 layer=features.17 mean_q=0.008612 max_q=0.045424 fraction_q_positive=0.734375 sampling_entropy=5.416501 uniform_entropy=5.545177 entropy_gap=0.128676 max_probability_over_uniform=3.137103 min_probability_over_uniform=0.500000
RG_SCORE round=980 layer=features.20 mean_q=0.006006 max_q=0.043284 fraction_q_positive=0.632812 sampling_entropy=5.373439 uniform_entropy=5.545177 entropy_gap=0.171739 max_probability_over_uniform=4.103377 min_probability_over_uniform=0.500000
RG_SCORE round=980 layer=features.24 mean_q=0.013346 max_q=0.124587 fraction_q_positive=0.636719 sampling_entropy=6.021999 uniform_entropy=6.238325 entropy_gap=0.216326 max_probability_over_uniform=5.167525 min_probability_over_uniform=0.500000
RG_SCORE round=980 layer=features.27 mean_q=0.013251 max_q=0.156431 fraction_q_positive=0.667969 sampling_entropy=6.025293 uniform_entropy=6.238325 entropy_gap=0.213031 max_probability_over_uniform=6.402508 min_probability_over_uniform=0.500000
RG_SCORE round=980 layer=features.30 mean_q=0.014425 max_q=0.213688 fraction_q_positive=0.507812 sampling_entropy=5.932069 uniform_entropy=6.238325 entropy_gap=0.306255 max_probability_over_uniform=7.906969 min_probability_over_uniform=0.500000
RG_SCORE round=980 layer=features.34 mean_q=0.064864 max_q=0.340575 fraction_q_positive=0.646484 sampling_entropy=6.075756 uniform_entropy=6.238325 entropy_gap=0.162569 max_probability_over_uniform=3.125298 min_probability_over_uniform=0.500000
RG_SCORE round=980 layer=features.37 mean_q=0.062210 max_q=0.264879 fraction_q_positive=0.748047 sampling_entropy=6.121389 uniform_entropy=6.238325 entropy_gap=0.116936 max_probability_over_uniform=2.628910 min_probability_over_uniform=0.500000
RG_SCORE round=980 layer=features.40 mean_q=0.052778 max_q=0.313841 fraction_q_positive=0.640625 sampling_entropy=6.085737 uniform_entropy=6.238325 entropy_gap=0.152587 max_probability_over_uniform=3.473193 min_probability_over_uniform=0.500000
ROUND_ACCURACY method=FedPhoenixRG round=980 accuracy=77.529999
********************************************************************************
Round 980
ROUND_ACCURACY method=FedPhoenixRG round=981 accuracy=73.620003
********************************************************************************
Round 981
ROUND_ACCURACY method=FedPhoenixRG round=982 accuracy=80.660004
********************************************************************************
Round 982
ROUND_ACCURACY method=FedPhoenixRG round=983 accuracy=82.010002
********************************************************************************
Round 983
ROUND_ACCURACY method=FedPhoenixRG round=984 accuracy=82.430000
********************************************************************************
Round 984
ROUND_ACCURACY method=FedPhoenixRG round=985 accuracy=82.639999
********************************************************************************
Round 985
ROUND_ACCURACY method=FedPhoenixRG round=986 accuracy=82.320000
********************************************************************************
Round 986
ROUND_ACCURACY method=FedPhoenixRG round=987 accuracy=83.010002
********************************************************************************
Round 987
ROUND_ACCURACY method=FedPhoenixRG round=988 accuracy=82.110001
********************************************************************************
Round 988
ROUND_ACCURACY method=FedPhoenixRG round=989 accuracy=81.750000
********************************************************************************
Round 989
ROUND_ACCURACY method=FedPhoenixRG round=990 accuracy=82.080002
********************************************************************************
Round 990
ROUND_ACCURACY method=FedPhoenixRG round=991 accuracy=82.769997
********************************************************************************
Round 991
ROUND_ACCURACY method=FedPhoenixRG round=992 accuracy=82.300003
********************************************************************************
Round 992
ROUND_ACCURACY method=FedPhoenixRG round=993 accuracy=82.720001
********************************************************************************
Round 993
ROUND_ACCURACY method=FedPhoenixRG round=994 accuracy=82.320000
********************************************************************************
Round 994
ROUND_ACCURACY method=FedPhoenixRG round=995 accuracy=77.190002
********************************************************************************
Round 995
ROUND_ACCURACY method=FedPhoenixRG round=996 accuracy=74.889999
********************************************************************************
Round 996
ROUND_ACCURACY method=FedPhoenixRG round=997 accuracy=75.339996
********************************************************************************
Round 997
ROUND_ACCURACY method=FedPhoenixRG round=998 accuracy=82.449997
********************************************************************************
Round 998
ROUND_ACCURACY method=FedPhoenixRG round=999 accuracy=81.769997
********************************************************************************
Round 999
RG_SCORE round=1000 layer=features.0 mean_q=0.075825 max_q=0.246810 fraction_q_positive=0.750000 sampling_entropy=4.048660 uniform_entropy=4.158883 entropy_gap=0.110224 max_probability_over_uniform=2.127505 min_probability_over_uniform=0.500000
RG_SCORE round=1000 layer=features.3 mean_q=0.047374 max_q=0.124407 fraction_q_positive=0.968750 sampling_entropy=4.128745 uniform_entropy=4.158883 entropy_gap=0.030138 max_probability_over_uniform=1.813039 min_probability_over_uniform=0.500000
RG_SCORE round=1000 layer=features.7 mean_q=0.052081 max_q=0.143310 fraction_q_positive=1.000000 sampling_entropy=4.829411 uniform_entropy=4.852030 entropy_gap=0.022619 max_probability_over_uniform=1.875833 min_probability_over_uniform=0.533312
RG_SCORE round=1000 layer=features.10 mean_q=0.048757 max_q=0.101534 fraction_q_positive=1.000000 sampling_entropy=4.841753 uniform_entropy=4.852030 entropy_gap=0.010277 max_probability_over_uniform=1.541230 min_probability_over_uniform=0.624223
RG_SCORE round=1000 layer=features.14 mean_q=0.054787 max_q=0.115612 fraction_q_positive=1.000000 sampling_entropy=5.534901 uniform_entropy=5.545177 entropy_gap=0.010276 max_probability_over_uniform=1.555099 min_probability_over_uniform=0.636990
RG_SCORE round=1000 layer=features.17 mean_q=0.051873 max_q=0.103396 fraction_q_positive=1.000000 sampling_entropy=5.532955 uniform_entropy=5.545177 entropy_gap=0.012223 max_probability_over_uniform=1.496627 min_probability_over_uniform=0.661099
RG_SCORE round=1000 layer=features.20 mean_q=0.043766 max_q=0.073796 fraction_q_positive=1.000000 sampling_entropy=5.538364 uniform_entropy=5.545177 entropy_gap=0.006814 max_probability_over_uniform=1.343074 min_probability_over_uniform=0.735243
RG_SCORE round=1000 layer=features.24 mean_q=0.084053 max_q=0.202883 fraction_q_positive=1.000000 sampling_entropy=6.229029 uniform_entropy=6.238325 entropy_gap=0.009295 max_probability_over_uniform=1.706870 min_probability_over_uniform=0.628741
RG_SCORE round=1000 layer=features.27 mean_q=0.139062 max_q=0.195812 fraction_q_positive=1.000000 sampling_entropy=6.235584 uniform_entropy=6.238325 entropy_gap=0.002741 max_probability_over_uniform=1.204045 min_probability_over_uniform=0.800872
RG_SCORE round=1000 layer=features.30 mean_q=0.102903 max_q=0.158258 fraction_q_positive=1.000000 sampling_entropy=6.233400 uniform_entropy=6.238325 entropy_gap=0.004925 max_probability_over_uniform=1.268969 min_probability_over_uniform=0.666160
RG_SCORE round=1000 layer=features.34 mean_q=0.270698 max_q=0.441122 fraction_q_positive=0.996094 sampling_entropy=6.228551 uniform_entropy=6.238325 entropy_gap=0.009774 max_probability_over_uniform=1.314787 min_probability_over_uniform=0.500000
RG_SCORE round=1000 layer=features.37 mean_q=0.204867 max_q=0.518217 fraction_q_positive=0.927734 sampling_entropy=6.196926 uniform_entropy=6.238325 entropy_gap=0.041399 max_probability_over_uniform=1.764766 min_probability_over_uniform=0.500000
RG_SCORE round=1000 layer=features.40 mean_q=0.105121 max_q=0.572437 fraction_q_positive=0.734375 sampling_entropy=6.102340 uniform_entropy=6.238325 entropy_gap=0.135985 max_probability_over_uniform=3.222762 min_probability_over_uniform=0.500000
ROUND_ACCURACY method=FedPhoenixRG round=1000 accuracy=79.089996
********************************************************************************
Round 1000
ROUND_ACCURACY method=FedPhoenixRG round=1001 accuracy=82.489998
********************************************************************************
Round 1001
ROUND_ACCURACY method=FedPhoenixRG round=1002 accuracy=82.360001
********************************************************************************
Round 1002
ROUND_ACCURACY method=FedPhoenixRG round=1003 accuracy=82.199997
********************************************************************************
Round 1003
ROUND_ACCURACY method=FedPhoenixRG round=1004 accuracy=81.349998
********************************************************************************
Round 1004
ROUND_ACCURACY method=FedPhoenixRG round=1005 accuracy=81.910004
********************************************************************************
Round 1005
ROUND_ACCURACY method=FedPhoenixRG round=1006 accuracy=81.720001
********************************************************************************
Round 1006
ROUND_ACCURACY method=FedPhoenixRG round=1007 accuracy=81.830002
********************************************************************************
Round 1007
ROUND_ACCURACY method=FedPhoenixRG round=1008 accuracy=82.360001
********************************************************************************
Round 1008
ROUND_ACCURACY method=FedPhoenixRG round=1009 accuracy=80.940002
********************************************************************************
Round 1009
ROUND_ACCURACY method=FedPhoenixRG round=1010 accuracy=82.599998
********************************************************************************
Round 1010
ROUND_ACCURACY method=FedPhoenixRG round=1011 accuracy=76.400002
********************************************************************************
Round 1011
ROUND_ACCURACY method=FedPhoenixRG round=1012 accuracy=80.230003
********************************************************************************
Round 1012
ROUND_ACCURACY method=FedPhoenixRG round=1013 accuracy=81.320000
********************************************************************************
Round 1013
ROUND_ACCURACY method=FedPhoenixRG round=1014 accuracy=79.080002
********************************************************************************
Round 1014
ROUND_ACCURACY method=FedPhoenixRG round=1015 accuracy=81.639999
********************************************************************************
Round 1015
ROUND_ACCURACY method=FedPhoenixRG round=1016 accuracy=82.610001
********************************************************************************
Round 1016
ROUND_ACCURACY method=FedPhoenixRG round=1017 accuracy=82.309998
********************************************************************************
Round 1017
ROUND_ACCURACY method=FedPhoenixRG round=1018 accuracy=82.430000
********************************************************************************
Round 1018
ROUND_ACCURACY method=FedPhoenixRG round=1019 accuracy=81.260002
********************************************************************************
Round 1019
RG_SCORE round=1020 layer=features.0 mean_q=0.051956 max_q=0.188881 fraction_q_positive=0.625000 sampling_entropy=4.006202 uniform_entropy=4.158883 entropy_gap=0.152681 max_probability_over_uniform=2.317705 min_probability_over_uniform=0.500000
RG_SCORE round=1020 layer=features.3 mean_q=0.017640 max_q=0.059363 fraction_q_positive=0.687500 sampling_entropy=4.041569 uniform_entropy=4.158883 entropy_gap=0.117314 max_probability_over_uniform=2.182652 min_probability_over_uniform=0.500000
RG_SCORE round=1020 layer=features.7 mean_q=0.030582 max_q=0.085213 fraction_q_positive=0.937500 sampling_entropy=4.807616 uniform_entropy=4.852030 entropy_gap=0.044414 max_probability_over_uniform=1.893187 min_probability_over_uniform=0.500000
RG_SCORE round=1020 layer=features.10 mean_q=0.027036 max_q=0.087331 fraction_q_positive=0.984375 sampling_entropy=4.826114 uniform_entropy=4.852030 entropy_gap=0.025916 max_probability_over_uniform=2.115109 min_probability_over_uniform=0.500000
RG_SCORE round=1020 layer=features.14 mean_q=0.033040 max_q=0.093596 fraction_q_positive=1.000000 sampling_entropy=5.518645 uniform_entropy=5.545177 entropy_gap=0.026532 max_probability_over_uniform=1.916399 min_probability_over_uniform=0.532611
RG_SCORE round=1020 layer=features.17 mean_q=0.030760 max_q=0.094702 fraction_q_positive=1.000000 sampling_entropy=5.522025 uniform_entropy=5.545177 entropy_gap=0.023152 max_probability_over_uniform=2.039385 min_probability_over_uniform=0.518009
RG_SCORE round=1020 layer=features.20 mean_q=0.024498 max_q=0.056921 fraction_q_positive=1.000000 sampling_entropy=5.527553 uniform_entropy=5.545177 entropy_gap=0.017625 max_probability_over_uniform=1.661758 min_probability_over_uniform=0.507155
RG_SCORE round=1020 layer=features.24 mean_q=0.052189 max_q=0.138196 fraction_q_positive=1.000000 sampling_entropy=6.220638 uniform_entropy=6.238325 entropy_gap=0.017686 max_probability_over_uniform=1.824007 min_probability_over_uniform=0.593005
RG_SCORE round=1020 layer=features.27 mean_q=0.090994 max_q=0.162616 fraction_q_positive=1.000000 sampling_entropy=6.228974 uniform_entropy=6.238325 entropy_gap=0.009351 max_probability_over_uniform=1.393557 min_probability_over_uniform=0.581233
RG_SCORE round=1020 layer=features.30 mean_q=0.068183 max_q=0.119701 fraction_q_positive=1.000000 sampling_entropy=6.229121 uniform_entropy=6.238325 entropy_gap=0.009204 max_probability_over_uniform=1.377790 min_probability_over_uniform=0.636522
RG_SCORE round=1020 layer=features.34 mean_q=0.224443 max_q=0.385100 fraction_q_positive=1.000000 sampling_entropy=6.225094 uniform_entropy=6.238325 entropy_gap=0.013231 max_probability_over_uniform=1.357903 min_probability_over_uniform=0.526131
RG_SCORE round=1020 layer=features.37 mean_q=0.243362 max_q=0.377176 fraction_q_positive=1.000000 sampling_entropy=6.228073 uniform_entropy=6.238325 entropy_gap=0.010252 max_probability_over_uniform=1.274927 min_probability_over_uniform=0.558392
RG_SCORE round=1020 layer=features.40 mean_q=0.154905 max_q=0.358162 fraction_q_positive=0.990234 sampling_entropy=6.212062 uniform_entropy=6.238325 entropy_gap=0.026263 max_probability_over_uniform=1.656065 min_probability_over_uniform=0.500000
ROUND_ACCURACY method=FedPhoenixRG round=1020 accuracy=82.089996
********************************************************************************
Round 1020
ROUND_ACCURACY method=FedPhoenixRG round=1021 accuracy=82.449997
********************************************************************************
Round 1021
ROUND_ACCURACY method=FedPhoenixRG round=1022 accuracy=81.540001
********************************************************************************
Round 1022
ROUND_ACCURACY method=FedPhoenixRG round=1023 accuracy=82.199997
********************************************************************************
Round 1023
ROUND_ACCURACY method=FedPhoenixRG round=1024 accuracy=82.160004
********************************************************************************
Round 1024
ROUND_ACCURACY method=FedPhoenixRG round=1025 accuracy=81.769997
********************************************************************************
Round 1025
ROUND_ACCURACY method=FedPhoenixRG round=1026 accuracy=80.349998
********************************************************************************
Round 1026
ROUND_ACCURACY method=FedPhoenixRG round=1027 accuracy=81.879997
********************************************************************************
Round 1027
ROUND_ACCURACY method=FedPhoenixRG round=1028 accuracy=81.949997
********************************************************************************
Round 1028
ROUND_ACCURACY method=FedPhoenixRG round=1029 accuracy=81.720001
********************************************************************************
Round 1029
ROUND_ACCURACY method=FedPhoenixRG round=1030 accuracy=82.290001
********************************************************************************
Round 1030
ROUND_ACCURACY method=FedPhoenixRG round=1031 accuracy=81.779999
********************************************************************************
Round 1031
ROUND_ACCURACY method=FedPhoenixRG round=1032 accuracy=79.480003
********************************************************************************
Round 1032
ROUND_ACCURACY method=FedPhoenixRG round=1033 accuracy=80.540001
********************************************************************************
Round 1033
ROUND_ACCURACY method=FedPhoenixRG round=1034 accuracy=81.779999
********************************************************************************
Round 1034
ROUND_ACCURACY method=FedPhoenixRG round=1035 accuracy=81.129997
********************************************************************************
Round 1035
ROUND_ACCURACY method=FedPhoenixRG round=1036 accuracy=81.250000
********************************************************************************
Round 1036
ROUND_ACCURACY method=FedPhoenixRG round=1037 accuracy=81.230003
********************************************************************************
Round 1037
ROUND_ACCURACY method=FedPhoenixRG round=1038 accuracy=81.690002
********************************************************************************
Round 1038
ROUND_ACCURACY method=FedPhoenixRG round=1039 accuracy=81.709999
********************************************************************************
Round 1039
RG_SCORE round=1040 layer=features.0 mean_q=0.046212 max_q=0.153033 fraction_q_positive=0.703125 sampling_entropy=4.046484 uniform_entropy=4.158883 entropy_gap=0.112399 max_probability_over_uniform=2.155773 min_probability_over_uniform=0.500000
RG_SCORE round=1040 layer=features.3 mean_q=0.035666 max_q=0.081990 fraction_q_positive=0.968750 sampling_entropy=4.128068 uniform_entropy=4.158883 entropy_gap=0.030815 max_probability_over_uniform=1.649416 min_probability_over_uniform=0.500000
RG_SCORE round=1040 layer=features.7 mean_q=0.039691 max_q=0.078447 fraction_q_positive=1.000000 sampling_entropy=4.832526 uniform_entropy=4.852030 entropy_gap=0.019504 max_probability_over_uniform=1.488210 min_probability_over_uniform=0.584297
RG_SCORE round=1040 layer=features.10 mean_q=0.038304 max_q=0.079556 fraction_q_positive=1.000000 sampling_entropy=4.838703 uniform_entropy=4.852030 entropy_gap=0.013327 max_probability_over_uniform=1.538473 min_probability_over_uniform=0.595739
RG_SCORE round=1040 layer=features.14 mean_q=0.040009 max_q=0.106608 fraction_q_positive=1.000000 sampling_entropy=5.531217 uniform_entropy=5.545177 entropy_gap=0.013961 max_probability_over_uniform=1.832289 min_probability_over_uniform=0.631106
RG_SCORE round=1040 layer=features.17 mean_q=0.039765 max_q=0.088240 fraction_q_positive=1.000000 sampling_entropy=5.533070 uniform_entropy=5.545177 entropy_gap=0.012107 max_probability_over_uniform=1.609507 min_probability_over_uniform=0.662044
RG_SCORE round=1040 layer=features.20 mean_q=0.036636 max_q=0.070189 fraction_q_positive=1.000000 sampling_entropy=5.535252 uniform_entropy=5.545177 entropy_gap=0.009926 max_probability_over_uniform=1.457927 min_probability_over_uniform=0.663999
RG_SCORE round=1040 layer=features.24 mean_q=0.057985 max_q=0.121021 fraction_q_positive=1.000000 sampling_entropy=6.226456 uniform_entropy=6.238325 entropy_gap=0.011868 max_probability_over_uniform=1.543553 min_probability_over_uniform=0.647862
RG_SCORE round=1040 layer=features.27 mean_q=0.089644 max_q=0.172343 fraction_q_positive=1.000000 sampling_entropy=6.230557 uniform_entropy=6.238325 entropy_gap=0.007767 max_probability_over_uniform=1.461267 min_probability_over_uniform=0.625255
RG_SCORE round=1040 layer=features.30 mean_q=0.060741 max_q=0.114576 fraction_q_positive=1.000000 sampling_entropy=6.230644 uniform_entropy=6.238325 entropy_gap=0.007681 max_probability_over_uniform=1.443160 min_probability_over_uniform=0.606810
RG_SCORE round=1040 layer=features.34 mean_q=0.179615 max_q=0.343205 fraction_q_positive=1.000000 sampling_entropy=6.225650 uniform_entropy=6.238325 entropy_gap=0.012675 max_probability_over_uniform=1.455392 min_probability_over_uniform=0.541886
RG_SCORE round=1040 layer=features.37 mean_q=0.169749 max_q=0.337850 fraction_q_positive=1.000000 sampling_entropy=6.218329 uniform_entropy=6.238325 entropy_gap=0.019996 max_probability_over_uniform=1.495144 min_probability_over_uniform=0.514217
RG_SCORE round=1040 layer=features.40 mean_q=0.104489 max_q=0.316962 fraction_q_positive=0.974609 sampling_entropy=6.185442 uniform_entropy=6.238325 entropy_gap=0.052883 max_probability_over_uniform=2.016724 min_probability_over_uniform=0.500000
ROUND_ACCURACY method=FedPhoenixRG round=1040 accuracy=81.919998
********************************************************************************
Round 1040
ROUND_ACCURACY method=FedPhoenixRG round=1041 accuracy=81.970001
********************************************************************************
Round 1041
ROUND_ACCURACY method=FedPhoenixRG round=1042 accuracy=81.959999
********************************************************************************
Round 1042
ROUND_ACCURACY method=FedPhoenixRG round=1043 accuracy=82.010002
********************************************************************************
Round 1043
ROUND_ACCURACY method=FedPhoenixRG round=1044 accuracy=81.790001
********************************************************************************
Round 1044
ROUND_ACCURACY method=FedPhoenixRG round=1045 accuracy=81.930000
********************************************************************************
Round 1045
ROUND_ACCURACY method=FedPhoenixRG round=1046 accuracy=82.239998
********************************************************************************
Round 1046
ROUND_ACCURACY method=FedPhoenixRG round=1047 accuracy=81.610001
********************************************************************************
Round 1047
ROUND_ACCURACY method=FedPhoenixRG round=1048 accuracy=81.760002
********************************************************************************
Round 1048
ROUND_ACCURACY method=FedPhoenixRG round=1049 accuracy=81.930000
********************************************************************************
Round 1049
ROUND_ACCURACY method=FedPhoenixRG round=1050 accuracy=76.709999
********************************************************************************
Round 1050
ROUND_ACCURACY method=FedPhoenixRG round=1051 accuracy=81.320000
********************************************************************************
Round 1051
ROUND_ACCURACY method=FedPhoenixRG round=1052 accuracy=79.730003
********************************************************************************
Round 1052
ROUND_ACCURACY method=FedPhoenixRG round=1053 accuracy=76.540001
********************************************************************************
Round 1053
ROUND_ACCURACY method=FedPhoenixRG round=1054 accuracy=80.040001
********************************************************************************
Round 1054
ROUND_ACCURACY method=FedPhoenixRG round=1055 accuracy=81.320000
********************************************************************************
Round 1055
ROUND_ACCURACY method=FedPhoenixRG round=1056 accuracy=81.440002
********************************************************************************
Round 1056
ROUND_ACCURACY method=FedPhoenixRG round=1057 accuracy=82.050003
********************************************************************************
Round 1057
ROUND_ACCURACY method=FedPhoenixRG round=1058 accuracy=82.190002
********************************************************************************
Round 1058
ROUND_ACCURACY method=FedPhoenixRG round=1059 accuracy=81.660004
********************************************************************************
Round 1059
RG_SCORE round=1060 layer=features.0 mean_q=0.037040 max_q=0.161716 fraction_q_positive=0.671875 sampling_entropy=4.015101 uniform_entropy=4.158883 entropy_gap=0.143782 max_probability_over_uniform=2.683027 min_probability_over_uniform=0.500000
RG_SCORE round=1060 layer=features.3 mean_q=0.014871 max_q=0.045420 fraction_q_positive=0.828125 sampling_entropy=4.063792 uniform_entropy=4.158883 entropy_gap=0.095091 max_probability_over_uniform=2.027106 min_probability_over_uniform=0.500000
RG_SCORE round=1060 layer=features.7 mean_q=0.020230 max_q=0.084008 fraction_q_positive=0.867188 sampling_entropy=4.780538 uniform_entropy=4.852030 entropy_gap=0.071492 max_probability_over_uniform=2.576365 min_probability_over_uniform=0.500000
RG_SCORE round=1060 layer=features.10 mean_q=0.016887 max_q=0.048052 fraction_q_positive=0.960938 sampling_entropy=4.810472 uniform_entropy=4.852030 entropy_gap=0.041559 max_probability_over_uniform=1.922756 min_probability_over_uniform=0.500000
RG_SCORE round=1060 layer=features.14 mean_q=0.016939 max_q=0.070623 fraction_q_positive=0.976562 sampling_entropy=5.498730 uniform_entropy=5.545177 entropy_gap=0.046448 max_probability_over_uniform=2.584689 min_probability_over_uniform=0.500000
RG_SCORE round=1060 layer=features.17 mean_q=0.018118 max_q=0.064212 fraction_q_positive=0.964844 sampling_entropy=5.502560 uniform_entropy=5.545177 entropy_gap=0.042617 max_probability_over_uniform=2.272038 min_probability_over_uniform=0.500000
RG_SCORE round=1060 layer=features.20 mean_q=0.015309 max_q=0.042873 fraction_q_positive=0.972656 sampling_entropy=5.512265 uniform_entropy=5.545177 entropy_gap=0.032913 max_probability_over_uniform=1.900235 min_probability_over_uniform=0.500000
RG_SCORE round=1060 layer=features.24 mean_q=0.029583 max_q=0.095055 fraction_q_positive=0.986328 sampling_entropy=6.203043 uniform_entropy=6.238325 entropy_gap=0.035282 max_probability_over_uniform=2.106575 min_probability_over_uniform=0.500000
RG_SCORE round=1060 layer=features.27 mean_q=0.054863 max_q=0.110792 fraction_q_positive=1.000000 sampling_entropy=6.222705 uniform_entropy=6.238325 entropy_gap=0.015619 max_probability_over_uniform=1.509713 min_probability_over_uniform=0.562648
RG_SCORE round=1060 layer=features.30 mean_q=0.043075 max_q=0.097899 fraction_q_positive=0.996094 sampling_entropy=6.218177 uniform_entropy=6.238325 entropy_gap=0.020147 max_probability_over_uniform=1.636383 min_probability_over_uniform=0.500000
RG_SCORE round=1060 layer=features.34 mean_q=0.137099 max_q=0.241408 fraction_q_positive=0.996094 sampling_entropy=6.224720 uniform_entropy=6.238325 entropy_gap=0.013605 max_probability_over_uniform=1.380415 min_probability_over_uniform=0.500000
RG_SCORE round=1060 layer=features.37 mean_q=0.182743 max_q=0.350206 fraction_q_positive=0.996094 sampling_entropy=6.225721 uniform_entropy=6.238325 entropy_gap=0.012604 max_probability_over_uniform=1.458193 min_probability_over_uniform=0.500000
RG_SCORE round=1060 layer=features.40 mean_q=0.135995 max_q=0.403765 fraction_q_positive=0.980469 sampling_entropy=6.199149 uniform_entropy=6.238325 entropy_gap=0.039175 max_probability_over_uniform=1.984482 min_probability_over_uniform=0.500000
ROUND_ACCURACY method=FedPhoenixRG round=1060 accuracy=81.099998
********************************************************************************
Round 1060
ROUND_ACCURACY method=FedPhoenixRG round=1061 accuracy=82.230003
********************************************************************************
Round 1061
ROUND_ACCURACY method=FedPhoenixRG round=1062 accuracy=82.209999
********************************************************************************
Round 1062
ROUND_ACCURACY method=FedPhoenixRG round=1063 accuracy=81.940002
********************************************************************************
Round 1063
ROUND_ACCURACY method=FedPhoenixRG round=1064 accuracy=81.550003
********************************************************************************
Round 1064
ROUND_ACCURACY method=FedPhoenixRG round=1065 accuracy=81.959999
********************************************************************************
Round 1065
ROUND_ACCURACY method=FedPhoenixRG round=1066 accuracy=80.910004
********************************************************************************
Round 1066
ROUND_ACCURACY method=FedPhoenixRG round=1067 accuracy=81.779999
********************************************************************************
Round 1067
ROUND_ACCURACY method=FedPhoenixRG round=1068 accuracy=82.410004
********************************************************************************
Round 1068
ROUND_ACCURACY method=FedPhoenixRG round=1069 accuracy=82.339996
********************************************************************************
Round 1069
ROUND_ACCURACY method=FedPhoenixRG round=1070 accuracy=82.320000
********************************************************************************
Round 1070
ROUND_ACCURACY method=FedPhoenixRG round=1071 accuracy=82.349998
********************************************************************************
Round 1071
ROUND_ACCURACY method=FedPhoenixRG round=1072 accuracy=82.339996
********************************************************************************
Round 1072
ROUND_ACCURACY method=FedPhoenixRG round=1073 accuracy=81.739998
********************************************************************************
Round 1073
ROUND_ACCURACY method=FedPhoenixRG round=1074 accuracy=82.059998
********************************************************************************
Round 1074
ROUND_ACCURACY method=FedPhoenixRG round=1075 accuracy=81.540001
********************************************************************************
Round 1075
ROUND_ACCURACY method=FedPhoenixRG round=1076 accuracy=81.680000
********************************************************************************
Round 1076
ROUND_ACCURACY method=FedPhoenixRG round=1077 accuracy=63.520000
********************************************************************************
Round 1077
ROUND_ACCURACY method=FedPhoenixRG round=1078 accuracy=75.940002
********************************************************************************
Round 1078
ROUND_ACCURACY method=FedPhoenixRG round=1079 accuracy=78.730003
********************************************************************************
Round 1079
RG_SCORE round=1080 layer=features.0 mean_q=0.030041 max_q=0.233076 fraction_q_positive=0.656250 sampling_entropy=3.976174 uniform_entropy=4.158883 entropy_gap=0.182709 max_probability_over_uniform=4.379262 min_probability_over_uniform=0.500000
RG_SCORE round=1080 layer=features.3 mean_q=0.012857 max_q=0.056041 fraction_q_positive=0.750000 sampling_entropy=4.039247 uniform_entropy=4.158883 entropy_gap=0.119636 max_probability_over_uniform=2.679447 min_probability_over_uniform=0.500000
RG_SCORE round=1080 layer=features.7 mean_q=0.013392 max_q=0.045397 fraction_q_positive=0.859375 sampling_entropy=4.783155 uniform_entropy=4.852030 entropy_gap=0.068875 max_probability_over_uniform=2.194893 min_probability_over_uniform=0.500000
RG_SCORE round=1080 layer=features.10 mean_q=0.012985 max_q=0.038058 fraction_q_positive=0.968750 sampling_entropy=4.810497 uniform_entropy=4.852030 entropy_gap=0.041533 max_probability_over_uniform=1.965506 min_probability_over_uniform=0.500000
RG_SCORE round=1080 layer=features.14 mean_q=0.016023 max_q=0.061945 fraction_q_positive=0.984375 sampling_entropy=5.504286 uniform_entropy=5.545177 entropy_gap=0.040891 max_probability_over_uniform=2.432981 min_probability_over_uniform=0.500000
RG_SCORE round=1080 layer=features.17 mean_q=0.016120 max_q=0.046227 fraction_q_positive=0.992188 sampling_entropy=5.511639 uniform_entropy=5.545177 entropy_gap=0.033539 max_probability_over_uniform=1.933804 min_probability_over_uniform=0.500000
RG_SCORE round=1080 layer=features.20 mean_q=0.013270 max_q=0.039950 fraction_q_positive=0.996094 sampling_entropy=5.518021 uniform_entropy=5.545177 entropy_gap=0.027156 max_probability_over_uniform=2.005247 min_probability_over_uniform=0.500000
RG_SCORE round=1080 layer=features.24 mean_q=0.028822 max_q=0.097024 fraction_q_positive=0.996094 sampling_entropy=6.201919 uniform_entropy=6.238325 entropy_gap=0.036406 max_probability_over_uniform=2.183178 min_probability_over_uniform=0.500000
RG_SCORE round=1080 layer=features.27 mean_q=0.042044 max_q=0.104703 fraction_q_positive=1.000000 sampling_entropy=6.214781 uniform_entropy=6.238325 entropy_gap=0.023543 max_probability_over_uniform=1.745159 min_probability_over_uniform=0.594069
RG_SCORE round=1080 layer=features.30 mean_q=0.029031 max_q=0.069848 fraction_q_positive=1.000000 sampling_entropy=6.213243 uniform_entropy=6.238325 entropy_gap=0.025082 max_probability_over_uniform=1.702999 min_probability_over_uniform=0.520494
RG_SCORE round=1080 layer=features.34 mean_q=0.120542 max_q=0.274746 fraction_q_positive=1.000000 sampling_entropy=6.223227 uniform_entropy=6.238325 entropy_gap=0.015097 max_probability_over_uniform=1.639631 min_probability_over_uniform=0.598422
RG_SCORE round=1080 layer=features.37 mean_q=0.169934 max_q=0.267969 fraction_q_positive=1.000000 sampling_entropy=6.230735 uniform_entropy=6.238325 entropy_gap=0.007589 max_probability_over_uniform=1.288449 min_probability_over_uniform=0.607465
RG_SCORE round=1080 layer=features.40 mean_q=0.110712 max_q=0.279151 fraction_q_positive=0.994141 sampling_entropy=6.213696 uniform_entropy=6.238325 entropy_gap=0.024629 max_probability_over_uniform=1.760715 min_probability_over_uniform=0.500000
ROUND_ACCURACY method=FedPhoenixRG round=1080 accuracy=71.230003
********************************************************************************
Round 1080
ROUND_ACCURACY method=FedPhoenixRG round=1081 accuracy=79.339996
********************************************************************************
Round 1081
ROUND_ACCURACY method=FedPhoenixRG round=1082 accuracy=81.550003
********************************************************************************
Round 1082
ROUND_ACCURACY method=FedPhoenixRG round=1083 accuracy=81.690002
********************************************************************************
Round 1083
ROUND_ACCURACY method=FedPhoenixRG round=1084 accuracy=77.879997
********************************************************************************
Round 1084
ROUND_ACCURACY method=FedPhoenixRG round=1085 accuracy=80.930000
********************************************************************************
Round 1085
ROUND_ACCURACY method=FedPhoenixRG round=1086 accuracy=79.430000
********************************************************************************
Round 1086
ROUND_ACCURACY method=FedPhoenixRG round=1087 accuracy=81.739998
********************************************************************************
Round 1087
ROUND_ACCURACY method=FedPhoenixRG round=1088 accuracy=80.239998
********************************************************************************
Round 1088
ROUND_ACCURACY method=FedPhoenixRG round=1089 accuracy=81.709999
********************************************************************************
Round 1089
ROUND_ACCURACY method=FedPhoenixRG round=1090 accuracy=80.580002
********************************************************************************
Round 1090
ROUND_ACCURACY method=FedPhoenixRG round=1091 accuracy=81.239998
********************************************************************************
Round 1091
ROUND_ACCURACY method=FedPhoenixRG round=1092 accuracy=81.169998
********************************************************************************
Round 1092
ROUND_ACCURACY method=FedPhoenixRG round=1093 accuracy=81.570000
********************************************************************************
Round 1093
ROUND_ACCURACY method=FedPhoenixRG round=1094 accuracy=81.879997
********************************************************************************
Round 1094
ROUND_ACCURACY method=FedPhoenixRG round=1095 accuracy=81.970001
********************************************************************************
Round 1095
ROUND_ACCURACY method=FedPhoenixRG round=1096 accuracy=81.449997
********************************************************************************
Round 1096
ROUND_ACCURACY method=FedPhoenixRG round=1097 accuracy=81.680000
********************************************************************************
Round 1097
ROUND_ACCURACY method=FedPhoenixRG round=1098 accuracy=81.260002
********************************************************************************
Round 1098
ROUND_ACCURACY method=FedPhoenixRG round=1099 accuracy=82.019997
********************************************************************************
Round 1099
RG_SCORE round=1100 layer=features.0 mean_q=0.032546 max_q=0.192915 fraction_q_positive=0.593750 sampling_entropy=3.972786 uniform_entropy=4.158883 entropy_gap=0.186097 max_probability_over_uniform=3.463744 min_probability_over_uniform=0.500000
RG_SCORE round=1100 layer=features.3 mean_q=0.011123 max_q=0.050024 fraction_q_positive=0.640625 sampling_entropy=3.995855 uniform_entropy=4.158883 entropy_gap=0.163028 max_probability_over_uniform=2.748709 min_probability_over_uniform=0.500000
RG_SCORE round=1100 layer=features.7 mean_q=0.012914 max_q=0.049700 fraction_q_positive=0.789062 sampling_entropy=4.756014 uniform_entropy=4.852030 entropy_gap=0.096017 max_probability_over_uniform=2.424224 min_probability_over_uniform=0.500000
RG_SCORE round=1100 layer=features.10 mean_q=0.012697 max_q=0.042376 fraction_q_positive=0.921875 sampling_entropy=4.787626 uniform_entropy=4.852030 entropy_gap=0.064405 max_probability_over_uniform=2.168714 min_probability_over_uniform=0.500000
RG_SCORE round=1100 layer=features.14 mean_q=0.015372 max_q=0.045467 fraction_q_positive=0.957031 sampling_entropy=5.496456 uniform_entropy=5.545177 entropy_gap=0.048721 max_probability_over_uniform=1.978908 min_probability_over_uniform=0.500000
RG_SCORE round=1100 layer=features.17 mean_q=0.015322 max_q=0.049537 fraction_q_positive=0.964844 sampling_entropy=5.502277 uniform_entropy=5.545177 entropy_gap=0.042900 max_probability_over_uniform=2.116571 min_probability_over_uniform=0.500000
RG_SCORE round=1100 layer=features.20 mean_q=0.012915 max_q=0.040255 fraction_q_positive=0.964844 sampling_entropy=5.498069 uniform_entropy=5.545177 entropy_gap=0.047109 max_probability_over_uniform=2.058423 min_probability_over_uniform=0.500000
RG_SCORE round=1100 layer=features.24 mean_q=0.026311 max_q=0.162576 fraction_q_positive=0.988281 sampling_entropy=6.183236 uniform_entropy=6.238325 entropy_gap=0.055089 max_probability_over_uniform=3.589487 min_probability_over_uniform=0.500000
RG_SCORE round=1100 layer=features.27 mean_q=0.042871 max_q=0.128523 fraction_q_positive=0.992188 sampling_entropy=6.202700 uniform_entropy=6.238325 entropy_gap=0.035625 max_probability_over_uniform=1.998943 min_probability_over_uniform=0.500000
RG_SCORE round=1100 layer=features.30 mean_q=0.030769 max_q=0.077076 fraction_q_positive=0.998047 sampling_entropy=6.206345 uniform_entropy=6.238325 entropy_gap=0.031980 max_probability_over_uniform=1.752521 min_probability_over_uniform=0.500000
RG_SCORE round=1100 layer=features.34 mean_q=0.113702 max_q=0.254512 fraction_q_positive=1.000000 sampling_entropy=6.205469 uniform_entropy=6.238325 entropy_gap=0.032856 max_probability_over_uniform=1.619212 min_probability_over_uniform=0.500301
RG_SCORE round=1100 layer=features.37 mean_q=0.094363 max_q=0.209958 fraction_q_positive=0.996094 sampling_entropy=6.209292 uniform_entropy=6.238325 entropy_gap=0.029032 max_probability_over_uniform=1.612500 min_probability_over_uniform=0.500000
RG_SCORE round=1100 layer=features.40 mean_q=0.040910 max_q=0.164939 fraction_q_positive=0.927734 sampling_entropy=6.158893 uniform_entropy=6.238325 entropy_gap=0.079432 max_probability_over_uniform=2.515872 min_probability_over_uniform=0.500000
ROUND_ACCURACY method=FedPhoenixRG round=1100 accuracy=81.809998
********************************************************************************
Round 1100
ROUND_ACCURACY method=FedPhoenixRG round=1101 accuracy=81.900002
********************************************************************************
Round 1101
ROUND_ACCURACY method=FedPhoenixRG round=1102 accuracy=82.199997
********************************************************************************
Round 1102
ROUND_ACCURACY method=FedPhoenixRG round=1103 accuracy=81.629997
********************************************************************************
Round 1103
ROUND_ACCURACY method=FedPhoenixRG round=1104 accuracy=81.750000
********************************************************************************
Round 1104
ROUND_ACCURACY method=FedPhoenixRG round=1105 accuracy=82.900002
********************************************************************************
Round 1105
ROUND_ACCURACY method=FedPhoenixRG round=1106 accuracy=81.669998
********************************************************************************
Round 1106
ROUND_ACCURACY method=FedPhoenixRG round=1107 accuracy=81.769997
********************************************************************************
Round 1107
ROUND_ACCURACY method=FedPhoenixRG round=1108 accuracy=76.300003
********************************************************************************
Round 1108
ROUND_ACCURACY method=FedPhoenixRG round=1109 accuracy=80.709999
********************************************************************************
Round 1109
ROUND_ACCURACY method=FedPhoenixRG round=1110 accuracy=81.449997
********************************************************************************
Round 1110
ROUND_ACCURACY method=FedPhoenixRG round=1111 accuracy=80.940002
********************************************************************************
Round 1111
ROUND_ACCURACY method=FedPhoenixRG round=1112 accuracy=81.330002
********************************************************************************
Round 1112
ROUND_ACCURACY method=FedPhoenixRG round=1113 accuracy=64.660004
********************************************************************************
Round 1113
ROUND_ACCURACY method=FedPhoenixRG round=1114 accuracy=70.720001
********************************************************************************
Round 1114
ROUND_ACCURACY method=FedPhoenixRG round=1115 accuracy=70.410004
********************************************************************************
Round 1115
ROUND_ACCURACY method=FedPhoenixRG round=1116 accuracy=77.250000
********************************************************************************
Round 1116
ROUND_ACCURACY method=FedPhoenixRG round=1117 accuracy=77.540001
********************************************************************************
Round 1117
ROUND_ACCURACY method=FedPhoenixRG round=1118 accuracy=79.730003
********************************************************************************
Round 1118
ROUND_ACCURACY method=FedPhoenixRG round=1119 accuracy=80.720001
********************************************************************************
Round 1119
RG_SCORE round=1120 layer=features.0 mean_q=0.074948 max_q=0.356552 fraction_q_positive=0.593750 sampling_entropy=3.984922 uniform_entropy=4.158883 entropy_gap=0.173961 max_probability_over_uniform=2.878665 min_probability_over_uniform=0.500000
RG_SCORE round=1120 layer=features.3 mean_q=0.026325 max_q=0.160471 fraction_q_positive=0.468750 sampling_entropy=3.926459 uniform_entropy=4.158883 entropy_gap=0.232424 max_probability_over_uniform=3.547911 min_probability_over_uniform=0.500000
RG_SCORE round=1120 layer=features.7 mean_q=0.020746 max_q=0.155660 fraction_q_positive=0.484375 sampling_entropy=4.631620 uniform_entropy=4.852030 entropy_gap=0.220410 max_probability_over_uniform=4.251572 min_probability_over_uniform=0.500000
RG_SCORE round=1120 layer=features.10 mean_q=0.015840 max_q=0.086441 fraction_q_positive=0.562500 sampling_entropy=4.660935 uniform_entropy=4.852030 entropy_gap=0.191096 max_probability_over_uniform=3.228602 min_probability_over_uniform=0.500000
RG_SCORE round=1120 layer=features.14 mean_q=0.012093 max_q=0.085025 fraction_q_positive=0.542969 sampling_entropy=5.321319 uniform_entropy=5.545177 entropy_gap=0.223858 max_probability_over_uniform=4.015476 min_probability_over_uniform=0.500000
RG_SCORE round=1120 layer=features.17 mean_q=0.008366 max_q=0.047141 fraction_q_positive=0.550781 sampling_entropy=5.334484 uniform_entropy=5.545177 entropy_gap=0.210693 max_probability_over_uniform=3.317414 min_probability_over_uniform=0.500000
RG_SCORE round=1120 layer=features.20 mean_q=0.009029 max_q=0.089174 fraction_q_positive=0.468750 sampling_entropy=5.323873 uniform_entropy=5.545177 entropy_gap=0.221305 max_probability_over_uniform=5.437964 min_probability_over_uniform=0.500000
RG_SCORE round=1120 layer=features.24 mean_q=0.018888 max_q=0.135762 fraction_q_positive=0.619141 sampling_entropy=6.037023 uniform_entropy=6.238325 entropy_gap=0.201302 max_probability_over_uniform=4.093884 min_probability_over_uniform=0.500000
RG_SCORE round=1120 layer=features.27 mean_q=0.018416 max_q=0.097416 fraction_q_positive=0.673828 sampling_entropy=6.090251 uniform_entropy=6.238325 entropy_gap=0.148073 max_probability_over_uniform=3.144838 min_probability_over_uniform=0.500000
RG_SCORE round=1120 layer=features.30 mean_q=0.015340 max_q=0.103629 fraction_q_positive=0.638672 sampling_entropy=6.060499 uniform_entropy=6.238325 entropy_gap=0.177826 max_probability_over_uniform=3.877842 min_probability_over_uniform=0.500000
RG_SCORE round=1120 layer=features.34 mean_q=0.044974 max_q=0.223575 fraction_q_positive=0.699219 sampling_entropy=6.093927 uniform_entropy=6.238325 entropy_gap=0.144398 max_probability_over_uniform=2.985624 min_probability_over_uniform=0.500000
RG_SCORE round=1120 layer=features.37 mean_q=0.059496 max_q=0.227130 fraction_q_positive=0.789062 sampling_entropy=6.134581 uniform_entropy=6.238325 entropy_gap=0.103744 max_probability_over_uniform=2.408774 min_probability_over_uniform=0.500000
RG_SCORE round=1120 layer=features.40 mean_q=0.053203 max_q=0.270908 fraction_q_positive=0.792969 sampling_entropy=6.132747 uniform_entropy=6.238325 entropy_gap=0.105578 max_probability_over_uniform=3.045961 min_probability_over_uniform=0.500000
ROUND_ACCURACY method=FedPhoenixRG round=1120 accuracy=80.860001
********************************************************************************
Round 1120
ROUND_ACCURACY method=FedPhoenixRG round=1121 accuracy=81.000000
********************************************************************************
Round 1121
ROUND_ACCURACY method=FedPhoenixRG round=1122 accuracy=81.750000
********************************************************************************
Round 1122
ROUND_ACCURACY method=FedPhoenixRG round=1123 accuracy=80.519997
********************************************************************************
Round 1123
ROUND_ACCURACY method=FedPhoenixRG round=1124 accuracy=80.180000
********************************************************************************
Round 1124
ROUND_ACCURACY method=FedPhoenixRG round=1125 accuracy=80.959999
********************************************************************************
Round 1125
ROUND_ACCURACY method=FedPhoenixRG round=1126 accuracy=75.589996
********************************************************************************
Round 1126
ROUND_ACCURACY method=FedPhoenixRG round=1127 accuracy=81.910004
********************************************************************************
Round 1127
ROUND_ACCURACY method=FedPhoenixRG round=1128 accuracy=81.120003
********************************************************************************
Round 1128
ROUND_ACCURACY method=FedPhoenixRG round=1129 accuracy=81.919998
********************************************************************************
Round 1129
ROUND_ACCURACY method=FedPhoenixRG round=1130 accuracy=81.320000
********************************************************************************
Round 1130
ROUND_ACCURACY method=FedPhoenixRG round=1131 accuracy=82.059998
********************************************************************************
Round 1131
ROUND_ACCURACY method=FedPhoenixRG round=1132 accuracy=81.129997
********************************************************************************
Round 1132
ROUND_ACCURACY method=FedPhoenixRG round=1133 accuracy=82.080002
********************************************************************************
Round 1133
ROUND_ACCURACY method=FedPhoenixRG round=1134 accuracy=81.889999
********************************************************************************
Round 1134
ROUND_ACCURACY method=FedPhoenixRG round=1135 accuracy=82.320000
********************************************************************************
Round 1135
ROUND_ACCURACY method=FedPhoenixRG round=1136 accuracy=82.500000
********************************************************************************
Round 1136
ROUND_ACCURACY method=FedPhoenixRG round=1137 accuracy=82.660004
********************************************************************************
Round 1137
ROUND_ACCURACY method=FedPhoenixRG round=1138 accuracy=79.809998
********************************************************************************
Round 1138
ROUND_ACCURACY method=FedPhoenixRG round=1139 accuracy=82.099998
********************************************************************************
Round 1139
RG_SCORE round=1140 layer=features.0 mean_q=0.045585 max_q=0.222400 fraction_q_positive=0.500000 sampling_entropy=3.948932 uniform_entropy=4.158883 entropy_gap=0.209952 max_probability_over_uniform=2.939405 min_probability_over_uniform=0.500000
RG_SCORE round=1140 layer=features.3 mean_q=0.037279 max_q=0.151483 fraction_q_positive=0.687500 sampling_entropy=4.022061 uniform_entropy=4.158883 entropy_gap=0.136822 max_probability_over_uniform=2.531746 min_probability_over_uniform=0.500000
RG_SCORE round=1140 layer=features.7 mean_q=0.022225 max_q=0.094784 fraction_q_positive=0.632812 sampling_entropy=4.694993 uniform_entropy=4.852030 entropy_gap=0.157038 max_probability_over_uniform=2.632346 min_probability_over_uniform=0.500000
RG_SCORE round=1140 layer=features.10 mean_q=0.019355 max_q=0.068627 fraction_q_positive=0.781250 sampling_entropy=4.767051 uniform_entropy=4.852030 entropy_gap=0.084979 max_probability_over_uniform=2.272845 min_probability_over_uniform=0.500000
RG_SCORE round=1140 layer=features.14 mean_q=0.018841 max_q=0.064184 fraction_q_positive=0.792969 sampling_entropy=5.455111 uniform_entropy=5.545177 entropy_gap=0.090066 max_probability_over_uniform=2.203279 min_probability_over_uniform=0.500000
RG_SCORE round=1140 layer=features.17 mean_q=0.015884 max_q=0.058826 fraction_q_positive=0.832031 sampling_entropy=5.461786 uniform_entropy=5.545177 entropy_gap=0.083391 max_probability_over_uniform=2.351692 min_probability_over_uniform=0.500000
RG_SCORE round=1140 layer=features.20 mean_q=0.017084 max_q=0.062052 fraction_q_positive=0.851562 sampling_entropy=5.466725 uniform_entropy=5.545177 entropy_gap=0.078452 max_probability_over_uniform=2.316053 min_probability_over_uniform=0.500000
RG_SCORE round=1140 layer=features.24 mean_q=0.024256 max_q=0.111670 fraction_q_positive=0.769531 sampling_entropy=6.129029 uniform_entropy=6.238325 entropy_gap=0.109295 max_probability_over_uniform=2.801857 min_probability_over_uniform=0.500000
RG_SCORE round=1140 layer=features.27 mean_q=0.032117 max_q=0.121043 fraction_q_positive=0.888672 sampling_entropy=6.172491 uniform_entropy=6.238325 entropy_gap=0.065834 max_probability_over_uniform=2.384428 min_probability_over_uniform=0.500000
RG_SCORE round=1140 layer=features.30 mean_q=0.025421 max_q=0.090950 fraction_q_positive=0.865234 sampling_entropy=6.167646 uniform_entropy=6.238325 entropy_gap=0.070679 max_probability_over_uniform=2.288902 min_probability_over_uniform=0.500000
RG_SCORE round=1140 layer=features.34 mean_q=0.084888 max_q=0.276878 fraction_q_positive=0.810547 sampling_entropy=6.155645 uniform_entropy=6.238325 entropy_gap=0.082680 max_probability_over_uniform=2.130836 min_probability_over_uniform=0.500000
RG_SCORE round=1140 layer=features.37 mean_q=0.096119 max_q=0.267609 fraction_q_positive=0.886719 sampling_entropy=6.168204 uniform_entropy=6.238325 entropy_gap=0.070121 max_probability_over_uniform=1.892069 min_probability_over_uniform=0.500000
RG_SCORE round=1140 layer=features.40 mean_q=0.061083 max_q=0.263797 fraction_q_positive=0.841797 sampling_entropy=6.143549 uniform_entropy=6.238325 entropy_gap=0.094776 max_probability_over_uniform=2.659337 min_probability_over_uniform=0.500000
ROUND_ACCURACY method=FedPhoenixRG round=1140 accuracy=82.029999
********************************************************************************
Round 1140
ROUND_ACCURACY method=FedPhoenixRG round=1141 accuracy=81.760002
********************************************************************************
Round 1141
ROUND_ACCURACY method=FedPhoenixRG round=1142 accuracy=82.309998
********************************************************************************
Round 1142
ROUND_ACCURACY method=FedPhoenixRG round=1143 accuracy=80.309998
********************************************************************************
Round 1143
ROUND_ACCURACY method=FedPhoenixRG round=1144 accuracy=81.580002
********************************************************************************
Round 1144
ROUND_ACCURACY method=FedPhoenixRG round=1145 accuracy=81.330002
********************************************************************************
Round 1145
ROUND_ACCURACY method=FedPhoenixRG round=1146 accuracy=81.820000
********************************************************************************
Round 1146
ROUND_ACCURACY method=FedPhoenixRG round=1147 accuracy=81.570000
********************************************************************************
Round 1147
ROUND_ACCURACY method=FedPhoenixRG round=1148 accuracy=82.470001
********************************************************************************
Round 1148
ROUND_ACCURACY method=FedPhoenixRG round=1149 accuracy=82.639999
********************************************************************************
Round 1149
ROUND_ACCURACY method=FedPhoenixRG round=1150 accuracy=81.349998
********************************************************************************
Round 1150
ROUND_ACCURACY method=FedPhoenixRG round=1151 accuracy=81.980003
********************************************************************************
Round 1151
ROUND_ACCURACY method=FedPhoenixRG round=1152 accuracy=82.449997
********************************************************************************
Round 1152
ROUND_ACCURACY method=FedPhoenixRG round=1153 accuracy=82.190002
********************************************************************************
Round 1153
ROUND_ACCURACY method=FedPhoenixRG round=1154 accuracy=80.839996
********************************************************************************
Round 1154
ROUND_ACCURACY method=FedPhoenixRG round=1155 accuracy=80.919998
********************************************************************************
Round 1155
ROUND_ACCURACY method=FedPhoenixRG round=1156 accuracy=82.019997
********************************************************************************
Round 1156
ROUND_ACCURACY method=FedPhoenixRG round=1157 accuracy=81.900002
********************************************************************************
Round 1157
ROUND_ACCURACY method=FedPhoenixRG round=1158 accuracy=82.199997
********************************************************************************
Round 1158
ROUND_ACCURACY method=FedPhoenixRG round=1159 accuracy=82.430000
********************************************************************************
Round 1159
RG_SCORE round=1160 layer=features.0 mean_q=0.024702 max_q=0.125581 fraction_q_positive=0.562500 sampling_entropy=3.957640 uniform_entropy=4.158883 entropy_gap=0.201243 max_probability_over_uniform=3.041901 min_probability_over_uniform=0.500000
RG_SCORE round=1160 layer=features.3 mean_q=0.014962 max_q=0.044347 fraction_q_positive=0.859375 sampling_entropy=4.099599 uniform_entropy=4.158883 entropy_gap=0.059284 max_probability_over_uniform=1.981979 min_probability_over_uniform=0.500000
RG_SCORE round=1160 layer=features.7 mean_q=0.017176 max_q=0.043958 fraction_q_positive=0.984375 sampling_entropy=4.817964 uniform_entropy=4.852030 entropy_gap=0.034067 max_probability_over_uniform=1.779628 min_probability_over_uniform=0.500000
RG_SCORE round=1160 layer=features.10 mean_q=0.015328 max_q=0.032831 fraction_q_positive=0.984375 sampling_entropy=4.833671 uniform_entropy=4.852030 entropy_gap=0.018359 max_probability_over_uniform=1.570977 min_probability_over_uniform=0.500000
RG_SCORE round=1160 layer=features.14 mean_q=0.016901 max_q=0.045084 fraction_q_positive=1.000000 sampling_entropy=5.523461 uniform_entropy=5.545177 entropy_gap=0.021716 max_probability_over_uniform=1.833796 min_probability_over_uniform=0.583500
RG_SCORE round=1160 layer=features.17 mean_q=0.015605 max_q=0.050825 fraction_q_positive=1.000000 sampling_entropy=5.523895 uniform_entropy=5.545177 entropy_gap=0.021282 max_probability_over_uniform=2.128460 min_probability_over_uniform=0.631433
RG_SCORE round=1160 layer=features.20 mean_q=0.012700 max_q=0.032754 fraction_q_positive=1.000000 sampling_entropy=5.526496 uniform_entropy=5.545177 entropy_gap=0.018681 max_probability_over_uniform=1.789571 min_probability_over_uniform=0.505074
RG_SCORE round=1160 layer=features.24 mean_q=0.024010 max_q=0.059966 fraction_q_positive=1.000000 sampling_entropy=6.217877 uniform_entropy=6.238325 entropy_gap=0.020448 max_probability_over_uniform=1.748758 min_probability_over_uniform=0.526058
RG_SCORE round=1160 layer=features.27 mean_q=0.040947 max_q=0.092251 fraction_q_positive=1.000000 sampling_entropy=6.226925 uniform_entropy=6.238325 entropy_gap=0.011399 max_probability_over_uniform=1.626455 min_probability_over_uniform=0.651738
RG_SCORE round=1160 layer=features.30 mean_q=0.027523 max_q=0.057715 fraction_q_positive=1.000000 sampling_entropy=6.224585 uniform_entropy=6.238325 entropy_gap=0.013739 max_probability_over_uniform=1.548462 min_probability_over_uniform=0.649528
RG_SCORE round=1160 layer=features.34 mean_q=0.096041 max_q=0.212833 fraction_q_positive=0.998047 sampling_entropy=6.220887 uniform_entropy=6.238325 entropy_gap=0.017438 max_probability_over_uniform=1.608026 min_probability_over_uniform=0.500000
RG_SCORE round=1160 layer=features.37 mean_q=0.110931 max_q=0.217412 fraction_q_positive=1.000000 sampling_entropy=6.226362 uniform_entropy=6.238325 entropy_gap=0.011963 max_probability_over_uniform=1.479938 min_probability_over_uniform=0.600533
RG_SCORE round=1160 layer=features.40 mean_q=0.082407 max_q=0.327633 fraction_q_positive=1.000000 sampling_entropy=6.201813 uniform_entropy=6.238325 entropy_gap=0.036511 max_probability_over_uniform=2.487898 min_probability_over_uniform=0.563141
ROUND_ACCURACY method=FedPhoenixRG round=1160 accuracy=82.099998
********************************************************************************
Round 1160
ROUND_ACCURACY method=FedPhoenixRG round=1161 accuracy=82.230003
********************************************************************************
Round 1161
ROUND_ACCURACY method=FedPhoenixRG round=1162 accuracy=81.690002
********************************************************************************
Round 1162
ROUND_ACCURACY method=FedPhoenixRG round=1163 accuracy=82.050003
********************************************************************************
Round 1163
ROUND_ACCURACY method=FedPhoenixRG round=1164 accuracy=82.080002
********************************************************************************
Round 1164
ROUND_ACCURACY method=FedPhoenixRG round=1165 accuracy=82.430000
********************************************************************************
Round 1165
ROUND_ACCURACY method=FedPhoenixRG round=1166 accuracy=80.449997
********************************************************************************
Round 1166
ROUND_ACCURACY method=FedPhoenixRG round=1167 accuracy=81.949997
********************************************************************************
Round 1167
ROUND_ACCURACY method=FedPhoenixRG round=1168 accuracy=82.570000
********************************************************************************
Round 1168
ROUND_ACCURACY method=FedPhoenixRG round=1169 accuracy=82.230003
********************************************************************************
Round 1169
ROUND_ACCURACY method=FedPhoenixRG round=1170 accuracy=82.139999
********************************************************************************
Round 1170
ROUND_ACCURACY method=FedPhoenixRG round=1171 accuracy=76.070000
********************************************************************************
Round 1171
ROUND_ACCURACY method=FedPhoenixRG round=1172 accuracy=80.449997
********************************************************************************
Round 1172
ROUND_ACCURACY method=FedPhoenixRG round=1173 accuracy=81.949997
********************************************************************************
Round 1173
ROUND_ACCURACY method=FedPhoenixRG round=1174 accuracy=81.510002
********************************************************************************
Round 1174
ROUND_ACCURACY method=FedPhoenixRG round=1175 accuracy=82.260002
********************************************************************************
Round 1175
ROUND_ACCURACY method=FedPhoenixRG round=1176 accuracy=82.089996
********************************************************************************
Round 1176
ROUND_ACCURACY method=FedPhoenixRG round=1177 accuracy=82.410004
********************************************************************************
Round 1177
ROUND_ACCURACY method=FedPhoenixRG round=1178 accuracy=78.989998
********************************************************************************
Round 1178
ROUND_ACCURACY method=FedPhoenixRG round=1179 accuracy=82.190002
********************************************************************************
Round 1179
RG_SCORE round=1180 layer=features.0 mean_q=0.024718 max_q=0.102806 fraction_q_positive=0.656250 sampling_entropy=4.011092 uniform_entropy=4.158883 entropy_gap=0.147791 max_probability_over_uniform=2.579621 min_probability_over_uniform=0.500000
RG_SCORE round=1180 layer=features.3 mean_q=0.015766 max_q=0.058157 fraction_q_positive=0.828125 sampling_entropy=4.072277 uniform_entropy=4.158883 entropy_gap=0.086606 max_probability_over_uniform=2.344423 min_probability_over_uniform=0.500000
RG_SCORE round=1180 layer=features.7 mean_q=0.015532 max_q=0.062554 fraction_q_positive=0.890625 sampling_entropy=4.781711 uniform_entropy=4.852030 entropy_gap=0.070319 max_probability_over_uniform=2.513689 min_probability_over_uniform=0.500000
RG_SCORE round=1180 layer=features.10 mean_q=0.014904 max_q=0.035181 fraction_q_positive=0.984375 sampling_entropy=4.822214 uniform_entropy=4.852030 entropy_gap=0.029816 max_probability_over_uniform=1.680271 min_probability_over_uniform=0.500000
RG_SCORE round=1180 layer=features.14 mean_q=0.015304 max_q=0.060759 fraction_q_positive=0.996094 sampling_entropy=5.514320 uniform_entropy=5.545177 entropy_gap=0.030857 max_probability_over_uniform=2.485100 min_probability_over_uniform=0.500000
RG_SCORE round=1180 layer=features.17 mean_q=0.015166 max_q=0.039982 fraction_q_positive=0.992188 sampling_entropy=5.518479 uniform_entropy=5.545177 entropy_gap=0.026699 max_probability_over_uniform=1.818142 min_probability_over_uniform=0.500000
RG_SCORE round=1180 layer=features.20 mean_q=0.015242 max_q=0.034275 fraction_q_positive=0.996094 sampling_entropy=5.522342 uniform_entropy=5.545177 entropy_gap=0.022835 max_probability_over_uniform=1.624317 min_probability_over_uniform=0.500000
RG_SCORE round=1180 layer=features.24 mean_q=0.027140 max_q=0.077994 fraction_q_positive=1.000000 sampling_entropy=6.217277 uniform_entropy=6.238325 entropy_gap=0.021047 max_probability_over_uniform=1.936885 min_probability_over_uniform=0.523178
RG_SCORE round=1180 layer=features.27 mean_q=0.041306 max_q=0.089662 fraction_q_positive=1.000000 sampling_entropy=6.223678 uniform_entropy=6.238325 entropy_gap=0.014647 max_probability_over_uniform=1.585334 min_probability_over_uniform=0.578981
RG_SCORE round=1180 layer=features.30 mean_q=0.029466 max_q=0.070836 fraction_q_positive=0.996094 sampling_entropy=6.220371 uniform_entropy=6.238325 entropy_gap=0.017954 max_probability_over_uniform=1.702007 min_probability_over_uniform=0.500000
RG_SCORE round=1180 layer=features.34 mean_q=0.086684 max_q=0.203037 fraction_q_positive=0.998047 sampling_entropy=6.220710 uniform_entropy=6.238325 entropy_gap=0.017615 max_probability_over_uniform=1.671126 min_probability_over_uniform=0.500000
RG_SCORE round=1180 layer=features.37 mean_q=0.101047 max_q=0.220684 fraction_q_positive=1.000000 sampling_entropy=6.226748 uniform_entropy=6.238325 entropy_gap=0.011577 max_probability_over_uniform=1.591990 min_probability_over_uniform=0.538835
RG_SCORE round=1180 layer=features.40 mean_q=0.097471 max_q=0.279012 fraction_q_positive=0.998047 sampling_entropy=6.205489 uniform_entropy=6.238325 entropy_gap=0.032836 max_probability_over_uniform=1.931260 min_probability_over_uniform=0.500000
ROUND_ACCURACY method=FedPhoenixRG round=1180 accuracy=82.480003
********************************************************************************
Round 1180
ROUND_ACCURACY method=FedPhoenixRG round=1181 accuracy=82.199997
********************************************************************************
Round 1181
ROUND_ACCURACY method=FedPhoenixRG round=1182 accuracy=81.540001
********************************************************************************
Round 1182
ROUND_ACCURACY method=FedPhoenixRG round=1183 accuracy=82.360001
********************************************************************************
Round 1183
ROUND_ACCURACY method=FedPhoenixRG round=1184 accuracy=81.400002
********************************************************************************
Round 1184
ROUND_ACCURACY method=FedPhoenixRG round=1185 accuracy=82.300003
********************************************************************************
Round 1185
ROUND_ACCURACY method=FedPhoenixRG round=1186 accuracy=82.559998
********************************************************************************
Round 1186
ROUND_ACCURACY method=FedPhoenixRG round=1187 accuracy=82.510002
********************************************************************************
Round 1187
ROUND_ACCURACY method=FedPhoenixRG round=1188 accuracy=82.110001
********************************************************************************
Round 1188
ROUND_ACCURACY method=FedPhoenixRG round=1189 accuracy=82.230003
********************************************************************************
Round 1189
ROUND_ACCURACY method=FedPhoenixRG round=1190 accuracy=82.349998
********************************************************************************
Round 1190
ROUND_ACCURACY method=FedPhoenixRG round=1191 accuracy=81.370003
********************************************************************************
Round 1191
ROUND_ACCURACY method=FedPhoenixRG round=1192 accuracy=82.440002
********************************************************************************
Round 1192
ROUND_ACCURACY method=FedPhoenixRG round=1193 accuracy=82.180000
********************************************************************************
Round 1193
ROUND_ACCURACY method=FedPhoenixRG round=1194 accuracy=82.400002
********************************************************************************
Round 1194
ROUND_ACCURACY method=FedPhoenixRG round=1195 accuracy=82.339996
********************************************************************************
Round 1195
ROUND_ACCURACY method=FedPhoenixRG round=1196 accuracy=82.330002
********************************************************************************
Round 1196
ROUND_ACCURACY method=FedPhoenixRG round=1197 accuracy=82.699997
********************************************************************************
Round 1197
ROUND_ACCURACY method=FedPhoenixRG round=1198 accuracy=61.549999
********************************************************************************
Round 1198
ROUND_ACCURACY method=FedPhoenixRG round=1199 accuracy=79.580002
********************************************************************************
Round 1199
RG_SCORE round=1200 layer=features.0 mean_q=0.031868 max_q=0.150555 fraction_q_positive=0.718750 sampling_entropy=4.019957 uniform_entropy=4.158883 entropy_gap=0.138926 max_probability_over_uniform=2.862191 min_probability_over_uniform=0.500000
RG_SCORE round=1200 layer=features.3 mean_q=0.009364 max_q=0.038608 fraction_q_positive=0.687500 sampling_entropy=4.003429 uniform_entropy=4.158883 entropy_gap=0.155454 max_probability_over_uniform=2.561505 min_probability_over_uniform=0.500000
RG_SCORE round=1200 layer=features.7 mean_q=0.009697 max_q=0.059724 fraction_q_positive=0.757812 sampling_entropy=4.719464 uniform_entropy=4.852030 entropy_gap=0.132566 max_probability_over_uniform=3.579619 min_probability_over_uniform=0.500000
RG_SCORE round=1200 layer=features.10 mean_q=0.007790 max_q=0.038647 fraction_q_positive=0.937500 sampling_entropy=4.783573 uniform_entropy=4.852030 entropy_gap=0.068457 max_probability_over_uniform=2.980416 min_probability_over_uniform=0.500000
RG_SCORE round=1200 layer=features.14 mean_q=0.009057 max_q=0.053369 fraction_q_positive=0.910156 sampling_entropy=5.470987 uniform_entropy=5.545177 entropy_gap=0.074191 max_probability_over_uniform=3.446440 min_probability_over_uniform=0.500000
RG_SCORE round=1200 layer=features.17 mean_q=0.009549 max_q=0.035325 fraction_q_positive=0.949219 sampling_entropy=5.483053 uniform_entropy=5.545177 entropy_gap=0.062125 max_probability_over_uniform=2.349646 min_probability_over_uniform=0.500000
RG_SCORE round=1200 layer=features.20 mean_q=0.010047 max_q=0.036673 fraction_q_positive=0.953125 sampling_entropy=5.489035 uniform_entropy=5.545177 entropy_gap=0.056143 max_probability_over_uniform=2.325114 min_probability_over_uniform=0.500000
RG_SCORE round=1200 layer=features.24 mean_q=0.021703 max_q=0.067915 fraction_q_positive=0.978516 sampling_entropy=6.188734 uniform_entropy=6.238325 entropy_gap=0.049591 max_probability_over_uniform=2.064653 min_probability_over_uniform=0.500000
RG_SCORE round=1200 layer=features.27 mean_q=0.035876 max_q=0.093655 fraction_q_positive=1.000000 sampling_entropy=6.212067 uniform_entropy=6.238325 entropy_gap=0.026258 max_probability_over_uniform=1.805274 min_probability_over_uniform=0.528100
RG_SCORE round=1200 layer=features.30 mean_q=0.031699 max_q=0.108055 fraction_q_positive=0.992188 sampling_entropy=6.203694 uniform_entropy=6.238325 entropy_gap=0.034631 max_probability_over_uniform=2.204379 min_probability_over_uniform=0.500000
RG_SCORE round=1200 layer=features.34 mean_q=0.096049 max_q=0.207131 fraction_q_positive=0.998047 sampling_entropy=6.214067 uniform_entropy=6.238325 entropy_gap=0.024257 max_probability_over_uniform=1.578252 min_probability_over_uniform=0.500000
RG_SCORE round=1200 layer=features.37 mean_q=0.098731 max_q=0.218627 fraction_q_positive=1.000000 sampling_entropy=6.219519 uniform_entropy=6.238325 entropy_gap=0.018806 max_probability_over_uniform=1.607190 min_probability_over_uniform=0.542546
RG_SCORE round=1200 layer=features.40 mean_q=0.061733 max_q=0.230607 fraction_q_positive=0.966797 sampling_entropy=6.178883 uniform_entropy=6.238325 entropy_gap=0.059441 max_probability_over_uniform=2.367765 min_probability_over_uniform=0.500000
ROUND_ACCURACY method=FedPhoenixRG round=1200 accuracy=78.089996
PEAK_ACCURACY method=FedPhoenixRG round=987 accuracy=83.010002
Unified training metrics saved to C:\Users\admin\Desktop\need_do\new_paper_four\FedPhoenix-finish\results\training_metrics\cifar10_vgg_FedPhoenixRG_seed1_paired1200_rg_mix050.csv
