Client partition: 100 clients, min=30, max=1447, mean=500.00, std=220.72
Evaluation protocol: full server test set evaluated every round (10000 samples).
VGG16(
  (features): Sequential(
    (0): Conv2d(3, 64, kernel_size=(3, 3), stride=(1, 1), padding=(1, 1))
    (1): BatchNorm2d(64, eps=1e-05, momentum=0.1, affine=True, track_running_stats=True)
    (2): ReLU(inplace=True)
    (3): Conv2d(64, 64, kernel_size=(3, 3), stride=(1, 1), padding=(1, 1))
    (4): BatchNorm2d(64, eps=1e-05, momentum=0.1, affine=True, track_running_stats=True)
    (5): ReLU(inplace=True)
    (6): MaxPool2d(kernel_size=2, stride=2, padding=0, dilation=1, ceil_mode=False)
    (7): Conv2d(64, 128, kernel_size=(3, 3), stride=(1, 1), padding=(1, 1))
    (8): BatchNorm2d(128, eps=1e-05, momentum=0.1, affine=True, track_running_stats=True)
    (9): ReLU(inplace=True)
    (10): Conv2d(128, 128, kernel_size=(3, 3), stride=(1, 1), padding=(1, 1))
    (11): BatchNorm2d(128, eps=1e-05, momentum=0.1, affine=True, track_running_stats=True)
    (12): ReLU(inplace=True)
    (13): MaxPool2d(kernel_size=2, stride=2, padding=0, dilation=1, ceil_mode=False)
    (14): Conv2d(128, 256, kernel_size=(3, 3), stride=(1, 1), padding=(1, 1))
    (15): BatchNorm2d(256, eps=1e-05, momentum=0.1, affine=True, track_running_stats=True)
    (16): ReLU(inplace=True)
    (17): Conv2d(256, 256, kernel_size=(3, 3), stride=(1, 1), padding=(1, 1))
    (18): BatchNorm2d(256, eps=1e-05, momentum=0.1, affine=True, track_running_stats=True)
    (19): ReLU(inplace=True)
    (20): Conv2d(256, 256, kernel_size=(3, 3), stride=(1, 1), padding=(1, 1))
    (21): BatchNorm2d(256, eps=1e-05, momentum=0.1, affine=True, track_running_stats=True)
    (22): ReLU(inplace=True)
    (23): MaxPool2d(kernel_size=2, stride=2, padding=0, dilation=1, ceil_mode=False)
    (24): Conv2d(256, 512, kernel_size=(3, 3), stride=(1, 1), padding=(1, 1))
    (25): BatchNorm2d(512, eps=1e-05, momentum=0.1, affine=True, track_running_stats=True)
    (26): ReLU(inplace=True)
    (27): Conv2d(512, 512, kernel_size=(3, 3), stride=(1, 1), padding=(1, 1))
    (28): BatchNorm2d(512, eps=1e-05, momentum=0.1, affine=True, track_running_stats=True)
    (29): ReLU(inplace=True)
    (30): Conv2d(512, 512, kernel_size=(3, 3), stride=(1, 1), padding=(1, 1))
    (31): BatchNorm2d(512, eps=1e-05, momentum=0.1, affine=True, track_running_stats=True)
    (32): ReLU(inplace=True)
    (33): MaxPool2d(kernel_size=2, stride=2, padding=0, dilation=1, ceil_mode=False)
    (34): Conv2d(512, 512, kernel_size=(3, 3), stride=(1, 1), padding=(1, 1))
    (35): BatchNorm2d(512, eps=1e-05, momentum=0.1, affine=True, track_running_stats=True)
    (36): ReLU(inplace=True)
    (37): Conv2d(512, 512, kernel_size=(3, 3), stride=(1, 1), padding=(1, 1))
    (38): BatchNorm2d(512, eps=1e-05, momentum=0.1, affine=True, track_running_stats=True)
    (39): ReLU(inplace=True)
    (40): Conv2d(512, 512, kernel_size=(3, 3), stride=(1, 1), padding=(1, 1))
    (41): BatchNorm2d(512, eps=1e-05, momentum=0.1, affine=True, track_running_stats=True)
    (42): ReLU(inplace=True)
    (43): MaxPool2d(kernel_size=2, stride=2, padding=0, dilation=1, ceil_mode=False)
    (44): AdaptiveAvgPool2d(output_size=(1, 1))
  )
  (classifier): Sequential(
    (0): Linear(in_features=512, out_features=4096, bias=True)
    (1): ReLU(inplace=True)
    (2): Dropout(p=0.5, inplace=False)
    (3): Linear(in_features=4096, out_features=4096, bias=True)
    (4): ReLU(inplace=True)
    (5): Dropout(p=0.5, inplace=False)
  )
  (fc): Linear(in_features=4096, out_features=10, bias=True)
)
********************************************************************************
Round   0
ROUND_ACCURACY method=FedPhoenixRG round=1 accuracy=10.000000
********************************************************************************
Round   1
ROUND_ACCURACY method=FedPhoenixRG round=2 accuracy=13.230000
********************************************************************************
Round   2
ROUND_ACCURACY method=FedPhoenixRG round=3 accuracy=12.230000
********************************************************************************
Round   3
ROUND_ACCURACY method=FedPhoenixRG round=4 accuracy=16.290001
********************************************************************************
Round   4
ROUND_ACCURACY method=FedPhoenixRG round=5 accuracy=32.419998
********************************************************************************
Round   5
ROUND_ACCURACY method=FedPhoenixRG round=6 accuracy=17.620001
********************************************************************************
Round   6
ROUND_ACCURACY method=FedPhoenixRG round=7 accuracy=24.139999
********************************************************************************
Round   7
ROUND_ACCURACY method=FedPhoenixRG round=8 accuracy=23.680000
********************************************************************************
Round   8
ROUND_ACCURACY method=FedPhoenixRG round=9 accuracy=30.129999
********************************************************************************
Round   9
ROUND_ACCURACY method=FedPhoenixRG round=10 accuracy=29.730000
********************************************************************************
Round  10
ROUND_ACCURACY method=FedPhoenixRG round=11 accuracy=38.230000
********************************************************************************
Round  11
ROUND_ACCURACY method=FedPhoenixRG round=12 accuracy=36.910000
********************************************************************************
Round  12
ROUND_ACCURACY method=FedPhoenixRG round=13 accuracy=38.220001
********************************************************************************
Round  13
ROUND_ACCURACY method=FedPhoenixRG round=14 accuracy=46.650002
********************************************************************************
Round  14
ROUND_ACCURACY method=FedPhoenixRG round=15 accuracy=45.459999
********************************************************************************
Round  15
ROUND_ACCURACY method=FedPhoenixRG round=16 accuracy=46.720001
********************************************************************************
Round  16
ROUND_ACCURACY method=FedPhoenixRG round=17 accuracy=45.529999
********************************************************************************
Round  17
ROUND_ACCURACY method=FedPhoenixRG round=18 accuracy=35.709999
********************************************************************************
Round  18
ROUND_ACCURACY method=FedPhoenixRG round=19 accuracy=44.220001
********************************************************************************
Round  19
RG_SCORE round=20 layer=features.0 mean_q=0.081847 max_q=0.267023 fraction_q_positive=0.828125 sampling_entropy=3.960480 uniform_entropy=4.158883 entropy_gap=0.198403 max_probability_over_uniform=2.696858 min_probability_over_uniform=0.250000
RG_SCORE round=20 layer=features.3 mean_q=0.059730 max_q=0.116280 fraction_q_positive=1.000000 sampling_entropy=4.113614 uniform_entropy=4.158883 entropy_gap=0.045269 max_probability_over_uniform=1.710082 min_probability_over_uniform=0.418985
RG_SCORE round=20 layer=features.7 mean_q=0.049782 max_q=0.101558 fraction_q_positive=0.992188 sampling_entropy=4.820838 uniform_entropy=4.852030 entropy_gap=0.031192 max_probability_over_uniform=1.780039 min_probability_over_uniform=0.250000
RG_SCORE round=20 layer=features.10 mean_q=0.043774 max_q=0.087141 fraction_q_positive=1.000000 sampling_entropy=4.828476 uniform_entropy=4.852030 entropy_gap=0.023554 max_probability_over_uniform=1.743026 min_probability_over_uniform=0.417044
RG_SCORE round=20 layer=features.14 mean_q=0.040955 max_q=0.081388 fraction_q_positive=1.000000 sampling_entropy=5.517949 uniform_entropy=5.545177 entropy_gap=0.027228 max_probability_over_uniform=1.740433 min_probability_over_uniform=0.493658
RG_SCORE round=20 layer=features.17 mean_q=0.039022 max_q=0.066574 fraction_q_positive=1.000000 sampling_entropy=5.530565 uniform_entropy=5.545177 entropy_gap=0.014612 max_probability_over_uniform=1.529546 min_probability_over_uniform=0.475188
RG_SCORE round=20 layer=features.20 mean_q=0.039846 max_q=0.061646 fraction_q_positive=1.000000 sampling_entropy=5.534711 uniform_entropy=5.545177 entropy_gap=0.010467 max_probability_over_uniform=1.410321 min_probability_over_uniform=0.644390
RG_SCORE round=20 layer=features.24 mean_q=0.041173 max_q=0.078098 fraction_q_positive=1.000000 sampling_entropy=6.211638 uniform_entropy=6.238325 entropy_gap=0.026687 max_probability_over_uniform=1.672632 min_probability_over_uniform=0.330413
RG_SCORE round=20 layer=features.27 mean_q=0.037594 max_q=0.080712 fraction_q_positive=1.000000 sampling_entropy=6.220241 uniform_entropy=6.238325 entropy_gap=0.018084 max_probability_over_uniform=1.860205 min_probability_over_uniform=0.530624
RG_SCORE round=20 layer=features.30 mean_q=0.037160 max_q=0.072138 fraction_q_positive=1.000000 sampling_entropy=6.212488 uniform_entropy=6.238325 entropy_gap=0.025836 max_probability_over_uniform=1.705957 min_probability_over_uniform=0.257568
RG_SCORE round=20 layer=features.34 mean_q=0.057084 max_q=0.134792 fraction_q_positive=0.992188 sampling_entropy=6.190251 uniform_entropy=6.238325 entropy_gap=0.048074 max_probability_over_uniform=2.020960 min_probability_over_uniform=0.250000
RG_SCORE round=20 layer=features.37 mean_q=0.063538 max_q=0.129223 fraction_q_positive=1.000000 sampling_entropy=6.206990 uniform_entropy=6.238325 entropy_gap=0.031334 max_probability_over_uniform=1.775338 min_probability_over_uniform=0.437227
RG_SCORE round=20 layer=features.40 mean_q=0.082664 max_q=0.183493 fraction_q_positive=1.000000 sampling_entropy=6.179332 uniform_entropy=6.238325 entropy_gap=0.058993 max_probability_over_uniform=1.914812 min_probability_over_uniform=0.306321
ROUND_ACCURACY method=FedPhoenixRG round=20 accuracy=45.060001
********************************************************************************
Round  20
ROUND_ACCURACY method=FedPhoenixRG round=21 accuracy=51.549999
********************************************************************************
Round  21
ROUND_ACCURACY method=FedPhoenixRG round=22 accuracy=55.709999
********************************************************************************
Round  22
ROUND_ACCURACY method=FedPhoenixRG round=23 accuracy=46.830002
********************************************************************************
Round  23
ROUND_ACCURACY method=FedPhoenixRG round=24 accuracy=52.770000
********************************************************************************
Round  24
ROUND_ACCURACY method=FedPhoenixRG round=25 accuracy=53.630001
********************************************************************************
Round  25
ROUND_ACCURACY method=FedPhoenixRG round=26 accuracy=51.180000
********************************************************************************
Round  26
ROUND_ACCURACY method=FedPhoenixRG round=27 accuracy=54.279999
********************************************************************************
Round  27
ROUND_ACCURACY method=FedPhoenixRG round=28 accuracy=50.610001
********************************************************************************
Round  28
ROUND_ACCURACY method=FedPhoenixRG round=29 accuracy=45.430000
********************************************************************************
Round  29
ROUND_ACCURACY method=FedPhoenixRG round=30 accuracy=56.060001
********************************************************************************
Round  30
ROUND_ACCURACY method=FedPhoenixRG round=31 accuracy=57.099998
********************************************************************************
Round  31
ROUND_ACCURACY method=FedPhoenixRG round=32 accuracy=58.470001
********************************************************************************
Round  32
ROUND_ACCURACY method=FedPhoenixRG round=33 accuracy=58.500000
********************************************************************************
Round  33
ROUND_ACCURACY method=FedPhoenixRG round=34 accuracy=65.550003
********************************************************************************
Round  34
ROUND_ACCURACY method=FedPhoenixRG round=35 accuracy=53.500000
********************************************************************************
Round  35
ROUND_ACCURACY method=FedPhoenixRG round=36 accuracy=52.959999
********************************************************************************
Round  36
ROUND_ACCURACY method=FedPhoenixRG round=37 accuracy=61.939999
********************************************************************************
Round  37
ROUND_ACCURACY method=FedPhoenixRG round=38 accuracy=58.490002
********************************************************************************
Round  38
ROUND_ACCURACY method=FedPhoenixRG round=39 accuracy=61.119999
********************************************************************************
Round  39
RG_SCORE round=40 layer=features.0 mean_q=0.178524 max_q=0.310149 fraction_q_positive=1.000000 sampling_entropy=4.120052 uniform_entropy=4.158883 entropy_gap=0.038831 max_probability_over_uniform=1.552970 min_probability_over_uniform=0.389150
RG_SCORE round=40 layer=features.3 mean_q=0.163910 max_q=0.198439 fraction_q_positive=1.000000 sampling_entropy=4.153500 uniform_entropy=4.158883 entropy_gap=0.005383 max_probability_over_uniform=1.157995 min_probability_over_uniform=0.653775
RG_SCORE round=40 layer=features.7 mean_q=0.142032 max_q=0.195572 fraction_q_positive=1.000000 sampling_entropy=4.846712 uniform_entropy=4.852030 entropy_gap=0.005318 max_probability_over_uniform=1.282722 min_probability_over_uniform=0.725072
RG_SCORE round=40 layer=features.10 mean_q=0.133905 max_q=0.185048 fraction_q_positive=1.000000 sampling_entropy=4.847508 uniform_entropy=4.852030 entropy_gap=0.004522 max_probability_over_uniform=1.286447 min_probability_over_uniform=0.802295
RG_SCORE round=40 layer=features.14 mean_q=0.128530 max_q=0.191092 fraction_q_positive=1.000000 sampling_entropy=5.540474 uniform_entropy=5.545177 entropy_gap=0.004703 max_probability_over_uniform=1.365062 min_probability_over_uniform=0.754754
RG_SCORE round=40 layer=features.17 mean_q=0.121043 max_q=0.160726 fraction_q_positive=1.000000 sampling_entropy=5.541963 uniform_entropy=5.545177 entropy_gap=0.003215 max_probability_over_uniform=1.245876 min_probability_over_uniform=0.751976
RG_SCORE round=40 layer=features.20 mean_q=0.124501 max_q=0.165964 fraction_q_positive=1.000000 sampling_entropy=5.541325 uniform_entropy=5.545177 entropy_gap=0.003852 max_probability_over_uniform=1.249774 min_probability_over_uniform=0.775672
RG_SCORE round=40 layer=features.24 mean_q=0.119368 max_q=0.175262 fraction_q_positive=1.000000 sampling_entropy=6.231052 uniform_entropy=6.238325 entropy_gap=0.007273 max_probability_over_uniform=1.351193 min_probability_over_uniform=0.648492
RG_SCORE round=40 layer=features.27 mean_q=0.099542 max_q=0.150593 fraction_q_positive=1.000000 sampling_entropy=6.230789 uniform_entropy=6.238325 entropy_gap=0.007536 max_probability_over_uniform=1.384643 min_probability_over_uniform=0.507840
RG_SCORE round=40 layer=features.30 mean_q=0.091693 max_q=0.146450 fraction_q_positive=1.000000 sampling_entropy=6.221496 uniform_entropy=6.238325 entropy_gap=0.016829 max_probability_over_uniform=1.447884 min_probability_over_uniform=0.303438
RG_SCORE round=40 layer=features.34 mean_q=0.131518 max_q=0.355996 fraction_q_positive=0.937500 sampling_entropy=6.158118 uniform_entropy=6.238325 entropy_gap=0.080206 max_probability_over_uniform=2.280121 min_probability_over_uniform=0.250000
RG_SCORE round=40 layer=features.37 mean_q=0.112119 max_q=0.256866 fraction_q_positive=0.929688 sampling_entropy=6.138949 uniform_entropy=6.238325 entropy_gap=0.099375 max_probability_over_uniform=1.968259 min_probability_over_uniform=0.250000
RG_SCORE round=40 layer=features.40 mean_q=0.130038 max_q=0.358129 fraction_q_positive=0.935547 sampling_entropy=6.123763 uniform_entropy=6.238325 entropy_gap=0.114562 max_probability_over_uniform=2.315519 min_probability_over_uniform=0.250000
ROUND_ACCURACY method=FedPhoenixRG round=40 accuracy=66.150002
********************************************************************************
Round  40
ROUND_ACCURACY method=FedPhoenixRG round=41 accuracy=67.300003
********************************************************************************
Round  41
ROUND_ACCURACY method=FedPhoenixRG round=42 accuracy=59.660000
********************************************************************************
Round  42
ROUND_ACCURACY method=FedPhoenixRG round=43 accuracy=60.799999
********************************************************************************
Round  43
ROUND_ACCURACY method=FedPhoenixRG round=44 accuracy=62.060001
********************************************************************************
Round  44
ROUND_ACCURACY method=FedPhoenixRG round=45 accuracy=50.759998
********************************************************************************
Round  45
ROUND_ACCURACY method=FedPhoenixRG round=46 accuracy=66.290001
********************************************************************************
Round  46
ROUND_ACCURACY method=FedPhoenixRG round=47 accuracy=59.919998
********************************************************************************
Round  47
ROUND_ACCURACY method=FedPhoenixRG round=48 accuracy=60.230000
********************************************************************************
Round  48
ROUND_ACCURACY method=FedPhoenixRG round=49 accuracy=60.549999
********************************************************************************
Round  49
ROUND_ACCURACY method=FedPhoenixRG round=50 accuracy=61.680000
********************************************************************************
Round  50
ROUND_ACCURACY method=FedPhoenixRG round=51 accuracy=57.380001
********************************************************************************
Round  51
ROUND_ACCURACY method=FedPhoenixRG round=52 accuracy=66.750000
********************************************************************************
Round  52
ROUND_ACCURACY method=FedPhoenixRG round=53 accuracy=57.939999
********************************************************************************
Round  53
ROUND_ACCURACY method=FedPhoenixRG round=54 accuracy=50.369999
********************************************************************************
Round  54
ROUND_ACCURACY method=FedPhoenixRG round=55 accuracy=66.480003
********************************************************************************
Round  55
ROUND_ACCURACY method=FedPhoenixRG round=56 accuracy=65.620003
********************************************************************************
Round  56
ROUND_ACCURACY method=FedPhoenixRG round=57 accuracy=59.990002
********************************************************************************
Round  57
ROUND_ACCURACY method=FedPhoenixRG round=58 accuracy=44.840000
********************************************************************************
Round  58
ROUND_ACCURACY method=FedPhoenixRG round=59 accuracy=63.689999
********************************************************************************
Round  59
RG_SCORE round=60 layer=features.0 mean_q=0.129396 max_q=0.308248 fraction_q_positive=0.937500 sampling_entropy=4.053327 uniform_entropy=4.158883 entropy_gap=0.105556 max_probability_over_uniform=2.036661 min_probability_over_uniform=0.250000
RG_SCORE round=60 layer=features.3 mean_q=0.153933 max_q=0.216224 fraction_q_positive=1.000000 sampling_entropy=4.147818 uniform_entropy=4.158883 entropy_gap=0.011066 max_probability_over_uniform=1.303495 min_probability_over_uniform=0.486746
RG_SCORE round=60 layer=features.7 mean_q=0.159292 max_q=0.230143 fraction_q_positive=1.000000 sampling_entropy=4.846218 uniform_entropy=4.852030 entropy_gap=0.005812 max_probability_over_uniform=1.333593 min_probability_over_uniform=0.693572
RG_SCORE round=60 layer=features.10 mean_q=0.156845 max_q=0.199652 fraction_q_positive=1.000000 sampling_entropy=4.848693 uniform_entropy=4.852030 entropy_gap=0.003337 max_probability_over_uniform=1.204691 min_probability_over_uniform=0.777309
RG_SCORE round=60 layer=features.14 mean_q=0.155262 max_q=0.229320 fraction_q_positive=1.000000 sampling_entropy=5.540631 uniform_entropy=5.545177 entropy_gap=0.004547 max_probability_over_uniform=1.357741 min_probability_over_uniform=0.753665
RG_SCORE round=60 layer=features.17 mean_q=0.147997 max_q=0.179202 fraction_q_positive=1.000000 sampling_entropy=5.543054 uniform_entropy=5.545177 entropy_gap=0.002123 max_probability_over_uniform=1.158135 min_probability_over_uniform=0.825396
RG_SCORE round=60 layer=features.20 mean_q=0.153578 max_q=0.195473 fraction_q_positive=1.000000 sampling_entropy=5.543137 uniform_entropy=5.545177 entropy_gap=0.002040 max_probability_over_uniform=1.204596 min_probability_over_uniform=0.836657
RG_SCORE round=60 layer=features.24 mean_q=0.150731 max_q=0.197832 fraction_q_positive=1.000000 sampling_entropy=6.234497 uniform_entropy=6.238325 entropy_gap=0.003828 max_probability_over_uniform=1.234360 min_probability_over_uniform=0.744600
RG_SCORE round=60 layer=features.27 mean_q=0.129480 max_q=0.175516 fraction_q_positive=1.000000 sampling_entropy=6.234597 uniform_entropy=6.238325 entropy_gap=0.003727 max_probability_over_uniform=1.266663 min_probability_over_uniform=0.731560
RG_SCORE round=60 layer=features.30 mean_q=0.127269 max_q=0.184791 fraction_q_positive=1.000000 sampling_entropy=6.231856 uniform_entropy=6.238325 entropy_gap=0.006469 max_probability_over_uniform=1.338979 min_probability_over_uniform=0.705523
RG_SCORE round=60 layer=features.34 mean_q=0.226963 max_q=0.347150 fraction_q_positive=1.000000 sampling_entropy=6.231131 uniform_entropy=6.238325 entropy_gap=0.007194 max_probability_over_uniform=1.397156 min_probability_over_uniform=0.497678
RG_SCORE round=60 layer=features.37 mean_q=0.254824 max_q=0.375760 fraction_q_positive=1.000000 sampling_entropy=6.229154 uniform_entropy=6.238325 entropy_gap=0.009171 max_probability_over_uniform=1.355941 min_probability_over_uniform=0.575664
RG_SCORE round=60 layer=features.40 mean_q=0.283831 max_q=0.534046 fraction_q_positive=0.994141 sampling_entropy=6.187725 uniform_entropy=6.238325 entropy_gap=0.050599 max_probability_over_uniform=1.661172 min_probability_over_uniform=0.250000
ROUND_ACCURACY method=FedPhoenixRG round=60 accuracy=65.580002
********************************************************************************
Round  60
ROUND_ACCURACY method=FedPhoenixRG round=61 accuracy=67.169998
********************************************************************************
Round  61
ROUND_ACCURACY method=FedPhoenixRG round=62 accuracy=65.470001
********************************************************************************
Round  62
ROUND_ACCURACY method=FedPhoenixRG round=63 accuracy=66.080002
********************************************************************************
Round  63
ROUND_ACCURACY method=FedPhoenixRG round=64 accuracy=64.389999
********************************************************************************
Round  64
ROUND_ACCURACY method=FedPhoenixRG round=65 accuracy=66.330002
********************************************************************************
Round  65
ROUND_ACCURACY method=FedPhoenixRG round=66 accuracy=64.360001
********************************************************************************
Round  66
ROUND_ACCURACY method=FedPhoenixRG round=67 accuracy=62.200001
********************************************************************************
Round  67
ROUND_ACCURACY method=FedPhoenixRG round=68 accuracy=57.169998
********************************************************************************
Round  68
ROUND_ACCURACY method=FedPhoenixRG round=69 accuracy=70.629997
********************************************************************************
Round  69
ROUND_ACCURACY method=FedPhoenixRG round=70 accuracy=62.660000
********************************************************************************
Round  70
ROUND_ACCURACY method=FedPhoenixRG round=71 accuracy=58.599998
********************************************************************************
Round  71
ROUND_ACCURACY method=FedPhoenixRG round=72 accuracy=62.740002
********************************************************************************
Round  72
ROUND_ACCURACY method=FedPhoenixRG round=73 accuracy=66.209999
********************************************************************************
Round  73
ROUND_ACCURACY method=FedPhoenixRG round=74 accuracy=68.959999
********************************************************************************
Round  74
ROUND_ACCURACY method=FedPhoenixRG round=75 accuracy=71.250000
********************************************************************************
Round  75
ROUND_ACCURACY method=FedPhoenixRG round=76 accuracy=64.139999
********************************************************************************
Round  76
ROUND_ACCURACY method=FedPhoenixRG round=77 accuracy=63.630001
********************************************************************************
Round  77
ROUND_ACCURACY method=FedPhoenixRG round=78 accuracy=65.059998
********************************************************************************
Round  78
ROUND_ACCURACY method=FedPhoenixRG round=79 accuracy=70.559998
********************************************************************************
Round  79
RG_SCORE round=80 layer=features.0 mean_q=0.159472 max_q=0.321254 fraction_q_positive=0.984375 sampling_entropy=4.092242 uniform_entropy=4.158883 entropy_gap=0.066641 max_probability_over_uniform=1.760868 min_probability_over_uniform=0.250000
RG_SCORE round=80 layer=features.3 mean_q=0.185477 max_q=0.226005 fraction_q_positive=1.000000 sampling_entropy=4.154601 uniform_entropy=4.158883 entropy_gap=0.004282 max_probability_over_uniform=1.163879 min_probability_over_uniform=0.737452
RG_SCORE round=80 layer=features.7 mean_q=0.186812 max_q=0.240309 fraction_q_positive=1.000000 sampling_entropy=4.848827 uniform_entropy=4.852030 entropy_gap=0.003204 max_probability_over_uniform=1.214775 min_probability_over_uniform=0.802597
RG_SCORE round=80 layer=features.10 mean_q=0.182499 max_q=0.230260 fraction_q_positive=1.000000 sampling_entropy=4.849766 uniform_entropy=4.852030 entropy_gap=0.002264 max_probability_over_uniform=1.196279 min_probability_over_uniform=0.768957
RG_SCORE round=80 layer=features.14 mean_q=0.184456 max_q=0.245976 fraction_q_positive=1.000000 sampling_entropy=5.542103 uniform_entropy=5.545177 entropy_gap=0.003075 max_probability_over_uniform=1.250144 min_probability_over_uniform=0.793259
RG_SCORE round=80 layer=features.17 mean_q=0.172581 max_q=0.215468 fraction_q_positive=1.000000 sampling_entropy=5.543055 uniform_entropy=5.545177 entropy_gap=0.002122 max_probability_over_uniform=1.186378 min_probability_over_uniform=0.846790
RG_SCORE round=80 layer=features.20 mean_q=0.179656 max_q=0.220763 fraction_q_positive=1.000000 sampling_entropy=5.543764 uniform_entropy=5.545177 entropy_gap=0.001413 max_probability_over_uniform=1.171607 min_probability_over_uniform=0.845733
RG_SCORE round=80 layer=features.24 mean_q=0.184463 max_q=0.244312 fraction_q_positive=1.000000 sampling_entropy=6.235584 uniform_entropy=6.238325 entropy_gap=0.002741 max_probability_over_uniform=1.243337 min_probability_over_uniform=0.760835
RG_SCORE round=80 layer=features.27 mean_q=0.159292 max_q=0.209250 fraction_q_positive=1.000000 sampling_entropy=6.235655 uniform_entropy=6.238325 entropy_gap=0.002669 max_probability_over_uniform=1.235221 min_probability_over_uniform=0.807258
RG_SCORE round=80 layer=features.30 mean_q=0.157394 max_q=0.228239 fraction_q_positive=1.000000 sampling_entropy=6.234455 uniform_entropy=6.238325 entropy_gap=0.003869 max_probability_over_uniform=1.337583 min_probability_over_uniform=0.793703
RG_SCORE round=80 layer=features.34 mean_q=0.301964 max_q=0.416217 fraction_q_positive=1.000000 sampling_entropy=6.234329 uniform_entropy=6.238325 entropy_gap=0.003995 max_probability_over_uniform=1.283775 min_probability_over_uniform=0.710672
RG_SCORE round=80 layer=features.37 mean_q=0.341776 max_q=0.466427 fraction_q_positive=1.000000 sampling_entropy=6.233191 uniform_entropy=6.238325 entropy_gap=0.005133 max_probability_over_uniform=1.273536 min_probability_over_uniform=0.713199
RG_SCORE round=80 layer=features.40 mean_q=0.336917 max_q=0.582327 fraction_q_positive=1.000000 sampling_entropy=6.199806 uniform_entropy=6.238325 entropy_gap=0.038519 max_probability_over_uniform=1.546299 min_probability_over_uniform=0.263781
ROUND_ACCURACY method=FedPhoenixRG round=80 accuracy=68.800003
********************************************************************************
Round  80
ROUND_ACCURACY method=FedPhoenixRG round=81 accuracy=65.089996
********************************************************************************
Round  81
ROUND_ACCURACY method=FedPhoenixRG round=82 accuracy=66.330002
********************************************************************************
Round  82
ROUND_ACCURACY method=FedPhoenixRG round=83 accuracy=69.910004
********************************************************************************
Round  83
ROUND_ACCURACY method=FedPhoenixRG round=84 accuracy=65.739998
********************************************************************************
Round  84
ROUND_ACCURACY method=FedPhoenixRG round=85 accuracy=69.199997
********************************************************************************
Round  85
ROUND_ACCURACY method=FedPhoenixRG round=86 accuracy=68.050003
********************************************************************************
Round  86
ROUND_ACCURACY method=FedPhoenixRG round=87 accuracy=68.910004
********************************************************************************
Round  87
ROUND_ACCURACY method=FedPhoenixRG round=88 accuracy=69.400002
********************************************************************************
Round  88
ROUND_ACCURACY method=FedPhoenixRG round=89 accuracy=70.779999
********************************************************************************
Round  89
ROUND_ACCURACY method=FedPhoenixRG round=90 accuracy=65.320000
********************************************************************************
Round  90
ROUND_ACCURACY method=FedPhoenixRG round=91 accuracy=71.230003
********************************************************************************
Round  91
ROUND_ACCURACY method=FedPhoenixRG round=92 accuracy=68.389999
********************************************************************************
Round  92
ROUND_ACCURACY method=FedPhoenixRG round=93 accuracy=68.099998
********************************************************************************
Round  93
ROUND_ACCURACY method=FedPhoenixRG round=94 accuracy=68.440002
********************************************************************************
Round  94
ROUND_ACCURACY method=FedPhoenixRG round=95 accuracy=71.389999
********************************************************************************
Round  95
ROUND_ACCURACY method=FedPhoenixRG round=96 accuracy=68.730003
********************************************************************************
Round  96
ROUND_ACCURACY method=FedPhoenixRG round=97 accuracy=66.480003
********************************************************************************
Round  97
ROUND_ACCURACY method=FedPhoenixRG round=98 accuracy=63.369999
********************************************************************************
Round  98
ROUND_ACCURACY method=FedPhoenixRG round=99 accuracy=62.610001
********************************************************************************
Round  99
RG_SCORE round=100 layer=features.0 mean_q=0.167575 max_q=0.362169 fraction_q_positive=0.953125 sampling_entropy=4.083981 uniform_entropy=4.158883 entropy_gap=0.074902 max_probability_over_uniform=1.870924 min_probability_over_uniform=0.250000
RG_SCORE round=100 layer=features.3 mean_q=0.192338 max_q=0.250001 fraction_q_positive=1.000000 sampling_entropy=4.154465 uniform_entropy=4.158883 entropy_gap=0.004418 max_probability_over_uniform=1.224852 min_probability_over_uniform=0.806841
RG_SCORE round=100 layer=features.7 mean_q=0.193562 max_q=0.261435 fraction_q_positive=1.000000 sampling_entropy=4.847815 uniform_entropy=4.852030 entropy_gap=0.004215 max_probability_over_uniform=1.262989 min_probability_over_uniform=0.773549
RG_SCORE round=100 layer=features.10 mean_q=0.192155 max_q=0.240205 fraction_q_positive=1.000000 sampling_entropy=4.850112 uniform_entropy=4.852030 entropy_gap=0.001918 max_probability_over_uniform=1.187545 min_probability_over_uniform=0.834004
RG_SCORE round=100 layer=features.14 mean_q=0.198801 max_q=0.268171 fraction_q_positive=1.000000 sampling_entropy=5.542911 uniform_entropy=5.545177 entropy_gap=0.002266 max_probability_over_uniform=1.261705 min_probability_over_uniform=0.714621
RG_SCORE round=100 layer=features.17 mean_q=0.187213 max_q=0.223464 fraction_q_positive=1.000000 sampling_entropy=5.542999 uniform_entropy=5.545177 entropy_gap=0.002179 max_probability_over_uniform=1.145227 min_probability_over_uniform=0.853208
RG_SCORE round=100 layer=features.20 mean_q=0.192729 max_q=0.223391 fraction_q_positive=1.000000 sampling_entropy=5.544012 uniform_entropy=5.545177 entropy_gap=0.001165 max_probability_over_uniform=1.119321 min_probability_over_uniform=0.872356
RG_SCORE round=100 layer=features.24 mean_q=0.204326 max_q=0.265780 fraction_q_positive=1.000000 sampling_entropy=6.236117 uniform_entropy=6.238325 entropy_gap=0.002208 max_probability_over_uniform=1.225574 min_probability_over_uniform=0.745302
RG_SCORE round=100 layer=features.27 mean_q=0.178520 max_q=0.234103 fraction_q_positive=1.000000 sampling_entropy=6.235979 uniform_entropy=6.238325 entropy_gap=0.002345 max_probability_over_uniform=1.233518 min_probability_over_uniform=0.844947
RG_SCORE round=100 layer=features.30 mean_q=0.173033 max_q=0.221285 fraction_q_positive=1.000000 sampling_entropy=6.235698 uniform_entropy=6.238325 entropy_gap=0.002627 max_probability_over_uniform=1.209142 min_probability_over_uniform=0.775742
RG_SCORE round=100 layer=features.34 mean_q=0.332198 max_q=0.418263 fraction_q_positive=1.000000 sampling_entropy=6.233960 uniform_entropy=6.238325 entropy_gap=0.004364 max_probability_over_uniform=1.194306 min_probability_over_uniform=0.531382
RG_SCORE round=100 layer=features.37 mean_q=0.365246 max_q=0.511488 fraction_q_positive=1.000000 sampling_entropy=6.232359 uniform_entropy=6.238325 entropy_gap=0.005965 max_probability_over_uniform=1.300294 min_probability_over_uniform=0.419268
RG_SCORE round=100 layer=features.40 mean_q=0.315834 max_q=0.571869 fraction_q_positive=1.000000 sampling_entropy=6.199267 uniform_entropy=6.238325 entropy_gap=0.039058 max_probability_over_uniform=1.607997 min_probability_over_uniform=0.266942
ROUND_ACCURACY method=FedPhoenixRG round=100 accuracy=63.209999
********************************************************************************
Round 100
ROUND_ACCURACY method=FedPhoenixRG round=101 accuracy=68.779999
********************************************************************************
Round 101
ROUND_ACCURACY method=FedPhoenixRG round=102 accuracy=69.879997
********************************************************************************
Round 102
ROUND_ACCURACY method=FedPhoenixRG round=103 accuracy=71.470001
********************************************************************************
Round 103
ROUND_ACCURACY method=FedPhoenixRG round=104 accuracy=70.849998
********************************************************************************
Round 104
ROUND_ACCURACY method=FedPhoenixRG round=105 accuracy=71.480003
********************************************************************************
Round 105
ROUND_ACCURACY method=FedPhoenixRG round=106 accuracy=69.820000
********************************************************************************
Round 106
ROUND_ACCURACY method=FedPhoenixRG round=107 accuracy=52.580002
********************************************************************************
Round 107
ROUND_ACCURACY method=FedPhoenixRG round=108 accuracy=71.349998
********************************************************************************
Round 108
ROUND_ACCURACY method=FedPhoenixRG round=109 accuracy=73.690002
********************************************************************************
Round 109
ROUND_ACCURACY method=FedPhoenixRG round=110 accuracy=71.910004
********************************************************************************
Round 110
ROUND_ACCURACY method=FedPhoenixRG round=111 accuracy=71.790001
********************************************************************************
Round 111
ROUND_ACCURACY method=FedPhoenixRG round=112 accuracy=70.860001
********************************************************************************
Round 112
ROUND_ACCURACY method=FedPhoenixRG round=113 accuracy=68.500000
********************************************************************************
Round 113
ROUND_ACCURACY method=FedPhoenixRG round=114 accuracy=67.410004
********************************************************************************
Round 114
ROUND_ACCURACY method=FedPhoenixRG round=115 accuracy=64.769997
********************************************************************************
Round 115
ROUND_ACCURACY method=FedPhoenixRG round=116 accuracy=72.570000
********************************************************************************
Round 116
ROUND_ACCURACY method=FedPhoenixRG round=117 accuracy=67.620003
********************************************************************************
Round 117
ROUND_ACCURACY method=FedPhoenixRG round=118 accuracy=71.970001
********************************************************************************
Round 118
ROUND_ACCURACY method=FedPhoenixRG round=119 accuracy=72.500000
********************************************************************************
Round 119
RG_SCORE round=120 layer=features.0 mean_q=0.155297 max_q=0.338512 fraction_q_positive=0.984375 sampling_entropy=4.089940 uniform_entropy=4.158883 entropy_gap=0.068943 max_probability_over_uniform=1.884833 min_probability_over_uniform=0.250000
RG_SCORE round=120 layer=features.3 mean_q=0.193588 max_q=0.239287 fraction_q_positive=1.000000 sampling_entropy=4.155650 uniform_entropy=4.158883 entropy_gap=0.003233 max_probability_over_uniform=1.177044 min_probability_over_uniform=0.796328
RG_SCORE round=120 layer=features.7 mean_q=0.194750 max_q=0.241750 fraction_q_positive=1.000000 sampling_entropy=4.849264 uniform_entropy=4.852030 entropy_gap=0.002766 max_probability_over_uniform=1.181002 min_probability_over_uniform=0.790501
RG_SCORE round=120 layer=features.10 mean_q=0.184844 max_q=0.214748 fraction_q_positive=1.000000 sampling_entropy=4.850235 uniform_entropy=4.852030 entropy_gap=0.001795 max_probability_over_uniform=1.121338 min_probability_over_uniform=0.825385
RG_SCORE round=120 layer=features.14 mean_q=0.191864 max_q=0.239754 fraction_q_positive=1.000000 sampling_entropy=5.542954 uniform_entropy=5.545177 entropy_gap=0.002223 max_probability_over_uniform=1.187201 min_probability_over_uniform=0.811903
RG_SCORE round=120 layer=features.17 mean_q=0.182888 max_q=0.222381 fraction_q_positive=1.000000 sampling_entropy=5.543098 uniform_entropy=5.545177 entropy_gap=0.002079 max_probability_over_uniform=1.161955 min_probability_over_uniform=0.835242
RG_SCORE round=120 layer=features.20 mean_q=0.188171 max_q=0.221991 fraction_q_positive=1.000000 sampling_entropy=5.543928 uniform_entropy=5.545177 entropy_gap=0.001250 max_probability_over_uniform=1.134796 min_probability_over_uniform=0.862538
RG_SCORE round=120 layer=features.24 mean_q=0.200603 max_q=0.242867 fraction_q_positive=1.000000 sampling_entropy=6.236183 uniform_entropy=6.238325 entropy_gap=0.002142 max_probability_over_uniform=1.158013 min_probability_over_uniform=0.790802
RG_SCORE round=120 layer=features.27 mean_q=0.177227 max_q=0.241265 fraction_q_positive=1.000000 sampling_entropy=6.235656 uniform_entropy=6.238325 entropy_gap=0.002668 max_probability_over_uniform=1.270999 min_probability_over_uniform=0.787597
RG_SCORE round=120 layer=features.30 mean_q=0.166645 max_q=0.217786 fraction_q_positive=1.000000 sampling_entropy=6.234526 uniform_entropy=6.238325 entropy_gap=0.003798 max_probability_over_uniform=1.230163 min_probability_over_uniform=0.736757
RG_SCORE round=120 layer=features.34 mean_q=0.280408 max_q=0.420290 fraction_q_positive=1.000000 sampling_entropy=6.220288 uniform_entropy=6.238325 entropy_gap=0.018036 max_probability_over_uniform=1.374138 min_probability_over_uniform=0.302754
RG_SCORE round=120 layer=features.37 mean_q=0.218464 max_q=0.419807 fraction_q_positive=0.988281 sampling_entropy=6.191804 uniform_entropy=6.238325 entropy_gap=0.046521 max_probability_over_uniform=1.691220 min_probability_over_uniform=0.250000
RG_SCORE round=120 layer=features.40 mean_q=0.147415 max_q=0.385371 fraction_q_positive=0.955078 sampling_entropy=6.128220 uniform_entropy=6.238325 entropy_gap=0.110105 max_probability_over_uniform=2.210642 min_probability_over_uniform=0.250000
ROUND_ACCURACY method=FedPhoenixRG round=120 accuracy=67.690002
********************************************************************************
Round 120
ROUND_ACCURACY method=FedPhoenixRG round=121 accuracy=72.820000
********************************************************************************
Round 121
ROUND_ACCURACY method=FedPhoenixRG round=122 accuracy=69.889999
********************************************************************************
Round 122
ROUND_ACCURACY method=FedPhoenixRG round=123 accuracy=68.459999
********************************************************************************
Round 123
ROUND_ACCURACY method=FedPhoenixRG round=124 accuracy=64.660004
********************************************************************************
Round 124
ROUND_ACCURACY method=FedPhoenixRG round=125 accuracy=65.930000
********************************************************************************
Round 125
ROUND_ACCURACY method=FedPhoenixRG round=126 accuracy=63.410000
********************************************************************************
Round 126
ROUND_ACCURACY method=FedPhoenixRG round=127 accuracy=72.190002
********************************************************************************
Round 127
ROUND_ACCURACY method=FedPhoenixRG round=128 accuracy=67.870003
********************************************************************************
Round 128
ROUND_ACCURACY method=FedPhoenixRG round=129 accuracy=74.699997
********************************************************************************
Round 129
ROUND_ACCURACY method=FedPhoenixRG round=130 accuracy=66.410004
********************************************************************************
Round 130
ROUND_ACCURACY method=FedPhoenixRG round=131 accuracy=66.720001
********************************************************************************
Round 131
ROUND_ACCURACY method=FedPhoenixRG round=132 accuracy=76.150002
********************************************************************************
Round 132
ROUND_ACCURACY method=FedPhoenixRG round=133 accuracy=69.339996
********************************************************************************
Round 133
ROUND_ACCURACY method=FedPhoenixRG round=134 accuracy=72.720001
********************************************************************************
Round 134
ROUND_ACCURACY method=FedPhoenixRG round=135 accuracy=67.059998
********************************************************************************
Round 135
ROUND_ACCURACY method=FedPhoenixRG round=136 accuracy=64.889999
********************************************************************************
Round 136
ROUND_ACCURACY method=FedPhoenixRG round=137 accuracy=70.089996
********************************************************************************
Round 137
ROUND_ACCURACY method=FedPhoenixRG round=138 accuracy=73.110001
********************************************************************************
Round 138
ROUND_ACCURACY method=FedPhoenixRG round=139 accuracy=70.589996
********************************************************************************
Round 139
RG_SCORE round=140 layer=features.0 mean_q=0.151656 max_q=0.356467 fraction_q_positive=0.968750 sampling_entropy=4.085565 uniform_entropy=4.158883 entropy_gap=0.073318 max_probability_over_uniform=2.012872 min_probability_over_uniform=0.250000
RG_SCORE round=140 layer=features.3 mean_q=0.194426 max_q=0.239384 fraction_q_positive=1.000000 sampling_entropy=4.154967 uniform_entropy=4.158883 entropy_gap=0.003916 max_probability_over_uniform=1.173426 min_probability_over_uniform=0.788294
RG_SCORE round=140 layer=features.7 mean_q=0.196585 max_q=0.235619 fraction_q_positive=1.000000 sampling_entropy=4.849994 uniform_entropy=4.852030 entropy_gap=0.002036 max_probability_over_uniform=1.148922 min_probability_over_uniform=0.838770
RG_SCORE round=140 layer=features.10 mean_q=0.188897 max_q=0.219512 fraction_q_positive=1.000000 sampling_entropy=4.850156 uniform_entropy=4.852030 entropy_gap=0.001874 max_probability_over_uniform=1.121554 min_probability_over_uniform=0.815342
RG_SCORE round=140 layer=features.14 mean_q=0.196374 max_q=0.245412 fraction_q_positive=1.000000 sampling_entropy=5.543198 uniform_entropy=5.545177 entropy_gap=0.001979 max_probability_over_uniform=1.187290 min_probability_over_uniform=0.860018
RG_SCORE round=140 layer=features.17 mean_q=0.187390 max_q=0.233561 fraction_q_positive=1.000000 sampling_entropy=5.542752 uniform_entropy=5.545177 entropy_gap=0.002425 max_probability_over_uniform=1.184794 min_probability_over_uniform=0.799201
RG_SCORE round=140 layer=features.20 mean_q=0.189325 max_q=0.225156 fraction_q_positive=1.000000 sampling_entropy=5.544003 uniform_entropy=5.545177 entropy_gap=0.001174 max_probability_over_uniform=1.141944 min_probability_over_uniform=0.849292
RG_SCORE round=140 layer=features.24 mean_q=0.207122 max_q=0.267130 fraction_q_positive=1.000000 sampling_entropy=6.236558 uniform_entropy=6.238325 entropy_gap=0.001767 max_probability_over_uniform=1.217294 min_probability_over_uniform=0.782443
RG_SCORE round=140 layer=features.27 mean_q=0.189579 max_q=0.244448 fraction_q_positive=1.000000 sampling_entropy=6.236267 uniform_entropy=6.238325 entropy_gap=0.002057 max_probability_over_uniform=1.217069 min_probability_over_uniform=0.794996
RG_SCORE round=140 layer=features.30 mean_q=0.174871 max_q=0.225605 fraction_q_positive=1.000000 sampling_entropy=6.235695 uniform_entropy=6.238325 entropy_gap=0.002630 max_probability_over_uniform=1.217589 min_probability_over_uniform=0.754368
RG_SCORE round=140 layer=features.34 mean_q=0.308236 max_q=0.442133 fraction_q_positive=1.000000 sampling_entropy=6.226352 uniform_entropy=6.238325 entropy_gap=0.011972 max_probability_over_uniform=1.325800 min_probability_over_uniform=0.359266
RG_SCORE round=140 layer=features.37 mean_q=0.219797 max_q=0.415438 fraction_q_positive=1.000000 sampling_entropy=6.192604 uniform_entropy=6.238325 entropy_gap=0.045721 max_probability_over_uniform=1.667572 min_probability_over_uniform=0.254252
RG_SCORE round=140 layer=features.40 mean_q=0.128217 max_q=0.395632 fraction_q_positive=0.949219 sampling_entropy=6.110453 uniform_entropy=6.238325 entropy_gap=0.127872 max_probability_over_uniform=2.564233 min_probability_over_uniform=0.250000
ROUND_ACCURACY method=FedPhoenixRG round=140 accuracy=74.519997
********************************************************************************
Round 140
ROUND_ACCURACY method=FedPhoenixRG round=141 accuracy=75.080002
********************************************************************************
Round 141
ROUND_ACCURACY method=FedPhoenixRG round=142 accuracy=66.480003
********************************************************************************
Round 142
ROUND_ACCURACY method=FedPhoenixRG round=143 accuracy=62.400002
********************************************************************************
Round 143
ROUND_ACCURACY method=FedPhoenixRG round=144 accuracy=73.930000
********************************************************************************
Round 144
ROUND_ACCURACY method=FedPhoenixRG round=145 accuracy=68.360001
********************************************************************************
Round 145
ROUND_ACCURACY method=FedPhoenixRG round=146 accuracy=67.669998
********************************************************************************
Round 146
ROUND_ACCURACY method=FedPhoenixRG round=147 accuracy=73.750000
********************************************************************************
Round 147
ROUND_ACCURACY method=FedPhoenixRG round=148 accuracy=71.120003
********************************************************************************
Round 148
ROUND_ACCURACY method=FedPhoenixRG round=149 accuracy=58.790001
********************************************************************************
Round 149
ROUND_ACCURACY method=FedPhoenixRG round=150 accuracy=73.080002
********************************************************************************
Round 150
ROUND_ACCURACY method=FedPhoenixRG round=151 accuracy=63.180000
********************************************************************************
Round 151
ROUND_ACCURACY method=FedPhoenixRG round=152 accuracy=64.379997
********************************************************************************
Round 152
ROUND_ACCURACY method=FedPhoenixRG round=153 accuracy=75.379997
********************************************************************************
Round 153
ROUND_ACCURACY method=FedPhoenixRG round=154 accuracy=73.779999
********************************************************************************
Round 154
ROUND_ACCURACY method=FedPhoenixRG round=155 accuracy=68.250000
********************************************************************************
Round 155
ROUND_ACCURACY method=FedPhoenixRG round=156 accuracy=73.430000
********************************************************************************
Round 156
ROUND_ACCURACY method=FedPhoenixRG round=157 accuracy=68.860001
********************************************************************************
Round 157
ROUND_ACCURACY method=FedPhoenixRG round=158 accuracy=65.199997
********************************************************************************
Round 158
ROUND_ACCURACY method=FedPhoenixRG round=159 accuracy=68.809998
********************************************************************************
Round 159
RG_SCORE round=160 layer=features.0 mean_q=0.130241 max_q=0.349644 fraction_q_positive=0.906250 sampling_entropy=4.040625 uniform_entropy=4.158883 entropy_gap=0.118258 max_probability_over_uniform=2.263451 min_probability_over_uniform=0.250000
RG_SCORE round=160 layer=features.3 mean_q=0.186876 max_q=0.227240 fraction_q_positive=1.000000 sampling_entropy=4.156270 uniform_entropy=4.158883 entropy_gap=0.002613 max_probability_over_uniform=1.161995 min_probability_over_uniform=0.789706
RG_SCORE round=160 layer=features.7 mean_q=0.184216 max_q=0.226872 fraction_q_positive=1.000000 sampling_entropy=4.849496 uniform_entropy=4.852030 entropy_gap=0.002535 max_probability_over_uniform=1.173666 min_probability_over_uniform=0.824672
RG_SCORE round=160 layer=features.10 mean_q=0.174419 max_q=0.205437 fraction_q_positive=1.000000 sampling_entropy=4.850437 uniform_entropy=4.852030 entropy_gap=0.001593 max_probability_over_uniform=1.133378 min_probability_over_uniform=0.809647
RG_SCORE round=160 layer=features.14 mean_q=0.183418 max_q=0.229674 fraction_q_positive=1.000000 sampling_entropy=5.543200 uniform_entropy=5.545177 entropy_gap=0.001977 max_probability_over_uniform=1.189142 min_probability_over_uniform=0.830449
RG_SCORE round=160 layer=features.17 mean_q=0.174784 max_q=0.229213 fraction_q_positive=1.000000 sampling_entropy=5.542843 uniform_entropy=5.545177 entropy_gap=0.002334 max_probability_over_uniform=1.233559 min_probability_over_uniform=0.836056
RG_SCORE round=160 layer=features.20 mean_q=0.177431 max_q=0.210450 fraction_q_positive=1.000000 sampling_entropy=5.543947 uniform_entropy=5.545177 entropy_gap=0.001231 max_probability_over_uniform=1.139568 min_probability_over_uniform=0.837755
RG_SCORE round=160 layer=features.24 mean_q=0.194005 max_q=0.241776 fraction_q_positive=1.000000 sampling_entropy=6.236613 uniform_entropy=6.238325 entropy_gap=0.001711 max_probability_over_uniform=1.184680 min_probability_over_uniform=0.803842
RG_SCORE round=160 layer=features.27 mean_q=0.181130 max_q=0.230990 fraction_q_positive=1.000000 sampling_entropy=6.236107 uniform_entropy=6.238325 entropy_gap=0.002218 max_probability_over_uniform=1.206457 min_probability_over_uniform=0.776321
RG_SCORE round=160 layer=features.30 mean_q=0.166196 max_q=0.213302 fraction_q_positive=1.000000 sampling_entropy=6.235479 uniform_entropy=6.238325 entropy_gap=0.002845 max_probability_over_uniform=1.212577 min_probability_over_uniform=0.717536
RG_SCORE round=160 layer=features.34 mean_q=0.291369 max_q=0.430307 fraction_q_positive=1.000000 sampling_entropy=6.225812 uniform_entropy=6.238325 entropy_gap=0.012512 max_probability_over_uniform=1.357635 min_probability_over_uniform=0.304064
RG_SCORE round=160 layer=features.37 mean_q=0.238981 max_q=0.453312 fraction_q_positive=0.996094 sampling_entropy=6.195272 uniform_entropy=6.238325 entropy_gap=0.043053 max_probability_over_uniform=1.672641 min_probability_over_uniform=0.250000
RG_SCORE round=160 layer=features.40 mean_q=0.132178 max_q=0.384589 fraction_q_positive=0.943359 sampling_entropy=6.103556 uniform_entropy=6.238325 entropy_gap=0.134769 max_probability_over_uniform=2.432230 min_probability_over_uniform=0.250000
ROUND_ACCURACY method=FedPhoenixRG round=160 accuracy=70.699997
********************************************************************************
Round 160
ROUND_ACCURACY method=FedPhoenixRG round=161 accuracy=75.220001
********************************************************************************
Round 161
ROUND_ACCURACY method=FedPhoenixRG round=162 accuracy=71.519997
********************************************************************************
Round 162
ROUND_ACCURACY method=FedPhoenixRG round=163 accuracy=70.220001
********************************************************************************
Round 163
ROUND_ACCURACY method=FedPhoenixRG round=164 accuracy=69.019997
********************************************************************************
Round 164
ROUND_ACCURACY method=FedPhoenixRG round=165 accuracy=75.029999
********************************************************************************
Round 165
ROUND_ACCURACY method=FedPhoenixRG round=166 accuracy=71.470001
********************************************************************************
Round 166
ROUND_ACCURACY method=FedPhoenixRG round=167 accuracy=71.019997
********************************************************************************
Round 167
ROUND_ACCURACY method=FedPhoenixRG round=168 accuracy=69.620003
********************************************************************************
Round 168
ROUND_ACCURACY method=FedPhoenixRG round=169 accuracy=69.540001
********************************************************************************
Round 169
ROUND_ACCURACY method=FedPhoenixRG round=170 accuracy=68.739998
********************************************************************************
Round 170
ROUND_ACCURACY method=FedPhoenixRG round=171 accuracy=66.040001
********************************************************************************
Round 171
ROUND_ACCURACY method=FedPhoenixRG round=172 accuracy=67.220001
********************************************************************************
Round 172
ROUND_ACCURACY method=FedPhoenixRG round=173 accuracy=68.279999
********************************************************************************
Round 173
ROUND_ACCURACY method=FedPhoenixRG round=174 accuracy=71.440002
********************************************************************************
Round 174
ROUND_ACCURACY method=FedPhoenixRG round=175 accuracy=74.800003
********************************************************************************
Round 175
ROUND_ACCURACY method=FedPhoenixRG round=176 accuracy=74.400002
********************************************************************************
Round 176
ROUND_ACCURACY method=FedPhoenixRG round=177 accuracy=70.480003
********************************************************************************
Round 177
ROUND_ACCURACY method=FedPhoenixRG round=178 accuracy=66.800003
********************************************************************************
Round 178
ROUND_ACCURACY method=FedPhoenixRG round=179 accuracy=75.849998
********************************************************************************
Round 179
RG_SCORE round=180 layer=features.0 mean_q=0.142350 max_q=0.415070 fraction_q_positive=0.921875 sampling_entropy=4.009218 uniform_entropy=4.158883 entropy_gap=0.149665 max_probability_over_uniform=2.436874 min_probability_over_uniform=0.250000
RG_SCORE round=180 layer=features.3 mean_q=0.167069 max_q=0.254608 fraction_q_positive=1.000000 sampling_entropy=4.149452 uniform_entropy=4.158883 entropy_gap=0.009431 max_probability_over_uniform=1.392978 min_probability_over_uniform=0.697378
RG_SCORE round=180 layer=features.7 mean_q=0.171018 max_q=0.228734 fraction_q_positive=1.000000 sampling_entropy=4.845262 uniform_entropy=4.852030 entropy_gap=0.006769 max_probability_over_uniform=1.253111 min_probability_over_uniform=0.645262
RG_SCORE round=180 layer=features.10 mean_q=0.154078 max_q=0.197865 fraction_q_positive=1.000000 sampling_entropy=4.847358 uniform_entropy=4.852030 entropy_gap=0.004672 max_probability_over_uniform=1.213139 min_probability_over_uniform=0.727916
RG_SCORE round=180 layer=features.14 mean_q=0.166513 max_q=0.229490 fraction_q_positive=1.000000 sampling_entropy=5.541507 uniform_entropy=5.545177 entropy_gap=0.003671 max_probability_over_uniform=1.283662 min_probability_over_uniform=0.703410
RG_SCORE round=180 layer=features.17 mean_q=0.162319 max_q=0.218311 fraction_q_positive=1.000000 sampling_entropy=5.541703 uniform_entropy=5.545177 entropy_gap=0.003474 max_probability_over_uniform=1.258713 min_probability_over_uniform=0.780445
RG_SCORE round=180 layer=features.20 mean_q=0.164325 max_q=0.195548 fraction_q_positive=1.000000 sampling_entropy=5.543451 uniform_entropy=5.545177 entropy_gap=0.001726 max_probability_over_uniform=1.142505 min_probability_over_uniform=0.803540
RG_SCORE round=180 layer=features.24 mean_q=0.181115 max_q=0.239845 fraction_q_positive=1.000000 sampling_entropy=6.235102 uniform_entropy=6.238325 entropy_gap=0.003223 max_probability_over_uniform=1.243203 min_probability_over_uniform=0.785222
RG_SCORE round=180 layer=features.27 mean_q=0.170619 max_q=0.232650 fraction_q_positive=1.000000 sampling_entropy=6.234712 uniform_entropy=6.238325 entropy_gap=0.003613 max_probability_over_uniform=1.272671 min_probability_over_uniform=0.634227
RG_SCORE round=180 layer=features.30 mean_q=0.150110 max_q=0.199689 fraction_q_positive=1.000000 sampling_entropy=6.233362 uniform_entropy=6.238325 entropy_gap=0.004963 max_probability_over_uniform=1.247714 min_probability_over_uniform=0.624954
RG_SCORE round=180 layer=features.34 mean_q=0.286798 max_q=0.438907 fraction_q_positive=0.996094 sampling_entropy=6.222129 uniform_entropy=6.238325 entropy_gap=0.016196 max_probability_over_uniform=1.397776 min_probability_over_uniform=0.250000
RG_SCORE round=180 layer=features.37 mean_q=0.257597 max_q=0.467463 fraction_q_positive=0.998047 sampling_entropy=6.209969 uniform_entropy=6.238325 entropy_gap=0.028355 max_probability_over_uniform=1.611031 min_probability_over_uniform=0.250000
RG_SCORE round=180 layer=features.40 mean_q=0.135428 max_q=0.392343 fraction_q_positive=0.937500 sampling_entropy=6.114429 uniform_entropy=6.238325 entropy_gap=0.123895 max_probability_over_uniform=2.422798 min_probability_over_uniform=0.250000
ROUND_ACCURACY method=FedPhoenixRG round=180 accuracy=71.769997
********************************************************************************
Round 180
ROUND_ACCURACY method=FedPhoenixRG round=181 accuracy=74.300003
********************************************************************************
Round 181
ROUND_ACCURACY method=FedPhoenixRG round=182 accuracy=65.239998
********************************************************************************
Round 182
ROUND_ACCURACY method=FedPhoenixRG round=183 accuracy=76.459999
********************************************************************************
Round 183
ROUND_ACCURACY method=FedPhoenixRG round=184 accuracy=74.220001
********************************************************************************
Round 184
ROUND_ACCURACY method=FedPhoenixRG round=185 accuracy=76.080002
********************************************************************************
Round 185
ROUND_ACCURACY method=FedPhoenixRG round=186 accuracy=74.089996
********************************************************************************
Round 186
ROUND_ACCURACY method=FedPhoenixRG round=187 accuracy=70.110001
********************************************************************************
Round 187
ROUND_ACCURACY method=FedPhoenixRG round=188 accuracy=74.760002
********************************************************************************
Round 188
ROUND_ACCURACY method=FedPhoenixRG round=189 accuracy=65.489998
********************************************************************************
Round 189
ROUND_ACCURACY method=FedPhoenixRG round=190 accuracy=67.290001
********************************************************************************
Round 190
ROUND_ACCURACY method=FedPhoenixRG round=191 accuracy=63.380001
********************************************************************************
Round 191
ROUND_ACCURACY method=FedPhoenixRG round=192 accuracy=71.169998
********************************************************************************
Round 192
ROUND_ACCURACY method=FedPhoenixRG round=193 accuracy=73.449997
********************************************************************************
Round 193
ROUND_ACCURACY method=FedPhoenixRG round=194 accuracy=71.089996
********************************************************************************
Round 194
ROUND_ACCURACY method=FedPhoenixRG round=195 accuracy=71.629997
********************************************************************************
Round 195
ROUND_ACCURACY method=FedPhoenixRG round=196 accuracy=76.540001
********************************************************************************
Round 196
ROUND_ACCURACY method=FedPhoenixRG round=197 accuracy=62.709999
********************************************************************************
Round 197
ROUND_ACCURACY method=FedPhoenixRG round=198 accuracy=69.940002
********************************************************************************
Round 198
ROUND_ACCURACY method=FedPhoenixRG round=199 accuracy=64.070000
********************************************************************************
Round 199
RG_SCORE round=200 layer=features.0 mean_q=0.122895 max_q=0.276849 fraction_q_positive=0.906250 sampling_entropy=4.030491 uniform_entropy=4.158883 entropy_gap=0.128392 max_probability_over_uniform=1.939539 min_probability_over_uniform=0.250000
RG_SCORE round=200 layer=features.3 mean_q=0.175425 max_q=0.220059 fraction_q_positive=1.000000 sampling_entropy=4.154810 uniform_entropy=4.158883 entropy_gap=0.004073 max_probability_over_uniform=1.190826 min_probability_over_uniform=0.783463
RG_SCORE round=200 layer=features.7 mean_q=0.181618 max_q=0.230379 fraction_q_positive=1.000000 sampling_entropy=4.849362 uniform_entropy=4.852030 entropy_gap=0.002669 max_probability_over_uniform=1.201360 min_probability_over_uniform=0.801000
RG_SCORE round=200 layer=features.10 mean_q=0.167806 max_q=0.197778 fraction_q_positive=1.000000 sampling_entropy=4.850489 uniform_entropy=4.852030 entropy_gap=0.001542 max_probability_over_uniform=1.133961 min_probability_over_uniform=0.876129
RG_SCORE round=200 layer=features.14 mean_q=0.180114 max_q=0.235815 fraction_q_positive=1.000000 sampling_entropy=5.542855 uniform_entropy=5.545177 entropy_gap=0.002322 max_probability_over_uniform=1.231940 min_probability_over_uniform=0.870873
RG_SCORE round=200 layer=features.17 mean_q=0.173279 max_q=0.217076 fraction_q_positive=1.000000 sampling_entropy=5.542865 uniform_entropy=5.545177 entropy_gap=0.002312 max_probability_over_uniform=1.189566 min_probability_over_uniform=0.814249
RG_SCORE round=200 layer=features.20 mean_q=0.174305 max_q=0.208221 fraction_q_positive=1.000000 sampling_entropy=5.543909 uniform_entropy=5.545177 entropy_gap=0.001269 max_probability_over_uniform=1.145931 min_probability_over_uniform=0.816997
RG_SCORE round=200 layer=features.24 mean_q=0.193426 max_q=0.241129 fraction_q_positive=1.000000 sampling_entropy=6.236123 uniform_entropy=6.238325 entropy_gap=0.002202 max_probability_over_uniform=1.184965 min_probability_over_uniform=0.762462
RG_SCORE round=200 layer=features.27 mean_q=0.183611 max_q=0.252260 fraction_q_positive=1.000000 sampling_entropy=6.235779 uniform_entropy=6.238325 entropy_gap=0.002545 max_probability_over_uniform=1.280413 min_probability_over_uniform=0.754984
RG_SCORE round=200 layer=features.30 mean_q=0.162450 max_q=0.207081 fraction_q_positive=1.000000 sampling_entropy=6.235134 uniform_entropy=6.238325 entropy_gap=0.003191 max_probability_over_uniform=1.206051 min_probability_over_uniform=0.733566
RG_SCORE round=200 layer=features.34 mean_q=0.293856 max_q=0.442231 fraction_q_positive=0.998047 sampling_entropy=6.223950 uniform_entropy=6.238325 entropy_gap=0.014375 max_probability_over_uniform=1.378693 min_probability_over_uniform=0.250000
RG_SCORE round=200 layer=features.37 mean_q=0.229740 max_q=0.435244 fraction_q_positive=0.992188 sampling_entropy=6.202125 uniform_entropy=6.238325 entropy_gap=0.036200 max_probability_over_uniform=1.670879 min_probability_over_uniform=0.250000
RG_SCORE round=200 layer=features.40 mean_q=0.112436 max_q=0.401710 fraction_q_positive=0.935547 sampling_entropy=6.102534 uniform_entropy=6.238325 entropy_gap=0.135791 max_probability_over_uniform=2.929585 min_probability_over_uniform=0.250000
ROUND_ACCURACY method=FedPhoenixRG round=200 accuracy=58.279999
********************************************************************************
Round 200
ROUND_ACCURACY method=FedPhoenixRG round=201 accuracy=70.290001
********************************************************************************
Round 201
ROUND_ACCURACY method=FedPhoenixRG round=202 accuracy=72.489998
********************************************************************************
Round 202
ROUND_ACCURACY method=FedPhoenixRG round=203 accuracy=62.500000
********************************************************************************
Round 203
ROUND_ACCURACY method=FedPhoenixRG round=204 accuracy=73.309998
********************************************************************************
Round 204
ROUND_ACCURACY method=FedPhoenixRG round=205 accuracy=71.529999
********************************************************************************
Round 205
ROUND_ACCURACY method=FedPhoenixRG round=206 accuracy=74.620003
********************************************************************************
Round 206
ROUND_ACCURACY method=FedPhoenixRG round=207 accuracy=75.279999
********************************************************************************
Round 207
ROUND_ACCURACY method=FedPhoenixRG round=208 accuracy=68.910004
********************************************************************************
Round 208
ROUND_ACCURACY method=FedPhoenixRG round=209 accuracy=69.129997
********************************************************************************
Round 209
ROUND_ACCURACY method=FedPhoenixRG round=210 accuracy=73.570000
********************************************************************************
Round 210
ROUND_ACCURACY method=FedPhoenixRG round=211 accuracy=63.400002
********************************************************************************
Round 211
ROUND_ACCURACY method=FedPhoenixRG round=212 accuracy=75.830002
********************************************************************************
Round 212
ROUND_ACCURACY method=FedPhoenixRG round=213 accuracy=73.519997
********************************************************************************
Round 213
ROUND_ACCURACY method=FedPhoenixRG round=214 accuracy=75.000000
********************************************************************************
Round 214
ROUND_ACCURACY method=FedPhoenixRG round=215 accuracy=75.669998
********************************************************************************
Round 215
ROUND_ACCURACY method=FedPhoenixRG round=216 accuracy=72.449997
********************************************************************************
Round 216
ROUND_ACCURACY method=FedPhoenixRG round=217 accuracy=60.790001
********************************************************************************
Round 217
ROUND_ACCURACY method=FedPhoenixRG round=218 accuracy=77.110001
********************************************************************************
Round 218
ROUND_ACCURACY method=FedPhoenixRG round=219 accuracy=72.300003
********************************************************************************
Round 219
RG_SCORE round=220 layer=features.0 mean_q=0.155978 max_q=0.391110 fraction_q_positive=0.875000 sampling_entropy=4.007254 uniform_entropy=4.158883 entropy_gap=0.151629 max_probability_over_uniform=2.130603 min_probability_over_uniform=0.250000
RG_SCORE round=220 layer=features.3 mean_q=0.162678 max_q=0.225174 fraction_q_positive=1.000000 sampling_entropy=4.148915 uniform_entropy=4.158883 entropy_gap=0.009968 max_probability_over_uniform=1.288126 min_probability_over_uniform=0.663665
RG_SCORE round=220 layer=features.7 mean_q=0.167571 max_q=0.241619 fraction_q_positive=1.000000 sampling_entropy=4.846509 uniform_entropy=4.852030 entropy_gap=0.005522 max_probability_over_uniform=1.331420 min_probability_over_uniform=0.727587
RG_SCORE round=220 layer=features.10 mean_q=0.155729 max_q=0.191147 fraction_q_positive=1.000000 sampling_entropy=4.849442 uniform_entropy=4.852030 entropy_gap=0.002588 max_probability_over_uniform=1.170578 min_probability_over_uniform=0.807191
RG_SCORE round=220 layer=features.14 mean_q=0.167312 max_q=0.227342 fraction_q_positive=1.000000 sampling_entropy=5.541676 uniform_entropy=5.545177 entropy_gap=0.003502 max_probability_over_uniform=1.269094 min_probability_over_uniform=0.806037
RG_SCORE round=220 layer=features.17 mean_q=0.158866 max_q=0.216605 fraction_q_positive=1.000000 sampling_entropy=5.542068 uniform_entropy=5.545177 entropy_gap=0.003110 max_probability_over_uniform=1.272586 min_probability_over_uniform=0.818031
RG_SCORE round=220 layer=features.20 mean_q=0.161945 max_q=0.191552 fraction_q_positive=1.000000 sampling_entropy=5.543137 uniform_entropy=5.545177 entropy_gap=0.002040 max_probability_over_uniform=1.137113 min_probability_over_uniform=0.791216
RG_SCORE round=220 layer=features.24 mean_q=0.181150 max_q=0.233238 fraction_q_positive=1.000000 sampling_entropy=6.235269 uniform_entropy=6.238325 entropy_gap=0.003056 max_probability_over_uniform=1.215654 min_probability_over_uniform=0.749125
RG_SCORE round=220 layer=features.27 mean_q=0.173636 max_q=0.234377 fraction_q_positive=1.000000 sampling_entropy=6.234858 uniform_entropy=6.238325 entropy_gap=0.003467 max_probability_over_uniform=1.262362 min_probability_over_uniform=0.612589
RG_SCORE round=220 layer=features.30 mean_q=0.155102 max_q=0.219481 fraction_q_positive=1.000000 sampling_entropy=6.233392 uniform_entropy=6.238325 entropy_gap=0.004933 max_probability_over_uniform=1.311303 min_probability_over_uniform=0.682497
RG_SCORE round=220 layer=features.34 mean_q=0.288552 max_q=0.474785 fraction_q_positive=0.998047 sampling_entropy=6.219684 uniform_entropy=6.238325 entropy_gap=0.018641 max_probability_over_uniform=1.484053 min_probability_over_uniform=0.250000
RG_SCORE round=220 layer=features.37 mean_q=0.257581 max_q=0.535199 fraction_q_positive=0.982422 sampling_entropy=6.197700 uniform_entropy=6.238325 entropy_gap=0.040624 max_probability_over_uniform=1.808342 min_probability_over_uniform=0.250000
RG_SCORE round=220 layer=features.40 mean_q=0.144608 max_q=0.409568 fraction_q_positive=0.917969 sampling_entropy=6.097740 uniform_entropy=6.238325 entropy_gap=0.140584 max_probability_over_uniform=2.374200 min_probability_over_uniform=0.250000
ROUND_ACCURACY method=FedPhoenixRG round=220 accuracy=71.209999
********************************************************************************
Round 220
ROUND_ACCURACY method=FedPhoenixRG round=221 accuracy=73.230003
********************************************************************************
Round 221
ROUND_ACCURACY method=FedPhoenixRG round=222 accuracy=69.470001
********************************************************************************
Round 222
ROUND_ACCURACY method=FedPhoenixRG round=223 accuracy=75.379997
********************************************************************************
Round 223
ROUND_ACCURACY method=FedPhoenixRG round=224 accuracy=76.260002
********************************************************************************
Round 224
ROUND_ACCURACY method=FedPhoenixRG round=225 accuracy=72.919998
********************************************************************************
Round 225
ROUND_ACCURACY method=FedPhoenixRG round=226 accuracy=67.730003
********************************************************************************
Round 226
ROUND_ACCURACY method=FedPhoenixRG round=227 accuracy=75.809998
********************************************************************************
Round 227
ROUND_ACCURACY method=FedPhoenixRG round=228 accuracy=69.300003
********************************************************************************
Round 228
ROUND_ACCURACY method=FedPhoenixRG round=229 accuracy=66.519997
********************************************************************************
Round 229
ROUND_ACCURACY method=FedPhoenixRG round=230 accuracy=77.010002
********************************************************************************
Round 230
ROUND_ACCURACY method=FedPhoenixRG round=231 accuracy=73.480003
********************************************************************************
Round 231
ROUND_ACCURACY method=FedPhoenixRG round=232 accuracy=77.750000
********************************************************************************
Round 232
ROUND_ACCURACY method=FedPhoenixRG round=233 accuracy=73.050003
********************************************************************************
Round 233
ROUND_ACCURACY method=FedPhoenixRG round=234 accuracy=70.860001
********************************************************************************
Round 234
ROUND_ACCURACY method=FedPhoenixRG round=235 accuracy=62.490002
********************************************************************************
Round 235
ROUND_ACCURACY method=FedPhoenixRG round=236 accuracy=76.769997
********************************************************************************
Round 236
ROUND_ACCURACY method=FedPhoenixRG round=237 accuracy=72.339996
********************************************************************************
Round 237
ROUND_ACCURACY method=FedPhoenixRG round=238 accuracy=70.220001
********************************************************************************
Round 238
ROUND_ACCURACY method=FedPhoenixRG round=239 accuracy=75.190002
********************************************************************************
Round 239
RG_SCORE round=240 layer=features.0 mean_q=0.169480 max_q=0.531786 fraction_q_positive=0.953125 sampling_entropy=4.050811 uniform_entropy=4.158883 entropy_gap=0.108072 max_probability_over_uniform=2.603318 min_probability_over_uniform=0.250000
RG_SCORE round=240 layer=features.3 mean_q=0.169677 max_q=0.264104 fraction_q_positive=1.000000 sampling_entropy=4.152407 uniform_entropy=4.158883 entropy_gap=0.006476 max_probability_over_uniform=1.417380 min_probability_over_uniform=0.604623
RG_SCORE round=240 layer=features.7 mean_q=0.174174 max_q=0.233878 fraction_q_positive=1.000000 sampling_entropy=4.848131 uniform_entropy=4.852030 entropy_gap=0.003899 max_probability_over_uniform=1.257089 min_probability_over_uniform=0.774780
RG_SCORE round=240 layer=features.10 mean_q=0.165900 max_q=0.197944 fraction_q_positive=1.000000 sampling_entropy=4.850170 uniform_entropy=4.852030 entropy_gap=0.001861 max_probability_over_uniform=1.144863 min_probability_over_uniform=0.880230
RG_SCORE round=240 layer=features.14 mean_q=0.172703 max_q=0.231369 fraction_q_positive=1.000000 sampling_entropy=5.542650 uniform_entropy=5.545177 entropy_gap=0.002527 max_probability_over_uniform=1.254774 min_probability_over_uniform=0.794165
RG_SCORE round=240 layer=features.17 mean_q=0.165957 max_q=0.213071 fraction_q_positive=1.000000 sampling_entropy=5.542164 uniform_entropy=5.545177 entropy_gap=0.003013 max_probability_over_uniform=1.212916 min_probability_over_uniform=0.793230
RG_SCORE round=240 layer=features.20 mean_q=0.166391 max_q=0.200089 fraction_q_positive=1.000000 sampling_entropy=5.543671 uniform_entropy=5.545177 entropy_gap=0.001506 max_probability_over_uniform=1.151895 min_probability_over_uniform=0.845226
RG_SCORE round=240 layer=features.24 mean_q=0.186766 max_q=0.240850 fraction_q_positive=1.000000 sampling_entropy=6.235949 uniform_entropy=6.238325 entropy_gap=0.002376 max_probability_over_uniform=1.217185 min_probability_over_uniform=0.737096
RG_SCORE round=240 layer=features.27 mean_q=0.178329 max_q=0.237094 fraction_q_positive=1.000000 sampling_entropy=6.235191 uniform_entropy=6.238325 entropy_gap=0.003134 max_probability_over_uniform=1.247150 min_probability_over_uniform=0.787423
RG_SCORE round=240 layer=features.30 mean_q=0.155852 max_q=0.199265 fraction_q_positive=1.000000 sampling_entropy=6.234282 uniform_entropy=6.238325 entropy_gap=0.004043 max_probability_over_uniform=1.208915 min_probability_over_uniform=0.676186
RG_SCORE round=240 layer=features.34 mean_q=0.281982 max_q=0.422387 fraction_q_positive=0.992188 sampling_entropy=6.217455 uniform_entropy=6.238325 entropy_gap=0.020870 max_probability_over_uniform=1.373440 min_probability_over_uniform=0.250000
RG_SCORE round=240 layer=features.37 mean_q=0.248581 max_q=0.471722 fraction_q_positive=0.980469 sampling_entropy=6.184466 uniform_entropy=6.238325 entropy_gap=0.053859 max_probability_over_uniform=1.673247 min_probability_over_uniform=0.250000
RG_SCORE round=240 layer=features.40 mean_q=0.128905 max_q=0.562140 fraction_q_positive=0.865234 sampling_entropy=6.062979 uniform_entropy=6.238325 entropy_gap=0.175345 max_probability_over_uniform=3.520657 min_probability_over_uniform=0.250000
ROUND_ACCURACY method=FedPhoenixRG round=240 accuracy=67.800003
********************************************************************************
Round 240
ROUND_ACCURACY method=FedPhoenixRG round=241 accuracy=74.559998
********************************************************************************
Round 241
ROUND_ACCURACY method=FedPhoenixRG round=242 accuracy=73.000000
********************************************************************************
Round 242
ROUND_ACCURACY method=FedPhoenixRG round=243 accuracy=74.370003
********************************************************************************
Round 243
ROUND_ACCURACY method=FedPhoenixRG round=244 accuracy=73.820000
********************************************************************************
Round 244
ROUND_ACCURACY method=FedPhoenixRG round=245 accuracy=75.570000
********************************************************************************
Round 245
ROUND_ACCURACY method=FedPhoenixRG round=246 accuracy=74.339996
********************************************************************************
Round 246
ROUND_ACCURACY method=FedPhoenixRG round=247 accuracy=54.450001
********************************************************************************
Round 247
ROUND_ACCURACY method=FedPhoenixRG round=248 accuracy=72.790001
********************************************************************************
Round 248
ROUND_ACCURACY method=FedPhoenixRG round=249 accuracy=71.300003
********************************************************************************
Round 249
ROUND_ACCURACY method=FedPhoenixRG round=250 accuracy=72.230003
********************************************************************************
Round 250
ROUND_ACCURACY method=FedPhoenixRG round=251 accuracy=76.680000
********************************************************************************
Round 251
ROUND_ACCURACY method=FedPhoenixRG round=252 accuracy=70.739998
********************************************************************************
Round 252
ROUND_ACCURACY method=FedPhoenixRG round=253 accuracy=68.760002
********************************************************************************
Round 253
ROUND_ACCURACY method=FedPhoenixRG round=254 accuracy=67.160004
********************************************************************************
Round 254
ROUND_ACCURACY method=FedPhoenixRG round=255 accuracy=78.099998
********************************************************************************
Round 255
ROUND_ACCURACY method=FedPhoenixRG round=256 accuracy=69.339996
********************************************************************************
Round 256
ROUND_ACCURACY method=FedPhoenixRG round=257 accuracy=75.760002
********************************************************************************
Round 257
ROUND_ACCURACY method=FedPhoenixRG round=258 accuracy=74.750000
********************************************************************************
Round 258
ROUND_ACCURACY method=FedPhoenixRG round=259 accuracy=74.160004
********************************************************************************
Round 259
RG_SCORE round=260 layer=features.0 mean_q=0.147957 max_q=0.309348 fraction_q_positive=0.906250 sampling_entropy=4.058626 uniform_entropy=4.158883 entropy_gap=0.100257 max_probability_over_uniform=1.818099 min_probability_over_uniform=0.250000
RG_SCORE round=260 layer=features.3 mean_q=0.183084 max_q=0.238050 fraction_q_positive=1.000000 sampling_entropy=4.155252 uniform_entropy=4.158883 entropy_gap=0.003631 max_probability_over_uniform=1.225168 min_probability_over_uniform=0.834906
RG_SCORE round=260 layer=features.7 mean_q=0.191652 max_q=0.257710 fraction_q_positive=1.000000 sampling_entropy=4.849541 uniform_entropy=4.852030 entropy_gap=0.002489 max_probability_over_uniform=1.258508 min_probability_over_uniform=0.823454
RG_SCORE round=260 layer=features.10 mean_q=0.183859 max_q=0.214523 fraction_q_positive=1.000000 sampling_entropy=4.850321 uniform_entropy=4.852030 entropy_gap=0.001709 max_probability_over_uniform=1.125081 min_probability_over_uniform=0.795646
RG_SCORE round=260 layer=features.14 mean_q=0.182714 max_q=0.227906 fraction_q_positive=1.000000 sampling_entropy=5.542914 uniform_entropy=5.545177 entropy_gap=0.002263 max_probability_over_uniform=1.185503 min_probability_over_uniform=0.769666
RG_SCORE round=260 layer=features.17 mean_q=0.174133 max_q=0.217254 fraction_q_positive=1.000000 sampling_entropy=5.542788 uniform_entropy=5.545177 entropy_gap=0.002389 max_probability_over_uniform=1.185724 min_probability_over_uniform=0.786483
RG_SCORE round=260 layer=features.20 mean_q=0.172554 max_q=0.204190 fraction_q_positive=1.000000 sampling_entropy=5.544024 uniform_entropy=5.545177 entropy_gap=0.001154 max_probability_over_uniform=1.137506 min_probability_over_uniform=0.862963
RG_SCORE round=260 layer=features.24 mean_q=0.193471 max_q=0.241595 fraction_q_positive=1.000000 sampling_entropy=6.236327 uniform_entropy=6.238325 entropy_gap=0.001997 max_probability_over_uniform=1.186558 min_probability_over_uniform=0.825045
RG_SCORE round=260 layer=features.27 mean_q=0.189589 max_q=0.255723 fraction_q_positive=1.000000 sampling_entropy=6.236121 uniform_entropy=6.238325 entropy_gap=0.002204 max_probability_over_uniform=1.261620 min_probability_over_uniform=0.803204
RG_SCORE round=260 layer=features.30 mean_q=0.170741 max_q=0.212646 fraction_q_positive=1.000000 sampling_entropy=6.236207 uniform_entropy=6.238325 entropy_gap=0.002118 max_probability_over_uniform=1.184072 min_probability_over_uniform=0.806873
RG_SCORE round=260 layer=features.34 mean_q=0.351463 max_q=0.454758 fraction_q_positive=1.000000 sampling_entropy=6.234871 uniform_entropy=6.238325 entropy_gap=0.003454 max_probability_over_uniform=1.220425 min_probability_over_uniform=0.746168
RG_SCORE round=260 layer=features.37 mean_q=0.403056 max_q=0.533666 fraction_q_positive=1.000000 sampling_entropy=6.234328 uniform_entropy=6.238325 entropy_gap=0.003997 max_probability_over_uniform=1.243037 min_probability_over_uniform=0.628968
RG_SCORE round=260 layer=features.40 mean_q=0.320457 max_q=0.579287 fraction_q_positive=0.996094 sampling_entropy=6.198125 uniform_entropy=6.238325 entropy_gap=0.040199 max_probability_over_uniform=1.605768 min_probability_over_uniform=0.250000
ROUND_ACCURACY method=FedPhoenixRG round=260 accuracy=75.160004
********************************************************************************
Round 260
ROUND_ACCURACY method=FedPhoenixRG round=261 accuracy=76.820000
********************************************************************************
Round 261
ROUND_ACCURACY method=FedPhoenixRG round=262 accuracy=71.500000
********************************************************************************
Round 262
ROUND_ACCURACY method=FedPhoenixRG round=263 accuracy=69.000000
********************************************************************************
Round 263
ROUND_ACCURACY method=FedPhoenixRG round=264 accuracy=71.529999
********************************************************************************
Round 264
ROUND_ACCURACY method=FedPhoenixRG round=265 accuracy=75.300003
********************************************************************************
Round 265
ROUND_ACCURACY method=FedPhoenixRG round=266 accuracy=75.160004
********************************************************************************
Round 266
ROUND_ACCURACY method=FedPhoenixRG round=267 accuracy=74.519997
********************************************************************************
Round 267
ROUND_ACCURACY method=FedPhoenixRG round=268 accuracy=44.369999
********************************************************************************
Round 268
ROUND_ACCURACY method=FedPhoenixRG round=269 accuracy=72.349998
********************************************************************************
Round 269
ROUND_ACCURACY method=FedPhoenixRG round=270 accuracy=66.970001
********************************************************************************
Round 270
ROUND_ACCURACY method=FedPhoenixRG round=271 accuracy=70.230003
********************************************************************************
Round 271
ROUND_ACCURACY method=FedPhoenixRG round=272 accuracy=64.559998
********************************************************************************
Round 272
ROUND_ACCURACY method=FedPhoenixRG round=273 accuracy=65.690002
********************************************************************************
Round 273
ROUND_ACCURACY method=FedPhoenixRG round=274 accuracy=50.740002
********************************************************************************
Round 274
ROUND_ACCURACY method=FedPhoenixRG round=275 accuracy=76.300003
********************************************************************************
Round 275
ROUND_ACCURACY method=FedPhoenixRG round=276 accuracy=67.010002
********************************************************************************
Round 276
ROUND_ACCURACY method=FedPhoenixRG round=277 accuracy=77.339996
********************************************************************************
Round 277
ROUND_ACCURACY method=FedPhoenixRG round=278 accuracy=71.349998
********************************************************************************
Round 278
ROUND_ACCURACY method=FedPhoenixRG round=279 accuracy=77.389999
********************************************************************************
Round 279
RG_SCORE round=280 layer=features.0 mean_q=0.141630 max_q=0.265242 fraction_q_positive=0.968750 sampling_entropy=4.081543 uniform_entropy=4.158883 entropy_gap=0.077340 max_probability_over_uniform=1.654587 min_probability_over_uniform=0.250000
RG_SCORE round=280 layer=features.3 mean_q=0.160503 max_q=0.193599 fraction_q_positive=1.000000 sampling_entropy=4.154887 uniform_entropy=4.158883 entropy_gap=0.003996 max_probability_over_uniform=1.154651 min_probability_over_uniform=0.767310
RG_SCORE round=280 layer=features.7 mean_q=0.172896 max_q=0.217581 fraction_q_positive=1.000000 sampling_entropy=4.849026 uniform_entropy=4.852030 entropy_gap=0.003004 max_probability_over_uniform=1.193834 min_probability_over_uniform=0.844562
RG_SCORE round=280 layer=features.10 mean_q=0.162978 max_q=0.193921 fraction_q_positive=1.000000 sampling_entropy=4.850405 uniform_entropy=4.852030 entropy_gap=0.001626 max_probability_over_uniform=1.142393 min_probability_over_uniform=0.831230
RG_SCORE round=280 layer=features.14 mean_q=0.162224 max_q=0.214622 fraction_q_positive=1.000000 sampling_entropy=5.542728 uniform_entropy=5.545177 entropy_gap=0.002450 max_probability_over_uniform=1.242248 min_probability_over_uniform=0.855971
RG_SCORE round=280 layer=features.17 mean_q=0.153676 max_q=0.203472 fraction_q_positive=1.000000 sampling_entropy=5.542213 uniform_entropy=5.545177 entropy_gap=0.002964 max_probability_over_uniform=1.243027 min_probability_over_uniform=0.812362
RG_SCORE round=280 layer=features.20 mean_q=0.152403 max_q=0.184102 fraction_q_positive=1.000000 sampling_entropy=5.543394 uniform_entropy=5.545177 entropy_gap=0.001783 max_probability_over_uniform=1.155996 min_probability_over_uniform=0.782137
RG_SCORE round=280 layer=features.24 mean_q=0.166326 max_q=0.226510 fraction_q_positive=1.000000 sampling_entropy=6.234677 uniform_entropy=6.238325 entropy_gap=0.003648 max_probability_over_uniform=1.271386 min_probability_over_uniform=0.702803
RG_SCORE round=280 layer=features.27 mean_q=0.158618 max_q=0.217019 fraction_q_positive=1.000000 sampling_entropy=6.233728 uniform_entropy=6.238325 entropy_gap=0.004596 max_probability_over_uniform=1.276141 min_probability_over_uniform=0.694374
RG_SCORE round=280 layer=features.30 mean_q=0.136989 max_q=0.187021 fraction_q_positive=1.000000 sampling_entropy=6.232935 uniform_entropy=6.238325 entropy_gap=0.005389 max_probability_over_uniform=1.273923 min_probability_over_uniform=0.635131
RG_SCORE round=280 layer=features.34 mean_q=0.244471 max_q=0.389091 fraction_q_positive=1.000000 sampling_entropy=6.218525 uniform_entropy=6.238325 entropy_gap=0.019799 max_probability_over_uniform=1.443673 min_probability_over_uniform=0.257590
RG_SCORE round=280 layer=features.37 mean_q=0.218780 max_q=0.398442 fraction_q_positive=1.000000 sampling_entropy=6.211874 uniform_entropy=6.238325 entropy_gap=0.026451 max_probability_over_uniform=1.615899 min_probability_over_uniform=0.253986
RG_SCORE round=280 layer=features.40 mean_q=0.111858 max_q=0.321014 fraction_q_positive=0.982422 sampling_entropy=6.147419 uniform_entropy=6.238325 entropy_gap=0.090905 max_probability_over_uniform=2.402369 min_probability_over_uniform=0.250000
ROUND_ACCURACY method=FedPhoenixRG round=280 accuracy=75.660004
********************************************************************************
Round 280
ROUND_ACCURACY method=FedPhoenixRG round=281 accuracy=58.070000
********************************************************************************
Round 281
ROUND_ACCURACY method=FedPhoenixRG round=282 accuracy=64.419998
********************************************************************************
Round 282
ROUND_ACCURACY method=FedPhoenixRG round=283 accuracy=74.059998
********************************************************************************
Round 283
ROUND_ACCURACY method=FedPhoenixRG round=284 accuracy=75.790001
********************************************************************************
Round 284
ROUND_ACCURACY method=FedPhoenixRG round=285 accuracy=71.120003
********************************************************************************
Round 285
ROUND_ACCURACY method=FedPhoenixRG round=286 accuracy=71.169998
********************************************************************************
Round 286
ROUND_ACCURACY method=FedPhoenixRG round=287 accuracy=74.790001
********************************************************************************
Round 287
ROUND_ACCURACY method=FedPhoenixRG round=288 accuracy=72.040001
********************************************************************************
Round 288
ROUND_ACCURACY method=FedPhoenixRG round=289 accuracy=75.279999
********************************************************************************
Round 289
ROUND_ACCURACY method=FedPhoenixRG round=290 accuracy=78.680000
********************************************************************************
Round 290
ROUND_ACCURACY method=FedPhoenixRG round=291 accuracy=74.599998
********************************************************************************
Round 291
ROUND_ACCURACY method=FedPhoenixRG round=292 accuracy=69.180000
********************************************************************************
Round 292
ROUND_ACCURACY method=FedPhoenixRG round=293 accuracy=74.160004
********************************************************************************
Round 293
ROUND_ACCURACY method=FedPhoenixRG round=294 accuracy=72.169998
********************************************************************************
Round 294
ROUND_ACCURACY method=FedPhoenixRG round=295 accuracy=69.910004
********************************************************************************
Round 295
ROUND_ACCURACY method=FedPhoenixRG round=296 accuracy=74.099998
********************************************************************************
Round 296
ROUND_ACCURACY method=FedPhoenixRG round=297 accuracy=76.040001
********************************************************************************
Round 297
ROUND_ACCURACY method=FedPhoenixRG round=298 accuracy=68.709999
********************************************************************************
Round 298
ROUND_ACCURACY method=FedPhoenixRG round=299 accuracy=72.029999
********************************************************************************
Round 299
RG_SCORE round=300 layer=features.0 mean_q=0.133671 max_q=0.324348 fraction_q_positive=0.937500 sampling_entropy=4.078341 uniform_entropy=4.158883 entropy_gap=0.080542 max_probability_over_uniform=2.069848 min_probability_over_uniform=0.250000
RG_SCORE round=300 layer=features.3 mean_q=0.149333 max_q=0.194098 fraction_q_positive=1.000000 sampling_entropy=4.154829 uniform_entropy=4.158883 entropy_gap=0.004054 max_probability_over_uniform=1.224823 min_probability_over_uniform=0.762240
RG_SCORE round=300 layer=features.7 mean_q=0.146363 max_q=0.200273 fraction_q_positive=1.000000 sampling_entropy=4.847348 uniform_entropy=4.852030 entropy_gap=0.004682 max_probability_over_uniform=1.276249 min_probability_over_uniform=0.756462
RG_SCORE round=300 layer=features.10 mean_q=0.149642 max_q=0.190059 fraction_q_positive=1.000000 sampling_entropy=4.849567 uniform_entropy=4.852030 entropy_gap=0.002463 max_probability_over_uniform=1.202570 min_probability_over_uniform=0.809152
RG_SCORE round=300 layer=features.14 mean_q=0.148315 max_q=0.217733 fraction_q_positive=1.000000 sampling_entropy=5.541765 uniform_entropy=5.545177 entropy_gap=0.003412 max_probability_over_uniform=1.351031 min_probability_over_uniform=0.783965
RG_SCORE round=300 layer=features.17 mean_q=0.143581 max_q=0.190840 fraction_q_positive=1.000000 sampling_entropy=5.541706 uniform_entropy=5.545177 entropy_gap=0.003472 max_probability_over_uniform=1.246858 min_probability_over_uniform=0.809635
RG_SCORE round=300 layer=features.20 mean_q=0.142631 max_q=0.177783 fraction_q_positive=1.000000 sampling_entropy=5.542828 uniform_entropy=5.545177 entropy_gap=0.002349 max_probability_over_uniform=1.184840 min_probability_over_uniform=0.828680
RG_SCORE round=300 layer=features.24 mean_q=0.162483 max_q=0.213212 fraction_q_positive=1.000000 sampling_entropy=6.235076 uniform_entropy=6.238325 entropy_gap=0.003249 max_probability_over_uniform=1.234162 min_probability_over_uniform=0.800131
RG_SCORE round=300 layer=features.27 mean_q=0.159223 max_q=0.230111 fraction_q_positive=1.000000 sampling_entropy=6.233879 uniform_entropy=6.238325 entropy_gap=0.004446 max_probability_over_uniform=1.333907 min_probability_over_uniform=0.642765
RG_SCORE round=300 layer=features.30 mean_q=0.137860 max_q=0.189313 fraction_q_positive=1.000000 sampling_entropy=6.232985 uniform_entropy=6.238325 entropy_gap=0.005340 max_probability_over_uniform=1.279921 min_probability_over_uniform=0.617767
RG_SCORE round=300 layer=features.34 mean_q=0.240724 max_q=0.414095 fraction_q_positive=0.996094 sampling_entropy=6.210879 uniform_entropy=6.238325 entropy_gap=0.027445 max_probability_over_uniform=1.540155 min_probability_over_uniform=0.250000
RG_SCORE round=300 layer=features.37 mean_q=0.206375 max_q=0.413394 fraction_q_positive=1.000000 sampling_entropy=6.196344 uniform_entropy=6.238325 entropy_gap=0.041980 max_probability_over_uniform=1.752337 min_probability_over_uniform=0.284421
RG_SCORE round=300 layer=features.40 mean_q=0.126989 max_q=0.357845 fraction_q_positive=0.966797 sampling_entropy=6.133416 uniform_entropy=6.238325 entropy_gap=0.104908 max_probability_over_uniform=2.363444 min_probability_over_uniform=0.250000
ROUND_ACCURACY method=FedPhoenixRG round=300 accuracy=74.410004
********************************************************************************
Round 300
ROUND_ACCURACY method=FedPhoenixRG round=301 accuracy=78.290001
********************************************************************************
Round 301
ROUND_ACCURACY method=FedPhoenixRG round=302 accuracy=67.019997
********************************************************************************
Round 302
ROUND_ACCURACY method=FedPhoenixRG round=303 accuracy=77.190002
********************************************************************************
Round 303
ROUND_ACCURACY method=FedPhoenixRG round=304 accuracy=72.339996
********************************************************************************
Round 304
ROUND_ACCURACY method=FedPhoenixRG round=305 accuracy=77.239998
********************************************************************************
Round 305
ROUND_ACCURACY method=FedPhoenixRG round=306 accuracy=73.290001
********************************************************************************
Round 306
ROUND_ACCURACY method=FedPhoenixRG round=307 accuracy=74.419998
********************************************************************************
Round 307
ROUND_ACCURACY method=FedPhoenixRG round=308 accuracy=75.089996
********************************************************************************
Round 308
ROUND_ACCURACY method=FedPhoenixRG round=309 accuracy=75.959999
********************************************************************************
Round 309
ROUND_ACCURACY method=FedPhoenixRG round=310 accuracy=78.260002
********************************************************************************
Round 310
ROUND_ACCURACY method=FedPhoenixRG round=311 accuracy=74.070000
********************************************************************************
Round 311
ROUND_ACCURACY method=FedPhoenixRG round=312 accuracy=76.250000
********************************************************************************
Round 312
ROUND_ACCURACY method=FedPhoenixRG round=313 accuracy=73.379997
********************************************************************************
Round 313
ROUND_ACCURACY method=FedPhoenixRG round=314 accuracy=77.320000
********************************************************************************
Round 314
ROUND_ACCURACY method=FedPhoenixRG round=315 accuracy=72.540001
********************************************************************************
Round 315
ROUND_ACCURACY method=FedPhoenixRG round=316 accuracy=70.919998
********************************************************************************
Round 316
ROUND_ACCURACY method=FedPhoenixRG round=317 accuracy=72.680000
********************************************************************************
Round 317
ROUND_ACCURACY method=FedPhoenixRG round=318 accuracy=66.010002
********************************************************************************
Round 318
ROUND_ACCURACY method=FedPhoenixRG round=319 accuracy=69.910004
********************************************************************************
Round 319
RG_SCORE round=320 layer=features.0 mean_q=0.122492 max_q=0.332947 fraction_q_positive=0.968750 sampling_entropy=4.053985 uniform_entropy=4.158883 entropy_gap=0.104898 max_probability_over_uniform=2.288579 min_probability_over_uniform=0.250000
RG_SCORE round=320 layer=features.3 mean_q=0.144218 max_q=0.205323 fraction_q_positive=1.000000 sampling_entropy=4.145142 uniform_entropy=4.158883 entropy_gap=0.013741 max_probability_over_uniform=1.317778 min_probability_over_uniform=0.552464
RG_SCORE round=320 layer=features.7 mean_q=0.159660 max_q=0.199598 fraction_q_positive=1.000000 sampling_entropy=4.848337 uniform_entropy=4.852030 entropy_gap=0.003693 max_probability_over_uniform=1.187609 min_probability_over_uniform=0.735062
RG_SCORE round=320 layer=features.10 mean_q=0.154757 max_q=0.185515 fraction_q_positive=1.000000 sampling_entropy=4.849765 uniform_entropy=4.852030 entropy_gap=0.002265 max_probability_over_uniform=1.149061 min_probability_over_uniform=0.853237
RG_SCORE round=320 layer=features.14 mean_q=0.153229 max_q=0.219049 fraction_q_positive=1.000000 sampling_entropy=5.541773 uniform_entropy=5.545177 entropy_gap=0.003404 max_probability_over_uniform=1.322167 min_probability_over_uniform=0.816401
RG_SCORE round=320 layer=features.17 mean_q=0.146325 max_q=0.202606 fraction_q_positive=1.000000 sampling_entropy=5.541213 uniform_entropy=5.545177 entropy_gap=0.003965 max_probability_over_uniform=1.288473 min_probability_over_uniform=0.788293
RG_SCORE round=320 layer=features.20 mean_q=0.145213 max_q=0.177507 fraction_q_positive=1.000000 sampling_entropy=5.542629 uniform_entropy=5.545177 entropy_gap=0.002549 max_probability_over_uniform=1.166796 min_probability_over_uniform=0.793056
RG_SCORE round=320 layer=features.24 mean_q=0.162115 max_q=0.228025 fraction_q_positive=1.000000 sampling_entropy=6.232620 uniform_entropy=6.238325 entropy_gap=0.005705 max_probability_over_uniform=1.304920 min_probability_over_uniform=0.600149
RG_SCORE round=320 layer=features.27 mean_q=0.158878 max_q=0.228599 fraction_q_positive=1.000000 sampling_entropy=6.232624 uniform_entropy=6.238325 entropy_gap=0.005700 max_probability_over_uniform=1.329125 min_probability_over_uniform=0.583737
RG_SCORE round=320 layer=features.30 mean_q=0.138930 max_q=0.188153 fraction_q_positive=1.000000 sampling_entropy=6.233111 uniform_entropy=6.238325 entropy_gap=0.005213 max_probability_over_uniform=1.265722 min_probability_over_uniform=0.687593
RG_SCORE round=320 layer=features.34 mean_q=0.273604 max_q=0.435553 fraction_q_positive=0.998047 sampling_entropy=6.213981 uniform_entropy=6.238325 entropy_gap=0.024344 max_probability_over_uniform=1.443932 min_probability_over_uniform=0.250000
RG_SCORE round=320 layer=features.37 mean_q=0.247564 max_q=0.461860 fraction_q_positive=0.976562 sampling_entropy=6.192313 uniform_entropy=6.238325 entropy_gap=0.046012 max_probability_over_uniform=1.649214 min_probability_over_uniform=0.250000
RG_SCORE round=320 layer=features.40 mean_q=0.135529 max_q=0.490250 fraction_q_positive=0.849609 sampling_entropy=6.046254 uniform_entropy=6.238325 entropy_gap=0.192070 max_probability_over_uniform=2.962984 min_probability_over_uniform=0.250000
ROUND_ACCURACY method=FedPhoenixRG round=320 accuracy=70.639999
********************************************************************************
Round 320
ROUND_ACCURACY method=FedPhoenixRG round=321 accuracy=68.610001
********************************************************************************
Round 321
ROUND_ACCURACY method=FedPhoenixRG round=322 accuracy=75.699997
********************************************************************************
Round 322
ROUND_ACCURACY method=FedPhoenixRG round=323 accuracy=72.879997
********************************************************************************
Round 323
ROUND_ACCURACY method=FedPhoenixRG round=324 accuracy=72.000000
********************************************************************************
Round 324
ROUND_ACCURACY method=FedPhoenixRG round=325 accuracy=76.690002
********************************************************************************
Round 325
ROUND_ACCURACY method=FedPhoenixRG round=326 accuracy=75.739998
********************************************************************************
Round 326
ROUND_ACCURACY method=FedPhoenixRG round=327 accuracy=75.349998
********************************************************************************
Round 327
ROUND_ACCURACY method=FedPhoenixRG round=328 accuracy=68.180000
********************************************************************************
Round 328
ROUND_ACCURACY method=FedPhoenixRG round=329 accuracy=77.309998
********************************************************************************
Round 329
ROUND_ACCURACY method=FedPhoenixRG round=330 accuracy=74.860001
********************************************************************************
Round 330
ROUND_ACCURACY method=FedPhoenixRG round=331 accuracy=63.860001
********************************************************************************
Round 331
ROUND_ACCURACY method=FedPhoenixRG round=332 accuracy=72.940002
********************************************************************************
Round 332
ROUND_ACCURACY method=FedPhoenixRG round=333 accuracy=77.440002
********************************************************************************
Round 333
ROUND_ACCURACY method=FedPhoenixRG round=334 accuracy=76.500000
********************************************************************************
Round 334
ROUND_ACCURACY method=FedPhoenixRG round=335 accuracy=77.250000
********************************************************************************
Round 335
ROUND_ACCURACY method=FedPhoenixRG round=336 accuracy=77.349998
********************************************************************************
Round 336
ROUND_ACCURACY method=FedPhoenixRG round=337 accuracy=75.470001
********************************************************************************
Round 337
ROUND_ACCURACY method=FedPhoenixRG round=338 accuracy=79.879997
********************************************************************************
Round 338
ROUND_ACCURACY method=FedPhoenixRG round=339 accuracy=72.709999
********************************************************************************
Round 339
RG_SCORE round=340 layer=features.0 mean_q=0.156304 max_q=0.294694 fraction_q_positive=0.984375 sampling_entropy=4.102406 uniform_entropy=4.158883 entropy_gap=0.056478 max_probability_over_uniform=1.664047 min_probability_over_uniform=0.250000
RG_SCORE round=340 layer=features.3 mean_q=0.182166 max_q=0.234816 fraction_q_positive=1.000000 sampling_entropy=4.154638 uniform_entropy=4.158883 entropy_gap=0.004245 max_probability_over_uniform=1.216767 min_probability_over_uniform=0.809328
RG_SCORE round=340 layer=features.7 mean_q=0.179904 max_q=0.229088 fraction_q_positive=1.000000 sampling_entropy=4.849046 uniform_entropy=4.852030 entropy_gap=0.002984 max_probability_over_uniform=1.205043 min_probability_over_uniform=0.822942
RG_SCORE round=340 layer=features.10 mean_q=0.170034 max_q=0.199833 fraction_q_positive=1.000000 sampling_entropy=4.850419 uniform_entropy=4.852030 entropy_gap=0.001612 max_probability_over_uniform=1.131438 min_probability_over_uniform=0.856090
RG_SCORE round=340 layer=features.14 mean_q=0.175974 max_q=0.223898 fraction_q_positive=1.000000 sampling_entropy=5.543124 uniform_entropy=5.545177 entropy_gap=0.002054 max_probability_over_uniform=1.204251 min_probability_over_uniform=0.807936
RG_SCORE round=340 layer=features.17 mean_q=0.163296 max_q=0.208929 fraction_q_positive=1.000000 sampling_entropy=5.542515 uniform_entropy=5.545177 entropy_gap=0.002663 max_probability_over_uniform=1.209586 min_probability_over_uniform=0.814914
RG_SCORE round=340 layer=features.20 mean_q=0.158837 max_q=0.189412 fraction_q_positive=1.000000 sampling_entropy=5.543402 uniform_entropy=5.545177 entropy_gap=0.001776 max_probability_over_uniform=1.144373 min_probability_over_uniform=0.799172
RG_SCORE round=340 layer=features.24 mean_q=0.177838 max_q=0.236961 fraction_q_positive=1.000000 sampling_entropy=6.235544 uniform_entropy=6.238325 entropy_gap=0.002781 max_probability_over_uniform=1.249340 min_probability_over_uniform=0.743566
RG_SCORE round=340 layer=features.27 mean_q=0.177787 max_q=0.238133 fraction_q_positive=1.000000 sampling_entropy=6.234877 uniform_entropy=6.238325 entropy_gap=0.003448 max_probability_over_uniform=1.254568 min_probability_over_uniform=0.660724
RG_SCORE round=340 layer=features.30 mean_q=0.155273 max_q=0.201639 fraction_q_positive=1.000000 sampling_entropy=6.234483 uniform_entropy=6.238325 entropy_gap=0.003841 max_probability_over_uniform=1.223953 min_probability_over_uniform=0.713720
RG_SCORE round=340 layer=features.34 mean_q=0.278639 max_q=0.406581 fraction_q_positive=1.000000 sampling_entropy=6.224034 uniform_entropy=6.238325 entropy_gap=0.014291 max_probability_over_uniform=1.344374 min_probability_over_uniform=0.273820
RG_SCORE round=340 layer=features.37 mean_q=0.236329 max_q=0.393249 fraction_q_positive=0.996094 sampling_entropy=6.210415 uniform_entropy=6.238325 entropy_gap=0.027910 max_probability_over_uniform=1.497989 min_probability_over_uniform=0.250000
RG_SCORE round=340 layer=features.40 mean_q=0.123712 max_q=0.349897 fraction_q_positive=0.958984 sampling_entropy=6.131123 uniform_entropy=6.238325 entropy_gap=0.107202 max_probability_over_uniform=2.371233 min_probability_over_uniform=0.250000
ROUND_ACCURACY method=FedPhoenixRG round=340 accuracy=75.930000
********************************************************************************
Round 340
ROUND_ACCURACY method=FedPhoenixRG round=341 accuracy=66.489998
********************************************************************************
Round 341
ROUND_ACCURACY method=FedPhoenixRG round=342 accuracy=75.919998
********************************************************************************
Round 342
ROUND_ACCURACY method=FedPhoenixRG round=343 accuracy=65.430000
********************************************************************************
Round 343
ROUND_ACCURACY method=FedPhoenixRG round=344 accuracy=72.089996
********************************************************************************
Round 344
ROUND_ACCURACY method=FedPhoenixRG round=345 accuracy=74.800003
********************************************************************************
Round 345
ROUND_ACCURACY method=FedPhoenixRG round=346 accuracy=78.339996
********************************************************************************
Round 346
ROUND_ACCURACY method=FedPhoenixRG round=347 accuracy=70.629997
********************************************************************************
Round 347
ROUND_ACCURACY method=FedPhoenixRG round=348 accuracy=72.970001
********************************************************************************
Round 348
ROUND_ACCURACY method=FedPhoenixRG round=349 accuracy=78.610001
********************************************************************************
Round 349
ROUND_ACCURACY method=FedPhoenixRG round=350 accuracy=77.379997
********************************************************************************
Round 350
ROUND_ACCURACY method=FedPhoenixRG round=351 accuracy=72.379997
********************************************************************************
Round 351
ROUND_ACCURACY method=FedPhoenixRG round=352 accuracy=77.949997
********************************************************************************
Round 352
ROUND_ACCURACY method=FedPhoenixRG round=353 accuracy=70.629997
********************************************************************************
Round 353
ROUND_ACCURACY method=FedPhoenixRG round=354 accuracy=73.290001
********************************************************************************
Round 354
ROUND_ACCURACY method=FedPhoenixRG round=355 accuracy=68.129997
********************************************************************************
Round 355
ROUND_ACCURACY method=FedPhoenixRG round=356 accuracy=74.919998
********************************************************************************
Round 356
ROUND_ACCURACY method=FedPhoenixRG round=357 accuracy=78.849998
********************************************************************************
Round 357
ROUND_ACCURACY method=FedPhoenixRG round=358 accuracy=79.150002
********************************************************************************
Round 358
ROUND_ACCURACY method=FedPhoenixRG round=359 accuracy=71.800003
********************************************************************************
Round 359
RG_SCORE round=360 layer=features.0 mean_q=0.114165 max_q=0.321230 fraction_q_positive=0.750000 sampling_entropy=3.955855 uniform_entropy=4.158883 entropy_gap=0.203028 max_probability_over_uniform=2.360304 min_probability_over_uniform=0.250000
RG_SCORE round=360 layer=features.3 mean_q=0.135307 max_q=0.200170 fraction_q_positive=1.000000 sampling_entropy=4.145598 uniform_entropy=4.158883 entropy_gap=0.013285 max_probability_over_uniform=1.359533 min_probability_over_uniform=0.637165
RG_SCORE round=360 layer=features.7 mean_q=0.157169 max_q=0.229995 fraction_q_positive=1.000000 sampling_entropy=4.844083 uniform_entropy=4.852030 entropy_gap=0.007947 max_probability_over_uniform=1.347517 min_probability_over_uniform=0.590257
RG_SCORE round=360 layer=features.10 mean_q=0.153100 max_q=0.181894 fraction_q_positive=1.000000 sampling_entropy=4.849946 uniform_entropy=4.852030 entropy_gap=0.002084 max_probability_over_uniform=1.141056 min_probability_over_uniform=0.784698
RG_SCORE round=360 layer=features.14 mean_q=0.152772 max_q=0.215324 fraction_q_positive=1.000000 sampling_entropy=5.541016 uniform_entropy=5.545177 entropy_gap=0.004162 max_probability_over_uniform=1.307080 min_probability_over_uniform=0.750056
RG_SCORE round=360 layer=features.17 mean_q=0.138220 max_q=0.179988 fraction_q_positive=1.000000 sampling_entropy=5.541318 uniform_entropy=5.545177 entropy_gap=0.003860 max_probability_over_uniform=1.226638 min_probability_over_uniform=0.779529
RG_SCORE round=360 layer=features.20 mean_q=0.137443 max_q=0.169956 fraction_q_positive=1.000000 sampling_entropy=5.542782 uniform_entropy=5.545177 entropy_gap=0.002395 max_probability_over_uniform=1.177419 min_probability_over_uniform=0.799967
RG_SCORE round=360 layer=features.24 mean_q=0.158614 max_q=0.209943 fraction_q_positive=1.000000 sampling_entropy=6.235119 uniform_entropy=6.238325 entropy_gap=0.003206 max_probability_over_uniform=1.242702 min_probability_over_uniform=0.749303
RG_SCORE round=360 layer=features.27 mean_q=0.163412 max_q=0.220901 fraction_q_positive=1.000000 sampling_entropy=6.234907 uniform_entropy=6.238325 entropy_gap=0.003418 max_probability_over_uniform=1.263854 min_probability_over_uniform=0.753810
RG_SCORE round=360 layer=features.30 mean_q=0.148256 max_q=0.196831 fraction_q_positive=1.000000 sampling_entropy=6.234989 uniform_entropy=6.238325 entropy_gap=0.003336 max_probability_over_uniform=1.245729 min_probability_over_uniform=0.746822
RG_SCORE round=360 layer=features.34 mean_q=0.319478 max_q=0.491721 fraction_q_positive=1.000000 sampling_entropy=6.232507 uniform_entropy=6.238325 entropy_gap=0.005817 max_probability_over_uniform=1.404353 min_probability_over_uniform=0.682093
RG_SCORE round=360 layer=features.37 mean_q=0.356137 max_q=0.495357 fraction_q_positive=1.000000 sampling_entropy=6.231779 uniform_entropy=6.238325 entropy_gap=0.006546 max_probability_over_uniform=1.293187 min_probability_over_uniform=0.453252
RG_SCORE round=360 layer=features.40 mean_q=0.260752 max_q=0.504629 fraction_q_positive=0.998047 sampling_entropy=6.196407 uniform_entropy=6.238325 entropy_gap=0.041918 max_probability_over_uniform=1.701464 min_probability_over_uniform=0.250000
ROUND_ACCURACY method=FedPhoenixRG round=360 accuracy=75.129997
********************************************************************************
Round 360
ROUND_ACCURACY method=FedPhoenixRG round=361 accuracy=71.690002
********************************************************************************
Round 361
ROUND_ACCURACY method=FedPhoenixRG round=362 accuracy=66.510002
********************************************************************************
Round 362
ROUND_ACCURACY method=FedPhoenixRG round=363 accuracy=64.180000
********************************************************************************
Round 363
ROUND_ACCURACY method=FedPhoenixRG round=364 accuracy=66.139999
********************************************************************************
Round 364
ROUND_ACCURACY method=FedPhoenixRG round=365 accuracy=67.379997
********************************************************************************
Round 365
ROUND_ACCURACY method=FedPhoenixRG round=366 accuracy=75.180000
********************************************************************************
Round 366
ROUND_ACCURACY method=FedPhoenixRG round=367 accuracy=71.910004
********************************************************************************
Round 367
ROUND_ACCURACY method=FedPhoenixRG round=368 accuracy=73.730003
********************************************************************************
Round 368
ROUND_ACCURACY method=FedPhoenixRG round=369 accuracy=69.459999
********************************************************************************
Round 369
ROUND_ACCURACY method=FedPhoenixRG round=370 accuracy=69.419998
********************************************************************************
Round 370
ROUND_ACCURACY method=FedPhoenixRG round=371 accuracy=76.650002
********************************************************************************
Round 371
ROUND_ACCURACY method=FedPhoenixRG round=372 accuracy=70.040001
********************************************************************************
Round 372
ROUND_ACCURACY method=FedPhoenixRG round=373 accuracy=67.879997
********************************************************************************
Round 373
ROUND_ACCURACY method=FedPhoenixRG round=374 accuracy=76.129997
********************************************************************************
Round 374
ROUND_ACCURACY method=FedPhoenixRG round=375 accuracy=74.040001
********************************************************************************
Round 375
ROUND_ACCURACY method=FedPhoenixRG round=376 accuracy=76.180000
********************************************************************************
Round 376
ROUND_ACCURACY method=FedPhoenixRG round=377 accuracy=58.509998
********************************************************************************
Round 377
ROUND_ACCURACY method=FedPhoenixRG round=378 accuracy=75.080002
********************************************************************************
Round 378
ROUND_ACCURACY method=FedPhoenixRG round=379 accuracy=77.599998
********************************************************************************
Round 379
RG_SCORE round=380 layer=features.0 mean_q=0.123114 max_q=0.359950 fraction_q_positive=0.906250 sampling_entropy=4.031441 uniform_entropy=4.158883 entropy_gap=0.127442 max_probability_over_uniform=2.442788 min_probability_over_uniform=0.250000
RG_SCORE round=380 layer=features.3 mean_q=0.136885 max_q=0.182577 fraction_q_positive=1.000000 sampling_entropy=4.148412 uniform_entropy=4.158883 entropy_gap=0.010471 max_probability_over_uniform=1.250354 min_probability_over_uniform=0.648394
RG_SCORE round=380 layer=features.7 mean_q=0.146888 max_q=0.212369 fraction_q_positive=1.000000 sampling_entropy=4.846750 uniform_entropy=4.852030 entropy_gap=0.005280 max_probability_over_uniform=1.334343 min_probability_over_uniform=0.734259
RG_SCORE round=380 layer=features.10 mean_q=0.141161 max_q=0.183256 fraction_q_positive=1.000000 sampling_entropy=4.849728 uniform_entropy=4.852030 entropy_gap=0.002302 max_probability_over_uniform=1.223657 min_probability_over_uniform=0.835089
RG_SCORE round=380 layer=features.14 mean_q=0.146542 max_q=0.205434 fraction_q_positive=1.000000 sampling_entropy=5.541129 uniform_entropy=5.545177 entropy_gap=0.004049 max_probability_over_uniform=1.301409 min_probability_over_uniform=0.766067
RG_SCORE round=380 layer=features.17 mean_q=0.134500 max_q=0.187746 fraction_q_positive=1.000000 sampling_entropy=5.541097 uniform_entropy=5.545177 entropy_gap=0.004080 max_probability_over_uniform=1.296909 min_probability_over_uniform=0.781834
RG_SCORE round=380 layer=features.20 mean_q=0.130448 max_q=0.168273 fraction_q_positive=1.000000 sampling_entropy=5.541869 uniform_entropy=5.545177 entropy_gap=0.003308 max_probability_over_uniform=1.217471 min_probability_over_uniform=0.757204
RG_SCORE round=380 layer=features.24 mean_q=0.151609 max_q=0.210934 fraction_q_positive=1.000000 sampling_entropy=6.234633 uniform_entropy=6.238325 entropy_gap=0.003691 max_probability_over_uniform=1.293479 min_probability_over_uniform=0.730338
RG_SCORE round=380 layer=features.27 mean_q=0.150793 max_q=0.232114 fraction_q_positive=1.000000 sampling_entropy=6.233365 uniform_entropy=6.238325 entropy_gap=0.004960 max_probability_over_uniform=1.404468 min_probability_over_uniform=0.678483
RG_SCORE round=380 layer=features.30 mean_q=0.135444 max_q=0.200941 fraction_q_positive=1.000000 sampling_entropy=6.234407 uniform_entropy=6.238325 entropy_gap=0.003917 max_probability_over_uniform=1.362681 min_probability_over_uniform=0.683699
RG_SCORE round=380 layer=features.34 mean_q=0.282081 max_q=0.378766 fraction_q_positive=1.000000 sampling_entropy=6.230200 uniform_entropy=6.238325 entropy_gap=0.008125 max_probability_over_uniform=1.257067 min_probability_over_uniform=0.508195
RG_SCORE round=380 layer=features.37 mean_q=0.294242 max_q=0.435049 fraction_q_positive=1.000000 sampling_entropy=6.229412 uniform_entropy=6.238325 entropy_gap=0.008913 max_probability_over_uniform=1.358908 min_probability_over_uniform=0.477841
RG_SCORE round=380 layer=features.40 mean_q=0.222571 max_q=0.455230 fraction_q_positive=0.998047 sampling_entropy=6.193437 uniform_entropy=6.238325 entropy_gap=0.044888 max_probability_over_uniform=1.783995 min_probability_over_uniform=0.250000
ROUND_ACCURACY method=FedPhoenixRG round=380 accuracy=80.650002
********************************************************************************
Round 380
ROUND_ACCURACY method=FedPhoenixRG round=381 accuracy=70.120003
********************************************************************************
Round 381
ROUND_ACCURACY method=FedPhoenixRG round=382 accuracy=73.839996
********************************************************************************
Round 382
ROUND_ACCURACY method=FedPhoenixRG round=383 accuracy=63.529999
********************************************************************************
Round 383
ROUND_ACCURACY method=FedPhoenixRG round=384 accuracy=74.879997
********************************************************************************
Round 384
ROUND_ACCURACY method=FedPhoenixRG round=385 accuracy=74.400002
********************************************************************************
Round 385
ROUND_ACCURACY method=FedPhoenixRG round=386 accuracy=78.169998
********************************************************************************
Round 386
ROUND_ACCURACY method=FedPhoenixRG round=387 accuracy=79.410004
********************************************************************************
Round 387
ROUND_ACCURACY method=FedPhoenixRG round=388 accuracy=76.300003
********************************************************************************
Round 388
ROUND_ACCURACY method=FedPhoenixRG round=389 accuracy=79.239998
********************************************************************************
Round 389
ROUND_ACCURACY method=FedPhoenixRG round=390 accuracy=71.720001
********************************************************************************
Round 390
ROUND_ACCURACY method=FedPhoenixRG round=391 accuracy=71.430000
********************************************************************************
Round 391
ROUND_ACCURACY method=FedPhoenixRG round=392 accuracy=59.139999
********************************************************************************
Round 392
ROUND_ACCURACY method=FedPhoenixRG round=393 accuracy=73.690002
********************************************************************************
Round 393
ROUND_ACCURACY method=FedPhoenixRG round=394 accuracy=70.599998
********************************************************************************
Round 394
ROUND_ACCURACY method=FedPhoenixRG round=395 accuracy=65.699997
********************************************************************************
Round 395
ROUND_ACCURACY method=FedPhoenixRG round=396 accuracy=66.430000
********************************************************************************
Round 396
ROUND_ACCURACY method=FedPhoenixRG round=397 accuracy=78.220001
********************************************************************************
Round 397
ROUND_ACCURACY method=FedPhoenixRG round=398 accuracy=74.339996
********************************************************************************
Round 398
ROUND_ACCURACY method=FedPhoenixRG round=399 accuracy=74.480003
********************************************************************************
Round 399
RG_SCORE round=400 layer=features.0 mean_q=0.099509 max_q=0.398892 fraction_q_positive=0.859375 sampling_entropy=4.003050 uniform_entropy=4.158883 entropy_gap=0.155833 max_probability_over_uniform=3.256448 min_probability_over_uniform=0.250000
RG_SCORE round=400 layer=features.3 mean_q=0.120851 max_q=0.174825 fraction_q_positive=1.000000 sampling_entropy=4.148558 uniform_entropy=4.158883 entropy_gap=0.010325 max_probability_over_uniform=1.334966 min_probability_over_uniform=0.675513
RG_SCORE round=400 layer=features.7 mean_q=0.132834 max_q=0.184197 fraction_q_positive=1.000000 sampling_entropy=4.846059 uniform_entropy=4.852030 entropy_gap=0.005972 max_probability_over_uniform=1.290004 min_probability_over_uniform=0.596559
RG_SCORE round=400 layer=features.10 mean_q=0.127930 max_q=0.157648 fraction_q_positive=1.000000 sampling_entropy=4.849234 uniform_entropy=4.852030 entropy_gap=0.002797 max_probability_over_uniform=1.174223 min_probability_over_uniform=0.731687
RG_SCORE round=400 layer=features.14 mean_q=0.130344 max_q=0.179721 fraction_q_positive=1.000000 sampling_entropy=5.541261 uniform_entropy=5.545177 entropy_gap=0.003916 max_probability_over_uniform=1.284114 min_probability_over_uniform=0.781750
RG_SCORE round=400 layer=features.17 mean_q=0.124869 max_q=0.188080 fraction_q_positive=1.000000 sampling_entropy=5.540247 uniform_entropy=5.545177 entropy_gap=0.004931 max_probability_over_uniform=1.379664 min_probability_over_uniform=0.699687
RG_SCORE round=400 layer=features.20 mean_q=0.117348 max_q=0.168643 fraction_q_positive=1.000000 sampling_entropy=5.541070 uniform_entropy=5.545177 entropy_gap=0.004107 max_probability_over_uniform=1.327841 min_probability_over_uniform=0.765412
RG_SCORE round=400 layer=features.24 mean_q=0.138660 max_q=0.189851 fraction_q_positive=1.000000 sampling_entropy=6.233318 uniform_entropy=6.238325 entropy_gap=0.005007 max_probability_over_uniform=1.276892 min_probability_over_uniform=0.681518
RG_SCORE round=400 layer=features.27 mean_q=0.141257 max_q=0.213304 fraction_q_positive=1.000000 sampling_entropy=6.232103 uniform_entropy=6.238325 entropy_gap=0.006222 max_probability_over_uniform=1.382534 min_probability_over_uniform=0.656177
RG_SCORE round=400 layer=features.30 mean_q=0.131187 max_q=0.180393 fraction_q_positive=1.000000 sampling_entropy=6.234018 uniform_entropy=6.238325 entropy_gap=0.004307 max_probability_over_uniform=1.281311 min_probability_over_uniform=0.735864
RG_SCORE round=400 layer=features.34 mean_q=0.296599 max_q=0.428860 fraction_q_positive=1.000000 sampling_entropy=6.231570 uniform_entropy=6.238325 entropy_gap=0.006755 max_probability_over_uniform=1.334444 min_probability_over_uniform=0.595086
RG_SCORE round=400 layer=features.37 mean_q=0.331623 max_q=0.485353 fraction_q_positive=1.000000 sampling_entropy=6.231819 uniform_entropy=6.238325 entropy_gap=0.006505 max_probability_over_uniform=1.347678 min_probability_over_uniform=0.605076
RG_SCORE round=400 layer=features.40 mean_q=0.248241 max_q=0.512510 fraction_q_positive=1.000000 sampling_entropy=6.199933 uniform_entropy=6.238325 entropy_gap=0.038392 max_probability_over_uniform=1.798427 min_probability_over_uniform=0.293352
ROUND_ACCURACY method=FedPhoenixRG round=400 accuracy=76.000000
********************************************************************************
Round 400
ROUND_ACCURACY method=FedPhoenixRG round=401 accuracy=76.589996
********************************************************************************
Round 401
ROUND_ACCURACY method=FedPhoenixRG round=402 accuracy=68.720001
********************************************************************************
Round 402
ROUND_ACCURACY method=FedPhoenixRG round=403 accuracy=67.629997
********************************************************************************
Round 403
ROUND_ACCURACY method=FedPhoenixRG round=404 accuracy=70.739998
********************************************************************************
Round 404
ROUND_ACCURACY method=FedPhoenixRG round=405 accuracy=73.029999
********************************************************************************
Round 405
ROUND_ACCURACY method=FedPhoenixRG round=406 accuracy=71.500000
********************************************************************************
Round 406
ROUND_ACCURACY method=FedPhoenixRG round=407 accuracy=70.209999
********************************************************************************
Round 407
ROUND_ACCURACY method=FedPhoenixRG round=408 accuracy=74.040001
********************************************************************************
Round 408
ROUND_ACCURACY method=FedPhoenixRG round=409 accuracy=78.000000
********************************************************************************
Round 409
ROUND_ACCURACY method=FedPhoenixRG round=410 accuracy=68.519997
********************************************************************************
Round 410
ROUND_ACCURACY method=FedPhoenixRG round=411 accuracy=68.320000
********************************************************************************
Round 411
ROUND_ACCURACY method=FedPhoenixRG round=412 accuracy=65.389999
********************************************************************************
Round 412
ROUND_ACCURACY method=FedPhoenixRG round=413 accuracy=75.779999
********************************************************************************
Round 413
ROUND_ACCURACY method=FedPhoenixRG round=414 accuracy=75.220001
********************************************************************************
Round 414
ROUND_ACCURACY method=FedPhoenixRG round=415 accuracy=78.209999
********************************************************************************
Round 415
ROUND_ACCURACY method=FedPhoenixRG round=416 accuracy=73.599998
********************************************************************************
Round 416
ROUND_ACCURACY method=FedPhoenixRG round=417 accuracy=79.589996
********************************************************************************
Round 417
ROUND_ACCURACY method=FedPhoenixRG round=418 accuracy=70.029999
********************************************************************************
Round 418
ROUND_ACCURACY method=FedPhoenixRG round=419 accuracy=71.949997
********************************************************************************
Round 419
RG_SCORE round=420 layer=features.0 mean_q=0.114200 max_q=0.318966 fraction_q_positive=0.906250 sampling_entropy=4.019248 uniform_entropy=4.158883 entropy_gap=0.139635 max_probability_over_uniform=2.344788 min_probability_over_uniform=0.250000
RG_SCORE round=420 layer=features.3 mean_q=0.139269 max_q=0.198232 fraction_q_positive=1.000000 sampling_entropy=4.149000 uniform_entropy=4.158883 entropy_gap=0.009883 max_probability_over_uniform=1.317529 min_probability_over_uniform=0.668279
RG_SCORE round=420 layer=features.7 mean_q=0.148597 max_q=0.202714 fraction_q_positive=1.000000 sampling_entropy=4.847272 uniform_entropy=4.852030 entropy_gap=0.004758 max_probability_over_uniform=1.273137 min_probability_over_uniform=0.760969
RG_SCORE round=420 layer=features.10 mean_q=0.142667 max_q=0.187772 fraction_q_positive=1.000000 sampling_entropy=4.849376 uniform_entropy=4.852030 entropy_gap=0.002654 max_probability_over_uniform=1.237119 min_probability_over_uniform=0.781034
RG_SCORE round=420 layer=features.14 mean_q=0.141775 max_q=0.202297 fraction_q_positive=1.000000 sampling_entropy=5.541802 uniform_entropy=5.545177 entropy_gap=0.003376 max_probability_over_uniform=1.320166 min_probability_over_uniform=0.789954
RG_SCORE round=420 layer=features.17 mean_q=0.137397 max_q=0.184321 fraction_q_positive=1.000000 sampling_entropy=5.541129 uniform_entropy=5.545177 entropy_gap=0.004049 max_probability_over_uniform=1.256141 min_probability_over_uniform=0.787716
RG_SCORE round=420 layer=features.20 mean_q=0.126869 max_q=0.166742 fraction_q_positive=1.000000 sampling_entropy=5.542702 uniform_entropy=5.545177 entropy_gap=0.002475 max_probability_over_uniform=1.235713 min_probability_over_uniform=0.797277
RG_SCORE round=420 layer=features.24 mean_q=0.146206 max_q=0.201738 fraction_q_positive=1.000000 sampling_entropy=6.233788 uniform_entropy=6.238325 entropy_gap=0.004537 max_probability_over_uniform=1.284865 min_probability_over_uniform=0.702047
RG_SCORE round=420 layer=features.27 mean_q=0.143433 max_q=0.219861 fraction_q_positive=1.000000 sampling_entropy=6.232151 uniform_entropy=6.238325 entropy_gap=0.006174 max_probability_over_uniform=1.399634 min_probability_over_uniform=0.601620
RG_SCORE round=420 layer=features.30 mean_q=0.124156 max_q=0.189626 fraction_q_positive=1.000000 sampling_entropy=6.231207 uniform_entropy=6.238325 entropy_gap=0.007117 max_probability_over_uniform=1.395490 min_probability_over_uniform=0.603698
RG_SCORE round=420 layer=features.34 mean_q=0.241004 max_q=0.387706 fraction_q_positive=0.996094 sampling_entropy=6.212524 uniform_entropy=6.238325 entropy_gap=0.025801 max_probability_over_uniform=1.456530 min_probability_over_uniform=0.250000
RG_SCORE round=420 layer=features.37 mean_q=0.198144 max_q=0.404296 fraction_q_positive=0.974609 sampling_entropy=6.181350 uniform_entropy=6.238325 entropy_gap=0.056974 max_probability_over_uniform=1.780311 min_probability_over_uniform=0.250000
RG_SCORE round=420 layer=features.40 mean_q=0.110316 max_q=0.372190 fraction_q_positive=0.796875 sampling_entropy=6.037821 uniform_entropy=6.238325 entropy_gap=0.200504 max_probability_over_uniform=2.780386 min_probability_over_uniform=0.250000
ROUND_ACCURACY method=FedPhoenixRG round=420 accuracy=77.970001
********************************************************************************
Round 420
ROUND_ACCURACY method=FedPhoenixRG round=421 accuracy=76.989998
********************************************************************************
Round 421
ROUND_ACCURACY method=FedPhoenixRG round=422 accuracy=73.709999
********************************************************************************
Round 422
ROUND_ACCURACY method=FedPhoenixRG round=423 accuracy=75.070000
********************************************************************************
Round 423
ROUND_ACCURACY method=FedPhoenixRG round=424 accuracy=70.620003
********************************************************************************
Round 424
ROUND_ACCURACY method=FedPhoenixRG round=425 accuracy=78.199997
********************************************************************************
Round 425
ROUND_ACCURACY method=FedPhoenixRG round=426 accuracy=67.730003
********************************************************************************
Round 426
ROUND_ACCURACY method=FedPhoenixRG round=427 accuracy=70.379997
********************************************************************************
Round 427
ROUND_ACCURACY method=FedPhoenixRG round=428 accuracy=73.239998
********************************************************************************
Round 428
ROUND_ACCURACY method=FedPhoenixRG round=429 accuracy=71.709999
********************************************************************************
Round 429
ROUND_ACCURACY method=FedPhoenixRG round=430 accuracy=74.370003
********************************************************************************
Round 430
ROUND_ACCURACY method=FedPhoenixRG round=431 accuracy=73.820000
********************************************************************************
Round 431
ROUND_ACCURACY method=FedPhoenixRG round=432 accuracy=76.220001
********************************************************************************
Round 432
ROUND_ACCURACY method=FedPhoenixRG round=433 accuracy=76.440002
********************************************************************************
Round 433
ROUND_ACCURACY method=FedPhoenixRG round=434 accuracy=80.709999
********************************************************************************
Round 434
ROUND_ACCURACY method=FedPhoenixRG round=435 accuracy=77.150002
********************************************************************************
Round 435
ROUND_ACCURACY method=FedPhoenixRG round=436 accuracy=70.599998
********************************************************************************
Round 436
ROUND_ACCURACY method=FedPhoenixRG round=437 accuracy=71.730003
********************************************************************************
Round 437
ROUND_ACCURACY method=FedPhoenixRG round=438 accuracy=71.750000
********************************************************************************
Round 438
ROUND_ACCURACY method=FedPhoenixRG round=439 accuracy=77.589996
********************************************************************************
Round 439
RG_SCORE round=440 layer=features.0 mean_q=0.128541 max_q=0.329187 fraction_q_positive=0.953125 sampling_entropy=4.075704 uniform_entropy=4.158883 entropy_gap=0.083179 max_probability_over_uniform=2.170712 min_probability_over_uniform=0.250000
RG_SCORE round=440 layer=features.3 mean_q=0.146245 max_q=0.188935 fraction_q_positive=1.000000 sampling_entropy=4.154374 uniform_entropy=4.158883 entropy_gap=0.004510 max_probability_over_uniform=1.218929 min_probability_over_uniform=0.771233
RG_SCORE round=440 layer=features.7 mean_q=0.150840 max_q=0.225302 fraction_q_positive=1.000000 sampling_entropy=4.847851 uniform_entropy=4.852030 entropy_gap=0.004179 max_probability_over_uniform=1.370237 min_probability_over_uniform=0.809213
RG_SCORE round=440 layer=features.10 mean_q=0.141208 max_q=0.175994 fraction_q_positive=1.000000 sampling_entropy=4.849860 uniform_entropy=4.852030 entropy_gap=0.002170 max_probability_over_uniform=1.184760 min_probability_over_uniform=0.831087
RG_SCORE round=440 layer=features.14 mean_q=0.142303 max_q=0.203028 fraction_q_positive=1.000000 sampling_entropy=5.541460 uniform_entropy=5.545177 entropy_gap=0.003718 max_probability_over_uniform=1.320047 min_probability_over_uniform=0.797952
RG_SCORE round=440 layer=features.17 mean_q=0.141617 max_q=0.215230 fraction_q_positive=1.000000 sampling_entropy=5.540914 uniform_entropy=5.545177 entropy_gap=0.004264 max_probability_over_uniform=1.389854 min_probability_over_uniform=0.784241
RG_SCORE round=440 layer=features.20 mean_q=0.126152 max_q=0.168034 fraction_q_positive=1.000000 sampling_entropy=5.542610 uniform_entropy=5.545177 entropy_gap=0.002567 max_probability_over_uniform=1.248997 min_probability_over_uniform=0.785326
RG_SCORE round=440 layer=features.24 mean_q=0.154373 max_q=0.220112 fraction_q_positive=1.000000 sampling_entropy=6.234540 uniform_entropy=6.238325 entropy_gap=0.003785 max_probability_over_uniform=1.319388 min_probability_over_uniform=0.787890
RG_SCORE round=440 layer=features.27 mean_q=0.171346 max_q=0.236479 fraction_q_positive=1.000000 sampling_entropy=6.235058 uniform_entropy=6.238325 entropy_gap=0.003267 max_probability_over_uniform=1.285095 min_probability_over_uniform=0.660505
RG_SCORE round=440 layer=features.30 mean_q=0.158528 max_q=0.205147 fraction_q_positive=1.000000 sampling_entropy=6.235880 uniform_entropy=6.238325 entropy_gap=0.002445 max_probability_over_uniform=1.220555 min_probability_over_uniform=0.765337
RG_SCORE round=440 layer=features.34 mean_q=0.361540 max_q=0.463317 fraction_q_positive=1.000000 sampling_entropy=6.235160 uniform_entropy=6.238325 entropy_gap=0.003164 max_probability_over_uniform=1.211131 min_probability_over_uniform=0.759025
RG_SCORE round=440 layer=features.37 mean_q=0.387542 max_q=0.511889 fraction_q_positive=1.000000 sampling_entropy=6.235048 uniform_entropy=6.238325 entropy_gap=0.003276 max_probability_over_uniform=1.240645 min_probability_over_uniform=0.763153
RG_SCORE round=440 layer=features.40 mean_q=0.324595 max_q=0.551173 fraction_q_positive=0.998047 sampling_entropy=6.210816 uniform_entropy=6.238325 entropy_gap=0.027509 max_probability_over_uniform=1.523523 min_probability_over_uniform=0.250000
ROUND_ACCURACY method=FedPhoenixRG round=440 accuracy=72.919998
********************************************************************************
Round 440
ROUND_ACCURACY method=FedPhoenixRG round=441 accuracy=79.239998
********************************************************************************
Round 441
ROUND_ACCURACY method=FedPhoenixRG round=442 accuracy=78.610001
********************************************************************************
Round 442
ROUND_ACCURACY method=FedPhoenixRG round=443 accuracy=73.769997
********************************************************************************
Round 443
ROUND_ACCURACY method=FedPhoenixRG round=444 accuracy=69.980003
********************************************************************************
Round 444
ROUND_ACCURACY method=FedPhoenixRG round=445 accuracy=76.360001
********************************************************************************
Round 445
ROUND_ACCURACY method=FedPhoenixRG round=446 accuracy=77.239998
********************************************************************************
Round 446
ROUND_ACCURACY method=FedPhoenixRG round=447 accuracy=74.379997
********************************************************************************
Round 447
ROUND_ACCURACY method=FedPhoenixRG round=448 accuracy=79.580002
********************************************************************************
Round 448
ROUND_ACCURACY method=FedPhoenixRG round=449 accuracy=69.540001
********************************************************************************
Round 449
ROUND_ACCURACY method=FedPhoenixRG round=450 accuracy=76.320000
********************************************************************************
Round 450
ROUND_ACCURACY method=FedPhoenixRG round=451 accuracy=69.250000
********************************************************************************
Round 451
ROUND_ACCURACY method=FedPhoenixRG round=452 accuracy=79.430000
********************************************************************************
Round 452
ROUND_ACCURACY method=FedPhoenixRG round=453 accuracy=78.209999
********************************************************************************
Round 453
ROUND_ACCURACY method=FedPhoenixRG round=454 accuracy=57.720001
********************************************************************************
Round 454
ROUND_ACCURACY method=FedPhoenixRG round=455 accuracy=74.190002
********************************************************************************
Round 455
ROUND_ACCURACY method=FedPhoenixRG round=456 accuracy=74.879997
********************************************************************************
Round 456
ROUND_ACCURACY method=FedPhoenixRG round=457 accuracy=76.660004
********************************************************************************
Round 457
ROUND_ACCURACY method=FedPhoenixRG round=458 accuracy=69.419998
********************************************************************************
Round 458
ROUND_ACCURACY method=FedPhoenixRG round=459 accuracy=78.930000
********************************************************************************
Round 459
RG_SCORE round=460 layer=features.0 mean_q=0.131757 max_q=0.397332 fraction_q_positive=0.906250 sampling_entropy=4.030213 uniform_entropy=4.158883 entropy_gap=0.128671 max_probability_over_uniform=2.511733 min_probability_over_uniform=0.250000
RG_SCORE round=460 layer=features.3 mean_q=0.148889 max_q=0.206205 fraction_q_positive=1.000000 sampling_entropy=4.151732 uniform_entropy=4.158883 entropy_gap=0.007151 max_probability_over_uniform=1.288715 min_probability_over_uniform=0.646361
RG_SCORE round=460 layer=features.7 mean_q=0.155466 max_q=0.254418 fraction_q_positive=1.000000 sampling_entropy=4.847336 uniform_entropy=4.852030 entropy_gap=0.004694 max_probability_over_uniform=1.477365 min_probability_over_uniform=0.760641
RG_SCORE round=460 layer=features.10 mean_q=0.151820 max_q=0.185295 fraction_q_positive=1.000000 sampling_entropy=4.849840 uniform_entropy=4.852030 entropy_gap=0.002190 max_probability_over_uniform=1.165368 min_probability_over_uniform=0.797315
RG_SCORE round=460 layer=features.14 mean_q=0.152771 max_q=0.215366 fraction_q_positive=1.000000 sampling_entropy=5.541032 uniform_entropy=5.545177 entropy_gap=0.004145 max_probability_over_uniform=1.307303 min_probability_over_uniform=0.754031
RG_SCORE round=460 layer=features.17 mean_q=0.150120 max_q=0.199247 fraction_q_positive=1.000000 sampling_entropy=5.540764 uniform_entropy=5.545177 entropy_gap=0.004413 max_probability_over_uniform=1.245435 min_probability_over_uniform=0.800633
RG_SCORE round=460 layer=features.20 mean_q=0.134523 max_q=0.168449 fraction_q_positive=1.000000 sampling_entropy=5.542507 uniform_entropy=5.545177 entropy_gap=0.002670 max_probability_over_uniform=1.189142 min_probability_over_uniform=0.791084
RG_SCORE round=460 layer=features.24 mean_q=0.160948 max_q=0.227181 fraction_q_positive=1.000000 sampling_entropy=6.234589 uniform_entropy=6.238325 entropy_gap=0.003736 max_probability_over_uniform=1.308639 min_probability_over_uniform=0.676256
RG_SCORE round=460 layer=features.27 mean_q=0.167763 max_q=0.229107 fraction_q_positive=1.000000 sampling_entropy=6.234679 uniform_entropy=6.238325 entropy_gap=0.003646 max_probability_over_uniform=1.274242 min_probability_over_uniform=0.666244
RG_SCORE round=460 layer=features.30 mean_q=0.151369 max_q=0.198420 fraction_q_positive=1.000000 sampling_entropy=6.234963 uniform_entropy=6.238325 entropy_gap=0.003361 max_probability_over_uniform=1.233127 min_probability_over_uniform=0.557354
RG_SCORE round=460 layer=features.34 mean_q=0.328258 max_q=0.441486 fraction_q_positive=1.000000 sampling_entropy=6.234687 uniform_entropy=6.238325 entropy_gap=0.003638 max_probability_over_uniform=1.258704 min_probability_over_uniform=0.755402
RG_SCORE round=460 layer=features.37 mean_q=0.361126 max_q=0.462724 fraction_q_positive=1.000000 sampling_entropy=6.234724 uniform_entropy=6.238325 entropy_gap=0.003601 max_probability_over_uniform=1.211002 min_probability_over_uniform=0.783136
RG_SCORE round=460 layer=features.40 mean_q=0.296546 max_q=0.581695 fraction_q_positive=1.000000 sampling_entropy=6.206015 uniform_entropy=6.238325 entropy_gap=0.032309 max_probability_over_uniform=1.721176 min_probability_over_uniform=0.323758
ROUND_ACCURACY method=FedPhoenixRG round=460 accuracy=64.639999
********************************************************************************
Round 460
ROUND_ACCURACY method=FedPhoenixRG round=461 accuracy=79.910004
********************************************************************************
Round 461
ROUND_ACCURACY method=FedPhoenixRG round=462 accuracy=77.250000
********************************************************************************
Round 462
ROUND_ACCURACY method=FedPhoenixRG round=463 accuracy=79.709999
********************************************************************************
Round 463
ROUND_ACCURACY method=FedPhoenixRG round=464 accuracy=71.360001
********************************************************************************
Round 464
ROUND_ACCURACY method=FedPhoenixRG round=465 accuracy=75.760002
********************************************************************************
Round 465
ROUND_ACCURACY method=FedPhoenixRG round=466 accuracy=77.900002
********************************************************************************
Round 466
ROUND_ACCURACY method=FedPhoenixRG round=467 accuracy=69.150002
********************************************************************************
Round 467
ROUND_ACCURACY method=FedPhoenixRG round=468 accuracy=76.839996
********************************************************************************
Round 468
ROUND_ACCURACY method=FedPhoenixRG round=469 accuracy=77.089996
********************************************************************************
Round 469
ROUND_ACCURACY method=FedPhoenixRG round=470 accuracy=73.690002
********************************************************************************
Round 470
ROUND_ACCURACY method=FedPhoenixRG round=471 accuracy=66.809998
********************************************************************************
Round 471
ROUND_ACCURACY method=FedPhoenixRG round=472 accuracy=79.720001
********************************************************************************
Round 472
ROUND_ACCURACY method=FedPhoenixRG round=473 accuracy=74.940002
********************************************************************************
Round 473
ROUND_ACCURACY method=FedPhoenixRG round=474 accuracy=73.860001
********************************************************************************
Round 474
ROUND_ACCURACY method=FedPhoenixRG round=475 accuracy=68.739998
********************************************************************************
Round 475
ROUND_ACCURACY method=FedPhoenixRG round=476 accuracy=73.599998
********************************************************************************
Round 476
ROUND_ACCURACY method=FedPhoenixRG round=477 accuracy=73.889999
********************************************************************************
Round 477
ROUND_ACCURACY method=FedPhoenixRG round=478 accuracy=72.169998
********************************************************************************
Round 478
ROUND_ACCURACY method=FedPhoenixRG round=479 accuracy=78.010002
********************************************************************************
Round 479
RG_SCORE round=480 layer=features.0 mean_q=0.113513 max_q=0.264967 fraction_q_positive=0.921875 sampling_entropy=4.042505 uniform_entropy=4.158883 entropy_gap=0.116378 max_probability_over_uniform=2.000684 min_probability_over_uniform=0.250000
RG_SCORE round=480 layer=features.3 mean_q=0.114410 max_q=0.180675 fraction_q_positive=1.000000 sampling_entropy=4.143960 uniform_entropy=4.158883 entropy_gap=0.014923 max_probability_over_uniform=1.434394 min_probability_over_uniform=0.620349
RG_SCORE round=480 layer=features.7 mean_q=0.126409 max_q=0.229273 fraction_q_positive=1.000000 sampling_entropy=4.844166 uniform_entropy=4.852030 entropy_gap=0.007864 max_probability_over_uniform=1.610311 min_probability_over_uniform=0.752940
RG_SCORE round=480 layer=features.10 mean_q=0.126346 max_q=0.167692 fraction_q_positive=1.000000 sampling_entropy=4.847682 uniform_entropy=4.852030 entropy_gap=0.004349 max_probability_over_uniform=1.245433 min_probability_over_uniform=0.768035
RG_SCORE round=480 layer=features.14 mean_q=0.126416 max_q=0.198191 fraction_q_positive=1.000000 sampling_entropy=5.539750 uniform_entropy=5.545177 entropy_gap=0.005427 max_probability_over_uniform=1.425824 min_probability_over_uniform=0.659077
RG_SCORE round=480 layer=features.17 mean_q=0.121342 max_q=0.192891 fraction_q_positive=1.000000 sampling_entropy=5.538896 uniform_entropy=5.545177 entropy_gap=0.006282 max_probability_over_uniform=1.442231 min_probability_over_uniform=0.585848
RG_SCORE round=480 layer=features.20 mean_q=0.111747 max_q=0.157863 fraction_q_positive=1.000000 sampling_entropy=5.540003 uniform_entropy=5.545177 entropy_gap=0.005175 max_probability_over_uniform=1.309517 min_probability_over_uniform=0.712002
RG_SCORE round=480 layer=features.24 mean_q=0.131461 max_q=0.199951 fraction_q_positive=1.000000 sampling_entropy=6.230886 uniform_entropy=6.238325 entropy_gap=0.007438 max_probability_over_uniform=1.390741 min_probability_over_uniform=0.573060
RG_SCORE round=480 layer=features.27 mean_q=0.142033 max_q=0.221353 fraction_q_positive=1.000000 sampling_entropy=6.230812 uniform_entropy=6.238325 entropy_gap=0.007512 max_probability_over_uniform=1.418845 min_probability_over_uniform=0.655755
RG_SCORE round=480 layer=features.30 mean_q=0.130671 max_q=0.189244 fraction_q_positive=1.000000 sampling_entropy=6.232515 uniform_entropy=6.238325 entropy_gap=0.005810 max_probability_over_uniform=1.336183 min_probability_over_uniform=0.648798
RG_SCORE round=480 layer=features.34 mean_q=0.267573 max_q=0.427873 fraction_q_positive=1.000000 sampling_entropy=6.224198 uniform_entropy=6.238325 entropy_gap=0.014126 max_probability_over_uniform=1.449317 min_probability_over_uniform=0.298087
RG_SCORE round=480 layer=features.37 mean_q=0.283447 max_q=0.449155 fraction_q_positive=1.000000 sampling_entropy=6.226583 uniform_entropy=6.238325 entropy_gap=0.011742 max_probability_over_uniform=1.438460 min_probability_over_uniform=0.528649
RG_SCORE round=480 layer=features.40 mean_q=0.205774 max_q=0.440599 fraction_q_positive=0.990234 sampling_entropy=6.179497 uniform_entropy=6.238325 entropy_gap=0.058828 max_probability_over_uniform=1.855885 min_probability_over_uniform=0.250000
ROUND_ACCURACY method=FedPhoenixRG round=480 accuracy=77.029999
********************************************************************************
Round 480
ROUND_ACCURACY method=FedPhoenixRG round=481 accuracy=77.550003
********************************************************************************
Round 481
ROUND_ACCURACY method=FedPhoenixRG round=482 accuracy=74.650002
********************************************************************************
Round 482
ROUND_ACCURACY method=FedPhoenixRG round=483 accuracy=76.510002
********************************************************************************
Round 483
ROUND_ACCURACY method=FedPhoenixRG round=484 accuracy=73.019997
********************************************************************************
Round 484
ROUND_ACCURACY method=FedPhoenixRG round=485 accuracy=78.059998
********************************************************************************
Round 485
ROUND_ACCURACY method=FedPhoenixRG round=486 accuracy=62.830002
********************************************************************************
Round 486
ROUND_ACCURACY method=FedPhoenixRG round=487 accuracy=75.699997
********************************************************************************
Round 487
ROUND_ACCURACY method=FedPhoenixRG round=488 accuracy=80.400002
********************************************************************************
Round 488
ROUND_ACCURACY method=FedPhoenixRG round=489 accuracy=77.720001
********************************************************************************
Round 489
ROUND_ACCURACY method=FedPhoenixRG round=490 accuracy=78.529999
********************************************************************************
Round 490
ROUND_ACCURACY method=FedPhoenixRG round=491 accuracy=68.769997
********************************************************************************
Round 491
ROUND_ACCURACY method=FedPhoenixRG round=492 accuracy=77.250000
********************************************************************************
Round 492
ROUND_ACCURACY method=FedPhoenixRG round=493 accuracy=76.809998
********************************************************************************
Round 493
ROUND_ACCURACY method=FedPhoenixRG round=494 accuracy=74.709999
********************************************************************************
Round 494
ROUND_ACCURACY method=FedPhoenixRG round=495 accuracy=74.680000
********************************************************************************
Round 495
ROUND_ACCURACY method=FedPhoenixRG round=496 accuracy=67.839996
********************************************************************************
Round 496
ROUND_ACCURACY method=FedPhoenixRG round=497 accuracy=75.629997
********************************************************************************
Round 497
ROUND_ACCURACY method=FedPhoenixRG round=498 accuracy=79.080002
********************************************************************************
Round 498
ROUND_ACCURACY method=FedPhoenixRG round=499 accuracy=64.580002
********************************************************************************
Round 499
RG_SCORE round=500 layer=features.0 mean_q=0.115795 max_q=0.313929 fraction_q_positive=0.906250 sampling_entropy=4.013032 uniform_entropy=4.158883 entropy_gap=0.145851 max_probability_over_uniform=2.283297 min_probability_over_uniform=0.250000
RG_SCORE round=500 layer=features.3 mean_q=0.108733 max_q=0.182381 fraction_q_positive=1.000000 sampling_entropy=4.142653 uniform_entropy=4.158883 entropy_gap=0.016230 max_probability_over_uniform=1.507993 min_probability_over_uniform=0.669101
RG_SCORE round=500 layer=features.7 mean_q=0.117832 max_q=0.184802 fraction_q_positive=1.000000 sampling_entropy=4.842374 uniform_entropy=4.852030 entropy_gap=0.009656 max_probability_over_uniform=1.426263 min_probability_over_uniform=0.618800
RG_SCORE round=500 layer=features.10 mean_q=0.114691 max_q=0.156011 fraction_q_positive=1.000000 sampling_entropy=4.847870 uniform_entropy=4.852030 entropy_gap=0.004160 max_probability_over_uniform=1.270205 min_probability_over_uniform=0.795471
RG_SCORE round=500 layer=features.14 mean_q=0.118960 max_q=0.173256 fraction_q_positive=1.000000 sampling_entropy=5.539582 uniform_entropy=5.545177 entropy_gap=0.005595 max_probability_over_uniform=1.342322 min_probability_over_uniform=0.732592
RG_SCORE round=500 layer=features.17 mean_q=0.115008 max_q=0.164319 fraction_q_positive=1.000000 sampling_entropy=5.539470 uniform_entropy=5.545177 entropy_gap=0.005707 max_probability_over_uniform=1.321574 min_probability_over_uniform=0.730125
RG_SCORE round=500 layer=features.20 mean_q=0.108187 max_q=0.140613 fraction_q_positive=1.000000 sampling_entropy=5.540587 uniform_entropy=5.545177 entropy_gap=0.004591 max_probability_over_uniform=1.224793 min_probability_over_uniform=0.723998
RG_SCORE round=500 layer=features.24 mean_q=0.121841 max_q=0.177974 fraction_q_positive=1.000000 sampling_entropy=6.231265 uniform_entropy=6.238325 entropy_gap=0.007059 max_probability_over_uniform=1.345528 min_probability_over_uniform=0.651558
RG_SCORE round=500 layer=features.27 mean_q=0.122535 max_q=0.189566 fraction_q_positive=1.000000 sampling_entropy=6.228060 uniform_entropy=6.238325 entropy_gap=0.010265 max_probability_over_uniform=1.410275 min_probability_over_uniform=0.622324
RG_SCORE round=500 layer=features.30 mean_q=0.104662 max_q=0.169102 fraction_q_positive=1.000000 sampling_entropy=6.227038 uniform_entropy=6.238325 entropy_gap=0.011286 max_probability_over_uniform=1.461776 min_probability_over_uniform=0.534793
RG_SCORE round=500 layer=features.34 mean_q=0.197250 max_q=0.342787 fraction_q_positive=0.992188 sampling_entropy=6.194028 uniform_entropy=6.238325 entropy_gap=0.044296 max_probability_over_uniform=1.553374 min_probability_over_uniform=0.250000
RG_SCORE round=500 layer=features.37 mean_q=0.183733 max_q=0.332176 fraction_q_positive=1.000000 sampling_entropy=6.200204 uniform_entropy=6.238325 entropy_gap=0.038121 max_probability_over_uniform=1.605948 min_probability_over_uniform=0.251643
RG_SCORE round=500 layer=features.40 mean_q=0.107375 max_q=0.333787 fraction_q_positive=0.962891 sampling_entropy=6.138195 uniform_entropy=6.238325 entropy_gap=0.100130 max_probability_over_uniform=2.581466 min_probability_over_uniform=0.250000
ROUND_ACCURACY method=FedPhoenixRG round=500 accuracy=79.980003
********************************************************************************
Round 500
ROUND_ACCURACY method=FedPhoenixRG round=501 accuracy=76.010002
********************************************************************************
Round 501
ROUND_ACCURACY method=FedPhoenixRG round=502 accuracy=75.239998
********************************************************************************
Round 502
ROUND_ACCURACY method=FedPhoenixRG round=503 accuracy=76.279999
********************************************************************************
Round 503
ROUND_ACCURACY method=FedPhoenixRG round=504 accuracy=78.419998
********************************************************************************
Round 504
ROUND_ACCURACY method=FedPhoenixRG round=505 accuracy=78.660004
********************************************************************************
Round 505
ROUND_ACCURACY method=FedPhoenixRG round=506 accuracy=62.689999
********************************************************************************
Round 506
ROUND_ACCURACY method=FedPhoenixRG round=507 accuracy=62.790001
********************************************************************************
Round 507
ROUND_ACCURACY method=FedPhoenixRG round=508 accuracy=74.930000
********************************************************************************
Round 508
ROUND_ACCURACY method=FedPhoenixRG round=509 accuracy=73.559998
********************************************************************************
Round 509
ROUND_ACCURACY method=FedPhoenixRG round=510 accuracy=73.250000
********************************************************************************
Round 510
ROUND_ACCURACY method=FedPhoenixRG round=511 accuracy=74.199997
********************************************************************************
Round 511
ROUND_ACCURACY method=FedPhoenixRG round=512 accuracy=68.000000
********************************************************************************
Round 512
ROUND_ACCURACY method=FedPhoenixRG round=513 accuracy=70.910004
********************************************************************************
Round 513
ROUND_ACCURACY method=FedPhoenixRG round=514 accuracy=72.620003
********************************************************************************
Round 514
ROUND_ACCURACY method=FedPhoenixRG round=515 accuracy=77.139999
********************************************************************************
Round 515
ROUND_ACCURACY method=FedPhoenixRG round=516 accuracy=76.540001
********************************************************************************
Round 516
ROUND_ACCURACY method=FedPhoenixRG round=517 accuracy=77.730003
********************************************************************************
Round 517
ROUND_ACCURACY method=FedPhoenixRG round=518 accuracy=71.389999
********************************************************************************
Round 518
ROUND_ACCURACY method=FedPhoenixRG round=519 accuracy=74.300003
********************************************************************************
Round 519
RG_SCORE round=520 layer=features.0 mean_q=0.077570 max_q=0.483561 fraction_q_positive=0.718750 sampling_entropy=3.851662 uniform_entropy=4.158883 entropy_gap=0.307221 max_probability_over_uniform=4.925421 min_probability_over_uniform=0.250000
RG_SCORE round=520 layer=features.3 mean_q=0.086585 max_q=0.152081 fraction_q_positive=1.000000 sampling_entropy=4.127525 uniform_entropy=4.158883 entropy_gap=0.031358 max_probability_over_uniform=1.567334 min_probability_over_uniform=0.489903
RG_SCORE round=520 layer=features.7 mean_q=0.099912 max_q=0.147178 fraction_q_positive=1.000000 sampling_entropy=4.842025 uniform_entropy=4.852030 entropy_gap=0.010005 max_probability_over_uniform=1.354811 min_probability_over_uniform=0.671192
RG_SCORE round=520 layer=features.10 mean_q=0.099178 max_q=0.144176 fraction_q_positive=1.000000 sampling_entropy=4.846343 uniform_entropy=4.852030 entropy_gap=0.005687 max_probability_over_uniform=1.340282 min_probability_over_uniform=0.710280
RG_SCORE round=520 layer=features.14 mean_q=0.101072 max_q=0.148622 fraction_q_positive=1.000000 sampling_entropy=5.537347 uniform_entropy=5.545177 entropy_gap=0.007831 max_probability_over_uniform=1.352840 min_probability_over_uniform=0.461089
RG_SCORE round=520 layer=features.17 mean_q=0.101159 max_q=0.153540 fraction_q_positive=1.000000 sampling_entropy=5.537600 uniform_entropy=5.545177 entropy_gap=0.007578 max_probability_over_uniform=1.388355 min_probability_over_uniform=0.698613
RG_SCORE round=520 layer=features.20 mean_q=0.095477 max_q=0.135807 fraction_q_positive=1.000000 sampling_entropy=5.538811 uniform_entropy=5.545177 entropy_gap=0.006366 max_probability_over_uniform=1.316807 min_probability_over_uniform=0.604865
RG_SCORE round=520 layer=features.24 mean_q=0.109996 max_q=0.186736 fraction_q_positive=1.000000 sampling_entropy=6.225649 uniform_entropy=6.238325 entropy_gap=0.012676 max_probability_over_uniform=1.523245 min_probability_over_uniform=0.333355
RG_SCORE round=520 layer=features.27 mean_q=0.111405 max_q=0.195992 fraction_q_positive=1.000000 sampling_entropy=6.220110 uniform_entropy=6.238325 entropy_gap=0.018214 max_probability_over_uniform=1.569462 min_probability_over_uniform=0.353055
RG_SCORE round=520 layer=features.30 mean_q=0.097547 max_q=0.169252 fraction_q_positive=1.000000 sampling_entropy=6.217649 uniform_entropy=6.238325 entropy_gap=0.020676 max_probability_over_uniform=1.551305 min_probability_over_uniform=0.355748
RG_SCORE round=520 layer=features.34 mean_q=0.203488 max_q=0.410096 fraction_q_positive=0.947266 sampling_entropy=6.170996 uniform_entropy=6.238325 entropy_gap=0.067329 max_probability_over_uniform=1.761497 min_probability_over_uniform=0.250000
RG_SCORE round=520 layer=features.37 mean_q=0.198737 max_q=0.370952 fraction_q_positive=0.958984 sampling_entropy=6.174696 uniform_entropy=6.238325 entropy_gap=0.063629 max_probability_over_uniform=1.649910 min_probability_over_uniform=0.250000
RG_SCORE round=520 layer=features.40 mean_q=0.139144 max_q=0.389153 fraction_q_positive=0.880859 sampling_entropy=6.096623 uniform_entropy=6.238325 entropy_gap=0.141702 max_probability_over_uniform=2.347578 min_probability_over_uniform=0.250000
ROUND_ACCURACY method=FedPhoenixRG round=520 accuracy=76.489998
********************************************************************************
Round 520
ROUND_ACCURACY method=FedPhoenixRG round=521 accuracy=69.790001
********************************************************************************
Round 521
ROUND_ACCURACY method=FedPhoenixRG round=522 accuracy=71.680000
********************************************************************************
Round 522
ROUND_ACCURACY method=FedPhoenixRG round=523 accuracy=71.169998
********************************************************************************
Round 523
ROUND_ACCURACY method=FedPhoenixRG round=524 accuracy=78.019997
********************************************************************************
Round 524
ROUND_ACCURACY method=FedPhoenixRG round=525 accuracy=75.169998
********************************************************************************
Round 525
ROUND_ACCURACY method=FedPhoenixRG round=526 accuracy=74.919998
********************************************************************************
Round 526
ROUND_ACCURACY method=FedPhoenixRG round=527 accuracy=73.099998
********************************************************************************
Round 527
ROUND_ACCURACY method=FedPhoenixRG round=528 accuracy=75.209999
********************************************************************************
Round 528
ROUND_ACCURACY method=FedPhoenixRG round=529 accuracy=80.239998
********************************************************************************
Round 529
ROUND_ACCURACY method=FedPhoenixRG round=530 accuracy=76.739998
********************************************************************************
Round 530
ROUND_ACCURACY method=FedPhoenixRG round=531 accuracy=67.870003
********************************************************************************
Round 531
ROUND_ACCURACY method=FedPhoenixRG round=532 accuracy=73.870003
********************************************************************************
Round 532
ROUND_ACCURACY method=FedPhoenixRG round=533 accuracy=71.779999
********************************************************************************
Round 533
ROUND_ACCURACY method=FedPhoenixRG round=534 accuracy=77.589996
********************************************************************************
Round 534
ROUND_ACCURACY method=FedPhoenixRG round=535 accuracy=76.550003
********************************************************************************
Round 535
ROUND_ACCURACY method=FedPhoenixRG round=536 accuracy=78.330002
********************************************************************************
Round 536
ROUND_ACCURACY method=FedPhoenixRG round=537 accuracy=77.989998
********************************************************************************
Round 537
ROUND_ACCURACY method=FedPhoenixRG round=538 accuracy=79.099998
********************************************************************************
Round 538
ROUND_ACCURACY method=FedPhoenixRG round=539 accuracy=79.279999
********************************************************************************
Round 539
RG_SCORE round=540 layer=features.0 mean_q=0.100979 max_q=0.327509 fraction_q_positive=0.843750 sampling_entropy=3.955103 uniform_entropy=4.158883 entropy_gap=0.203780 max_probability_over_uniform=2.682511 min_probability_over_uniform=0.250000
RG_SCORE round=540 layer=features.3 mean_q=0.107203 max_q=0.152447 fraction_q_positive=1.000000 sampling_entropy=4.147779 uniform_entropy=4.158883 entropy_gap=0.011104 max_probability_over_uniform=1.316529 min_probability_over_uniform=0.683547
RG_SCORE round=540 layer=features.7 mean_q=0.109551 max_q=0.161684 fraction_q_positive=1.000000 sampling_entropy=4.844143 uniform_entropy=4.852030 entropy_gap=0.007888 max_probability_over_uniform=1.356907 min_probability_over_uniform=0.707495
RG_SCORE round=540 layer=features.10 mean_q=0.107047 max_q=0.140194 fraction_q_positive=1.000000 sampling_entropy=4.847660 uniform_entropy=4.852030 entropy_gap=0.004371 max_probability_over_uniform=1.232237 min_probability_over_uniform=0.755042
RG_SCORE round=540 layer=features.14 mean_q=0.112795 max_q=0.169619 fraction_q_positive=1.000000 sampling_entropy=5.540628 uniform_entropy=5.545177 entropy_gap=0.004550 max_probability_over_uniform=1.377842 min_probability_over_uniform=0.707347
RG_SCORE round=540 layer=features.17 mean_q=0.108696 max_q=0.167535 fraction_q_positive=1.000000 sampling_entropy=5.540029 uniform_entropy=5.545177 entropy_gap=0.005148 max_probability_over_uniform=1.405993 min_probability_over_uniform=0.768711
RG_SCORE round=540 layer=features.20 mean_q=0.101131 max_q=0.137080 fraction_q_positive=1.000000 sampling_entropy=5.541606 uniform_entropy=5.545177 entropy_gap=0.003572 max_probability_over_uniform=1.266609 min_probability_over_uniform=0.760170
RG_SCORE round=540 layer=features.24 mean_q=0.123846 max_q=0.189861 fraction_q_positive=1.000000 sampling_entropy=6.231461 uniform_entropy=6.238325 entropy_gap=0.006864 max_probability_over_uniform=1.399783 min_probability_over_uniform=0.572555
RG_SCORE round=540 layer=features.27 mean_q=0.131878 max_q=0.217816 fraction_q_positive=1.000000 sampling_entropy=6.228007 uniform_entropy=6.238325 entropy_gap=0.010318 max_probability_over_uniform=1.488737 min_probability_over_uniform=0.532322
RG_SCORE round=540 layer=features.30 mean_q=0.117576 max_q=0.174353 fraction_q_positive=1.000000 sampling_entropy=6.227663 uniform_entropy=6.238325 entropy_gap=0.010662 max_probability_over_uniform=1.362169 min_probability_over_uniform=0.465533
RG_SCORE round=540 layer=features.34 mean_q=0.258153 max_q=0.398949 fraction_q_positive=1.000000 sampling_entropy=6.224142 uniform_entropy=6.238325 entropy_gap=0.014182 max_probability_over_uniform=1.409047 min_probability_over_uniform=0.402075
RG_SCORE round=540 layer=features.37 mean_q=0.273829 max_q=0.423915 fraction_q_positive=1.000000 sampling_entropy=6.228577 uniform_entropy=6.238325 entropy_gap=0.009747 max_probability_over_uniform=1.411075 min_probability_over_uniform=0.523688
RG_SCORE round=540 layer=features.40 mean_q=0.221076 max_q=0.480094 fraction_q_positive=0.998047 sampling_entropy=6.197434 uniform_entropy=6.238325 entropy_gap=0.040891 max_probability_over_uniform=1.878717 min_probability_over_uniform=0.250000
ROUND_ACCURACY method=FedPhoenixRG round=540 accuracy=67.989998
********************************************************************************
Round 540
ROUND_ACCURACY method=FedPhoenixRG round=541 accuracy=62.619999
********************************************************************************
Round 541
ROUND_ACCURACY method=FedPhoenixRG round=542 accuracy=70.690002
********************************************************************************
Round 542
ROUND_ACCURACY method=FedPhoenixRG round=543 accuracy=58.380001
********************************************************************************
Round 543
ROUND_ACCURACY method=FedPhoenixRG round=544 accuracy=66.260002
********************************************************************************
Round 544
ROUND_ACCURACY method=FedPhoenixRG round=545 accuracy=75.830002
********************************************************************************
Round 545
ROUND_ACCURACY method=FedPhoenixRG round=546 accuracy=76.389999
********************************************************************************
Round 546
ROUND_ACCURACY method=FedPhoenixRG round=547 accuracy=69.559998
********************************************************************************
Round 547
ROUND_ACCURACY method=FedPhoenixRG round=548 accuracy=67.220001
********************************************************************************
Round 548
ROUND_ACCURACY method=FedPhoenixRG round=549 accuracy=49.410000
********************************************************************************
Round 549
ROUND_ACCURACY method=FedPhoenixRG round=550 accuracy=75.629997
********************************************************************************
Round 550
ROUND_ACCURACY method=FedPhoenixRG round=551 accuracy=74.489998
********************************************************************************
Round 551
ROUND_ACCURACY method=FedPhoenixRG round=552 accuracy=77.410004
********************************************************************************
Round 552
ROUND_ACCURACY method=FedPhoenixRG round=553 accuracy=76.559998
********************************************************************************
Round 553
ROUND_ACCURACY method=FedPhoenixRG round=554 accuracy=74.820000
********************************************************************************
Round 554
ROUND_ACCURACY method=FedPhoenixRG round=555 accuracy=76.980003
********************************************************************************
Round 555
ROUND_ACCURACY method=FedPhoenixRG round=556 accuracy=73.839996
********************************************************************************
Round 556
ROUND_ACCURACY method=FedPhoenixRG round=557 accuracy=76.349998
********************************************************************************
Round 557
ROUND_ACCURACY method=FedPhoenixRG round=558 accuracy=78.769997
********************************************************************************
Round 558
ROUND_ACCURACY method=FedPhoenixRG round=559 accuracy=76.790001
********************************************************************************
Round 559
RG_SCORE round=560 layer=features.0 mean_q=0.156064 max_q=0.630120 fraction_q_positive=0.734375 sampling_entropy=3.834809 uniform_entropy=4.158883 entropy_gap=0.324075 max_probability_over_uniform=3.278178 min_probability_over_uniform=0.250000
RG_SCORE round=560 layer=features.3 mean_q=0.049217 max_q=0.156389 fraction_q_positive=0.750000 sampling_entropy=3.916395 uniform_entropy=4.158883 entropy_gap=0.242488 max_probability_over_uniform=2.633161 min_probability_over_uniform=0.250000
RG_SCORE round=560 layer=features.7 mean_q=0.064911 max_q=0.180639 fraction_q_positive=0.906250 sampling_entropy=4.721768 uniform_entropy=4.852030 entropy_gap=0.130262 max_probability_over_uniform=2.337153 min_probability_over_uniform=0.250000
RG_SCORE round=560 layer=features.10 mean_q=0.066662 max_q=0.135675 fraction_q_positive=0.960938 sampling_entropy=4.799663 uniform_entropy=4.852030 entropy_gap=0.052367 max_probability_over_uniform=1.776444 min_probability_over_uniform=0.250000
RG_SCORE round=560 layer=features.14 mean_q=0.079216 max_q=0.179027 fraction_q_positive=1.000000 sampling_entropy=5.507287 uniform_entropy=5.545177 entropy_gap=0.037890 max_probability_over_uniform=1.944984 min_probability_over_uniform=0.274741
RG_SCORE round=560 layer=features.17 mean_q=0.078519 max_q=0.135482 fraction_q_positive=0.996094 sampling_entropy=5.523034 uniform_entropy=5.545177 entropy_gap=0.022144 max_probability_over_uniform=1.544092 min_probability_over_uniform=0.250000
RG_SCORE round=560 layer=features.20 mean_q=0.070769 max_q=0.129369 fraction_q_positive=1.000000 sampling_entropy=5.520076 uniform_entropy=5.545177 entropy_gap=0.025102 max_probability_over_uniform=1.621030 min_probability_over_uniform=0.392570
RG_SCORE round=560 layer=features.24 mean_q=0.086174 max_q=0.165231 fraction_q_positive=0.996094 sampling_entropy=6.204452 uniform_entropy=6.238325 entropy_gap=0.033872 max_probability_over_uniform=1.688062 min_probability_over_uniform=0.250000
RG_SCORE round=560 layer=features.27 mean_q=0.086969 max_q=0.162104 fraction_q_positive=0.996094 sampling_entropy=6.210549 uniform_entropy=6.238325 entropy_gap=0.027776 max_probability_over_uniform=1.647950 min_probability_over_uniform=0.250000
RG_SCORE round=560 layer=features.30 mean_q=0.076952 max_q=0.143882 fraction_q_positive=0.998047 sampling_entropy=6.203817 uniform_entropy=6.238325 entropy_gap=0.034508 max_probability_over_uniform=1.652328 min_probability_over_uniform=0.250000
RG_SCORE round=560 layer=features.34 mean_q=0.161137 max_q=0.327119 fraction_q_positive=0.994141 sampling_entropy=6.195426 uniform_entropy=6.238325 entropy_gap=0.042899 max_probability_over_uniform=1.772550 min_probability_over_uniform=0.250000
RG_SCORE round=560 layer=features.37 mean_q=0.159773 max_q=0.299841 fraction_q_positive=0.994141 sampling_entropy=6.204642 uniform_entropy=6.238325 entropy_gap=0.033683 max_probability_over_uniform=1.657498 min_probability_over_uniform=0.250000
RG_SCORE round=560 layer=features.40 mean_q=0.093696 max_q=0.274432 fraction_q_positive=0.966797 sampling_entropy=6.134957 uniform_entropy=6.238325 entropy_gap=0.103368 max_probability_over_uniform=2.446725 min_probability_over_uniform=0.250000
ROUND_ACCURACY method=FedPhoenixRG round=560 accuracy=79.300003
********************************************************************************
Round 560
ROUND_ACCURACY method=FedPhoenixRG round=561 accuracy=80.110001
********************************************************************************
Round 561
ROUND_ACCURACY method=FedPhoenixRG round=562 accuracy=77.639999
********************************************************************************
Round 562
ROUND_ACCURACY method=FedPhoenixRG round=563 accuracy=69.680000
********************************************************************************
Round 563
ROUND_ACCURACY method=FedPhoenixRG round=564 accuracy=76.430000
********************************************************************************
Round 564
ROUND_ACCURACY method=FedPhoenixRG round=565 accuracy=81.019997
********************************************************************************
Round 565
ROUND_ACCURACY method=FedPhoenixRG round=566 accuracy=68.360001
********************************************************************************
Round 566
ROUND_ACCURACY method=FedPhoenixRG round=567 accuracy=76.190002
********************************************************************************
Round 567
ROUND_ACCURACY method=FedPhoenixRG round=568 accuracy=70.750000
********************************************************************************
Round 568
ROUND_ACCURACY method=FedPhoenixRG round=569 accuracy=65.510002
********************************************************************************
Round 569
ROUND_ACCURACY method=FedPhoenixRG round=570 accuracy=81.599998
********************************************************************************
Round 570
ROUND_ACCURACY method=FedPhoenixRG round=571 accuracy=73.080002
********************************************************************************
Round 571
ROUND_ACCURACY method=FedPhoenixRG round=572 accuracy=79.070000
********************************************************************************
Round 572
ROUND_ACCURACY method=FedPhoenixRG round=573 accuracy=80.540001
********************************************************************************
Round 573
ROUND_ACCURACY method=FedPhoenixRG round=574 accuracy=81.529999
********************************************************************************
Round 574
ROUND_ACCURACY method=FedPhoenixRG round=575 accuracy=66.540001
********************************************************************************
Round 575
ROUND_ACCURACY method=FedPhoenixRG round=576 accuracy=74.000000
********************************************************************************
Round 576
ROUND_ACCURACY method=FedPhoenixRG round=577 accuracy=80.500000
********************************************************************************
Round 577
ROUND_ACCURACY method=FedPhoenixRG round=578 accuracy=73.669998
********************************************************************************
Round 578
ROUND_ACCURACY method=FedPhoenixRG round=579 accuracy=63.279999
********************************************************************************
Round 579
RG_SCORE round=580 layer=features.0 mean_q=0.093995 max_q=0.267331 fraction_q_positive=0.937500 sampling_entropy=4.036289 uniform_entropy=4.158883 entropy_gap=0.122594 max_probability_over_uniform=2.383080 min_probability_over_uniform=0.250000
RG_SCORE round=580 layer=features.3 mean_q=0.092950 max_q=0.128572 fraction_q_positive=1.000000 sampling_entropy=4.145500 uniform_entropy=4.158883 entropy_gap=0.013383 max_probability_over_uniform=1.287428 min_probability_over_uniform=0.647411
RG_SCORE round=580 layer=features.7 mean_q=0.100586 max_q=0.141983 fraction_q_positive=1.000000 sampling_entropy=4.844660 uniform_entropy=4.852030 entropy_gap=0.007370 max_probability_over_uniform=1.308676 min_probability_over_uniform=0.596803
RG_SCORE round=580 layer=features.10 mean_q=0.098788 max_q=0.135006 fraction_q_positive=1.000000 sampling_entropy=4.847908 uniform_entropy=4.852030 entropy_gap=0.004122 max_probability_over_uniform=1.274970 min_probability_over_uniform=0.777569
RG_SCORE round=580 layer=features.14 mean_q=0.104762 max_q=0.144545 fraction_q_positive=1.000000 sampling_entropy=5.539152 uniform_entropy=5.545177 entropy_gap=0.006025 max_probability_over_uniform=1.284806 min_probability_over_uniform=0.655585
RG_SCORE round=580 layer=features.17 mean_q=0.105398 max_q=0.141537 fraction_q_positive=1.000000 sampling_entropy=5.541155 uniform_entropy=5.545177 entropy_gap=0.004022 max_probability_over_uniform=1.257161 min_probability_over_uniform=0.710752
RG_SCORE round=580 layer=features.20 mean_q=0.093238 max_q=0.126861 fraction_q_positive=1.000000 sampling_entropy=5.540616 uniform_entropy=5.545177 entropy_gap=0.004562 max_probability_over_uniform=1.270458 min_probability_over_uniform=0.713410
RG_SCORE round=580 layer=features.24 mean_q=0.113367 max_q=0.170167 fraction_q_positive=1.000000 sampling_entropy=6.228091 uniform_entropy=6.238325 entropy_gap=0.010234 max_probability_over_uniform=1.375764 min_probability_over_uniform=0.473860
RG_SCORE round=580 layer=features.27 mean_q=0.122035 max_q=0.191245 fraction_q_positive=1.000000 sampling_entropy=6.227397 uniform_entropy=6.238325 entropy_gap=0.010927 max_probability_over_uniform=1.425350 min_probability_over_uniform=0.499390
RG_SCORE round=580 layer=features.30 mean_q=0.107283 max_q=0.159224 fraction_q_positive=1.000000 sampling_entropy=6.228209 uniform_entropy=6.238325 entropy_gap=0.010116 max_probability_over_uniform=1.363106 min_probability_over_uniform=0.521410
RG_SCORE round=580 layer=features.34 mean_q=0.222985 max_q=0.358784 fraction_q_positive=0.998047 sampling_entropy=6.207213 uniform_entropy=6.238325 entropy_gap=0.031112 max_probability_over_uniform=1.456751 min_probability_over_uniform=0.250000
RG_SCORE round=580 layer=features.37 mean_q=0.182520 max_q=0.337862 fraction_q_positive=0.994141 sampling_entropy=6.193958 uniform_entropy=6.238325 entropy_gap=0.044367 max_probability_over_uniform=1.638321 min_probability_over_uniform=0.250000
RG_SCORE round=580 layer=features.40 mean_q=0.113978 max_q=0.341315 fraction_q_positive=0.947266 sampling_entropy=6.129519 uniform_entropy=6.238325 entropy_gap=0.108806 max_probability_over_uniform=2.495919 min_probability_over_uniform=0.250000
ROUND_ACCURACY method=FedPhoenixRG round=580 accuracy=80.150002
********************************************************************************
Round 580
ROUND_ACCURACY method=FedPhoenixRG round=581 accuracy=78.809998
********************************************************************************
Round 581
ROUND_ACCURACY method=FedPhoenixRG round=582 accuracy=74.779999
********************************************************************************
Round 582
ROUND_ACCURACY method=FedPhoenixRG round=583 accuracy=77.629997
********************************************************************************
Round 583
ROUND_ACCURACY method=FedPhoenixRG round=584 accuracy=77.440002
********************************************************************************
Round 584
ROUND_ACCURACY method=FedPhoenixRG round=585 accuracy=74.099998
********************************************************************************
Round 585
ROUND_ACCURACY method=FedPhoenixRG round=586 accuracy=76.059998
********************************************************************************
Round 586
ROUND_ACCURACY method=FedPhoenixRG round=587 accuracy=65.389999
********************************************************************************
Round 587
ROUND_ACCURACY method=FedPhoenixRG round=588 accuracy=72.739998
********************************************************************************
Round 588
ROUND_ACCURACY method=FedPhoenixRG round=589 accuracy=78.599998
********************************************************************************
Round 589
ROUND_ACCURACY method=FedPhoenixRG round=590 accuracy=76.040001
********************************************************************************
Round 590
ROUND_ACCURACY method=FedPhoenixRG round=591 accuracy=62.139999
********************************************************************************
Round 591
ROUND_ACCURACY method=FedPhoenixRG round=592 accuracy=65.940002
********************************************************************************
Round 592
ROUND_ACCURACY method=FedPhoenixRG round=593 accuracy=79.190002
********************************************************************************
Round 593
ROUND_ACCURACY method=FedPhoenixRG round=594 accuracy=74.660004
********************************************************************************
Round 594
ROUND_ACCURACY method=FedPhoenixRG round=595 accuracy=79.750000
********************************************************************************
Round 595
ROUND_ACCURACY method=FedPhoenixRG round=596 accuracy=77.260002
********************************************************************************
Round 596
ROUND_ACCURACY method=FedPhoenixRG round=597 accuracy=78.120003
********************************************************************************
Round 597
ROUND_ACCURACY method=FedPhoenixRG round=598 accuracy=75.959999
********************************************************************************
Round 598
ROUND_ACCURACY method=FedPhoenixRG round=599 accuracy=71.220001
********************************************************************************
Round 599
RG_SCORE round=600 layer=features.0 mean_q=0.094165 max_q=0.432515 fraction_q_positive=0.812500 sampling_entropy=3.942626 uniform_entropy=4.158883 entropy_gap=0.216257 max_probability_over_uniform=3.694867 min_probability_over_uniform=0.250000
RG_SCORE round=600 layer=features.3 mean_q=0.082290 max_q=0.156203 fraction_q_positive=0.953125 sampling_entropy=4.096798 uniform_entropy=4.158883 entropy_gap=0.062085 max_probability_over_uniform=1.673648 min_probability_over_uniform=0.250000
RG_SCORE round=600 layer=features.7 mean_q=0.079917 max_q=0.165925 fraction_q_positive=0.968750 sampling_entropy=4.797019 uniform_entropy=4.852030 entropy_gap=0.055011 max_probability_over_uniform=1.807168 min_probability_over_uniform=0.250000
RG_SCORE round=600 layer=features.10 mean_q=0.077992 max_q=0.137281 fraction_q_positive=1.000000 sampling_entropy=4.832829 uniform_entropy=4.852030 entropy_gap=0.019201 max_probability_over_uniform=1.570146 min_probability_over_uniform=0.453578
RG_SCORE round=600 layer=features.14 mean_q=0.084323 max_q=0.166884 fraction_q_positive=1.000000 sampling_entropy=5.524850 uniform_entropy=5.545177 entropy_gap=0.020327 max_probability_over_uniform=1.734321 min_probability_over_uniform=0.393500
RG_SCORE round=600 layer=features.17 mean_q=0.088346 max_q=0.136234 fraction_q_positive=1.000000 sampling_entropy=5.532460 uniform_entropy=5.545177 entropy_gap=0.012717 max_probability_over_uniform=1.406532 min_probability_over_uniform=0.439741
RG_SCORE round=600 layer=features.20 mean_q=0.080067 max_q=0.124483 fraction_q_positive=1.000000 sampling_entropy=5.532858 uniform_entropy=5.545177 entropy_gap=0.012319 max_probability_over_uniform=1.416057 min_probability_over_uniform=0.577129
RG_SCORE round=600 layer=features.24 mean_q=0.105857 max_q=0.167428 fraction_q_positive=0.998047 sampling_entropy=6.221763 uniform_entropy=6.238325 entropy_gap=0.016562 max_probability_over_uniform=1.436240 min_probability_over_uniform=0.250000
RG_SCORE round=600 layer=features.27 mean_q=0.112514 max_q=0.177089 fraction_q_positive=1.000000 sampling_entropy=6.219102 uniform_entropy=6.238325 entropy_gap=0.019222 max_probability_over_uniform=1.430447 min_probability_over_uniform=0.348012
RG_SCORE round=600 layer=features.30 mean_q=0.097033 max_q=0.164603 fraction_q_positive=0.998047 sampling_entropy=6.218619 uniform_entropy=6.238325 entropy_gap=0.019706 max_probability_over_uniform=1.522272 min_probability_over_uniform=0.250000
RG_SCORE round=600 layer=features.34 mean_q=0.223630 max_q=0.362428 fraction_q_positive=0.992188 sampling_entropy=6.209379 uniform_entropy=6.238325 entropy_gap=0.028945 max_probability_over_uniform=1.465494 min_probability_over_uniform=0.250000
RG_SCORE round=600 layer=features.37 mean_q=0.217910 max_q=0.345282 fraction_q_positive=0.992188 sampling_entropy=6.212683 uniform_entropy=6.238325 entropy_gap=0.025642 max_probability_over_uniform=1.438385 min_probability_over_uniform=0.250000
RG_SCORE round=600 layer=features.40 mean_q=0.177650 max_q=0.434364 fraction_q_positive=0.980469 sampling_entropy=6.166614 uniform_entropy=6.238325 entropy_gap=0.071711 max_probability_over_uniform=2.083788 min_probability_over_uniform=0.250000
ROUND_ACCURACY method=FedPhoenixRG round=600 accuracy=78.050003
********************************************************************************
Round 600
ROUND_ACCURACY method=FedPhoenixRG round=601 accuracy=77.879997
********************************************************************************
Round 601
ROUND_ACCURACY method=FedPhoenixRG round=602 accuracy=81.470001
********************************************************************************
Round 602
ROUND_ACCURACY method=FedPhoenixRG round=603 accuracy=80.269997
********************************************************************************
Round 603
ROUND_ACCURACY method=FedPhoenixRG round=604 accuracy=79.879997
********************************************************************************
Round 604
ROUND_ACCURACY method=FedPhoenixRG round=605 accuracy=71.139999
********************************************************************************
Round 605
ROUND_ACCURACY method=FedPhoenixRG round=606 accuracy=74.589996
********************************************************************************
Round 606
ROUND_ACCURACY method=FedPhoenixRG round=607 accuracy=70.309998
********************************************************************************
Round 607
ROUND_ACCURACY method=FedPhoenixRG round=608 accuracy=71.379997
********************************************************************************
Round 608
ROUND_ACCURACY method=FedPhoenixRG round=609 accuracy=80.230003
********************************************************************************
Round 609
ROUND_ACCURACY method=FedPhoenixRG round=610 accuracy=73.110001
********************************************************************************
Round 610
ROUND_ACCURACY method=FedPhoenixRG round=611 accuracy=80.750000
********************************************************************************
Round 611
ROUND_ACCURACY method=FedPhoenixRG round=612 accuracy=80.040001
********************************************************************************
Round 612
ROUND_ACCURACY method=FedPhoenixRG round=613 accuracy=77.360001
********************************************************************************
Round 613
ROUND_ACCURACY method=FedPhoenixRG round=614 accuracy=69.739998
********************************************************************************
Round 614
ROUND_ACCURACY method=FedPhoenixRG round=615 accuracy=73.510002
********************************************************************************
Round 615
ROUND_ACCURACY method=FedPhoenixRG round=616 accuracy=78.410004
********************************************************************************
Round 616
ROUND_ACCURACY method=FedPhoenixRG round=617 accuracy=79.320000
********************************************************************************
Round 617
ROUND_ACCURACY method=FedPhoenixRG round=618 accuracy=73.930000
********************************************************************************
Round 618
ROUND_ACCURACY method=FedPhoenixRG round=619 accuracy=76.620003
********************************************************************************
Round 619
RG_SCORE round=620 layer=features.0 mean_q=0.089783 max_q=0.279996 fraction_q_positive=0.875000 sampling_entropy=4.015735 uniform_entropy=4.158883 entropy_gap=0.143148 max_probability_over_uniform=2.588926 min_probability_over_uniform=0.250000
RG_SCORE round=620 layer=features.3 mean_q=0.089830 max_q=0.140152 fraction_q_positive=1.000000 sampling_entropy=4.146543 uniform_entropy=4.158883 entropy_gap=0.012340 max_probability_over_uniform=1.420140 min_probability_over_uniform=0.621937
RG_SCORE round=620 layer=features.7 mean_q=0.088602 max_q=0.158201 fraction_q_positive=1.000000 sampling_entropy=4.843233 uniform_entropy=4.852030 entropy_gap=0.008797 max_probability_over_uniform=1.589152 min_probability_over_uniform=0.718211
RG_SCORE round=620 layer=features.10 mean_q=0.088518 max_q=0.123153 fraction_q_positive=1.000000 sampling_entropy=4.846899 uniform_entropy=4.852030 entropy_gap=0.005131 max_probability_over_uniform=1.293452 min_probability_over_uniform=0.687280
RG_SCORE round=620 layer=features.14 mean_q=0.096057 max_q=0.134672 fraction_q_positive=1.000000 sampling_entropy=5.539374 uniform_entropy=5.545177 entropy_gap=0.005803 max_probability_over_uniform=1.301497 min_probability_over_uniform=0.654886
RG_SCORE round=620 layer=features.17 mean_q=0.097349 max_q=0.128207 fraction_q_positive=1.000000 sampling_entropy=5.541245 uniform_entropy=5.545177 entropy_gap=0.003932 max_probability_over_uniform=1.237731 min_probability_over_uniform=0.784998
RG_SCORE round=620 layer=features.20 mean_q=0.085125 max_q=0.111141 fraction_q_positive=1.000000 sampling_entropy=5.540822 uniform_entropy=5.545177 entropy_gap=0.004356 max_probability_over_uniform=1.229215 min_probability_over_uniform=0.720856
RG_SCORE round=620 layer=features.24 mean_q=0.114881 max_q=0.180904 fraction_q_positive=1.000000 sampling_entropy=6.231087 uniform_entropy=6.238325 entropy_gap=0.007238 max_probability_over_uniform=1.431028 min_probability_over_uniform=0.554907
RG_SCORE round=620 layer=features.27 mean_q=0.125707 max_q=0.182893 fraction_q_positive=1.000000 sampling_entropy=6.230467 uniform_entropy=6.238325 entropy_gap=0.007858 max_probability_over_uniform=1.341189 min_probability_over_uniform=0.615075
RG_SCORE round=620 layer=features.30 mean_q=0.110439 max_q=0.163270 fraction_q_positive=1.000000 sampling_entropy=6.229650 uniform_entropy=6.238325 entropy_gap=0.008674 max_probability_over_uniform=1.358779 min_probability_over_uniform=0.585253
RG_SCORE round=620 layer=features.34 mean_q=0.235176 max_q=0.416918 fraction_q_positive=0.994141 sampling_entropy=6.211975 uniform_entropy=6.238325 entropy_gap=0.026350 max_probability_over_uniform=1.579594 min_probability_over_uniform=0.250000
RG_SCORE round=620 layer=features.37 mean_q=0.203077 max_q=0.366748 fraction_q_positive=0.980469 sampling_entropy=6.190068 uniform_entropy=6.238325 entropy_gap=0.048257 max_probability_over_uniform=1.604463 min_probability_over_uniform=0.250000
RG_SCORE round=620 layer=features.40 mean_q=0.132377 max_q=0.434679 fraction_q_positive=0.888672 sampling_entropy=6.102560 uniform_entropy=6.238325 entropy_gap=0.135764 max_probability_over_uniform=2.712742 min_probability_over_uniform=0.250000
ROUND_ACCURACY method=FedPhoenixRG round=620 accuracy=71.699997
********************************************************************************
Round 620
ROUND_ACCURACY method=FedPhoenixRG round=621 accuracy=68.910004
********************************************************************************
Round 621
ROUND_ACCURACY method=FedPhoenixRG round=622 accuracy=79.459999
********************************************************************************
Round 622
ROUND_ACCURACY method=FedPhoenixRG round=623 accuracy=43.330002
********************************************************************************
Round 623
ROUND_ACCURACY method=FedPhoenixRG round=624 accuracy=74.779999
********************************************************************************
Round 624
ROUND_ACCURACY method=FedPhoenixRG round=625 accuracy=75.580002
********************************************************************************
Round 625
ROUND_ACCURACY method=FedPhoenixRG round=626 accuracy=67.269997
********************************************************************************
Round 626
ROUND_ACCURACY method=FedPhoenixRG round=627 accuracy=78.169998
********************************************************************************
Round 627
ROUND_ACCURACY method=FedPhoenixRG round=628 accuracy=68.230003
********************************************************************************
Round 628
ROUND_ACCURACY method=FedPhoenixRG round=629 accuracy=78.940002
********************************************************************************
Round 629
ROUND_ACCURACY method=FedPhoenixRG round=630 accuracy=78.169998
********************************************************************************
Round 630
ROUND_ACCURACY method=FedPhoenixRG round=631 accuracy=78.290001
********************************************************************************
Round 631
ROUND_ACCURACY method=FedPhoenixRG round=632 accuracy=75.370003
********************************************************************************
Round 632
ROUND_ACCURACY method=FedPhoenixRG round=633 accuracy=70.470001
********************************************************************************
Round 633
ROUND_ACCURACY method=FedPhoenixRG round=634 accuracy=79.309998
********************************************************************************
Round 634
ROUND_ACCURACY method=FedPhoenixRG round=635 accuracy=75.050003
********************************************************************************
Round 635
ROUND_ACCURACY method=FedPhoenixRG round=636 accuracy=79.110001
********************************************************************************
Round 636
ROUND_ACCURACY method=FedPhoenixRG round=637 accuracy=80.650002
********************************************************************************
Round 637
ROUND_ACCURACY method=FedPhoenixRG round=638 accuracy=79.129997
********************************************************************************
Round 638
ROUND_ACCURACY method=FedPhoenixRG round=639 accuracy=69.050003
********************************************************************************
Round 639
RG_SCORE round=640 layer=features.0 mean_q=0.093422 max_q=0.313017 fraction_q_positive=0.718750 sampling_entropy=3.899192 uniform_entropy=4.158883 entropy_gap=0.259691 max_probability_over_uniform=2.762938 min_probability_over_uniform=0.250000
RG_SCORE round=640 layer=features.3 mean_q=0.050513 max_q=0.114827 fraction_q_positive=0.984375 sampling_entropy=4.078611 uniform_entropy=4.158883 entropy_gap=0.080272 max_probability_over_uniform=1.954906 min_probability_over_uniform=0.250000
RG_SCORE round=640 layer=features.7 mean_q=0.065221 max_q=0.118482 fraction_q_positive=0.992188 sampling_entropy=4.818471 uniform_entropy=4.852030 entropy_gap=0.033559 max_probability_over_uniform=1.612475 min_probability_over_uniform=0.250000
RG_SCORE round=640 layer=features.10 mean_q=0.064893 max_q=0.100593 fraction_q_positive=1.000000 sampling_entropy=4.837257 uniform_entropy=4.852030 entropy_gap=0.014773 max_probability_over_uniform=1.412598 min_probability_over_uniform=0.594479
RG_SCORE round=640 layer=features.14 mean_q=0.069167 max_q=0.120417 fraction_q_positive=1.000000 sampling_entropy=5.529259 uniform_entropy=5.545177 entropy_gap=0.015918 max_probability_over_uniform=1.555730 min_probability_over_uniform=0.446256
RG_SCORE round=640 layer=features.17 mean_q=0.071204 max_q=0.110299 fraction_q_positive=1.000000 sampling_entropy=5.532694 uniform_entropy=5.545177 entropy_gap=0.012484 max_probability_over_uniform=1.411789 min_probability_over_uniform=0.577697
RG_SCORE round=640 layer=features.20 mean_q=0.066907 max_q=0.094432 fraction_q_positive=1.000000 sampling_entropy=5.535693 uniform_entropy=5.545177 entropy_gap=0.009484 max_probability_over_uniform=1.308540 min_probability_over_uniform=0.630519
RG_SCORE round=640 layer=features.24 mean_q=0.090431 max_q=0.204135 fraction_q_positive=1.000000 sampling_entropy=6.219349 uniform_entropy=6.238325 entropy_gap=0.018976 max_probability_over_uniform=1.943015 min_probability_over_uniform=0.389986
RG_SCORE round=640 layer=features.27 mean_q=0.111720 max_q=0.180240 fraction_q_positive=1.000000 sampling_entropy=6.224550 uniform_entropy=6.238325 entropy_gap=0.013775 max_probability_over_uniform=1.459986 min_probability_over_uniform=0.517170
RG_SCORE round=640 layer=features.30 mean_q=0.096368 max_q=0.146540 fraction_q_positive=1.000000 sampling_entropy=6.223952 uniform_entropy=6.238325 entropy_gap=0.014373 max_probability_over_uniform=1.390473 min_probability_over_uniform=0.503222
RG_SCORE round=640 layer=features.34 mean_q=0.217984 max_q=0.376220 fraction_q_positive=0.998047 sampling_entropy=6.213689 uniform_entropy=6.238325 entropy_gap=0.024636 max_probability_over_uniform=1.544433 min_probability_over_uniform=0.250000
RG_SCORE round=640 layer=features.37 mean_q=0.181298 max_q=0.338801 fraction_q_positive=1.000000 sampling_entropy=6.202345 uniform_entropy=6.238325 entropy_gap=0.035979 max_probability_over_uniform=1.651563 min_probability_over_uniform=0.272837
RG_SCORE round=640 layer=features.40 mean_q=0.105622 max_q=0.325080 fraction_q_positive=0.882812 sampling_entropy=6.096044 uniform_entropy=6.238325 entropy_gap=0.142280 max_probability_over_uniform=2.558330 min_probability_over_uniform=0.250000
ROUND_ACCURACY method=FedPhoenixRG round=640 accuracy=77.889999
********************************************************************************
Round 640
ROUND_ACCURACY method=FedPhoenixRG round=641 accuracy=81.070000
********************************************************************************
Round 641
ROUND_ACCURACY method=FedPhoenixRG round=642 accuracy=78.680000
********************************************************************************
Round 642
ROUND_ACCURACY method=FedPhoenixRG round=643 accuracy=73.500000
********************************************************************************
Round 643
ROUND_ACCURACY method=FedPhoenixRG round=644 accuracy=75.699997
********************************************************************************
Round 644
ROUND_ACCURACY method=FedPhoenixRG round=645 accuracy=76.540001
********************************************************************************
Round 645
ROUND_ACCURACY method=FedPhoenixRG round=646 accuracy=74.220001
********************************************************************************
Round 646
ROUND_ACCURACY method=FedPhoenixRG round=647 accuracy=80.699997
********************************************************************************
Round 647
ROUND_ACCURACY method=FedPhoenixRG round=648 accuracy=80.599998
********************************************************************************
Round 648
ROUND_ACCURACY method=FedPhoenixRG round=649 accuracy=79.769997
********************************************************************************
Round 649
ROUND_ACCURACY method=FedPhoenixRG round=650 accuracy=80.239998
********************************************************************************
Round 650
ROUND_ACCURACY method=FedPhoenixRG round=651 accuracy=76.629997
********************************************************************************
Round 651
ROUND_ACCURACY method=FedPhoenixRG round=652 accuracy=75.629997
********************************************************************************
Round 652
ROUND_ACCURACY method=FedPhoenixRG round=653 accuracy=76.500000
********************************************************************************
Round 653
ROUND_ACCURACY method=FedPhoenixRG round=654 accuracy=81.029999
********************************************************************************
Round 654
ROUND_ACCURACY method=FedPhoenixRG round=655 accuracy=80.010002
********************************************************************************
Round 655
ROUND_ACCURACY method=FedPhoenixRG round=656 accuracy=73.699997
********************************************************************************
Round 656
ROUND_ACCURACY method=FedPhoenixRG round=657 accuracy=81.330002
********************************************************************************
Round 657
ROUND_ACCURACY method=FedPhoenixRG round=658 accuracy=80.629997
********************************************************************************
Round 658
ROUND_ACCURACY method=FedPhoenixRG round=659 accuracy=79.110001
********************************************************************************
Round 659
RG_SCORE round=660 layer=features.0 mean_q=0.073636 max_q=0.198209 fraction_q_positive=0.765625 sampling_entropy=3.947558 uniform_entropy=4.158883 entropy_gap=0.211326 max_probability_over_uniform=2.268798 min_probability_over_uniform=0.250000
RG_SCORE round=660 layer=features.3 mean_q=0.069344 max_q=0.116437 fraction_q_positive=0.984375 sampling_entropy=4.117772 uniform_entropy=4.158883 entropy_gap=0.041111 max_probability_over_uniform=1.509335 min_probability_over_uniform=0.250000
RG_SCORE round=660 layer=features.7 mean_q=0.078488 max_q=0.144163 fraction_q_positive=1.000000 sampling_entropy=4.834864 uniform_entropy=4.852030 entropy_gap=0.017166 max_probability_over_uniform=1.627558 min_probability_over_uniform=0.587070
RG_SCORE round=660 layer=features.10 mean_q=0.076423 max_q=0.102515 fraction_q_positive=1.000000 sampling_entropy=4.844319 uniform_entropy=4.852030 entropy_gap=0.007711 max_probability_over_uniform=1.256067 min_probability_over_uniform=0.595858
RG_SCORE round=660 layer=features.14 mean_q=0.083789 max_q=0.139262 fraction_q_positive=1.000000 sampling_entropy=5.535261 uniform_entropy=5.545177 entropy_gap=0.009917 max_probability_over_uniform=1.496538 min_probability_over_uniform=0.627562
RG_SCORE round=660 layer=features.17 mean_q=0.085747 max_q=0.134729 fraction_q_positive=1.000000 sampling_entropy=5.533957 uniform_entropy=5.545177 entropy_gap=0.011221 max_probability_over_uniform=1.428429 min_probability_over_uniform=0.452046
RG_SCORE round=660 layer=features.20 mean_q=0.077869 max_q=0.113805 fraction_q_positive=1.000000 sampling_entropy=5.536573 uniform_entropy=5.545177 entropy_gap=0.008605 max_probability_over_uniform=1.346121 min_probability_over_uniform=0.500149
RG_SCORE round=660 layer=features.24 mean_q=0.105235 max_q=0.183814 fraction_q_positive=1.000000 sampling_entropy=6.219419 uniform_entropy=6.238325 entropy_gap=0.018905 max_probability_over_uniform=1.560030 min_probability_over_uniform=0.424144
RG_SCORE round=660 layer=features.27 mean_q=0.132818 max_q=0.204746 fraction_q_positive=1.000000 sampling_entropy=6.222335 uniform_entropy=6.238325 entropy_gap=0.015989 max_probability_over_uniform=1.406167 min_probability_over_uniform=0.485742
RG_SCORE round=660 layer=features.30 mean_q=0.107480 max_q=0.166415 fraction_q_positive=1.000000 sampling_entropy=6.222902 uniform_entropy=6.238325 entropy_gap=0.015422 max_probability_over_uniform=1.411256 min_probability_over_uniform=0.340866
RG_SCORE round=660 layer=features.34 mean_q=0.255390 max_q=0.364168 fraction_q_positive=1.000000 sampling_entropy=6.220965 uniform_entropy=6.238325 entropy_gap=0.017360 max_probability_over_uniform=1.319448 min_probability_over_uniform=0.451493
RG_SCORE round=660 layer=features.37 mean_q=0.262646 max_q=0.388307 fraction_q_positive=1.000000 sampling_entropy=6.224597 uniform_entropy=6.238325 entropy_gap=0.013727 max_probability_over_uniform=1.358833 min_probability_over_uniform=0.326864
RG_SCORE round=660 layer=features.40 mean_q=0.227248 max_q=0.443311 fraction_q_positive=0.996094 sampling_entropy=6.202728 uniform_entropy=6.238325 entropy_gap=0.035596 max_probability_over_uniform=1.713086 min_probability_over_uniform=0.250000
ROUND_ACCURACY method=FedPhoenixRG round=660 accuracy=71.610001
********************************************************************************
Round 660
ROUND_ACCURACY method=FedPhoenixRG round=661 accuracy=77.419998
********************************************************************************
Round 661
ROUND_ACCURACY method=FedPhoenixRG round=662 accuracy=78.650002
********************************************************************************
Round 662
ROUND_ACCURACY method=FedPhoenixRG round=663 accuracy=79.809998
********************************************************************************
Round 663
ROUND_ACCURACY method=FedPhoenixRG round=664 accuracy=81.419998
********************************************************************************
Round 664
ROUND_ACCURACY method=FedPhoenixRG round=665 accuracy=80.680000
********************************************************************************
Round 665
ROUND_ACCURACY method=FedPhoenixRG round=666 accuracy=81.059998
********************************************************************************
Round 666
ROUND_ACCURACY method=FedPhoenixRG round=667 accuracy=80.360001
********************************************************************************
Round 667
ROUND_ACCURACY method=FedPhoenixRG round=668 accuracy=76.379997
********************************************************************************
Round 668
ROUND_ACCURACY method=FedPhoenixRG round=669 accuracy=81.660004
********************************************************************************
Round 669
ROUND_ACCURACY method=FedPhoenixRG round=670 accuracy=67.750000
********************************************************************************
Round 670
ROUND_ACCURACY method=FedPhoenixRG round=671 accuracy=72.230003
********************************************************************************
Round 671
ROUND_ACCURACY method=FedPhoenixRG round=672 accuracy=71.099998
********************************************************************************
Round 672
ROUND_ACCURACY method=FedPhoenixRG round=673 accuracy=80.339996
********************************************************************************
Round 673
ROUND_ACCURACY method=FedPhoenixRG round=674 accuracy=74.910004
********************************************************************************
Round 674
ROUND_ACCURACY method=FedPhoenixRG round=675 accuracy=77.669998
********************************************************************************
Round 675
ROUND_ACCURACY method=FedPhoenixRG round=676 accuracy=79.260002
********************************************************************************
Round 676
ROUND_ACCURACY method=FedPhoenixRG round=677 accuracy=73.129997
********************************************************************************
Round 677
ROUND_ACCURACY method=FedPhoenixRG round=678 accuracy=75.129997
********************************************************************************
Round 678
ROUND_ACCURACY method=FedPhoenixRG round=679 accuracy=68.269997
********************************************************************************
Round 679
RG_SCORE round=680 layer=features.0 mean_q=0.061971 max_q=0.288920 fraction_q_positive=0.750000 sampling_entropy=3.896403 uniform_entropy=4.158883 entropy_gap=0.262480 max_probability_over_uniform=3.746615 min_probability_over_uniform=0.250000
RG_SCORE round=680 layer=features.3 mean_q=0.078575 max_q=0.118567 fraction_q_positive=1.000000 sampling_entropy=4.138618 uniform_entropy=4.158883 entropy_gap=0.020265 max_probability_over_uniform=1.381735 min_probability_over_uniform=0.569285
RG_SCORE round=680 layer=features.7 mean_q=0.091082 max_q=0.144213 fraction_q_positive=1.000000 sampling_entropy=4.838701 uniform_entropy=4.852030 entropy_gap=0.013329 max_probability_over_uniform=1.437501 min_probability_over_uniform=0.626620
RG_SCORE round=680 layer=features.10 mean_q=0.087669 max_q=0.130713 fraction_q_positive=1.000000 sampling_entropy=4.846873 uniform_entropy=4.852030 entropy_gap=0.005158 max_probability_over_uniform=1.368240 min_probability_over_uniform=0.761136
RG_SCORE round=680 layer=features.14 mean_q=0.095907 max_q=0.155523 fraction_q_positive=1.000000 sampling_entropy=5.538650 uniform_entropy=5.545177 entropy_gap=0.006528 max_probability_over_uniform=1.466202 min_probability_over_uniform=0.725612
RG_SCORE round=680 layer=features.17 mean_q=0.094603 max_q=0.140895 fraction_q_positive=1.000000 sampling_entropy=5.538792 uniform_entropy=5.545177 entropy_gap=0.006385 max_probability_over_uniform=1.366999 min_probability_over_uniform=0.720795
RG_SCORE round=680 layer=features.20 mean_q=0.084158 max_q=0.116369 fraction_q_positive=1.000000 sampling_entropy=5.541896 uniform_entropy=5.545177 entropy_gap=0.003282 max_probability_over_uniform=1.287056 min_probability_over_uniform=0.790383
RG_SCORE round=680 layer=features.24 mean_q=0.125885 max_q=0.204388 fraction_q_positive=1.000000 sampling_entropy=6.232342 uniform_entropy=6.238325 entropy_gap=0.005983 max_probability_over_uniform=1.467702 min_probability_over_uniform=0.733535
RG_SCORE round=680 layer=features.27 mean_q=0.160904 max_q=0.212218 fraction_q_positive=1.000000 sampling_entropy=6.233973 uniform_entropy=6.238325 entropy_gap=0.004352 max_probability_over_uniform=1.239184 min_probability_over_uniform=0.708860
RG_SCORE round=680 layer=features.30 mean_q=0.130712 max_q=0.181757 fraction_q_positive=1.000000 sampling_entropy=6.232798 uniform_entropy=6.238325 entropy_gap=0.005527 max_probability_over_uniform=1.292888 min_probability_over_uniform=0.706264
RG_SCORE round=680 layer=features.34 mean_q=0.295203 max_q=0.400453 fraction_q_positive=1.000000 sampling_entropy=6.231458 uniform_entropy=6.238325 entropy_gap=0.006867 max_probability_over_uniform=1.267400 min_probability_over_uniform=0.514786
RG_SCORE round=680 layer=features.37 mean_q=0.265571 max_q=0.361886 fraction_q_positive=1.000000 sampling_entropy=6.230912 uniform_entropy=6.238325 entropy_gap=0.007413 max_probability_over_uniform=1.272006 min_probability_over_uniform=0.335407
RG_SCORE round=680 layer=features.40 mean_q=0.181912 max_q=0.381533 fraction_q_positive=1.000000 sampling_entropy=6.194717 uniform_entropy=6.238325 entropy_gap=0.043607 max_probability_over_uniform=1.823010 min_probability_over_uniform=0.280390
ROUND_ACCURACY method=FedPhoenixRG round=680 accuracy=71.820000
********************************************************************************
Round 680
ROUND_ACCURACY method=FedPhoenixRG round=681 accuracy=77.110001
********************************************************************************
Round 681
ROUND_ACCURACY method=FedPhoenixRG round=682 accuracy=79.070000
********************************************************************************
Round 682
ROUND_ACCURACY method=FedPhoenixRG round=683 accuracy=81.459999
********************************************************************************
Round 683
ROUND_ACCURACY method=FedPhoenixRG round=684 accuracy=74.389999
********************************************************************************
Round 684
ROUND_ACCURACY method=FedPhoenixRG round=685 accuracy=74.220001
********************************************************************************
Round 685
ROUND_ACCURACY method=FedPhoenixRG round=686 accuracy=77.470001
********************************************************************************
Round 686
ROUND_ACCURACY method=FedPhoenixRG round=687 accuracy=73.849998
********************************************************************************
Round 687
ROUND_ACCURACY method=FedPhoenixRG round=688 accuracy=74.500000
********************************************************************************
Round 688
ROUND_ACCURACY method=FedPhoenixRG round=689 accuracy=77.400002
********************************************************************************
Round 689
ROUND_ACCURACY method=FedPhoenixRG round=690 accuracy=75.220001
********************************************************************************
Round 690
ROUND_ACCURACY method=FedPhoenixRG round=691 accuracy=76.559998
********************************************************************************
Round 691
ROUND_ACCURACY method=FedPhoenixRG round=692 accuracy=66.400002
********************************************************************************
Round 692
ROUND_ACCURACY method=FedPhoenixRG round=693 accuracy=79.639999
********************************************************************************
Round 693
ROUND_ACCURACY method=FedPhoenixRG round=694 accuracy=80.199997
********************************************************************************
Round 694
ROUND_ACCURACY method=FedPhoenixRG round=695 accuracy=79.550003
********************************************************************************
Round 695
ROUND_ACCURACY method=FedPhoenixRG round=696 accuracy=78.059998
********************************************************************************
Round 696
ROUND_ACCURACY method=FedPhoenixRG round=697 accuracy=74.800003
********************************************************************************
Round 697
ROUND_ACCURACY method=FedPhoenixRG round=698 accuracy=81.720001
********************************************************************************
Round 698
ROUND_ACCURACY method=FedPhoenixRG round=699 accuracy=77.230003
********************************************************************************
Round 699
RG_SCORE round=700 layer=features.0 mean_q=0.071144 max_q=0.245370 fraction_q_positive=0.812500 sampling_entropy=3.933868 uniform_entropy=4.158883 entropy_gap=0.225015 max_probability_over_uniform=2.836689 min_probability_over_uniform=0.250000
RG_SCORE round=700 layer=features.3 mean_q=0.082009 max_q=0.141447 fraction_q_positive=1.000000 sampling_entropy=4.133794 uniform_entropy=4.158883 entropy_gap=0.025089 max_probability_over_uniform=1.543574 min_probability_over_uniform=0.516014
RG_SCORE round=700 layer=features.7 mean_q=0.083217 max_q=0.170114 fraction_q_positive=1.000000 sampling_entropy=4.831478 uniform_entropy=4.852030 entropy_gap=0.020552 max_probability_over_uniform=1.783162 min_probability_over_uniform=0.462201
RG_SCORE round=700 layer=features.10 mean_q=0.077736 max_q=0.121284 fraction_q_positive=1.000000 sampling_entropy=4.843613 uniform_entropy=4.852030 entropy_gap=0.008417 max_probability_over_uniform=1.420150 min_probability_over_uniform=0.611704
RG_SCORE round=700 layer=features.14 mean_q=0.082227 max_q=0.127693 fraction_q_positive=1.000000 sampling_entropy=5.536384 uniform_entropy=5.545177 entropy_gap=0.008794 max_probability_over_uniform=1.414708 min_probability_over_uniform=0.671322
RG_SCORE round=700 layer=features.17 mean_q=0.079973 max_q=0.125183 fraction_q_positive=1.000000 sampling_entropy=5.538393 uniform_entropy=5.545177 entropy_gap=0.006784 max_probability_over_uniform=1.423993 min_probability_over_uniform=0.761783
RG_SCORE round=700 layer=features.20 mean_q=0.073222 max_q=0.106942 fraction_q_positive=1.000000 sampling_entropy=5.539928 uniform_entropy=5.545177 entropy_gap=0.005249 max_probability_over_uniform=1.345378 min_probability_over_uniform=0.742589
RG_SCORE round=700 layer=features.24 mean_q=0.109617 max_q=0.189155 fraction_q_positive=1.000000 sampling_entropy=6.230259 uniform_entropy=6.238325 entropy_gap=0.008066 max_probability_over_uniform=1.544193 min_probability_over_uniform=0.696970
RG_SCORE round=700 layer=features.27 mean_q=0.136578 max_q=0.212380 fraction_q_positive=1.000000 sampling_entropy=6.231268 uniform_entropy=6.238325 entropy_gap=0.007056 max_probability_over_uniform=1.416258 min_probability_over_uniform=0.707583
RG_SCORE round=700 layer=features.30 mean_q=0.110609 max_q=0.162875 fraction_q_positive=1.000000 sampling_entropy=6.230583 uniform_entropy=6.238325 entropy_gap=0.007742 max_probability_over_uniform=1.354401 min_probability_over_uniform=0.619347
RG_SCORE round=700 layer=features.34 mean_q=0.267740 max_q=0.389414 fraction_q_positive=1.000000 sampling_entropy=6.224014 uniform_entropy=6.238325 entropy_gap=0.014311 max_probability_over_uniform=1.340833 min_probability_over_uniform=0.336120
RG_SCORE round=700 layer=features.37 mean_q=0.279913 max_q=0.386044 fraction_q_positive=1.000000 sampling_entropy=6.228100 uniform_entropy=6.238325 entropy_gap=0.010225 max_probability_over_uniform=1.284368 min_probability_over_uniform=0.336872
RG_SCORE round=700 layer=features.40 mean_q=0.226889 max_q=0.408294 fraction_q_positive=1.000000 sampling_entropy=6.210310 uniform_entropy=6.238325 entropy_gap=0.028015 max_probability_over_uniform=1.599647 min_probability_over_uniform=0.268813
ROUND_ACCURACY method=FedPhoenixRG round=700 accuracy=79.650002
********************************************************************************
Round 700
ROUND_ACCURACY method=FedPhoenixRG round=701 accuracy=78.739998
********************************************************************************
Round 701
ROUND_ACCURACY method=FedPhoenixRG round=702 accuracy=71.690002
********************************************************************************
Round 702
ROUND_ACCURACY method=FedPhoenixRG round=703 accuracy=67.629997
********************************************************************************
Round 703
ROUND_ACCURACY method=FedPhoenixRG round=704 accuracy=80.930000
********************************************************************************
Round 704
ROUND_ACCURACY method=FedPhoenixRG round=705 accuracy=81.129997
********************************************************************************
Round 705
ROUND_ACCURACY method=FedPhoenixRG round=706 accuracy=82.320000
********************************************************************************
Round 706
ROUND_ACCURACY method=FedPhoenixRG round=707 accuracy=81.730003
********************************************************************************
Round 707
ROUND_ACCURACY method=FedPhoenixRG round=708 accuracy=81.230003
********************************************************************************
Round 708
ROUND_ACCURACY method=FedPhoenixRG round=709 accuracy=78.220001
********************************************************************************
Round 709
ROUND_ACCURACY method=FedPhoenixRG round=710 accuracy=80.940002
********************************************************************************
Round 710
ROUND_ACCURACY method=FedPhoenixRG round=711 accuracy=81.050003
********************************************************************************
Round 711
ROUND_ACCURACY method=FedPhoenixRG round=712 accuracy=72.180000
********************************************************************************
Round 712
ROUND_ACCURACY method=FedPhoenixRG round=713 accuracy=80.279999
********************************************************************************
Round 713
ROUND_ACCURACY method=FedPhoenixRG round=714 accuracy=76.440002
********************************************************************************
Round 714
ROUND_ACCURACY method=FedPhoenixRG round=715 accuracy=79.940002
********************************************************************************
Round 715
ROUND_ACCURACY method=FedPhoenixRG round=716 accuracy=79.419998
********************************************************************************
Round 716
ROUND_ACCURACY method=FedPhoenixRG round=717 accuracy=75.309998
********************************************************************************
Round 717
ROUND_ACCURACY method=FedPhoenixRG round=718 accuracy=77.980003
********************************************************************************
Round 718
ROUND_ACCURACY method=FedPhoenixRG round=719 accuracy=80.739998
********************************************************************************
Round 719
RG_SCORE round=720 layer=features.0 mean_q=0.056486 max_q=0.196343 fraction_q_positive=0.718750 sampling_entropy=3.898457 uniform_entropy=4.158883 entropy_gap=0.260426 max_probability_over_uniform=2.856968 min_probability_over_uniform=0.250000
RG_SCORE round=720 layer=features.3 mean_q=0.056461 max_q=0.112037 fraction_q_positive=0.984375 sampling_entropy=4.107410 uniform_entropy=4.158883 entropy_gap=0.051473 max_probability_over_uniform=1.738256 min_probability_over_uniform=0.250000
RG_SCORE round=720 layer=features.7 mean_q=0.050082 max_q=0.108359 fraction_q_positive=1.000000 sampling_entropy=4.809964 uniform_entropy=4.852030 entropy_gap=0.042067 max_probability_over_uniform=1.872724 min_probability_over_uniform=0.348483
RG_SCORE round=720 layer=features.10 mean_q=0.050796 max_q=0.077908 fraction_q_positive=1.000000 sampling_entropy=4.836492 uniform_entropy=4.852030 entropy_gap=0.015538 max_probability_over_uniform=1.400291 min_probability_over_uniform=0.543497
RG_SCORE round=720 layer=features.14 mean_q=0.056195 max_q=0.116201 fraction_q_positive=1.000000 sampling_entropy=5.528189 uniform_entropy=5.545177 entropy_gap=0.016988 max_probability_over_uniform=1.800871 min_probability_over_uniform=0.611306
RG_SCORE round=720 layer=features.17 mean_q=0.057119 max_q=0.103911 fraction_q_positive=1.000000 sampling_entropy=5.529155 uniform_entropy=5.545177 entropy_gap=0.016023 max_probability_over_uniform=1.614388 min_probability_over_uniform=0.517092
RG_SCORE round=720 layer=features.20 mean_q=0.049242 max_q=0.080756 fraction_q_positive=1.000000 sampling_entropy=5.533452 uniform_entropy=5.545177 entropy_gap=0.011726 max_probability_over_uniform=1.479976 min_probability_over_uniform=0.433828
RG_SCORE round=720 layer=features.24 mean_q=0.077567 max_q=0.163405 fraction_q_positive=1.000000 sampling_entropy=6.216553 uniform_entropy=6.238325 entropy_gap=0.021772 max_probability_over_uniform=1.829972 min_probability_over_uniform=0.343199
RG_SCORE round=720 layer=features.27 mean_q=0.096407 max_q=0.169332 fraction_q_positive=1.000000 sampling_entropy=6.217192 uniform_entropy=6.238325 entropy_gap=0.021132 max_probability_over_uniform=1.567320 min_probability_over_uniform=0.352456
RG_SCORE round=720 layer=features.30 mean_q=0.078903 max_q=0.135897 fraction_q_positive=1.000000 sampling_entropy=6.212979 uniform_entropy=6.238325 entropy_gap=0.025346 max_probability_over_uniform=1.541745 min_probability_over_uniform=0.344458
RG_SCORE round=720 layer=features.34 mean_q=0.166201 max_q=0.352411 fraction_q_positive=0.976562 sampling_entropy=6.180700 uniform_entropy=6.238325 entropy_gap=0.057625 max_probability_over_uniform=1.840288 min_probability_over_uniform=0.250000
RG_SCORE round=720 layer=features.37 mean_q=0.127501 max_q=0.318878 fraction_q_positive=0.929688 sampling_entropy=6.143227 uniform_entropy=6.238325 entropy_gap=0.095098 max_probability_over_uniform=2.125744 min_probability_over_uniform=0.250000
RG_SCORE round=720 layer=features.40 mean_q=0.082021 max_q=0.358329 fraction_q_positive=0.767578 sampling_entropy=6.000596 uniform_entropy=6.238325 entropy_gap=0.237729 max_probability_over_uniform=3.526553 min_probability_over_uniform=0.250000
ROUND_ACCURACY method=FedPhoenixRG round=720 accuracy=78.550003
********************************************************************************
Round 720
ROUND_ACCURACY method=FedPhoenixRG round=721 accuracy=74.339996
********************************************************************************
Round 721
ROUND_ACCURACY method=FedPhoenixRG round=722 accuracy=63.959999
********************************************************************************
Round 722
ROUND_ACCURACY method=FedPhoenixRG round=723 accuracy=79.620003
********************************************************************************
Round 723
ROUND_ACCURACY method=FedPhoenixRG round=724 accuracy=77.730003
********************************************************************************
Round 724
ROUND_ACCURACY method=FedPhoenixRG round=725 accuracy=76.239998
********************************************************************************
Round 725
ROUND_ACCURACY method=FedPhoenixRG round=726 accuracy=69.919998
********************************************************************************
Round 726
ROUND_ACCURACY method=FedPhoenixRG round=727 accuracy=81.330002
********************************************************************************
Round 727
ROUND_ACCURACY method=FedPhoenixRG round=728 accuracy=82.080002
********************************************************************************
Round 728
ROUND_ACCURACY method=FedPhoenixRG round=729 accuracy=76.230003
********************************************************************************
Round 729
ROUND_ACCURACY method=FedPhoenixRG round=730 accuracy=73.519997
********************************************************************************
Round 730
ROUND_ACCURACY method=FedPhoenixRG round=731 accuracy=76.860001
********************************************************************************
Round 731
ROUND_ACCURACY method=FedPhoenixRG round=732 accuracy=75.000000
********************************************************************************
Round 732
ROUND_ACCURACY method=FedPhoenixRG round=733 accuracy=53.990002
********************************************************************************
Round 733
ROUND_ACCURACY method=FedPhoenixRG round=734 accuracy=77.459999
********************************************************************************
Round 734
ROUND_ACCURACY method=FedPhoenixRG round=735 accuracy=37.290001
********************************************************************************
Round 735
ROUND_ACCURACY method=FedPhoenixRG round=736 accuracy=53.450001
********************************************************************************
Round 736
ROUND_ACCURACY method=FedPhoenixRG round=737 accuracy=73.699997
********************************************************************************
Round 737
ROUND_ACCURACY method=FedPhoenixRG round=738 accuracy=75.959999
********************************************************************************
Round 738
ROUND_ACCURACY method=FedPhoenixRG round=739 accuracy=80.239998
********************************************************************************
Round 739
RG_SCORE round=740 layer=features.0 mean_q=0.064354 max_q=0.336239 fraction_q_positive=0.562500 sampling_entropy=3.705496 uniform_entropy=4.158883 entropy_gap=0.453387 max_probability_over_uniform=4.168605 min_probability_over_uniform=0.250000
RG_SCORE round=740 layer=features.3 mean_q=0.018233 max_q=0.101505 fraction_q_positive=0.531250 sampling_entropy=3.698743 uniform_entropy=4.158883 entropy_gap=0.460140 max_probability_over_uniform=4.425355 min_probability_over_uniform=0.250000
RG_SCORE round=740 layer=features.7 mean_q=0.035770 max_q=0.105641 fraction_q_positive=0.875000 sampling_entropy=4.715253 uniform_entropy=4.852030 entropy_gap=0.136777 max_probability_over_uniform=2.465038 min_probability_over_uniform=0.250000
RG_SCORE round=740 layer=features.10 mean_q=0.033533 max_q=0.081850 fraction_q_positive=0.945312 sampling_entropy=4.766566 uniform_entropy=4.852030 entropy_gap=0.085464 max_probability_over_uniform=2.080685 min_probability_over_uniform=0.250000
RG_SCORE round=740 layer=features.14 mean_q=0.040170 max_q=0.114241 fraction_q_positive=0.941406 sampling_entropy=5.457803 uniform_entropy=5.545177 entropy_gap=0.087375 max_probability_over_uniform=2.382983 min_probability_over_uniform=0.250000
RG_SCORE round=740 layer=features.17 mean_q=0.040619 max_q=0.099476 fraction_q_positive=0.972656 sampling_entropy=5.480946 uniform_entropy=5.545177 entropy_gap=0.064231 max_probability_over_uniform=2.086767 min_probability_over_uniform=0.250000
RG_SCORE round=740 layer=features.20 mean_q=0.037358 max_q=0.079540 fraction_q_positive=0.976562 sampling_entropy=5.487630 uniform_entropy=5.545177 entropy_gap=0.057548 max_probability_over_uniform=1.846857 min_probability_over_uniform=0.250000
RG_SCORE round=740 layer=features.24 mean_q=0.064564 max_q=0.124249 fraction_q_positive=0.990234 sampling_entropy=6.190782 uniform_entropy=6.238325 entropy_gap=0.047543 max_probability_over_uniform=1.693328 min_probability_over_uniform=0.250000
RG_SCORE round=740 layer=features.27 mean_q=0.077958 max_q=0.158008 fraction_q_positive=0.994141 sampling_entropy=6.198109 uniform_entropy=6.238325 entropy_gap=0.040216 max_probability_over_uniform=1.770132 min_probability_over_uniform=0.250000
RG_SCORE round=740 layer=features.30 mean_q=0.078437 max_q=0.139041 fraction_q_positive=0.998047 sampling_entropy=6.216100 uniform_entropy=6.238325 entropy_gap=0.022224 max_probability_over_uniform=1.579482 min_probability_over_uniform=0.250000
RG_SCORE round=740 layer=features.34 mean_q=0.180168 max_q=0.325480 fraction_q_positive=0.994141 sampling_entropy=6.201111 uniform_entropy=6.238325 entropy_gap=0.037214 max_probability_over_uniform=1.604904 min_probability_over_uniform=0.250000
RG_SCORE round=740 layer=features.37 mean_q=0.199296 max_q=0.359760 fraction_q_positive=1.000000 sampling_entropy=6.214143 uniform_entropy=6.238325 entropy_gap=0.024181 max_probability_over_uniform=1.603867 min_probability_over_uniform=0.278595
RG_SCORE round=740 layer=features.40 mean_q=0.161275 max_q=0.360080 fraction_q_positive=0.990234 sampling_entropy=6.186420 uniform_entropy=6.238325 entropy_gap=0.051905 max_probability_over_uniform=1.924531 min_probability_over_uniform=0.250000
ROUND_ACCURACY method=FedPhoenixRG round=740 accuracy=66.639999
********************************************************************************
Round 740
ROUND_ACCURACY method=FedPhoenixRG round=741 accuracy=69.150002
********************************************************************************
Round 741
ROUND_ACCURACY method=FedPhoenixRG round=742 accuracy=63.590000
********************************************************************************
Round 742
ROUND_ACCURACY method=FedPhoenixRG round=743 accuracy=80.639999
********************************************************************************
Round 743
ROUND_ACCURACY method=FedPhoenixRG round=744 accuracy=81.529999
********************************************************************************
Round 744
ROUND_ACCURACY method=FedPhoenixRG round=745 accuracy=79.919998
********************************************************************************
Round 745
ROUND_ACCURACY method=FedPhoenixRG round=746 accuracy=77.000000
********************************************************************************
Round 746
ROUND_ACCURACY method=FedPhoenixRG round=747 accuracy=80.059998
********************************************************************************
Round 747
ROUND_ACCURACY method=FedPhoenixRG round=748 accuracy=77.059998
********************************************************************************
Round 748
ROUND_ACCURACY method=FedPhoenixRG round=749 accuracy=79.669998
********************************************************************************
Round 749
ROUND_ACCURACY method=FedPhoenixRG round=750 accuracy=80.510002
********************************************************************************
Round 750
ROUND_ACCURACY method=FedPhoenixRG round=751 accuracy=79.459999
********************************************************************************
Round 751
ROUND_ACCURACY method=FedPhoenixRG round=752 accuracy=72.949997
********************************************************************************
Round 752
ROUND_ACCURACY method=FedPhoenixRG round=753 accuracy=79.519997
********************************************************************************
Round 753
ROUND_ACCURACY method=FedPhoenixRG round=754 accuracy=74.930000
********************************************************************************
Round 754
ROUND_ACCURACY method=FedPhoenixRG round=755 accuracy=78.650002
********************************************************************************
Round 755
ROUND_ACCURACY method=FedPhoenixRG round=756 accuracy=80.919998
********************************************************************************
Round 756
ROUND_ACCURACY method=FedPhoenixRG round=757 accuracy=81.699997
********************************************************************************
Round 757
ROUND_ACCURACY method=FedPhoenixRG round=758 accuracy=79.849998
********************************************************************************
Round 758
ROUND_ACCURACY method=FedPhoenixRG round=759 accuracy=79.379997
********************************************************************************
Round 759
RG_SCORE round=760 layer=features.0 mean_q=0.129984 max_q=0.527556 fraction_q_positive=0.687500 sampling_entropy=3.861834 uniform_entropy=4.158883 entropy_gap=0.297049 max_probability_over_uniform=3.293978 min_probability_over_uniform=0.250000
RG_SCORE round=760 layer=features.3 mean_q=0.065780 max_q=0.186472 fraction_q_positive=0.937500 sampling_entropy=4.039859 uniform_entropy=4.158883 entropy_gap=0.119024 max_probability_over_uniform=2.376084 min_probability_over_uniform=0.250000
RG_SCORE round=760 layer=features.7 mean_q=0.066849 max_q=0.155027 fraction_q_positive=0.984375 sampling_entropy=4.789306 uniform_entropy=4.852030 entropy_gap=0.062724 max_probability_over_uniform=1.989304 min_probability_over_uniform=0.250000
RG_SCORE round=760 layer=features.10 mean_q=0.068547 max_q=0.120641 fraction_q_positive=1.000000 sampling_entropy=4.821420 uniform_entropy=4.852030 entropy_gap=0.030611 max_probability_over_uniform=1.569976 min_probability_over_uniform=0.345740
RG_SCORE round=760 layer=features.14 mean_q=0.069218 max_q=0.168034 fraction_q_positive=0.992188 sampling_entropy=5.496082 uniform_entropy=5.545177 entropy_gap=0.049095 max_probability_over_uniform=2.070711 min_probability_over_uniform=0.250000
RG_SCORE round=760 layer=features.17 mean_q=0.065688 max_q=0.113391 fraction_q_positive=0.988281 sampling_entropy=5.506328 uniform_entropy=5.545177 entropy_gap=0.038849 max_probability_over_uniform=1.544648 min_probability_over_uniform=0.250000
RG_SCORE round=760 layer=features.20 mean_q=0.054939 max_q=0.114409 fraction_q_positive=0.984375 sampling_entropy=5.498472 uniform_entropy=5.545177 entropy_gap=0.046706 max_probability_over_uniform=1.811866 min_probability_over_uniform=0.250000
RG_SCORE round=760 layer=features.24 mean_q=0.086330 max_q=0.189695 fraction_q_positive=0.955078 sampling_entropy=6.171233 uniform_entropy=6.238325 entropy_gap=0.067091 max_probability_over_uniform=1.897991 min_probability_over_uniform=0.250000
RG_SCORE round=760 layer=features.27 mean_q=0.108988 max_q=0.208913 fraction_q_positive=0.982422 sampling_entropy=6.191232 uniform_entropy=6.238325 entropy_gap=0.047093 max_probability_over_uniform=1.687641 min_probability_over_uniform=0.250000
RG_SCORE round=760 layer=features.30 mean_q=0.089633 max_q=0.258200 fraction_q_positive=0.939453 sampling_entropy=6.151377 uniform_entropy=6.238325 entropy_gap=0.086948 max_probability_over_uniform=2.410475 min_probability_over_uniform=0.250000
RG_SCORE round=760 layer=features.34 mean_q=0.207557 max_q=0.530698 fraction_q_positive=0.933594 sampling_entropy=6.147294 uniform_entropy=6.238325 entropy_gap=0.091031 max_probability_over_uniform=2.167658 min_probability_over_uniform=0.250000
RG_SCORE round=760 layer=features.37 mean_q=0.169805 max_q=0.416668 fraction_q_positive=0.955078 sampling_entropy=6.151356 uniform_entropy=6.238325 entropy_gap=0.086969 max_probability_over_uniform=2.090356 min_probability_over_uniform=0.250000
RG_SCORE round=760 layer=features.40 mean_q=0.112016 max_q=0.431736 fraction_q_positive=0.810547 sampling_entropy=6.036071 uniform_entropy=6.238325 entropy_gap=0.202254 max_probability_over_uniform=3.140670 min_probability_over_uniform=0.250000
ROUND_ACCURACY method=FedPhoenixRG round=760 accuracy=80.279999
********************************************************************************
Round 760
ROUND_ACCURACY method=FedPhoenixRG round=761 accuracy=81.510002
********************************************************************************
Round 761
ROUND_ACCURACY method=FedPhoenixRG round=762 accuracy=73.209999
********************************************************************************
Round 762
ROUND_ACCURACY method=FedPhoenixRG round=763 accuracy=78.610001
********************************************************************************
Round 763
ROUND_ACCURACY method=FedPhoenixRG round=764 accuracy=80.809998
********************************************************************************
Round 764
ROUND_ACCURACY method=FedPhoenixRG round=765 accuracy=81.510002
********************************************************************************
Round 765
ROUND_ACCURACY method=FedPhoenixRG round=766 accuracy=79.389999
********************************************************************************
Round 766
ROUND_ACCURACY method=FedPhoenixRG round=767 accuracy=80.879997
********************************************************************************
Round 767
ROUND_ACCURACY method=FedPhoenixRG round=768 accuracy=80.709999
********************************************************************************
Round 768
ROUND_ACCURACY method=FedPhoenixRG round=769 accuracy=81.610001
********************************************************************************
Round 769
ROUND_ACCURACY method=FedPhoenixRG round=770 accuracy=81.930000
********************************************************************************
Round 770
ROUND_ACCURACY method=FedPhoenixRG round=771 accuracy=81.480003
********************************************************************************
Round 771
ROUND_ACCURACY method=FedPhoenixRG round=772 accuracy=79.250000
********************************************************************************
Round 772
ROUND_ACCURACY method=FedPhoenixRG round=773 accuracy=72.940002
********************************************************************************
Round 773
ROUND_ACCURACY method=FedPhoenixRG round=774 accuracy=79.449997
********************************************************************************
Round 774
ROUND_ACCURACY method=FedPhoenixRG round=775 accuracy=76.489998
********************************************************************************
Round 775
ROUND_ACCURACY method=FedPhoenixRG round=776 accuracy=72.790001
********************************************************************************
Round 776
ROUND_ACCURACY method=FedPhoenixRG round=777 accuracy=81.559998
********************************************************************************
Round 777
ROUND_ACCURACY method=FedPhoenixRG round=778 accuracy=76.559998
********************************************************************************
Round 778
ROUND_ACCURACY method=FedPhoenixRG round=779 accuracy=44.130001
********************************************************************************
Round 779
RG_SCORE round=780 layer=features.0 mean_q=0.063452 max_q=0.210379 fraction_q_positive=0.718750 sampling_entropy=3.943079 uniform_entropy=4.158883 entropy_gap=0.215804 max_probability_over_uniform=2.736678 min_probability_over_uniform=0.250000
RG_SCORE round=780 layer=features.3 mean_q=0.029581 max_q=0.126497 fraction_q_positive=0.812500 sampling_entropy=3.948222 uniform_entropy=4.158883 entropy_gap=0.210661 max_probability_over_uniform=3.457194 min_probability_over_uniform=0.250000
RG_SCORE round=780 layer=features.7 mean_q=0.035150 max_q=0.096732 fraction_q_positive=0.914062 sampling_entropy=4.722941 uniform_entropy=4.852030 entropy_gap=0.129090 max_probability_over_uniform=2.314001 min_probability_over_uniform=0.250000
RG_SCORE round=780 layer=features.10 mean_q=0.027304 max_q=0.074908 fraction_q_positive=0.945312 sampling_entropy=4.742900 uniform_entropy=4.852030 entropy_gap=0.109130 max_probability_over_uniform=2.307634 min_probability_over_uniform=0.250000
RG_SCORE round=780 layer=features.14 mean_q=0.035200 max_q=0.108570 fraction_q_positive=0.992188 sampling_entropy=5.478168 uniform_entropy=5.545177 entropy_gap=0.067010 max_probability_over_uniform=2.563311 min_probability_over_uniform=0.250000
RG_SCORE round=780 layer=features.17 mean_q=0.035625 max_q=0.079002 fraction_q_positive=1.000000 sampling_entropy=5.502395 uniform_entropy=5.545177 entropy_gap=0.042783 max_probability_over_uniform=1.913200 min_probability_over_uniform=0.281712
RG_SCORE round=780 layer=features.20 mean_q=0.033563 max_q=0.077617 fraction_q_positive=0.992188 sampling_entropy=5.507430 uniform_entropy=5.545177 entropy_gap=0.037748 max_probability_over_uniform=1.984421 min_probability_over_uniform=0.250000
RG_SCORE round=780 layer=features.24 mean_q=0.062499 max_q=0.144342 fraction_q_positive=0.994141 sampling_entropy=6.188851 uniform_entropy=6.238325 entropy_gap=0.049473 max_probability_over_uniform=1.982140 min_probability_over_uniform=0.250000
RG_SCORE round=780 layer=features.27 mean_q=0.085598 max_q=0.174421 fraction_q_positive=1.000000 sampling_entropy=6.197171 uniform_entropy=6.238325 entropy_gap=0.041153 max_probability_over_uniform=1.778248 min_probability_over_uniform=0.287930
RG_SCORE round=780 layer=features.30 mean_q=0.069862 max_q=0.135651 fraction_q_positive=0.998047 sampling_entropy=6.207332 uniform_entropy=6.238325 entropy_gap=0.030993 max_probability_over_uniform=1.706279 min_probability_over_uniform=0.250000
RG_SCORE round=780 layer=features.34 mean_q=0.160943 max_q=0.341865 fraction_q_positive=0.972656 sampling_entropy=6.173338 uniform_entropy=6.238325 entropy_gap=0.064986 max_probability_over_uniform=1.843099 min_probability_over_uniform=0.250000
RG_SCORE round=780 layer=features.37 mean_q=0.183019 max_q=0.355578 fraction_q_positive=0.962891 sampling_entropy=6.179993 uniform_entropy=6.238325 entropy_gap=0.058331 max_probability_over_uniform=1.707137 min_probability_over_uniform=0.250000
RG_SCORE round=780 layer=features.40 mean_q=0.162386 max_q=0.359215 fraction_q_positive=0.996094 sampling_entropy=6.190019 uniform_entropy=6.238325 entropy_gap=0.048306 max_probability_over_uniform=1.909083 min_probability_over_uniform=0.250000
ROUND_ACCURACY method=FedPhoenixRG round=780 accuracy=69.940002
********************************************************************************
Round 780
ROUND_ACCURACY method=FedPhoenixRG round=781 accuracy=58.520000
********************************************************************************
Round 781
ROUND_ACCURACY method=FedPhoenixRG round=782 accuracy=77.169998
********************************************************************************
Round 782
ROUND_ACCURACY method=FedPhoenixRG round=783 accuracy=81.900002
********************************************************************************
Round 783
ROUND_ACCURACY method=FedPhoenixRG round=784 accuracy=79.820000
********************************************************************************
Round 784
ROUND_ACCURACY method=FedPhoenixRG round=785 accuracy=77.169998
********************************************************************************
Round 785
ROUND_ACCURACY method=FedPhoenixRG round=786 accuracy=73.010002
********************************************************************************
Round 786
ROUND_ACCURACY method=FedPhoenixRG round=787 accuracy=80.820000
********************************************************************************
Round 787
ROUND_ACCURACY method=FedPhoenixRG round=788 accuracy=82.690002
********************************************************************************
Round 788
ROUND_ACCURACY method=FedPhoenixRG round=789 accuracy=78.970001
********************************************************************************
Round 789
ROUND_ACCURACY method=FedPhoenixRG round=790 accuracy=79.839996
********************************************************************************
Round 790
ROUND_ACCURACY method=FedPhoenixRG round=791 accuracy=81.820000
********************************************************************************
Round 791
ROUND_ACCURACY method=FedPhoenixRG round=792 accuracy=78.309998
********************************************************************************
Round 792
ROUND_ACCURACY method=FedPhoenixRG round=793 accuracy=80.010002
********************************************************************************
Round 793
ROUND_ACCURACY method=FedPhoenixRG round=794 accuracy=80.680000
********************************************************************************
Round 794
ROUND_ACCURACY method=FedPhoenixRG round=795 accuracy=81.470001
********************************************************************************
Round 795
ROUND_ACCURACY method=FedPhoenixRG round=796 accuracy=75.370003
********************************************************************************
Round 796
ROUND_ACCURACY method=FedPhoenixRG round=797 accuracy=75.430000
********************************************************************************
Round 797
ROUND_ACCURACY method=FedPhoenixRG round=798 accuracy=80.620003
********************************************************************************
Round 798
ROUND_ACCURACY method=FedPhoenixRG round=799 accuracy=81.739998
********************************************************************************
Round 799
RG_SCORE round=800 layer=features.0 mean_q=0.066337 max_q=0.244813 fraction_q_positive=0.734375 sampling_entropy=3.899369 uniform_entropy=4.158883 entropy_gap=0.259514 max_probability_over_uniform=3.017824 min_probability_over_uniform=0.250000
RG_SCORE round=800 layer=features.3 mean_q=0.054646 max_q=0.141119 fraction_q_positive=0.937500 sampling_entropy=4.063394 uniform_entropy=4.158883 entropy_gap=0.095489 max_probability_over_uniform=2.186821 min_probability_over_uniform=0.250000
RG_SCORE round=800 layer=features.7 mean_q=0.054733 max_q=0.112899 fraction_q_positive=0.992188 sampling_entropy=4.791021 uniform_entropy=4.852030 entropy_gap=0.061009 max_probability_over_uniform=1.797025 min_probability_over_uniform=0.250000
RG_SCORE round=800 layer=features.10 mean_q=0.051236 max_q=0.126714 fraction_q_positive=0.984375 sampling_entropy=4.809408 uniform_entropy=4.852030 entropy_gap=0.042622 max_probability_over_uniform=2.104870 min_probability_over_uniform=0.250000
RG_SCORE round=800 layer=features.14 mean_q=0.056454 max_q=0.126569 fraction_q_positive=0.992188 sampling_entropy=5.509090 uniform_entropy=5.545177 entropy_gap=0.036088 max_probability_over_uniform=1.931492 min_probability_over_uniform=0.250000
RG_SCORE round=800 layer=features.17 mean_q=0.052347 max_q=0.101720 fraction_q_positive=1.000000 sampling_entropy=5.519310 uniform_entropy=5.545177 entropy_gap=0.025867 max_probability_over_uniform=1.707381 min_probability_over_uniform=0.493724
RG_SCORE round=800 layer=features.20 mean_q=0.045361 max_q=0.079089 fraction_q_positive=0.996094 sampling_entropy=5.517256 uniform_entropy=5.545177 entropy_gap=0.027921 max_probability_over_uniform=1.557672 min_probability_over_uniform=0.250000
RG_SCORE round=800 layer=features.24 mean_q=0.070210 max_q=0.185911 fraction_q_positive=0.978516 sampling_entropy=6.183546 uniform_entropy=6.238325 entropy_gap=0.054778 max_probability_over_uniform=2.235946 min_probability_over_uniform=0.250000
RG_SCORE round=800 layer=features.27 mean_q=0.099312 max_q=0.183329 fraction_q_positive=0.998047 sampling_entropy=6.205296 uniform_entropy=6.238325 entropy_gap=0.033029 max_probability_over_uniform=1.634484 min_probability_over_uniform=0.250000
RG_SCORE round=800 layer=features.30 mean_q=0.070278 max_q=0.154091 fraction_q_positive=0.970703 sampling_entropy=6.174462 uniform_entropy=6.238325 entropy_gap=0.063863 max_probability_over_uniform=1.894439 min_probability_over_uniform=0.250000
RG_SCORE round=800 layer=features.34 mean_q=0.190586 max_q=0.427309 fraction_q_positive=0.968750 sampling_entropy=6.169773 uniform_entropy=6.238325 entropy_gap=0.068551 max_probability_over_uniform=1.931557 min_probability_over_uniform=0.250000
RG_SCORE round=800 layer=features.37 mean_q=0.161070 max_q=0.344004 fraction_q_positive=0.933594 sampling_entropy=6.155126 uniform_entropy=6.238325 entropy_gap=0.083198 max_probability_over_uniform=1.851802 min_probability_over_uniform=0.250000
RG_SCORE round=800 layer=features.40 mean_q=0.100426 max_q=0.432821 fraction_q_positive=0.798828 sampling_entropy=6.023933 uniform_entropy=6.238325 entropy_gap=0.214392 max_probability_over_uniform=3.482386 min_probability_over_uniform=0.250000
ROUND_ACCURACY method=FedPhoenixRG round=800 accuracy=77.500000
********************************************************************************
Round 800
ROUND_ACCURACY method=FedPhoenixRG round=801 accuracy=78.500000
********************************************************************************
Round 801
ROUND_ACCURACY method=FedPhoenixRG round=802 accuracy=78.160004
********************************************************************************
Round 802
ROUND_ACCURACY method=FedPhoenixRG round=803 accuracy=81.839996
********************************************************************************
Round 803
ROUND_ACCURACY method=FedPhoenixRG round=804 accuracy=74.830002
********************************************************************************
Round 804
ROUND_ACCURACY method=FedPhoenixRG round=805 accuracy=71.389999
********************************************************************************
Round 805
ROUND_ACCURACY method=FedPhoenixRG round=806 accuracy=77.940002
********************************************************************************
Round 806
ROUND_ACCURACY method=FedPhoenixRG round=807 accuracy=66.339996
********************************************************************************
Round 807
ROUND_ACCURACY method=FedPhoenixRG round=808 accuracy=79.150002
********************************************************************************
Round 808
ROUND_ACCURACY method=FedPhoenixRG round=809 accuracy=77.879997
********************************************************************************
Round 809
ROUND_ACCURACY method=FedPhoenixRG round=810 accuracy=81.480003
********************************************************************************
Round 810
ROUND_ACCURACY method=FedPhoenixRG round=811 accuracy=76.220001
********************************************************************************
Round 811
ROUND_ACCURACY method=FedPhoenixRG round=812 accuracy=80.900002
********************************************************************************
Round 812
ROUND_ACCURACY method=FedPhoenixRG round=813 accuracy=80.080002
********************************************************************************
Round 813
ROUND_ACCURACY method=FedPhoenixRG round=814 accuracy=74.269997
********************************************************************************
Round 814
ROUND_ACCURACY method=FedPhoenixRG round=815 accuracy=80.099998
********************************************************************************
Round 815
ROUND_ACCURACY method=FedPhoenixRG round=816 accuracy=81.930000
********************************************************************************
Round 816
ROUND_ACCURACY method=FedPhoenixRG round=817 accuracy=80.290001
********************************************************************************
Round 817
ROUND_ACCURACY method=FedPhoenixRG round=818 accuracy=81.169998
********************************************************************************
Round 818
ROUND_ACCURACY method=FedPhoenixRG round=819 accuracy=81.440002
********************************************************************************
Round 819
RG_SCORE round=820 layer=features.0 mean_q=0.069800 max_q=0.217644 fraction_q_positive=0.765625 sampling_entropy=3.897229 uniform_entropy=4.158883 entropy_gap=0.261654 max_probability_over_uniform=2.588563 min_probability_over_uniform=0.250000
RG_SCORE round=820 layer=features.3 mean_q=0.056703 max_q=0.111535 fraction_q_positive=0.984375 sampling_entropy=4.099565 uniform_entropy=4.158883 entropy_gap=0.059318 max_probability_over_uniform=1.725250 min_probability_over_uniform=0.250000
RG_SCORE round=820 layer=features.7 mean_q=0.063652 max_q=0.118768 fraction_q_positive=1.000000 sampling_entropy=4.824657 uniform_entropy=4.852030 entropy_gap=0.027373 max_probability_over_uniform=1.649412 min_probability_over_uniform=0.574780
RG_SCORE round=820 layer=features.10 mean_q=0.057952 max_q=0.119356 fraction_q_positive=1.000000 sampling_entropy=4.834165 uniform_entropy=4.852030 entropy_gap=0.017865 max_probability_over_uniform=1.794683 min_probability_over_uniform=0.521128
RG_SCORE round=820 layer=features.14 mean_q=0.063689 max_q=0.138266 fraction_q_positive=1.000000 sampling_entropy=5.528409 uniform_entropy=5.545177 entropy_gap=0.016769 max_probability_over_uniform=1.878219 min_probability_over_uniform=0.571496
RG_SCORE round=820 layer=features.17 mean_q=0.062439 max_q=0.108692 fraction_q_positive=1.000000 sampling_entropy=5.532532 uniform_entropy=5.545177 entropy_gap=0.012646 max_probability_over_uniform=1.555585 min_probability_over_uniform=0.655828
RG_SCORE round=820 layer=features.20 mean_q=0.056284 max_q=0.087066 fraction_q_positive=1.000000 sampling_entropy=5.537623 uniform_entropy=5.545177 entropy_gap=0.007554 max_probability_over_uniform=1.410191 min_probability_over_uniform=0.722628
RG_SCORE round=820 layer=features.24 mean_q=0.091279 max_q=0.164215 fraction_q_positive=1.000000 sampling_entropy=6.222438 uniform_entropy=6.238325 entropy_gap=0.015886 max_probability_over_uniform=1.599280 min_probability_over_uniform=0.525818
RG_SCORE round=820 layer=features.27 mean_q=0.126346 max_q=0.195019 fraction_q_positive=1.000000 sampling_entropy=6.229316 uniform_entropy=6.238325 entropy_gap=0.009008 max_probability_over_uniform=1.407654 min_probability_over_uniform=0.591016
RG_SCORE round=820 layer=features.30 mean_q=0.096642 max_q=0.143586 fraction_q_positive=1.000000 sampling_entropy=6.230005 uniform_entropy=6.238325 entropy_gap=0.008320 max_probability_over_uniform=1.364318 min_probability_over_uniform=0.513715
RG_SCORE round=820 layer=features.34 mean_q=0.248839 max_q=0.377119 fraction_q_positive=0.998047 sampling_entropy=6.224805 uniform_entropy=6.238325 entropy_gap=0.013520 max_probability_over_uniform=1.386636 min_probability_over_uniform=0.250000
RG_SCORE round=820 layer=features.37 mean_q=0.253632 max_q=0.370232 fraction_q_positive=0.996094 sampling_entropy=6.221446 uniform_entropy=6.238325 entropy_gap=0.016878 max_probability_over_uniform=1.344792 min_probability_over_uniform=0.250000
RG_SCORE round=820 layer=features.40 mean_q=0.186486 max_q=0.400943 fraction_q_positive=0.994141 sampling_entropy=6.204987 uniform_entropy=6.238325 entropy_gap=0.033338 max_probability_over_uniform=1.862493 min_probability_over_uniform=0.250000
ROUND_ACCURACY method=FedPhoenixRG round=820 accuracy=78.870003
********************************************************************************
Round 820
ROUND_ACCURACY method=FedPhoenixRG round=821 accuracy=80.339996
********************************************************************************
Round 821
ROUND_ACCURACY method=FedPhoenixRG round=822 accuracy=75.440002
********************************************************************************
Round 822
ROUND_ACCURACY method=FedPhoenixRG round=823 accuracy=66.209999
********************************************************************************
Round 823
ROUND_ACCURACY method=FedPhoenixRG round=824 accuracy=58.189999
********************************************************************************
Round 824
ROUND_ACCURACY method=FedPhoenixRG round=825 accuracy=75.739998
********************************************************************************
Round 825
ROUND_ACCURACY method=FedPhoenixRG round=826 accuracy=74.820000
********************************************************************************
Round 826
ROUND_ACCURACY method=FedPhoenixRG round=827 accuracy=65.790001
********************************************************************************
Round 827
ROUND_ACCURACY method=FedPhoenixRG round=828 accuracy=73.230003
********************************************************************************
Round 828
ROUND_ACCURACY method=FedPhoenixRG round=829 accuracy=80.019997
********************************************************************************
Round 829
ROUND_ACCURACY method=FedPhoenixRG round=830 accuracy=68.959999
********************************************************************************
Round 830
ROUND_ACCURACY method=FedPhoenixRG round=831 accuracy=73.269997
********************************************************************************
Round 831
ROUND_ACCURACY method=FedPhoenixRG round=832 accuracy=80.300003
********************************************************************************
Round 832
ROUND_ACCURACY method=FedPhoenixRG round=833 accuracy=80.430000
********************************************************************************
Round 833
ROUND_ACCURACY method=FedPhoenixRG round=834 accuracy=81.089996
********************************************************************************
Round 834
ROUND_ACCURACY method=FedPhoenixRG round=835 accuracy=81.370003
********************************************************************************
Round 835
ROUND_ACCURACY method=FedPhoenixRG round=836 accuracy=77.070000
********************************************************************************
Round 836
ROUND_ACCURACY method=FedPhoenixRG round=837 accuracy=79.510002
********************************************************************************
Round 837
ROUND_ACCURACY method=FedPhoenixRG round=838 accuracy=80.389999
********************************************************************************
Round 838
ROUND_ACCURACY method=FedPhoenixRG round=839 accuracy=77.800003
********************************************************************************
Round 839
RG_SCORE round=840 layer=features.0 mean_q=0.073403 max_q=0.216213 fraction_q_positive=0.875000 sampling_entropy=4.001197 uniform_entropy=4.158883 entropy_gap=0.157686 max_probability_over_uniform=2.459172 min_probability_over_uniform=0.250000
RG_SCORE round=840 layer=features.3 mean_q=0.037276 max_q=0.081660 fraction_q_positive=1.000000 sampling_entropy=4.097971 uniform_entropy=4.158883 entropy_gap=0.060912 max_probability_over_uniform=1.893002 min_probability_over_uniform=0.284512
RG_SCORE round=840 layer=features.7 mean_q=0.044341 max_q=0.098347 fraction_q_positive=0.992188 sampling_entropy=4.810567 uniform_entropy=4.852030 entropy_gap=0.041463 max_probability_over_uniform=1.913477 min_probability_over_uniform=0.250000
RG_SCORE round=840 layer=features.10 mean_q=0.043279 max_q=0.080866 fraction_q_positive=1.000000 sampling_entropy=4.829445 uniform_entropy=4.852030 entropy_gap=0.022585 max_probability_over_uniform=1.651380 min_probability_over_uniform=0.621913
RG_SCORE round=840 layer=features.14 mean_q=0.045583 max_q=0.086080 fraction_q_positive=1.000000 sampling_entropy=5.522376 uniform_entropy=5.545177 entropy_gap=0.022801 max_probability_over_uniform=1.666317 min_probability_over_uniform=0.518040
RG_SCORE round=840 layer=features.17 mean_q=0.044071 max_q=0.099128 fraction_q_positive=1.000000 sampling_entropy=5.524222 uniform_entropy=5.545177 entropy_gap=0.020955 max_probability_over_uniform=1.936949 min_probability_over_uniform=0.522082
RG_SCORE round=840 layer=features.20 mean_q=0.038842 max_q=0.075861 fraction_q_positive=1.000000 sampling_entropy=5.526622 uniform_entropy=5.545177 entropy_gap=0.018556 max_probability_over_uniform=1.714818 min_probability_over_uniform=0.467344
RG_SCORE round=840 layer=features.24 mean_q=0.063263 max_q=0.185209 fraction_q_positive=1.000000 sampling_entropy=6.197847 uniform_entropy=6.238325 entropy_gap=0.040478 max_probability_over_uniform=2.445684 min_probability_over_uniform=0.328683
RG_SCORE round=840 layer=features.27 mean_q=0.085800 max_q=0.172716 fraction_q_positive=1.000000 sampling_entropy=6.206007 uniform_entropy=6.238325 entropy_gap=0.032318 max_probability_over_uniform=1.759757 min_probability_over_uniform=0.347350
RG_SCORE round=840 layer=features.30 mean_q=0.062927 max_q=0.124767 fraction_q_positive=1.000000 sampling_entropy=6.210364 uniform_entropy=6.238325 entropy_gap=0.027961 max_probability_over_uniform=1.737036 min_probability_over_uniform=0.421093
RG_SCORE round=840 layer=features.34 mean_q=0.160575 max_q=0.342701 fraction_q_positive=0.990234 sampling_entropy=6.186890 uniform_entropy=6.238325 entropy_gap=0.051434 max_probability_over_uniform=1.850661 min_probability_over_uniform=0.250000
RG_SCORE round=840 layer=features.37 mean_q=0.153697 max_q=0.314349 fraction_q_positive=0.990234 sampling_entropy=6.192162 uniform_entropy=6.238325 entropy_gap=0.046162 max_probability_over_uniform=1.783936 min_probability_over_uniform=0.250000
RG_SCORE round=840 layer=features.40 mean_q=0.105104 max_q=0.340582 fraction_q_positive=0.968750 sampling_entropy=6.160013 uniform_entropy=6.238325 entropy_gap=0.078311 max_probability_over_uniform=2.680324 min_probability_over_uniform=0.250000
ROUND_ACCURACY method=FedPhoenixRG round=840 accuracy=68.599998
********************************************************************************
Round 840
ROUND_ACCURACY method=FedPhoenixRG round=841 accuracy=77.400002
********************************************************************************
Round 841
ROUND_ACCURACY method=FedPhoenixRG round=842 accuracy=60.540001
********************************************************************************
Round 842
ROUND_ACCURACY method=FedPhoenixRG round=843 accuracy=78.639999
********************************************************************************
Round 843
ROUND_ACCURACY method=FedPhoenixRG round=844 accuracy=80.870003
********************************************************************************
Round 844
ROUND_ACCURACY method=FedPhoenixRG round=845 accuracy=80.029999
********************************************************************************
Round 845
ROUND_ACCURACY method=FedPhoenixRG round=846 accuracy=73.459999
********************************************************************************
Round 846
ROUND_ACCURACY method=FedPhoenixRG round=847 accuracy=70.040001
********************************************************************************
Round 847
ROUND_ACCURACY method=FedPhoenixRG round=848 accuracy=81.150002
********************************************************************************
Round 848
ROUND_ACCURACY method=FedPhoenixRG round=849 accuracy=79.120003
********************************************************************************
Round 849
ROUND_ACCURACY method=FedPhoenixRG round=850 accuracy=76.769997
********************************************************************************
Round 850
ROUND_ACCURACY method=FedPhoenixRG round=851 accuracy=81.290001
********************************************************************************
Round 851
ROUND_ACCURACY method=FedPhoenixRG round=852 accuracy=81.699997
********************************************************************************
Round 852
ROUND_ACCURACY method=FedPhoenixRG round=853 accuracy=78.589996
********************************************************************************
Round 853
ROUND_ACCURACY method=FedPhoenixRG round=854 accuracy=68.139999
********************************************************************************
Round 854
ROUND_ACCURACY method=FedPhoenixRG round=855 accuracy=71.410004
********************************************************************************
Round 855
ROUND_ACCURACY method=FedPhoenixRG round=856 accuracy=74.180000
********************************************************************************
Round 856
ROUND_ACCURACY method=FedPhoenixRG round=857 accuracy=78.199997
********************************************************************************
Round 857
ROUND_ACCURACY method=FedPhoenixRG round=858 accuracy=82.139999
********************************************************************************
Round 858
ROUND_ACCURACY method=FedPhoenixRG round=859 accuracy=81.309998
********************************************************************************
Round 859
RG_SCORE round=860 layer=features.0 mean_q=0.033098 max_q=0.258430 fraction_q_positive=0.562500 sampling_entropy=3.649810 uniform_entropy=4.158883 entropy_gap=0.509073 max_probability_over_uniform=6.105987 min_probability_over_uniform=0.250000
RG_SCORE round=860 layer=features.3 mean_q=0.027941 max_q=0.098162 fraction_q_positive=0.796875 sampling_entropy=3.945303 uniform_entropy=4.158883 entropy_gap=0.213580 max_probability_over_uniform=2.884848 min_probability_over_uniform=0.250000
RG_SCORE round=860 layer=features.7 mean_q=0.038140 max_q=0.109489 fraction_q_positive=0.945312 sampling_entropy=4.753712 uniform_entropy=4.852030 entropy_gap=0.098318 max_probability_over_uniform=2.403041 min_probability_over_uniform=0.250000
RG_SCORE round=860 layer=features.10 mean_q=0.036378 max_q=0.092564 fraction_q_positive=1.000000 sampling_entropy=4.798429 uniform_entropy=4.852030 entropy_gap=0.053602 max_probability_over_uniform=2.158388 min_probability_over_uniform=0.302365
RG_SCORE round=860 layer=features.14 mean_q=0.038044 max_q=0.101033 fraction_q_positive=0.992188 sampling_entropy=5.485925 uniform_entropy=5.545177 entropy_gap=0.059252 max_probability_over_uniform=2.241775 min_probability_over_uniform=0.250000
RG_SCORE round=860 layer=features.17 mean_q=0.034535 max_q=0.087346 fraction_q_positive=0.992188 sampling_entropy=5.495287 uniform_entropy=5.545177 entropy_gap=0.049890 max_probability_over_uniform=2.146883 min_probability_over_uniform=0.250000
RG_SCORE round=860 layer=features.20 mean_q=0.027691 max_q=0.063364 fraction_q_positive=0.980469 sampling_entropy=5.480380 uniform_entropy=5.545177 entropy_gap=0.064797 max_probability_over_uniform=1.966166 min_probability_over_uniform=0.250000
RG_SCORE round=860 layer=features.24 mean_q=0.058358 max_q=0.200970 fraction_q_positive=0.978516 sampling_entropy=6.148355 uniform_entropy=6.238325 entropy_gap=0.089970 max_probability_over_uniform=2.832816 min_probability_over_uniform=0.250000
RG_SCORE round=860 layer=features.27 mean_q=0.083397 max_q=0.197653 fraction_q_positive=0.996094 sampling_entropy=6.177244 uniform_entropy=6.238325 entropy_gap=0.061080 max_probability_over_uniform=2.027510 min_probability_over_uniform=0.250000
RG_SCORE round=860 layer=features.30 mean_q=0.055746 max_q=0.143953 fraction_q_positive=0.998047 sampling_entropy=6.170181 uniform_entropy=6.238325 entropy_gap=0.068144 max_probability_over_uniform=2.186733 min_probability_over_uniform=0.250000
RG_SCORE round=860 layer=features.34 mean_q=0.171623 max_q=0.367610 fraction_q_positive=0.982422 sampling_entropy=6.155211 uniform_entropy=6.238325 entropy_gap=0.083114 max_probability_over_uniform=1.856467 min_probability_over_uniform=0.250000
RG_SCORE round=860 layer=features.37 mean_q=0.148551 max_q=0.561509 fraction_q_positive=0.978516 sampling_entropy=6.151523 uniform_entropy=6.238325 entropy_gap=0.086802 max_probability_over_uniform=3.084938 min_probability_over_uniform=0.250000
RG_SCORE round=860 layer=features.40 mean_q=0.071673 max_q=0.279913 fraction_q_positive=0.851562 sampling_entropy=6.046046 uniform_entropy=6.238325 entropy_gap=0.192279 max_probability_over_uniform=3.179041 min_probability_over_uniform=0.250000
ROUND_ACCURACY method=FedPhoenixRG round=860 accuracy=77.709999
********************************************************************************
Round 860
ROUND_ACCURACY method=FedPhoenixRG round=861 accuracy=78.690002
********************************************************************************
Round 861
ROUND_ACCURACY method=FedPhoenixRG round=862 accuracy=79.599998
********************************************************************************
Round 862
ROUND_ACCURACY method=FedPhoenixRG round=863 accuracy=75.570000
********************************************************************************
Round 863
ROUND_ACCURACY method=FedPhoenixRG round=864 accuracy=80.379997
********************************************************************************
Round 864
ROUND_ACCURACY method=FedPhoenixRG round=865 accuracy=69.260002
********************************************************************************
Round 865
ROUND_ACCURACY method=FedPhoenixRG round=866 accuracy=78.769997
********************************************************************************
Round 866
ROUND_ACCURACY method=FedPhoenixRG round=867 accuracy=79.529999
********************************************************************************
Round 867
ROUND_ACCURACY method=FedPhoenixRG round=868 accuracy=73.889999
********************************************************************************
Round 868
ROUND_ACCURACY method=FedPhoenixRG round=869 accuracy=81.720001
********************************************************************************
Round 869
ROUND_ACCURACY method=FedPhoenixRG round=870 accuracy=77.959999
********************************************************************************
Round 870
ROUND_ACCURACY method=FedPhoenixRG round=871 accuracy=81.260002
********************************************************************************
Round 871
ROUND_ACCURACY method=FedPhoenixRG round=872 accuracy=82.070000
********************************************************************************
Round 872
ROUND_ACCURACY method=FedPhoenixRG round=873 accuracy=82.269997
********************************************************************************
Round 873
ROUND_ACCURACY method=FedPhoenixRG round=874 accuracy=75.970001
********************************************************************************
Round 874
ROUND_ACCURACY method=FedPhoenixRG round=875 accuracy=79.830002
********************************************************************************
Round 875
ROUND_ACCURACY method=FedPhoenixRG round=876 accuracy=81.830002
********************************************************************************
Round 876
ROUND_ACCURACY method=FedPhoenixRG round=877 accuracy=75.800003
********************************************************************************
Round 877
ROUND_ACCURACY method=FedPhoenixRG round=878 accuracy=79.300003
********************************************************************************
Round 878
ROUND_ACCURACY method=FedPhoenixRG round=879 accuracy=65.290001
********************************************************************************
Round 879
RG_SCORE round=880 layer=features.0 mean_q=0.040982 max_q=0.169308 fraction_q_positive=0.703125 sampling_entropy=3.880369 uniform_entropy=4.158883 entropy_gap=0.278514 max_probability_over_uniform=3.348441 min_probability_over_uniform=0.250000
RG_SCORE round=880 layer=features.3 mean_q=0.038515 max_q=0.081525 fraction_q_positive=1.000000 sampling_entropy=4.116097 uniform_entropy=4.158883 entropy_gap=0.042786 max_probability_over_uniform=1.837534 min_probability_over_uniform=0.438164
RG_SCORE round=880 layer=features.7 mean_q=0.043296 max_q=0.092925 fraction_q_positive=0.992188 sampling_entropy=4.798770 uniform_entropy=4.852030 entropy_gap=0.053261 max_probability_over_uniform=1.859709 min_probability_over_uniform=0.250000
RG_SCORE round=880 layer=features.10 mean_q=0.041099 max_q=0.088446 fraction_q_positive=1.000000 sampling_entropy=4.826653 uniform_entropy=4.852030 entropy_gap=0.025377 max_probability_over_uniform=1.864024 min_probability_over_uniform=0.555594
RG_SCORE round=880 layer=features.14 mean_q=0.047331 max_q=0.090639 fraction_q_positive=1.000000 sampling_entropy=5.524787 uniform_entropy=5.545177 entropy_gap=0.020391 max_probability_over_uniform=1.686261 min_probability_over_uniform=0.451882
RG_SCORE round=880 layer=features.17 mean_q=0.048052 max_q=0.091374 fraction_q_positive=1.000000 sampling_entropy=5.526308 uniform_entropy=5.545177 entropy_gap=0.018869 max_probability_over_uniform=1.676164 min_probability_over_uniform=0.541702
RG_SCORE round=880 layer=features.20 mean_q=0.040552 max_q=0.074109 fraction_q_positive=1.000000 sampling_entropy=5.533492 uniform_entropy=5.545177 entropy_gap=0.011685 max_probability_over_uniform=1.620640 min_probability_over_uniform=0.608218
RG_SCORE round=880 layer=features.24 mean_q=0.076413 max_q=0.168388 fraction_q_positive=1.000000 sampling_entropy=6.219839 uniform_entropy=6.238325 entropy_gap=0.018485 max_probability_over_uniform=1.902756 min_probability_over_uniform=0.441759
RG_SCORE round=880 layer=features.27 mean_q=0.117979 max_q=0.169229 fraction_q_positive=1.000000 sampling_entropy=6.229526 uniform_entropy=6.238325 entropy_gap=0.008799 max_probability_over_uniform=1.325802 min_probability_over_uniform=0.644291
RG_SCORE round=880 layer=features.30 mean_q=0.088027 max_q=0.141704 fraction_q_positive=1.000000 sampling_entropy=6.227020 uniform_entropy=6.238325 entropy_gap=0.011305 max_probability_over_uniform=1.457335 min_probability_over_uniform=0.448747
RG_SCORE round=880 layer=features.34 mean_q=0.240079 max_q=0.365660 fraction_q_positive=1.000000 sampling_entropy=6.220187 uniform_entropy=6.238325 entropy_gap=0.018138 max_probability_over_uniform=1.392312 min_probability_over_uniform=0.288957
RG_SCORE round=880 layer=features.37 mean_q=0.248850 max_q=0.371472 fraction_q_positive=1.000000 sampling_entropy=6.226343 uniform_entropy=6.238325 entropy_gap=0.011981 max_probability_over_uniform=1.369565 min_probability_over_uniform=0.272162
RG_SCORE round=880 layer=features.40 mean_q=0.166732 max_q=0.317683 fraction_q_positive=1.000000 sampling_entropy=6.208363 uniform_entropy=6.238325 entropy_gap=0.029962 max_probability_over_uniform=1.679012 min_probability_over_uniform=0.318572
ROUND_ACCURACY method=FedPhoenixRG round=880 accuracy=82.309998
********************************************************************************
Round 880
ROUND_ACCURACY method=FedPhoenixRG round=881 accuracy=71.220001
********************************************************************************
Round 881
ROUND_ACCURACY method=FedPhoenixRG round=882 accuracy=80.900002
********************************************************************************
Round 882
ROUND_ACCURACY method=FedPhoenixRG round=883 accuracy=81.760002
********************************************************************************
Round 883
ROUND_ACCURACY method=FedPhoenixRG round=884 accuracy=82.410004
********************************************************************************
Round 884
ROUND_ACCURACY method=FedPhoenixRG round=885 accuracy=80.070000
********************************************************************************
Round 885
ROUND_ACCURACY method=FedPhoenixRG round=886 accuracy=78.860001
********************************************************************************
Round 886
ROUND_ACCURACY method=FedPhoenixRG round=887 accuracy=68.400002
********************************************************************************
Round 887
ROUND_ACCURACY method=FedPhoenixRG round=888 accuracy=81.480003
********************************************************************************
Round 888
ROUND_ACCURACY method=FedPhoenixRG round=889 accuracy=82.519997
********************************************************************************
Round 889
ROUND_ACCURACY method=FedPhoenixRG round=890 accuracy=81.199997
********************************************************************************
Round 890
ROUND_ACCURACY method=FedPhoenixRG round=891 accuracy=81.800003
********************************************************************************
Round 891
ROUND_ACCURACY method=FedPhoenixRG round=892 accuracy=77.860001
********************************************************************************
Round 892
ROUND_ACCURACY method=FedPhoenixRG round=893 accuracy=81.120003
********************************************************************************
Round 893
ROUND_ACCURACY method=FedPhoenixRG round=894 accuracy=80.010002
********************************************************************************
Round 894
ROUND_ACCURACY method=FedPhoenixRG round=895 accuracy=78.800003
********************************************************************************
Round 895
ROUND_ACCURACY method=FedPhoenixRG round=896 accuracy=71.930000
********************************************************************************
Round 896
ROUND_ACCURACY method=FedPhoenixRG round=897 accuracy=74.730003
********************************************************************************
Round 897
ROUND_ACCURACY method=FedPhoenixRG round=898 accuracy=74.620003
********************************************************************************
Round 898
ROUND_ACCURACY method=FedPhoenixRG round=899 accuracy=80.300003
********************************************************************************
Round 899
RG_SCORE round=900 layer=features.0 mean_q=0.078453 max_q=0.228886 fraction_q_positive=0.828125 sampling_entropy=3.940426 uniform_entropy=4.158883 entropy_gap=0.218457 max_probability_over_uniform=2.438121 min_probability_over_uniform=0.250000
RG_SCORE round=900 layer=features.3 mean_q=0.055291 max_q=0.096906 fraction_q_positive=0.984375 sampling_entropy=4.108026 uniform_entropy=4.158883 entropy_gap=0.050857 max_probability_over_uniform=1.564493 min_probability_over_uniform=0.250000
RG_SCORE round=900 layer=features.7 mean_q=0.055548 max_q=0.120775 fraction_q_positive=1.000000 sampling_entropy=4.825463 uniform_entropy=4.852030 entropy_gap=0.026567 max_probability_over_uniform=1.880700 min_probability_over_uniform=0.471445
RG_SCORE round=900 layer=features.10 mean_q=0.051753 max_q=0.099971 fraction_q_positive=1.000000 sampling_entropy=4.833427 uniform_entropy=4.852030 entropy_gap=0.018603 max_probability_over_uniform=1.698764 min_probability_over_uniform=0.631068
RG_SCORE round=900 layer=features.14 mean_q=0.057315 max_q=0.110063 fraction_q_positive=1.000000 sampling_entropy=5.525301 uniform_entropy=5.545177 entropy_gap=0.019877 max_probability_over_uniform=1.690225 min_probability_over_uniform=0.500659
RG_SCORE round=900 layer=features.17 mean_q=0.056693 max_q=0.124175 fraction_q_positive=1.000000 sampling_entropy=5.527389 uniform_entropy=5.545177 entropy_gap=0.017788 max_probability_over_uniform=1.892720 min_probability_over_uniform=0.626479
RG_SCORE round=900 layer=features.20 mean_q=0.049300 max_q=0.079678 fraction_q_positive=1.000000 sampling_entropy=5.534243 uniform_entropy=5.545177 entropy_gap=0.010935 max_probability_over_uniform=1.462134 min_probability_over_uniform=0.584644
RG_SCORE round=900 layer=features.24 mean_q=0.094533 max_q=0.213445 fraction_q_positive=1.000000 sampling_entropy=6.219034 uniform_entropy=6.238325 entropy_gap=0.019291 max_probability_over_uniform=1.943416 min_probability_over_uniform=0.560821
RG_SCORE round=900 layer=features.27 mean_q=0.142790 max_q=0.232709 fraction_q_positive=1.000000 sampling_entropy=6.229813 uniform_entropy=6.238325 entropy_gap=0.008511 max_probability_over_uniform=1.472294 min_probability_over_uniform=0.588803
RG_SCORE round=900 layer=features.30 mean_q=0.103573 max_q=0.156139 fraction_q_positive=1.000000 sampling_entropy=6.230306 uniform_entropy=6.238325 entropy_gap=0.008019 max_probability_over_uniform=1.380638 min_probability_over_uniform=0.657816
RG_SCORE round=900 layer=features.34 mean_q=0.284892 max_q=0.419920 fraction_q_positive=1.000000 sampling_entropy=6.225166 uniform_entropy=6.238325 entropy_gap=0.013159 max_probability_over_uniform=1.355472 min_probability_over_uniform=0.360076
RG_SCORE round=900 layer=features.37 mean_q=0.301717 max_q=0.427511 fraction_q_positive=1.000000 sampling_entropy=6.222602 uniform_entropy=6.238325 entropy_gap=0.015723 max_probability_over_uniform=1.312694 min_probability_over_uniform=0.282946
RG_SCORE round=900 layer=features.40 mean_q=0.195910 max_q=0.361506 fraction_q_positive=1.000000 sampling_entropy=6.204209 uniform_entropy=6.238325 entropy_gap=0.034116 max_probability_over_uniform=1.633953 min_probability_over_uniform=0.304265
ROUND_ACCURACY method=FedPhoenixRG round=900 accuracy=79.910004
********************************************************************************
Round 900
ROUND_ACCURACY method=FedPhoenixRG round=901 accuracy=81.949997
********************************************************************************
Round 901
ROUND_ACCURACY method=FedPhoenixRG round=902 accuracy=82.209999
********************************************************************************
Round 902
ROUND_ACCURACY method=FedPhoenixRG round=903 accuracy=81.540001
********************************************************************************
Round 903
ROUND_ACCURACY method=FedPhoenixRG round=904 accuracy=81.739998
********************************************************************************
Round 904
ROUND_ACCURACY method=FedPhoenixRG round=905 accuracy=82.739998
********************************************************************************
Round 905
ROUND_ACCURACY method=FedPhoenixRG round=906 accuracy=81.900002
********************************************************************************
Round 906
ROUND_ACCURACY method=FedPhoenixRG round=907 accuracy=81.690002
********************************************************************************
Round 907
ROUND_ACCURACY method=FedPhoenixRG round=908 accuracy=81.550003
********************************************************************************
Round 908
ROUND_ACCURACY method=FedPhoenixRG round=909 accuracy=60.799999
********************************************************************************
Round 909
ROUND_ACCURACY method=FedPhoenixRG round=910 accuracy=76.019997
********************************************************************************
Round 910
ROUND_ACCURACY method=FedPhoenixRG round=911 accuracy=79.120003
********************************************************************************
Round 911
ROUND_ACCURACY method=FedPhoenixRG round=912 accuracy=78.510002
********************************************************************************
Round 912
ROUND_ACCURACY method=FedPhoenixRG round=913 accuracy=74.199997
********************************************************************************
Round 913
ROUND_ACCURACY method=FedPhoenixRG round=914 accuracy=72.750000
********************************************************************************
Round 914
ROUND_ACCURACY method=FedPhoenixRG round=915 accuracy=76.820000
********************************************************************************
Round 915
ROUND_ACCURACY method=FedPhoenixRG round=916 accuracy=79.879997
********************************************************************************
Round 916
ROUND_ACCURACY method=FedPhoenixRG round=917 accuracy=81.099998
********************************************************************************
Round 917
ROUND_ACCURACY method=FedPhoenixRG round=918 accuracy=81.220001
********************************************************************************
Round 918
ROUND_ACCURACY method=FedPhoenixRG round=919 accuracy=80.800003
********************************************************************************
Round 919
RG_SCORE round=920 layer=features.0 mean_q=0.016746 max_q=0.110881 fraction_q_positive=0.546875 sampling_entropy=3.641838 uniform_entropy=4.158883 entropy_gap=0.517045 max_probability_over_uniform=5.216133 min_probability_over_uniform=0.250000
RG_SCORE round=920 layer=features.3 mean_q=0.005922 max_q=0.028691 fraction_q_positive=0.734375 sampling_entropy=3.919374 uniform_entropy=4.158883 entropy_gap=0.239509 max_probability_over_uniform=3.883436 min_probability_over_uniform=0.250000
RG_SCORE round=920 layer=features.7 mean_q=0.004887 max_q=0.022244 fraction_q_positive=0.820312 sampling_entropy=4.645029 uniform_entropy=4.852030 entropy_gap=0.207001 max_probability_over_uniform=3.663864 min_probability_over_uniform=0.250000
RG_SCORE round=920 layer=features.10 mean_q=0.003835 max_q=0.012540 fraction_q_positive=0.859375 sampling_entropy=4.673236 uniform_entropy=4.852030 entropy_gap=0.178795 max_probability_over_uniform=2.702426 min_probability_over_uniform=0.250000
RG_SCORE round=920 layer=features.14 mean_q=0.004969 max_q=0.029733 fraction_q_positive=0.921875 sampling_entropy=5.339498 uniform_entropy=5.545177 entropy_gap=0.205679 max_probability_over_uniform=4.738032 min_probability_over_uniform=0.250000
RG_SCORE round=920 layer=features.17 mean_q=0.006071 max_q=0.047240 fraction_q_positive=0.976562 sampling_entropy=5.365584 uniform_entropy=5.545177 entropy_gap=0.179594 max_probability_over_uniform=6.086381 min_probability_over_uniform=0.250000
RG_SCORE round=920 layer=features.20 mean_q=0.005529 max_q=0.025010 fraction_q_positive=0.941406 sampling_entropy=5.379746 uniform_entropy=5.545177 entropy_gap=0.165431 max_probability_over_uniform=3.642324 min_probability_over_uniform=0.250000
RG_SCORE round=920 layer=features.24 mean_q=0.017500 max_q=0.124193 fraction_q_positive=0.960938 sampling_entropy=6.001022 uniform_entropy=6.238325 entropy_gap=0.237303 max_probability_over_uniform=5.572680 min_probability_over_uniform=0.250000
RG_SCORE round=920 layer=features.27 mean_q=0.028124 max_q=0.133167 fraction_q_positive=0.992188 sampling_entropy=6.033207 uniform_entropy=6.238325 entropy_gap=0.205117 max_probability_over_uniform=3.801232 min_probability_over_uniform=0.250000
RG_SCORE round=920 layer=features.30 mean_q=0.020135 max_q=0.130206 fraction_q_positive=0.972656 sampling_entropy=5.988577 uniform_entropy=6.238325 entropy_gap=0.249748 max_probability_over_uniform=5.099948 min_probability_over_uniform=0.250000
RG_SCORE round=920 layer=features.34 mean_q=0.124481 max_q=0.314744 fraction_q_positive=0.980469 sampling_entropy=6.064403 uniform_entropy=6.238325 entropy_gap=0.173922 max_probability_over_uniform=2.146333 min_probability_over_uniform=0.250000
RG_SCORE round=920 layer=features.37 mean_q=0.152838 max_q=0.331807 fraction_q_positive=0.992188 sampling_entropy=6.137651 uniform_entropy=6.238325 entropy_gap=0.100674 max_probability_over_uniform=1.878232 min_probability_over_uniform=0.250000
RG_SCORE round=920 layer=features.40 mean_q=0.091270 max_q=0.285876 fraction_q_positive=0.988281 sampling_entropy=6.109119 uniform_entropy=6.238325 entropy_gap=0.129206 max_probability_over_uniform=2.599157 min_probability_over_uniform=0.250000
ROUND_ACCURACY method=FedPhoenixRG round=920 accuracy=62.119999
********************************************************************************
Round 920
ROUND_ACCURACY method=FedPhoenixRG round=921 accuracy=74.160004
********************************************************************************
Round 921
ROUND_ACCURACY method=FedPhoenixRG round=922 accuracy=79.459999
********************************************************************************
Round 922
ROUND_ACCURACY method=FedPhoenixRG round=923 accuracy=72.559998
********************************************************************************
Round 923
ROUND_ACCURACY method=FedPhoenixRG round=924 accuracy=72.599998
********************************************************************************
Round 924
ROUND_ACCURACY method=FedPhoenixRG round=925 accuracy=76.419998
********************************************************************************
Round 925
ROUND_ACCURACY method=FedPhoenixRG round=926 accuracy=71.120003
********************************************************************************
Round 926
ROUND_ACCURACY method=FedPhoenixRG round=927 accuracy=79.570000
********************************************************************************
Round 927
ROUND_ACCURACY method=FedPhoenixRG round=928 accuracy=75.910004
********************************************************************************
Round 928
ROUND_ACCURACY method=FedPhoenixRG round=929 accuracy=81.809998
********************************************************************************
Round 929
ROUND_ACCURACY method=FedPhoenixRG round=930 accuracy=82.000000
********************************************************************************
Round 930
ROUND_ACCURACY method=FedPhoenixRG round=931 accuracy=82.300003
********************************************************************************
Round 931
ROUND_ACCURACY method=FedPhoenixRG round=932 accuracy=82.050003
********************************************************************************
Round 932
ROUND_ACCURACY method=FedPhoenixRG round=933 accuracy=81.330002
********************************************************************************
Round 933
ROUND_ACCURACY method=FedPhoenixRG round=934 accuracy=74.480003
********************************************************************************
Round 934
ROUND_ACCURACY method=FedPhoenixRG round=935 accuracy=81.379997
********************************************************************************
Round 935
ROUND_ACCURACY method=FedPhoenixRG round=936 accuracy=79.550003
********************************************************************************
Round 936
ROUND_ACCURACY method=FedPhoenixRG round=937 accuracy=75.029999
********************************************************************************
Round 937
ROUND_ACCURACY method=FedPhoenixRG round=938 accuracy=81.529999
********************************************************************************
Round 938
ROUND_ACCURACY method=FedPhoenixRG round=939 accuracy=80.339996
********************************************************************************
Round 939
RG_SCORE round=940 layer=features.0 mean_q=0.041540 max_q=0.225143 fraction_q_positive=0.531250 sampling_entropy=3.715892 uniform_entropy=4.158883 entropy_gap=0.442991 max_probability_over_uniform=4.314899 min_probability_over_uniform=0.250000
RG_SCORE round=940 layer=features.3 mean_q=0.029477 max_q=0.081116 fraction_q_positive=0.890625 sampling_entropy=4.019022 uniform_entropy=4.158883 entropy_gap=0.139861 max_probability_over_uniform=2.313874 min_probability_over_uniform=0.250000
RG_SCORE round=940 layer=features.7 mean_q=0.030211 max_q=0.094753 fraction_q_positive=0.968750 sampling_entropy=4.735359 uniform_entropy=4.852030 entropy_gap=0.116671 max_probability_over_uniform=2.602243 min_probability_over_uniform=0.250000
RG_SCORE round=940 layer=features.10 mean_q=0.026101 max_q=0.062033 fraction_q_positive=0.984375 sampling_entropy=4.788446 uniform_entropy=4.852030 entropy_gap=0.063585 max_probability_over_uniform=2.032494 min_probability_over_uniform=0.250000
RG_SCORE round=940 layer=features.14 mean_q=0.027933 max_q=0.066016 fraction_q_positive=0.992188 sampling_entropy=5.488303 uniform_entropy=5.545177 entropy_gap=0.056874 max_probability_over_uniform=2.022502 min_probability_over_uniform=0.250000
RG_SCORE round=940 layer=features.17 mean_q=0.027704 max_q=0.070077 fraction_q_positive=1.000000 sampling_entropy=5.497647 uniform_entropy=5.545177 entropy_gap=0.047530 max_probability_over_uniform=2.147119 min_probability_over_uniform=0.390861
RG_SCORE round=940 layer=features.20 mean_q=0.022706 max_q=0.050880 fraction_q_positive=0.992188 sampling_entropy=5.495690 uniform_entropy=5.545177 entropy_gap=0.049488 max_probability_over_uniform=1.930599 min_probability_over_uniform=0.250000
RG_SCORE round=940 layer=features.24 mean_q=0.042361 max_q=0.128499 fraction_q_positive=0.996094 sampling_entropy=6.185264 uniform_entropy=6.238325 entropy_gap=0.053060 max_probability_over_uniform=2.525053 min_probability_over_uniform=0.250000
RG_SCORE round=940 layer=features.27 mean_q=0.061043 max_q=0.162598 fraction_q_positive=1.000000 sampling_entropy=6.195019 uniform_entropy=6.238325 entropy_gap=0.043306 max_probability_over_uniform=2.247743 min_probability_over_uniform=0.400397
RG_SCORE round=940 layer=features.30 mean_q=0.041060 max_q=0.098048 fraction_q_positive=0.988281 sampling_entropy=6.176149 uniform_entropy=6.238325 entropy_gap=0.062176 max_probability_over_uniform=2.040922 min_probability_over_uniform=0.250000
RG_SCORE round=940 layer=features.34 mean_q=0.113036 max_q=0.278906 fraction_q_positive=0.984375 sampling_entropy=6.159027 uniform_entropy=6.238325 entropy_gap=0.079298 max_probability_over_uniform=2.100549 min_probability_over_uniform=0.250000
RG_SCORE round=940 layer=features.37 mean_q=0.122169 max_q=0.274896 fraction_q_positive=0.982422 sampling_entropy=6.150278 uniform_entropy=6.238325 entropy_gap=0.088047 max_probability_over_uniform=1.937590 min_probability_over_uniform=0.250000
RG_SCORE round=940 layer=features.40 mean_q=0.069766 max_q=0.230595 fraction_q_positive=0.939453 sampling_entropy=6.106449 uniform_entropy=6.238325 entropy_gap=0.131876 max_probability_over_uniform=2.728956 min_probability_over_uniform=0.250000
ROUND_ACCURACY method=FedPhoenixRG round=940 accuracy=81.360001
********************************************************************************
Round 940
ROUND_ACCURACY method=FedPhoenixRG round=941 accuracy=80.980003
********************************************************************************
Round 941
ROUND_ACCURACY method=FedPhoenixRG round=942 accuracy=77.279999
********************************************************************************
Round 942
ROUND_ACCURACY method=FedPhoenixRG round=943 accuracy=73.300003
********************************************************************************
Round 943
ROUND_ACCURACY method=FedPhoenixRG round=944 accuracy=81.080002
********************************************************************************
Round 944
ROUND_ACCURACY method=FedPhoenixRG round=945 accuracy=82.330002
********************************************************************************
Round 945
ROUND_ACCURACY method=FedPhoenixRG round=946 accuracy=74.360001
********************************************************************************
Round 946
ROUND_ACCURACY method=FedPhoenixRG round=947 accuracy=80.500000
********************************************************************************
Round 947
ROUND_ACCURACY method=FedPhoenixRG round=948 accuracy=80.379997
********************************************************************************
Round 948
ROUND_ACCURACY method=FedPhoenixRG round=949 accuracy=80.650002
********************************************************************************
Round 949
ROUND_ACCURACY method=FedPhoenixRG round=950 accuracy=79.370003
********************************************************************************
Round 950
ROUND_ACCURACY method=FedPhoenixRG round=951 accuracy=80.739998
********************************************************************************
Round 951
ROUND_ACCURACY method=FedPhoenixRG round=952 accuracy=81.480003
********************************************************************************
Round 952
ROUND_ACCURACY method=FedPhoenixRG round=953 accuracy=82.589996
********************************************************************************
Round 953
ROUND_ACCURACY method=FedPhoenixRG round=954 accuracy=81.230003
********************************************************************************
Round 954
ROUND_ACCURACY method=FedPhoenixRG round=955 accuracy=77.339996
********************************************************************************
Round 955
ROUND_ACCURACY method=FedPhoenixRG round=956 accuracy=81.709999
********************************************************************************
Round 956
ROUND_ACCURACY method=FedPhoenixRG round=957 accuracy=79.410004
********************************************************************************
Round 957
ROUND_ACCURACY method=FedPhoenixRG round=958 accuracy=81.620003
********************************************************************************
Round 958
ROUND_ACCURACY method=FedPhoenixRG round=959 accuracy=81.680000
********************************************************************************
Round 959
RG_SCORE round=960 layer=features.0 mean_q=0.064059 max_q=0.201464 fraction_q_positive=0.781250 sampling_entropy=3.926023 uniform_entropy=4.158883 entropy_gap=0.232860 max_probability_over_uniform=2.608726 min_probability_over_uniform=0.250000
RG_SCORE round=960 layer=features.3 mean_q=0.043932 max_q=0.114374 fraction_q_positive=0.953125 sampling_entropy=4.080673 uniform_entropy=4.158883 entropy_gap=0.078210 max_probability_over_uniform=2.202561 min_probability_over_uniform=0.250000
RG_SCORE round=960 layer=features.7 mean_q=0.044373 max_q=0.088882 fraction_q_positive=1.000000 sampling_entropy=4.812795 uniform_entropy=4.852030 entropy_gap=0.039235 max_probability_over_uniform=1.752299 min_probability_over_uniform=0.275731
RG_SCORE round=960 layer=features.10 mean_q=0.040849 max_q=0.078456 fraction_q_positive=1.000000 sampling_entropy=4.828757 uniform_entropy=4.852030 entropy_gap=0.023273 max_probability_over_uniform=1.690459 min_probability_over_uniform=0.556115
RG_SCORE round=960 layer=features.14 mean_q=0.048026 max_q=0.093286 fraction_q_positive=1.000000 sampling_entropy=5.521811 uniform_entropy=5.545177 entropy_gap=0.023366 max_probability_over_uniform=1.706798 min_probability_over_uniform=0.493187
RG_SCORE round=960 layer=features.17 mean_q=0.047007 max_q=0.098438 fraction_q_positive=1.000000 sampling_entropy=5.522011 uniform_entropy=5.545177 entropy_gap=0.023167 max_probability_over_uniform=1.820592 min_probability_over_uniform=0.539896
RG_SCORE round=960 layer=features.20 mean_q=0.041592 max_q=0.074777 fraction_q_positive=1.000000 sampling_entropy=5.528667 uniform_entropy=5.545177 entropy_gap=0.016511 max_probability_over_uniform=1.598397 min_probability_over_uniform=0.608457
RG_SCORE round=960 layer=features.24 mean_q=0.082125 max_q=0.172460 fraction_q_positive=1.000000 sampling_entropy=6.220630 uniform_entropy=6.238325 entropy_gap=0.017694 max_probability_over_uniform=1.824972 min_probability_over_uniform=0.454473
RG_SCORE round=960 layer=features.27 mean_q=0.131351 max_q=0.188620 fraction_q_positive=1.000000 sampling_entropy=6.230994 uniform_entropy=6.238325 entropy_gap=0.007331 max_probability_over_uniform=1.327000 min_probability_over_uniform=0.619580
RG_SCORE round=960 layer=features.30 mean_q=0.095387 max_q=0.147241 fraction_q_positive=1.000000 sampling_entropy=6.229105 uniform_entropy=6.238325 entropy_gap=0.009220 max_probability_over_uniform=1.407717 min_probability_over_uniform=0.635026
RG_SCORE round=960 layer=features.34 mean_q=0.296311 max_q=0.414147 fraction_q_positive=0.998047 sampling_entropy=6.227292 uniform_entropy=6.238325 entropy_gap=0.011032 max_probability_over_uniform=1.298258 min_probability_over_uniform=0.250000
RG_SCORE round=960 layer=features.37 mean_q=0.288259 max_q=0.423316 fraction_q_positive=1.000000 sampling_entropy=6.220140 uniform_entropy=6.238325 entropy_gap=0.018184 max_probability_over_uniform=1.351392 min_probability_over_uniform=0.324337
RG_SCORE round=960 layer=features.40 mean_q=0.212901 max_q=0.419629 fraction_q_positive=0.998047 sampling_entropy=6.189503 uniform_entropy=6.238325 entropy_gap=0.048822 max_probability_over_uniform=1.728253 min_probability_over_uniform=0.250000
ROUND_ACCURACY method=FedPhoenixRG round=960 accuracy=73.839996
********************************************************************************
Round 960
ROUND_ACCURACY method=FedPhoenixRG round=961 accuracy=80.739998
********************************************************************************
Round 961
ROUND_ACCURACY method=FedPhoenixRG round=962 accuracy=76.010002
********************************************************************************
Round 962
ROUND_ACCURACY method=FedPhoenixRG round=963 accuracy=80.669998
********************************************************************************
Round 963
ROUND_ACCURACY method=FedPhoenixRG round=964 accuracy=79.889999
********************************************************************************
Round 964
ROUND_ACCURACY method=FedPhoenixRG round=965 accuracy=82.730003
********************************************************************************
Round 965
ROUND_ACCURACY method=FedPhoenixRG round=966 accuracy=82.360001
********************************************************************************
Round 966
ROUND_ACCURACY method=FedPhoenixRG round=967 accuracy=82.519997
********************************************************************************
Round 967
ROUND_ACCURACY method=FedPhoenixRG round=968 accuracy=81.400002
********************************************************************************
Round 968
ROUND_ACCURACY method=FedPhoenixRG round=969 accuracy=82.809998
********************************************************************************
Round 969
ROUND_ACCURACY method=FedPhoenixRG round=970 accuracy=82.430000
********************************************************************************
Round 970
ROUND_ACCURACY method=FedPhoenixRG round=971 accuracy=82.489998
********************************************************************************
Round 971
ROUND_ACCURACY method=FedPhoenixRG round=972 accuracy=82.860001
********************************************************************************
Round 972
ROUND_ACCURACY method=FedPhoenixRG round=973 accuracy=82.449997
********************************************************************************
Round 973
ROUND_ACCURACY method=FedPhoenixRG round=974 accuracy=81.750000
********************************************************************************
Round 974
ROUND_ACCURACY method=FedPhoenixRG round=975 accuracy=81.489998
********************************************************************************
Round 975
ROUND_ACCURACY method=FedPhoenixRG round=976 accuracy=82.110001
********************************************************************************
Round 976
ROUND_ACCURACY method=FedPhoenixRG round=977 accuracy=81.830002
********************************************************************************
Round 977
ROUND_ACCURACY method=FedPhoenixRG round=978 accuracy=81.449997
********************************************************************************
Round 978
ROUND_ACCURACY method=FedPhoenixRG round=979 accuracy=82.379997
********************************************************************************
Round 979
RG_SCORE round=980 layer=features.0 mean_q=0.051875 max_q=0.324651 fraction_q_positive=0.546875 sampling_entropy=3.705029 uniform_entropy=4.158883 entropy_gap=0.453854 max_probability_over_uniform=4.943765 min_probability_over_uniform=0.250000
RG_SCORE round=980 layer=features.3 mean_q=0.035544 max_q=0.124627 fraction_q_positive=0.812500 sampling_entropy=3.965347 uniform_entropy=4.158883 entropy_gap=0.193536 max_probability_over_uniform=2.879738 min_probability_over_uniform=0.250000
RG_SCORE round=980 layer=features.7 mean_q=0.032457 max_q=0.088472 fraction_q_positive=0.921875 sampling_entropy=4.730812 uniform_entropy=4.852030 entropy_gap=0.121218 max_probability_over_uniform=2.294350 min_probability_over_uniform=0.250000
RG_SCORE round=980 layer=features.10 mean_q=0.034074 max_q=0.077731 fraction_q_positive=0.976562 sampling_entropy=4.779523 uniform_entropy=4.852030 entropy_gap=0.072507 max_probability_over_uniform=1.960932 min_probability_over_uniform=0.250000
RG_SCORE round=980 layer=features.14 mean_q=0.040369 max_q=0.102096 fraction_q_positive=0.992188 sampling_entropy=5.488862 uniform_entropy=5.545177 entropy_gap=0.056316 max_probability_over_uniform=2.146806 min_probability_over_uniform=0.250000
RG_SCORE round=980 layer=features.17 mean_q=0.038895 max_q=0.099514 fraction_q_positive=0.988281 sampling_entropy=5.497834 uniform_entropy=5.545177 entropy_gap=0.047344 max_probability_over_uniform=2.168907 min_probability_over_uniform=0.250000
RG_SCORE round=980 layer=features.20 mean_q=0.030236 max_q=0.062538 fraction_q_positive=0.980469 sampling_entropy=5.486867 uniform_entropy=5.545177 entropy_gap=0.058310 max_probability_over_uniform=1.801237 min_probability_over_uniform=0.250000
RG_SCORE round=980 layer=features.24 mean_q=0.059647 max_q=0.166501 fraction_q_positive=0.968750 sampling_entropy=6.168734 uniform_entropy=6.238325 entropy_gap=0.069591 max_probability_over_uniform=2.343564 min_probability_over_uniform=0.250000
RG_SCORE round=980 layer=features.27 mean_q=0.085833 max_q=0.220312 fraction_q_positive=0.976562 sampling_entropy=6.196978 uniform_entropy=6.238325 entropy_gap=0.041347 max_probability_over_uniform=2.175051 min_probability_over_uniform=0.250000
RG_SCORE round=980 layer=features.30 mean_q=0.066120 max_q=0.206585 fraction_q_positive=0.951172 sampling_entropy=6.165439 uniform_entropy=6.238325 entropy_gap=0.072886 max_probability_over_uniform=2.593281 min_probability_over_uniform=0.250000
RG_SCORE round=980 layer=features.34 mean_q=0.172179 max_q=0.357132 fraction_q_positive=0.941406 sampling_entropy=6.164429 uniform_entropy=6.238325 entropy_gap=0.073896 max_probability_over_uniform=1.805644 min_probability_over_uniform=0.250000
RG_SCORE round=980 layer=features.37 mean_q=0.152407 max_q=0.298871 fraction_q_positive=0.978516 sampling_entropy=6.183928 uniform_entropy=6.238325 entropy_gap=0.054396 max_probability_over_uniform=1.720758 min_probability_over_uniform=0.250000
RG_SCORE round=980 layer=features.40 mean_q=0.092206 max_q=0.349024 fraction_q_positive=0.894531 sampling_entropy=6.067141 uniform_entropy=6.238325 entropy_gap=0.171184 max_probability_over_uniform=3.088940 min_probability_over_uniform=0.250000
ROUND_ACCURACY method=FedPhoenixRG round=980 accuracy=79.919998
********************************************************************************
Round 980
ROUND_ACCURACY method=FedPhoenixRG round=981 accuracy=82.370003
********************************************************************************
Round 981
ROUND_ACCURACY method=FedPhoenixRG round=982 accuracy=74.180000
********************************************************************************
Round 982
ROUND_ACCURACY method=FedPhoenixRG round=983 accuracy=83.339996
********************************************************************************
Round 983
ROUND_ACCURACY method=FedPhoenixRG round=984 accuracy=83.430000
********************************************************************************
Round 984
ROUND_ACCURACY method=FedPhoenixRG round=985 accuracy=83.070000
********************************************************************************
Round 985
ROUND_ACCURACY method=FedPhoenixRG round=986 accuracy=82.680000
********************************************************************************
Round 986
ROUND_ACCURACY method=FedPhoenixRG round=987 accuracy=83.389999
********************************************************************************
Round 987
ROUND_ACCURACY method=FedPhoenixRG round=988 accuracy=82.459999
********************************************************************************
Round 988
ROUND_ACCURACY method=FedPhoenixRG round=989 accuracy=83.050003
********************************************************************************
Round 989
ROUND_ACCURACY method=FedPhoenixRG round=990 accuracy=82.870003
********************************************************************************
Round 990
ROUND_ACCURACY method=FedPhoenixRG round=991 accuracy=83.199997
********************************************************************************
Round 991
ROUND_ACCURACY method=FedPhoenixRG round=992 accuracy=82.180000
********************************************************************************
Round 992
ROUND_ACCURACY method=FedPhoenixRG round=993 accuracy=82.379997
********************************************************************************
Round 993
ROUND_ACCURACY method=FedPhoenixRG round=994 accuracy=82.910004
********************************************************************************
Round 994
ROUND_ACCURACY method=FedPhoenixRG round=995 accuracy=77.550003
********************************************************************************
Round 995
ROUND_ACCURACY method=FedPhoenixRG round=996 accuracy=75.489998
********************************************************************************
Round 996
ROUND_ACCURACY method=FedPhoenixRG round=997 accuracy=82.199997
********************************************************************************
Round 997
ROUND_ACCURACY method=FedPhoenixRG round=998 accuracy=82.610001
********************************************************************************
Round 998
ROUND_ACCURACY method=FedPhoenixRG round=999 accuracy=82.709999
********************************************************************************
Round 999
RG_SCORE round=1000 layer=features.0 mean_q=0.057684 max_q=0.221218 fraction_q_positive=0.718750 sampling_entropy=3.897397 uniform_entropy=4.158883 entropy_gap=0.261486 max_probability_over_uniform=3.126232 min_probability_over_uniform=0.250000
RG_SCORE round=1000 layer=features.3 mean_q=0.032213 max_q=0.101724 fraction_q_positive=0.890625 sampling_entropy=3.985156 uniform_entropy=4.158883 entropy_gap=0.173727 max_probability_over_uniform=2.618403 min_probability_over_uniform=0.250000
RG_SCORE round=1000 layer=features.7 mean_q=0.036175 max_q=0.099786 fraction_q_positive=0.976562 sampling_entropy=4.779921 uniform_entropy=4.852030 entropy_gap=0.072109 max_probability_over_uniform=2.318793 min_probability_over_uniform=0.250000
RG_SCORE round=1000 layer=features.10 mean_q=0.035561 max_q=0.074740 fraction_q_positive=1.000000 sampling_entropy=4.817026 uniform_entropy=4.852030 entropy_gap=0.035004 max_probability_over_uniform=1.826323 min_probability_over_uniform=0.262622
RG_SCORE round=1000 layer=features.14 mean_q=0.040818 max_q=0.109958 fraction_q_positive=1.000000 sampling_entropy=5.506574 uniform_entropy=5.545177 entropy_gap=0.038604 max_probability_over_uniform=2.270382 min_probability_over_uniform=0.325328
RG_SCORE round=1000 layer=features.17 mean_q=0.042550 max_q=0.089961 fraction_q_positive=1.000000 sampling_entropy=5.516539 uniform_entropy=5.545177 entropy_gap=0.028638 max_probability_over_uniform=1.835677 min_probability_over_uniform=0.349873
RG_SCORE round=1000 layer=features.20 mean_q=0.038215 max_q=0.064792 fraction_q_positive=1.000000 sampling_entropy=5.525135 uniform_entropy=5.545177 entropy_gap=0.020042 max_probability_over_uniform=1.521589 min_probability_over_uniform=0.505366
RG_SCORE round=1000 layer=features.24 mean_q=0.069419 max_q=0.167113 fraction_q_positive=1.000000 sampling_entropy=6.215978 uniform_entropy=6.238325 entropy_gap=0.022347 max_probability_over_uniform=2.055475 min_probability_over_uniform=0.439410
RG_SCORE round=1000 layer=features.27 mean_q=0.108089 max_q=0.190440 fraction_q_positive=1.000000 sampling_entropy=6.228709 uniform_entropy=6.238325 entropy_gap=0.009616 max_probability_over_uniform=1.571410 min_probability_over_uniform=0.662313
RG_SCORE round=1000 layer=features.30 mean_q=0.080296 max_q=0.128038 fraction_q_positive=1.000000 sampling_entropy=6.225177 uniform_entropy=6.238325 entropy_gap=0.013147 max_probability_over_uniform=1.445931 min_probability_over_uniform=0.463576
RG_SCORE round=1000 layer=features.34 mean_q=0.229018 max_q=0.339195 fraction_q_positive=0.998047 sampling_entropy=6.226731 uniform_entropy=6.238325 entropy_gap=0.011593 max_probability_over_uniform=1.360813 min_probability_over_uniform=0.250000
RG_SCORE round=1000 layer=features.37 mean_q=0.252888 max_q=0.382156 fraction_q_positive=1.000000 sampling_entropy=6.226758 uniform_entropy=6.238325 entropy_gap=0.011567 max_probability_over_uniform=1.383375 min_probability_over_uniform=0.546244
RG_SCORE round=1000 layer=features.40 mean_q=0.180916 max_q=0.442018 fraction_q_positive=0.994141 sampling_entropy=6.190626 uniform_entropy=6.238325 entropy_gap=0.047699 max_probability_over_uniform=2.082419 min_probability_over_uniform=0.250000
ROUND_ACCURACY method=FedPhoenixRG round=1000 accuracy=81.269997
********************************************************************************
Round 1000
ROUND_ACCURACY method=FedPhoenixRG round=1001 accuracy=81.900002
********************************************************************************
Round 1001
ROUND_ACCURACY method=FedPhoenixRG round=1002 accuracy=79.209999
********************************************************************************
Round 1002
ROUND_ACCURACY method=FedPhoenixRG round=1003 accuracy=81.879997
********************************************************************************
Round 1003
ROUND_ACCURACY method=FedPhoenixRG round=1004 accuracy=81.760002
********************************************************************************
Round 1004
ROUND_ACCURACY method=FedPhoenixRG round=1005 accuracy=81.949997
********************************************************************************
Round 1005
ROUND_ACCURACY method=FedPhoenixRG round=1006 accuracy=81.599998
********************************************************************************
Round 1006
ROUND_ACCURACY method=FedPhoenixRG round=1007 accuracy=82.360001
********************************************************************************
Round 1007
ROUND_ACCURACY method=FedPhoenixRG round=1008 accuracy=82.839996
********************************************************************************
Round 1008
ROUND_ACCURACY method=FedPhoenixRG round=1009 accuracy=81.080002
********************************************************************************
Round 1009
ROUND_ACCURACY method=FedPhoenixRG round=1010 accuracy=82.019997
********************************************************************************
Round 1010
ROUND_ACCURACY method=FedPhoenixRG round=1011 accuracy=77.820000
********************************************************************************
Round 1011
ROUND_ACCURACY method=FedPhoenixRG round=1012 accuracy=81.309998
********************************************************************************
Round 1012
ROUND_ACCURACY method=FedPhoenixRG round=1013 accuracy=80.940002
********************************************************************************
Round 1013
ROUND_ACCURACY method=FedPhoenixRG round=1014 accuracy=79.620003
********************************************************************************
Round 1014
ROUND_ACCURACY method=FedPhoenixRG round=1015 accuracy=82.550003
********************************************************************************
Round 1015
ROUND_ACCURACY method=FedPhoenixRG round=1016 accuracy=82.830002
********************************************************************************
Round 1016
ROUND_ACCURACY method=FedPhoenixRG round=1017 accuracy=74.699997
********************************************************************************
Round 1017
ROUND_ACCURACY method=FedPhoenixRG round=1018 accuracy=82.599998
********************************************************************************
Round 1018
ROUND_ACCURACY method=FedPhoenixRG round=1019 accuracy=81.120003
********************************************************************************
Round 1019
RG_SCORE round=1020 layer=features.0 mean_q=0.045507 max_q=0.256999 fraction_q_positive=0.546875 sampling_entropy=3.680785 uniform_entropy=4.158883 entropy_gap=0.478098 max_probability_over_uniform=4.485587 min_probability_over_uniform=0.250000
RG_SCORE round=1020 layer=features.3 mean_q=0.021775 max_q=0.101333 fraction_q_positive=0.609375 sampling_entropy=3.773442 uniform_entropy=4.158883 entropy_gap=0.385441 max_probability_over_uniform=3.740233 min_probability_over_uniform=0.250000
RG_SCORE round=1020 layer=features.7 mean_q=0.018728 max_q=0.111040 fraction_q_positive=0.640625 sampling_entropy=4.524827 uniform_entropy=4.852030 entropy_gap=0.327203 max_probability_over_uniform=4.696867 min_probability_over_uniform=0.250000
RG_SCORE round=1020 layer=features.10 mean_q=0.011662 max_q=0.059189 fraction_q_positive=0.656250 sampling_entropy=4.492163 uniform_entropy=4.852030 entropy_gap=0.359867 max_probability_over_uniform=4.056435 min_probability_over_uniform=0.250000
RG_SCORE round=1020 layer=features.14 mean_q=0.015054 max_q=0.092436 fraction_q_positive=0.742188 sampling_entropy=5.260802 uniform_entropy=5.545177 entropy_gap=0.284376 max_probability_over_uniform=4.855336 min_probability_over_uniform=0.250000
RG_SCORE round=1020 layer=features.17 mean_q=0.012095 max_q=0.054977 fraction_q_positive=0.796875 sampling_entropy=5.299605 uniform_entropy=5.545177 entropy_gap=0.245572 max_probability_over_uniform=3.659190 min_probability_over_uniform=0.250000
RG_SCORE round=1020 layer=features.20 mean_q=0.009545 max_q=0.044213 fraction_q_positive=0.726562 sampling_entropy=5.277176 uniform_entropy=5.545177 entropy_gap=0.268001 max_probability_over_uniform=3.724192 min_probability_over_uniform=0.250000
RG_SCORE round=1020 layer=features.24 mean_q=0.025011 max_q=0.105756 fraction_q_positive=0.828125 sampling_entropy=6.037282 uniform_entropy=6.238325 entropy_gap=0.201043 max_probability_over_uniform=3.421229 min_probability_over_uniform=0.250000
RG_SCORE round=1020 layer=features.27 mean_q=0.046320 max_q=0.107663 fraction_q_positive=0.929688 sampling_entropy=6.150014 uniform_entropy=6.238325 entropy_gap=0.088311 max_probability_over_uniform=1.993271 min_probability_over_uniform=0.250000
RG_SCORE round=1020 layer=features.30 mean_q=0.037920 max_q=0.118034 fraction_q_positive=0.921875 sampling_entropy=6.134507 uniform_entropy=6.238325 entropy_gap=0.103818 max_probability_over_uniform=2.584534 min_probability_over_uniform=0.250000
RG_SCORE round=1020 layer=features.34 mean_q=0.109027 max_q=0.333796 fraction_q_positive=0.865234 sampling_entropy=6.093652 uniform_entropy=6.238325 entropy_gap=0.144673 max_probability_over_uniform=2.546181 min_probability_over_uniform=0.250000
RG_SCORE round=1020 layer=features.37 mean_q=0.099328 max_q=0.371969 fraction_q_positive=0.835938 sampling_entropy=6.045276 uniform_entropy=6.238325 entropy_gap=0.193048 max_probability_over_uniform=3.058644 min_probability_over_uniform=0.250000
RG_SCORE round=1020 layer=features.40 mean_q=0.075140 max_q=0.460299 fraction_q_positive=0.666016 sampling_entropy=5.903004 uniform_entropy=6.238325 entropy_gap=0.335320 max_probability_over_uniform=4.844419 min_probability_over_uniform=0.250000
ROUND_ACCURACY method=FedPhoenixRG round=1020 accuracy=82.339996
********************************************************************************
Round 1020
ROUND_ACCURACY method=FedPhoenixRG round=1021 accuracy=81.699997
********************************************************************************
Round 1021
ROUND_ACCURACY method=FedPhoenixRG round=1022 accuracy=80.750000
********************************************************************************
Round 1022
ROUND_ACCURACY method=FedPhoenixRG round=1023 accuracy=81.769997
********************************************************************************
Round 1023
ROUND_ACCURACY method=FedPhoenixRG round=1024 accuracy=81.919998
********************************************************************************
Round 1024
ROUND_ACCURACY method=FedPhoenixRG round=1025 accuracy=81.150002
********************************************************************************
Round 1025
ROUND_ACCURACY method=FedPhoenixRG round=1026 accuracy=79.250000
********************************************************************************
Round 1026
ROUND_ACCURACY method=FedPhoenixRG round=1027 accuracy=82.040001
********************************************************************************
Round 1027
ROUND_ACCURACY method=FedPhoenixRG round=1028 accuracy=80.760002
********************************************************************************
Round 1028
ROUND_ACCURACY method=FedPhoenixRG round=1029 accuracy=82.089996
********************************************************************************
Round 1029
ROUND_ACCURACY method=FedPhoenixRG round=1030 accuracy=82.830002
********************************************************************************
Round 1030
ROUND_ACCURACY method=FedPhoenixRG round=1031 accuracy=67.360001
********************************************************************************
Round 1031
ROUND_ACCURACY method=FedPhoenixRG round=1032 accuracy=71.269997
********************************************************************************
Round 1032
ROUND_ACCURACY method=FedPhoenixRG round=1033 accuracy=80.199997
********************************************************************************
Round 1033
ROUND_ACCURACY method=FedPhoenixRG round=1034 accuracy=81.790001
********************************************************************************
Round 1034
ROUND_ACCURACY method=FedPhoenixRG round=1035 accuracy=82.070000
********************************************************************************
Round 1035
ROUND_ACCURACY method=FedPhoenixRG round=1036 accuracy=82.139999
********************************************************************************
Round 1036
ROUND_ACCURACY method=FedPhoenixRG round=1037 accuracy=81.709999
********************************************************************************
Round 1037
ROUND_ACCURACY method=FedPhoenixRG round=1038 accuracy=80.150002
********************************************************************************
Round 1038
ROUND_ACCURACY method=FedPhoenixRG round=1039 accuracy=81.629997
********************************************************************************
Round 1039
RG_SCORE round=1040 layer=features.0 mean_q=0.014386 max_q=0.091225 fraction_q_positive=0.515625 sampling_entropy=3.654284 uniform_entropy=4.158883 entropy_gap=0.504599 max_probability_over_uniform=5.006042 min_probability_over_uniform=0.250000
RG_SCORE round=1040 layer=features.3 mean_q=0.013634 max_q=0.055603 fraction_q_positive=0.921875 sampling_entropy=3.983550 uniform_entropy=4.158883 entropy_gap=0.175333 max_probability_over_uniform=3.308652 min_probability_over_uniform=0.250000
RG_SCORE round=1040 layer=features.7 mean_q=0.011921 max_q=0.040647 fraction_q_positive=0.882812 sampling_entropy=4.691690 uniform_entropy=4.852030 entropy_gap=0.160341 max_probability_over_uniform=2.807309 min_probability_over_uniform=0.250000
RG_SCORE round=1040 layer=features.10 mean_q=0.009819 max_q=0.028738 fraction_q_positive=0.937500 sampling_entropy=4.732912 uniform_entropy=4.852030 entropy_gap=0.119118 max_probability_over_uniform=2.445010 min_probability_over_uniform=0.250000
RG_SCORE round=1040 layer=features.14 mean_q=0.010858 max_q=0.066921 fraction_q_positive=0.953125 sampling_entropy=5.408054 uniform_entropy=5.545177 entropy_gap=0.137124 max_probability_over_uniform=4.872462 min_probability_over_uniform=0.250000
RG_SCORE round=1040 layer=features.17 mean_q=0.011264 max_q=0.050140 fraction_q_positive=0.984375 sampling_entropy=5.446774 uniform_entropy=5.545177 entropy_gap=0.098403 max_probability_over_uniform=3.588535 min_probability_over_uniform=0.250000
RG_SCORE round=1040 layer=features.20 mean_q=0.010775 max_q=0.033543 fraction_q_positive=0.976562 sampling_entropy=5.445905 uniform_entropy=5.545177 entropy_gap=0.099273 max_probability_over_uniform=2.584765 min_probability_over_uniform=0.250000
RG_SCORE round=1040 layer=features.24 mean_q=0.022525 max_q=0.070364 fraction_q_positive=0.955078 sampling_entropy=6.110486 uniform_entropy=6.238325 entropy_gap=0.127839 max_probability_over_uniform=2.592860 min_probability_over_uniform=0.250000
RG_SCORE round=1040 layer=features.27 mean_q=0.036677 max_q=0.139909 fraction_q_positive=0.982422 sampling_entropy=6.126507 uniform_entropy=6.238325 entropy_gap=0.111818 max_probability_over_uniform=3.110962 min_probability_over_uniform=0.250000
RG_SCORE round=1040 layer=features.30 mean_q=0.025880 max_q=0.083486 fraction_q_positive=0.982422 sampling_entropy=6.110845 uniform_entropy=6.238325 entropy_gap=0.127479 max_probability_over_uniform=2.669439 min_probability_over_uniform=0.250000
RG_SCORE round=1040 layer=features.34 mean_q=0.105199 max_q=0.282085 fraction_q_positive=0.984375 sampling_entropy=6.103240 uniform_entropy=6.238325 entropy_gap=0.135085 max_probability_over_uniform=2.261083 min_probability_over_uniform=0.250000
RG_SCORE round=1040 layer=features.37 mean_q=0.152562 max_q=0.291139 fraction_q_positive=1.000000 sampling_entropy=6.186647 uniform_entropy=6.238325 entropy_gap=0.051678 max_probability_over_uniform=1.681246 min_probability_over_uniform=0.331393
RG_SCORE round=1040 layer=features.40 mean_q=0.121566 max_q=0.339743 fraction_q_positive=0.986328 sampling_entropy=6.150855 uniform_entropy=6.238325 entropy_gap=0.087469 max_probability_over_uniform=2.346034 min_probability_over_uniform=0.250000
ROUND_ACCURACY method=FedPhoenixRG round=1040 accuracy=82.110001
********************************************************************************
Round 1040
ROUND_ACCURACY method=FedPhoenixRG round=1041 accuracy=82.570000
********************************************************************************
Round 1041
ROUND_ACCURACY method=FedPhoenixRG round=1042 accuracy=82.699997
********************************************************************************
Round 1042
ROUND_ACCURACY method=FedPhoenixRG round=1043 accuracy=83.099998
********************************************************************************
Round 1043
ROUND_ACCURACY method=FedPhoenixRG round=1044 accuracy=81.629997
********************************************************************************
Round 1044
ROUND_ACCURACY method=FedPhoenixRG round=1045 accuracy=82.559998
********************************************************************************
Round 1045
ROUND_ACCURACY method=FedPhoenixRG round=1046 accuracy=82.900002
********************************************************************************
Round 1046
ROUND_ACCURACY method=FedPhoenixRG round=1047 accuracy=82.339996
********************************************************************************
Round 1047
ROUND_ACCURACY method=FedPhoenixRG round=1048 accuracy=82.970001
********************************************************************************
Round 1048
ROUND_ACCURACY method=FedPhoenixRG round=1049 accuracy=82.559998
********************************************************************************
Round 1049
ROUND_ACCURACY method=FedPhoenixRG round=1050 accuracy=69.949997
********************************************************************************
Round 1050
ROUND_ACCURACY method=FedPhoenixRG round=1051 accuracy=80.620003
********************************************************************************
Round 1051
ROUND_ACCURACY method=FedPhoenixRG round=1052 accuracy=80.230003
********************************************************************************
Round 1052
ROUND_ACCURACY method=FedPhoenixRG round=1053 accuracy=82.279999
********************************************************************************
Round 1053
ROUND_ACCURACY method=FedPhoenixRG round=1054 accuracy=80.959999
********************************************************************************
Round 1054
ROUND_ACCURACY method=FedPhoenixRG round=1055 accuracy=82.809998
********************************************************************************
Round 1055
ROUND_ACCURACY method=FedPhoenixRG round=1056 accuracy=81.750000
********************************************************************************
Round 1056
ROUND_ACCURACY method=FedPhoenixRG round=1057 accuracy=81.809998
********************************************************************************
Round 1057
ROUND_ACCURACY method=FedPhoenixRG round=1058 accuracy=81.330002
********************************************************************************
Round 1058
ROUND_ACCURACY method=FedPhoenixRG round=1059 accuracy=81.910004
********************************************************************************
Round 1059
RG_SCORE round=1060 layer=features.0 mean_q=0.032669 max_q=0.171540 fraction_q_positive=0.593750 sampling_entropy=3.752125 uniform_entropy=4.158883 entropy_gap=0.406758 max_probability_over_uniform=4.188155 min_probability_over_uniform=0.250000
RG_SCORE round=1060 layer=features.3 mean_q=0.019291 max_q=0.049257 fraction_q_positive=0.921875 sampling_entropy=4.027476 uniform_entropy=4.158883 entropy_gap=0.131407 max_probability_over_uniform=2.165064 min_probability_over_uniform=0.250000
RG_SCORE round=1060 layer=features.7 mean_q=0.019672 max_q=0.052971 fraction_q_positive=0.960938 sampling_entropy=4.780150 uniform_entropy=4.852030 entropy_gap=0.071881 max_probability_over_uniform=2.269496 min_probability_over_uniform=0.250000
RG_SCORE round=1060 layer=features.10 mean_q=0.017901 max_q=0.037740 fraction_q_positive=1.000000 sampling_entropy=4.799489 uniform_entropy=4.852030 entropy_gap=0.052541 max_probability_over_uniform=1.831201 min_probability_over_uniform=0.308750
RG_SCORE round=1060 layer=features.14 mean_q=0.018984 max_q=0.058897 fraction_q_positive=0.992188 sampling_entropy=5.479456 uniform_entropy=5.545177 entropy_gap=0.065721 max_probability_over_uniform=2.576831 min_probability_over_uniform=0.250000
RG_SCORE round=1060 layer=features.17 mean_q=0.018190 max_q=0.044437 fraction_q_positive=1.000000 sampling_entropy=5.495665 uniform_entropy=5.545177 entropy_gap=0.049512 max_probability_over_uniform=2.082232 min_probability_over_uniform=0.297319
RG_SCORE round=1060 layer=features.20 mean_q=0.016950 max_q=0.041126 fraction_q_positive=1.000000 sampling_entropy=5.504449 uniform_entropy=5.545177 entropy_gap=0.040728 max_probability_over_uniform=2.069728 min_probability_over_uniform=0.264548
RG_SCORE round=1060 layer=features.24 mean_q=0.027333 max_q=0.065709 fraction_q_positive=1.000000 sampling_entropy=6.190917 uniform_entropy=6.238325 entropy_gap=0.047408 max_probability_over_uniform=2.052986 min_probability_over_uniform=0.296343
RG_SCORE round=1060 layer=features.27 mean_q=0.042183 max_q=0.097908 fraction_q_positive=1.000000 sampling_entropy=6.198685 uniform_entropy=6.238325 entropy_gap=0.039639 max_probability_over_uniform=1.990770 min_probability_over_uniform=0.390656
RG_SCORE round=1060 layer=features.30 mean_q=0.030719 max_q=0.064833 fraction_q_positive=1.000000 sampling_entropy=6.202206 uniform_entropy=6.238325 entropy_gap=0.036118 max_probability_over_uniform=1.832912 min_probability_over_uniform=0.273283
RG_SCORE round=1060 layer=features.34 mean_q=0.108079 max_q=0.267375 fraction_q_positive=1.000000 sampling_entropy=6.166580 uniform_entropy=6.238325 entropy_gap=0.071745 max_probability_over_uniform=2.105417 min_probability_over_uniform=0.269370
RG_SCORE round=1060 layer=features.37 mean_q=0.121108 max_q=0.304624 fraction_q_positive=1.000000 sampling_entropy=6.169694 uniform_entropy=6.238325 entropy_gap=0.068630 max_probability_over_uniform=2.136483 min_probability_over_uniform=0.257154
RG_SCORE round=1060 layer=features.40 mean_q=0.065567 max_q=0.272717 fraction_q_positive=0.892578 sampling_entropy=6.052513 uniform_entropy=6.238325 entropy_gap=0.185812 max_probability_over_uniform=3.369523 min_probability_over_uniform=0.250000
ROUND_ACCURACY method=FedPhoenixRG round=1060 accuracy=81.930000
********************************************************************************
Round 1060
ROUND_ACCURACY method=FedPhoenixRG round=1061 accuracy=82.830002
********************************************************************************
Round 1061
ROUND_ACCURACY method=FedPhoenixRG round=1062 accuracy=82.599998
********************************************************************************
Round 1062
ROUND_ACCURACY method=FedPhoenixRG round=1063 accuracy=82.269997
********************************************************************************
Round 1063
ROUND_ACCURACY method=FedPhoenixRG round=1064 accuracy=81.529999
********************************************************************************
Round 1064
ROUND_ACCURACY method=FedPhoenixRG round=1065 accuracy=82.559998
********************************************************************************
Round 1065
ROUND_ACCURACY method=FedPhoenixRG round=1066 accuracy=82.139999
********************************************************************************
Round 1066
ROUND_ACCURACY method=FedPhoenixRG round=1067 accuracy=82.550003
********************************************************************************
Round 1067
ROUND_ACCURACY method=FedPhoenixRG round=1068 accuracy=82.320000
********************************************************************************
Round 1068
ROUND_ACCURACY method=FedPhoenixRG round=1069 accuracy=82.800003
********************************************************************************
Round 1069
ROUND_ACCURACY method=FedPhoenixRG round=1070 accuracy=82.790001
********************************************************************************
Round 1070
ROUND_ACCURACY method=FedPhoenixRG round=1071 accuracy=81.669998
********************************************************************************
Round 1071
ROUND_ACCURACY method=FedPhoenixRG round=1072 accuracy=82.370003
********************************************************************************
Round 1072
ROUND_ACCURACY method=FedPhoenixRG round=1073 accuracy=82.680000
********************************************************************************
Round 1073
ROUND_ACCURACY method=FedPhoenixRG round=1074 accuracy=82.459999
********************************************************************************
Round 1074
ROUND_ACCURACY method=FedPhoenixRG round=1075 accuracy=81.970001
********************************************************************************
Round 1075
ROUND_ACCURACY method=FedPhoenixRG round=1076 accuracy=82.330002
********************************************************************************
Round 1076
ROUND_ACCURACY method=FedPhoenixRG round=1077 accuracy=82.040001
********************************************************************************
Round 1077
ROUND_ACCURACY method=FedPhoenixRG round=1078 accuracy=82.489998
********************************************************************************
Round 1078
ROUND_ACCURACY method=FedPhoenixRG round=1079 accuracy=82.330002
********************************************************************************
Round 1079
RG_SCORE round=1080 layer=features.0 mean_q=0.061557 max_q=0.291351 fraction_q_positive=0.703125 sampling_entropy=3.845511 uniform_entropy=4.158883 entropy_gap=0.313372 max_probability_over_uniform=3.799770 min_probability_over_uniform=0.250000
RG_SCORE round=1080 layer=features.3 mean_q=0.022427 max_q=0.065653 fraction_q_positive=0.875000 sampling_entropy=3.993452 uniform_entropy=4.158883 entropy_gap=0.165431 max_probability_over_uniform=2.445562 min_probability_over_uniform=0.250000
RG_SCORE round=1080 layer=features.7 mean_q=0.021460 max_q=0.059705 fraction_q_positive=0.921875 sampling_entropy=4.715383 uniform_entropy=4.852030 entropy_gap=0.136648 max_probability_over_uniform=2.336655 min_probability_over_uniform=0.250000
RG_SCORE round=1080 layer=features.10 mean_q=0.017709 max_q=0.039911 fraction_q_positive=0.968750 sampling_entropy=4.770122 uniform_entropy=4.852030 entropy_gap=0.081908 max_probability_over_uniform=1.940281 min_probability_over_uniform=0.250000
RG_SCORE round=1080 layer=features.14 mean_q=0.019019 max_q=0.071436 fraction_q_positive=0.980469 sampling_entropy=5.454876 uniform_entropy=5.545177 entropy_gap=0.090302 max_probability_over_uniform=3.067065 min_probability_over_uniform=0.250000
RG_SCORE round=1080 layer=features.17 mean_q=0.020364 max_q=0.059035 fraction_q_positive=0.992188 sampling_entropy=5.481258 uniform_entropy=5.545177 entropy_gap=0.063920 max_probability_over_uniform=2.424291 min_probability_over_uniform=0.250000
RG_SCORE round=1080 layer=features.20 mean_q=0.018121 max_q=0.041019 fraction_q_positive=0.996094 sampling_entropy=5.489217 uniform_entropy=5.545177 entropy_gap=0.055961 max_probability_over_uniform=1.947753 min_probability_over_uniform=0.250000
RG_SCORE round=1080 layer=features.24 mean_q=0.035245 max_q=0.144220 fraction_q_positive=0.996094 sampling_entropy=6.179430 uniform_entropy=6.238325 entropy_gap=0.058895 max_probability_over_uniform=3.318946 min_probability_over_uniform=0.250000
RG_SCORE round=1080 layer=features.27 mean_q=0.055753 max_q=0.107146 fraction_q_positive=1.000000 sampling_entropy=6.214575 uniform_entropy=6.238325 entropy_gap=0.023749 max_probability_over_uniform=1.691349 min_probability_over_uniform=0.427308
RG_SCORE round=1080 layer=features.30 mean_q=0.040542 max_q=0.087280 fraction_q_positive=1.000000 sampling_entropy=6.209377 uniform_entropy=6.238325 entropy_gap=0.028948 max_probability_over_uniform=1.864628 min_probability_over_uniform=0.358636
RG_SCORE round=1080 layer=features.34 mean_q=0.128232 max_q=0.222569 fraction_q_positive=1.000000 sampling_entropy=6.219815 uniform_entropy=6.238325 entropy_gap=0.018510 max_probability_over_uniform=1.551754 min_probability_over_uniform=0.417082
RG_SCORE round=1080 layer=features.37 mean_q=0.153322 max_q=0.257869 fraction_q_positive=1.000000 sampling_entropy=6.224082 uniform_entropy=6.238325 entropy_gap=0.014243 max_probability_over_uniform=1.511409 min_probability_over_uniform=0.478237
RG_SCORE round=1080 layer=features.40 mean_q=0.103857 max_q=0.278053 fraction_q_positive=0.998047 sampling_entropy=6.177698 uniform_entropy=6.238325 entropy_gap=0.060626 max_probability_over_uniform=2.257943 min_probability_over_uniform=0.250000
ROUND_ACCURACY method=FedPhoenixRG round=1080 accuracy=81.669998
********************************************************************************
Round 1080
ROUND_ACCURACY method=FedPhoenixRG round=1081 accuracy=82.910004
********************************************************************************
Round 1081
ROUND_ACCURACY method=FedPhoenixRG round=1082 accuracy=83.169998
********************************************************************************
Round 1082
ROUND_ACCURACY method=FedPhoenixRG round=1083 accuracy=83.059998
********************************************************************************
Round 1083
ROUND_ACCURACY method=FedPhoenixRG round=1084 accuracy=83.250000
********************************************************************************
Round 1084
ROUND_ACCURACY method=FedPhoenixRG round=1085 accuracy=82.820000
********************************************************************************
Round 1085
ROUND_ACCURACY method=FedPhoenixRG round=1086 accuracy=82.349998
********************************************************************************
Round 1086
ROUND_ACCURACY method=FedPhoenixRG round=1087 accuracy=83.169998
********************************************************************************
Round 1087
ROUND_ACCURACY method=FedPhoenixRG round=1088 accuracy=82.470001
********************************************************************************
Round 1088
ROUND_ACCURACY method=FedPhoenixRG round=1089 accuracy=82.239998
********************************************************************************
Round 1089
ROUND_ACCURACY method=FedPhoenixRG round=1090 accuracy=82.919998
********************************************************************************
Round 1090
ROUND_ACCURACY method=FedPhoenixRG round=1091 accuracy=82.820000
********************************************************************************
Round 1091
ROUND_ACCURACY method=FedPhoenixRG round=1092 accuracy=82.300003
********************************************************************************
Round 1092
ROUND_ACCURACY method=FedPhoenixRG round=1093 accuracy=82.419998
********************************************************************************
Round 1093
ROUND_ACCURACY method=FedPhoenixRG round=1094 accuracy=82.940002
********************************************************************************
Round 1094
ROUND_ACCURACY method=FedPhoenixRG round=1095 accuracy=82.980003
********************************************************************************
Round 1095
ROUND_ACCURACY method=FedPhoenixRG round=1096 accuracy=82.190002
********************************************************************************
Round 1096
ROUND_ACCURACY method=FedPhoenixRG round=1097 accuracy=82.699997
********************************************************************************
Round 1097
ROUND_ACCURACY method=FedPhoenixRG round=1098 accuracy=82.550003
********************************************************************************
Round 1098
ROUND_ACCURACY method=FedPhoenixRG round=1099 accuracy=82.949997
********************************************************************************
Round 1099
RG_SCORE round=1100 layer=features.0 mean_q=0.048123 max_q=0.225885 fraction_q_positive=0.609375 sampling_entropy=3.776617 uniform_entropy=4.158883 entropy_gap=0.382266 max_probability_over_uniform=3.770433 min_probability_over_uniform=0.250000
RG_SCORE round=1100 layer=features.3 mean_q=0.024553 max_q=0.071336 fraction_q_positive=0.750000 sampling_entropy=3.939190 uniform_entropy=4.158883 entropy_gap=0.219693 max_probability_over_uniform=2.429022 min_probability_over_uniform=0.250000
RG_SCORE round=1100 layer=features.7 mean_q=0.028327 max_q=0.074203 fraction_q_positive=0.890625 sampling_entropy=4.709858 uniform_entropy=4.852030 entropy_gap=0.142172 max_probability_over_uniform=2.214665 min_probability_over_uniform=0.250000
RG_SCORE round=1100 layer=features.10 mean_q=0.027318 max_q=0.071939 fraction_q_positive=0.960938 sampling_entropy=4.781778 uniform_entropy=4.852030 entropy_gap=0.070253 max_probability_over_uniform=2.225059 min_probability_over_uniform=0.250000
RG_SCORE round=1100 layer=features.14 mean_q=0.026244 max_q=0.081502 fraction_q_positive=0.984375 sampling_entropy=5.466154 uniform_entropy=5.545177 entropy_gap=0.079023 max_probability_over_uniform=2.579172 min_probability_over_uniform=0.250000
RG_SCORE round=1100 layer=features.17 mean_q=0.024646 max_q=0.069190 fraction_q_positive=0.957031 sampling_entropy=5.464809 uniform_entropy=5.545177 entropy_gap=0.080369 max_probability_over_uniform=2.355523 min_probability_over_uniform=0.250000
RG_SCORE round=1100 layer=features.20 mean_q=0.021535 max_q=0.054820 fraction_q_positive=0.988281 sampling_entropy=5.483311 uniform_entropy=5.545177 entropy_gap=0.061867 max_probability_over_uniform=2.159255 min_probability_over_uniform=0.250000
RG_SCORE round=1100 layer=features.24 mean_q=0.038826 max_q=0.166843 fraction_q_positive=0.957031 sampling_entropy=6.141491 uniform_entropy=6.238325 entropy_gap=0.096834 max_probability_over_uniform=3.472900 min_probability_over_uniform=0.250000
RG_SCORE round=1100 layer=features.27 mean_q=0.065856 max_q=0.144655 fraction_q_positive=0.980469 sampling_entropy=6.184763 uniform_entropy=6.238325 entropy_gap=0.053562 max_probability_over_uniform=1.897406 min_probability_over_uniform=0.250000
RG_SCORE round=1100 layer=features.30 mean_q=0.048784 max_q=0.114930 fraction_q_positive=0.990234 sampling_entropy=6.190302 uniform_entropy=6.238325 entropy_gap=0.048022 max_probability_over_uniform=2.016900 min_probability_over_uniform=0.250000
RG_SCORE round=1100 layer=features.34 mean_q=0.135160 max_q=0.328612 fraction_q_positive=0.996094 sampling_entropy=6.173687 uniform_entropy=6.238325 entropy_gap=0.064637 max_probability_over_uniform=2.073457 min_probability_over_uniform=0.250000
RG_SCORE round=1100 layer=features.37 mean_q=0.064777 max_q=0.290125 fraction_q_positive=0.949219 sampling_entropy=6.080641 uniform_entropy=6.238325 entropy_gap=0.157683 max_probability_over_uniform=3.609123 min_probability_over_uniform=0.250000
RG_SCORE round=1100 layer=features.40 mean_q=0.018098 max_q=0.151985 fraction_q_positive=0.693359 sampling_entropy=5.746568 uniform_entropy=6.238325 entropy_gap=0.491757 max_probability_over_uniform=6.548295 min_probability_over_uniform=0.250000
ROUND_ACCURACY method=FedPhoenixRG round=1100 accuracy=82.290001
********************************************************************************
Round 1100
ROUND_ACCURACY method=FedPhoenixRG round=1101 accuracy=82.480003
********************************************************************************
Round 1101
ROUND_ACCURACY method=FedPhoenixRG round=1102 accuracy=82.389999
********************************************************************************
Round 1102
ROUND_ACCURACY method=FedPhoenixRG round=1103 accuracy=82.680000
********************************************************************************
Round 1103
ROUND_ACCURACY method=FedPhoenixRG round=1104 accuracy=83.129997
********************************************************************************
Round 1104
ROUND_ACCURACY method=FedPhoenixRG round=1105 accuracy=83.120003
********************************************************************************
Round 1105
ROUND_ACCURACY method=FedPhoenixRG round=1106 accuracy=73.230003
********************************************************************************
Round 1106
ROUND_ACCURACY method=FedPhoenixRG round=1107 accuracy=79.269997
********************************************************************************
Round 1107
ROUND_ACCURACY method=FedPhoenixRG round=1108 accuracy=75.320000
********************************************************************************
Round 1108
ROUND_ACCURACY method=FedPhoenixRG round=1109 accuracy=78.400002
********************************************************************************
Round 1109
ROUND_ACCURACY method=FedPhoenixRG round=1110 accuracy=81.629997
********************************************************************************
Round 1110
ROUND_ACCURACY method=FedPhoenixRG round=1111 accuracy=82.190002
********************************************************************************
Round 1111
ROUND_ACCURACY method=FedPhoenixRG round=1112 accuracy=82.370003
********************************************************************************
Round 1112
ROUND_ACCURACY method=FedPhoenixRG round=1113 accuracy=81.239998
********************************************************************************
Round 1113
ROUND_ACCURACY method=FedPhoenixRG round=1114 accuracy=82.410004
********************************************************************************
Round 1114
ROUND_ACCURACY method=FedPhoenixRG round=1115 accuracy=81.940002
********************************************************************************
Round 1115
ROUND_ACCURACY method=FedPhoenixRG round=1116 accuracy=82.360001
********************************************************************************
Round 1116
ROUND_ACCURACY method=FedPhoenixRG round=1117 accuracy=79.139999
********************************************************************************
Round 1117
ROUND_ACCURACY method=FedPhoenixRG round=1118 accuracy=81.730003
********************************************************************************
Round 1118
ROUND_ACCURACY method=FedPhoenixRG round=1119 accuracy=82.400002
********************************************************************************
Round 1119
RG_SCORE round=1120 layer=features.0 mean_q=0.063546 max_q=0.346662 fraction_q_positive=0.609375 sampling_entropy=3.764531 uniform_entropy=4.158883 entropy_gap=0.394352 max_probability_over_uniform=4.341448 min_probability_over_uniform=0.250000
RG_SCORE round=1120 layer=features.3 mean_q=0.026558 max_q=0.150310 fraction_q_positive=0.671875 sampling_entropy=3.805213 uniform_entropy=4.158883 entropy_gap=0.353670 max_probability_over_uniform=4.494738 min_probability_over_uniform=0.250000
RG_SCORE round=1120 layer=features.7 mean_q=0.017107 max_q=0.126959 fraction_q_positive=0.640625 sampling_entropy=4.453722 uniform_entropy=4.852030 entropy_gap=0.398309 max_probability_over_uniform=5.815951 min_probability_over_uniform=0.250000
RG_SCORE round=1120 layer=features.10 mean_q=0.008774 max_q=0.048192 fraction_q_positive=0.523438 sampling_entropy=4.429916 uniform_entropy=4.852030 entropy_gap=0.422114 max_probability_over_uniform=4.369649 min_probability_over_uniform=0.250000
RG_SCORE round=1120 layer=features.14 mean_q=0.009606 max_q=0.084955 fraction_q_positive=0.597656 sampling_entropy=5.142235 uniform_entropy=5.545177 entropy_gap=0.402942 max_probability_over_uniform=6.882984 min_probability_over_uniform=0.250000
RG_SCORE round=1120 layer=features.17 mean_q=0.006692 max_q=0.036825 fraction_q_positive=0.585938 sampling_entropy=5.148754 uniform_entropy=5.545177 entropy_gap=0.396423 max_probability_over_uniform=4.376895 min_probability_over_uniform=0.250000
RG_SCORE round=1120 layer=features.20 mean_q=0.006018 max_q=0.043170 fraction_q_positive=0.496094 sampling_entropy=5.046231 uniform_entropy=5.545177 entropy_gap=0.498946 max_probability_over_uniform=5.630427 min_probability_over_uniform=0.250000
RG_SCORE round=1120 layer=features.24 mean_q=0.014612 max_q=0.127316 fraction_q_positive=0.628906 sampling_entropy=5.761152 uniform_entropy=6.238325 entropy_gap=0.477173 max_probability_over_uniform=6.784731 min_probability_over_uniform=0.250000
RG_SCORE round=1120 layer=features.27 mean_q=0.011998 max_q=0.072027 fraction_q_positive=0.664062 sampling_entropy=5.880318 uniform_entropy=6.238325 entropy_gap=0.358006 max_probability_over_uniform=4.752310 min_probability_over_uniform=0.250000
RG_SCORE round=1120 layer=features.30 mean_q=0.012005 max_q=0.100507 fraction_q_positive=0.681641 sampling_entropy=5.845419 uniform_entropy=6.238325 entropy_gap=0.392906 max_probability_over_uniform=6.528803 min_probability_over_uniform=0.250000
RG_SCORE round=1120 layer=features.34 mean_q=0.042740 max_q=0.205608 fraction_q_positive=0.785156 sampling_entropy=5.969413 uniform_entropy=6.238325 entropy_gap=0.268912 max_probability_over_uniform=3.858024 min_probability_over_uniform=0.250000
RG_SCORE round=1120 layer=features.37 mean_q=0.044075 max_q=0.190090 fraction_q_positive=0.859375 sampling_entropy=6.029701 uniform_entropy=6.238325 entropy_gap=0.208623 max_probability_over_uniform=3.484654 min_probability_over_uniform=0.250000
RG_SCORE round=1120 layer=features.40 mean_q=0.030748 max_q=0.171434 fraction_q_positive=0.800781 sampling_entropy=5.951327 uniform_entropy=6.238325 entropy_gap=0.286998 max_probability_over_uniform=4.431559 min_probability_over_uniform=0.250000
ROUND_ACCURACY method=FedPhoenixRG round=1120 accuracy=46.750000
********************************************************************************
Round 1120
ROUND_ACCURACY method=FedPhoenixRG round=1121 accuracy=71.940002
********************************************************************************
Round 1121
ROUND_ACCURACY method=FedPhoenixRG round=1122 accuracy=74.959999
********************************************************************************
Round 1122
ROUND_ACCURACY method=FedPhoenixRG round=1123 accuracy=79.190002
********************************************************************************
Round 1123
ROUND_ACCURACY method=FedPhoenixRG round=1124 accuracy=80.919998
********************************************************************************
Round 1124
ROUND_ACCURACY method=FedPhoenixRG round=1125 accuracy=79.790001
********************************************************************************
Round 1125
ROUND_ACCURACY method=FedPhoenixRG round=1126 accuracy=80.239998
********************************************************************************
Round 1126
ROUND_ACCURACY method=FedPhoenixRG round=1127 accuracy=81.620003
********************************************************************************
Round 1127
ROUND_ACCURACY method=FedPhoenixRG round=1128 accuracy=76.139999
********************************************************************************
Round 1128
ROUND_ACCURACY method=FedPhoenixRG round=1129 accuracy=77.809998
********************************************************************************
Round 1129
ROUND_ACCURACY method=FedPhoenixRG round=1130 accuracy=80.330002
********************************************************************************
Round 1130
ROUND_ACCURACY method=FedPhoenixRG round=1131 accuracy=81.879997
********************************************************************************
Round 1131
ROUND_ACCURACY method=FedPhoenixRG round=1132 accuracy=77.589996
********************************************************************************
Round 1132
ROUND_ACCURACY method=FedPhoenixRG round=1133 accuracy=81.680000
********************************************************************************
Round 1133
ROUND_ACCURACY method=FedPhoenixRG round=1134 accuracy=81.989998
********************************************************************************
Round 1134
ROUND_ACCURACY method=FedPhoenixRG round=1135 accuracy=82.570000
********************************************************************************
Round 1135
ROUND_ACCURACY method=FedPhoenixRG round=1136 accuracy=82.540001
********************************************************************************
Round 1136
ROUND_ACCURACY method=FedPhoenixRG round=1137 accuracy=81.410004
********************************************************************************
Round 1137
ROUND_ACCURACY method=FedPhoenixRG round=1138 accuracy=75.389999
********************************************************************************
Round 1138
ROUND_ACCURACY method=FedPhoenixRG round=1139 accuracy=81.680000
********************************************************************************
Round 1139
RG_SCORE round=1140 layer=features.0 mean_q=0.051119 max_q=0.205878 fraction_q_positive=0.609375 sampling_entropy=3.811751 uniform_entropy=4.158883 entropy_gap=0.347133 max_probability_over_uniform=3.270591 min_probability_over_uniform=0.250000
RG_SCORE round=1140 layer=features.3 mean_q=0.020054 max_q=0.070041 fraction_q_positive=0.796875 sampling_entropy=3.932020 uniform_entropy=4.158883 entropy_gap=0.226863 max_probability_over_uniform=2.869438 min_probability_over_uniform=0.250000
RG_SCORE round=1140 layer=features.7 mean_q=0.019392 max_q=0.081146 fraction_q_positive=0.828125 sampling_entropy=4.623226 uniform_entropy=4.852030 entropy_gap=0.228805 max_probability_over_uniform=3.388322 min_probability_over_uniform=0.250000
RG_SCORE round=1140 layer=features.10 mean_q=0.019716 max_q=0.052275 fraction_q_positive=0.906250 sampling_entropy=4.733793 uniform_entropy=4.852030 entropy_gap=0.118237 max_probability_over_uniform=2.238573 min_probability_over_uniform=0.250000
RG_SCORE round=1140 layer=features.14 mean_q=0.019861 max_q=0.067706 fraction_q_positive=0.886719 sampling_entropy=5.388479 uniform_entropy=5.545177 entropy_gap=0.156698 max_probability_over_uniform=2.806689 min_probability_over_uniform=0.250000
RG_SCORE round=1140 layer=features.17 mean_q=0.020820 max_q=0.058127 fraction_q_positive=0.945312 sampling_entropy=5.415445 uniform_entropy=5.545177 entropy_gap=0.129732 max_probability_over_uniform=2.343897 min_probability_over_uniform=0.250000
RG_SCORE round=1140 layer=features.20 mean_q=0.017532 max_q=0.049641 fraction_q_positive=0.902344 sampling_entropy=5.408760 uniform_entropy=5.545177 entropy_gap=0.136418 max_probability_over_uniform=2.373572 min_probability_over_uniform=0.250000
RG_SCORE round=1140 layer=features.24 mean_q=0.031496 max_q=0.107944 fraction_q_positive=0.890625 sampling_entropy=6.073566 uniform_entropy=6.238325 entropy_gap=0.164759 max_probability_over_uniform=2.820448 min_probability_over_uniform=0.250000
RG_SCORE round=1140 layer=features.27 mean_q=0.039534 max_q=0.115490 fraction_q_positive=0.937500 sampling_entropy=6.103994 uniform_entropy=6.238325 entropy_gap=0.134331 max_probability_over_uniform=2.440962 min_probability_over_uniform=0.250000
RG_SCORE round=1140 layer=features.30 mean_q=0.026659 max_q=0.096105 fraction_q_positive=0.875000 sampling_entropy=6.055515 uniform_entropy=6.238325 entropy_gap=0.182810 max_probability_over_uniform=2.953671 min_probability_over_uniform=0.250000
RG_SCORE round=1140 layer=features.34 mean_q=0.087952 max_q=0.291338 fraction_q_positive=0.845703 sampling_entropy=6.056078 uniform_entropy=6.238325 entropy_gap=0.182247 max_probability_over_uniform=2.734338 min_probability_over_uniform=0.250000
RG_SCORE round=1140 layer=features.37 mean_q=0.096244 max_q=0.231601 fraction_q_positive=0.931641 sampling_entropy=6.130339 uniform_entropy=6.238325 entropy_gap=0.107986 max_probability_over_uniform=2.054792 min_probability_over_uniform=0.250000
RG_SCORE round=1140 layer=features.40 mean_q=0.058711 max_q=0.253960 fraction_q_positive=0.830078 sampling_entropy=6.053603 uniform_entropy=6.238325 entropy_gap=0.184721 max_probability_over_uniform=3.494179 min_probability_over_uniform=0.250000
ROUND_ACCURACY method=FedPhoenixRG round=1140 accuracy=80.779999
********************************************************************************
Round 1140
ROUND_ACCURACY method=FedPhoenixRG round=1141 accuracy=80.790001
********************************************************************************
Round 1141
ROUND_ACCURACY method=FedPhoenixRG round=1142 accuracy=82.059998
********************************************************************************
Round 1142
ROUND_ACCURACY method=FedPhoenixRG round=1143 accuracy=81.519997
********************************************************************************
Round 1143
ROUND_ACCURACY method=FedPhoenixRG round=1144 accuracy=81.980003
********************************************************************************
Round 1144
ROUND_ACCURACY method=FedPhoenixRG round=1145 accuracy=81.860001
********************************************************************************
Round 1145
ROUND_ACCURACY method=FedPhoenixRG round=1146 accuracy=82.019997
********************************************************************************
Round 1146
ROUND_ACCURACY method=FedPhoenixRG round=1147 accuracy=82.470001
********************************************************************************
Round 1147
ROUND_ACCURACY method=FedPhoenixRG round=1148 accuracy=82.690002
********************************************************************************
Round 1148
ROUND_ACCURACY method=FedPhoenixRG round=1149 accuracy=82.309998
********************************************************************************
Round 1149
ROUND_ACCURACY method=FedPhoenixRG round=1150 accuracy=82.629997
********************************************************************************
Round 1150
ROUND_ACCURACY method=FedPhoenixRG round=1151 accuracy=82.470001
********************************************************************************
Round 1151
ROUND_ACCURACY method=FedPhoenixRG round=1152 accuracy=82.830002
********************************************************************************
Round 1152
ROUND_ACCURACY method=FedPhoenixRG round=1153 accuracy=82.809998
********************************************************************************
Round 1153
ROUND_ACCURACY method=FedPhoenixRG round=1154 accuracy=82.309998
********************************************************************************
Round 1154
ROUND_ACCURACY method=FedPhoenixRG round=1155 accuracy=82.099998
********************************************************************************
Round 1155
ROUND_ACCURACY method=FedPhoenixRG round=1156 accuracy=81.500000
********************************************************************************
Round 1156
ROUND_ACCURACY method=FedPhoenixRG round=1157 accuracy=81.970001
********************************************************************************
Round 1157
ROUND_ACCURACY method=FedPhoenixRG round=1158 accuracy=82.889999
********************************************************************************
Round 1158
ROUND_ACCURACY method=FedPhoenixRG round=1159 accuracy=82.330002
********************************************************************************
Round 1159
RG_SCORE round=1160 layer=features.0 mean_q=0.032667 max_q=0.127112 fraction_q_positive=0.593750 sampling_entropy=3.778345 uniform_entropy=4.158883 entropy_gap=0.380538 max_probability_over_uniform=3.168316 min_probability_over_uniform=0.250000
RG_SCORE round=1160 layer=features.3 mean_q=0.029532 max_q=0.074334 fraction_q_positive=0.937500 sampling_entropy=4.037759 uniform_entropy=4.158883 entropy_gap=0.121125 max_probability_over_uniform=2.137818 min_probability_over_uniform=0.250000
RG_SCORE round=1160 layer=features.7 mean_q=0.029938 max_q=0.082672 fraction_q_positive=0.984375 sampling_entropy=4.774231 uniform_entropy=4.852030 entropy_gap=0.077799 max_probability_over_uniform=2.321083 min_probability_over_uniform=0.250000
RG_SCORE round=1160 layer=features.10 mean_q=0.027816 max_q=0.068528 fraction_q_positive=1.000000 sampling_entropy=4.818528 uniform_entropy=4.852030 entropy_gap=0.033502 max_probability_over_uniform=2.097687 min_probability_over_uniform=0.444281
RG_SCORE round=1160 layer=features.14 mean_q=0.029209 max_q=0.067109 fraction_q_positive=0.996094 sampling_entropy=5.510322 uniform_entropy=5.545177 entropy_gap=0.034856 max_probability_over_uniform=1.973130 min_probability_over_uniform=0.250000
RG_SCORE round=1160 layer=features.17 mean_q=0.029333 max_q=0.068530 fraction_q_positive=1.000000 sampling_entropy=5.508888 uniform_entropy=5.545177 entropy_gap=0.036289 max_probability_over_uniform=2.002197 min_probability_over_uniform=0.458214
RG_SCORE round=1160 layer=features.20 mean_q=0.024856 max_q=0.045496 fraction_q_positive=0.996094 sampling_entropy=5.515439 uniform_entropy=5.545177 entropy_gap=0.029738 max_probability_over_uniform=1.622791 min_probability_over_uniform=0.250000
RG_SCORE round=1160 layer=features.24 mean_q=0.044651 max_q=0.125486 fraction_q_positive=0.998047 sampling_entropy=6.205314 uniform_entropy=6.238325 entropy_gap=0.033010 max_probability_over_uniform=2.357797 min_probability_over_uniform=0.250000
RG_SCORE round=1160 layer=features.27 mean_q=0.081119 max_q=0.173868 fraction_q_positive=1.000000 sampling_entropy=6.214027 uniform_entropy=6.238325 entropy_gap=0.024298 max_probability_over_uniform=1.857531 min_probability_over_uniform=0.397273
RG_SCORE round=1160 layer=features.30 mean_q=0.056932 max_q=0.108832 fraction_q_positive=1.000000 sampling_entropy=6.221370 uniform_entropy=6.238325 entropy_gap=0.016954 max_probability_over_uniform=1.683708 min_probability_over_uniform=0.514542
RG_SCORE round=1160 layer=features.34 mean_q=0.191377 max_q=0.315977 fraction_q_positive=1.000000 sampling_entropy=6.223494 uniform_entropy=6.238325 entropy_gap=0.014831 max_probability_over_uniform=1.488306 min_probability_over_uniform=0.473033
RG_SCORE round=1160 layer=features.37 mean_q=0.214937 max_q=0.366537 fraction_q_positive=1.000000 sampling_entropy=6.223890 uniform_entropy=6.238325 entropy_gap=0.014435 max_probability_over_uniform=1.528994 min_probability_over_uniform=0.486234
RG_SCORE round=1160 layer=features.40 mean_q=0.177661 max_q=0.396861 fraction_q_positive=1.000000 sampling_entropy=6.202940 uniform_entropy=6.238325 entropy_gap=0.035385 max_probability_over_uniform=1.925362 min_probability_over_uniform=0.345753
ROUND_ACCURACY method=FedPhoenixRG round=1160 accuracy=82.639999
********************************************************************************
Round 1160
ROUND_ACCURACY method=FedPhoenixRG round=1161 accuracy=82.050003
********************************************************************************
Round 1161
ROUND_ACCURACY method=FedPhoenixRG round=1162 accuracy=81.300003
********************************************************************************
Round 1162
ROUND_ACCURACY method=FedPhoenixRG round=1163 accuracy=82.019997
********************************************************************************
Round 1163
ROUND_ACCURACY method=FedPhoenixRG round=1164 accuracy=82.860001
********************************************************************************
Round 1164
ROUND_ACCURACY method=FedPhoenixRG round=1165 accuracy=82.760002
********************************************************************************
Round 1165
ROUND_ACCURACY method=FedPhoenixRG round=1166 accuracy=81.889999
********************************************************************************
Round 1166
ROUND_ACCURACY method=FedPhoenixRG round=1167 accuracy=81.940002
********************************************************************************
Round 1167
ROUND_ACCURACY method=FedPhoenixRG round=1168 accuracy=82.769997
********************************************************************************
Round 1168
ROUND_ACCURACY method=FedPhoenixRG round=1169 accuracy=82.650002
********************************************************************************
Round 1169
ROUND_ACCURACY method=FedPhoenixRG round=1170 accuracy=82.910004
********************************************************************************
Round 1170
ROUND_ACCURACY method=FedPhoenixRG round=1171 accuracy=83.099998
********************************************************************************
Round 1171
ROUND_ACCURACY method=FedPhoenixRG round=1172 accuracy=82.180000
********************************************************************************
Round 1172
ROUND_ACCURACY method=FedPhoenixRG round=1173 accuracy=82.750000
********************************************************************************
Round 1173
ROUND_ACCURACY method=FedPhoenixRG round=1174 accuracy=81.029999
********************************************************************************
Round 1174
ROUND_ACCURACY method=FedPhoenixRG round=1175 accuracy=82.550003
********************************************************************************
Round 1175
ROUND_ACCURACY method=FedPhoenixRG round=1176 accuracy=82.720001
********************************************************************************
Round 1176
ROUND_ACCURACY method=FedPhoenixRG round=1177 accuracy=82.620003
********************************************************************************
Round 1177
ROUND_ACCURACY method=FedPhoenixRG round=1178 accuracy=82.220001
********************************************************************************
Round 1178
ROUND_ACCURACY method=FedPhoenixRG round=1179 accuracy=82.959999
********************************************************************************
Round 1179
RG_SCORE round=1180 layer=features.0 mean_q=0.065446 max_q=0.218916 fraction_q_positive=0.750000 sampling_entropy=3.928345 uniform_entropy=4.158883 entropy_gap=0.230538 max_probability_over_uniform=2.758748 min_probability_over_uniform=0.250000
RG_SCORE round=1180 layer=features.3 mean_q=0.040463 max_q=0.077938 fraction_q_positive=0.984375 sampling_entropy=4.085622 uniform_entropy=4.158883 entropy_gap=0.073261 max_probability_over_uniform=1.694624 min_probability_over_uniform=0.250000
RG_SCORE round=1180 layer=features.7 mean_q=0.035365 max_q=0.085888 fraction_q_positive=1.000000 sampling_entropy=4.772945 uniform_entropy=4.852030 entropy_gap=0.079085 max_probability_over_uniform=2.071459 min_probability_over_uniform=0.257615
RG_SCORE round=1180 layer=features.10 mean_q=0.032849 max_q=0.069648 fraction_q_positive=1.000000 sampling_entropy=4.808274 uniform_entropy=4.852030 entropy_gap=0.043757 max_probability_over_uniform=1.840210 min_probability_over_uniform=0.329054
RG_SCORE round=1180 layer=features.14 mean_q=0.038498 max_q=0.084659 fraction_q_positive=1.000000 sampling_entropy=5.515243 uniform_entropy=5.545177 entropy_gap=0.029935 max_probability_over_uniform=1.899299 min_probability_over_uniform=0.393933
RG_SCORE round=1180 layer=features.17 mean_q=0.036456 max_q=0.076794 fraction_q_positive=1.000000 sampling_entropy=5.518130 uniform_entropy=5.545177 entropy_gap=0.027047 max_probability_over_uniform=1.829850 min_probability_over_uniform=0.443309
RG_SCORE round=1180 layer=features.20 mean_q=0.033368 max_q=0.061419 fraction_q_positive=1.000000 sampling_entropy=5.521264 uniform_entropy=5.545177 entropy_gap=0.023914 max_probability_over_uniform=1.630522 min_probability_over_uniform=0.450925
RG_SCORE round=1180 layer=features.24 mean_q=0.053745 max_q=0.112845 fraction_q_positive=1.000000 sampling_entropy=6.210487 uniform_entropy=6.238325 entropy_gap=0.027838 max_probability_over_uniform=1.824718 min_probability_over_uniform=0.267758
RG_SCORE round=1180 layer=features.27 mean_q=0.081866 max_q=0.167196 fraction_q_positive=1.000000 sampling_entropy=6.217906 uniform_entropy=6.238325 entropy_gap=0.020419 max_probability_over_uniform=1.781742 min_probability_over_uniform=0.489331
RG_SCORE round=1180 layer=features.30 mean_q=0.061618 max_q=0.133968 fraction_q_positive=1.000000 sampling_entropy=6.214039 uniform_entropy=6.238325 entropy_gap=0.024286 max_probability_over_uniform=1.880632 min_probability_over_uniform=0.499205
RG_SCORE round=1180 layer=features.34 mean_q=0.175991 max_q=0.298268 fraction_q_positive=1.000000 sampling_entropy=6.216263 uniform_entropy=6.238325 entropy_gap=0.022062 max_probability_over_uniform=1.521094 min_probability_over_uniform=0.276436
RG_SCORE round=1180 layer=features.37 mean_q=0.207597 max_q=0.313728 fraction_q_positive=1.000000 sampling_entropy=6.222658 uniform_entropy=6.238325 entropy_gap=0.015666 max_probability_over_uniform=1.383426 min_probability_over_uniform=0.363735
RG_SCORE round=1180 layer=features.40 mean_q=0.177817 max_q=0.382678 fraction_q_positive=0.992188 sampling_entropy=6.184235 uniform_entropy=6.238325 entropy_gap=0.054090 max_probability_over_uniform=1.864066 min_probability_over_uniform=0.250000
ROUND_ACCURACY method=FedPhoenixRG round=1180 accuracy=82.970001
********************************************************************************
Round 1180
ROUND_ACCURACY method=FedPhoenixRG round=1181 accuracy=76.150002
********************************************************************************
Round 1181
ROUND_ACCURACY method=FedPhoenixRG round=1182 accuracy=81.690002
********************************************************************************
Round 1182
ROUND_ACCURACY method=FedPhoenixRG round=1183 accuracy=82.279999
********************************************************************************
Round 1183
ROUND_ACCURACY method=FedPhoenixRG round=1184 accuracy=79.309998
********************************************************************************
Round 1184
ROUND_ACCURACY method=FedPhoenixRG round=1185 accuracy=81.529999
********************************************************************************
Round 1185
ROUND_ACCURACY method=FedPhoenixRG round=1186 accuracy=82.860001
********************************************************************************
Round 1186
ROUND_ACCURACY method=FedPhoenixRG round=1187 accuracy=83.010002
********************************************************************************
Round 1187
ROUND_ACCURACY method=FedPhoenixRG round=1188 accuracy=82.559998
********************************************************************************
Round 1188
ROUND_ACCURACY method=FedPhoenixRG round=1189 accuracy=82.839996
********************************************************************************
Round 1189
ROUND_ACCURACY method=FedPhoenixRG round=1190 accuracy=82.940002
********************************************************************************
Round 1190
ROUND_ACCURACY method=FedPhoenixRG round=1191 accuracy=82.269997
********************************************************************************
Round 1191
ROUND_ACCURACY method=FedPhoenixRG round=1192 accuracy=82.669998
********************************************************************************
Round 1192
ROUND_ACCURACY method=FedPhoenixRG round=1193 accuracy=82.820000
********************************************************************************
Round 1193
ROUND_ACCURACY method=FedPhoenixRG round=1194 accuracy=82.860001
********************************************************************************
Round 1194
ROUND_ACCURACY method=FedPhoenixRG round=1195 accuracy=82.440002
********************************************************************************
Round 1195
ROUND_ACCURACY method=FedPhoenixRG round=1196 accuracy=82.879997
********************************************************************************
Round 1196
ROUND_ACCURACY method=FedPhoenixRG round=1197 accuracy=83.220001
********************************************************************************
Round 1197
ROUND_ACCURACY method=FedPhoenixRG round=1198 accuracy=83.410004
********************************************************************************
Round 1198
ROUND_ACCURACY method=FedPhoenixRG round=1199 accuracy=83.290001
********************************************************************************
Round 1199
RG_SCORE round=1200 layer=features.0 mean_q=0.052424 max_q=0.413800 fraction_q_positive=0.531250 sampling_entropy=3.671027 uniform_entropy=4.158883 entropy_gap=0.487856 max_probability_over_uniform=6.169940 min_probability_over_uniform=0.250000
RG_SCORE round=1200 layer=features.3 mean_q=0.038219 max_q=0.117275 fraction_q_positive=0.781250 sampling_entropy=3.949009 uniform_entropy=4.158883 entropy_gap=0.209874 max_probability_over_uniform=2.551358 min_probability_over_uniform=0.250000
RG_SCORE round=1200 layer=features.7 mean_q=0.024148 max_q=0.127749 fraction_q_positive=0.679688 sampling_entropy=4.531331 uniform_entropy=4.852030 entropy_gap=0.320699 max_probability_over_uniform=4.217622 min_probability_over_uniform=0.250000
RG_SCORE round=1200 layer=features.10 mean_q=0.017032 max_q=0.066385 fraction_q_positive=0.820312 sampling_entropy=4.642987 uniform_entropy=4.852030 entropy_gap=0.209043 max_probability_over_uniform=3.173156 min_probability_over_uniform=0.250000
RG_SCORE round=1200 layer=features.14 mean_q=0.020251 max_q=0.088511 fraction_q_positive=0.738281 sampling_entropy=5.286409 uniform_entropy=5.545177 entropy_gap=0.258768 max_probability_over_uniform=3.527991 min_probability_over_uniform=0.250000
RG_SCORE round=1200 layer=features.17 mean_q=0.017271 max_q=0.093700 fraction_q_positive=0.781250 sampling_entropy=5.314353 uniform_entropy=5.545177 entropy_gap=0.230824 max_probability_over_uniform=4.319049 min_probability_over_uniform=0.250000
RG_SCORE round=1200 layer=features.20 mean_q=0.016531 max_q=0.067984 fraction_q_positive=0.730469 sampling_entropy=5.298155 uniform_entropy=5.545177 entropy_gap=0.247022 max_probability_over_uniform=3.334323 min_probability_over_uniform=0.250000
RG_SCORE round=1200 layer=features.24 mean_q=0.024499 max_q=0.112742 fraction_q_positive=0.751953 sampling_entropy=5.982898 uniform_entropy=6.238325 entropy_gap=0.255426 max_probability_over_uniform=3.701372 min_probability_over_uniform=0.250000
RG_SCORE round=1200 layer=features.27 mean_q=0.031921 max_q=0.102210 fraction_q_positive=0.917969 sampling_entropy=6.107337 uniform_entropy=6.238325 entropy_gap=0.130987 max_probability_over_uniform=2.651518 min_probability_over_uniform=0.250000
RG_SCORE round=1200 layer=features.30 mean_q=0.021096 max_q=0.110042 fraction_q_positive=0.742188 sampling_entropy=5.973444 uniform_entropy=6.238325 entropy_gap=0.264881 max_probability_over_uniform=4.162119 min_probability_over_uniform=0.250000
RG_SCORE round=1200 layer=features.34 mean_q=0.084969 max_q=0.267978 fraction_q_positive=0.966797 sampling_entropy=6.150924 uniform_entropy=6.238325 entropy_gap=0.087400 max_probability_over_uniform=2.615362 min_probability_over_uniform=0.250000
RG_SCORE round=1200 layer=features.37 mean_q=0.088962 max_q=0.275679 fraction_q_positive=0.960938 sampling_entropy=6.157582 uniform_entropy=6.238325 entropy_gap=0.080742 max_probability_over_uniform=2.574142 min_probability_over_uniform=0.250000
RG_SCORE round=1200 layer=features.40 mean_q=0.079853 max_q=0.323562 fraction_q_positive=0.882812 sampling_entropy=6.098859 uniform_entropy=6.238325 entropy_gap=0.139465 max_probability_over_uniform=3.288998 min_probability_over_uniform=0.250000
ROUND_ACCURACY method=FedPhoenixRG round=1200 accuracy=83.260002
PEAK_ACCURACY method=FedPhoenixRG round=984 accuracy=83.430000
Unified training metrics saved to C:\Users\admin\Desktop\need_do\new_paper_four\FedPhoenix-finish\results\training_metrics\cifar10_vgg_FedPhoenixRG_seed1_paired1200_rg_mix075.csv
