Client partition: 100 clients, min=30, max=1447, mean=500.00, std=220.72
Evaluation protocol: full server test set evaluated every round (10000 samples).
VGG16(
  (features): Sequential(
    (0): Conv2d(3, 64, kernel_size=(3, 3), stride=(1, 1), padding=(1, 1))
    (1): BatchNorm2d(64, eps=1e-05, momentum=0.1, affine=True, track_running_stats=True)
    (2): ReLU(inplace=True)
    (3): Conv2d(64, 64, kernel_size=(3, 3), stride=(1, 1), padding=(1, 1))
    (4): BatchNorm2d(64, eps=1e-05, momentum=0.1, affine=True, track_running_stats=True)
    (5): ReLU(inplace=True)
    (6): MaxPool2d(kernel_size=2, stride=2, padding=0, dilation=1, ceil_mode=False)
    (7): Conv2d(64, 128, kernel_size=(3, 3), stride=(1, 1), padding=(1, 1))
    (8): BatchNorm2d(128, eps=1e-05, momentum=0.1, affine=True, track_running_stats=True)
    (9): ReLU(inplace=True)
    (10): Conv2d(128, 128, kernel_size=(3, 3), stride=(1, 1), padding=(1, 1))
    (11): BatchNorm2d(128, eps=1e-05, momentum=0.1, affine=True, track_running_stats=True)
    (12): ReLU(inplace=True)
    (13): MaxPool2d(kernel_size=2, stride=2, padding=0, dilation=1, ceil_mode=False)
    (14): Conv2d(128, 256, kernel_size=(3, 3), stride=(1, 1), padding=(1, 1))
    (15): BatchNorm2d(256, eps=1e-05, momentum=0.1, affine=True, track_running_stats=True)
    (16): ReLU(inplace=True)
    (17): Conv2d(256, 256, kernel_size=(3, 3), stride=(1, 1), padding=(1, 1))
    (18): BatchNorm2d(256, eps=1e-05, momentum=0.1, affine=True, track_running_stats=True)
    (19): ReLU(inplace=True)
    (20): Conv2d(256, 256, kernel_size=(3, 3), stride=(1, 1), padding=(1, 1))
    (21): BatchNorm2d(256, eps=1e-05, momentum=0.1, affine=True, track_running_stats=True)
    (22): ReLU(inplace=True)
    (23): MaxPool2d(kernel_size=2, stride=2, padding=0, dilation=1, ceil_mode=False)
    (24): Conv2d(256, 512, kernel_size=(3, 3), stride=(1, 1), padding=(1, 1))
    (25): BatchNorm2d(512, eps=1e-05, momentum=0.1, affine=True, track_running_stats=True)
    (26): ReLU(inplace=True)
    (27): Conv2d(512, 512, kernel_size=(3, 3), stride=(1, 1), padding=(1, 1))
    (28): BatchNorm2d(512, eps=1e-05, momentum=0.1, affine=True, track_running_stats=True)
    (29): ReLU(inplace=True)
    (30): Conv2d(512, 512, kernel_size=(3, 3), stride=(1, 1), padding=(1, 1))
    (31): BatchNorm2d(512, eps=1e-05, momentum=0.1, affine=True, track_running_stats=True)
    (32): ReLU(inplace=True)
    (33): MaxPool2d(kernel_size=2, stride=2, padding=0, dilation=1, ceil_mode=False)
    (34): Conv2d(512, 512, kernel_size=(3, 3), stride=(1, 1), padding=(1, 1))
    (35): BatchNorm2d(512, eps=1e-05, momentum=0.1, affine=True, track_running_stats=True)
    (36): ReLU(inplace=True)
    (37): Conv2d(512, 512, kernel_size=(3, 3), stride=(1, 1), padding=(1, 1))
    (38): BatchNorm2d(512, eps=1e-05, momentum=0.1, affine=True, track_running_stats=True)
    (39): ReLU(inplace=True)
    (40): Conv2d(512, 512, kernel_size=(3, 3), stride=(1, 1), padding=(1, 1))
    (41): BatchNorm2d(512, eps=1e-05, momentum=0.1, affine=True, track_running_stats=True)
    (42): ReLU(inplace=True)
    (43): MaxPool2d(kernel_size=2, stride=2, padding=0, dilation=1, ceil_mode=False)
    (44): AdaptiveAvgPool2d(output_size=(1, 1))
  )
  (classifier): Sequential(
    (0): Linear(in_features=512, out_features=4096, bias=True)
    (1): ReLU(inplace=True)
    (2): Dropout(p=0.5, inplace=False)
    (3): Linear(in_features=4096, out_features=4096, bias=True)
    (4): ReLU(inplace=True)
    (5): Dropout(p=0.5, inplace=False)
  )
  (fc): Linear(in_features=4096, out_features=10, bias=True)
)
********************************************************************************
Round   0
ROUND_ACCURACY method=FedPhoenixRG round=1 accuracy=10.000000
********************************************************************************
Round   1
ROUND_ACCURACY method=FedPhoenixRG round=2 accuracy=13.230000
********************************************************************************
Round   2
ROUND_ACCURACY method=FedPhoenixRG round=3 accuracy=12.230000
********************************************************************************
Round   3
ROUND_ACCURACY method=FedPhoenixRG round=4 accuracy=16.290001
********************************************************************************
Round   4
ROUND_ACCURACY method=FedPhoenixRG round=5 accuracy=32.419998
********************************************************************************
Round   5
ROUND_ACCURACY method=FedPhoenixRG round=6 accuracy=17.620001
********************************************************************************
Round   6
ROUND_ACCURACY method=FedPhoenixRG round=7 accuracy=24.139999
********************************************************************************
Round   7
ROUND_ACCURACY method=FedPhoenixRG round=8 accuracy=23.680000
********************************************************************************
Round   8
ROUND_ACCURACY method=FedPhoenixRG round=9 accuracy=30.129999
********************************************************************************
Round   9
ROUND_ACCURACY method=FedPhoenixRG round=10 accuracy=29.730000
********************************************************************************
Round  10
ROUND_ACCURACY method=FedPhoenixRG round=11 accuracy=38.230000
********************************************************************************
Round  11
ROUND_ACCURACY method=FedPhoenixRG round=12 accuracy=36.910000
********************************************************************************
Round  12
ROUND_ACCURACY method=FedPhoenixRG round=13 accuracy=38.220001
********************************************************************************
Round  13
ROUND_ACCURACY method=FedPhoenixRG round=14 accuracy=46.650002
********************************************************************************
Round  14
ROUND_ACCURACY method=FedPhoenixRG round=15 accuracy=45.459999
********************************************************************************
Round  15
ROUND_ACCURACY method=FedPhoenixRG round=16 accuracy=46.720001
********************************************************************************
Round  16
ROUND_ACCURACY method=FedPhoenixRG round=17 accuracy=45.529999
********************************************************************************
Round  17
ROUND_ACCURACY method=FedPhoenixRG round=18 accuracy=35.709999
********************************************************************************
Round  18
ROUND_ACCURACY method=FedPhoenixRG round=19 accuracy=44.220001
********************************************************************************
Round  19
RG_SCORE round=20 layer=features.0 mean_q=0.081847 max_q=0.267023 fraction_q_positive=0.828125 sampling_entropy=3.858738 uniform_entropy=4.158883 entropy_gap=0.300145 max_probability_over_uniform=3.036230 min_probability_over_uniform=0.100000
RG_SCORE round=20 layer=features.3 mean_q=0.059730 max_q=0.116280 fraction_q_positive=1.000000 sampling_entropy=4.092531 uniform_entropy=4.158883 entropy_gap=0.066352 max_probability_over_uniform=1.852099 min_probability_over_uniform=0.302782
RG_SCORE round=20 layer=features.7 mean_q=0.049782 max_q=0.101558 fraction_q_positive=0.992188 sampling_entropy=4.806270 uniform_entropy=4.852030 entropy_gap=0.045760 max_probability_over_uniform=1.936047 min_probability_over_uniform=0.100000
RG_SCORE round=20 layer=features.10 mean_q=0.043774 max_q=0.087141 fraction_q_positive=1.000000 sampling_entropy=4.817666 uniform_entropy=4.852030 entropy_gap=0.034364 max_probability_over_uniform=1.891631 min_probability_over_uniform=0.300452
RG_SCORE round=20 layer=features.14 mean_q=0.040955 max_q=0.081388 fraction_q_positive=1.000000 sampling_entropy=5.505696 uniform_entropy=5.545177 entropy_gap=0.039481 max_probability_over_uniform=1.888520 min_probability_over_uniform=0.392390
RG_SCORE round=20 layer=features.17 mean_q=0.039022 max_q=0.066574 fraction_q_positive=1.000000 sampling_entropy=5.524060 uniform_entropy=5.545177 entropy_gap=0.021118 max_probability_over_uniform=1.635455 min_probability_over_uniform=0.370225
RG_SCORE round=20 layer=features.20 mean_q=0.039846 max_q=0.061646 fraction_q_positive=1.000000 sampling_entropy=5.530044 uniform_entropy=5.545177 entropy_gap=0.015133 max_probability_over_uniform=1.492385 min_probability_over_uniform=0.573267
RG_SCORE round=20 layer=features.24 mean_q=0.041173 max_q=0.078098 fraction_q_positive=1.000000 sampling_entropy=6.199441 uniform_entropy=6.238325 entropy_gap=0.038884 max_probability_over_uniform=1.807158 min_probability_over_uniform=0.196495
RG_SCORE round=20 layer=features.27 mean_q=0.037594 max_q=0.080712 fraction_q_positive=1.000000 sampling_entropy=6.212219 uniform_entropy=6.238325 entropy_gap=0.026106 max_probability_over_uniform=2.032246 min_probability_over_uniform=0.436749
RG_SCORE round=20 layer=features.30 mean_q=0.037160 max_q=0.072138 fraction_q_positive=1.000000 sampling_entropy=6.200583 uniform_entropy=6.238325 entropy_gap=0.037742 max_probability_over_uniform=1.847148 min_probability_over_uniform=0.109081
RG_SCORE round=20 layer=features.34 mean_q=0.057084 max_q=0.134792 fraction_q_positive=0.992188 sampling_entropy=6.166954 uniform_entropy=6.238325 entropy_gap=0.071370 max_probability_over_uniform=2.225153 min_probability_over_uniform=0.100000
RG_SCORE round=20 layer=features.37 mean_q=0.063538 max_q=0.129223 fraction_q_positive=1.000000 sampling_entropy=6.192764 uniform_entropy=6.238325 entropy_gap=0.045561 max_probability_over_uniform=1.930405 min_probability_over_uniform=0.324673
RG_SCORE round=20 layer=features.40 mean_q=0.082664 max_q=0.183493 fraction_q_positive=1.000000 sampling_entropy=6.151872 uniform_entropy=6.238325 entropy_gap=0.086453 max_probability_over_uniform=2.097775 min_probability_over_uniform=0.167586
ROUND_ACCURACY method=FedPhoenixRG round=20 accuracy=45.060001
********************************************************************************
Round  20
ROUND_ACCURACY method=FedPhoenixRG round=21 accuracy=51.139999
********************************************************************************
Round  21
ROUND_ACCURACY method=FedPhoenixRG round=22 accuracy=56.119999
********************************************************************************
Round  22
ROUND_ACCURACY method=FedPhoenixRG round=23 accuracy=49.009998
********************************************************************************
Round  23
ROUND_ACCURACY method=FedPhoenixRG round=24 accuracy=50.630001
********************************************************************************
Round  24
ROUND_ACCURACY method=FedPhoenixRG round=25 accuracy=53.259998
********************************************************************************
Round  25
ROUND_ACCURACY method=FedPhoenixRG round=26 accuracy=51.400002
********************************************************************************
Round  26
ROUND_ACCURACY method=FedPhoenixRG round=27 accuracy=53.400002
********************************************************************************
Round  27
ROUND_ACCURACY method=FedPhoenixRG round=28 accuracy=50.250000
********************************************************************************
Round  28
ROUND_ACCURACY method=FedPhoenixRG round=29 accuracy=47.950001
********************************************************************************
Round  29
ROUND_ACCURACY method=FedPhoenixRG round=30 accuracy=56.410000
********************************************************************************
Round  30
ROUND_ACCURACY method=FedPhoenixRG round=31 accuracy=57.730000
********************************************************************************
Round  31
ROUND_ACCURACY method=FedPhoenixRG round=32 accuracy=58.500000
********************************************************************************
Round  32
ROUND_ACCURACY method=FedPhoenixRG round=33 accuracy=58.430000
********************************************************************************
Round  33
ROUND_ACCURACY method=FedPhoenixRG round=34 accuracy=65.639999
********************************************************************************
Round  34
ROUND_ACCURACY method=FedPhoenixRG round=35 accuracy=54.200001
********************************************************************************
Round  35
ROUND_ACCURACY method=FedPhoenixRG round=36 accuracy=51.279999
********************************************************************************
Round  36
ROUND_ACCURACY method=FedPhoenixRG round=37 accuracy=62.299999
********************************************************************************
Round  37
ROUND_ACCURACY method=FedPhoenixRG round=38 accuracy=59.220001
********************************************************************************
Round  38
ROUND_ACCURACY method=FedPhoenixRG round=39 accuracy=60.939999
********************************************************************************
Round  39
RG_SCORE round=40 layer=features.0 mean_q=0.191848 max_q=0.353304 fraction_q_positive=0.984375 sampling_entropy=4.075544 uniform_entropy=4.158883 entropy_gap=0.083339 max_probability_over_uniform=1.757422 min_probability_over_uniform=0.100000
RG_SCORE round=40 layer=features.3 mean_q=0.171802 max_q=0.238645 fraction_q_positive=1.000000 sampling_entropy=4.147710 uniform_entropy=4.158883 entropy_gap=0.011173 max_probability_over_uniform=1.350165 min_probability_over_uniform=0.605714
RG_SCORE round=40 layer=features.7 mean_q=0.144966 max_q=0.207799 fraction_q_positive=1.000000 sampling_entropy=4.843909 uniform_entropy=4.852030 entropy_gap=0.008121 max_probability_over_uniform=1.390087 min_probability_over_uniform=0.701113
RG_SCORE round=40 layer=features.10 mean_q=0.138381 max_q=0.183841 fraction_q_positive=1.000000 sampling_entropy=4.845721 uniform_entropy=4.852030 entropy_gap=0.006309 max_probability_over_uniform=1.295661 min_probability_over_uniform=0.750721
RG_SCORE round=40 layer=features.14 mean_q=0.131339 max_q=0.178250 fraction_q_positive=1.000000 sampling_entropy=5.538749 uniform_entropy=5.545177 entropy_gap=0.006429 max_probability_over_uniform=1.321462 min_probability_over_uniform=0.703403
RG_SCORE round=40 layer=features.17 mean_q=0.122092 max_q=0.159862 fraction_q_positive=1.000000 sampling_entropy=5.540528 uniform_entropy=5.545177 entropy_gap=0.004649 max_probability_over_uniform=1.278419 min_probability_over_uniform=0.768411
RG_SCORE round=40 layer=features.20 mean_q=0.124974 max_q=0.166927 fraction_q_positive=1.000000 sampling_entropy=5.539866 uniform_entropy=5.545177 entropy_gap=0.005312 max_probability_over_uniform=1.302123 min_probability_over_uniform=0.725568
RG_SCORE round=40 layer=features.24 mean_q=0.121514 max_q=0.175434 fraction_q_positive=1.000000 sampling_entropy=6.227838 uniform_entropy=6.238325 entropy_gap=0.010486 max_probability_over_uniform=1.399359 min_probability_over_uniform=0.568577
RG_SCORE round=40 layer=features.27 mean_q=0.101968 max_q=0.161089 fraction_q_positive=1.000000 sampling_entropy=6.228449 uniform_entropy=6.238325 entropy_gap=0.009876 max_probability_over_uniform=1.521823 min_probability_over_uniform=0.518906
RG_SCORE round=40 layer=features.30 mean_q=0.095015 max_q=0.152202 fraction_q_positive=1.000000 sampling_entropy=6.219802 uniform_entropy=6.238325 entropy_gap=0.018523 max_probability_over_uniform=1.541693 min_probability_over_uniform=0.352192
RG_SCORE round=40 layer=features.34 mean_q=0.127709 max_q=0.319708 fraction_q_positive=0.953125 sampling_entropy=6.128606 uniform_entropy=6.238325 entropy_gap=0.109718 max_probability_over_uniform=2.353063 min_probability_over_uniform=0.100000
RG_SCORE round=40 layer=features.37 mean_q=0.114785 max_q=0.394617 fraction_q_positive=0.927734 sampling_entropy=6.091466 uniform_entropy=6.238325 entropy_gap=0.146859 max_probability_over_uniform=3.194098 min_probability_over_uniform=0.100000
RG_SCORE round=40 layer=features.40 mean_q=0.135668 max_q=0.344492 fraction_q_positive=0.937500 sampling_entropy=6.083086 uniform_entropy=6.238325 entropy_gap=0.155239 max_probability_over_uniform=2.385306 min_probability_over_uniform=0.100000
ROUND_ACCURACY method=FedPhoenixRG round=40 accuracy=64.760002
********************************************************************************
Round  40
ROUND_ACCURACY method=FedPhoenixRG round=41 accuracy=65.080002
********************************************************************************
Round  41
ROUND_ACCURACY method=FedPhoenixRG round=42 accuracy=57.230000
********************************************************************************
Round  42
ROUND_ACCURACY method=FedPhoenixRG round=43 accuracy=62.220001
********************************************************************************
Round  43
ROUND_ACCURACY method=FedPhoenixRG round=44 accuracy=62.360001
********************************************************************************
Round  44
ROUND_ACCURACY method=FedPhoenixRG round=45 accuracy=50.680000
********************************************************************************
Round  45
ROUND_ACCURACY method=FedPhoenixRG round=46 accuracy=67.059998
********************************************************************************
Round  46
ROUND_ACCURACY method=FedPhoenixRG round=47 accuracy=60.959999
********************************************************************************
Round  47
ROUND_ACCURACY method=FedPhoenixRG round=48 accuracy=59.900002
********************************************************************************
Round  48
ROUND_ACCURACY method=FedPhoenixRG round=49 accuracy=57.630001
********************************************************************************
Round  49
ROUND_ACCURACY method=FedPhoenixRG round=50 accuracy=61.139999
********************************************************************************
Round  50
ROUND_ACCURACY method=FedPhoenixRG round=51 accuracy=55.480000
********************************************************************************
Round  51
ROUND_ACCURACY method=FedPhoenixRG round=52 accuracy=66.029999
********************************************************************************
Round  52
ROUND_ACCURACY method=FedPhoenixRG round=53 accuracy=58.590000
********************************************************************************
Round  53
ROUND_ACCURACY method=FedPhoenixRG round=54 accuracy=50.480000
********************************************************************************
Round  54
ROUND_ACCURACY method=FedPhoenixRG round=55 accuracy=67.459999
********************************************************************************
Round  55
ROUND_ACCURACY method=FedPhoenixRG round=56 accuracy=65.769997
********************************************************************************
Round  56
ROUND_ACCURACY method=FedPhoenixRG round=57 accuracy=60.709999
********************************************************************************
Round  57
ROUND_ACCURACY method=FedPhoenixRG round=58 accuracy=53.930000
********************************************************************************
Round  58
ROUND_ACCURACY method=FedPhoenixRG round=59 accuracy=62.630001
********************************************************************************
Round  59
RG_SCORE round=60 layer=features.0 mean_q=0.160266 max_q=0.326297 fraction_q_positive=0.953125 sampling_entropy=4.063266 uniform_entropy=4.158883 entropy_gap=0.095617 max_probability_over_uniform=1.932376 min_probability_over_uniform=0.100000
RG_SCORE round=60 layer=features.3 mean_q=0.171054 max_q=0.221284 fraction_q_positive=1.000000 sampling_entropy=4.149464 uniform_entropy=4.158883 entropy_gap=0.009419 max_probability_over_uniform=1.264282 min_probability_over_uniform=0.579542
RG_SCORE round=60 layer=features.7 mean_q=0.165359 max_q=0.232843 fraction_q_positive=1.000000 sampling_entropy=4.845624 uniform_entropy=4.852030 entropy_gap=0.006407 max_probability_over_uniform=1.367298 min_probability_over_uniform=0.724724
RG_SCORE round=60 layer=features.10 mean_q=0.160185 max_q=0.218989 fraction_q_positive=1.000000 sampling_entropy=4.848388 uniform_entropy=4.852030 entropy_gap=0.003643 max_probability_over_uniform=1.330389 min_probability_over_uniform=0.827662
RG_SCORE round=60 layer=features.14 mean_q=0.160764 max_q=0.217229 fraction_q_positive=1.000000 sampling_entropy=5.539285 uniform_entropy=5.545177 entropy_gap=0.005892 max_probability_over_uniform=1.316103 min_probability_over_uniform=0.681635
RG_SCORE round=60 layer=features.17 mean_q=0.151287 max_q=0.189524 fraction_q_positive=1.000000 sampling_entropy=5.541916 uniform_entropy=5.545177 entropy_gap=0.003261 max_probability_over_uniform=1.227471 min_probability_over_uniform=0.763843
RG_SCORE round=60 layer=features.20 mean_q=0.157517 max_q=0.209067 fraction_q_positive=1.000000 sampling_entropy=5.542366 uniform_entropy=5.545177 entropy_gap=0.002811 max_probability_over_uniform=1.294542 min_probability_over_uniform=0.771314
RG_SCORE round=60 layer=features.24 mean_q=0.155876 max_q=0.207045 fraction_q_positive=1.000000 sampling_entropy=6.232892 uniform_entropy=6.238325 entropy_gap=0.005433 max_probability_over_uniform=1.295444 min_probability_over_uniform=0.668045
RG_SCORE round=60 layer=features.27 mean_q=0.132868 max_q=0.189097 fraction_q_positive=1.000000 sampling_entropy=6.233305 uniform_entropy=6.238325 entropy_gap=0.005019 max_probability_over_uniform=1.380874 min_probability_over_uniform=0.761776
RG_SCORE round=60 layer=features.30 mean_q=0.130870 max_q=0.178594 fraction_q_positive=1.000000 sampling_entropy=6.230640 uniform_entropy=6.238325 entropy_gap=0.007685 max_probability_over_uniform=1.328200 min_probability_over_uniform=0.668396
RG_SCORE round=60 layer=features.34 mean_q=0.228857 max_q=0.356622 fraction_q_positive=1.000000 sampling_entropy=6.228473 uniform_entropy=6.238325 entropy_gap=0.009851 max_probability_over_uniform=1.502447 min_probability_over_uniform=0.282818
RG_SCORE round=60 layer=features.37 mean_q=0.251828 max_q=0.400360 fraction_q_positive=1.000000 sampling_entropy=6.223767 uniform_entropy=6.238325 entropy_gap=0.014557 max_probability_over_uniform=1.530829 min_probability_over_uniform=0.378292
RG_SCORE round=60 layer=features.40 mean_q=0.275766 max_q=0.560339 fraction_q_positive=1.000000 sampling_entropy=6.166443 uniform_entropy=6.238325 entropy_gap=0.071881 max_probability_over_uniform=1.928743 min_probability_over_uniform=0.117792
ROUND_ACCURACY method=FedPhoenixRG round=60 accuracy=66.070000
********************************************************************************
Round  60
ROUND_ACCURACY method=FedPhoenixRG round=61 accuracy=65.760002
********************************************************************************
Round  61
ROUND_ACCURACY method=FedPhoenixRG round=62 accuracy=64.010002
********************************************************************************
Round  62
ROUND_ACCURACY method=FedPhoenixRG round=63 accuracy=66.239998
********************************************************************************
Round  63
ROUND_ACCURACY method=FedPhoenixRG round=64 accuracy=63.150002
********************************************************************************
Round  64
ROUND_ACCURACY method=FedPhoenixRG round=65 accuracy=64.779999
********************************************************************************
Round  65
ROUND_ACCURACY method=FedPhoenixRG round=66 accuracy=65.300003
********************************************************************************
Round  66
ROUND_ACCURACY method=FedPhoenixRG round=67 accuracy=61.090000
********************************************************************************
Round  67
ROUND_ACCURACY method=FedPhoenixRG round=68 accuracy=57.340000
********************************************************************************
Round  68
ROUND_ACCURACY method=FedPhoenixRG round=69 accuracy=69.360001
********************************************************************************
Round  69
ROUND_ACCURACY method=FedPhoenixRG round=70 accuracy=59.860001
********************************************************************************
Round  70
ROUND_ACCURACY method=FedPhoenixRG round=71 accuracy=58.450001
********************************************************************************
Round  71
ROUND_ACCURACY method=FedPhoenixRG round=72 accuracy=63.980000
********************************************************************************
Round  72
ROUND_ACCURACY method=FedPhoenixRG round=73 accuracy=66.660004
********************************************************************************
Round  73
ROUND_ACCURACY method=FedPhoenixRG round=74 accuracy=66.739998
********************************************************************************
Round  74
ROUND_ACCURACY method=FedPhoenixRG round=75 accuracy=71.959999
********************************************************************************
Round  75
ROUND_ACCURACY method=FedPhoenixRG round=76 accuracy=65.120003
********************************************************************************
Round  76
ROUND_ACCURACY method=FedPhoenixRG round=77 accuracy=65.889999
********************************************************************************
Round  77
ROUND_ACCURACY method=FedPhoenixRG round=78 accuracy=64.699997
********************************************************************************
Round  78
ROUND_ACCURACY method=FedPhoenixRG round=79 accuracy=68.300003
********************************************************************************
Round  79
RG_SCORE round=80 layer=features.0 mean_q=0.156614 max_q=0.372671 fraction_q_positive=1.000000 sampling_entropy=4.065499 uniform_entropy=4.158883 entropy_gap=0.093384 max_probability_over_uniform=2.241601 min_probability_over_uniform=0.162775
RG_SCORE round=80 layer=features.3 mean_q=0.186518 max_q=0.239589 fraction_q_positive=1.000000 sampling_entropy=4.152286 uniform_entropy=4.158883 entropy_gap=0.006597 max_probability_over_uniform=1.256079 min_probability_over_uniform=0.739983
RG_SCORE round=80 layer=features.7 mean_q=0.186324 max_q=0.231027 fraction_q_positive=1.000000 sampling_entropy=4.847696 uniform_entropy=4.852030 entropy_gap=0.004334 max_probability_over_uniform=1.215928 min_probability_over_uniform=0.797743
RG_SCORE round=80 layer=features.10 mean_q=0.182726 max_q=0.221388 fraction_q_positive=1.000000 sampling_entropy=4.849109 uniform_entropy=4.852030 entropy_gap=0.002921 max_probability_over_uniform=1.190426 min_probability_over_uniform=0.816714
RG_SCORE round=80 layer=features.14 mean_q=0.185622 max_q=0.235294 fraction_q_positive=1.000000 sampling_entropy=5.541373 uniform_entropy=5.545177 entropy_gap=0.003805 max_probability_over_uniform=1.240835 min_probability_over_uniform=0.753606
RG_SCORE round=80 layer=features.17 mean_q=0.173038 max_q=0.227842 fraction_q_positive=1.000000 sampling_entropy=5.541855 uniform_entropy=5.545177 entropy_gap=0.003322 max_probability_over_uniform=1.285042 min_probability_over_uniform=0.780380
RG_SCORE round=80 layer=features.20 mean_q=0.178595 max_q=0.209885 fraction_q_positive=1.000000 sampling_entropy=5.543397 uniform_entropy=5.545177 entropy_gap=0.001780 max_probability_over_uniform=1.157681 min_probability_over_uniform=0.819617
RG_SCORE round=80 layer=features.24 mean_q=0.185266 max_q=0.236856 fraction_q_positive=1.000000 sampling_entropy=6.234421 uniform_entropy=6.238325 entropy_gap=0.003903 max_probability_over_uniform=1.250619 min_probability_over_uniform=0.679625
RG_SCORE round=80 layer=features.27 mean_q=0.160253 max_q=0.208965 fraction_q_positive=1.000000 sampling_entropy=6.234506 uniform_entropy=6.238325 entropy_gap=0.003818 max_probability_over_uniform=1.273577 min_probability_over_uniform=0.761963
RG_SCORE round=80 layer=features.30 mean_q=0.159049 max_q=0.213003 fraction_q_positive=1.000000 sampling_entropy=6.233479 uniform_entropy=6.238325 entropy_gap=0.004846 max_probability_over_uniform=1.305305 min_probability_over_uniform=0.722002
RG_SCORE round=80 layer=features.34 mean_q=0.303344 max_q=0.408004 fraction_q_positive=1.000000 sampling_entropy=6.232900 uniform_entropy=6.238325 entropy_gap=0.005425 max_probability_over_uniform=1.310517 min_probability_over_uniform=0.671975
RG_SCORE round=80 layer=features.37 mean_q=0.341327 max_q=0.467241 fraction_q_positive=1.000000 sampling_entropy=6.231237 uniform_entropy=6.238325 entropy_gap=0.007087 max_probability_over_uniform=1.332006 min_probability_over_uniform=0.605860
RG_SCORE round=80 layer=features.40 mean_q=0.331899 max_q=0.630447 fraction_q_positive=0.998047 sampling_entropy=6.173810 uniform_entropy=6.238325 entropy_gap=0.064514 max_probability_over_uniform=1.809565 min_probability_over_uniform=0.100000
ROUND_ACCURACY method=FedPhoenixRG round=80 accuracy=68.699997
********************************************************************************
Round  80
ROUND_ACCURACY method=FedPhoenixRG round=81 accuracy=62.730000
********************************************************************************
Round  81
ROUND_ACCURACY method=FedPhoenixRG round=82 accuracy=67.989998
********************************************************************************
Round  82
ROUND_ACCURACY method=FedPhoenixRG round=83 accuracy=70.110001
********************************************************************************
Round  83
ROUND_ACCURACY method=FedPhoenixRG round=84 accuracy=63.959999
********************************************************************************
Round  84
ROUND_ACCURACY method=FedPhoenixRG round=85 accuracy=68.970001
********************************************************************************
Round  85
ROUND_ACCURACY method=FedPhoenixRG round=86 accuracy=67.940002
********************************************************************************
Round  86
ROUND_ACCURACY method=FedPhoenixRG round=87 accuracy=71.370003
********************************************************************************
Round  87
ROUND_ACCURACY method=FedPhoenixRG round=88 accuracy=70.150002
********************************************************************************
Round  88
ROUND_ACCURACY method=FedPhoenixRG round=89 accuracy=70.559998
********************************************************************************
Round  89
ROUND_ACCURACY method=FedPhoenixRG round=90 accuracy=62.700001
********************************************************************************
Round  90
ROUND_ACCURACY method=FedPhoenixRG round=91 accuracy=69.739998
********************************************************************************
Round  91
ROUND_ACCURACY method=FedPhoenixRG round=92 accuracy=69.459999
********************************************************************************
Round  92
ROUND_ACCURACY method=FedPhoenixRG round=93 accuracy=68.639999
********************************************************************************
Round  93
ROUND_ACCURACY method=FedPhoenixRG round=94 accuracy=67.230003
********************************************************************************
Round  94
ROUND_ACCURACY method=FedPhoenixRG round=95 accuracy=70.360001
********************************************************************************
Round  95
ROUND_ACCURACY method=FedPhoenixRG round=96 accuracy=69.410004
********************************************************************************
Round  96
ROUND_ACCURACY method=FedPhoenixRG round=97 accuracy=66.370003
********************************************************************************
Round  97
ROUND_ACCURACY method=FedPhoenixRG round=98 accuracy=65.400002
********************************************************************************
Round  98
ROUND_ACCURACY method=FedPhoenixRG round=99 accuracy=60.320000
********************************************************************************
Round  99
RG_SCORE round=100 layer=features.0 mean_q=0.144656 max_q=0.339366 fraction_q_positive=0.953125 sampling_entropy=3.997626 uniform_entropy=4.158883 entropy_gap=0.161257 max_probability_over_uniform=2.211417 min_probability_over_uniform=0.100000
RG_SCORE round=100 layer=features.3 mean_q=0.191284 max_q=0.241584 fraction_q_positive=1.000000 sampling_entropy=4.153135 uniform_entropy=4.158883 entropy_gap=0.005748 max_probability_over_uniform=1.236666 min_probability_over_uniform=0.674440
RG_SCORE round=100 layer=features.7 mean_q=0.182699 max_q=0.227493 fraction_q_positive=1.000000 sampling_entropy=4.845845 uniform_entropy=4.852030 entropy_gap=0.006185 max_probability_over_uniform=1.220659 min_probability_over_uniform=0.722649
RG_SCORE round=100 layer=features.10 mean_q=0.179771 max_q=0.210215 fraction_q_positive=1.000000 sampling_entropy=4.849514 uniform_entropy=4.852030 entropy_gap=0.002517 max_probability_over_uniform=1.152410 min_probability_over_uniform=0.781560
RG_SCORE round=100 layer=features.14 mean_q=0.187406 max_q=0.230695 fraction_q_positive=1.000000 sampling_entropy=5.541731 uniform_entropy=5.545177 entropy_gap=0.003447 max_probability_over_uniform=1.207890 min_probability_over_uniform=0.790092
RG_SCORE round=100 layer=features.17 mean_q=0.179765 max_q=0.221882 fraction_q_positive=1.000000 sampling_entropy=5.542524 uniform_entropy=5.545177 entropy_gap=0.002654 max_probability_over_uniform=1.210859 min_probability_over_uniform=0.811181
RG_SCORE round=100 layer=features.20 mean_q=0.186536 max_q=0.221760 fraction_q_positive=1.000000 sampling_entropy=5.543441 uniform_entropy=5.545177 entropy_gap=0.001737 max_probability_over_uniform=1.169946 min_probability_over_uniform=0.865180
RG_SCORE round=100 layer=features.24 mean_q=0.197967 max_q=0.253306 fraction_q_positive=1.000000 sampling_entropy=6.235033 uniform_entropy=6.238325 entropy_gap=0.003292 max_probability_over_uniform=1.251579 min_probability_over_uniform=0.743517
RG_SCORE round=100 layer=features.27 mean_q=0.172131 max_q=0.233640 fraction_q_positive=1.000000 sampling_entropy=6.234500 uniform_entropy=6.238325 entropy_gap=0.003825 max_probability_over_uniform=1.321606 min_probability_over_uniform=0.748980
RG_SCORE round=100 layer=features.30 mean_q=0.166311 max_q=0.213360 fraction_q_positive=1.000000 sampling_entropy=6.234105 uniform_entropy=6.238325 entropy_gap=0.004220 max_probability_over_uniform=1.254605 min_probability_over_uniform=0.748161
RG_SCORE round=100 layer=features.34 mean_q=0.316349 max_q=0.432469 fraction_q_positive=1.000000 sampling_entropy=6.230386 uniform_entropy=6.238325 entropy_gap=0.007938 max_probability_over_uniform=1.330357 min_probability_over_uniform=0.305815
RG_SCORE round=100 layer=features.37 mean_q=0.355315 max_q=0.497240 fraction_q_positive=1.000000 sampling_entropy=6.229105 uniform_entropy=6.238325 entropy_gap=0.009219 max_probability_over_uniform=1.359491 min_probability_over_uniform=0.482975
RG_SCORE round=100 layer=features.40 mean_q=0.308374 max_q=0.535243 fraction_q_positive=1.000000 sampling_entropy=6.181920 uniform_entropy=6.238325 entropy_gap=0.056405 max_probability_over_uniform=1.662124 min_probability_over_uniform=0.179262
ROUND_ACCURACY method=FedPhoenixRG round=100 accuracy=64.059998
********************************************************************************
Round 100
ROUND_ACCURACY method=FedPhoenixRG round=101 accuracy=69.970001
********************************************************************************
Round 101
ROUND_ACCURACY method=FedPhoenixRG round=102 accuracy=72.900002
********************************************************************************
Round 102
ROUND_ACCURACY method=FedPhoenixRG round=103 accuracy=72.930000
********************************************************************************
Round 103
ROUND_ACCURACY method=FedPhoenixRG round=104 accuracy=69.639999
********************************************************************************
Round 104
ROUND_ACCURACY method=FedPhoenixRG round=105 accuracy=70.110001
********************************************************************************
Round 105
ROUND_ACCURACY method=FedPhoenixRG round=106 accuracy=71.099998
********************************************************************************
Round 106
ROUND_ACCURACY method=FedPhoenixRG round=107 accuracy=52.959999
********************************************************************************
Round 107
ROUND_ACCURACY method=FedPhoenixRG round=108 accuracy=69.870003
********************************************************************************
Round 108
ROUND_ACCURACY method=FedPhoenixRG round=109 accuracy=73.320000
********************************************************************************
Round 109
ROUND_ACCURACY method=FedPhoenixRG round=110 accuracy=73.610001
********************************************************************************
Round 110
ROUND_ACCURACY method=FedPhoenixRG round=111 accuracy=71.930000
********************************************************************************
Round 111
ROUND_ACCURACY method=FedPhoenixRG round=112 accuracy=70.010002
********************************************************************************
Round 112
ROUND_ACCURACY method=FedPhoenixRG round=113 accuracy=68.050003
********************************************************************************
Round 113
ROUND_ACCURACY method=FedPhoenixRG round=114 accuracy=66.800003
********************************************************************************
Round 114
ROUND_ACCURACY method=FedPhoenixRG round=115 accuracy=58.900002
********************************************************************************
Round 115
ROUND_ACCURACY method=FedPhoenixRG round=116 accuracy=72.410004
********************************************************************************
Round 116
ROUND_ACCURACY method=FedPhoenixRG round=117 accuracy=67.279999
********************************************************************************
Round 117
ROUND_ACCURACY method=FedPhoenixRG round=118 accuracy=72.349998
********************************************************************************
Round 118
ROUND_ACCURACY method=FedPhoenixRG round=119 accuracy=71.370003
********************************************************************************
Round 119
RG_SCORE round=120 layer=features.0 mean_q=0.154445 max_q=0.327996 fraction_q_positive=0.968750 sampling_entropy=4.051920 uniform_entropy=4.158883 entropy_gap=0.106963 max_probability_over_uniform=2.011341 min_probability_over_uniform=0.100000
RG_SCORE round=120 layer=features.3 mean_q=0.182311 max_q=0.231451 fraction_q_positive=1.000000 sampling_entropy=4.153562 uniform_entropy=4.158883 entropy_gap=0.005321 max_probability_over_uniform=1.242587 min_probability_over_uniform=0.758877
RG_SCORE round=120 layer=features.7 mean_q=0.181229 max_q=0.248175 fraction_q_positive=1.000000 sampling_entropy=4.846533 uniform_entropy=4.852030 entropy_gap=0.005497 max_probability_over_uniform=1.332463 min_probability_over_uniform=0.622816
RG_SCORE round=120 layer=features.10 mean_q=0.178869 max_q=0.211788 fraction_q_positive=1.000000 sampling_entropy=4.849973 uniform_entropy=4.852030 entropy_gap=0.002058 max_probability_over_uniform=1.165634 min_probability_over_uniform=0.836404
RG_SCORE round=120 layer=features.14 mean_q=0.188581 max_q=0.251328 fraction_q_positive=1.000000 sampling_entropy=5.541912 uniform_entropy=5.545177 entropy_gap=0.003266 max_probability_over_uniform=1.299456 min_probability_over_uniform=0.774531
RG_SCORE round=120 layer=features.17 mean_q=0.178519 max_q=0.228501 fraction_q_positive=1.000000 sampling_entropy=5.541953 uniform_entropy=5.545177 entropy_gap=0.003225 max_probability_over_uniform=1.251982 min_probability_over_uniform=0.781244
RG_SCORE round=120 layer=features.20 mean_q=0.184319 max_q=0.216389 fraction_q_positive=1.000000 sampling_entropy=5.543346 uniform_entropy=5.545177 entropy_gap=0.001831 max_probability_over_uniform=1.156592 min_probability_over_uniform=0.846182
RG_SCORE round=120 layer=features.24 mean_q=0.197785 max_q=0.259165 fraction_q_positive=1.000000 sampling_entropy=6.235053 uniform_entropy=6.238325 entropy_gap=0.003272 max_probability_over_uniform=1.279304 min_probability_over_uniform=0.739281
RG_SCORE round=120 layer=features.27 mean_q=0.175822 max_q=0.240559 fraction_q_positive=1.000000 sampling_entropy=6.234833 uniform_entropy=6.238325 entropy_gap=0.003491 max_probability_over_uniform=1.331374 min_probability_over_uniform=0.730969
RG_SCORE round=120 layer=features.30 mean_q=0.165626 max_q=0.213783 fraction_q_positive=1.000000 sampling_entropy=6.233613 uniform_entropy=6.238325 entropy_gap=0.004711 max_probability_over_uniform=1.261681 min_probability_over_uniform=0.707405
RG_SCORE round=120 layer=features.34 mean_q=0.278053 max_q=0.402451 fraction_q_positive=1.000000 sampling_entropy=6.219005 uniform_entropy=6.238325 entropy_gap=0.019320 max_probability_over_uniform=1.402650 min_probability_over_uniform=0.124317
RG_SCORE round=120 layer=features.37 mean_q=0.217163 max_q=0.398520 fraction_q_positive=0.992188 sampling_entropy=6.180103 uniform_entropy=6.238325 entropy_gap=0.058221 max_probability_over_uniform=1.751607 min_probability_over_uniform=0.100000
RG_SCORE round=120 layer=features.40 mean_q=0.137677 max_q=0.401948 fraction_q_positive=0.962891 sampling_entropy=6.072150 uniform_entropy=6.238325 entropy_gap=0.166174 max_probability_over_uniform=2.727557 min_probability_over_uniform=0.100000
ROUND_ACCURACY method=FedPhoenixRG round=120 accuracy=67.500000
********************************************************************************
Round 120
ROUND_ACCURACY method=FedPhoenixRG round=121 accuracy=73.870003
********************************************************************************
Round 121
ROUND_ACCURACY method=FedPhoenixRG round=122 accuracy=68.470001
********************************************************************************
Round 122
ROUND_ACCURACY method=FedPhoenixRG round=123 accuracy=69.949997
********************************************************************************
Round 123
ROUND_ACCURACY method=FedPhoenixRG round=124 accuracy=64.260002
********************************************************************************
Round 124
ROUND_ACCURACY method=FedPhoenixRG round=125 accuracy=65.669998
********************************************************************************
Round 125
ROUND_ACCURACY method=FedPhoenixRG round=126 accuracy=62.040001
********************************************************************************
Round 126
ROUND_ACCURACY method=FedPhoenixRG round=127 accuracy=72.070000
********************************************************************************
Round 127
ROUND_ACCURACY method=FedPhoenixRG round=128 accuracy=69.500000
********************************************************************************
Round 128
ROUND_ACCURACY method=FedPhoenixRG round=129 accuracy=74.330002
********************************************************************************
Round 129
ROUND_ACCURACY method=FedPhoenixRG round=130 accuracy=64.559998
********************************************************************************
Round 130
ROUND_ACCURACY method=FedPhoenixRG round=131 accuracy=67.110001
********************************************************************************
Round 131
ROUND_ACCURACY method=FedPhoenixRG round=132 accuracy=74.949997
********************************************************************************
Round 132
ROUND_ACCURACY method=FedPhoenixRG round=133 accuracy=70.180000
********************************************************************************
Round 133
ROUND_ACCURACY method=FedPhoenixRG round=134 accuracy=73.430000
********************************************************************************
Round 134
ROUND_ACCURACY method=FedPhoenixRG round=135 accuracy=67.760002
********************************************************************************
Round 135
ROUND_ACCURACY method=FedPhoenixRG round=136 accuracy=63.799999
********************************************************************************
Round 136
ROUND_ACCURACY method=FedPhoenixRG round=137 accuracy=69.099998
********************************************************************************
Round 137
ROUND_ACCURACY method=FedPhoenixRG round=138 accuracy=74.639999
********************************************************************************
Round 138
ROUND_ACCURACY method=FedPhoenixRG round=139 accuracy=70.639999
********************************************************************************
Round 139
RG_SCORE round=140 layer=features.0 mean_q=0.150605 max_q=0.352706 fraction_q_positive=0.953125 sampling_entropy=4.009655 uniform_entropy=4.158883 entropy_gap=0.149228 max_probability_over_uniform=2.207739 min_probability_over_uniform=0.100000
RG_SCORE round=140 layer=features.3 mean_q=0.193129 max_q=0.256271 fraction_q_positive=1.000000 sampling_entropy=4.153682 uniform_entropy=4.158883 entropy_gap=0.005201 max_probability_over_uniform=1.294251 min_probability_over_uniform=0.789875
RG_SCORE round=140 layer=features.7 mean_q=0.192464 max_q=0.260913 fraction_q_positive=1.000000 sampling_entropy=4.848247 uniform_entropy=4.852030 entropy_gap=0.003783 max_probability_over_uniform=1.320080 min_probability_over_uniform=0.811105
RG_SCORE round=140 layer=features.10 mean_q=0.184495 max_q=0.212199 fraction_q_positive=1.000000 sampling_entropy=4.849720 uniform_entropy=4.852030 entropy_gap=0.002311 max_probability_over_uniform=1.135145 min_probability_over_uniform=0.758556
RG_SCORE round=140 layer=features.14 mean_q=0.193439 max_q=0.241826 fraction_q_positive=1.000000 sampling_entropy=5.541927 uniform_entropy=5.545177 entropy_gap=0.003250 max_probability_over_uniform=1.225131 min_probability_over_uniform=0.761859
RG_SCORE round=140 layer=features.17 mean_q=0.182066 max_q=0.232580 fraction_q_positive=1.000000 sampling_entropy=5.541778 uniform_entropy=5.545177 entropy_gap=0.003399 max_probability_over_uniform=1.249702 min_probability_over_uniform=0.803197
RG_SCORE round=140 layer=features.20 mean_q=0.184574 max_q=0.221687 fraction_q_positive=1.000000 sampling_entropy=5.543703 uniform_entropy=5.545177 entropy_gap=0.001475 max_probability_over_uniform=1.180966 min_probability_over_uniform=0.880542
RG_SCORE round=140 layer=features.24 mean_q=0.202211 max_q=0.254003 fraction_q_positive=1.000000 sampling_entropy=6.235531 uniform_entropy=6.238325 entropy_gap=0.002794 max_probability_over_uniform=1.230514 min_probability_over_uniform=0.741791
RG_SCORE round=140 layer=features.27 mean_q=0.188320 max_q=0.258302 fraction_q_positive=1.000000 sampling_entropy=6.235489 uniform_entropy=6.238325 entropy_gap=0.002836 max_probability_over_uniform=1.334451 min_probability_over_uniform=0.784070
RG_SCORE round=140 layer=features.30 mean_q=0.175913 max_q=0.214829 fraction_q_positive=1.000000 sampling_entropy=6.234639 uniform_entropy=6.238325 entropy_gap=0.003686 max_probability_over_uniform=1.199096 min_probability_over_uniform=0.711990
RG_SCORE round=140 layer=features.34 mean_q=0.316409 max_q=0.436111 fraction_q_positive=1.000000 sampling_entropy=6.224061 uniform_entropy=6.238325 entropy_gap=0.014264 max_probability_over_uniform=1.340483 min_probability_over_uniform=0.331105
RG_SCORE round=140 layer=features.37 mean_q=0.242166 max_q=0.433370 fraction_q_positive=0.992188 sampling_entropy=6.176310 uniform_entropy=6.238325 entropy_gap=0.062014 max_probability_over_uniform=1.710598 min_probability_over_uniform=0.100000
RG_SCORE round=140 layer=features.40 mean_q=0.148014 max_q=0.440657 fraction_q_positive=0.958984 sampling_entropy=6.083852 uniform_entropy=6.238325 entropy_gap=0.154473 max_probability_over_uniform=2.779421 min_probability_over_uniform=0.100000
ROUND_ACCURACY method=FedPhoenixRG round=140 accuracy=73.720001
********************************************************************************
Round 140
ROUND_ACCURACY method=FedPhoenixRG round=141 accuracy=74.919998
********************************************************************************
Round 141
ROUND_ACCURACY method=FedPhoenixRG round=142 accuracy=65.459999
********************************************************************************
Round 142
ROUND_ACCURACY method=FedPhoenixRG round=143 accuracy=62.930000
********************************************************************************
Round 143
ROUND_ACCURACY method=FedPhoenixRG round=144 accuracy=74.430000
********************************************************************************
Round 144
ROUND_ACCURACY method=FedPhoenixRG round=145 accuracy=69.029999
********************************************************************************
Round 145
ROUND_ACCURACY method=FedPhoenixRG round=146 accuracy=66.559998
********************************************************************************
Round 146
ROUND_ACCURACY method=FedPhoenixRG round=147 accuracy=74.589996
********************************************************************************
Round 147
ROUND_ACCURACY method=FedPhoenixRG round=148 accuracy=70.580002
********************************************************************************
Round 148
ROUND_ACCURACY method=FedPhoenixRG round=149 accuracy=69.019997
********************************************************************************
Round 149
ROUND_ACCURACY method=FedPhoenixRG round=150 accuracy=75.389999
********************************************************************************
Round 150
ROUND_ACCURACY method=FedPhoenixRG round=151 accuracy=59.830002
********************************************************************************
Round 151
ROUND_ACCURACY method=FedPhoenixRG round=152 accuracy=67.260002
********************************************************************************
Round 152
ROUND_ACCURACY method=FedPhoenixRG round=153 accuracy=73.940002
********************************************************************************
Round 153
ROUND_ACCURACY method=FedPhoenixRG round=154 accuracy=73.830002
********************************************************************************
Round 154
ROUND_ACCURACY method=FedPhoenixRG round=155 accuracy=68.559998
********************************************************************************
Round 155
ROUND_ACCURACY method=FedPhoenixRG round=156 accuracy=72.900002
********************************************************************************
Round 156
ROUND_ACCURACY method=FedPhoenixRG round=157 accuracy=69.260002
********************************************************************************
Round 157
ROUND_ACCURACY method=FedPhoenixRG round=158 accuracy=69.580002
********************************************************************************
Round 158
ROUND_ACCURACY method=FedPhoenixRG round=159 accuracy=70.269997
********************************************************************************
Round 159
RG_SCORE round=160 layer=features.0 mean_q=0.126664 max_q=0.392405 fraction_q_positive=0.906250 sampling_entropy=3.953782 uniform_entropy=4.158883 entropy_gap=0.205102 max_probability_over_uniform=2.888196 min_probability_over_uniform=0.100000
RG_SCORE round=160 layer=features.3 mean_q=0.174778 max_q=0.219180 fraction_q_positive=1.000000 sampling_entropy=4.150833 uniform_entropy=4.158883 entropy_gap=0.008050 max_probability_over_uniform=1.228641 min_probability_over_uniform=0.491252
RG_SCORE round=160 layer=features.7 mean_q=0.173124 max_q=0.227345 fraction_q_positive=1.000000 sampling_entropy=4.846955 uniform_entropy=4.852030 entropy_gap=0.005076 max_probability_over_uniform=1.281875 min_probability_over_uniform=0.713939
RG_SCORE round=160 layer=features.10 mean_q=0.170608 max_q=0.210004 fraction_q_positive=1.000000 sampling_entropy=4.849593 uniform_entropy=4.852030 entropy_gap=0.002438 max_probability_over_uniform=1.207824 min_probability_over_uniform=0.818645
RG_SCORE round=160 layer=features.14 mean_q=0.182884 max_q=0.239658 fraction_q_positive=1.000000 sampling_entropy=5.542506 uniform_entropy=5.545177 entropy_gap=0.002672 max_probability_over_uniform=1.279394 min_probability_over_uniform=0.811282
RG_SCORE round=160 layer=features.17 mean_q=0.174349 max_q=0.226532 fraction_q_positive=1.000000 sampling_entropy=5.541504 uniform_entropy=5.545177 entropy_gap=0.003673 max_probability_over_uniform=1.269372 min_probability_over_uniform=0.779346
RG_SCORE round=160 layer=features.20 mean_q=0.177549 max_q=0.210684 fraction_q_positive=1.000000 sampling_entropy=5.543470 uniform_entropy=5.545177 entropy_gap=0.001708 max_probability_over_uniform=1.167962 min_probability_over_uniform=0.843371
RG_SCORE round=160 layer=features.24 mean_q=0.193882 max_q=0.245486 fraction_q_positive=1.000000 sampling_entropy=6.236037 uniform_entropy=6.238325 entropy_gap=0.002287 max_probability_over_uniform=1.239545 min_probability_over_uniform=0.803516
RG_SCORE round=160 layer=features.27 mean_q=0.179622 max_q=0.241424 fraction_q_positive=1.000000 sampling_entropy=6.235112 uniform_entropy=6.238325 entropy_gap=0.003213 max_probability_over_uniform=1.309657 min_probability_over_uniform=0.802077
RG_SCORE round=160 layer=features.30 mean_q=0.166513 max_q=0.208871 fraction_q_positive=1.000000 sampling_entropy=6.234287 uniform_entropy=6.238325 entropy_gap=0.004038 max_probability_over_uniform=1.228947 min_probability_over_uniform=0.721757
RG_SCORE round=160 layer=features.34 mean_q=0.294864 max_q=0.404965 fraction_q_positive=1.000000 sampling_entropy=6.222896 uniform_entropy=6.238325 entropy_gap=0.015429 max_probability_over_uniform=1.336057 min_probability_over_uniform=0.192031
RG_SCORE round=160 layer=features.37 mean_q=0.252782 max_q=0.465037 fraction_q_positive=0.998047 sampling_entropy=6.192357 uniform_entropy=6.238325 entropy_gap=0.045968 max_probability_over_uniform=1.755709 min_probability_over_uniform=0.100000
RG_SCORE round=160 layer=features.40 mean_q=0.141128 max_q=0.378780 fraction_q_positive=0.949219 sampling_entropy=6.069953 uniform_entropy=6.238325 entropy_gap=0.168372 max_probability_over_uniform=2.515542 min_probability_over_uniform=0.100000
ROUND_ACCURACY method=FedPhoenixRG round=160 accuracy=68.599998
********************************************************************************
Round 160
ROUND_ACCURACY method=FedPhoenixRG round=161 accuracy=75.610001
********************************************************************************
Round 161
ROUND_ACCURACY method=FedPhoenixRG round=162 accuracy=72.019997
********************************************************************************
Round 162
ROUND_ACCURACY method=FedPhoenixRG round=163 accuracy=70.500000
********************************************************************************
Round 163
ROUND_ACCURACY method=FedPhoenixRG round=164 accuracy=68.230003
********************************************************************************
Round 164
ROUND_ACCURACY method=FedPhoenixRG round=165 accuracy=74.570000
********************************************************************************
Round 165
ROUND_ACCURACY method=FedPhoenixRG round=166 accuracy=69.470001
********************************************************************************
Round 166
ROUND_ACCURACY method=FedPhoenixRG round=167 accuracy=71.610001
********************************************************************************
Round 167
ROUND_ACCURACY method=FedPhoenixRG round=168 accuracy=68.760002
********************************************************************************
Round 168
ROUND_ACCURACY method=FedPhoenixRG round=169 accuracy=71.919998
********************************************************************************
Round 169
ROUND_ACCURACY method=FedPhoenixRG round=170 accuracy=66.800003
********************************************************************************
Round 170
ROUND_ACCURACY method=FedPhoenixRG round=171 accuracy=68.220001
********************************************************************************
Round 171
ROUND_ACCURACY method=FedPhoenixRG round=172 accuracy=68.699997
********************************************************************************
Round 172
ROUND_ACCURACY method=FedPhoenixRG round=173 accuracy=57.099998
********************************************************************************
Round 173
ROUND_ACCURACY method=FedPhoenixRG round=174 accuracy=70.629997
********************************************************************************
Round 174
ROUND_ACCURACY method=FedPhoenixRG round=175 accuracy=72.830002
********************************************************************************
Round 175
ROUND_ACCURACY method=FedPhoenixRG round=176 accuracy=74.050003
********************************************************************************
Round 176
ROUND_ACCURACY method=FedPhoenixRG round=177 accuracy=69.410004
********************************************************************************
Round 177
ROUND_ACCURACY method=FedPhoenixRG round=178 accuracy=66.680000
********************************************************************************
Round 178
ROUND_ACCURACY method=FedPhoenixRG round=179 accuracy=74.940002
********************************************************************************
Round 179
RG_SCORE round=180 layer=features.0 mean_q=0.118541 max_q=0.338446 fraction_q_positive=0.781250 sampling_entropy=3.842562 uniform_entropy=4.158883 entropy_gap=0.316321 max_probability_over_uniform=2.669585 min_probability_over_uniform=0.100000
RG_SCORE round=180 layer=features.3 mean_q=0.150022 max_q=0.207188 fraction_q_positive=1.000000 sampling_entropy=4.143315 uniform_entropy=4.158883 entropy_gap=0.015568 max_probability_over_uniform=1.342945 min_probability_over_uniform=0.559077
RG_SCORE round=180 layer=features.7 mean_q=0.153265 max_q=0.279545 fraction_q_positive=1.000000 sampling_entropy=4.834325 uniform_entropy=4.852030 entropy_gap=0.017705 max_probability_over_uniform=1.741536 min_probability_over_uniform=0.500323
RG_SCORE round=180 layer=features.10 mean_q=0.146996 max_q=0.190636 fraction_q_positive=1.000000 sampling_entropy=4.844968 uniform_entropy=4.852030 entropy_gap=0.007062 max_probability_over_uniform=1.267191 min_probability_over_uniform=0.572136
RG_SCORE round=180 layer=features.14 mean_q=0.158714 max_q=0.221974 fraction_q_positive=1.000000 sampling_entropy=5.537779 uniform_entropy=5.545177 entropy_gap=0.007399 max_probability_over_uniform=1.358722 min_probability_over_uniform=0.635301
RG_SCORE round=180 layer=features.17 mean_q=0.152683 max_q=0.213576 fraction_q_positive=1.000000 sampling_entropy=5.538535 uniform_entropy=5.545177 entropy_gap=0.006643 max_probability_over_uniform=1.358933 min_probability_over_uniform=0.632899
RG_SCORE round=180 layer=features.20 mean_q=0.154202 max_q=0.191766 fraction_q_positive=1.000000 sampling_entropy=5.540976 uniform_entropy=5.545177 entropy_gap=0.004201 max_probability_over_uniform=1.219243 min_probability_over_uniform=0.606108
RG_SCORE round=180 layer=features.24 mean_q=0.171024 max_q=0.224448 fraction_q_positive=1.000000 sampling_entropy=6.230289 uniform_entropy=6.238325 entropy_gap=0.008036 max_probability_over_uniform=1.281136 min_probability_over_uniform=0.452500
RG_SCORE round=180 layer=features.27 mean_q=0.162734 max_q=0.237320 fraction_q_positive=1.000000 sampling_entropy=6.229353 uniform_entropy=6.238325 entropy_gap=0.008972 max_probability_over_uniform=1.412502 min_probability_over_uniform=0.572732
RG_SCORE round=180 layer=features.30 mean_q=0.147397 max_q=0.209659 fraction_q_positive=1.000000 sampling_entropy=6.226530 uniform_entropy=6.238325 entropy_gap=0.011795 max_probability_over_uniform=1.380169 min_probability_over_uniform=0.256160
RG_SCORE round=180 layer=features.34 mean_q=0.278059 max_q=0.430170 fraction_q_positive=1.000000 sampling_entropy=6.211435 uniform_entropy=6.238325 entropy_gap=0.026889 max_probability_over_uniform=1.492341 min_probability_over_uniform=0.241149
RG_SCORE round=180 layer=features.37 mean_q=0.225852 max_q=0.445782 fraction_q_positive=0.984375 sampling_entropy=6.165049 uniform_entropy=6.238325 entropy_gap=0.073275 max_probability_over_uniform=1.876399 min_probability_over_uniform=0.100000
RG_SCORE round=180 layer=features.40 mean_q=0.127943 max_q=0.476328 fraction_q_positive=0.906250 sampling_entropy=6.020874 uniform_entropy=6.238325 entropy_gap=0.217451 max_probability_over_uniform=3.450681 min_probability_over_uniform=0.100000
ROUND_ACCURACY method=FedPhoenixRG round=180 accuracy=71.150002
********************************************************************************
Round 180
ROUND_ACCURACY method=FedPhoenixRG round=181 accuracy=73.480003
********************************************************************************
Round 181
ROUND_ACCURACY method=FedPhoenixRG round=182 accuracy=66.419998
********************************************************************************
Round 182
ROUND_ACCURACY method=FedPhoenixRG round=183 accuracy=75.309998
********************************************************************************
Round 183
ROUND_ACCURACY method=FedPhoenixRG round=184 accuracy=74.519997
********************************************************************************
Round 184
ROUND_ACCURACY method=FedPhoenixRG round=185 accuracy=75.580002
********************************************************************************
Round 185
ROUND_ACCURACY method=FedPhoenixRG round=186 accuracy=72.809998
********************************************************************************
Round 186
ROUND_ACCURACY method=FedPhoenixRG round=187 accuracy=68.989998
********************************************************************************
Round 187
ROUND_ACCURACY method=FedPhoenixRG round=188 accuracy=73.970001
********************************************************************************
Round 188
ROUND_ACCURACY method=FedPhoenixRG round=189 accuracy=64.900002
********************************************************************************
Round 189
ROUND_ACCURACY method=FedPhoenixRG round=190 accuracy=69.260002
********************************************************************************
Round 190
ROUND_ACCURACY method=FedPhoenixRG round=191 accuracy=63.060001
********************************************************************************
Round 191
ROUND_ACCURACY method=FedPhoenixRG round=192 accuracy=73.650002
********************************************************************************
Round 192
ROUND_ACCURACY method=FedPhoenixRG round=193 accuracy=73.620003
********************************************************************************
Round 193
ROUND_ACCURACY method=FedPhoenixRG round=194 accuracy=70.000000
********************************************************************************
Round 194
ROUND_ACCURACY method=FedPhoenixRG round=195 accuracy=73.699997
********************************************************************************
Round 195
ROUND_ACCURACY method=FedPhoenixRG round=196 accuracy=76.870003
********************************************************************************
Round 196
ROUND_ACCURACY method=FedPhoenixRG round=197 accuracy=61.279999
********************************************************************************
Round 197
ROUND_ACCURACY method=FedPhoenixRG round=198 accuracy=70.550003
********************************************************************************
Round 198
ROUND_ACCURACY method=FedPhoenixRG round=199 accuracy=61.500000
********************************************************************************
Round 199
RG_SCORE round=200 layer=features.0 mean_q=0.159114 max_q=0.327372 fraction_q_positive=0.984375 sampling_entropy=4.062053 uniform_entropy=4.158883 entropy_gap=0.096830 max_probability_over_uniform=1.951718 min_probability_over_uniform=0.100000
RG_SCORE round=200 layer=features.3 mean_q=0.189922 max_q=0.219098 fraction_q_positive=1.000000 sampling_entropy=4.155590 uniform_entropy=4.158883 entropy_gap=0.003293 max_probability_over_uniform=1.138260 min_probability_over_uniform=0.807973
RG_SCORE round=200 layer=features.7 mean_q=0.193151 max_q=0.251898 fraction_q_positive=1.000000 sampling_entropy=4.848503 uniform_entropy=4.852030 entropy_gap=0.003527 max_probability_over_uniform=1.273737 min_probability_over_uniform=0.733279
RG_SCORE round=200 layer=features.10 mean_q=0.173305 max_q=0.204412 fraction_q_positive=1.000000 sampling_entropy=4.849796 uniform_entropy=4.852030 entropy_gap=0.002235 max_probability_over_uniform=1.161547 min_probability_over_uniform=0.811443
RG_SCORE round=200 layer=features.14 mean_q=0.184152 max_q=0.241369 fraction_q_positive=1.000000 sampling_entropy=5.542018 uniform_entropy=5.545177 entropy_gap=0.003160 max_probability_over_uniform=1.279633 min_probability_over_uniform=0.837966
RG_SCORE round=200 layer=features.17 mean_q=0.176466 max_q=0.215381 fraction_q_positive=1.000000 sampling_entropy=5.541798 uniform_entropy=5.545177 entropy_gap=0.003380 max_probability_over_uniform=1.198473 min_probability_over_uniform=0.764292
RG_SCORE round=200 layer=features.20 mean_q=0.174223 max_q=0.205214 fraction_q_positive=1.000000 sampling_entropy=5.543358 uniform_entropy=5.545177 entropy_gap=0.001820 max_probability_over_uniform=1.160090 min_probability_over_uniform=0.751931
RG_SCORE round=200 layer=features.24 mean_q=0.194287 max_q=0.257781 fraction_q_positive=1.000000 sampling_entropy=6.235334 uniform_entropy=6.238325 entropy_gap=0.002990 max_probability_over_uniform=1.294122 min_probability_over_uniform=0.771767
RG_SCORE round=200 layer=features.27 mean_q=0.185798 max_q=0.261862 fraction_q_positive=1.000000 sampling_entropy=6.234428 uniform_entropy=6.238325 entropy_gap=0.003897 max_probability_over_uniform=1.368453 min_probability_over_uniform=0.708350
RG_SCORE round=200 layer=features.30 mean_q=0.165841 max_q=0.218373 fraction_q_positive=1.000000 sampling_entropy=6.234160 uniform_entropy=6.238325 entropy_gap=0.004164 max_probability_over_uniform=1.285087 min_probability_over_uniform=0.739782
RG_SCORE round=200 layer=features.34 mean_q=0.295296 max_q=0.436401 fraction_q_positive=1.000000 sampling_entropy=6.215808 uniform_entropy=6.238325 entropy_gap=0.022517 max_probability_over_uniform=1.430059 min_probability_over_uniform=0.110217
RG_SCORE round=200 layer=features.37 mean_q=0.234924 max_q=0.430750 fraction_q_positive=0.994141 sampling_entropy=6.184830 uniform_entropy=6.238325 entropy_gap=0.053495 max_probability_over_uniform=1.750218 min_probability_over_uniform=0.100000
RG_SCORE round=200 layer=features.40 mean_q=0.116630 max_q=0.372853 fraction_q_positive=0.945312 sampling_entropy=6.056796 uniform_entropy=6.238325 entropy_gap=0.181528 max_probability_over_uniform=2.977198 min_probability_over_uniform=0.100000
ROUND_ACCURACY method=FedPhoenixRG round=200 accuracy=55.610001
********************************************************************************
Round 200
ROUND_ACCURACY method=FedPhoenixRG round=201 accuracy=68.629997
********************************************************************************
Round 201
ROUND_ACCURACY method=FedPhoenixRG round=202 accuracy=72.139999
********************************************************************************
Round 202
ROUND_ACCURACY method=FedPhoenixRG round=203 accuracy=62.119999
********************************************************************************
Round 203
ROUND_ACCURACY method=FedPhoenixRG round=204 accuracy=72.970001
********************************************************************************
Round 204
ROUND_ACCURACY method=FedPhoenixRG round=205 accuracy=70.919998
********************************************************************************
Round 205
ROUND_ACCURACY method=FedPhoenixRG round=206 accuracy=75.720001
********************************************************************************
Round 206
ROUND_ACCURACY method=FedPhoenixRG round=207 accuracy=75.449997
********************************************************************************
Round 207
ROUND_ACCURACY method=FedPhoenixRG round=208 accuracy=72.620003
********************************************************************************
Round 208
ROUND_ACCURACY method=FedPhoenixRG round=209 accuracy=69.879997
********************************************************************************
Round 209
ROUND_ACCURACY method=FedPhoenixRG round=210 accuracy=73.790001
********************************************************************************
Round 210
ROUND_ACCURACY method=FedPhoenixRG round=211 accuracy=67.529999
********************************************************************************
Round 211
ROUND_ACCURACY method=FedPhoenixRG round=212 accuracy=78.070000
********************************************************************************
Round 212
ROUND_ACCURACY method=FedPhoenixRG round=213 accuracy=70.949997
********************************************************************************
Round 213
ROUND_ACCURACY method=FedPhoenixRG round=214 accuracy=75.620003
********************************************************************************
Round 214
ROUND_ACCURACY method=FedPhoenixRG round=215 accuracy=74.129997
********************************************************************************
Round 215
ROUND_ACCURACY method=FedPhoenixRG round=216 accuracy=73.040001
********************************************************************************
Round 216
ROUND_ACCURACY method=FedPhoenixRG round=217 accuracy=60.439999
********************************************************************************
Round 217
ROUND_ACCURACY method=FedPhoenixRG round=218 accuracy=77.980003
********************************************************************************
Round 218
ROUND_ACCURACY method=FedPhoenixRG round=219 accuracy=71.019997
********************************************************************************
Round 219
RG_SCORE round=220 layer=features.0 mean_q=0.146976 max_q=0.308319 fraction_q_positive=0.984375 sampling_entropy=4.056819 uniform_entropy=4.158883 entropy_gap=0.102064 max_probability_over_uniform=1.987972 min_probability_over_uniform=0.100000
RG_SCORE round=220 layer=features.3 mean_q=0.187138 max_q=0.242316 fraction_q_positive=1.000000 sampling_entropy=4.152517 uniform_entropy=4.158883 entropy_gap=0.006366 max_probability_over_uniform=1.265368 min_probability_over_uniform=0.737915
RG_SCORE round=220 layer=features.7 mean_q=0.183719 max_q=0.232363 fraction_q_positive=1.000000 sampling_entropy=4.847891 uniform_entropy=4.852030 entropy_gap=0.004139 max_probability_over_uniform=1.238299 min_probability_over_uniform=0.726040
RG_SCORE round=220 layer=features.10 mean_q=0.165271 max_q=0.199651 fraction_q_positive=1.000000 sampling_entropy=4.849684 uniform_entropy=4.852030 entropy_gap=0.002347 max_probability_over_uniform=1.187218 min_probability_over_uniform=0.830036
RG_SCORE round=220 layer=features.14 mean_q=0.175553 max_q=0.231562 fraction_q_positive=1.000000 sampling_entropy=5.541282 uniform_entropy=5.545177 entropy_gap=0.003896 max_probability_over_uniform=1.287137 min_probability_over_uniform=0.763334
RG_SCORE round=220 layer=features.17 mean_q=0.169613 max_q=0.211001 fraction_q_positive=1.000000 sampling_entropy=5.541457 uniform_entropy=5.545177 entropy_gap=0.003720 max_probability_over_uniform=1.219615 min_probability_over_uniform=0.724295
RG_SCORE round=220 layer=features.20 mean_q=0.167791 max_q=0.204071 fraction_q_positive=1.000000 sampling_entropy=5.542120 uniform_entropy=5.545177 entropy_gap=0.003057 max_probability_over_uniform=1.194598 min_probability_over_uniform=0.746287
RG_SCORE round=220 layer=features.24 mean_q=0.183855 max_q=0.231430 fraction_q_positive=1.000000 sampling_entropy=6.233372 uniform_entropy=6.238325 entropy_gap=0.004953 max_probability_over_uniform=1.232885 min_probability_over_uniform=0.583454
RG_SCORE round=220 layer=features.27 mean_q=0.173357 max_q=0.233692 fraction_q_positive=1.000000 sampling_entropy=6.232371 uniform_entropy=6.238325 entropy_gap=0.005954 max_probability_over_uniform=1.313238 min_probability_over_uniform=0.529869
RG_SCORE round=220 layer=features.30 mean_q=0.151848 max_q=0.201719 fraction_q_positive=1.000000 sampling_entropy=6.228338 uniform_entropy=6.238325 entropy_gap=0.009987 max_probability_over_uniform=1.295583 min_probability_over_uniform=0.231295
RG_SCORE round=220 layer=features.34 mean_q=0.283120 max_q=0.445846 fraction_q_positive=1.000000 sampling_entropy=6.209221 uniform_entropy=6.238325 entropy_gap=0.029104 max_probability_over_uniform=1.517285 min_probability_over_uniform=0.188090
RG_SCORE round=220 layer=features.37 mean_q=0.259084 max_q=0.527066 fraction_q_positive=0.988281 sampling_entropy=6.178582 uniform_entropy=6.238325 entropy_gap=0.059743 max_probability_over_uniform=1.930913 min_probability_over_uniform=0.100000
RG_SCORE round=220 layer=features.40 mean_q=0.149323 max_q=0.492439 fraction_q_positive=0.916016 sampling_entropy=6.031664 uniform_entropy=6.238325 entropy_gap=0.206661 max_probability_over_uniform=3.068024 min_probability_over_uniform=0.100000
ROUND_ACCURACY method=FedPhoenixRG round=220 accuracy=70.839996
********************************************************************************
Round 220
ROUND_ACCURACY method=FedPhoenixRG round=221 accuracy=72.599998
********************************************************************************
Round 221
ROUND_ACCURACY method=FedPhoenixRG round=222 accuracy=67.959999
********************************************************************************
Round 222
ROUND_ACCURACY method=FedPhoenixRG round=223 accuracy=75.989998
********************************************************************************
Round 223
ROUND_ACCURACY method=FedPhoenixRG round=224 accuracy=75.169998
********************************************************************************
Round 224
ROUND_ACCURACY method=FedPhoenixRG round=225 accuracy=75.279999
********************************************************************************
Round 225
ROUND_ACCURACY method=FedPhoenixRG round=226 accuracy=63.320000
********************************************************************************
Round 226
ROUND_ACCURACY method=FedPhoenixRG round=227 accuracy=72.510002
********************************************************************************
Round 227
ROUND_ACCURACY method=FedPhoenixRG round=228 accuracy=69.160004
********************************************************************************
Round 228
ROUND_ACCURACY method=FedPhoenixRG round=229 accuracy=64.349998
********************************************************************************
Round 229
ROUND_ACCURACY method=FedPhoenixRG round=230 accuracy=77.190002
********************************************************************************
Round 230
ROUND_ACCURACY method=FedPhoenixRG round=231 accuracy=75.849998
********************************************************************************
Round 231
ROUND_ACCURACY method=FedPhoenixRG round=232 accuracy=75.910004
********************************************************************************
Round 232
ROUND_ACCURACY method=FedPhoenixRG round=233 accuracy=70.160004
********************************************************************************
Round 233
ROUND_ACCURACY method=FedPhoenixRG round=234 accuracy=66.529999
********************************************************************************
Round 234
ROUND_ACCURACY method=FedPhoenixRG round=235 accuracy=64.980003
********************************************************************************
Round 235
ROUND_ACCURACY method=FedPhoenixRG round=236 accuracy=76.720001
********************************************************************************
Round 236
ROUND_ACCURACY method=FedPhoenixRG round=237 accuracy=70.349998
********************************************************************************
Round 237
ROUND_ACCURACY method=FedPhoenixRG round=238 accuracy=70.410004
********************************************************************************
Round 238
ROUND_ACCURACY method=FedPhoenixRG round=239 accuracy=75.190002
********************************************************************************
Round 239
RG_SCORE round=240 layer=features.0 mean_q=0.137690 max_q=0.381776 fraction_q_positive=0.953125 sampling_entropy=3.961786 uniform_entropy=4.158883 entropy_gap=0.197097 max_probability_over_uniform=2.595445 min_probability_over_uniform=0.100000
RG_SCORE round=240 layer=features.3 mean_q=0.168231 max_q=0.222781 fraction_q_positive=1.000000 sampling_entropy=4.148648 uniform_entropy=4.158883 entropy_gap=0.010235 max_probability_over_uniform=1.291831 min_probability_over_uniform=0.691919
RG_SCORE round=240 layer=features.7 mean_q=0.178498 max_q=0.232318 fraction_q_positive=1.000000 sampling_entropy=4.847274 uniform_entropy=4.852030 entropy_gap=0.004756 max_probability_over_uniform=1.271361 min_probability_over_uniform=0.744040
RG_SCORE round=240 layer=features.10 mean_q=0.167241 max_q=0.204763 fraction_q_positive=1.000000 sampling_entropy=4.849277 uniform_entropy=4.852030 entropy_gap=0.002754 max_probability_over_uniform=1.201927 min_probability_over_uniform=0.820678
RG_SCORE round=240 layer=features.14 mean_q=0.174779 max_q=0.229810 fraction_q_positive=1.000000 sampling_entropy=5.541106 uniform_entropy=5.545177 entropy_gap=0.004072 max_probability_over_uniform=1.283375 min_probability_over_uniform=0.780855
RG_SCORE round=240 layer=features.17 mean_q=0.167613 max_q=0.212366 fraction_q_positive=1.000000 sampling_entropy=5.540989 uniform_entropy=5.545177 entropy_gap=0.004188 max_probability_over_uniform=1.240299 min_probability_over_uniform=0.783194
RG_SCORE round=240 layer=features.20 mean_q=0.164916 max_q=0.192179 fraction_q_positive=1.000000 sampling_entropy=5.543176 uniform_entropy=5.545177 entropy_gap=0.002002 max_probability_over_uniform=1.148782 min_probability_over_uniform=0.839687
RG_SCORE round=240 layer=features.24 mean_q=0.183522 max_q=0.239145 fraction_q_positive=1.000000 sampling_entropy=6.234583 uniform_entropy=6.238325 entropy_gap=0.003742 max_probability_over_uniform=1.272779 min_probability_over_uniform=0.695269
RG_SCORE round=240 layer=features.27 mean_q=0.176087 max_q=0.243888 fraction_q_positive=1.000000 sampling_entropy=6.233983 uniform_entropy=6.238325 entropy_gap=0.004341 max_probability_over_uniform=1.346538 min_probability_over_uniform=0.485988
RG_SCORE round=240 layer=features.30 mean_q=0.156658 max_q=0.218165 fraction_q_positive=1.000000 sampling_entropy=6.233558 uniform_entropy=6.238325 entropy_gap=0.004766 max_probability_over_uniform=1.353353 min_probability_over_uniform=0.641081
RG_SCORE round=240 layer=features.34 mean_q=0.275974 max_q=0.431673 fraction_q_positive=0.988281 sampling_entropy=6.194856 uniform_entropy=6.238325 entropy_gap=0.043469 max_probability_over_uniform=1.507761 min_probability_over_uniform=0.100000
RG_SCORE round=240 layer=features.37 mean_q=0.241086 max_q=0.485623 fraction_q_positive=0.970703 sampling_entropy=6.143822 uniform_entropy=6.238325 entropy_gap=0.094503 max_probability_over_uniform=1.912881 min_probability_over_uniform=0.100000
RG_SCORE round=240 layer=features.40 mean_q=0.131608 max_q=0.422540 fraction_q_positive=0.847656 sampling_entropy=5.964461 uniform_entropy=6.238325 entropy_gap=0.273863 max_probability_over_uniform=2.989545 min_probability_over_uniform=0.100000
ROUND_ACCURACY method=FedPhoenixRG round=240 accuracy=65.989998
********************************************************************************
Round 240
ROUND_ACCURACY method=FedPhoenixRG round=241 accuracy=74.129997
********************************************************************************
Round 241
ROUND_ACCURACY method=FedPhoenixRG round=242 accuracy=75.190002
********************************************************************************
Round 242
ROUND_ACCURACY method=FedPhoenixRG round=243 accuracy=73.099998
********************************************************************************
Round 243
ROUND_ACCURACY method=FedPhoenixRG round=244 accuracy=73.279999
********************************************************************************
Round 244
ROUND_ACCURACY method=FedPhoenixRG round=245 accuracy=75.570000
********************************************************************************
Round 245
ROUND_ACCURACY method=FedPhoenixRG round=246 accuracy=74.849998
********************************************************************************
Round 246
ROUND_ACCURACY method=FedPhoenixRG round=247 accuracy=53.360001
********************************************************************************
Round 247
ROUND_ACCURACY method=FedPhoenixRG round=248 accuracy=73.080002
********************************************************************************
Round 248
ROUND_ACCURACY method=FedPhoenixRG round=249 accuracy=69.110001
********************************************************************************
Round 249
ROUND_ACCURACY method=FedPhoenixRG round=250 accuracy=72.779999
********************************************************************************
Round 250
ROUND_ACCURACY method=FedPhoenixRG round=251 accuracy=77.070000
********************************************************************************
Round 251
ROUND_ACCURACY method=FedPhoenixRG round=252 accuracy=74.150002
********************************************************************************
Round 252
ROUND_ACCURACY method=FedPhoenixRG round=253 accuracy=67.959999
********************************************************************************
Round 253
ROUND_ACCURACY method=FedPhoenixRG round=254 accuracy=68.370003
********************************************************************************
Round 254
ROUND_ACCURACY method=FedPhoenixRG round=255 accuracy=77.690002
********************************************************************************
Round 255
ROUND_ACCURACY method=FedPhoenixRG round=256 accuracy=68.730003
********************************************************************************
Round 256
ROUND_ACCURACY method=FedPhoenixRG round=257 accuracy=76.930000
********************************************************************************
Round 257
ROUND_ACCURACY method=FedPhoenixRG round=258 accuracy=72.739998
********************************************************************************
Round 258
ROUND_ACCURACY method=FedPhoenixRG round=259 accuracy=75.330002
********************************************************************************
Round 259
RG_SCORE round=260 layer=features.0 mean_q=0.156646 max_q=0.332555 fraction_q_positive=0.968750 sampling_entropy=4.060571 uniform_entropy=4.158883 entropy_gap=0.098312 max_probability_over_uniform=2.010671 min_probability_over_uniform=0.100000
RG_SCORE round=260 layer=features.3 mean_q=0.187678 max_q=0.238167 fraction_q_positive=1.000000 sampling_entropy=4.154856 uniform_entropy=4.158883 entropy_gap=0.004027 max_probability_over_uniform=1.242116 min_probability_over_uniform=0.830354
RG_SCORE round=260 layer=features.7 mean_q=0.193586 max_q=0.255416 fraction_q_positive=1.000000 sampling_entropy=4.848192 uniform_entropy=4.852030 entropy_gap=0.003838 max_probability_over_uniform=1.287455 min_probability_over_uniform=0.811910
RG_SCORE round=260 layer=features.10 mean_q=0.182551 max_q=0.211864 fraction_q_positive=1.000000 sampling_entropy=4.850122 uniform_entropy=4.852030 entropy_gap=0.001908 max_probability_over_uniform=1.144517 min_probability_over_uniform=0.837841
RG_SCORE round=260 layer=features.14 mean_q=0.183645 max_q=0.222768 fraction_q_positive=1.000000 sampling_entropy=5.542111 uniform_entropy=5.545177 entropy_gap=0.003066 max_probability_over_uniform=1.191728 min_probability_over_uniform=0.807748
RG_SCORE round=260 layer=features.17 mean_q=0.175003 max_q=0.216902 fraction_q_positive=1.000000 sampling_entropy=5.541845 uniform_entropy=5.545177 entropy_gap=0.003332 max_probability_over_uniform=1.215477 min_probability_over_uniform=0.793300
RG_SCORE round=260 layer=features.20 mean_q=0.171570 max_q=0.215298 fraction_q_positive=1.000000 sampling_entropy=5.543549 uniform_entropy=5.545177 entropy_gap=0.001629 max_probability_over_uniform=1.229379 min_probability_over_uniform=0.856500
RG_SCORE round=260 layer=features.24 mean_q=0.192939 max_q=0.252173 fraction_q_positive=1.000000 sampling_entropy=6.235896 uniform_entropy=6.238325 entropy_gap=0.002429 max_probability_over_uniform=1.276305 min_probability_over_uniform=0.795437
RG_SCORE round=260 layer=features.27 mean_q=0.191806 max_q=0.246113 fraction_q_positive=1.000000 sampling_entropy=6.235355 uniform_entropy=6.238325 entropy_gap=0.002969 max_probability_over_uniform=1.254821 min_probability_over_uniform=0.793382
RG_SCORE round=260 layer=features.30 mean_q=0.171944 max_q=0.235445 fraction_q_positive=1.000000 sampling_entropy=6.235199 uniform_entropy=6.238325 entropy_gap=0.003126 max_probability_over_uniform=1.332382 min_probability_over_uniform=0.804916
RG_SCORE round=260 layer=features.34 mean_q=0.348671 max_q=0.468059 fraction_q_positive=1.000000 sampling_entropy=6.233004 uniform_entropy=6.238325 entropy_gap=0.005321 max_probability_over_uniform=1.308168 min_probability_over_uniform=0.428867
RG_SCORE round=260 layer=features.37 mean_q=0.396335 max_q=0.533330 fraction_q_positive=1.000000 sampling_entropy=6.231292 uniform_entropy=6.238325 entropy_gap=0.007033 max_probability_over_uniform=1.311090 min_probability_over_uniform=0.328306
RG_SCORE round=260 layer=features.40 mean_q=0.313220 max_q=0.598037 fraction_q_positive=0.996094 sampling_entropy=6.177515 uniform_entropy=6.238325 entropy_gap=0.060809 max_probability_over_uniform=1.818391 min_probability_over_uniform=0.100000
ROUND_ACCURACY method=FedPhoenixRG round=260 accuracy=76.139999
********************************************************************************
Round 260
ROUND_ACCURACY method=FedPhoenixRG round=261 accuracy=74.489998
********************************************************************************
Round 261
ROUND_ACCURACY method=FedPhoenixRG round=262 accuracy=75.110001
********************************************************************************
Round 262
ROUND_ACCURACY method=FedPhoenixRG round=263 accuracy=68.180000
********************************************************************************
Round 263
ROUND_ACCURACY method=FedPhoenixRG round=264 accuracy=70.459999
********************************************************************************
Round 264
ROUND_ACCURACY method=FedPhoenixRG round=265 accuracy=73.720001
********************************************************************************
Round 265
ROUND_ACCURACY method=FedPhoenixRG round=266 accuracy=75.330002
********************************************************************************
Round 266
ROUND_ACCURACY method=FedPhoenixRG round=267 accuracy=70.370003
********************************************************************************
Round 267
ROUND_ACCURACY method=FedPhoenixRG round=268 accuracy=57.099998
********************************************************************************
Round 268
ROUND_ACCURACY method=FedPhoenixRG round=269 accuracy=74.050003
********************************************************************************
Round 269
ROUND_ACCURACY method=FedPhoenixRG round=270 accuracy=66.150002
********************************************************************************
Round 270
ROUND_ACCURACY method=FedPhoenixRG round=271 accuracy=67.040001
********************************************************************************
Round 271
ROUND_ACCURACY method=FedPhoenixRG round=272 accuracy=59.919998
********************************************************************************
Round 272
ROUND_ACCURACY method=FedPhoenixRG round=273 accuracy=65.699997
********************************************************************************
Round 273
ROUND_ACCURACY method=FedPhoenixRG round=274 accuracy=51.130001
********************************************************************************
Round 274
ROUND_ACCURACY method=FedPhoenixRG round=275 accuracy=75.790001
********************************************************************************
Round 275
ROUND_ACCURACY method=FedPhoenixRG round=276 accuracy=67.330002
********************************************************************************
Round 276
ROUND_ACCURACY method=FedPhoenixRG round=277 accuracy=77.290001
********************************************************************************
Round 277
ROUND_ACCURACY method=FedPhoenixRG round=278 accuracy=72.169998
********************************************************************************
Round 278
ROUND_ACCURACY method=FedPhoenixRG round=279 accuracy=76.900002
********************************************************************************
Round 279
RG_SCORE round=280 layer=features.0 mean_q=0.131350 max_q=0.266598 fraction_q_positive=0.937500 sampling_entropy=4.007838 uniform_entropy=4.158883 entropy_gap=0.151045 max_probability_over_uniform=1.926707 min_probability_over_uniform=0.100000
RG_SCORE round=280 layer=features.3 mean_q=0.157709 max_q=0.221723 fraction_q_positive=1.000000 sampling_entropy=4.149857 uniform_entropy=4.158883 entropy_gap=0.009026 max_probability_over_uniform=1.365310 min_probability_over_uniform=0.590137
RG_SCORE round=280 layer=features.7 mean_q=0.162461 max_q=0.221851 fraction_q_positive=1.000000 sampling_entropy=4.847288 uniform_entropy=4.852030 entropy_gap=0.004742 max_probability_over_uniform=1.329007 min_probability_over_uniform=0.804984
RG_SCORE round=280 layer=features.10 mean_q=0.158558 max_q=0.194848 fraction_q_positive=1.000000 sampling_entropy=4.849058 uniform_entropy=4.852030 entropy_gap=0.002973 max_probability_over_uniform=1.205982 min_probability_over_uniform=0.794874
RG_SCORE round=280 layer=features.14 mean_q=0.157932 max_q=0.205784 fraction_q_positive=1.000000 sampling_entropy=5.540972 uniform_entropy=5.545177 entropy_gap=0.004205 max_probability_over_uniform=1.272693 min_probability_over_uniform=0.751068
RG_SCORE round=280 layer=features.17 mean_q=0.151642 max_q=0.197257 fraction_q_positive=1.000000 sampling_entropy=5.541083 uniform_entropy=5.545177 entropy_gap=0.004095 max_probability_over_uniform=1.270732 min_probability_over_uniform=0.745539
RG_SCORE round=280 layer=features.20 mean_q=0.149292 max_q=0.187432 fraction_q_positive=1.000000 sampling_entropy=5.542054 uniform_entropy=5.545177 entropy_gap=0.003123 max_probability_over_uniform=1.229929 min_probability_over_uniform=0.742515
RG_SCORE round=280 layer=features.24 mean_q=0.164422 max_q=0.231527 fraction_q_positive=1.000000 sampling_entropy=6.230916 uniform_entropy=6.238325 entropy_gap=0.007408 max_probability_over_uniform=1.367319 min_probability_over_uniform=0.608430
RG_SCORE round=280 layer=features.27 mean_q=0.157296 max_q=0.250466 fraction_q_positive=1.000000 sampling_entropy=6.229524 uniform_entropy=6.238325 entropy_gap=0.008800 max_probability_over_uniform=1.533091 min_probability_over_uniform=0.575205
RG_SCORE round=280 layer=features.30 mean_q=0.136188 max_q=0.190527 fraction_q_positive=1.000000 sampling_entropy=6.228091 uniform_entropy=6.238325 entropy_gap=0.010234 max_probability_over_uniform=1.359101 min_probability_over_uniform=0.518645
RG_SCORE round=280 layer=features.34 mean_q=0.243810 max_q=0.382143 fraction_q_positive=1.000000 sampling_entropy=6.207616 uniform_entropy=6.238325 entropy_gap=0.030708 max_probability_over_uniform=1.510645 min_probability_over_uniform=0.130000
RG_SCORE round=280 layer=features.37 mean_q=0.219310 max_q=0.386582 fraction_q_positive=0.998047 sampling_entropy=6.198977 uniform_entropy=6.238325 entropy_gap=0.039347 max_probability_over_uniform=1.686444 min_probability_over_uniform=0.100000
RG_SCORE round=280 layer=features.40 mean_q=0.112950 max_q=0.337242 fraction_q_positive=0.964844 sampling_entropy=6.086294 uniform_entropy=6.238325 entropy_gap=0.152031 max_probability_over_uniform=2.787185 min_probability_over_uniform=0.100000
ROUND_ACCURACY method=FedPhoenixRG round=280 accuracy=76.419998
********************************************************************************
Round 280
ROUND_ACCURACY method=FedPhoenixRG round=281 accuracy=68.459999
********************************************************************************
Round 281
ROUND_ACCURACY method=FedPhoenixRG round=282 accuracy=63.270000
********************************************************************************
Round 282
ROUND_ACCURACY method=FedPhoenixRG round=283 accuracy=75.220001
********************************************************************************
Round 283
ROUND_ACCURACY method=FedPhoenixRG round=284 accuracy=77.709999
********************************************************************************
Round 284
ROUND_ACCURACY method=FedPhoenixRG round=285 accuracy=75.389999
********************************************************************************
Round 285
ROUND_ACCURACY method=FedPhoenixRG round=286 accuracy=57.160000
********************************************************************************
Round 286
ROUND_ACCURACY method=FedPhoenixRG round=287 accuracy=73.209999
********************************************************************************
Round 287
ROUND_ACCURACY method=FedPhoenixRG round=288 accuracy=69.720001
********************************************************************************
Round 288
ROUND_ACCURACY method=FedPhoenixRG round=289 accuracy=72.360001
********************************************************************************
Round 289
ROUND_ACCURACY method=FedPhoenixRG round=290 accuracy=78.349998
********************************************************************************
Round 290
ROUND_ACCURACY method=FedPhoenixRG round=291 accuracy=75.669998
********************************************************************************
Round 291
ROUND_ACCURACY method=FedPhoenixRG round=292 accuracy=68.970001
********************************************************************************
Round 292
ROUND_ACCURACY method=FedPhoenixRG round=293 accuracy=71.010002
********************************************************************************
Round 293
ROUND_ACCURACY method=FedPhoenixRG round=294 accuracy=74.059998
********************************************************************************
Round 294
ROUND_ACCURACY method=FedPhoenixRG round=295 accuracy=68.459999
********************************************************************************
Round 295
ROUND_ACCURACY method=FedPhoenixRG round=296 accuracy=75.550003
********************************************************************************
Round 296
ROUND_ACCURACY method=FedPhoenixRG round=297 accuracy=76.190002
********************************************************************************
Round 297
ROUND_ACCURACY method=FedPhoenixRG round=298 accuracy=69.260002
********************************************************************************
Round 298
ROUND_ACCURACY method=FedPhoenixRG round=299 accuracy=73.000000
********************************************************************************
Round 299
RG_SCORE round=300 layer=features.0 mean_q=0.132652 max_q=0.506876 fraction_q_positive=0.890625 sampling_entropy=3.936164 uniform_entropy=4.158883 entropy_gap=0.222719 max_probability_over_uniform=3.538986 min_probability_over_uniform=0.100000
RG_SCORE round=300 layer=features.3 mean_q=0.155626 max_q=0.251657 fraction_q_positive=1.000000 sampling_entropy=4.138183 uniform_entropy=4.158883 entropy_gap=0.020700 max_probability_over_uniform=1.555361 min_probability_over_uniform=0.469693
RG_SCORE round=300 layer=features.7 mean_q=0.160975 max_q=0.249455 fraction_q_positive=1.000000 sampling_entropy=4.836989 uniform_entropy=4.852030 entropy_gap=0.015041 max_probability_over_uniform=1.494688 min_probability_over_uniform=0.595023
RG_SCORE round=300 layer=features.10 mean_q=0.151851 max_q=0.198608 fraction_q_positive=1.000000 sampling_entropy=4.844166 uniform_entropy=4.852030 entropy_gap=0.007864 max_probability_over_uniform=1.277125 min_probability_over_uniform=0.613747
RG_SCORE round=300 layer=features.14 mean_q=0.152678 max_q=0.217558 fraction_q_positive=1.000000 sampling_entropy=5.537139 uniform_entropy=5.545177 entropy_gap=0.008039 max_probability_over_uniform=1.382447 min_probability_over_uniform=0.677579
RG_SCORE round=300 layer=features.17 mean_q=0.149544 max_q=0.206315 fraction_q_positive=1.000000 sampling_entropy=5.538465 uniform_entropy=5.545177 entropy_gap=0.006713 max_probability_over_uniform=1.341663 min_probability_over_uniform=0.650764
RG_SCORE round=300 layer=features.20 mean_q=0.148645 max_q=0.183639 fraction_q_positive=1.000000 sampling_entropy=5.541925 uniform_entropy=5.545177 entropy_gap=0.003252 max_probability_over_uniform=1.211875 min_probability_over_uniform=0.769162
RG_SCORE round=300 layer=features.24 mean_q=0.168422 max_q=0.233560 fraction_q_positive=1.000000 sampling_entropy=6.233559 uniform_entropy=6.238325 entropy_gap=0.004765 max_probability_over_uniform=1.348083 min_probability_over_uniform=0.679821
RG_SCORE round=300 layer=features.27 mean_q=0.165029 max_q=0.239864 fraction_q_positive=1.000000 sampling_entropy=6.232800 uniform_entropy=6.238325 entropy_gap=0.005525 max_probability_over_uniform=1.408118 min_probability_over_uniform=0.621441
RG_SCORE round=300 layer=features.30 mean_q=0.143776 max_q=0.190986 fraction_q_positive=1.000000 sampling_entropy=6.232704 uniform_entropy=6.238325 entropy_gap=0.005621 max_probability_over_uniform=1.295517 min_probability_over_uniform=0.698756
RG_SCORE round=300 layer=features.34 mean_q=0.254471 max_q=0.405490 fraction_q_positive=1.000000 sampling_entropy=6.205494 uniform_entropy=6.238325 entropy_gap=0.032831 max_probability_over_uniform=1.534117 min_probability_over_uniform=0.185870
RG_SCORE round=300 layer=features.37 mean_q=0.215232 max_q=0.400634 fraction_q_positive=0.996094 sampling_entropy=6.185210 uniform_entropy=6.238325 entropy_gap=0.053114 max_probability_over_uniform=1.775262 min_probability_over_uniform=0.100000
RG_SCORE round=300 layer=features.40 mean_q=0.110541 max_q=0.325166 fraction_q_positive=0.931641 sampling_entropy=6.042227 uniform_entropy=6.238325 entropy_gap=0.196098 max_probability_over_uniform=2.747424 min_probability_over_uniform=0.100000
ROUND_ACCURACY method=FedPhoenixRG round=300 accuracy=74.160004
********************************************************************************
Round 300
ROUND_ACCURACY method=FedPhoenixRG round=301 accuracy=77.709999
********************************************************************************
Round 301
ROUND_ACCURACY method=FedPhoenixRG round=302 accuracy=67.739998
********************************************************************************
Round 302
ROUND_ACCURACY method=FedPhoenixRG round=303 accuracy=76.739998
********************************************************************************
Round 303
ROUND_ACCURACY method=FedPhoenixRG round=304 accuracy=74.120003
********************************************************************************
Round 304
ROUND_ACCURACY method=FedPhoenixRG round=305 accuracy=77.089996
********************************************************************************
Round 305
ROUND_ACCURACY method=FedPhoenixRG round=306 accuracy=73.150002
********************************************************************************
Round 306
ROUND_ACCURACY method=FedPhoenixRG round=307 accuracy=74.089996
********************************************************************************
Round 307
ROUND_ACCURACY method=FedPhoenixRG round=308 accuracy=74.239998
********************************************************************************
Round 308
ROUND_ACCURACY method=FedPhoenixRG round=309 accuracy=76.540001
********************************************************************************
Round 309
ROUND_ACCURACY method=FedPhoenixRG round=310 accuracy=78.050003
********************************************************************************
Round 310
ROUND_ACCURACY method=FedPhoenixRG round=311 accuracy=74.629997
********************************************************************************
Round 311
ROUND_ACCURACY method=FedPhoenixRG round=312 accuracy=75.239998
********************************************************************************
Round 312
ROUND_ACCURACY method=FedPhoenixRG round=313 accuracy=70.660004
********************************************************************************
Round 313
ROUND_ACCURACY method=FedPhoenixRG round=314 accuracy=77.160004
********************************************************************************
Round 314
ROUND_ACCURACY method=FedPhoenixRG round=315 accuracy=70.230003
********************************************************************************
Round 315
ROUND_ACCURACY method=FedPhoenixRG round=316 accuracy=74.790001
********************************************************************************
Round 316
ROUND_ACCURACY method=FedPhoenixRG round=317 accuracy=72.260002
********************************************************************************
Round 317
ROUND_ACCURACY method=FedPhoenixRG round=318 accuracy=68.070000
********************************************************************************
Round 318
ROUND_ACCURACY method=FedPhoenixRG round=319 accuracy=58.529999
********************************************************************************
Round 319
RG_SCORE round=320 layer=features.0 mean_q=0.111710 max_q=0.300958 fraction_q_positive=0.875000 sampling_entropy=3.943937 uniform_entropy=4.158883 entropy_gap=0.214946 max_probability_over_uniform=2.524698 min_probability_over_uniform=0.100000
RG_SCORE round=320 layer=features.3 mean_q=0.143825 max_q=0.222332 fraction_q_positive=1.000000 sampling_entropy=4.128671 uniform_entropy=4.158883 entropy_gap=0.030212 max_probability_over_uniform=1.491267 min_probability_over_uniform=0.357876
RG_SCORE round=320 layer=features.7 mean_q=0.148666 max_q=0.246181 fraction_q_positive=1.000000 sampling_entropy=4.839325 uniform_entropy=4.852030 entropy_gap=0.012706 max_probability_over_uniform=1.590339 min_probability_over_uniform=0.601609
RG_SCORE round=320 layer=features.10 mean_q=0.137207 max_q=0.203721 fraction_q_positive=1.000000 sampling_entropy=4.845700 uniform_entropy=4.852030 entropy_gap=0.006330 max_probability_over_uniform=1.436295 min_probability_over_uniform=0.758898
RG_SCORE round=320 layer=features.14 mean_q=0.138368 max_q=0.231337 fraction_q_positive=1.000000 sampling_entropy=5.534990 uniform_entropy=5.545177 entropy_gap=0.010187 max_probability_over_uniform=1.604714 min_probability_over_uniform=0.696165
RG_SCORE round=320 layer=features.17 mean_q=0.126413 max_q=0.190258 fraction_q_positive=1.000000 sampling_entropy=5.533171 uniform_entropy=5.545177 entropy_gap=0.012006 max_probability_over_uniform=1.454539 min_probability_over_uniform=0.614265
RG_SCORE round=320 layer=features.20 mean_q=0.122458 max_q=0.170663 fraction_q_positive=1.000000 sampling_entropy=5.536322 uniform_entropy=5.545177 entropy_gap=0.008856 max_probability_over_uniform=1.354280 min_probability_over_uniform=0.667489
RG_SCORE round=320 layer=features.24 mean_q=0.138283 max_q=0.207906 fraction_q_positive=1.000000 sampling_entropy=6.222704 uniform_entropy=6.238325 entropy_gap=0.015620 max_probability_over_uniform=1.453136 min_probability_over_uniform=0.422111
RG_SCORE round=320 layer=features.27 mean_q=0.139921 max_q=0.213690 fraction_q_positive=1.000000 sampling_entropy=6.219003 uniform_entropy=6.238325 entropy_gap=0.019321 max_probability_over_uniform=1.474497 min_probability_over_uniform=0.323238
RG_SCORE round=320 layer=features.30 mean_q=0.124569 max_q=0.188147 fraction_q_positive=1.000000 sampling_entropy=6.220332 uniform_entropy=6.238325 entropy_gap=0.017993 max_probability_over_uniform=1.459344 min_probability_over_uniform=0.349959
RG_SCORE round=320 layer=features.34 mean_q=0.262510 max_q=0.462371 fraction_q_positive=0.992188 sampling_entropy=6.184364 uniform_entropy=6.238325 entropy_gap=0.053961 max_probability_over_uniform=1.685213 min_probability_over_uniform=0.100000
RG_SCORE round=320 layer=features.37 mean_q=0.252041 max_q=0.466666 fraction_q_positive=0.966797 sampling_entropy=6.152960 uniform_entropy=6.238325 entropy_gap=0.085365 max_probability_over_uniform=1.766389 min_probability_over_uniform=0.100000
RG_SCORE round=320 layer=features.40 mean_q=0.152671 max_q=0.505180 fraction_q_positive=0.833984 sampling_entropy=5.985077 uniform_entropy=6.238325 entropy_gap=0.253248 max_probability_over_uniform=3.078047 min_probability_over_uniform=0.100000
ROUND_ACCURACY method=FedPhoenixRG round=320 accuracy=75.040001
********************************************************************************
Round 320
ROUND_ACCURACY method=FedPhoenixRG round=321 accuracy=67.919998
********************************************************************************
Round 321
ROUND_ACCURACY method=FedPhoenixRG round=322 accuracy=72.669998
********************************************************************************
Round 322
ROUND_ACCURACY method=FedPhoenixRG round=323 accuracy=74.239998
********************************************************************************
Round 323
ROUND_ACCURACY method=FedPhoenixRG round=324 accuracy=72.279999
********************************************************************************
Round 324
ROUND_ACCURACY method=FedPhoenixRG round=325 accuracy=71.290001
********************************************************************************
Round 325
ROUND_ACCURACY method=FedPhoenixRG round=326 accuracy=69.980003
********************************************************************************
Round 326
ROUND_ACCURACY method=FedPhoenixRG round=327 accuracy=77.059998
********************************************************************************
Round 327
ROUND_ACCURACY method=FedPhoenixRG round=328 accuracy=75.279999
********************************************************************************
Round 328
ROUND_ACCURACY method=FedPhoenixRG round=329 accuracy=77.959999
********************************************************************************
Round 329
ROUND_ACCURACY method=FedPhoenixRG round=330 accuracy=75.419998
********************************************************************************
Round 330
ROUND_ACCURACY method=FedPhoenixRG round=331 accuracy=66.230003
********************************************************************************
Round 331
ROUND_ACCURACY method=FedPhoenixRG round=332 accuracy=74.019997
********************************************************************************
Round 332
ROUND_ACCURACY method=FedPhoenixRG round=333 accuracy=76.709999
********************************************************************************
Round 333
ROUND_ACCURACY method=FedPhoenixRG round=334 accuracy=75.199997
********************************************************************************
Round 334
ROUND_ACCURACY method=FedPhoenixRG round=335 accuracy=78.449997
********************************************************************************
Round 335
ROUND_ACCURACY method=FedPhoenixRG round=336 accuracy=76.680000
********************************************************************************
Round 336
ROUND_ACCURACY method=FedPhoenixRG round=337 accuracy=75.769997
********************************************************************************
Round 337
ROUND_ACCURACY method=FedPhoenixRG round=338 accuracy=79.089996
********************************************************************************
Round 338
ROUND_ACCURACY method=FedPhoenixRG round=339 accuracy=73.860001
********************************************************************************
Round 339
RG_SCORE round=340 layer=features.0 mean_q=0.136775 max_q=0.257790 fraction_q_positive=0.968750 sampling_entropy=4.059665 uniform_entropy=4.158883 entropy_gap=0.099218 max_probability_over_uniform=1.796299 min_probability_over_uniform=0.100000
RG_SCORE round=340 layer=features.3 mean_q=0.166644 max_q=0.209791 fraction_q_positive=1.000000 sampling_entropy=4.151658 uniform_entropy=4.158883 entropy_gap=0.007225 max_probability_over_uniform=1.233025 min_probability_over_uniform=0.686548
RG_SCORE round=340 layer=features.7 mean_q=0.179415 max_q=0.219339 fraction_q_positive=1.000000 sampling_entropy=4.848713 uniform_entropy=4.852030 entropy_gap=0.003318 max_probability_over_uniform=1.200269 min_probability_over_uniform=0.757197
RG_SCORE round=340 layer=features.10 mean_q=0.170679 max_q=0.201376 fraction_q_positive=1.000000 sampling_entropy=4.850220 uniform_entropy=4.852030 entropy_gap=0.001810 max_probability_over_uniform=1.161863 min_probability_over_uniform=0.864064
RG_SCORE round=340 layer=features.14 mean_q=0.174086 max_q=0.217679 fraction_q_positive=1.000000 sampling_entropy=5.541614 uniform_entropy=5.545177 entropy_gap=0.003564 max_probability_over_uniform=1.225373 min_probability_over_uniform=0.795019
RG_SCORE round=340 layer=features.17 mean_q=0.162566 max_q=0.199236 fraction_q_positive=1.000000 sampling_entropy=5.541858 uniform_entropy=5.545177 entropy_gap=0.003319 max_probability_over_uniform=1.203014 min_probability_over_uniform=0.790894
RG_SCORE round=340 layer=features.20 mean_q=0.158089 max_q=0.187641 fraction_q_positive=1.000000 sampling_entropy=5.543126 uniform_entropy=5.545177 entropy_gap=0.002051 max_probability_over_uniform=1.168236 min_probability_over_uniform=0.798728
RG_SCORE round=340 layer=features.24 mean_q=0.173048 max_q=0.245557 fraction_q_positive=1.000000 sampling_entropy=6.233483 uniform_entropy=6.238325 entropy_gap=0.004842 max_probability_over_uniform=1.377115 min_probability_over_uniform=0.719975
RG_SCORE round=340 layer=features.27 mean_q=0.164683 max_q=0.223280 fraction_q_positive=1.000000 sampling_entropy=6.231370 uniform_entropy=6.238325 entropy_gap=0.006955 max_probability_over_uniform=1.320237 min_probability_over_uniform=0.546216
RG_SCORE round=340 layer=features.30 mean_q=0.139404 max_q=0.198559 fraction_q_positive=1.000000 sampling_entropy=6.228415 uniform_entropy=6.238325 entropy_gap=0.009910 max_probability_over_uniform=1.381907 min_probability_over_uniform=0.370909
RG_SCORE round=340 layer=features.34 mean_q=0.241353 max_q=0.418033 fraction_q_positive=0.992188 sampling_entropy=6.192897 uniform_entropy=6.238325 entropy_gap=0.045428 max_probability_over_uniform=1.658835 min_probability_over_uniform=0.100000
RG_SCORE round=340 layer=features.37 mean_q=0.231249 max_q=0.403343 fraction_q_positive=0.996094 sampling_entropy=6.187286 uniform_entropy=6.238325 entropy_gap=0.051038 max_probability_over_uniform=1.669778 min_probability_over_uniform=0.100000
RG_SCORE round=340 layer=features.40 mean_q=0.135856 max_q=0.383207 fraction_q_positive=0.972656 sampling_entropy=6.103527 uniform_entropy=6.238325 entropy_gap=0.134797 max_probability_over_uniform=2.638624 min_probability_over_uniform=0.100000
ROUND_ACCURACY method=FedPhoenixRG round=340 accuracy=76.260002
********************************************************************************
Round 340
ROUND_ACCURACY method=FedPhoenixRG round=341 accuracy=63.639999
********************************************************************************
Round 341
ROUND_ACCURACY method=FedPhoenixRG round=342 accuracy=75.820000
********************************************************************************
Round 342
ROUND_ACCURACY method=FedPhoenixRG round=343 accuracy=64.139999
********************************************************************************
Round 343
ROUND_ACCURACY method=FedPhoenixRG round=344 accuracy=68.599998
********************************************************************************
Round 344
ROUND_ACCURACY method=FedPhoenixRG round=345 accuracy=75.400002
********************************************************************************
Round 345
ROUND_ACCURACY method=FedPhoenixRG round=346 accuracy=78.029999
********************************************************************************
Round 346
ROUND_ACCURACY method=FedPhoenixRG round=347 accuracy=68.320000
********************************************************************************
Round 347
ROUND_ACCURACY method=FedPhoenixRG round=348 accuracy=64.110001
********************************************************************************
Round 348
ROUND_ACCURACY method=FedPhoenixRG round=349 accuracy=79.260002
********************************************************************************
Round 349
ROUND_ACCURACY method=FedPhoenixRG round=350 accuracy=77.860001
********************************************************************************
Round 350
ROUND_ACCURACY method=FedPhoenixRG round=351 accuracy=75.930000
********************************************************************************
Round 351
ROUND_ACCURACY method=FedPhoenixRG round=352 accuracy=79.290001
********************************************************************************
Round 352
ROUND_ACCURACY method=FedPhoenixRG round=353 accuracy=71.570000
********************************************************************************
Round 353
ROUND_ACCURACY method=FedPhoenixRG round=354 accuracy=68.900002
********************************************************************************
Round 354
ROUND_ACCURACY method=FedPhoenixRG round=355 accuracy=70.910004
********************************************************************************
Round 355
ROUND_ACCURACY method=FedPhoenixRG round=356 accuracy=70.389999
********************************************************************************
Round 356
ROUND_ACCURACY method=FedPhoenixRG round=357 accuracy=77.809998
********************************************************************************
Round 357
ROUND_ACCURACY method=FedPhoenixRG round=358 accuracy=77.629997
********************************************************************************
Round 358
ROUND_ACCURACY method=FedPhoenixRG round=359 accuracy=71.199997
********************************************************************************
Round 359
RG_SCORE round=360 layer=features.0 mean_q=0.122337 max_q=0.339403 fraction_q_positive=0.890625 sampling_entropy=3.948872 uniform_entropy=4.158883 entropy_gap=0.210011 max_probability_over_uniform=2.596900 min_probability_over_uniform=0.100000
RG_SCORE round=360 layer=features.3 mean_q=0.152571 max_q=0.224987 fraction_q_positive=1.000000 sampling_entropy=4.136847 uniform_entropy=4.158883 entropy_gap=0.022036 max_probability_over_uniform=1.427174 min_probability_over_uniform=0.536371
RG_SCORE round=360 layer=features.7 mean_q=0.156505 max_q=0.229022 fraction_q_positive=1.000000 sampling_entropy=4.835812 uniform_entropy=4.852030 entropy_gap=0.016218 max_probability_over_uniform=1.417021 min_probability_over_uniform=0.303080
RG_SCORE round=360 layer=features.10 mean_q=0.148562 max_q=0.203527 fraction_q_positive=1.000000 sampling_entropy=4.845250 uniform_entropy=4.852030 entropy_gap=0.006780 max_probability_over_uniform=1.332977 min_probability_over_uniform=0.618651
RG_SCORE round=360 layer=features.14 mean_q=0.152153 max_q=0.205899 fraction_q_positive=1.000000 sampling_entropy=5.538070 uniform_entropy=5.545177 entropy_gap=0.007107 max_probability_over_uniform=1.317914 min_probability_over_uniform=0.683465
RG_SCORE round=360 layer=features.17 mean_q=0.138232 max_q=0.191435 fraction_q_positive=1.000000 sampling_entropy=5.536855 uniform_entropy=5.545177 entropy_gap=0.008323 max_probability_over_uniform=1.346394 min_probability_over_uniform=0.623491
RG_SCORE round=360 layer=features.20 mean_q=0.137172 max_q=0.169835 fraction_q_positive=1.000000 sampling_entropy=5.541404 uniform_entropy=5.545177 entropy_gap=0.003774 max_probability_over_uniform=1.214310 min_probability_over_uniform=0.655077
RG_SCORE round=360 layer=features.24 mean_q=0.160905 max_q=0.211297 fraction_q_positive=1.000000 sampling_entropy=6.231447 uniform_entropy=6.238325 entropy_gap=0.006878 max_probability_over_uniform=1.281862 min_probability_over_uniform=0.499465
RG_SCORE round=360 layer=features.27 mean_q=0.160338 max_q=0.212589 fraction_q_positive=1.000000 sampling_entropy=6.231531 uniform_entropy=6.238325 entropy_gap=0.006794 max_probability_over_uniform=1.293290 min_probability_over_uniform=0.589474
RG_SCORE round=360 layer=features.30 mean_q=0.140497 max_q=0.194076 fraction_q_positive=1.000000 sampling_entropy=6.231130 uniform_entropy=6.238325 entropy_gap=0.007195 max_probability_over_uniform=1.343221 min_probability_over_uniform=0.606172
RG_SCORE round=360 layer=features.34 mean_q=0.275830 max_q=0.416445 fraction_q_positive=1.000000 sampling_entropy=6.212323 uniform_entropy=6.238325 entropy_gap=0.026002 max_probability_over_uniform=1.458810 min_probability_over_uniform=0.197622
RG_SCORE round=360 layer=features.37 mean_q=0.322342 max_q=0.454107 fraction_q_positive=1.000000 sampling_entropy=6.223973 uniform_entropy=6.238325 entropy_gap=0.014352 max_probability_over_uniform=1.367894 min_probability_over_uniform=0.410276
RG_SCORE round=360 layer=features.40 mean_q=0.239234 max_q=0.469135 fraction_q_positive=0.996094 sampling_entropy=6.172132 uniform_entropy=6.238325 entropy_gap=0.066193 max_probability_over_uniform=1.864892 min_probability_over_uniform=0.100000
ROUND_ACCURACY method=FedPhoenixRG round=360 accuracy=73.059998
********************************************************************************
Round 360
ROUND_ACCURACY method=FedPhoenixRG round=361 accuracy=71.040001
********************************************************************************
Round 361
ROUND_ACCURACY method=FedPhoenixRG round=362 accuracy=63.639999
********************************************************************************
Round 362
ROUND_ACCURACY method=FedPhoenixRG round=363 accuracy=64.470001
********************************************************************************
Round 363
ROUND_ACCURACY method=FedPhoenixRG round=364 accuracy=65.110001
********************************************************************************
Round 364
ROUND_ACCURACY method=FedPhoenixRG round=365 accuracy=66.629997
********************************************************************************
Round 365
ROUND_ACCURACY method=FedPhoenixRG round=366 accuracy=74.989998
********************************************************************************
Round 366
ROUND_ACCURACY method=FedPhoenixRG round=367 accuracy=73.059998
********************************************************************************
Round 367
ROUND_ACCURACY method=FedPhoenixRG round=368 accuracy=74.500000
********************************************************************************
Round 368
ROUND_ACCURACY method=FedPhoenixRG round=369 accuracy=75.760002
********************************************************************************
Round 369
ROUND_ACCURACY method=FedPhoenixRG round=370 accuracy=65.910004
********************************************************************************
Round 370
ROUND_ACCURACY method=FedPhoenixRG round=371 accuracy=77.230003
********************************************************************************
Round 371
ROUND_ACCURACY method=FedPhoenixRG round=372 accuracy=67.800003
********************************************************************************
Round 372
ROUND_ACCURACY method=FedPhoenixRG round=373 accuracy=68.139999
********************************************************************************
Round 373
ROUND_ACCURACY method=FedPhoenixRG round=374 accuracy=77.459999
********************************************************************************
Round 374
ROUND_ACCURACY method=FedPhoenixRG round=375 accuracy=73.120003
********************************************************************************
Round 375
ROUND_ACCURACY method=FedPhoenixRG round=376 accuracy=76.029999
********************************************************************************
Round 376
ROUND_ACCURACY method=FedPhoenixRG round=377 accuracy=60.080002
********************************************************************************
Round 377
ROUND_ACCURACY method=FedPhoenixRG round=378 accuracy=74.510002
********************************************************************************
Round 378
ROUND_ACCURACY method=FedPhoenixRG round=379 accuracy=77.760002
********************************************************************************
Round 379
RG_SCORE round=380 layer=features.0 mean_q=0.124229 max_q=0.293520 fraction_q_positive=0.968750 sampling_entropy=3.995991 uniform_entropy=4.158883 entropy_gap=0.162892 max_probability_over_uniform=2.226460 min_probability_over_uniform=0.100000
RG_SCORE round=380 layer=features.3 mean_q=0.143437 max_q=0.193756 fraction_q_positive=1.000000 sampling_entropy=4.148041 uniform_entropy=4.158883 entropy_gap=0.010842 max_probability_over_uniform=1.315727 min_probability_over_uniform=0.645188
RG_SCORE round=380 layer=features.7 mean_q=0.153870 max_q=0.207885 fraction_q_positive=1.000000 sampling_entropy=4.844365 uniform_entropy=4.852030 entropy_gap=0.007665 max_probability_over_uniform=1.315943 min_probability_over_uniform=0.716709
RG_SCORE round=380 layer=features.10 mean_q=0.146788 max_q=0.178833 fraction_q_positive=1.000000 sampling_entropy=4.849227 uniform_entropy=4.852030 entropy_gap=0.002803 max_probability_over_uniform=1.196482 min_probability_over_uniform=0.818090
RG_SCORE round=380 layer=features.14 mean_q=0.147894 max_q=0.191235 fraction_q_positive=1.000000 sampling_entropy=5.540213 uniform_entropy=5.545177 entropy_gap=0.004964 max_probability_over_uniform=1.263751 min_probability_over_uniform=0.699291
RG_SCORE round=380 layer=features.17 mean_q=0.134328 max_q=0.182202 fraction_q_positive=1.000000 sampling_entropy=5.539464 uniform_entropy=5.545177 entropy_gap=0.005714 max_probability_over_uniform=1.320754 min_probability_over_uniform=0.644320
RG_SCORE round=380 layer=features.20 mean_q=0.132632 max_q=0.167913 fraction_q_positive=1.000000 sampling_entropy=5.541084 uniform_entropy=5.545177 entropy_gap=0.004093 max_probability_over_uniform=1.239401 min_probability_over_uniform=0.643756
RG_SCORE round=380 layer=features.24 mean_q=0.151129 max_q=0.203507 fraction_q_positive=1.000000 sampling_entropy=6.232693 uniform_entropy=6.238325 entropy_gap=0.005632 max_probability_over_uniform=1.311923 min_probability_over_uniform=0.701644
RG_SCORE round=380 layer=features.27 mean_q=0.151877 max_q=0.211643 fraction_q_positive=1.000000 sampling_entropy=6.232263 uniform_entropy=6.238325 entropy_gap=0.006062 max_probability_over_uniform=1.354164 min_probability_over_uniform=0.687991
RG_SCORE round=380 layer=features.30 mean_q=0.138064 max_q=0.177791 fraction_q_positive=1.000000 sampling_entropy=6.233249 uniform_entropy=6.238325 entropy_gap=0.005075 max_probability_over_uniform=1.258968 min_probability_over_uniform=0.739948
RG_SCORE round=380 layer=features.34 mean_q=0.274270 max_q=0.420418 fraction_q_positive=1.000000 sampling_entropy=6.225821 uniform_entropy=6.238325 entropy_gap=0.012504 max_probability_over_uniform=1.479576 min_probability_over_uniform=0.540178
RG_SCORE round=380 layer=features.37 mean_q=0.297618 max_q=0.450716 fraction_q_positive=1.000000 sampling_entropy=6.225425 uniform_entropy=6.238325 entropy_gap=0.012900 max_probability_over_uniform=1.462968 min_probability_over_uniform=0.187767
RG_SCORE round=380 layer=features.40 mean_q=0.235222 max_q=0.476681 fraction_q_positive=0.998047 sampling_entropy=6.177541 uniform_entropy=6.238325 entropy_gap=0.060783 max_probability_over_uniform=1.923863 min_probability_over_uniform=0.100000
ROUND_ACCURACY method=FedPhoenixRG round=380 accuracy=79.919998
********************************************************************************
Round 380
ROUND_ACCURACY method=FedPhoenixRG round=381 accuracy=69.220001
********************************************************************************
Round 381
ROUND_ACCURACY method=FedPhoenixRG round=382 accuracy=74.260002
********************************************************************************
Round 382
ROUND_ACCURACY method=FedPhoenixRG round=383 accuracy=64.860001
********************************************************************************
Round 383
ROUND_ACCURACY method=FedPhoenixRG round=384 accuracy=73.470001
********************************************************************************
Round 384
ROUND_ACCURACY method=FedPhoenixRG round=385 accuracy=73.570000
********************************************************************************
Round 385
ROUND_ACCURACY method=FedPhoenixRG round=386 accuracy=77.660004
********************************************************************************
Round 386
ROUND_ACCURACY method=FedPhoenixRG round=387 accuracy=78.500000
********************************************************************************
Round 387
ROUND_ACCURACY method=FedPhoenixRG round=388 accuracy=75.129997
********************************************************************************
Round 388
ROUND_ACCURACY method=FedPhoenixRG round=389 accuracy=79.269997
********************************************************************************
Round 389
ROUND_ACCURACY method=FedPhoenixRG round=390 accuracy=70.690002
********************************************************************************
Round 390
ROUND_ACCURACY method=FedPhoenixRG round=391 accuracy=73.489998
********************************************************************************
Round 391
ROUND_ACCURACY method=FedPhoenixRG round=392 accuracy=69.059998
********************************************************************************
Round 392
ROUND_ACCURACY method=FedPhoenixRG round=393 accuracy=78.680000
********************************************************************************
Round 393
ROUND_ACCURACY method=FedPhoenixRG round=394 accuracy=70.919998
********************************************************************************
Round 394
ROUND_ACCURACY method=FedPhoenixRG round=395 accuracy=69.570000
********************************************************************************
Round 395
ROUND_ACCURACY method=FedPhoenixRG round=396 accuracy=64.349998
********************************************************************************
Round 396
ROUND_ACCURACY method=FedPhoenixRG round=397 accuracy=79.459999
********************************************************************************
Round 397
ROUND_ACCURACY method=FedPhoenixRG round=398 accuracy=72.050003
********************************************************************************
Round 398
ROUND_ACCURACY method=FedPhoenixRG round=399 accuracy=72.010002
********************************************************************************
Round 399
RG_SCORE round=400 layer=features.0 mean_q=0.110976 max_q=0.282421 fraction_q_positive=0.906250 sampling_entropy=3.949891 uniform_entropy=4.158883 entropy_gap=0.208992 max_probability_over_uniform=2.390404 min_probability_over_uniform=0.100000
RG_SCORE round=400 layer=features.3 mean_q=0.132717 max_q=0.183200 fraction_q_positive=1.000000 sampling_entropy=4.149161 uniform_entropy=4.158883 entropy_gap=0.009722 max_probability_over_uniform=1.342339 min_probability_over_uniform=0.572194
RG_SCORE round=400 layer=features.7 mean_q=0.139643 max_q=0.177632 fraction_q_positive=1.000000 sampling_entropy=4.846714 uniform_entropy=4.852030 entropy_gap=0.005316 max_probability_over_uniform=1.244837 min_probability_over_uniform=0.763650
RG_SCORE round=400 layer=features.10 mean_q=0.135386 max_q=0.162569 fraction_q_positive=1.000000 sampling_entropy=4.849493 uniform_entropy=4.852030 entropy_gap=0.002538 max_probability_over_uniform=1.180702 min_probability_over_uniform=0.724599
RG_SCORE round=400 layer=features.14 mean_q=0.138323 max_q=0.180896 fraction_q_positive=1.000000 sampling_entropy=5.541102 uniform_entropy=5.545177 entropy_gap=0.004076 max_probability_over_uniform=1.276998 min_probability_over_uniform=0.777996
RG_SCORE round=400 layer=features.17 mean_q=0.131227 max_q=0.172307 fraction_q_positive=1.000000 sampling_entropy=5.541077 uniform_entropy=5.545177 entropy_gap=0.004101 max_probability_over_uniform=1.281735 min_probability_over_uniform=0.777097
RG_SCORE round=400 layer=features.20 mean_q=0.125090 max_q=0.152136 fraction_q_positive=1.000000 sampling_entropy=5.542442 uniform_entropy=5.545177 entropy_gap=0.002736 max_probability_over_uniform=1.194589 min_probability_over_uniform=0.807170
RG_SCORE round=400 layer=features.24 mean_q=0.143501 max_q=0.198344 fraction_q_positive=1.000000 sampling_entropy=6.232621 uniform_entropy=6.238325 entropy_gap=0.005703 max_probability_over_uniform=1.343957 min_probability_over_uniform=0.714406
RG_SCORE round=400 layer=features.27 mean_q=0.150258 max_q=0.219609 fraction_q_positive=1.000000 sampling_entropy=6.231134 uniform_entropy=6.238325 entropy_gap=0.007190 max_probability_over_uniform=1.415390 min_probability_over_uniform=0.670920
RG_SCORE round=400 layer=features.30 mean_q=0.136767 max_q=0.188606 fraction_q_positive=1.000000 sampling_entropy=6.234110 uniform_entropy=6.238325 entropy_gap=0.004215 max_probability_over_uniform=1.341124 min_probability_over_uniform=0.732826
RG_SCORE round=400 layer=features.34 mean_q=0.290062 max_q=0.400761 fraction_q_positive=1.000000 sampling_entropy=6.227419 uniform_entropy=6.238325 entropy_gap=0.010906 max_probability_over_uniform=1.343478 min_probability_over_uniform=0.315067
RG_SCORE round=400 layer=features.37 mean_q=0.324772 max_q=0.472672 fraction_q_positive=1.000000 sampling_entropy=6.225069 uniform_entropy=6.238325 entropy_gap=0.013255 max_probability_over_uniform=1.409857 min_probability_over_uniform=0.351734
RG_SCORE round=400 layer=features.40 mean_q=0.255300 max_q=0.488201 fraction_q_positive=0.998047 sampling_entropy=6.189945 uniform_entropy=6.238325 entropy_gap=0.048380 max_probability_over_uniform=1.821036 min_probability_over_uniform=0.100000
ROUND_ACCURACY method=FedPhoenixRG round=400 accuracy=73.629997
********************************************************************************
Round 400
ROUND_ACCURACY method=FedPhoenixRG round=401 accuracy=76.550003
********************************************************************************
Round 401
ROUND_ACCURACY method=FedPhoenixRG round=402 accuracy=65.199997
********************************************************************************
Round 402
ROUND_ACCURACY method=FedPhoenixRG round=403 accuracy=72.230003
********************************************************************************
Round 403
ROUND_ACCURACY method=FedPhoenixRG round=404 accuracy=73.430000
********************************************************************************
Round 404
ROUND_ACCURACY method=FedPhoenixRG round=405 accuracy=73.500000
********************************************************************************
Round 405
ROUND_ACCURACY method=FedPhoenixRG round=406 accuracy=70.570000
********************************************************************************
Round 406
ROUND_ACCURACY method=FedPhoenixRG round=407 accuracy=71.610001
********************************************************************************
Round 407
ROUND_ACCURACY method=FedPhoenixRG round=408 accuracy=71.669998
********************************************************************************
Round 408
ROUND_ACCURACY method=FedPhoenixRG round=409 accuracy=78.339996
********************************************************************************
Round 409
ROUND_ACCURACY method=FedPhoenixRG round=410 accuracy=70.290001
********************************************************************************
Round 410
ROUND_ACCURACY method=FedPhoenixRG round=411 accuracy=68.099998
********************************************************************************
Round 411
ROUND_ACCURACY method=FedPhoenixRG round=412 accuracy=62.759998
********************************************************************************
Round 412
ROUND_ACCURACY method=FedPhoenixRG round=413 accuracy=74.830002
********************************************************************************
Round 413
ROUND_ACCURACY method=FedPhoenixRG round=414 accuracy=76.860001
********************************************************************************
Round 414
ROUND_ACCURACY method=FedPhoenixRG round=415 accuracy=78.889999
********************************************************************************
Round 415
ROUND_ACCURACY method=FedPhoenixRG round=416 accuracy=71.389999
********************************************************************************
Round 416
ROUND_ACCURACY method=FedPhoenixRG round=417 accuracy=79.730003
********************************************************************************
Round 417
ROUND_ACCURACY method=FedPhoenixRG round=418 accuracy=69.470001
********************************************************************************
Round 418
ROUND_ACCURACY method=FedPhoenixRG round=419 accuracy=69.540001
********************************************************************************
Round 419
RG_SCORE round=420 layer=features.0 mean_q=0.148848 max_q=0.383703 fraction_q_positive=0.921875 sampling_entropy=3.999712 uniform_entropy=4.158883 entropy_gap=0.159172 max_probability_over_uniform=2.420032 min_probability_over_uniform=0.100000
RG_SCORE round=420 layer=features.3 mean_q=0.132580 max_q=0.191358 fraction_q_positive=1.000000 sampling_entropy=4.125282 uniform_entropy=4.158883 entropy_gap=0.033601 max_probability_over_uniform=1.399005 min_probability_over_uniform=0.272668
RG_SCORE round=420 layer=features.7 mean_q=0.147765 max_q=0.218808 fraction_q_positive=1.000000 sampling_entropy=4.842507 uniform_entropy=4.852030 entropy_gap=0.009523 max_probability_over_uniform=1.432711 min_probability_over_uniform=0.662405
RG_SCORE round=420 layer=features.10 mean_q=0.142184 max_q=0.171322 fraction_q_positive=1.000000 sampling_entropy=4.848690 uniform_entropy=4.852030 entropy_gap=0.003340 max_probability_over_uniform=1.184442 min_probability_over_uniform=0.815201
RG_SCORE round=420 layer=features.14 mean_q=0.146993 max_q=0.202349 fraction_q_positive=1.000000 sampling_entropy=5.540077 uniform_entropy=5.545177 entropy_gap=0.005100 max_probability_over_uniform=1.338932 min_probability_over_uniform=0.731083
RG_SCORE round=420 layer=features.17 mean_q=0.142237 max_q=0.191205 fraction_q_positive=1.000000 sampling_entropy=5.539311 uniform_entropy=5.545177 entropy_gap=0.005866 max_probability_over_uniform=1.309846 min_probability_over_uniform=0.674636
RG_SCORE round=420 layer=features.20 mean_q=0.127054 max_q=0.165215 fraction_q_positive=1.000000 sampling_entropy=5.539708 uniform_entropy=5.545177 entropy_gap=0.005470 max_probability_over_uniform=1.270322 min_probability_over_uniform=0.674785
RG_SCORE round=420 layer=features.24 mean_q=0.143813 max_q=0.204640 fraction_q_positive=1.000000 sampling_entropy=6.229190 uniform_entropy=6.238325 entropy_gap=0.009135 max_probability_over_uniform=1.380663 min_probability_over_uniform=0.402513
RG_SCORE round=420 layer=features.27 mean_q=0.140354 max_q=0.204416 fraction_q_positive=1.000000 sampling_entropy=6.225693 uniform_entropy=6.238325 entropy_gap=0.012632 max_probability_over_uniform=1.410785 min_probability_over_uniform=0.456205
RG_SCORE round=420 layer=features.30 mean_q=0.118059 max_q=0.190173 fraction_q_positive=1.000000 sampling_entropy=6.215720 uniform_entropy=6.238325 entropy_gap=0.022605 max_probability_over_uniform=1.549745 min_probability_over_uniform=0.286625
RG_SCORE round=420 layer=features.34 mean_q=0.226079 max_q=0.486556 fraction_q_positive=0.958984 sampling_entropy=6.153714 uniform_entropy=6.238325 entropy_gap=0.084610 max_probability_over_uniform=2.036936 min_probability_over_uniform=0.100000
RG_SCORE round=420 layer=features.37 mean_q=0.208305 max_q=0.428331 fraction_q_positive=0.957031 sampling_entropy=6.125892 uniform_entropy=6.238325 entropy_gap=0.112432 max_probability_over_uniform=1.950641 min_probability_over_uniform=0.100000
RG_SCORE round=420 layer=features.40 mean_q=0.128718 max_q=0.457584 fraction_q_positive=0.867188 sampling_entropy=6.004393 uniform_entropy=6.238325 entropy_gap=0.233931 max_probability_over_uniform=3.299441 min_probability_over_uniform=0.100000
ROUND_ACCURACY method=FedPhoenixRG round=420 accuracy=78.730003
********************************************************************************
Round 420
ROUND_ACCURACY method=FedPhoenixRG round=421 accuracy=76.290001
********************************************************************************
Round 421
ROUND_ACCURACY method=FedPhoenixRG round=422 accuracy=73.330002
********************************************************************************
Round 422
ROUND_ACCURACY method=FedPhoenixRG round=423 accuracy=74.279999
********************************************************************************
Round 423
ROUND_ACCURACY method=FedPhoenixRG round=424 accuracy=75.099998
********************************************************************************
Round 424
ROUND_ACCURACY method=FedPhoenixRG round=425 accuracy=78.690002
********************************************************************************
Round 425
ROUND_ACCURACY method=FedPhoenixRG round=426 accuracy=66.870003
********************************************************************************
Round 426
ROUND_ACCURACY method=FedPhoenixRG round=427 accuracy=73.220001
********************************************************************************
Round 427
ROUND_ACCURACY method=FedPhoenixRG round=428 accuracy=72.230003
********************************************************************************
Round 428
ROUND_ACCURACY method=FedPhoenixRG round=429 accuracy=70.199997
********************************************************************************
Round 429
ROUND_ACCURACY method=FedPhoenixRG round=430 accuracy=76.199997
********************************************************************************
Round 430
ROUND_ACCURACY method=FedPhoenixRG round=431 accuracy=74.830002
********************************************************************************
Round 431
ROUND_ACCURACY method=FedPhoenixRG round=432 accuracy=76.699997
********************************************************************************
Round 432
ROUND_ACCURACY method=FedPhoenixRG round=433 accuracy=78.419998
********************************************************************************
Round 433
ROUND_ACCURACY method=FedPhoenixRG round=434 accuracy=81.080002
********************************************************************************
Round 434
ROUND_ACCURACY method=FedPhoenixRG round=435 accuracy=73.320000
********************************************************************************
Round 435
ROUND_ACCURACY method=FedPhoenixRG round=436 accuracy=73.010002
********************************************************************************
Round 436
ROUND_ACCURACY method=FedPhoenixRG round=437 accuracy=73.139999
********************************************************************************
Round 437
ROUND_ACCURACY method=FedPhoenixRG round=438 accuracy=74.919998
********************************************************************************
Round 438
ROUND_ACCURACY method=FedPhoenixRG round=439 accuracy=77.519997
********************************************************************************
Round 439
RG_SCORE round=440 layer=features.0 mean_q=0.120807 max_q=0.344559 fraction_q_positive=0.906250 sampling_entropy=3.949863 uniform_entropy=4.158883 entropy_gap=0.209020 max_probability_over_uniform=2.666922 min_probability_over_uniform=0.100000
RG_SCORE round=440 layer=features.3 mean_q=0.147762 max_q=0.204417 fraction_q_positive=1.000000 sampling_entropy=4.149391 uniform_entropy=4.158883 entropy_gap=0.009492 max_probability_over_uniform=1.345078 min_probability_over_uniform=0.706153
RG_SCORE round=440 layer=features.7 mean_q=0.153086 max_q=0.238720 fraction_q_positive=1.000000 sampling_entropy=4.844020 uniform_entropy=4.852030 entropy_gap=0.008010 max_probability_over_uniform=1.503446 min_probability_over_uniform=0.670321
RG_SCORE round=440 layer=features.10 mean_q=0.146449 max_q=0.174743 fraction_q_positive=1.000000 sampling_entropy=4.849071 uniform_entropy=4.852030 entropy_gap=0.002959 max_probability_over_uniform=1.173886 min_probability_over_uniform=0.796191
RG_SCORE round=440 layer=features.14 mean_q=0.146295 max_q=0.232136 fraction_q_positive=1.000000 sampling_entropy=5.540585 uniform_entropy=5.545177 entropy_gap=0.004592 max_probability_over_uniform=1.528092 min_probability_over_uniform=0.772136
RG_SCORE round=440 layer=features.17 mean_q=0.144387 max_q=0.189192 fraction_q_positive=1.000000 sampling_entropy=5.539742 uniform_entropy=5.545177 entropy_gap=0.005436 max_probability_over_uniform=1.279284 min_probability_over_uniform=0.694896
RG_SCORE round=440 layer=features.20 mean_q=0.130041 max_q=0.165096 fraction_q_positive=1.000000 sampling_entropy=5.542374 uniform_entropy=5.545177 entropy_gap=0.002803 max_probability_over_uniform=1.242608 min_probability_over_uniform=0.765958
RG_SCORE round=440 layer=features.24 mean_q=0.160227 max_q=0.224236 fraction_q_positive=1.000000 sampling_entropy=6.234208 uniform_entropy=6.238325 entropy_gap=0.004117 max_probability_over_uniform=1.359540 min_probability_over_uniform=0.696302
RG_SCORE round=440 layer=features.27 mean_q=0.171197 max_q=0.223688 fraction_q_positive=1.000000 sampling_entropy=6.234673 uniform_entropy=6.238325 entropy_gap=0.003652 max_probability_over_uniform=1.275949 min_probability_over_uniform=0.766214
RG_SCORE round=440 layer=features.30 mean_q=0.155067 max_q=0.202767 fraction_q_positive=1.000000 sampling_entropy=6.234456 uniform_entropy=6.238325 entropy_gap=0.003869 max_probability_over_uniform=1.276846 min_probability_over_uniform=0.741862
RG_SCORE round=440 layer=features.34 mean_q=0.347986 max_q=0.445708 fraction_q_positive=1.000000 sampling_entropy=6.232752 uniform_entropy=6.238325 entropy_gap=0.005573 max_probability_over_uniform=1.252740 min_probability_over_uniform=0.651952
RG_SCORE round=440 layer=features.37 mean_q=0.376980 max_q=0.494218 fraction_q_positive=1.000000 sampling_entropy=6.233174 uniform_entropy=6.238325 entropy_gap=0.005150 max_probability_over_uniform=1.279895 min_probability_over_uniform=0.747252
RG_SCORE round=440 layer=features.40 mean_q=0.308432 max_q=0.545288 fraction_q_positive=1.000000 sampling_entropy=6.194944 uniform_entropy=6.238325 entropy_gap=0.043381 max_probability_over_uniform=1.691139 min_probability_over_uniform=0.162880
ROUND_ACCURACY method=FedPhoenixRG round=440 accuracy=65.620003
********************************************************************************
Round 440
ROUND_ACCURACY method=FedPhoenixRG round=441 accuracy=79.190002
********************************************************************************
Round 441
ROUND_ACCURACY method=FedPhoenixRG round=442 accuracy=76.070000
********************************************************************************
Round 442
ROUND_ACCURACY method=FedPhoenixRG round=443 accuracy=75.260002
********************************************************************************
Round 443
ROUND_ACCURACY method=FedPhoenixRG round=444 accuracy=71.190002
********************************************************************************
Round 444
ROUND_ACCURACY method=FedPhoenixRG round=445 accuracy=76.959999
********************************************************************************
Round 445
ROUND_ACCURACY method=FedPhoenixRG round=446 accuracy=75.599998
********************************************************************************
Round 446
ROUND_ACCURACY method=FedPhoenixRG round=447 accuracy=75.239998
********************************************************************************
Round 447
ROUND_ACCURACY method=FedPhoenixRG round=448 accuracy=75.510002
********************************************************************************
Round 448
ROUND_ACCURACY method=FedPhoenixRG round=449 accuracy=67.839996
********************************************************************************
Round 449
ROUND_ACCURACY method=FedPhoenixRG round=450 accuracy=74.900002
********************************************************************************
Round 450
ROUND_ACCURACY method=FedPhoenixRG round=451 accuracy=66.980003
********************************************************************************
Round 451
ROUND_ACCURACY method=FedPhoenixRG round=452 accuracy=80.230003
********************************************************************************
Round 452
ROUND_ACCURACY method=FedPhoenixRG round=453 accuracy=78.209999
********************************************************************************
Round 453
ROUND_ACCURACY method=FedPhoenixRG round=454 accuracy=76.379997
********************************************************************************
Round 454
ROUND_ACCURACY method=FedPhoenixRG round=455 accuracy=78.589996
********************************************************************************
Round 455
ROUND_ACCURACY method=FedPhoenixRG round=456 accuracy=77.930000
********************************************************************************
Round 456
ROUND_ACCURACY method=FedPhoenixRG round=457 accuracy=79.820000
********************************************************************************
Round 457
ROUND_ACCURACY method=FedPhoenixRG round=458 accuracy=69.650002
********************************************************************************
Round 458
ROUND_ACCURACY method=FedPhoenixRG round=459 accuracy=79.339996
********************************************************************************
Round 459
RG_SCORE round=460 layer=features.0 mean_q=0.138723 max_q=0.362707 fraction_q_positive=0.937500 sampling_entropy=4.021985 uniform_entropy=4.158883 entropy_gap=0.136898 max_probability_over_uniform=2.453154 min_probability_over_uniform=0.100000
RG_SCORE round=460 layer=features.3 mean_q=0.145797 max_q=0.204563 fraction_q_positive=1.000000 sampling_entropy=4.147813 uniform_entropy=4.158883 entropy_gap=0.011070 max_probability_over_uniform=1.362759 min_probability_over_uniform=0.596139
RG_SCORE round=460 layer=features.7 mean_q=0.151295 max_q=0.207149 fraction_q_positive=1.000000 sampling_entropy=4.846909 uniform_entropy=4.852030 entropy_gap=0.005121 max_probability_over_uniform=1.332254 min_probability_over_uniform=0.785676
RG_SCORE round=460 layer=features.10 mean_q=0.150584 max_q=0.179264 fraction_q_positive=1.000000 sampling_entropy=4.849725 uniform_entropy=4.852030 entropy_gap=0.002306 max_probability_over_uniform=1.171409 min_probability_over_uniform=0.861612
RG_SCORE round=460 layer=features.14 mean_q=0.152460 max_q=0.204601 fraction_q_positive=1.000000 sampling_entropy=5.541639 uniform_entropy=5.545177 entropy_gap=0.003538 max_probability_over_uniform=1.307800 min_probability_over_uniform=0.785946
RG_SCORE round=460 layer=features.17 mean_q=0.150737 max_q=0.207597 fraction_q_positive=1.000000 sampling_entropy=5.540443 uniform_entropy=5.545177 entropy_gap=0.004735 max_probability_over_uniform=1.339492 min_probability_over_uniform=0.777580
RG_SCORE round=460 layer=features.20 mean_q=0.131510 max_q=0.160931 fraction_q_positive=1.000000 sampling_entropy=5.542595 uniform_entropy=5.545177 entropy_gap=0.002582 max_probability_over_uniform=1.201345 min_probability_over_uniform=0.799469
RG_SCORE round=460 layer=features.24 mean_q=0.158712 max_q=0.207929 fraction_q_positive=1.000000 sampling_entropy=6.234523 uniform_entropy=6.238325 entropy_gap=0.003801 max_probability_over_uniform=1.279087 min_probability_over_uniform=0.727609
RG_SCORE round=460 layer=features.27 mean_q=0.165348 max_q=0.220899 fraction_q_positive=1.000000 sampling_entropy=6.233929 uniform_entropy=6.238325 entropy_gap=0.004396 max_probability_over_uniform=1.302366 min_probability_over_uniform=0.768261
RG_SCORE round=460 layer=features.30 mean_q=0.150767 max_q=0.197189 fraction_q_positive=1.000000 sampling_entropy=6.234469 uniform_entropy=6.238325 entropy_gap=0.003856 max_probability_over_uniform=1.277109 min_probability_over_uniform=0.737075
RG_SCORE round=460 layer=features.34 mean_q=0.333696 max_q=0.438551 fraction_q_positive=1.000000 sampling_entropy=6.232107 uniform_entropy=6.238325 entropy_gap=0.006218 max_probability_over_uniform=1.282802 min_probability_over_uniform=0.583696
RG_SCORE round=460 layer=features.37 mean_q=0.359511 max_q=0.476725 fraction_q_positive=1.000000 sampling_entropy=6.232819 uniform_entropy=6.238325 entropy_gap=0.005506 max_probability_over_uniform=1.293435 min_probability_over_uniform=0.594314
RG_SCORE round=460 layer=features.40 mean_q=0.296361 max_q=0.551972 fraction_q_positive=0.998047 sampling_entropy=6.201090 uniform_entropy=6.238325 entropy_gap=0.037235 max_probability_over_uniform=1.776251 min_probability_over_uniform=0.100000
ROUND_ACCURACY method=FedPhoenixRG round=460 accuracy=66.360001
********************************************************************************
Round 460
ROUND_ACCURACY method=FedPhoenixRG round=461 accuracy=78.849998
********************************************************************************
Round 461
ROUND_ACCURACY method=FedPhoenixRG round=462 accuracy=77.209999
********************************************************************************
Round 462
ROUND_ACCURACY method=FedPhoenixRG round=463 accuracy=77.320000
********************************************************************************
Round 463
ROUND_ACCURACY method=FedPhoenixRG round=464 accuracy=69.910004
********************************************************************************
Round 464
ROUND_ACCURACY method=FedPhoenixRG round=465 accuracy=76.550003
********************************************************************************
Round 465
ROUND_ACCURACY method=FedPhoenixRG round=466 accuracy=78.860001
********************************************************************************
Round 466
ROUND_ACCURACY method=FedPhoenixRG round=467 accuracy=71.910004
********************************************************************************
Round 467
ROUND_ACCURACY method=FedPhoenixRG round=468 accuracy=74.110001
********************************************************************************
Round 468
ROUND_ACCURACY method=FedPhoenixRG round=469 accuracy=77.500000
********************************************************************************
Round 469
ROUND_ACCURACY method=FedPhoenixRG round=470 accuracy=73.220001
********************************************************************************
Round 470
ROUND_ACCURACY method=FedPhoenixRG round=471 accuracy=73.150002
********************************************************************************
Round 471
ROUND_ACCURACY method=FedPhoenixRG round=472 accuracy=78.379997
********************************************************************************
Round 472
ROUND_ACCURACY method=FedPhoenixRG round=473 accuracy=74.400002
********************************************************************************
Round 473
ROUND_ACCURACY method=FedPhoenixRG round=474 accuracy=73.239998
********************************************************************************
Round 474
ROUND_ACCURACY method=FedPhoenixRG round=475 accuracy=76.839996
********************************************************************************
Round 475
ROUND_ACCURACY method=FedPhoenixRG round=476 accuracy=74.610001
********************************************************************************
Round 476
ROUND_ACCURACY method=FedPhoenixRG round=477 accuracy=77.589996
********************************************************************************
Round 477
ROUND_ACCURACY method=FedPhoenixRG round=478 accuracy=69.330002
********************************************************************************
Round 478
ROUND_ACCURACY method=FedPhoenixRG round=479 accuracy=79.589996
********************************************************************************
Round 479
RG_SCORE round=480 layer=features.0 mean_q=0.136341 max_q=0.376622 fraction_q_positive=0.859375 sampling_entropy=3.901097 uniform_entropy=4.158883 entropy_gap=0.257786 max_probability_over_uniform=2.586115 min_probability_over_uniform=0.100000
RG_SCORE round=480 layer=features.3 mean_q=0.121652 max_q=0.180715 fraction_q_positive=1.000000 sampling_entropy=4.141949 uniform_entropy=4.158883 entropy_gap=0.016934 max_probability_over_uniform=1.436956 min_probability_over_uniform=0.540398
RG_SCORE round=480 layer=features.7 mean_q=0.125221 max_q=0.243779 fraction_q_positive=1.000000 sampling_entropy=4.832067 uniform_entropy=4.852030 entropy_gap=0.019963 max_probability_over_uniform=1.852107 min_probability_over_uniform=0.545822
RG_SCORE round=480 layer=features.10 mean_q=0.122560 max_q=0.169586 fraction_q_positive=1.000000 sampling_entropy=4.843455 uniform_entropy=4.852030 entropy_gap=0.008575 max_probability_over_uniform=1.345331 min_probability_over_uniform=0.628272
RG_SCORE round=480 layer=features.14 mean_q=0.122594 max_q=0.196641 fraction_q_positive=1.000000 sampling_entropy=5.533555 uniform_entropy=5.545177 entropy_gap=0.011623 max_probability_over_uniform=1.543599 min_probability_over_uniform=0.574969
RG_SCORE round=480 layer=features.17 mean_q=0.124034 max_q=0.189584 fraction_q_positive=1.000000 sampling_entropy=5.536766 uniform_entropy=5.545177 entropy_gap=0.008411 max_probability_over_uniform=1.475634 min_probability_over_uniform=0.570970
RG_SCORE round=480 layer=features.20 mean_q=0.116380 max_q=0.160422 fraction_q_positive=1.000000 sampling_entropy=5.538249 uniform_entropy=5.545177 entropy_gap=0.006929 max_probability_over_uniform=1.340597 min_probability_over_uniform=0.656652
RG_SCORE round=480 layer=features.24 mean_q=0.135213 max_q=0.195473 fraction_q_positive=1.000000 sampling_entropy=6.229055 uniform_entropy=6.238325 entropy_gap=0.009269 max_probability_over_uniform=1.401104 min_probability_over_uniform=0.356595
RG_SCORE round=480 layer=features.27 mean_q=0.142085 max_q=0.218071 fraction_q_positive=1.000000 sampling_entropy=6.227400 uniform_entropy=6.238325 entropy_gap=0.010925 max_probability_over_uniform=1.481308 min_probability_over_uniform=0.455243
RG_SCORE round=480 layer=features.30 mean_q=0.126669 max_q=0.178499 fraction_q_positive=1.000000 sampling_entropy=6.224475 uniform_entropy=6.238325 entropy_gap=0.013849 max_probability_over_uniform=1.368261 min_probability_over_uniform=0.361884
RG_SCORE round=480 layer=features.34 mean_q=0.266869 max_q=0.407782 fraction_q_positive=1.000000 sampling_entropy=6.215863 uniform_entropy=6.238325 entropy_gap=0.022461 max_probability_over_uniform=1.475222 min_probability_over_uniform=0.221711
RG_SCORE round=480 layer=features.37 mean_q=0.291209 max_q=0.426925 fraction_q_positive=1.000000 sampling_entropy=6.220545 uniform_entropy=6.238325 entropy_gap=0.017779 max_probability_over_uniform=1.419439 min_probability_over_uniform=0.171820
RG_SCORE round=480 layer=features.40 mean_q=0.229102 max_q=0.466964 fraction_q_positive=0.992188 sampling_entropy=6.159993 uniform_entropy=6.238325 entropy_gap=0.078332 max_probability_over_uniform=1.934415 min_probability_over_uniform=0.100000
ROUND_ACCURACY method=FedPhoenixRG round=480 accuracy=78.449997
********************************************************************************
Round 480
ROUND_ACCURACY method=FedPhoenixRG round=481 accuracy=78.120003
********************************************************************************
Round 481
ROUND_ACCURACY method=FedPhoenixRG round=482 accuracy=69.980003
********************************************************************************
Round 482
ROUND_ACCURACY method=FedPhoenixRG round=483 accuracy=74.730003
********************************************************************************
Round 483
ROUND_ACCURACY method=FedPhoenixRG round=484 accuracy=73.169998
********************************************************************************
Round 484
ROUND_ACCURACY method=FedPhoenixRG round=485 accuracy=71.349998
********************************************************************************
Round 485
ROUND_ACCURACY method=FedPhoenixRG round=486 accuracy=65.870003
********************************************************************************
Round 486
ROUND_ACCURACY method=FedPhoenixRG round=487 accuracy=72.730003
********************************************************************************
Round 487
ROUND_ACCURACY method=FedPhoenixRG round=488 accuracy=80.480003
********************************************************************************
Round 488
ROUND_ACCURACY method=FedPhoenixRG round=489 accuracy=79.400002
********************************************************************************
Round 489
ROUND_ACCURACY method=FedPhoenixRG round=490 accuracy=79.610001
********************************************************************************
Round 490
ROUND_ACCURACY method=FedPhoenixRG round=491 accuracy=72.480003
********************************************************************************
Round 491
ROUND_ACCURACY method=FedPhoenixRG round=492 accuracy=73.379997
********************************************************************************
Round 492
ROUND_ACCURACY method=FedPhoenixRG round=493 accuracy=76.959999
********************************************************************************
Round 493
ROUND_ACCURACY method=FedPhoenixRG round=494 accuracy=74.080002
********************************************************************************
Round 494
ROUND_ACCURACY method=FedPhoenixRG round=495 accuracy=72.800003
********************************************************************************
Round 495
ROUND_ACCURACY method=FedPhoenixRG round=496 accuracy=69.480003
********************************************************************************
Round 496
ROUND_ACCURACY method=FedPhoenixRG round=497 accuracy=70.330002
********************************************************************************
Round 497
ROUND_ACCURACY method=FedPhoenixRG round=498 accuracy=80.080002
********************************************************************************
Round 498
ROUND_ACCURACY method=FedPhoenixRG round=499 accuracy=66.930000
********************************************************************************
Round 499
RG_SCORE round=500 layer=features.0 mean_q=0.072331 max_q=0.368484 fraction_q_positive=0.765625 sampling_entropy=3.768286 uniform_entropy=4.158883 entropy_gap=0.390597 max_probability_over_uniform=4.684948 min_probability_over_uniform=0.100000
RG_SCORE round=500 layer=features.3 mean_q=0.074030 max_q=0.134943 fraction_q_positive=0.984375 sampling_entropy=4.097731 uniform_entropy=4.158883 entropy_gap=0.061152 max_probability_over_uniform=1.740521 min_probability_over_uniform=0.100000
RG_SCORE round=500 layer=features.7 mean_q=0.087739 max_q=0.140873 fraction_q_positive=1.000000 sampling_entropy=4.822205 uniform_entropy=4.852030 entropy_gap=0.029825 max_probability_over_uniform=1.545029 min_probability_over_uniform=0.416729
RG_SCORE round=500 layer=features.10 mean_q=0.089051 max_q=0.135969 fraction_q_positive=1.000000 sampling_entropy=4.842561 uniform_entropy=4.852030 entropy_gap=0.009469 max_probability_over_uniform=1.474182 min_probability_over_uniform=0.609202
RG_SCORE round=500 layer=features.14 mean_q=0.099951 max_q=0.178381 fraction_q_positive=1.000000 sampling_entropy=5.531913 uniform_entropy=5.545177 entropy_gap=0.013264 max_probability_over_uniform=1.706211 min_probability_over_uniform=0.560640
RG_SCORE round=500 layer=features.17 mean_q=0.097797 max_q=0.153645 fraction_q_positive=1.000000 sampling_entropy=5.532165 uniform_entropy=5.545177 entropy_gap=0.013012 max_probability_over_uniform=1.513953 min_probability_over_uniform=0.485008
RG_SCORE round=500 layer=features.20 mean_q=0.089313 max_q=0.129626 fraction_q_positive=1.000000 sampling_entropy=5.530450 uniform_entropy=5.545177 entropy_gap=0.014728 max_probability_over_uniform=1.406232 min_probability_over_uniform=0.478428
RG_SCORE round=500 layer=features.24 mean_q=0.102052 max_q=0.177703 fraction_q_positive=1.000000 sampling_entropy=6.210640 uniform_entropy=6.238325 entropy_gap=0.027685 max_probability_over_uniform=1.667170 min_probability_over_uniform=0.299468
RG_SCORE round=500 layer=features.27 mean_q=0.107494 max_q=0.192215 fraction_q_positive=1.000000 sampling_entropy=6.212998 uniform_entropy=6.238325 entropy_gap=0.025326 max_probability_over_uniform=1.709330 min_probability_over_uniform=0.303065
RG_SCORE round=500 layer=features.30 mean_q=0.091827 max_q=0.162341 fraction_q_positive=0.998047 sampling_entropy=6.198420 uniform_entropy=6.238325 entropy_gap=0.039905 max_probability_over_uniform=1.691115 min_probability_over_uniform=0.100000
RG_SCORE round=500 layer=features.34 mean_q=0.194972 max_q=0.338703 fraction_q_positive=0.992188 sampling_entropy=6.174724 uniform_entropy=6.238325 entropy_gap=0.063600 max_probability_over_uniform=1.663470 min_probability_over_uniform=0.100000
RG_SCORE round=500 layer=features.37 mean_q=0.182717 max_q=0.379619 fraction_q_positive=0.998047 sampling_entropy=6.190203 uniform_entropy=6.238325 entropy_gap=0.048121 max_probability_over_uniform=1.969871 min_probability_over_uniform=0.100000
RG_SCORE round=500 layer=features.40 mean_q=0.106281 max_q=0.278788 fraction_q_positive=0.955078 sampling_entropy=6.083914 uniform_entropy=6.238325 entropy_gap=0.154410 max_probability_over_uniform=2.460823 min_probability_over_uniform=0.100000
ROUND_ACCURACY method=FedPhoenixRG round=500 accuracy=79.949997
********************************************************************************
Round 500
ROUND_ACCURACY method=FedPhoenixRG round=501 accuracy=75.870003
********************************************************************************
Round 501
ROUND_ACCURACY method=FedPhoenixRG round=502 accuracy=78.120003
********************************************************************************
Round 502
ROUND_ACCURACY method=FedPhoenixRG round=503 accuracy=76.489998
********************************************************************************
Round 503
ROUND_ACCURACY method=FedPhoenixRG round=504 accuracy=73.669998
********************************************************************************
Round 504
ROUND_ACCURACY method=FedPhoenixRG round=505 accuracy=77.699997
********************************************************************************
Round 505
ROUND_ACCURACY method=FedPhoenixRG round=506 accuracy=61.490002
********************************************************************************
Round 506
ROUND_ACCURACY method=FedPhoenixRG round=507 accuracy=69.860001
********************************************************************************
Round 507
ROUND_ACCURACY method=FedPhoenixRG round=508 accuracy=69.970001
********************************************************************************
Round 508
ROUND_ACCURACY method=FedPhoenixRG round=509 accuracy=73.550003
********************************************************************************
Round 509
ROUND_ACCURACY method=FedPhoenixRG round=510 accuracy=76.550003
********************************************************************************
Round 510
ROUND_ACCURACY method=FedPhoenixRG round=511 accuracy=74.419998
********************************************************************************
Round 511
ROUND_ACCURACY method=FedPhoenixRG round=512 accuracy=69.019997
********************************************************************************
Round 512
ROUND_ACCURACY method=FedPhoenixRG round=513 accuracy=67.139999
********************************************************************************
Round 513
ROUND_ACCURACY method=FedPhoenixRG round=514 accuracy=72.250000
********************************************************************************
Round 514
ROUND_ACCURACY method=FedPhoenixRG round=515 accuracy=79.260002
********************************************************************************
Round 515
ROUND_ACCURACY method=FedPhoenixRG round=516 accuracy=77.910004
********************************************************************************
Round 516
ROUND_ACCURACY method=FedPhoenixRG round=517 accuracy=77.070000
********************************************************************************
Round 517
ROUND_ACCURACY method=FedPhoenixRG round=518 accuracy=70.370003
********************************************************************************
Round 518
ROUND_ACCURACY method=FedPhoenixRG round=519 accuracy=74.989998
********************************************************************************
Round 519
RG_SCORE round=520 layer=features.0 mean_q=0.082586 max_q=0.395912 fraction_q_positive=0.687500 sampling_entropy=3.697267 uniform_entropy=4.158883 entropy_gap=0.461617 max_probability_over_uniform=4.414556 min_probability_over_uniform=0.100000
RG_SCORE round=520 layer=features.3 mean_q=0.094295 max_q=0.186067 fraction_q_positive=0.953125 sampling_entropy=4.050860 uniform_entropy=4.158883 entropy_gap=0.108023 max_probability_over_uniform=1.875923 min_probability_over_uniform=0.100000
RG_SCORE round=520 layer=features.7 mean_q=0.095146 max_q=0.163043 fraction_q_positive=1.000000 sampling_entropy=4.809458 uniform_entropy=4.852030 entropy_gap=0.042572 max_probability_over_uniform=1.642242 min_probability_over_uniform=0.262125
RG_SCORE round=520 layer=features.10 mean_q=0.094371 max_q=0.148716 fraction_q_positive=1.000000 sampling_entropy=4.829853 uniform_entropy=4.852030 entropy_gap=0.022178 max_probability_over_uniform=1.518277 min_probability_over_uniform=0.404288
RG_SCORE round=520 layer=features.14 mean_q=0.097145 max_q=0.159669 fraction_q_positive=0.996094 sampling_entropy=5.518560 uniform_entropy=5.545177 entropy_gap=0.026618 max_probability_over_uniform=1.579254 min_probability_over_uniform=0.100000
RG_SCORE round=520 layer=features.17 mean_q=0.094865 max_q=0.164025 fraction_q_positive=1.000000 sampling_entropy=5.523150 uniform_entropy=5.545177 entropy_gap=0.022027 max_probability_over_uniform=1.656132 min_probability_over_uniform=0.517152
RG_SCORE round=520 layer=features.20 mean_q=0.082308 max_q=0.153413 fraction_q_positive=1.000000 sampling_entropy=5.511586 uniform_entropy=5.545177 entropy_gap=0.033592 max_probability_over_uniform=1.777492 min_probability_over_uniform=0.327143
RG_SCORE round=520 layer=features.24 mean_q=0.095612 max_q=0.191459 fraction_q_positive=0.982422 sampling_entropy=6.167887 uniform_entropy=6.238325 entropy_gap=0.070437 max_probability_over_uniform=1.902207 min_probability_over_uniform=0.100000
RG_SCORE round=520 layer=features.27 mean_q=0.105475 max_q=0.206787 fraction_q_positive=0.988281 sampling_entropy=6.179296 uniform_entropy=6.238325 entropy_gap=0.059029 max_probability_over_uniform=1.864472 min_probability_over_uniform=0.100000
RG_SCORE round=520 layer=features.30 mean_q=0.087722 max_q=0.165850 fraction_q_positive=0.982422 sampling_entropy=6.164805 uniform_entropy=6.238325 entropy_gap=0.073520 max_probability_over_uniform=1.801580 min_probability_over_uniform=0.100000
RG_SCORE round=520 layer=features.34 mean_q=0.217348 max_q=0.397652 fraction_q_positive=0.955078 sampling_entropy=6.133159 uniform_entropy=6.238325 entropy_gap=0.105165 max_probability_over_uniform=1.746609 min_probability_over_uniform=0.100000
RG_SCORE round=520 layer=features.37 mean_q=0.216500 max_q=0.392257 fraction_q_positive=0.990234 sampling_entropy=6.179854 uniform_entropy=6.238325 entropy_gap=0.058471 max_probability_over_uniform=1.730628 min_probability_over_uniform=0.100000
RG_SCORE round=520 layer=features.40 mean_q=0.130654 max_q=0.442790 fraction_q_positive=0.861328 sampling_entropy=5.992810 uniform_entropy=6.238325 entropy_gap=0.245514 max_probability_over_uniform=3.150127 min_probability_over_uniform=0.100000
ROUND_ACCURACY method=FedPhoenixRG round=520 accuracy=76.290001
********************************************************************************
Round 520
ROUND_ACCURACY method=FedPhoenixRG round=521 accuracy=73.849998
********************************************************************************
Round 521
ROUND_ACCURACY method=FedPhoenixRG round=522 accuracy=72.360001
********************************************************************************
Round 522
ROUND_ACCURACY method=FedPhoenixRG round=523 accuracy=45.310001
********************************************************************************
Round 523
ROUND_ACCURACY method=FedPhoenixRG round=524 accuracy=75.940002
********************************************************************************
Round 524
ROUND_ACCURACY method=FedPhoenixRG round=525 accuracy=73.540001
********************************************************************************
Round 525
ROUND_ACCURACY method=FedPhoenixRG round=526 accuracy=75.709999
********************************************************************************
Round 526
ROUND_ACCURACY method=FedPhoenixRG round=527 accuracy=73.309998
********************************************************************************
Round 527
ROUND_ACCURACY method=FedPhoenixRG round=528 accuracy=75.589996
********************************************************************************
Round 528
ROUND_ACCURACY method=FedPhoenixRG round=529 accuracy=78.430000
********************************************************************************
Round 529
ROUND_ACCURACY method=FedPhoenixRG round=530 accuracy=76.449997
********************************************************************************
Round 530
ROUND_ACCURACY method=FedPhoenixRG round=531 accuracy=70.360001
********************************************************************************
Round 531
ROUND_ACCURACY method=FedPhoenixRG round=532 accuracy=69.449997
********************************************************************************
Round 532
ROUND_ACCURACY method=FedPhoenixRG round=533 accuracy=75.980003
********************************************************************************
Round 533
ROUND_ACCURACY method=FedPhoenixRG round=534 accuracy=74.430000
********************************************************************************
Round 534
ROUND_ACCURACY method=FedPhoenixRG round=535 accuracy=76.820000
********************************************************************************
Round 535
ROUND_ACCURACY method=FedPhoenixRG round=536 accuracy=78.720001
********************************************************************************
Round 536
ROUND_ACCURACY method=FedPhoenixRG round=537 accuracy=78.720001
********************************************************************************
Round 537
ROUND_ACCURACY method=FedPhoenixRG round=538 accuracy=80.139999
********************************************************************************
Round 538
ROUND_ACCURACY method=FedPhoenixRG round=539 accuracy=80.830002
********************************************************************************
Round 539
RG_SCORE round=540 layer=features.0 mean_q=0.095618 max_q=0.307316 fraction_q_positive=0.906250 sampling_entropy=3.946700 uniform_entropy=4.158883 entropy_gap=0.212183 max_probability_over_uniform=2.992603 min_probability_over_uniform=0.100000
RG_SCORE round=540 layer=features.3 mean_q=0.095662 max_q=0.172615 fraction_q_positive=1.000000 sampling_entropy=4.115887 uniform_entropy=4.158883 entropy_gap=0.042996 max_probability_over_uniform=1.723979 min_probability_over_uniform=0.370276
RG_SCORE round=540 layer=features.7 mean_q=0.104498 max_q=0.195975 fraction_q_positive=1.000000 sampling_entropy=4.833952 uniform_entropy=4.852030 entropy_gap=0.018078 max_probability_over_uniform=1.787852 min_probability_over_uniform=0.537276
RG_SCORE round=540 layer=features.10 mean_q=0.103333 max_q=0.139948 fraction_q_positive=1.000000 sampling_entropy=4.845670 uniform_entropy=4.852030 entropy_gap=0.006360 max_probability_over_uniform=1.318901 min_probability_over_uniform=0.729796
RG_SCORE round=540 layer=features.14 mean_q=0.110863 max_q=0.172061 fraction_q_positive=1.000000 sampling_entropy=5.536042 uniform_entropy=5.545177 entropy_gap=0.009136 max_probability_over_uniform=1.496809 min_probability_over_uniform=0.615219
RG_SCORE round=540 layer=features.17 mean_q=0.108680 max_q=0.173600 fraction_q_positive=1.000000 sampling_entropy=5.534945 uniform_entropy=5.545177 entropy_gap=0.010232 max_probability_over_uniform=1.537618 min_probability_over_uniform=0.674513
RG_SCORE round=540 layer=features.20 mean_q=0.099379 max_q=0.143721 fraction_q_positive=1.000000 sampling_entropy=5.537210 uniform_entropy=5.545177 entropy_gap=0.007967 max_probability_over_uniform=1.401568 min_probability_over_uniform=0.700902
RG_SCORE round=540 layer=features.24 mean_q=0.118318 max_q=0.174624 fraction_q_positive=1.000000 sampling_entropy=6.221770 uniform_entropy=6.238325 entropy_gap=0.016555 max_probability_over_uniform=1.428298 min_probability_over_uniform=0.323808
RG_SCORE round=540 layer=features.27 mean_q=0.130282 max_q=0.203996 fraction_q_positive=1.000000 sampling_entropy=6.219183 uniform_entropy=6.238325 entropy_gap=0.019142 max_probability_over_uniform=1.509223 min_probability_over_uniform=0.419958
RG_SCORE round=540 layer=features.30 mean_q=0.113595 max_q=0.189392 fraction_q_positive=1.000000 sampling_entropy=6.221607 uniform_entropy=6.238325 entropy_gap=0.016718 max_probability_over_uniform=1.600535 min_probability_over_uniform=0.520525
RG_SCORE round=540 layer=features.34 mean_q=0.249760 max_q=0.393428 fraction_q_positive=1.000000 sampling_entropy=6.213391 uniform_entropy=6.238325 entropy_gap=0.024934 max_probability_over_uniform=1.517699 min_probability_over_uniform=0.139154
RG_SCORE round=540 layer=features.37 mean_q=0.273921 max_q=0.421716 fraction_q_positive=1.000000 sampling_entropy=6.218238 uniform_entropy=6.238325 entropy_gap=0.020087 max_probability_over_uniform=1.485596 min_probability_over_uniform=0.201327
RG_SCORE round=540 layer=features.40 mean_q=0.231227 max_q=0.470570 fraction_q_positive=0.998047 sampling_entropy=6.185432 uniform_entropy=6.238325 entropy_gap=0.052892 max_probability_over_uniform=1.931591 min_probability_over_uniform=0.100000
ROUND_ACCURACY method=FedPhoenixRG round=540 accuracy=70.320000
********************************************************************************
Round 540
ROUND_ACCURACY method=FedPhoenixRG round=541 accuracy=63.730000
********************************************************************************
Round 541
ROUND_ACCURACY method=FedPhoenixRG round=542 accuracy=67.199997
********************************************************************************
Round 542
ROUND_ACCURACY method=FedPhoenixRG round=543 accuracy=66.570000
********************************************************************************
Round 543
ROUND_ACCURACY method=FedPhoenixRG round=544 accuracy=72.680000
********************************************************************************
Round 544
ROUND_ACCURACY method=FedPhoenixRG round=545 accuracy=77.059998
********************************************************************************
Round 545
ROUND_ACCURACY method=FedPhoenixRG round=546 accuracy=74.120003
********************************************************************************
Round 546
ROUND_ACCURACY method=FedPhoenixRG round=547 accuracy=69.879997
********************************************************************************
Round 547
ROUND_ACCURACY method=FedPhoenixRG round=548 accuracy=65.449997
********************************************************************************
Round 548
ROUND_ACCURACY method=FedPhoenixRG round=549 accuracy=60.919998
********************************************************************************
Round 549
ROUND_ACCURACY method=FedPhoenixRG round=550 accuracy=75.540001
********************************************************************************
Round 550
ROUND_ACCURACY method=FedPhoenixRG round=551 accuracy=76.239998
********************************************************************************
Round 551
ROUND_ACCURACY method=FedPhoenixRG round=552 accuracy=80.239998
********************************************************************************
Round 552
ROUND_ACCURACY method=FedPhoenixRG round=553 accuracy=79.660004
********************************************************************************
Round 553
ROUND_ACCURACY method=FedPhoenixRG round=554 accuracy=73.910004
********************************************************************************
Round 554
ROUND_ACCURACY method=FedPhoenixRG round=555 accuracy=77.879997
********************************************************************************
Round 555
ROUND_ACCURACY method=FedPhoenixRG round=556 accuracy=73.739998
********************************************************************************
Round 556
ROUND_ACCURACY method=FedPhoenixRG round=557 accuracy=76.190002
********************************************************************************
Round 557
ROUND_ACCURACY method=FedPhoenixRG round=558 accuracy=79.489998
********************************************************************************
Round 558
ROUND_ACCURACY method=FedPhoenixRG round=559 accuracy=78.120003
********************************************************************************
Round 559
RG_SCORE round=560 layer=features.0 mean_q=0.105403 max_q=0.351917 fraction_q_positive=0.921875 sampling_entropy=3.928893 uniform_entropy=4.158883 entropy_gap=0.229990 max_probability_over_uniform=3.104892 min_probability_over_uniform=0.100000
RG_SCORE round=560 layer=features.3 mean_q=0.084482 max_q=0.132553 fraction_q_positive=1.000000 sampling_entropy=4.119340 uniform_entropy=4.158883 entropy_gap=0.039543 max_probability_over_uniform=1.512104 min_probability_over_uniform=0.275460
RG_SCORE round=560 layer=features.7 mean_q=0.085431 max_q=0.147610 fraction_q_positive=1.000000 sampling_entropy=4.806681 uniform_entropy=4.852030 entropy_gap=0.045349 max_probability_over_uniform=1.655047 min_probability_over_uniform=0.244869
RG_SCORE round=560 layer=features.10 mean_q=0.087670 max_q=0.127605 fraction_q_positive=1.000000 sampling_entropy=4.834264 uniform_entropy=4.852030 entropy_gap=0.017766 max_probability_over_uniform=1.409967 min_probability_over_uniform=0.159994
RG_SCORE round=560 layer=features.14 mean_q=0.093295 max_q=0.160940 fraction_q_positive=1.000000 sampling_entropy=5.526316 uniform_entropy=5.545177 entropy_gap=0.018861 max_probability_over_uniform=1.652564 min_probability_over_uniform=0.311287
RG_SCORE round=560 layer=features.17 mean_q=0.092421 max_q=0.144253 fraction_q_positive=1.000000 sampling_entropy=5.528997 uniform_entropy=5.545177 entropy_gap=0.016180 max_probability_over_uniform=1.504741 min_probability_over_uniform=0.307841
RG_SCORE round=560 layer=features.20 mean_q=0.083159 max_q=0.116102 fraction_q_positive=1.000000 sampling_entropy=5.534815 uniform_entropy=5.545177 entropy_gap=0.010362 max_probability_over_uniform=1.356534 min_probability_over_uniform=0.450609
RG_SCORE round=560 layer=features.24 mean_q=0.101084 max_q=0.178296 fraction_q_positive=0.998047 sampling_entropy=6.211294 uniform_entropy=6.238325 entropy_gap=0.027031 max_probability_over_uniform=1.687454 min_probability_over_uniform=0.100000
RG_SCORE round=560 layer=features.27 mean_q=0.101009 max_q=0.170430 fraction_q_positive=1.000000 sampling_entropy=6.207292 uniform_entropy=6.238325 entropy_gap=0.031033 max_probability_over_uniform=1.618544 min_probability_over_uniform=0.153017
RG_SCORE round=560 layer=features.30 mean_q=0.086262 max_q=0.152722 fraction_q_positive=1.000000 sampling_entropy=6.208846 uniform_entropy=6.238325 entropy_gap=0.029479 max_probability_over_uniform=1.693405 min_probability_over_uniform=0.286318
RG_SCORE round=560 layer=features.34 mean_q=0.186570 max_q=0.344573 fraction_q_positive=1.000000 sampling_entropy=6.194112 uniform_entropy=6.238325 entropy_gap=0.044213 max_probability_over_uniform=1.762197 min_probability_over_uniform=0.124203
RG_SCORE round=560 layer=features.37 mean_q=0.159591 max_q=0.298744 fraction_q_positive=1.000000 sampling_entropy=6.179963 uniform_entropy=6.238325 entropy_gap=0.058362 max_probability_over_uniform=1.784738 min_probability_over_uniform=0.172700
RG_SCORE round=560 layer=features.40 mean_q=0.093210 max_q=0.257175 fraction_q_positive=0.958984 sampling_entropy=6.076542 uniform_entropy=6.238325 entropy_gap=0.161782 max_probability_over_uniform=2.583182 min_probability_over_uniform=0.100000
ROUND_ACCURACY method=FedPhoenixRG round=560 accuracy=77.379997
********************************************************************************
Round 560
ROUND_ACCURACY method=FedPhoenixRG round=561 accuracy=79.519997
********************************************************************************
Round 561
ROUND_ACCURACY method=FedPhoenixRG round=562 accuracy=77.830002
********************************************************************************
Round 562
ROUND_ACCURACY method=FedPhoenixRG round=563 accuracy=73.489998
********************************************************************************
Round 563
ROUND_ACCURACY method=FedPhoenixRG round=564 accuracy=77.809998
********************************************************************************
Round 564
ROUND_ACCURACY method=FedPhoenixRG round=565 accuracy=79.190002
********************************************************************************
Round 565
ROUND_ACCURACY method=FedPhoenixRG round=566 accuracy=73.300003
********************************************************************************
Round 566
ROUND_ACCURACY method=FedPhoenixRG round=567 accuracy=74.709999
********************************************************************************
Round 567
ROUND_ACCURACY method=FedPhoenixRG round=568 accuracy=63.549999
********************************************************************************
Round 568
ROUND_ACCURACY method=FedPhoenixRG round=569 accuracy=63.950001
********************************************************************************
Round 569
ROUND_ACCURACY method=FedPhoenixRG round=570 accuracy=80.540001
********************************************************************************
Round 570
ROUND_ACCURACY method=FedPhoenixRG round=571 accuracy=78.580002
********************************************************************************
Round 571
ROUND_ACCURACY method=FedPhoenixRG round=572 accuracy=79.570000
********************************************************************************
Round 572
ROUND_ACCURACY method=FedPhoenixRG round=573 accuracy=78.680000
********************************************************************************
Round 573
ROUND_ACCURACY method=FedPhoenixRG round=574 accuracy=81.050003
********************************************************************************
Round 574
ROUND_ACCURACY method=FedPhoenixRG round=575 accuracy=67.610001
********************************************************************************
Round 575
ROUND_ACCURACY method=FedPhoenixRG round=576 accuracy=73.690002
********************************************************************************
Round 576
ROUND_ACCURACY method=FedPhoenixRG round=577 accuracy=80.290001
********************************************************************************
Round 577
ROUND_ACCURACY method=FedPhoenixRG round=578 accuracy=69.940002
********************************************************************************
Round 578
ROUND_ACCURACY method=FedPhoenixRG round=579 accuracy=58.880001
********************************************************************************
Round 579
RG_SCORE round=580 layer=features.0 mean_q=0.085491 max_q=0.324315 fraction_q_positive=0.812500 sampling_entropy=3.816858 uniform_entropy=4.158883 entropy_gap=0.342025 max_probability_over_uniform=3.514215 min_probability_over_uniform=0.100000
RG_SCORE round=580 layer=features.3 mean_q=0.081945 max_q=0.138785 fraction_q_positive=0.984375 sampling_entropy=4.105489 uniform_entropy=4.158883 entropy_gap=0.053394 max_probability_over_uniform=1.624272 min_probability_over_uniform=0.100000
RG_SCORE round=580 layer=features.7 mean_q=0.095282 max_q=0.140101 fraction_q_positive=1.000000 sampling_entropy=4.835139 uniform_entropy=4.852030 entropy_gap=0.016892 max_probability_over_uniform=1.423334 min_probability_over_uniform=0.369111
RG_SCORE round=580 layer=features.10 mean_q=0.088704 max_q=0.121012 fraction_q_positive=1.000000 sampling_entropy=4.843913 uniform_entropy=4.852030 entropy_gap=0.008117 max_probability_over_uniform=1.327795 min_probability_over_uniform=0.630506
RG_SCORE round=580 layer=features.14 mean_q=0.095555 max_q=0.162169 fraction_q_positive=1.000000 sampling_entropy=5.532805 uniform_entropy=5.545177 entropy_gap=0.012372 max_probability_over_uniform=1.627420 min_probability_over_uniform=0.534400
RG_SCORE round=580 layer=features.17 mean_q=0.097460 max_q=0.157645 fraction_q_positive=1.000000 sampling_entropy=5.533708 uniform_entropy=5.545177 entropy_gap=0.011469 max_probability_over_uniform=1.555775 min_probability_over_uniform=0.638430
RG_SCORE round=580 layer=features.20 mean_q=0.085225 max_q=0.120359 fraction_q_positive=1.000000 sampling_entropy=5.535421 uniform_entropy=5.545177 entropy_gap=0.009757 max_probability_over_uniform=1.371027 min_probability_over_uniform=0.613004
RG_SCORE round=580 layer=features.24 mean_q=0.104640 max_q=0.194031 fraction_q_positive=1.000000 sampling_entropy=6.209586 uniform_entropy=6.238325 entropy_gap=0.028739 max_probability_over_uniform=1.768839 min_probability_over_uniform=0.199428
RG_SCORE round=580 layer=features.27 mean_q=0.106162 max_q=0.184176 fraction_q_positive=1.000000 sampling_entropy=6.203260 uniform_entropy=6.238325 entropy_gap=0.035064 max_probability_over_uniform=1.661365 min_probability_over_uniform=0.230256
RG_SCORE round=580 layer=features.30 mean_q=0.086103 max_q=0.154112 fraction_q_positive=0.998047 sampling_entropy=6.177954 uniform_entropy=6.238325 entropy_gap=0.060370 max_probability_over_uniform=1.710867 min_probability_over_uniform=0.100000
RG_SCORE round=580 layer=features.34 mean_q=0.214309 max_q=0.385653 fraction_q_positive=0.970703 sampling_entropy=6.154077 uniform_entropy=6.238325 entropy_gap=0.084248 max_probability_over_uniform=1.719564 min_probability_over_uniform=0.100000
RG_SCORE round=580 layer=features.37 mean_q=0.210380 max_q=0.389702 fraction_q_positive=0.992188 sampling_entropy=6.171517 uniform_entropy=6.238325 entropy_gap=0.066808 max_probability_over_uniform=1.767132 min_probability_over_uniform=0.100000
RG_SCORE round=580 layer=features.40 mean_q=0.140947 max_q=0.375561 fraction_q_positive=0.964844 sampling_entropy=6.103485 uniform_entropy=6.238325 entropy_gap=0.134840 max_probability_over_uniform=2.498093 min_probability_over_uniform=0.100000
ROUND_ACCURACY method=FedPhoenixRG round=580 accuracy=79.029999
********************************************************************************
Round 580
ROUND_ACCURACY method=FedPhoenixRG round=581 accuracy=79.769997
********************************************************************************
Round 581
ROUND_ACCURACY method=FedPhoenixRG round=582 accuracy=78.930000
********************************************************************************
Round 582
ROUND_ACCURACY method=FedPhoenixRG round=583 accuracy=72.809998
********************************************************************************
Round 583
ROUND_ACCURACY method=FedPhoenixRG round=584 accuracy=77.339996
********************************************************************************
Round 584
ROUND_ACCURACY method=FedPhoenixRG round=585 accuracy=75.449997
********************************************************************************
Round 585
ROUND_ACCURACY method=FedPhoenixRG round=586 accuracy=74.650002
********************************************************************************
Round 586
ROUND_ACCURACY method=FedPhoenixRG round=587 accuracy=63.509998
********************************************************************************
Round 587
ROUND_ACCURACY method=FedPhoenixRG round=588 accuracy=67.300003
********************************************************************************
Round 588
ROUND_ACCURACY method=FedPhoenixRG round=589 accuracy=75.870003
********************************************************************************
Round 589
ROUND_ACCURACY method=FedPhoenixRG round=590 accuracy=77.250000
********************************************************************************
Round 590
ROUND_ACCURACY method=FedPhoenixRG round=591 accuracy=61.360001
********************************************************************************
Round 591
ROUND_ACCURACY method=FedPhoenixRG round=592 accuracy=67.339996
********************************************************************************
Round 592
ROUND_ACCURACY method=FedPhoenixRG round=593 accuracy=78.519997
********************************************************************************
Round 593
ROUND_ACCURACY method=FedPhoenixRG round=594 accuracy=72.690002
********************************************************************************
Round 594
ROUND_ACCURACY method=FedPhoenixRG round=595 accuracy=78.120003
********************************************************************************
Round 595
ROUND_ACCURACY method=FedPhoenixRG round=596 accuracy=77.610001
********************************************************************************
Round 596
ROUND_ACCURACY method=FedPhoenixRG round=597 accuracy=76.339996
********************************************************************************
Round 597
ROUND_ACCURACY method=FedPhoenixRG round=598 accuracy=74.129997
********************************************************************************
Round 598
ROUND_ACCURACY method=FedPhoenixRG round=599 accuracy=76.209999
********************************************************************************
Round 599
RG_SCORE round=600 layer=features.0 mean_q=0.085774 max_q=0.293439 fraction_q_positive=0.796875 sampling_entropy=3.877105 uniform_entropy=4.158883 entropy_gap=0.281778 max_probability_over_uniform=3.178952 min_probability_over_uniform=0.100000
RG_SCORE round=600 layer=features.3 mean_q=0.062410 max_q=0.136225 fraction_q_positive=0.968750 sampling_entropy=4.060682 uniform_entropy=4.158883 entropy_gap=0.098201 max_probability_over_uniform=2.064484 min_probability_over_uniform=0.100000
RG_SCORE round=600 layer=features.7 mean_q=0.067036 max_q=0.122154 fraction_q_positive=1.000000 sampling_entropy=4.810603 uniform_entropy=4.852030 entropy_gap=0.041427 max_probability_over_uniform=1.740001 min_probability_over_uniform=0.276482
RG_SCORE round=600 layer=features.10 mean_q=0.067780 max_q=0.107536 fraction_q_positive=1.000000 sampling_entropy=4.829501 uniform_entropy=4.852030 entropy_gap=0.022529 max_probability_over_uniform=1.527904 min_probability_over_uniform=0.529575
RG_SCORE round=600 layer=features.14 mean_q=0.074760 max_q=0.137172 fraction_q_positive=1.000000 sampling_entropy=5.523774 uniform_entropy=5.545177 entropy_gap=0.021404 max_probability_over_uniform=1.751343 min_probability_over_uniform=0.455357
RG_SCORE round=600 layer=features.17 mean_q=0.072705 max_q=0.140129 fraction_q_positive=1.000000 sampling_entropy=5.517651 uniform_entropy=5.545177 entropy_gap=0.027526 max_probability_over_uniform=1.834636 min_probability_over_uniform=0.440336
RG_SCORE round=600 layer=features.20 mean_q=0.065806 max_q=0.114913 fraction_q_positive=1.000000 sampling_entropy=5.522348 uniform_entropy=5.545177 entropy_gap=0.022830 max_probability_over_uniform=1.671614 min_probability_over_uniform=0.424403
RG_SCORE round=600 layer=features.24 mean_q=0.097229 max_q=0.178002 fraction_q_positive=1.000000 sampling_entropy=6.207424 uniform_entropy=6.238325 entropy_gap=0.030901 max_probability_over_uniform=1.747671 min_probability_over_uniform=0.363218
RG_SCORE round=600 layer=features.27 mean_q=0.105439 max_q=0.173556 fraction_q_positive=1.000000 sampling_entropy=6.199804 uniform_entropy=6.238325 entropy_gap=0.038521 max_probability_over_uniform=1.581428 min_probability_over_uniform=0.107628
RG_SCORE round=600 layer=features.30 mean_q=0.093668 max_q=0.157320 fraction_q_positive=1.000000 sampling_entropy=6.210296 uniform_entropy=6.238325 entropy_gap=0.028029 max_probability_over_uniform=1.611605 min_probability_over_uniform=0.221328
RG_SCORE round=600 layer=features.34 mean_q=0.219398 max_q=0.377433 fraction_q_positive=1.000000 sampling_entropy=6.199877 uniform_entropy=6.238325 entropy_gap=0.038447 max_probability_over_uniform=1.648281 min_probability_over_uniform=0.134447
RG_SCORE round=600 layer=features.37 mean_q=0.211936 max_q=0.330879 fraction_q_positive=1.000000 sampling_entropy=6.206810 uniform_entropy=6.238325 entropy_gap=0.031514 max_probability_over_uniform=1.505096 min_probability_over_uniform=0.162080
RG_SCORE round=600 layer=features.40 mean_q=0.183189 max_q=0.369579 fraction_q_positive=1.000000 sampling_entropy=6.171909 uniform_entropy=6.238325 entropy_gap=0.066415 max_probability_over_uniform=1.915724 min_probability_over_uniform=0.112867
ROUND_ACCURACY method=FedPhoenixRG round=600 accuracy=78.650002
********************************************************************************
Round 600
ROUND_ACCURACY method=FedPhoenixRG round=601 accuracy=78.500000
********************************************************************************
Round 601
ROUND_ACCURACY method=FedPhoenixRG round=602 accuracy=79.680000
********************************************************************************
Round 602
ROUND_ACCURACY method=FedPhoenixRG round=603 accuracy=80.190002
********************************************************************************
Round 603
ROUND_ACCURACY method=FedPhoenixRG round=604 accuracy=79.940002
********************************************************************************
Round 604
ROUND_ACCURACY method=FedPhoenixRG round=605 accuracy=73.970001
********************************************************************************
Round 605
ROUND_ACCURACY method=FedPhoenixRG round=606 accuracy=79.449997
********************************************************************************
Round 606
ROUND_ACCURACY method=FedPhoenixRG round=607 accuracy=70.470001
********************************************************************************
Round 607
ROUND_ACCURACY method=FedPhoenixRG round=608 accuracy=75.510002
********************************************************************************
Round 608
ROUND_ACCURACY method=FedPhoenixRG round=609 accuracy=80.360001
********************************************************************************
Round 609
ROUND_ACCURACY method=FedPhoenixRG round=610 accuracy=71.300003
********************************************************************************
Round 610
ROUND_ACCURACY method=FedPhoenixRG round=611 accuracy=79.800003
********************************************************************************
Round 611
ROUND_ACCURACY method=FedPhoenixRG round=612 accuracy=77.089996
********************************************************************************
Round 612
ROUND_ACCURACY method=FedPhoenixRG round=613 accuracy=77.019997
********************************************************************************
Round 613
ROUND_ACCURACY method=FedPhoenixRG round=614 accuracy=73.059998
********************************************************************************
Round 614
ROUND_ACCURACY method=FedPhoenixRG round=615 accuracy=72.000000
********************************************************************************
Round 615
ROUND_ACCURACY method=FedPhoenixRG round=616 accuracy=77.019997
********************************************************************************
Round 616
ROUND_ACCURACY method=FedPhoenixRG round=617 accuracy=79.199997
********************************************************************************
Round 617
ROUND_ACCURACY method=FedPhoenixRG round=618 accuracy=78.550003
********************************************************************************
Round 618
ROUND_ACCURACY method=FedPhoenixRG round=619 accuracy=74.860001
********************************************************************************
Round 619
RG_SCORE round=620 layer=features.0 mean_q=0.097502 max_q=0.280049 fraction_q_positive=0.875000 sampling_entropy=3.910717 uniform_entropy=4.158883 entropy_gap=0.248167 max_probability_over_uniform=2.685006 min_probability_over_uniform=0.100000
RG_SCORE round=620 layer=features.3 mean_q=0.089816 max_q=0.141330 fraction_q_positive=1.000000 sampling_entropy=4.129097 uniform_entropy=4.158883 entropy_gap=0.029786 max_probability_over_uniform=1.516193 min_probability_over_uniform=0.473532
RG_SCORE round=620 layer=features.7 mean_q=0.096322 max_q=0.153409 fraction_q_positive=1.000000 sampling_entropy=4.832567 uniform_entropy=4.852030 entropy_gap=0.019463 max_probability_over_uniform=1.533400 min_probability_over_uniform=0.512721
RG_SCORE round=620 layer=features.10 mean_q=0.091795 max_q=0.123743 fraction_q_positive=1.000000 sampling_entropy=4.842952 uniform_entropy=4.852030 entropy_gap=0.009078 max_probability_over_uniform=1.313223 min_probability_over_uniform=0.632800
RG_SCORE round=620 layer=features.14 mean_q=0.102687 max_q=0.149884 fraction_q_positive=1.000000 sampling_entropy=5.536273 uniform_entropy=5.545177 entropy_gap=0.008905 max_probability_over_uniform=1.413655 min_probability_over_uniform=0.687948
RG_SCORE round=620 layer=features.17 mean_q=0.104140 max_q=0.141516 fraction_q_positive=1.000000 sampling_entropy=5.539136 uniform_entropy=5.545177 entropy_gap=0.006042 max_probability_over_uniform=1.323010 min_probability_over_uniform=0.629738
RG_SCORE round=620 layer=features.20 mean_q=0.090390 max_q=0.120311 fraction_q_positive=1.000000 sampling_entropy=5.540127 uniform_entropy=5.545177 entropy_gap=0.005050 max_probability_over_uniform=1.297922 min_probability_over_uniform=0.706866
RG_SCORE round=620 layer=features.24 mean_q=0.122665 max_q=0.192755 fraction_q_positive=1.000000 sampling_entropy=6.227520 uniform_entropy=6.238325 entropy_gap=0.010805 max_probability_over_uniform=1.514248 min_probability_over_uniform=0.452698
RG_SCORE round=620 layer=features.27 mean_q=0.136510 max_q=0.190307 fraction_q_positive=1.000000 sampling_entropy=6.225785 uniform_entropy=6.238325 entropy_gap=0.012539 max_probability_over_uniform=1.354678 min_probability_over_uniform=0.378053
RG_SCORE round=620 layer=features.30 mean_q=0.116320 max_q=0.170254 fraction_q_positive=1.000000 sampling_entropy=6.225208 uniform_entropy=6.238325 entropy_gap=0.013116 max_probability_over_uniform=1.417297 min_probability_over_uniform=0.518326
RG_SCORE round=620 layer=features.34 mean_q=0.253411 max_q=0.378785 fraction_q_positive=0.992188 sampling_entropy=6.204407 uniform_entropy=6.238325 entropy_gap=0.033918 max_probability_over_uniform=1.445269 min_probability_over_uniform=0.100000
RG_SCORE round=620 layer=features.37 mean_q=0.218094 max_q=0.370618 fraction_q_positive=0.998047 sampling_entropy=6.190878 uniform_entropy=6.238325 entropy_gap=0.047446 max_probability_over_uniform=1.629417 min_probability_over_uniform=0.100000
RG_SCORE round=620 layer=features.40 mean_q=0.156343 max_q=0.410760 fraction_q_positive=0.949219 sampling_entropy=6.080165 uniform_entropy=6.238325 entropy_gap=0.158159 max_probability_over_uniform=2.464568 min_probability_over_uniform=0.100000
ROUND_ACCURACY method=FedPhoenixRG round=620 accuracy=69.129997
********************************************************************************
Round 620
ROUND_ACCURACY method=FedPhoenixRG round=621 accuracy=69.589996
********************************************************************************
Round 621
ROUND_ACCURACY method=FedPhoenixRG round=622 accuracy=79.459999
********************************************************************************
Round 622
ROUND_ACCURACY method=FedPhoenixRG round=623 accuracy=63.340000
********************************************************************************
Round 623
ROUND_ACCURACY method=FedPhoenixRG round=624 accuracy=73.660004
********************************************************************************
Round 624
ROUND_ACCURACY method=FedPhoenixRG round=625 accuracy=79.620003
********************************************************************************
Round 625
ROUND_ACCURACY method=FedPhoenixRG round=626 accuracy=70.699997
********************************************************************************
Round 626
ROUND_ACCURACY method=FedPhoenixRG round=627 accuracy=74.019997
********************************************************************************
Round 627
ROUND_ACCURACY method=FedPhoenixRG round=628 accuracy=64.349998
********************************************************************************
Round 628
ROUND_ACCURACY method=FedPhoenixRG round=629 accuracy=75.209999
********************************************************************************
Round 629
ROUND_ACCURACY method=FedPhoenixRG round=630 accuracy=78.559998
********************************************************************************
Round 630
ROUND_ACCURACY method=FedPhoenixRG round=631 accuracy=79.870003
********************************************************************************
Round 631
ROUND_ACCURACY method=FedPhoenixRG round=632 accuracy=77.239998
********************************************************************************
Round 632
ROUND_ACCURACY method=FedPhoenixRG round=633 accuracy=73.150002
********************************************************************************
Round 633
ROUND_ACCURACY method=FedPhoenixRG round=634 accuracy=79.000000
********************************************************************************
Round 634
ROUND_ACCURACY method=FedPhoenixRG round=635 accuracy=74.220001
********************************************************************************
Round 635
ROUND_ACCURACY method=FedPhoenixRG round=636 accuracy=77.239998
********************************************************************************
Round 636
ROUND_ACCURACY method=FedPhoenixRG round=637 accuracy=80.440002
********************************************************************************
Round 637
ROUND_ACCURACY method=FedPhoenixRG round=638 accuracy=76.639999
********************************************************************************
Round 638
ROUND_ACCURACY method=FedPhoenixRG round=639 accuracy=64.730003
********************************************************************************
Round 639
RG_SCORE round=640 layer=features.0 mean_q=0.080476 max_q=0.332381 fraction_q_positive=0.796875 sampling_entropy=3.790666 uniform_entropy=4.158883 entropy_gap=0.368217 max_probability_over_uniform=3.817157 min_probability_over_uniform=0.100000
RG_SCORE round=640 layer=features.3 mean_q=0.050473 max_q=0.144802 fraction_q_positive=1.000000 sampling_entropy=4.029334 uniform_entropy=4.158883 entropy_gap=0.129549 max_probability_over_uniform=2.682022 min_probability_over_uniform=0.148174
RG_SCORE round=640 layer=features.7 mean_q=0.063687 max_q=0.158582 fraction_q_positive=1.000000 sampling_entropy=4.802572 uniform_entropy=4.852030 entropy_gap=0.049458 max_probability_over_uniform=2.341016 min_probability_over_uniform=0.282262
RG_SCORE round=640 layer=features.10 mean_q=0.061193 max_q=0.098718 fraction_q_positive=1.000000 sampling_entropy=4.832040 uniform_entropy=4.852030 entropy_gap=0.019990 max_probability_over_uniform=1.551890 min_probability_over_uniform=0.445854
RG_SCORE round=640 layer=features.14 mean_q=0.068399 max_q=0.121546 fraction_q_positive=1.000000 sampling_entropy=5.524290 uniform_entropy=5.545177 entropy_gap=0.020887 max_probability_over_uniform=1.699308 min_probability_over_uniform=0.417786
RG_SCORE round=640 layer=features.17 mean_q=0.068303 max_q=0.115861 fraction_q_positive=1.000000 sampling_entropy=5.523006 uniform_entropy=5.545177 entropy_gap=0.022172 max_probability_over_uniform=1.626658 min_probability_over_uniform=0.251465
RG_SCORE round=640 layer=features.20 mean_q=0.062292 max_q=0.093122 fraction_q_positive=1.000000 sampling_entropy=5.524124 uniform_entropy=5.545177 entropy_gap=0.021053 max_probability_over_uniform=1.445420 min_probability_over_uniform=0.356372
RG_SCORE round=640 layer=features.24 mean_q=0.085809 max_q=0.168940 fraction_q_positive=1.000000 sampling_entropy=6.213230 uniform_entropy=6.238325 entropy_gap=0.025095 max_probability_over_uniform=1.871923 min_probability_over_uniform=0.378390
RG_SCORE round=640 layer=features.27 mean_q=0.107851 max_q=0.192978 fraction_q_positive=1.000000 sampling_entropy=6.209640 uniform_entropy=6.238325 entropy_gap=0.028685 max_probability_over_uniform=1.710366 min_probability_over_uniform=0.312613
RG_SCORE round=640 layer=features.30 mean_q=0.085691 max_q=0.154280 fraction_q_positive=1.000000 sampling_entropy=6.211412 uniform_entropy=6.238325 entropy_gap=0.026913 max_probability_over_uniform=1.720379 min_probability_over_uniform=0.285976
RG_SCORE round=640 layer=features.34 mean_q=0.209437 max_q=0.346357 fraction_q_positive=0.998047 sampling_entropy=6.200460 uniform_entropy=6.238325 entropy_gap=0.037865 max_probability_over_uniform=1.588380 min_probability_over_uniform=0.100000
RG_SCORE round=640 layer=features.37 mean_q=0.178153 max_q=0.326393 fraction_q_positive=0.998047 sampling_entropy=6.182970 uniform_entropy=6.238325 entropy_gap=0.055355 max_probability_over_uniform=1.748886 min_probability_over_uniform=0.100000
RG_SCORE round=640 layer=features.40 mean_q=0.105801 max_q=0.291839 fraction_q_positive=0.912109 sampling_entropy=6.048754 uniform_entropy=6.238325 entropy_gap=0.189571 max_probability_over_uniform=2.582536 min_probability_over_uniform=0.100000
ROUND_ACCURACY method=FedPhoenixRG round=640 accuracy=77.050003
********************************************************************************
Round 640
ROUND_ACCURACY method=FedPhoenixRG round=641 accuracy=77.489998
********************************************************************************
Round 641
ROUND_ACCURACY method=FedPhoenixRG round=642 accuracy=75.459999
********************************************************************************
Round 642
ROUND_ACCURACY method=FedPhoenixRG round=643 accuracy=70.480003
********************************************************************************
Round 643
ROUND_ACCURACY method=FedPhoenixRG round=644 accuracy=72.150002
********************************************************************************
Round 644
ROUND_ACCURACY method=FedPhoenixRG round=645 accuracy=74.769997
********************************************************************************
Round 645
ROUND_ACCURACY method=FedPhoenixRG round=646 accuracy=74.120003
********************************************************************************
Round 646
ROUND_ACCURACY method=FedPhoenixRG round=647 accuracy=79.779999
********************************************************************************
Round 647
ROUND_ACCURACY method=FedPhoenixRG round=648 accuracy=80.230003
********************************************************************************
Round 648
ROUND_ACCURACY method=FedPhoenixRG round=649 accuracy=80.430000
********************************************************************************
Round 649
ROUND_ACCURACY method=FedPhoenixRG round=650 accuracy=80.389999
********************************************************************************
Round 650
ROUND_ACCURACY method=FedPhoenixRG round=651 accuracy=79.839996
********************************************************************************
Round 651
ROUND_ACCURACY method=FedPhoenixRG round=652 accuracy=77.099998
********************************************************************************
Round 652
ROUND_ACCURACY method=FedPhoenixRG round=653 accuracy=71.639999
********************************************************************************
Round 653
ROUND_ACCURACY method=FedPhoenixRG round=654 accuracy=80.680000
********************************************************************************
Round 654
ROUND_ACCURACY method=FedPhoenixRG round=655 accuracy=80.529999
********************************************************************************
Round 655
ROUND_ACCURACY method=FedPhoenixRG round=656 accuracy=75.040001
********************************************************************************
Round 656
ROUND_ACCURACY method=FedPhoenixRG round=657 accuracy=81.730003
********************************************************************************
Round 657
ROUND_ACCURACY method=FedPhoenixRG round=658 accuracy=76.209999
********************************************************************************
Round 658
ROUND_ACCURACY method=FedPhoenixRG round=659 accuracy=69.089996
********************************************************************************
Round 659
RG_SCORE round=660 layer=features.0 mean_q=0.115151 max_q=0.303475 fraction_q_positive=0.906250 sampling_entropy=3.958339 uniform_entropy=4.158883 entropy_gap=0.200544 max_probability_over_uniform=2.471902 min_probability_over_uniform=0.100000
RG_SCORE round=660 layer=features.3 mean_q=0.090142 max_q=0.139555 fraction_q_positive=1.000000 sampling_entropy=4.131081 uniform_entropy=4.158883 entropy_gap=0.027802 max_probability_over_uniform=1.493358 min_probability_over_uniform=0.321252
RG_SCORE round=660 layer=features.7 mean_q=0.086067 max_q=0.154721 fraction_q_positive=1.000000 sampling_entropy=4.835498 uniform_entropy=4.852030 entropy_gap=0.016532 max_probability_over_uniform=1.717916 min_probability_over_uniform=0.603876
RG_SCORE round=660 layer=features.10 mean_q=0.079969 max_q=0.117886 fraction_q_positive=1.000000 sampling_entropy=4.840511 uniform_entropy=4.852030 entropy_gap=0.011519 max_probability_over_uniform=1.426731 min_probability_over_uniform=0.615892
RG_SCORE round=660 layer=features.14 mean_q=0.090485 max_q=0.136823 fraction_q_positive=1.000000 sampling_entropy=5.535312 uniform_entropy=5.545177 entropy_gap=0.009865 max_probability_over_uniform=1.460899 min_probability_over_uniform=0.607274
RG_SCORE round=660 layer=features.17 mean_q=0.091120 max_q=0.145505 fraction_q_positive=1.000000 sampling_entropy=5.532134 uniform_entropy=5.545177 entropy_gap=0.013043 max_probability_over_uniform=1.537169 min_probability_over_uniform=0.546875
RG_SCORE round=660 layer=features.20 mean_q=0.079996 max_q=0.114230 fraction_q_positive=1.000000 sampling_entropy=5.532232 uniform_entropy=5.545177 entropy_gap=0.012945 max_probability_over_uniform=1.385160 min_probability_over_uniform=0.565185
RG_SCORE round=660 layer=features.24 mean_q=0.110926 max_q=0.181131 fraction_q_positive=1.000000 sampling_entropy=6.217938 uniform_entropy=6.238325 entropy_gap=0.020387 max_probability_over_uniform=1.569613 min_probability_over_uniform=0.305382
RG_SCORE round=660 layer=features.27 mean_q=0.140988 max_q=0.211428 fraction_q_positive=1.000000 sampling_entropy=6.211918 uniform_entropy=6.238325 entropy_gap=0.026407 max_probability_over_uniform=1.449654 min_probability_over_uniform=0.285318
RG_SCORE round=660 layer=features.30 mean_q=0.120490 max_q=0.174207 fraction_q_positive=1.000000 sampling_entropy=6.222030 uniform_entropy=6.238325 entropy_gap=0.016294 max_probability_over_uniform=1.401232 min_probability_over_uniform=0.392577
RG_SCORE round=660 layer=features.34 mean_q=0.277262 max_q=0.399960 fraction_q_positive=1.000000 sampling_entropy=6.220666 uniform_entropy=6.238325 entropy_gap=0.017659 max_probability_over_uniform=1.398280 min_probability_over_uniform=0.274024
RG_SCORE round=660 layer=features.37 mean_q=0.277950 max_q=0.408716 fraction_q_positive=1.000000 sampling_entropy=6.226110 uniform_entropy=6.238325 entropy_gap=0.012215 max_probability_over_uniform=1.423420 min_probability_over_uniform=0.389617
RG_SCORE round=660 layer=features.40 mean_q=0.233635 max_q=0.431756 fraction_q_positive=0.998047 sampling_entropy=6.193399 uniform_entropy=6.238325 entropy_gap=0.044926 max_probability_over_uniform=1.763195 min_probability_over_uniform=0.100000
ROUND_ACCURACY method=FedPhoenixRG round=660 accuracy=70.480003
********************************************************************************
Round 660
ROUND_ACCURACY method=FedPhoenixRG round=661 accuracy=73.470001
********************************************************************************
Round 661
ROUND_ACCURACY method=FedPhoenixRG round=662 accuracy=78.019997
********************************************************************************
Round 662
ROUND_ACCURACY method=FedPhoenixRG round=663 accuracy=80.040001
********************************************************************************
Round 663
ROUND_ACCURACY method=FedPhoenixRG round=664 accuracy=81.699997
********************************************************************************
Round 664
ROUND_ACCURACY method=FedPhoenixRG round=665 accuracy=80.059998
********************************************************************************
Round 665
ROUND_ACCURACY method=FedPhoenixRG round=666 accuracy=81.059998
********************************************************************************
Round 666
ROUND_ACCURACY method=FedPhoenixRG round=667 accuracy=79.809998
********************************************************************************
Round 667
ROUND_ACCURACY method=FedPhoenixRG round=668 accuracy=77.440002
********************************************************************************
Round 668
ROUND_ACCURACY method=FedPhoenixRG round=669 accuracy=81.940002
********************************************************************************
Round 669
ROUND_ACCURACY method=FedPhoenixRG round=670 accuracy=72.519997
********************************************************************************
Round 670
ROUND_ACCURACY method=FedPhoenixRG round=671 accuracy=70.650002
********************************************************************************
Round 671
ROUND_ACCURACY method=FedPhoenixRG round=672 accuracy=70.989998
********************************************************************************
Round 672
ROUND_ACCURACY method=FedPhoenixRG round=673 accuracy=80.400002
********************************************************************************
Round 673
ROUND_ACCURACY method=FedPhoenixRG round=674 accuracy=77.110001
********************************************************************************
Round 674
ROUND_ACCURACY method=FedPhoenixRG round=675 accuracy=79.050003
********************************************************************************
Round 675
ROUND_ACCURACY method=FedPhoenixRG round=676 accuracy=74.989998
********************************************************************************
Round 676
ROUND_ACCURACY method=FedPhoenixRG round=677 accuracy=73.150002
********************************************************************************
Round 677
ROUND_ACCURACY method=FedPhoenixRG round=678 accuracy=72.519997
********************************************************************************
Round 678
ROUND_ACCURACY method=FedPhoenixRG round=679 accuracy=65.889999
********************************************************************************
Round 679
RG_SCORE round=680 layer=features.0 mean_q=0.078895 max_q=0.315110 fraction_q_positive=0.765625 sampling_entropy=3.768771 uniform_entropy=4.158883 entropy_gap=0.390112 max_probability_over_uniform=3.694623 min_probability_over_uniform=0.100000
RG_SCORE round=680 layer=features.3 mean_q=0.067357 max_q=0.121517 fraction_q_positive=0.953125 sampling_entropy=4.074690 uniform_entropy=4.158883 entropy_gap=0.084193 max_probability_over_uniform=1.723667 min_probability_over_uniform=0.100000
RG_SCORE round=680 layer=features.7 mean_q=0.079051 max_q=0.175421 fraction_q_positive=1.000000 sampling_entropy=4.815335 uniform_entropy=4.852030 entropy_gap=0.036695 max_probability_over_uniform=2.097177 min_probability_over_uniform=0.218317
RG_SCORE round=680 layer=features.10 mean_q=0.077666 max_q=0.112314 fraction_q_positive=1.000000 sampling_entropy=4.838842 uniform_entropy=4.852030 entropy_gap=0.013188 max_probability_over_uniform=1.401509 min_probability_over_uniform=0.515810
RG_SCORE round=680 layer=features.14 mean_q=0.083965 max_q=0.155692 fraction_q_positive=1.000000 sampling_entropy=5.527672 uniform_entropy=5.545177 entropy_gap=0.017506 max_probability_over_uniform=1.768829 min_probability_over_uniform=0.368453
RG_SCORE round=680 layer=features.17 mean_q=0.081166 max_q=0.131204 fraction_q_positive=1.000000 sampling_entropy=5.532107 uniform_entropy=5.545177 entropy_gap=0.013070 max_probability_over_uniform=1.554845 min_probability_over_uniform=0.602300
RG_SCORE round=680 layer=features.20 mean_q=0.071887 max_q=0.097077 fraction_q_positive=1.000000 sampling_entropy=5.534161 uniform_entropy=5.545177 entropy_gap=0.011016 max_probability_over_uniform=1.315371 min_probability_over_uniform=0.495440
RG_SCORE round=680 layer=features.24 mean_q=0.104980 max_q=0.163646 fraction_q_positive=0.998047 sampling_entropy=6.218772 uniform_entropy=6.238325 entropy_gap=0.019552 max_probability_over_uniform=1.502941 min_probability_over_uniform=0.100000
RG_SCORE round=680 layer=features.27 mean_q=0.136633 max_q=0.224774 fraction_q_positive=1.000000 sampling_entropy=6.224290 uniform_entropy=6.238325 entropy_gap=0.014034 max_probability_over_uniform=1.580579 min_probability_over_uniform=0.221244
RG_SCORE round=680 layer=features.30 mean_q=0.112430 max_q=0.172945 fraction_q_positive=1.000000 sampling_entropy=6.216380 uniform_entropy=6.238325 entropy_gap=0.021945 max_probability_over_uniform=1.484419 min_probability_over_uniform=0.312570
RG_SCORE round=680 layer=features.34 mean_q=0.273303 max_q=0.398611 fraction_q_positive=1.000000 sampling_entropy=6.225969 uniform_entropy=6.238325 entropy_gap=0.012356 max_probability_over_uniform=1.412646 min_probability_over_uniform=0.276110
RG_SCORE round=680 layer=features.37 mean_q=0.270119 max_q=0.425450 fraction_q_positive=0.998047 sampling_entropy=6.224443 uniform_entropy=6.238325 entropy_gap=0.013882 max_probability_over_uniform=1.517543 min_probability_over_uniform=0.100000
RG_SCORE round=680 layer=features.40 mean_q=0.191802 max_q=0.439954 fraction_q_positive=0.996094 sampling_entropy=6.165118 uniform_entropy=6.238325 entropy_gap=0.073206 max_probability_over_uniform=2.164417 min_probability_over_uniform=0.100000
ROUND_ACCURACY method=FedPhoenixRG round=680 accuracy=71.389999
********************************************************************************
Round 680
ROUND_ACCURACY method=FedPhoenixRG round=681 accuracy=72.449997
********************************************************************************
Round 681
ROUND_ACCURACY method=FedPhoenixRG round=682 accuracy=79.190002
********************************************************************************
Round 682
ROUND_ACCURACY method=FedPhoenixRG round=683 accuracy=80.720001
********************************************************************************
Round 683
ROUND_ACCURACY method=FedPhoenixRG round=684 accuracy=79.930000
********************************************************************************
Round 684
ROUND_ACCURACY method=FedPhoenixRG round=685 accuracy=65.029999
********************************************************************************
Round 685
ROUND_ACCURACY method=FedPhoenixRG round=686 accuracy=68.720001
********************************************************************************
Round 686
ROUND_ACCURACY method=FedPhoenixRG round=687 accuracy=71.489998
********************************************************************************
Round 687
ROUND_ACCURACY method=FedPhoenixRG round=688 accuracy=72.989998
********************************************************************************
Round 688
ROUND_ACCURACY method=FedPhoenixRG round=689 accuracy=76.720001
********************************************************************************
Round 689
ROUND_ACCURACY method=FedPhoenixRG round=690 accuracy=74.949997
********************************************************************************
Round 690
ROUND_ACCURACY method=FedPhoenixRG round=691 accuracy=73.230003
********************************************************************************
Round 691
ROUND_ACCURACY method=FedPhoenixRG round=692 accuracy=71.830002
********************************************************************************
Round 692
ROUND_ACCURACY method=FedPhoenixRG round=693 accuracy=79.550003
********************************************************************************
Round 693
ROUND_ACCURACY method=FedPhoenixRG round=694 accuracy=70.510002
********************************************************************************
Round 694
ROUND_ACCURACY method=FedPhoenixRG round=695 accuracy=77.139999
********************************************************************************
Round 695
ROUND_ACCURACY method=FedPhoenixRG round=696 accuracy=79.050003
********************************************************************************
Round 696
ROUND_ACCURACY method=FedPhoenixRG round=697 accuracy=75.290001
********************************************************************************
Round 697
ROUND_ACCURACY method=FedPhoenixRG round=698 accuracy=81.150002
********************************************************************************
Round 698
ROUND_ACCURACY method=FedPhoenixRG round=699 accuracy=78.330002
********************************************************************************
Round 699
RG_SCORE round=700 layer=features.0 mean_q=0.073341 max_q=0.222052 fraction_q_positive=0.843750 sampling_entropy=3.839722 uniform_entropy=4.158883 entropy_gap=0.319161 max_probability_over_uniform=2.824907 min_probability_over_uniform=0.100000
RG_SCORE round=700 layer=features.3 mean_q=0.057519 max_q=0.147956 fraction_q_positive=0.984375 sampling_entropy=4.069000 uniform_entropy=4.158883 entropy_gap=0.089883 max_probability_over_uniform=2.415065 min_probability_over_uniform=0.100000
RG_SCORE round=700 layer=features.7 mean_q=0.062685 max_q=0.112395 fraction_q_positive=1.000000 sampling_entropy=4.809235 uniform_entropy=4.852030 entropy_gap=0.042795 max_probability_over_uniform=1.713709 min_probability_over_uniform=0.213916
RG_SCORE round=700 layer=features.10 mean_q=0.060597 max_q=0.090675 fraction_q_positive=1.000000 sampling_entropy=4.835306 uniform_entropy=4.852030 entropy_gap=0.016724 max_probability_over_uniform=1.446711 min_probability_over_uniform=0.546132
RG_SCORE round=700 layer=features.14 mean_q=0.068836 max_q=0.150866 fraction_q_positive=1.000000 sampling_entropy=5.523844 uniform_entropy=5.545177 entropy_gap=0.021334 max_probability_over_uniform=2.072502 min_probability_over_uniform=0.559485
RG_SCORE round=700 layer=features.17 mean_q=0.069059 max_q=0.131533 fraction_q_positive=1.000000 sampling_entropy=5.529232 uniform_entropy=5.545177 entropy_gap=0.015946 max_probability_over_uniform=1.814184 min_probability_over_uniform=0.530243
RG_SCORE round=700 layer=features.20 mean_q=0.062988 max_q=0.095215 fraction_q_positive=1.000000 sampling_entropy=5.532086 uniform_entropy=5.545177 entropy_gap=0.013091 max_probability_over_uniform=1.460472 min_probability_over_uniform=0.446969
RG_SCORE round=700 layer=features.24 mean_q=0.102173 max_q=0.183227 fraction_q_positive=1.000000 sampling_entropy=6.220028 uniform_entropy=6.238325 entropy_gap=0.018297 max_probability_over_uniform=1.713966 min_probability_over_uniform=0.447753
RG_SCORE round=700 layer=features.27 mean_q=0.140637 max_q=0.226935 fraction_q_positive=1.000000 sampling_entropy=6.223998 uniform_entropy=6.238325 entropy_gap=0.014327 max_probability_over_uniform=1.552257 min_probability_over_uniform=0.473999
RG_SCORE round=700 layer=features.30 mean_q=0.122784 max_q=0.183392 fraction_q_positive=1.000000 sampling_entropy=6.226855 uniform_entropy=6.238325 entropy_gap=0.011470 max_probability_over_uniform=1.444255 min_probability_over_uniform=0.520662
RG_SCORE round=700 layer=features.34 mean_q=0.299425 max_q=0.401016 fraction_q_positive=1.000000 sampling_entropy=6.221310 uniform_entropy=6.238325 entropy_gap=0.017014 max_probability_over_uniform=1.305357 min_probability_over_uniform=0.115096
RG_SCORE round=700 layer=features.37 mean_q=0.292976 max_q=0.422983 fraction_q_positive=1.000000 sampling_entropy=6.224002 uniform_entropy=6.238325 entropy_gap=0.014322 max_probability_over_uniform=1.399374 min_probability_over_uniform=0.271992
RG_SCORE round=700 layer=features.40 mean_q=0.251321 max_q=0.460081 fraction_q_positive=1.000000 sampling_entropy=6.202961 uniform_entropy=6.238325 entropy_gap=0.035364 max_probability_over_uniform=1.747585 min_probability_over_uniform=0.197325
ROUND_ACCURACY method=FedPhoenixRG round=700 accuracy=79.769997
********************************************************************************
Round 700
ROUND_ACCURACY method=FedPhoenixRG round=701 accuracy=75.250000
********************************************************************************
Round 701
ROUND_ACCURACY method=FedPhoenixRG round=702 accuracy=71.209999
********************************************************************************
Round 702
ROUND_ACCURACY method=FedPhoenixRG round=703 accuracy=63.509998
********************************************************************************
Round 703
ROUND_ACCURACY method=FedPhoenixRG round=704 accuracy=79.940002
********************************************************************************
Round 704
ROUND_ACCURACY method=FedPhoenixRG round=705 accuracy=80.830002
********************************************************************************
Round 705
ROUND_ACCURACY method=FedPhoenixRG round=706 accuracy=81.500000
********************************************************************************
Round 706
ROUND_ACCURACY method=FedPhoenixRG round=707 accuracy=80.889999
********************************************************************************
Round 707
ROUND_ACCURACY method=FedPhoenixRG round=708 accuracy=80.199997
********************************************************************************
Round 708
ROUND_ACCURACY method=FedPhoenixRG round=709 accuracy=75.949997
********************************************************************************
Round 709
ROUND_ACCURACY method=FedPhoenixRG round=710 accuracy=79.720001
********************************************************************************
Round 710
ROUND_ACCURACY method=FedPhoenixRG round=711 accuracy=80.809998
********************************************************************************
Round 711
ROUND_ACCURACY method=FedPhoenixRG round=712 accuracy=68.269997
********************************************************************************
Round 712
ROUND_ACCURACY method=FedPhoenixRG round=713 accuracy=81.260002
********************************************************************************
Round 713
ROUND_ACCURACY method=FedPhoenixRG round=714 accuracy=75.449997
********************************************************************************
Round 714
ROUND_ACCURACY method=FedPhoenixRG round=715 accuracy=74.870003
********************************************************************************
Round 715
ROUND_ACCURACY method=FedPhoenixRG round=716 accuracy=79.489998
********************************************************************************
Round 716
ROUND_ACCURACY method=FedPhoenixRG round=717 accuracy=78.139999
********************************************************************************
Round 717
ROUND_ACCURACY method=FedPhoenixRG round=718 accuracy=76.940002
********************************************************************************
Round 718
ROUND_ACCURACY method=FedPhoenixRG round=719 accuracy=79.150002
********************************************************************************
Round 719
RG_SCORE round=720 layer=features.0 mean_q=0.070393 max_q=0.278381 fraction_q_positive=0.640625 sampling_entropy=3.690683 uniform_entropy=4.158883 entropy_gap=0.468201 max_probability_over_uniform=3.659212 min_probability_over_uniform=0.100000
RG_SCORE round=720 layer=features.3 mean_q=0.048071 max_q=0.134070 fraction_q_positive=0.937500 sampling_entropy=3.991346 uniform_entropy=4.158883 entropy_gap=0.167537 max_probability_over_uniform=2.610088 min_probability_over_uniform=0.100000
RG_SCORE round=720 layer=features.7 mean_q=0.050929 max_q=0.117127 fraction_q_positive=0.976562 sampling_entropy=4.764964 uniform_entropy=4.852030 entropy_gap=0.087067 max_probability_over_uniform=2.169846 min_probability_over_uniform=0.100000
RG_SCORE round=720 layer=features.10 mean_q=0.047463 max_q=0.100745 fraction_q_positive=1.000000 sampling_entropy=4.808488 uniform_entropy=4.852030 entropy_gap=0.043542 max_probability_over_uniform=2.010334 min_probability_over_uniform=0.344150
RG_SCORE round=720 layer=features.14 mean_q=0.056816 max_q=0.112646 fraction_q_positive=1.000000 sampling_entropy=5.506720 uniform_entropy=5.545177 entropy_gap=0.038457 max_probability_over_uniform=1.884388 min_probability_over_uniform=0.300316
RG_SCORE round=720 layer=features.17 mean_q=0.056449 max_q=0.128728 fraction_q_positive=1.000000 sampling_entropy=5.512241 uniform_entropy=5.545177 entropy_gap=0.032937 max_probability_over_uniform=2.152396 min_probability_over_uniform=0.103908
RG_SCORE round=720 layer=features.20 mean_q=0.048028 max_q=0.088338 fraction_q_positive=0.996094 sampling_entropy=5.501736 uniform_entropy=5.545177 entropy_gap=0.043441 max_probability_over_uniform=1.755378 min_probability_over_uniform=0.100000
RG_SCORE round=720 layer=features.24 mean_q=0.073152 max_q=0.157306 fraction_q_positive=0.990234 sampling_entropy=6.171922 uniform_entropy=6.238325 entropy_gap=0.066403 max_probability_over_uniform=2.035361 min_probability_over_uniform=0.100000
RG_SCORE round=720 layer=features.27 mean_q=0.086865 max_q=0.169617 fraction_q_positive=1.000000 sampling_entropy=6.186023 uniform_entropy=6.238325 entropy_gap=0.052302 max_probability_over_uniform=1.857387 min_probability_over_uniform=0.149943
RG_SCORE round=720 layer=features.30 mean_q=0.066346 max_q=0.148237 fraction_q_positive=0.964844 sampling_entropy=6.137572 uniform_entropy=6.238325 entropy_gap=0.100753 max_probability_over_uniform=2.110862 min_probability_over_uniform=0.100000
RG_SCORE round=720 layer=features.34 mean_q=0.159917 max_q=0.389050 fraction_q_positive=0.939453 sampling_entropy=6.085011 uniform_entropy=6.238325 entropy_gap=0.153313 max_probability_over_uniform=2.289540 min_probability_over_uniform=0.100000
RG_SCORE round=720 layer=features.37 mean_q=0.134225 max_q=0.362402 fraction_q_positive=0.957031 sampling_entropy=6.103745 uniform_entropy=6.238325 entropy_gap=0.134579 max_probability_over_uniform=2.529963 min_probability_over_uniform=0.100000
RG_SCORE round=720 layer=features.40 mean_q=0.092899 max_q=0.320209 fraction_q_positive=0.843750 sampling_entropy=5.968468 uniform_entropy=6.238325 entropy_gap=0.269857 max_probability_over_uniform=3.202170 min_probability_over_uniform=0.100000
ROUND_ACCURACY method=FedPhoenixRG round=720 accuracy=77.669998
********************************************************************************
Round 720
ROUND_ACCURACY method=FedPhoenixRG round=721 accuracy=77.029999
********************************************************************************
Round 721
ROUND_ACCURACY method=FedPhoenixRG round=722 accuracy=73.320000
********************************************************************************
Round 722
ROUND_ACCURACY method=FedPhoenixRG round=723 accuracy=77.760002
********************************************************************************
Round 723
ROUND_ACCURACY method=FedPhoenixRG round=724 accuracy=74.860001
********************************************************************************
Round 724
ROUND_ACCURACY method=FedPhoenixRG round=725 accuracy=72.120003
********************************************************************************
Round 725
ROUND_ACCURACY method=FedPhoenixRG round=726 accuracy=72.519997
********************************************************************************
Round 726
ROUND_ACCURACY method=FedPhoenixRG round=727 accuracy=78.160004
********************************************************************************
Round 727
ROUND_ACCURACY method=FedPhoenixRG round=728 accuracy=78.870003
********************************************************************************
Round 728
ROUND_ACCURACY method=FedPhoenixRG round=729 accuracy=77.419998
********************************************************************************
Round 729
ROUND_ACCURACY method=FedPhoenixRG round=730 accuracy=70.550003
********************************************************************************
Round 730
ROUND_ACCURACY method=FedPhoenixRG round=731 accuracy=74.839996
********************************************************************************
Round 731
ROUND_ACCURACY method=FedPhoenixRG round=732 accuracy=70.570000
********************************************************************************
Round 732
ROUND_ACCURACY method=FedPhoenixRG round=733 accuracy=59.490002
********************************************************************************
Round 733
ROUND_ACCURACY method=FedPhoenixRG round=734 accuracy=69.879997
********************************************************************************
Round 734
ROUND_ACCURACY method=FedPhoenixRG round=735 accuracy=70.570000
********************************************************************************
Round 735
ROUND_ACCURACY method=FedPhoenixRG round=736 accuracy=69.000000
********************************************************************************
Round 736
ROUND_ACCURACY method=FedPhoenixRG round=737 accuracy=75.169998
********************************************************************************
Round 737
ROUND_ACCURACY method=FedPhoenixRG round=738 accuracy=77.059998
********************************************************************************
Round 738
ROUND_ACCURACY method=FedPhoenixRG round=739 accuracy=80.309998
********************************************************************************
Round 739
RG_SCORE round=740 layer=features.0 mean_q=0.060477 max_q=0.211992 fraction_q_positive=0.796875 sampling_entropy=3.804402 uniform_entropy=4.158883 entropy_gap=0.354481 max_probability_over_uniform=3.254812 min_probability_over_uniform=0.100000
RG_SCORE round=740 layer=features.3 mean_q=0.046014 max_q=0.082937 fraction_q_positive=0.984375 sampling_entropy=4.092622 uniform_entropy=4.158883 entropy_gap=0.066261 max_probability_over_uniform=1.722181 min_probability_over_uniform=0.100000
RG_SCORE round=740 layer=features.7 mean_q=0.051441 max_q=0.096417 fraction_q_positive=1.000000 sampling_entropy=4.814542 uniform_entropy=4.852030 entropy_gap=0.037488 max_probability_over_uniform=1.786895 min_probability_over_uniform=0.266631
RG_SCORE round=740 layer=features.10 mean_q=0.046928 max_q=0.072315 fraction_q_positive=1.000000 sampling_entropy=4.832894 uniform_entropy=4.852030 entropy_gap=0.019136 max_probability_over_uniform=1.486882 min_probability_over_uniform=0.557429
RG_SCORE round=740 layer=features.14 mean_q=0.050887 max_q=0.121660 fraction_q_positive=1.000000 sampling_entropy=5.514878 uniform_entropy=5.545177 entropy_gap=0.030299 max_probability_over_uniform=2.251724 min_probability_over_uniform=0.427637
RG_SCORE round=740 layer=features.17 mean_q=0.051132 max_q=0.112091 fraction_q_positive=1.000000 sampling_entropy=5.522490 uniform_entropy=5.545177 entropy_gap=0.022688 max_probability_over_uniform=2.072975 min_probability_over_uniform=0.513019
RG_SCORE round=740 layer=features.20 mean_q=0.046321 max_q=0.071645 fraction_q_positive=1.000000 sampling_entropy=5.525917 uniform_entropy=5.545177 entropy_gap=0.019261 max_probability_over_uniform=1.492053 min_probability_over_uniform=0.357560
RG_SCORE round=740 layer=features.24 mean_q=0.075209 max_q=0.145123 fraction_q_positive=1.000000 sampling_entropy=6.208511 uniform_entropy=6.238325 entropy_gap=0.029814 max_probability_over_uniform=1.836628 min_probability_over_uniform=0.379256
RG_SCORE round=740 layer=features.27 mean_q=0.095603 max_q=0.150662 fraction_q_positive=1.000000 sampling_entropy=6.211743 uniform_entropy=6.238325 entropy_gap=0.026582 max_probability_over_uniform=1.518325 min_probability_over_uniform=0.452634
RG_SCORE round=740 layer=features.30 mean_q=0.082785 max_q=0.142719 fraction_q_positive=1.000000 sampling_entropy=6.211387 uniform_entropy=6.238325 entropy_gap=0.026937 max_probability_over_uniform=1.651565 min_probability_over_uniform=0.360788
RG_SCORE round=740 layer=features.34 mean_q=0.186422 max_q=0.327393 fraction_q_positive=1.000000 sampling_entropy=6.191280 uniform_entropy=6.238325 entropy_gap=0.047044 max_probability_over_uniform=1.680576 min_probability_over_uniform=0.165645
RG_SCORE round=740 layer=features.37 mean_q=0.201442 max_q=0.322803 fraction_q_positive=1.000000 sampling_entropy=6.213255 uniform_entropy=6.238325 entropy_gap=0.025070 max_probability_over_uniform=1.542215 min_probability_over_uniform=0.197449
RG_SCORE round=740 layer=features.40 mean_q=0.147047 max_q=0.324907 fraction_q_positive=1.000000 sampling_entropy=6.159250 uniform_entropy=6.238325 entropy_gap=0.079075 max_probability_over_uniform=2.088594 min_probability_over_uniform=0.109587
ROUND_ACCURACY method=FedPhoenixRG round=740 accuracy=57.230000
********************************************************************************
Round 740
ROUND_ACCURACY method=FedPhoenixRG round=741 accuracy=70.330002
********************************************************************************
Round 741
ROUND_ACCURACY method=FedPhoenixRG round=742 accuracy=68.669998
********************************************************************************
Round 742
ROUND_ACCURACY method=FedPhoenixRG round=743 accuracy=72.989998
********************************************************************************
Round 743
ROUND_ACCURACY method=FedPhoenixRG round=744 accuracy=81.320000
********************************************************************************
Round 744
ROUND_ACCURACY method=FedPhoenixRG round=745 accuracy=79.949997
********************************************************************************
Round 745
ROUND_ACCURACY method=FedPhoenixRG round=746 accuracy=72.849998
********************************************************************************
Round 746
ROUND_ACCURACY method=FedPhoenixRG round=747 accuracy=78.809998
********************************************************************************
Round 747
ROUND_ACCURACY method=FedPhoenixRG round=748 accuracy=78.129997
********************************************************************************
Round 748
ROUND_ACCURACY method=FedPhoenixRG round=749 accuracy=77.989998
********************************************************************************
Round 749
ROUND_ACCURACY method=FedPhoenixRG round=750 accuracy=81.110001
********************************************************************************
Round 750
ROUND_ACCURACY method=FedPhoenixRG round=751 accuracy=80.709999
********************************************************************************
Round 751
ROUND_ACCURACY method=FedPhoenixRG round=752 accuracy=77.019997
********************************************************************************
Round 752
ROUND_ACCURACY method=FedPhoenixRG round=753 accuracy=80.989998
********************************************************************************
Round 753
ROUND_ACCURACY method=FedPhoenixRG round=754 accuracy=78.139999
********************************************************************************
Round 754
ROUND_ACCURACY method=FedPhoenixRG round=755 accuracy=77.669998
********************************************************************************
Round 755
ROUND_ACCURACY method=FedPhoenixRG round=756 accuracy=82.080002
********************************************************************************
Round 756
ROUND_ACCURACY method=FedPhoenixRG round=757 accuracy=80.010002
********************************************************************************
Round 757
ROUND_ACCURACY method=FedPhoenixRG round=758 accuracy=79.080002
********************************************************************************
Round 758
ROUND_ACCURACY method=FedPhoenixRG round=759 accuracy=75.930000
********************************************************************************
Round 759
RG_SCORE round=760 layer=features.0 mean_q=0.083549 max_q=0.420641 fraction_q_positive=0.718750 sampling_entropy=3.683112 uniform_entropy=4.158883 entropy_gap=0.475771 max_probability_over_uniform=4.631207 min_probability_over_uniform=0.100000
RG_SCORE round=760 layer=features.3 mean_q=0.045764 max_q=0.154481 fraction_q_positive=0.796875 sampling_entropy=3.829634 uniform_entropy=4.158883 entropy_gap=0.329249 max_probability_over_uniform=3.138065 min_probability_over_uniform=0.100000
RG_SCORE round=760 layer=features.7 mean_q=0.044744 max_q=0.146817 fraction_q_positive=0.890625 sampling_entropy=4.594485 uniform_entropy=4.852030 entropy_gap=0.257545 max_probability_over_uniform=3.053158 min_probability_over_uniform=0.100000
RG_SCORE round=760 layer=features.10 mean_q=0.044744 max_q=0.163379 fraction_q_positive=0.937500 sampling_entropy=4.647073 uniform_entropy=4.852030 entropy_gap=0.204957 max_probability_over_uniform=3.386312 min_probability_over_uniform=0.100000
RG_SCORE round=760 layer=features.14 mean_q=0.042957 max_q=0.135534 fraction_q_positive=0.902344 sampling_entropy=5.349986 uniform_entropy=5.545177 entropy_gap=0.195192 max_probability_over_uniform=2.939574 min_probability_over_uniform=0.100000
RG_SCORE round=760 layer=features.17 mean_q=0.046163 max_q=0.114889 fraction_q_positive=0.937500 sampling_entropy=5.406579 uniform_entropy=5.545177 entropy_gap=0.138599 max_probability_over_uniform=2.339897 min_probability_over_uniform=0.100000
RG_SCORE round=760 layer=features.20 mean_q=0.039079 max_q=0.118550 fraction_q_positive=0.925781 sampling_entropy=5.353959 uniform_entropy=5.545177 entropy_gap=0.191219 max_probability_over_uniform=2.830228 min_probability_over_uniform=0.100000
RG_SCORE round=760 layer=features.24 mean_q=0.066039 max_q=0.290042 fraction_q_positive=0.921875 sampling_entropy=6.066118 uniform_entropy=6.238325 entropy_gap=0.172207 max_probability_over_uniform=4.052781 min_probability_over_uniform=0.100000
RG_SCORE round=760 layer=features.27 mean_q=0.079167 max_q=0.212472 fraction_q_positive=0.939453 sampling_entropy=6.094369 uniform_entropy=6.238325 entropy_gap=0.143956 max_probability_over_uniform=2.515467 min_probability_over_uniform=0.100000
RG_SCORE round=760 layer=features.30 mean_q=0.065489 max_q=0.175694 fraction_q_positive=0.917969 sampling_entropy=6.052021 uniform_entropy=6.238325 entropy_gap=0.186303 max_probability_over_uniform=2.514534 min_probability_over_uniform=0.100000
RG_SCORE round=760 layer=features.34 mean_q=0.154855 max_q=0.375451 fraction_q_positive=0.869141 sampling_entropy=6.032653 uniform_entropy=6.238325 entropy_gap=0.205672 max_probability_over_uniform=2.282071 min_probability_over_uniform=0.100000
RG_SCORE round=760 layer=features.37 mean_q=0.160091 max_q=0.351202 fraction_q_positive=0.957031 sampling_entropy=6.121050 uniform_entropy=6.238325 entropy_gap=0.117275 max_probability_over_uniform=2.074385 min_probability_over_uniform=0.100000
RG_SCORE round=760 layer=features.40 mean_q=0.110353 max_q=0.345038 fraction_q_positive=0.861328 sampling_entropy=6.000309 uniform_entropy=6.238325 entropy_gap=0.238015 max_probability_over_uniform=2.913999 min_probability_over_uniform=0.100000
ROUND_ACCURACY method=FedPhoenixRG round=760 accuracy=80.750000
********************************************************************************
Round 760
ROUND_ACCURACY method=FedPhoenixRG round=761 accuracy=77.389999
********************************************************************************
Round 761
ROUND_ACCURACY method=FedPhoenixRG round=762 accuracy=78.059998
********************************************************************************
Round 762
ROUND_ACCURACY method=FedPhoenixRG round=763 accuracy=80.239998
********************************************************************************
Round 763
ROUND_ACCURACY method=FedPhoenixRG round=764 accuracy=78.389999
********************************************************************************
Round 764
ROUND_ACCURACY method=FedPhoenixRG round=765 accuracy=81.000000
********************************************************************************
Round 765
ROUND_ACCURACY method=FedPhoenixRG round=766 accuracy=78.730003
********************************************************************************
Round 766
ROUND_ACCURACY method=FedPhoenixRG round=767 accuracy=80.949997
********************************************************************************
Round 767
ROUND_ACCURACY method=FedPhoenixRG round=768 accuracy=76.330002
********************************************************************************
Round 768
ROUND_ACCURACY method=FedPhoenixRG round=769 accuracy=82.250000
********************************************************************************
Round 769
ROUND_ACCURACY method=FedPhoenixRG round=770 accuracy=82.059998
********************************************************************************
Round 770
ROUND_ACCURACY method=FedPhoenixRG round=771 accuracy=78.709999
********************************************************************************
Round 771
ROUND_ACCURACY method=FedPhoenixRG round=772 accuracy=75.019997
********************************************************************************
Round 772
ROUND_ACCURACY method=FedPhoenixRG round=773 accuracy=72.080002
********************************************************************************
Round 773
ROUND_ACCURACY method=FedPhoenixRG round=774 accuracy=77.610001
********************************************************************************
Round 774
ROUND_ACCURACY method=FedPhoenixRG round=775 accuracy=74.489998
********************************************************************************
Round 775
ROUND_ACCURACY method=FedPhoenixRG round=776 accuracy=73.110001
********************************************************************************
Round 776
ROUND_ACCURACY method=FedPhoenixRG round=777 accuracy=81.500000
********************************************************************************
Round 777
ROUND_ACCURACY method=FedPhoenixRG round=778 accuracy=72.790001
********************************************************************************
Round 778
ROUND_ACCURACY method=FedPhoenixRG round=779 accuracy=41.549999
********************************************************************************
Round 779
RG_SCORE round=780 layer=features.0 mean_q=0.047079 max_q=0.155434 fraction_q_positive=0.718750 sampling_entropy=3.755270 uniform_entropy=4.158883 entropy_gap=0.403613 max_probability_over_uniform=3.071373 min_probability_over_uniform=0.100000
RG_SCORE round=780 layer=features.3 mean_q=0.026948 max_q=0.084967 fraction_q_positive=0.875000 sampling_entropy=3.957857 uniform_entropy=4.158883 entropy_gap=0.201026 max_probability_over_uniform=2.937732 min_probability_over_uniform=0.100000
RG_SCORE round=780 layer=features.7 mean_q=0.031255 max_q=0.070139 fraction_q_positive=0.976562 sampling_entropy=4.719260 uniform_entropy=4.852030 entropy_gap=0.132770 max_probability_over_uniform=2.119683 min_probability_over_uniform=0.100000
RG_SCORE round=780 layer=features.10 mean_q=0.028407 max_q=0.059437 fraction_q_positive=0.992188 sampling_entropy=4.775049 uniform_entropy=4.852030 entropy_gap=0.076981 max_probability_over_uniform=1.983077 min_probability_over_uniform=0.100000
RG_SCORE round=780 layer=features.14 mean_q=0.036261 max_q=0.111028 fraction_q_positive=1.000000 sampling_entropy=5.488048 uniform_entropy=5.545177 entropy_gap=0.057130 max_probability_over_uniform=2.855695 min_probability_over_uniform=0.260646
RG_SCORE round=780 layer=features.17 mean_q=0.036532 max_q=0.072266 fraction_q_positive=1.000000 sampling_entropy=5.497007 uniform_entropy=5.545177 entropy_gap=0.048171 max_probability_over_uniform=1.880337 min_probability_over_uniform=0.357995
RG_SCORE round=780 layer=features.20 mean_q=0.033864 max_q=0.063850 fraction_q_positive=1.000000 sampling_entropy=5.505088 uniform_entropy=5.545177 entropy_gap=0.040089 max_probability_over_uniform=1.796962 min_probability_over_uniform=0.351289
RG_SCORE round=780 layer=features.24 mean_q=0.063372 max_q=0.151243 fraction_q_positive=1.000000 sampling_entropy=6.191134 uniform_entropy=6.238325 entropy_gap=0.047190 max_probability_over_uniform=2.247913 min_probability_over_uniform=0.130360
RG_SCORE round=780 layer=features.27 mean_q=0.094530 max_q=0.154126 fraction_q_positive=1.000000 sampling_entropy=6.195525 uniform_entropy=6.238325 entropy_gap=0.042800 max_probability_over_uniform=1.567399 min_probability_over_uniform=0.201307
RG_SCORE round=780 layer=features.30 mean_q=0.081420 max_q=0.130186 fraction_q_positive=1.000000 sampling_entropy=6.214524 uniform_entropy=6.238325 entropy_gap=0.023800 max_probability_over_uniform=1.539049 min_probability_over_uniform=0.289110
RG_SCORE round=780 layer=features.34 mean_q=0.197892 max_q=0.321959 fraction_q_positive=1.000000 sampling_entropy=6.203619 uniform_entropy=6.238325 entropy_gap=0.034706 max_probability_over_uniform=1.564250 min_probability_over_uniform=0.232860
RG_SCORE round=780 layer=features.37 mean_q=0.201682 max_q=0.351976 fraction_q_positive=0.998047 sampling_entropy=6.197569 uniform_entropy=6.238325 entropy_gap=0.040756 max_probability_over_uniform=1.670684 min_probability_over_uniform=0.100000
RG_SCORE round=780 layer=features.40 mean_q=0.162579 max_q=0.336255 fraction_q_positive=0.998047 sampling_entropy=6.176987 uniform_entropy=6.238325 entropy_gap=0.061338 max_probability_over_uniform=1.961434 min_probability_over_uniform=0.100000
ROUND_ACCURACY method=FedPhoenixRG round=780 accuracy=73.769997
********************************************************************************
Round 780
ROUND_ACCURACY method=FedPhoenixRG round=781 accuracy=63.950001
********************************************************************************
Round 781
ROUND_ACCURACY method=FedPhoenixRG round=782 accuracy=81.339996
********************************************************************************
Round 782
ROUND_ACCURACY method=FedPhoenixRG round=783 accuracy=73.919998
********************************************************************************
Round 783
ROUND_ACCURACY method=FedPhoenixRG round=784 accuracy=78.300003
********************************************************************************
Round 784
ROUND_ACCURACY method=FedPhoenixRG round=785 accuracy=76.199997
********************************************************************************
Round 785
ROUND_ACCURACY method=FedPhoenixRG round=786 accuracy=70.980003
********************************************************************************
Round 786
ROUND_ACCURACY method=FedPhoenixRG round=787 accuracy=80.750000
********************************************************************************
Round 787
ROUND_ACCURACY method=FedPhoenixRG round=788 accuracy=81.849998
********************************************************************************
Round 788
ROUND_ACCURACY method=FedPhoenixRG round=789 accuracy=80.639999
********************************************************************************
Round 789
ROUND_ACCURACY method=FedPhoenixRG round=790 accuracy=81.220001
********************************************************************************
Round 790
ROUND_ACCURACY method=FedPhoenixRG round=791 accuracy=81.639999
********************************************************************************
Round 791
ROUND_ACCURACY method=FedPhoenixRG round=792 accuracy=77.720001
********************************************************************************
Round 792
ROUND_ACCURACY method=FedPhoenixRG round=793 accuracy=72.570000
********************************************************************************
Round 793
ROUND_ACCURACY method=FedPhoenixRG round=794 accuracy=78.339996
********************************************************************************
Round 794
ROUND_ACCURACY method=FedPhoenixRG round=795 accuracy=80.870003
********************************************************************************
Round 795
ROUND_ACCURACY method=FedPhoenixRG round=796 accuracy=77.820000
********************************************************************************
Round 796
ROUND_ACCURACY method=FedPhoenixRG round=797 accuracy=77.120003
********************************************************************************
Round 797
ROUND_ACCURACY method=FedPhoenixRG round=798 accuracy=80.940002
********************************************************************************
Round 798
ROUND_ACCURACY method=FedPhoenixRG round=799 accuracy=82.019997
********************************************************************************
Round 799
RG_SCORE round=800 layer=features.0 mean_q=0.055007 max_q=0.151790 fraction_q_positive=0.718750 sampling_entropy=3.808626 uniform_entropy=4.158883 entropy_gap=0.350257 max_probability_over_uniform=2.583528 min_probability_over_uniform=0.100000
RG_SCORE round=800 layer=features.3 mean_q=0.052541 max_q=0.111035 fraction_q_positive=0.968750 sampling_entropy=4.046313 uniform_entropy=4.158883 entropy_gap=0.112570 max_probability_over_uniform=2.001948 min_probability_over_uniform=0.100000
RG_SCORE round=800 layer=features.7 mean_q=0.055752 max_q=0.103321 fraction_q_positive=1.000000 sampling_entropy=4.809851 uniform_entropy=4.852030 entropy_gap=0.042179 max_probability_over_uniform=1.767912 min_probability_over_uniform=0.446549
RG_SCORE round=800 layer=features.10 mean_q=0.053247 max_q=0.085910 fraction_q_positive=1.000000 sampling_entropy=4.825944 uniform_entropy=4.852030 entropy_gap=0.026087 max_probability_over_uniform=1.552083 min_probability_over_uniform=0.441162
RG_SCORE round=800 layer=features.14 mean_q=0.059822 max_q=0.116483 fraction_q_positive=1.000000 sampling_entropy=5.521031 uniform_entropy=5.545177 entropy_gap=0.024146 max_probability_over_uniform=1.852454 min_probability_over_uniform=0.454225
RG_SCORE round=800 layer=features.17 mean_q=0.058844 max_q=0.113637 fraction_q_positive=1.000000 sampling_entropy=5.520595 uniform_entropy=5.545177 entropy_gap=0.024582 max_probability_over_uniform=1.838029 min_probability_over_uniform=0.576645
RG_SCORE round=800 layer=features.20 mean_q=0.050442 max_q=0.076824 fraction_q_positive=1.000000 sampling_entropy=5.523548 uniform_entropy=5.545177 entropy_gap=0.021629 max_probability_over_uniform=1.470721 min_probability_over_uniform=0.427365
RG_SCORE round=800 layer=features.24 mean_q=0.082288 max_q=0.173767 fraction_q_positive=1.000000 sampling_entropy=6.197999 uniform_entropy=6.238325 entropy_gap=0.040326 max_probability_over_uniform=2.000512 min_probability_over_uniform=0.173177
RG_SCORE round=800 layer=features.27 mean_q=0.110043 max_q=0.196662 fraction_q_positive=1.000000 sampling_entropy=6.196478 uniform_entropy=6.238325 entropy_gap=0.041846 max_probability_over_uniform=1.708419 min_probability_over_uniform=0.135501
RG_SCORE round=800 layer=features.30 mean_q=0.086000 max_q=0.174142 fraction_q_positive=1.000000 sampling_entropy=6.201403 uniform_entropy=6.238325 entropy_gap=0.036921 max_probability_over_uniform=1.922425 min_probability_over_uniform=0.196579
RG_SCORE round=800 layer=features.34 mean_q=0.211467 max_q=0.383833 fraction_q_positive=0.982422 sampling_entropy=6.164560 uniform_entropy=6.238325 entropy_gap=0.073764 max_probability_over_uniform=1.733590 min_probability_over_uniform=0.100000
RG_SCORE round=800 layer=features.37 mean_q=0.194270 max_q=0.365848 fraction_q_positive=0.986328 sampling_entropy=6.160650 uniform_entropy=6.238325 entropy_gap=0.077675 max_probability_over_uniform=1.794876 min_probability_over_uniform=0.100000
RG_SCORE round=800 layer=features.40 mean_q=0.111662 max_q=0.396633 fraction_q_positive=0.824219 sampling_entropy=5.946404 uniform_entropy=6.238325 entropy_gap=0.291920 max_probability_over_uniform=3.296889 min_probability_over_uniform=0.100000
ROUND_ACCURACY method=FedPhoenixRG round=800 accuracy=81.070000
********************************************************************************
Round 800
ROUND_ACCURACY method=FedPhoenixRG round=801 accuracy=79.139999
********************************************************************************
Round 801
ROUND_ACCURACY method=FedPhoenixRG round=802 accuracy=78.379997
********************************************************************************
Round 802
ROUND_ACCURACY method=FedPhoenixRG round=803 accuracy=81.059998
********************************************************************************
Round 803
ROUND_ACCURACY method=FedPhoenixRG round=804 accuracy=78.080002
********************************************************************************
Round 804
ROUND_ACCURACY method=FedPhoenixRG round=805 accuracy=69.129997
********************************************************************************
Round 805
ROUND_ACCURACY method=FedPhoenixRG round=806 accuracy=79.169998
********************************************************************************
Round 806
ROUND_ACCURACY method=FedPhoenixRG round=807 accuracy=75.379997
********************************************************************************
Round 807
ROUND_ACCURACY method=FedPhoenixRG round=808 accuracy=79.660004
********************************************************************************
Round 808
ROUND_ACCURACY method=FedPhoenixRG round=809 accuracy=77.470001
********************************************************************************
Round 809
ROUND_ACCURACY method=FedPhoenixRG round=810 accuracy=81.000000
********************************************************************************
Round 810
ROUND_ACCURACY method=FedPhoenixRG round=811 accuracy=76.440002
********************************************************************************
Round 811
ROUND_ACCURACY method=FedPhoenixRG round=812 accuracy=68.309998
********************************************************************************
Round 812
ROUND_ACCURACY method=FedPhoenixRG round=813 accuracy=68.400002
********************************************************************************
Round 813
ROUND_ACCURACY method=FedPhoenixRG round=814 accuracy=73.059998
********************************************************************************
Round 814
ROUND_ACCURACY method=FedPhoenixRG round=815 accuracy=79.419998
********************************************************************************
Round 815
ROUND_ACCURACY method=FedPhoenixRG round=816 accuracy=80.300003
********************************************************************************
Round 816
ROUND_ACCURACY method=FedPhoenixRG round=817 accuracy=79.690002
********************************************************************************
Round 817
ROUND_ACCURACY method=FedPhoenixRG round=818 accuracy=79.800003
********************************************************************************
Round 818
ROUND_ACCURACY method=FedPhoenixRG round=819 accuracy=81.449997
********************************************************************************
Round 819
RG_SCORE round=820 layer=features.0 mean_q=0.061900 max_q=0.205005 fraction_q_positive=0.718750 sampling_entropy=3.775815 uniform_entropy=4.158883 entropy_gap=0.383068 max_probability_over_uniform=3.080680 min_probability_over_uniform=0.100000
RG_SCORE round=820 layer=features.3 mean_q=0.057487 max_q=0.113181 fraction_q_positive=1.000000 sampling_entropy=4.095342 uniform_entropy=4.158883 entropy_gap=0.063541 max_probability_over_uniform=1.871946 min_probability_over_uniform=0.363760
RG_SCORE round=820 layer=features.7 mean_q=0.061237 max_q=0.110974 fraction_q_positive=1.000000 sampling_entropy=4.809970 uniform_entropy=4.852030 entropy_gap=0.042060 max_probability_over_uniform=1.730993 min_probability_over_uniform=0.278245
RG_SCORE round=820 layer=features.10 mean_q=0.055667 max_q=0.094727 fraction_q_positive=1.000000 sampling_entropy=4.834881 uniform_entropy=4.852030 entropy_gap=0.017150 max_probability_over_uniform=1.631503 min_probability_over_uniform=0.602967
RG_SCORE round=820 layer=features.14 mean_q=0.063469 max_q=0.134103 fraction_q_positive=1.000000 sampling_entropy=5.523086 uniform_entropy=5.545177 entropy_gap=0.022092 max_probability_over_uniform=2.001603 min_probability_over_uniform=0.527967
RG_SCORE round=820 layer=features.17 mean_q=0.062178 max_q=0.107227 fraction_q_positive=1.000000 sampling_entropy=5.528946 uniform_entropy=5.545177 entropy_gap=0.016231 max_probability_over_uniform=1.652067 min_probability_over_uniform=0.545067
RG_SCORE round=820 layer=features.20 mean_q=0.053906 max_q=0.087381 fraction_q_positive=1.000000 sampling_entropy=5.532937 uniform_entropy=5.545177 entropy_gap=0.012240 max_probability_over_uniform=1.558890 min_probability_over_uniform=0.562079
RG_SCORE round=820 layer=features.24 mean_q=0.092387 max_q=0.193150 fraction_q_positive=1.000000 sampling_entropy=6.218927 uniform_entropy=6.238325 entropy_gap=0.019398 max_probability_over_uniform=1.981594 min_probability_over_uniform=0.552390
RG_SCORE round=820 layer=features.27 mean_q=0.133965 max_q=0.201783 fraction_q_positive=1.000000 sampling_entropy=6.226488 uniform_entropy=6.238325 entropy_gap=0.011836 max_probability_over_uniform=1.455606 min_probability_over_uniform=0.417651
RG_SCORE round=820 layer=features.30 mean_q=0.103239 max_q=0.158568 fraction_q_positive=1.000000 sampling_entropy=6.226867 uniform_entropy=6.238325 entropy_gap=0.011458 max_probability_over_uniform=1.482330 min_probability_over_uniform=0.635664
RG_SCORE round=820 layer=features.34 mean_q=0.253429 max_q=0.376384 fraction_q_positive=1.000000 sampling_entropy=6.221686 uniform_entropy=6.238325 entropy_gap=0.016639 max_probability_over_uniform=1.436652 min_probability_over_uniform=0.311426
RG_SCORE round=820 layer=features.37 mean_q=0.234638 max_q=0.366620 fraction_q_positive=1.000000 sampling_entropy=6.217763 uniform_entropy=6.238325 entropy_gap=0.020562 max_probability_over_uniform=1.506241 min_probability_over_uniform=0.356797
RG_SCORE round=820 layer=features.40 mean_q=0.179794 max_q=0.319006 fraction_q_positive=1.000000 sampling_entropy=6.195253 uniform_entropy=6.238325 entropy_gap=0.043072 max_probability_over_uniform=1.696857 min_probability_over_uniform=0.239835
ROUND_ACCURACY method=FedPhoenixRG round=820 accuracy=81.209999
********************************************************************************
Round 820
ROUND_ACCURACY method=FedPhoenixRG round=821 accuracy=79.080002
********************************************************************************
Round 821
ROUND_ACCURACY method=FedPhoenixRG round=822 accuracy=75.199997
********************************************************************************
Round 822
ROUND_ACCURACY method=FedPhoenixRG round=823 accuracy=65.559998
********************************************************************************
Round 823
ROUND_ACCURACY method=FedPhoenixRG round=824 accuracy=71.709999
********************************************************************************
Round 824
ROUND_ACCURACY method=FedPhoenixRG round=825 accuracy=77.410004
********************************************************************************
Round 825
ROUND_ACCURACY method=FedPhoenixRG round=826 accuracy=74.150002
********************************************************************************
Round 826
ROUND_ACCURACY method=FedPhoenixRG round=827 accuracy=70.410004
********************************************************************************
Round 827
ROUND_ACCURACY method=FedPhoenixRG round=828 accuracy=70.089996
********************************************************************************
Round 828
ROUND_ACCURACY method=FedPhoenixRG round=829 accuracy=78.379997
********************************************************************************
Round 829
ROUND_ACCURACY method=FedPhoenixRG round=830 accuracy=71.470001
********************************************************************************
Round 830
ROUND_ACCURACY method=FedPhoenixRG round=831 accuracy=80.849998
********************************************************************************
Round 831
ROUND_ACCURACY method=FedPhoenixRG round=832 accuracy=81.849998
********************************************************************************
Round 832
ROUND_ACCURACY method=FedPhoenixRG round=833 accuracy=76.970001
********************************************************************************
Round 833
ROUND_ACCURACY method=FedPhoenixRG round=834 accuracy=79.739998
********************************************************************************
Round 834
ROUND_ACCURACY method=FedPhoenixRG round=835 accuracy=81.400002
********************************************************************************
Round 835
ROUND_ACCURACY method=FedPhoenixRG round=836 accuracy=69.510002
********************************************************************************
Round 836
ROUND_ACCURACY method=FedPhoenixRG round=837 accuracy=81.489998
********************************************************************************
Round 837
ROUND_ACCURACY method=FedPhoenixRG round=838 accuracy=81.349998
********************************************************************************
Round 838
ROUND_ACCURACY method=FedPhoenixRG round=839 accuracy=76.720001
********************************************************************************
Round 839
RG_SCORE round=840 layer=features.0 mean_q=0.043938 max_q=0.181948 fraction_q_positive=0.781250 sampling_entropy=3.810129 uniform_entropy=4.158883 entropy_gap=0.348755 max_probability_over_uniform=3.826939 min_probability_over_uniform=0.100000
RG_SCORE round=840 layer=features.3 mean_q=0.036579 max_q=0.077675 fraction_q_positive=0.984375 sampling_entropy=4.078058 uniform_entropy=4.158883 entropy_gap=0.080825 max_probability_over_uniform=2.011155 min_probability_over_uniform=0.100000
RG_SCORE round=840 layer=features.7 mean_q=0.041701 max_q=0.088516 fraction_q_positive=1.000000 sampling_entropy=4.813622 uniform_entropy=4.852030 entropy_gap=0.038408 max_probability_over_uniform=2.010379 min_probability_over_uniform=0.439556
RG_SCORE round=840 layer=features.10 mean_q=0.045452 max_q=0.068974 fraction_q_positive=1.000000 sampling_entropy=4.829605 uniform_entropy=4.852030 entropy_gap=0.022425 max_probability_over_uniform=1.465759 min_probability_over_uniform=0.465293
RG_SCORE round=840 layer=features.14 mean_q=0.050372 max_q=0.115745 fraction_q_positive=1.000000 sampling_entropy=5.518297 uniform_entropy=5.545177 entropy_gap=0.026880 max_probability_over_uniform=2.168045 min_probability_over_uniform=0.584090
RG_SCORE round=840 layer=features.17 mean_q=0.046956 max_q=0.091768 fraction_q_positive=1.000000 sampling_entropy=5.518904 uniform_entropy=5.545177 entropy_gap=0.026273 max_probability_over_uniform=1.858881 min_probability_over_uniform=0.433828
RG_SCORE round=840 layer=features.20 mean_q=0.039743 max_q=0.071001 fraction_q_positive=1.000000 sampling_entropy=5.522513 uniform_entropy=5.545177 entropy_gap=0.022665 max_probability_over_uniform=1.707865 min_probability_over_uniform=0.435200
RG_SCORE round=840 layer=features.24 mean_q=0.065652 max_q=0.188926 fraction_q_positive=1.000000 sampling_entropy=6.180853 uniform_entropy=6.238325 entropy_gap=0.057471 max_probability_over_uniform=2.689921 min_probability_over_uniform=0.185955
RG_SCORE round=840 layer=features.27 mean_q=0.091113 max_q=0.179185 fraction_q_positive=1.000000 sampling_entropy=6.191488 uniform_entropy=6.238325 entropy_gap=0.046837 max_probability_over_uniform=1.869964 min_probability_over_uniform=0.241053
RG_SCORE round=840 layer=features.30 mean_q=0.071282 max_q=0.132591 fraction_q_positive=1.000000 sampling_entropy=6.198202 uniform_entropy=6.238325 entropy_gap=0.040123 max_probability_over_uniform=1.774075 min_probability_over_uniform=0.404782
RG_SCORE round=840 layer=features.34 mean_q=0.186043 max_q=0.353860 fraction_q_positive=0.998047 sampling_entropy=6.178759 uniform_entropy=6.238325 entropy_gap=0.059566 max_probability_over_uniform=1.811833 min_probability_over_uniform=0.100000
RG_SCORE round=840 layer=features.37 mean_q=0.187172 max_q=0.338921 fraction_q_positive=1.000000 sampling_entropy=6.187493 uniform_entropy=6.238325 entropy_gap=0.050832 max_probability_over_uniform=1.729673 min_probability_over_uniform=0.103035
RG_SCORE round=840 layer=features.40 mean_q=0.118858 max_q=0.343907 fraction_q_positive=0.982422 sampling_entropy=6.114955 uniform_entropy=6.238325 entropy_gap=0.123369 max_probability_over_uniform=2.704086 min_probability_over_uniform=0.100000
ROUND_ACCURACY method=FedPhoenixRG round=840 accuracy=65.239998
********************************************************************************
Round 840
ROUND_ACCURACY method=FedPhoenixRG round=841 accuracy=75.660004
********************************************************************************
Round 841
ROUND_ACCURACY method=FedPhoenixRG round=842 accuracy=66.190002
********************************************************************************
Round 842
ROUND_ACCURACY method=FedPhoenixRG round=843 accuracy=80.599998
********************************************************************************
Round 843
ROUND_ACCURACY method=FedPhoenixRG round=844 accuracy=77.529999
********************************************************************************
Round 844
ROUND_ACCURACY method=FedPhoenixRG round=845 accuracy=80.720001
********************************************************************************
Round 845
ROUND_ACCURACY method=FedPhoenixRG round=846 accuracy=74.629997
********************************************************************************
Round 846
ROUND_ACCURACY method=FedPhoenixRG round=847 accuracy=78.599998
********************************************************************************
Round 847
ROUND_ACCURACY method=FedPhoenixRG round=848 accuracy=81.559998
********************************************************************************
Round 848
ROUND_ACCURACY method=FedPhoenixRG round=849 accuracy=81.279999
********************************************************************************
Round 849
ROUND_ACCURACY method=FedPhoenixRG round=850 accuracy=82.300003
********************************************************************************
Round 850
ROUND_ACCURACY method=FedPhoenixRG round=851 accuracy=81.019997
********************************************************************************
Round 851
ROUND_ACCURACY method=FedPhoenixRG round=852 accuracy=81.559998
********************************************************************************
Round 852
ROUND_ACCURACY method=FedPhoenixRG round=853 accuracy=79.010002
********************************************************************************
Round 853
ROUND_ACCURACY method=FedPhoenixRG round=854 accuracy=74.040001
********************************************************************************
Round 854
ROUND_ACCURACY method=FedPhoenixRG round=855 accuracy=71.739998
********************************************************************************
Round 855
ROUND_ACCURACY method=FedPhoenixRG round=856 accuracy=79.910004
********************************************************************************
Round 856
ROUND_ACCURACY method=FedPhoenixRG round=857 accuracy=77.650002
********************************************************************************
Round 857
ROUND_ACCURACY method=FedPhoenixRG round=858 accuracy=80.570000
********************************************************************************
Round 858
ROUND_ACCURACY method=FedPhoenixRG round=859 accuracy=81.330002
********************************************************************************
Round 859
RG_SCORE round=860 layer=features.0 mean_q=0.064152 max_q=0.228726 fraction_q_positive=0.828125 sampling_entropy=3.860096 uniform_entropy=4.158883 entropy_gap=0.298787 max_probability_over_uniform=3.308840 min_probability_over_uniform=0.100000
RG_SCORE round=860 layer=features.3 mean_q=0.043551 max_q=0.082775 fraction_q_positive=1.000000 sampling_entropy=4.103081 uniform_entropy=4.158883 entropy_gap=0.055802 max_probability_over_uniform=1.810577 min_probability_over_uniform=0.242671
RG_SCORE round=860 layer=features.7 mean_q=0.047010 max_q=0.088704 fraction_q_positive=1.000000 sampling_entropy=4.804799 uniform_entropy=4.852030 entropy_gap=0.047231 max_probability_over_uniform=1.798233 min_probability_over_uniform=0.254033
RG_SCORE round=860 layer=features.10 mean_q=0.041744 max_q=0.062013 fraction_q_positive=1.000000 sampling_entropy=4.835694 uniform_entropy=4.852030 entropy_gap=0.016337 max_probability_over_uniform=1.436996 min_probability_over_uniform=0.597105
RG_SCORE round=860 layer=features.14 mean_q=0.048956 max_q=0.101483 fraction_q_positive=1.000000 sampling_entropy=5.515365 uniform_entropy=5.545177 entropy_gap=0.029813 max_probability_over_uniform=1.965645 min_probability_over_uniform=0.455012
RG_SCORE round=860 layer=features.17 mean_q=0.047123 max_q=0.104686 fraction_q_positive=1.000000 sampling_entropy=5.516379 uniform_entropy=5.545177 entropy_gap=0.028798 max_probability_over_uniform=2.099402 min_probability_over_uniform=0.536198
RG_SCORE round=860 layer=features.20 mean_q=0.040169 max_q=0.078941 fraction_q_positive=1.000000 sampling_entropy=5.525783 uniform_entropy=5.545177 entropy_gap=0.019394 max_probability_over_uniform=1.868700 min_probability_over_uniform=0.531131
RG_SCORE round=860 layer=features.24 mean_q=0.079339 max_q=0.164181 fraction_q_positive=1.000000 sampling_entropy=6.215027 uniform_entropy=6.238325 entropy_gap=0.023298 max_probability_over_uniform=1.962437 min_probability_over_uniform=0.565261
RG_SCORE round=860 layer=features.27 mean_q=0.119395 max_q=0.187771 fraction_q_positive=1.000000 sampling_entropy=6.225941 uniform_entropy=6.238325 entropy_gap=0.012384 max_probability_over_uniform=1.515426 min_probability_over_uniform=0.534255
RG_SCORE round=860 layer=features.30 mean_q=0.081605 max_q=0.128242 fraction_q_positive=1.000000 sampling_entropy=6.221095 uniform_entropy=6.238325 entropy_gap=0.017229 max_probability_over_uniform=1.514351 min_probability_over_uniform=0.461736
RG_SCORE round=860 layer=features.34 mean_q=0.202494 max_q=0.332901 fraction_q_positive=0.998047 sampling_entropy=6.186611 uniform_entropy=6.238325 entropy_gap=0.051714 max_probability_over_uniform=1.579604 min_probability_over_uniform=0.100000
RG_SCORE round=860 layer=features.37 mean_q=0.145959 max_q=0.299118 fraction_q_positive=0.996094 sampling_entropy=6.138893 uniform_entropy=6.238325 entropy_gap=0.099432 max_probability_over_uniform=1.944397 min_probability_over_uniform=0.100000
RG_SCORE round=860 layer=features.40 mean_q=0.083970 max_q=0.310951 fraction_q_positive=0.876953 sampling_entropy=5.965963 uniform_entropy=6.238325 entropy_gap=0.272361 max_probability_over_uniform=3.432805 min_probability_over_uniform=0.100000
ROUND_ACCURACY method=FedPhoenixRG round=860 accuracy=77.769997
********************************************************************************
Round 860
ROUND_ACCURACY method=FedPhoenixRG round=861 accuracy=75.809998
********************************************************************************
Round 861
ROUND_ACCURACY method=FedPhoenixRG round=862 accuracy=75.570000
********************************************************************************
Round 862
ROUND_ACCURACY method=FedPhoenixRG round=863 accuracy=71.110001
********************************************************************************
Round 863
ROUND_ACCURACY method=FedPhoenixRG round=864 accuracy=73.860001
********************************************************************************
Round 864
ROUND_ACCURACY method=FedPhoenixRG round=865 accuracy=79.410004
********************************************************************************
Round 865
ROUND_ACCURACY method=FedPhoenixRG round=866 accuracy=77.400002
********************************************************************************
Round 866
ROUND_ACCURACY method=FedPhoenixRG round=867 accuracy=80.690002
********************************************************************************
Round 867
ROUND_ACCURACY method=FedPhoenixRG round=868 accuracy=73.620003
********************************************************************************
Round 868
ROUND_ACCURACY method=FedPhoenixRG round=869 accuracy=81.879997
********************************************************************************
Round 869
ROUND_ACCURACY method=FedPhoenixRG round=870 accuracy=80.849998
********************************************************************************
Round 870
ROUND_ACCURACY method=FedPhoenixRG round=871 accuracy=81.809998
********************************************************************************
Round 871
ROUND_ACCURACY method=FedPhoenixRG round=872 accuracy=81.540001
********************************************************************************
Round 872
ROUND_ACCURACY method=FedPhoenixRG round=873 accuracy=80.250000
********************************************************************************
Round 873
ROUND_ACCURACY method=FedPhoenixRG round=874 accuracy=73.300003
********************************************************************************
Round 874
ROUND_ACCURACY method=FedPhoenixRG round=875 accuracy=81.510002
********************************************************************************
Round 875
ROUND_ACCURACY method=FedPhoenixRG round=876 accuracy=82.239998
********************************************************************************
Round 876
ROUND_ACCURACY method=FedPhoenixRG round=877 accuracy=78.120003
********************************************************************************
Round 877
ROUND_ACCURACY method=FedPhoenixRG round=878 accuracy=76.970001
********************************************************************************
Round 878
ROUND_ACCURACY method=FedPhoenixRG round=879 accuracy=62.759998
********************************************************************************
Round 879
RG_SCORE round=880 layer=features.0 mean_q=0.073667 max_q=0.308327 fraction_q_positive=0.765625 sampling_entropy=3.743691 uniform_entropy=4.158883 entropy_gap=0.415192 max_probability_over_uniform=3.866851 min_probability_over_uniform=0.100000
RG_SCORE round=880 layer=features.3 mean_q=0.050752 max_q=0.097798 fraction_q_positive=1.000000 sampling_entropy=4.070469 uniform_entropy=4.158883 entropy_gap=0.088414 max_probability_over_uniform=1.834294 min_probability_over_uniform=0.240415
RG_SCORE round=880 layer=features.7 mean_q=0.056440 max_q=0.104345 fraction_q_positive=0.992188 sampling_entropy=4.807916 uniform_entropy=4.852030 entropy_gap=0.044114 max_probability_over_uniform=1.763888 min_probability_over_uniform=0.100000
RG_SCORE round=880 layer=features.10 mean_q=0.054587 max_q=0.081136 fraction_q_positive=1.000000 sampling_entropy=4.835307 uniform_entropy=4.852030 entropy_gap=0.016723 max_probability_over_uniform=1.437727 min_probability_over_uniform=0.587980
RG_SCORE round=880 layer=features.14 mean_q=0.063293 max_q=0.126288 fraction_q_positive=1.000000 sampling_entropy=5.518728 uniform_entropy=5.545177 entropy_gap=0.026449 max_probability_over_uniform=1.895776 min_probability_over_uniform=0.455464
RG_SCORE round=880 layer=features.17 mean_q=0.062675 max_q=0.104222 fraction_q_positive=1.000000 sampling_entropy=5.522935 uniform_entropy=5.545177 entropy_gap=0.022243 max_probability_over_uniform=1.596607 min_probability_over_uniform=0.555003
RG_SCORE round=880 layer=features.20 mean_q=0.055703 max_q=0.085162 fraction_q_positive=1.000000 sampling_entropy=5.533552 uniform_entropy=5.545177 entropy_gap=0.011625 max_probability_over_uniform=1.475988 min_probability_over_uniform=0.625591
RG_SCORE round=880 layer=features.24 mean_q=0.102016 max_q=0.176456 fraction_q_positive=1.000000 sampling_entropy=6.216719 uniform_entropy=6.238325 entropy_gap=0.021606 max_probability_over_uniform=1.656719 min_probability_over_uniform=0.554657
RG_SCORE round=880 layer=features.27 mean_q=0.158655 max_q=0.231491 fraction_q_positive=1.000000 sampling_entropy=6.231559 uniform_entropy=6.238325 entropy_gap=0.006766 max_probability_over_uniform=1.413182 min_probability_over_uniform=0.616976
RG_SCORE round=880 layer=features.30 mean_q=0.119119 max_q=0.179865 fraction_q_positive=1.000000 sampling_entropy=6.229528 uniform_entropy=6.238325 entropy_gap=0.008797 max_probability_over_uniform=1.458966 min_probability_over_uniform=0.618418
RG_SCORE round=880 layer=features.34 mean_q=0.284082 max_q=0.374462 fraction_q_positive=1.000000 sampling_entropy=6.230376 uniform_entropy=6.238325 entropy_gap=0.007949 max_probability_over_uniform=1.286336 min_probability_over_uniform=0.529799
RG_SCORE round=880 layer=features.37 mean_q=0.250963 max_q=0.341590 fraction_q_positive=1.000000 sampling_entropy=6.227194 uniform_entropy=6.238325 entropy_gap=0.011131 max_probability_over_uniform=1.325005 min_probability_over_uniform=0.540033
RG_SCORE round=880 layer=features.40 mean_q=0.167573 max_q=0.320869 fraction_q_positive=1.000000 sampling_entropy=6.199941 uniform_entropy=6.238325 entropy_gap=0.038384 max_probability_over_uniform=1.823324 min_probability_over_uniform=0.226314
ROUND_ACCURACY method=FedPhoenixRG round=880 accuracy=81.849998
********************************************************************************
Round 880
ROUND_ACCURACY method=FedPhoenixRG round=881 accuracy=71.970001
********************************************************************************
Round 881
ROUND_ACCURACY method=FedPhoenixRG round=882 accuracy=81.779999
********************************************************************************
Round 882
ROUND_ACCURACY method=FedPhoenixRG round=883 accuracy=49.669998
********************************************************************************
Round 883
ROUND_ACCURACY method=FedPhoenixRG round=884 accuracy=77.059998
********************************************************************************
Round 884
ROUND_ACCURACY method=FedPhoenixRG round=885 accuracy=63.060001
********************************************************************************
Round 885
ROUND_ACCURACY method=FedPhoenixRG round=886 accuracy=64.120003
********************************************************************************
Round 886
ROUND_ACCURACY method=FedPhoenixRG round=887 accuracy=58.500000
********************************************************************************
Round 887
ROUND_ACCURACY method=FedPhoenixRG round=888 accuracy=73.400002
********************************************************************************
Round 888
ROUND_ACCURACY method=FedPhoenixRG round=889 accuracy=81.160004
********************************************************************************
Round 889
ROUND_ACCURACY method=FedPhoenixRG round=890 accuracy=78.930000
********************************************************************************
Round 890
ROUND_ACCURACY method=FedPhoenixRG round=891 accuracy=79.330002
********************************************************************************
Round 891
ROUND_ACCURACY method=FedPhoenixRG round=892 accuracy=76.910004
********************************************************************************
Round 892
ROUND_ACCURACY method=FedPhoenixRG round=893 accuracy=78.690002
********************************************************************************
Round 893
ROUND_ACCURACY method=FedPhoenixRG round=894 accuracy=78.410004
********************************************************************************
Round 894
ROUND_ACCURACY method=FedPhoenixRG round=895 accuracy=80.790001
********************************************************************************
Round 895
ROUND_ACCURACY method=FedPhoenixRG round=896 accuracy=80.809998
********************************************************************************
Round 896
ROUND_ACCURACY method=FedPhoenixRG round=897 accuracy=72.839996
********************************************************************************
Round 897
ROUND_ACCURACY method=FedPhoenixRG round=898 accuracy=65.949997
********************************************************************************
Round 898
ROUND_ACCURACY method=FedPhoenixRG round=899 accuracy=75.709999
********************************************************************************
Round 899
RG_SCORE round=900 layer=features.0 mean_q=0.019957 max_q=0.146073 fraction_q_positive=0.687500 sampling_entropy=3.592525 uniform_entropy=4.158883 entropy_gap=0.566358 max_probability_over_uniform=6.687277 min_probability_over_uniform=0.100000
RG_SCORE round=900 layer=features.3 mean_q=0.006891 max_q=0.035992 fraction_q_positive=0.671875 sampling_entropy=3.655787 uniform_entropy=4.158883 entropy_gap=0.503096 max_probability_over_uniform=4.800849 min_probability_over_uniform=0.100000
RG_SCORE round=900 layer=features.7 mean_q=0.009495 max_q=0.030456 fraction_q_positive=0.921875 sampling_entropy=4.639203 uniform_entropy=4.852030 entropy_gap=0.212827 max_probability_over_uniform=2.986762 min_probability_over_uniform=0.100000
RG_SCORE round=900 layer=features.10 mean_q=0.009160 max_q=0.028330 fraction_q_positive=0.968750 sampling_entropy=4.737817 uniform_entropy=4.852030 entropy_gap=0.114213 max_probability_over_uniform=2.883692 min_probability_over_uniform=0.100000
RG_SCORE round=900 layer=features.14 mean_q=0.010827 max_q=0.042693 fraction_q_positive=0.972656 sampling_entropy=5.418830 uniform_entropy=5.545177 entropy_gap=0.126347 max_probability_over_uniform=3.648768 min_probability_over_uniform=0.100000
RG_SCORE round=900 layer=features.17 mean_q=0.010359 max_q=0.025927 fraction_q_positive=0.996094 sampling_entropy=5.456227 uniform_entropy=5.545177 entropy_gap=0.088951 max_probability_over_uniform=2.352520 min_probability_over_uniform=0.100000
RG_SCORE round=900 layer=features.20 mean_q=0.009588 max_q=0.031194 fraction_q_positive=0.992188 sampling_entropy=5.437399 uniform_entropy=5.545177 entropy_gap=0.107778 max_probability_over_uniform=3.028150 min_probability_over_uniform=0.100000
RG_SCORE round=900 layer=features.24 mean_q=0.021833 max_q=0.097449 fraction_q_positive=0.976562 sampling_entropy=6.044059 uniform_entropy=6.238325 entropy_gap=0.194266 max_probability_over_uniform=4.116993 min_probability_over_uniform=0.100000
RG_SCORE round=900 layer=features.27 mean_q=0.035193 max_q=0.126599 fraction_q_positive=0.998047 sampling_entropy=6.067867 uniform_entropy=6.238325 entropy_gap=0.170457 max_probability_over_uniform=3.337496 min_probability_over_uniform=0.100000
RG_SCORE round=900 layer=features.30 mean_q=0.024126 max_q=0.101338 fraction_q_positive=0.998047 sampling_entropy=6.030601 uniform_entropy=6.238325 entropy_gap=0.207723 max_probability_over_uniform=3.880263 min_probability_over_uniform=0.100000
RG_SCORE round=900 layer=features.34 mean_q=0.101627 max_q=0.294440 fraction_q_positive=0.998047 sampling_entropy=6.052339 uniform_entropy=6.238325 entropy_gap=0.185985 max_probability_over_uniform=2.707533 min_probability_over_uniform=0.100000
RG_SCORE round=900 layer=features.37 mean_q=0.145525 max_q=0.390234 fraction_q_positive=1.000000 sampling_entropy=6.119703 uniform_entropy=6.238325 entropy_gap=0.118622 max_probability_over_uniform=2.513408 min_probability_over_uniform=0.123200
RG_SCORE round=900 layer=features.40 mean_q=0.116839 max_q=0.310087 fraction_q_positive=0.994141 sampling_entropy=6.137032 uniform_entropy=6.238325 entropy_gap=0.101293 max_probability_over_uniform=2.488566 min_probability_over_uniform=0.100000
ROUND_ACCURACY method=FedPhoenixRG round=900 accuracy=79.949997
********************************************************************************
Round 900
ROUND_ACCURACY method=FedPhoenixRG round=901 accuracy=81.070000
********************************************************************************
Round 901
ROUND_ACCURACY method=FedPhoenixRG round=902 accuracy=81.360001
********************************************************************************
Round 902
ROUND_ACCURACY method=FedPhoenixRG round=903 accuracy=80.580002
********************************************************************************
Round 903
ROUND_ACCURACY method=FedPhoenixRG round=904 accuracy=81.139999
********************************************************************************
Round 904
ROUND_ACCURACY method=FedPhoenixRG round=905 accuracy=81.800003
********************************************************************************
Round 905
ROUND_ACCURACY method=FedPhoenixRG round=906 accuracy=80.610001
********************************************************************************
Round 906
ROUND_ACCURACY method=FedPhoenixRG round=907 accuracy=80.870003
********************************************************************************
Round 907
ROUND_ACCURACY method=FedPhoenixRG round=908 accuracy=81.739998
********************************************************************************
Round 908
ROUND_ACCURACY method=FedPhoenixRG round=909 accuracy=79.080002
********************************************************************************
Round 909
ROUND_ACCURACY method=FedPhoenixRG round=910 accuracy=78.779999
********************************************************************************
Round 910
ROUND_ACCURACY method=FedPhoenixRG round=911 accuracy=79.660004
********************************************************************************
Round 911
ROUND_ACCURACY method=FedPhoenixRG round=912 accuracy=80.379997
********************************************************************************
Round 912
ROUND_ACCURACY method=FedPhoenixRG round=913 accuracy=78.570000
********************************************************************************
Round 913
ROUND_ACCURACY method=FedPhoenixRG round=914 accuracy=73.709999
********************************************************************************
Round 914
ROUND_ACCURACY method=FedPhoenixRG round=915 accuracy=82.010002
********************************************************************************
Round 915
ROUND_ACCURACY method=FedPhoenixRG round=916 accuracy=79.129997
********************************************************************************
Round 916
ROUND_ACCURACY method=FedPhoenixRG round=917 accuracy=81.370003
********************************************************************************
Round 917
ROUND_ACCURACY method=FedPhoenixRG round=918 accuracy=80.830002
********************************************************************************
Round 918
ROUND_ACCURACY method=FedPhoenixRG round=919 accuracy=80.919998
********************************************************************************
Round 919
RG_SCORE round=920 layer=features.0 mean_q=0.049995 max_q=0.220571 fraction_q_positive=0.656250 sampling_entropy=3.653140 uniform_entropy=4.158883 entropy_gap=0.505743 max_probability_over_uniform=4.070638 min_probability_over_uniform=0.100000
RG_SCORE round=920 layer=features.3 mean_q=0.046038 max_q=0.106869 fraction_q_positive=0.953125 sampling_entropy=4.023113 uniform_entropy=4.158883 entropy_gap=0.135770 max_probability_over_uniform=2.189182 min_probability_over_uniform=0.100000
RG_SCORE round=920 layer=features.7 mean_q=0.045270 max_q=0.135798 fraction_q_positive=0.953125 sampling_entropy=4.695527 uniform_entropy=4.852030 entropy_gap=0.156503 max_probability_over_uniform=2.799769 min_probability_over_uniform=0.100000
RG_SCORE round=920 layer=features.10 mean_q=0.041807 max_q=0.097349 fraction_q_positive=0.984375 sampling_entropy=4.787229 uniform_entropy=4.852030 entropy_gap=0.064802 max_probability_over_uniform=2.195653 min_probability_over_uniform=0.100000
RG_SCORE round=920 layer=features.14 mean_q=0.042272 max_q=0.106273 fraction_q_positive=0.988281 sampling_entropy=5.467650 uniform_entropy=5.545177 entropy_gap=0.077528 max_probability_over_uniform=2.362594 min_probability_over_uniform=0.100000
RG_SCORE round=920 layer=features.17 mean_q=0.044358 max_q=0.097485 fraction_q_positive=1.000000 sampling_entropy=5.495885 uniform_entropy=5.545177 entropy_gap=0.049292 max_probability_over_uniform=2.077901 min_probability_over_uniform=0.256511
RG_SCORE round=920 layer=features.20 mean_q=0.040377 max_q=0.072905 fraction_q_positive=1.000000 sampling_entropy=5.511461 uniform_entropy=5.545177 entropy_gap=0.033716 max_probability_over_uniform=1.725033 min_probability_over_uniform=0.317182
RG_SCORE round=920 layer=features.24 mean_q=0.071763 max_q=0.152806 fraction_q_positive=0.994141 sampling_entropy=6.187374 uniform_entropy=6.238325 entropy_gap=0.050951 max_probability_over_uniform=2.016381 min_probability_over_uniform=0.100000
RG_SCORE round=920 layer=features.27 mean_q=0.105936 max_q=0.191544 fraction_q_positive=0.998047 sampling_entropy=6.206562 uniform_entropy=6.238325 entropy_gap=0.031763 max_probability_over_uniform=1.727304 min_probability_over_uniform=0.100000
RG_SCORE round=920 layer=features.30 mean_q=0.072073 max_q=0.141792 fraction_q_positive=0.998047 sampling_entropy=6.188660 uniform_entropy=6.238325 entropy_gap=0.049665 max_probability_over_uniform=1.870600 min_probability_over_uniform=0.100000
RG_SCORE round=920 layer=features.34 mean_q=0.206148 max_q=0.443638 fraction_q_positive=0.984375 sampling_entropy=6.162013 uniform_entropy=6.238325 entropy_gap=0.076312 max_probability_over_uniform=2.036827 min_probability_over_uniform=0.100000
RG_SCORE round=920 layer=features.37 mean_q=0.179613 max_q=0.429380 fraction_q_positive=0.980469 sampling_entropy=6.133696 uniform_entropy=6.238325 entropy_gap=0.104629 max_probability_over_uniform=2.251529 min_probability_over_uniform=0.100000
RG_SCORE round=920 layer=features.40 mean_q=0.107890 max_q=0.377416 fraction_q_positive=0.886719 sampling_entropy=5.977713 uniform_entropy=6.238325 entropy_gap=0.260611 max_probability_over_uniform=3.248350 min_probability_over_uniform=0.100000
ROUND_ACCURACY method=FedPhoenixRG round=920 accuracy=76.930000
********************************************************************************
Round 920
ROUND_ACCURACY method=FedPhoenixRG round=921 accuracy=80.269997
********************************************************************************
Round 921
ROUND_ACCURACY method=FedPhoenixRG round=922 accuracy=81.830002
********************************************************************************
Round 922
ROUND_ACCURACY method=FedPhoenixRG round=923 accuracy=60.310001
********************************************************************************
Round 923
ROUND_ACCURACY method=FedPhoenixRG round=924 accuracy=65.889999
********************************************************************************
Round 924
ROUND_ACCURACY method=FedPhoenixRG round=925 accuracy=77.849998
********************************************************************************
Round 925
ROUND_ACCURACY method=FedPhoenixRG round=926 accuracy=75.919998
********************************************************************************
Round 926
ROUND_ACCURACY method=FedPhoenixRG round=927 accuracy=70.870003
********************************************************************************
Round 927
ROUND_ACCURACY method=FedPhoenixRG round=928 accuracy=67.870003
********************************************************************************
Round 928
ROUND_ACCURACY method=FedPhoenixRG round=929 accuracy=79.220001
********************************************************************************
Round 929
ROUND_ACCURACY method=FedPhoenixRG round=930 accuracy=81.129997
********************************************************************************
Round 930
ROUND_ACCURACY method=FedPhoenixRG round=931 accuracy=81.160004
********************************************************************************
Round 931
ROUND_ACCURACY method=FedPhoenixRG round=932 accuracy=81.139999
********************************************************************************
Round 932
ROUND_ACCURACY method=FedPhoenixRG round=933 accuracy=80.870003
********************************************************************************
Round 933
ROUND_ACCURACY method=FedPhoenixRG round=934 accuracy=81.820000
********************************************************************************
Round 934
ROUND_ACCURACY method=FedPhoenixRG round=935 accuracy=80.849998
********************************************************************************
Round 935
ROUND_ACCURACY method=FedPhoenixRG round=936 accuracy=79.410004
********************************************************************************
Round 936
ROUND_ACCURACY method=FedPhoenixRG round=937 accuracy=80.750000
********************************************************************************
Round 937
ROUND_ACCURACY method=FedPhoenixRG round=938 accuracy=81.389999
********************************************************************************
Round 938
ROUND_ACCURACY method=FedPhoenixRG round=939 accuracy=81.129997
********************************************************************************
Round 939
RG_SCORE round=940 layer=features.0 mean_q=0.027852 max_q=0.087913 fraction_q_positive=0.765625 sampling_entropy=3.810290 uniform_entropy=4.158883 entropy_gap=0.348593 max_probability_over_uniform=2.940821 min_probability_over_uniform=0.100000
RG_SCORE round=940 layer=features.3 mean_q=0.011556 max_q=0.038516 fraction_q_positive=0.843750 sampling_entropy=3.879752 uniform_entropy=4.158883 entropy_gap=0.279131 max_probability_over_uniform=3.099792 min_probability_over_uniform=0.100000
RG_SCORE round=940 layer=features.7 mean_q=0.013398 max_q=0.039472 fraction_q_positive=0.929688 sampling_entropy=4.652342 uniform_entropy=4.852030 entropy_gap=0.199688 max_probability_over_uniform=2.751592 min_probability_over_uniform=0.100000
RG_SCORE round=940 layer=features.10 mean_q=0.012023 max_q=0.029128 fraction_q_positive=0.960938 sampling_entropy=4.727836 uniform_entropy=4.852030 entropy_gap=0.124194 max_probability_over_uniform=2.280370 min_probability_over_uniform=0.100000
RG_SCORE round=940 layer=features.14 mean_q=0.012661 max_q=0.041056 fraction_q_positive=0.992188 sampling_entropy=5.429633 uniform_entropy=5.545177 entropy_gap=0.115545 max_probability_over_uniform=3.018414 min_probability_over_uniform=0.100000
RG_SCORE round=940 layer=features.17 mean_q=0.012412 max_q=0.039855 fraction_q_positive=1.000000 sampling_entropy=5.426444 uniform_entropy=5.545177 entropy_gap=0.118734 max_probability_over_uniform=2.989817 min_probability_over_uniform=0.125345
RG_SCORE round=940 layer=features.20 mean_q=0.010607 max_q=0.028869 fraction_q_positive=0.992188 sampling_entropy=5.421372 uniform_entropy=5.545177 entropy_gap=0.123805 max_probability_over_uniform=2.549594 min_probability_over_uniform=0.100000
RG_SCORE round=940 layer=features.24 mean_q=0.022424 max_q=0.113132 fraction_q_positive=0.990234 sampling_entropy=6.023080 uniform_entropy=6.238325 entropy_gap=0.215245 max_probability_over_uniform=4.640659 min_probability_over_uniform=0.100000
RG_SCORE round=940 layer=features.27 mean_q=0.040697 max_q=0.127760 fraction_q_positive=1.000000 sampling_entropy=6.066571 uniform_entropy=6.238325 entropy_gap=0.171754 max_probability_over_uniform=2.925392 min_probability_over_uniform=0.131377
RG_SCORE round=940 layer=features.30 mean_q=0.030417 max_q=0.086589 fraction_q_positive=1.000000 sampling_entropy=6.104884 uniform_entropy=6.238325 entropy_gap=0.133441 max_probability_over_uniform=2.662023 min_probability_over_uniform=0.148813
RG_SCORE round=940 layer=features.34 mean_q=0.119648 max_q=0.279054 fraction_q_positive=1.000000 sampling_entropy=6.090387 uniform_entropy=6.238325 entropy_gap=0.147937 max_probability_over_uniform=2.199050 min_probability_over_uniform=0.100183
RG_SCORE round=940 layer=features.37 mean_q=0.135008 max_q=0.305542 fraction_q_positive=0.990234 sampling_entropy=6.126706 uniform_entropy=6.238325 entropy_gap=0.111618 max_probability_over_uniform=2.136824 min_probability_over_uniform=0.100000
RG_SCORE round=940 layer=features.40 mean_q=0.080610 max_q=0.283577 fraction_q_positive=0.968750 sampling_entropy=6.059507 uniform_entropy=6.238325 entropy_gap=0.178818 max_probability_over_uniform=3.266101 min_probability_over_uniform=0.100000
ROUND_ACCURACY method=FedPhoenixRG round=940 accuracy=77.110001
********************************************************************************
Round 940
ROUND_ACCURACY method=FedPhoenixRG round=941 accuracy=78.750000
********************************************************************************
Round 941
ROUND_ACCURACY method=FedPhoenixRG round=942 accuracy=78.760002
********************************************************************************
Round 942
ROUND_ACCURACY method=FedPhoenixRG round=943 accuracy=79.139999
********************************************************************************
Round 943
ROUND_ACCURACY method=FedPhoenixRG round=944 accuracy=79.820000
********************************************************************************
Round 944
ROUND_ACCURACY method=FedPhoenixRG round=945 accuracy=80.980003
********************************************************************************
Round 945
ROUND_ACCURACY method=FedPhoenixRG round=946 accuracy=76.349998
********************************************************************************
Round 946
ROUND_ACCURACY method=FedPhoenixRG round=947 accuracy=78.940002
********************************************************************************
Round 947
ROUND_ACCURACY method=FedPhoenixRG round=948 accuracy=81.720001
********************************************************************************
Round 948
ROUND_ACCURACY method=FedPhoenixRG round=949 accuracy=77.800003
********************************************************************************
Round 949
ROUND_ACCURACY method=FedPhoenixRG round=950 accuracy=79.650002
********************************************************************************
Round 950
ROUND_ACCURACY method=FedPhoenixRG round=951 accuracy=77.489998
********************************************************************************
Round 951
ROUND_ACCURACY method=FedPhoenixRG round=952 accuracy=81.379997
********************************************************************************
Round 952
ROUND_ACCURACY method=FedPhoenixRG round=953 accuracy=81.360001
********************************************************************************
Round 953
ROUND_ACCURACY method=FedPhoenixRG round=954 accuracy=81.260002
********************************************************************************
Round 954
ROUND_ACCURACY method=FedPhoenixRG round=955 accuracy=80.040001
********************************************************************************
Round 955
ROUND_ACCURACY method=FedPhoenixRG round=956 accuracy=80.860001
********************************************************************************
Round 956
ROUND_ACCURACY method=FedPhoenixRG round=957 accuracy=72.779999
********************************************************************************
Round 957
ROUND_ACCURACY method=FedPhoenixRG round=958 accuracy=80.629997
********************************************************************************
Round 958
ROUND_ACCURACY method=FedPhoenixRG round=959 accuracy=80.959999
********************************************************************************
Round 959
RG_SCORE round=960 layer=features.0 mean_q=0.051053 max_q=0.262918 fraction_q_positive=0.640625 sampling_entropy=3.630519 uniform_entropy=4.158883 entropy_gap=0.528364 max_probability_over_uniform=4.734931 min_probability_over_uniform=0.100000
RG_SCORE round=960 layer=features.3 mean_q=0.042499 max_q=0.118477 fraction_q_positive=0.921875 sampling_entropy=4.029324 uniform_entropy=4.158883 entropy_gap=0.129559 max_probability_over_uniform=2.608975 min_probability_over_uniform=0.100000
RG_SCORE round=960 layer=features.7 mean_q=0.045930 max_q=0.100874 fraction_q_positive=0.992188 sampling_entropy=4.775415 uniform_entropy=4.852030 entropy_gap=0.076615 max_probability_over_uniform=2.076600 min_probability_over_uniform=0.100000
RG_SCORE round=960 layer=features.10 mean_q=0.041201 max_q=0.070625 fraction_q_positive=1.000000 sampling_entropy=4.822505 uniform_entropy=4.852030 entropy_gap=0.029525 max_probability_over_uniform=1.642730 min_probability_over_uniform=0.416134
RG_SCORE round=960 layer=features.14 mean_q=0.047211 max_q=0.087625 fraction_q_positive=1.000000 sampling_entropy=5.516340 uniform_entropy=5.545177 entropy_gap=0.028838 max_probability_over_uniform=1.770416 min_probability_over_uniform=0.431784
RG_SCORE round=960 layer=features.17 mean_q=0.046999 max_q=0.090618 fraction_q_positive=1.000000 sampling_entropy=5.512980 uniform_entropy=5.545177 entropy_gap=0.032197 max_probability_over_uniform=1.835278 min_probability_over_uniform=0.328952
RG_SCORE round=960 layer=features.20 mean_q=0.042390 max_q=0.070379 fraction_q_positive=1.000000 sampling_entropy=5.528239 uniform_entropy=5.545177 entropy_gap=0.016938 max_probability_over_uniform=1.594269 min_probability_over_uniform=0.460812
RG_SCORE round=960 layer=features.24 mean_q=0.077994 max_q=0.203713 fraction_q_positive=1.000000 sampling_entropy=6.210644 uniform_entropy=6.238325 entropy_gap=0.027681 max_probability_over_uniform=2.450703 min_probability_over_uniform=0.471709
RG_SCORE round=960 layer=features.27 mean_q=0.125140 max_q=0.195104 fraction_q_positive=1.000000 sampling_entropy=6.225870 uniform_entropy=6.238325 entropy_gap=0.012455 max_probability_over_uniform=1.503174 min_probability_over_uniform=0.342865
RG_SCORE round=960 layer=features.30 mean_q=0.091574 max_q=0.142119 fraction_q_positive=1.000000 sampling_entropy=6.222953 uniform_entropy=6.238325 entropy_gap=0.015371 max_probability_over_uniform=1.496762 min_probability_over_uniform=0.483095
RG_SCORE round=960 layer=features.34 mean_q=0.274716 max_q=0.392687 fraction_q_positive=1.000000 sampling_entropy=6.221607 uniform_entropy=6.238325 entropy_gap=0.016717 max_probability_over_uniform=1.386487 min_probability_over_uniform=0.185563
RG_SCORE round=960 layer=features.37 mean_q=0.288157 max_q=0.412378 fraction_q_positive=1.000000 sampling_entropy=6.218940 uniform_entropy=6.238325 entropy_gap=0.019384 max_probability_over_uniform=1.387981 min_probability_over_uniform=0.301863
RG_SCORE round=960 layer=features.40 mean_q=0.232150 max_q=0.439880 fraction_q_positive=1.000000 sampling_entropy=6.202006 uniform_entropy=6.238325 entropy_gap=0.036319 max_probability_over_uniform=1.805330 min_probability_over_uniform=0.149478
ROUND_ACCURACY method=FedPhoenixRG round=960 accuracy=72.910004
********************************************************************************
Round 960
ROUND_ACCURACY method=FedPhoenixRG round=961 accuracy=80.760002
********************************************************************************
Round 961
ROUND_ACCURACY method=FedPhoenixRG round=962 accuracy=79.570000
********************************************************************************
Round 962
ROUND_ACCURACY method=FedPhoenixRG round=963 accuracy=81.209999
********************************************************************************
Round 963
ROUND_ACCURACY method=FedPhoenixRG round=964 accuracy=73.070000
********************************************************************************
Round 964
ROUND_ACCURACY method=FedPhoenixRG round=965 accuracy=81.010002
********************************************************************************
Round 965
ROUND_ACCURACY method=FedPhoenixRG round=966 accuracy=81.739998
********************************************************************************
Round 966
ROUND_ACCURACY method=FedPhoenixRG round=967 accuracy=81.699997
********************************************************************************
Round 967
ROUND_ACCURACY method=FedPhoenixRG round=968 accuracy=81.230003
********************************************************************************
Round 968
ROUND_ACCURACY method=FedPhoenixRG round=969 accuracy=81.260002
********************************************************************************
Round 969
ROUND_ACCURACY method=FedPhoenixRG round=970 accuracy=81.190002
********************************************************************************
Round 970
ROUND_ACCURACY method=FedPhoenixRG round=971 accuracy=82.019997
********************************************************************************
Round 971
ROUND_ACCURACY method=FedPhoenixRG round=972 accuracy=81.260002
********************************************************************************
Round 972
ROUND_ACCURACY method=FedPhoenixRG round=973 accuracy=81.449997
********************************************************************************
Round 973
ROUND_ACCURACY method=FedPhoenixRG round=974 accuracy=76.209999
********************************************************************************
Round 974
ROUND_ACCURACY method=FedPhoenixRG round=975 accuracy=72.570000
********************************************************************************
Round 975
ROUND_ACCURACY method=FedPhoenixRG round=976 accuracy=75.540001
********************************************************************************
Round 976
ROUND_ACCURACY method=FedPhoenixRG round=977 accuracy=80.519997
********************************************************************************
Round 977
ROUND_ACCURACY method=FedPhoenixRG round=978 accuracy=73.010002
********************************************************************************
Round 978
ROUND_ACCURACY method=FedPhoenixRG round=979 accuracy=81.330002
********************************************************************************
Round 979
RG_SCORE round=980 layer=features.0 mean_q=0.034201 max_q=0.174039 fraction_q_positive=0.546875 sampling_entropy=3.554870 uniform_entropy=4.158883 entropy_gap=0.604013 max_probability_over_uniform=4.679795 min_probability_over_uniform=0.100000
RG_SCORE round=980 layer=features.3 mean_q=0.015608 max_q=0.057279 fraction_q_positive=0.828125 sampling_entropy=3.919088 uniform_entropy=4.158883 entropy_gap=0.239795 max_probability_over_uniform=3.402910 min_probability_over_uniform=0.100000
RG_SCORE round=980 layer=features.7 mean_q=0.017921 max_q=0.050379 fraction_q_positive=0.921875 sampling_entropy=4.652260 uniform_entropy=4.852030 entropy_gap=0.199771 max_probability_over_uniform=2.630085 min_probability_over_uniform=0.100000
RG_SCORE round=980 layer=features.10 mean_q=0.016299 max_q=0.040645 fraction_q_positive=0.984375 sampling_entropy=4.749834 uniform_entropy=4.852030 entropy_gap=0.102196 max_probability_over_uniform=2.344354 min_probability_over_uniform=0.100000
RG_SCORE round=980 layer=features.14 mean_q=0.019462 max_q=0.055431 fraction_q_positive=0.984375 sampling_entropy=5.437446 uniform_entropy=5.545177 entropy_gap=0.107731 max_probability_over_uniform=2.663333 min_probability_over_uniform=0.100000
RG_SCORE round=980 layer=features.17 mean_q=0.017991 max_q=0.051948 fraction_q_positive=0.996094 sampling_entropy=5.433605 uniform_entropy=5.545177 entropy_gap=0.111573 max_probability_over_uniform=2.698699 min_probability_over_uniform=0.100000
RG_SCORE round=980 layer=features.20 mean_q=0.013957 max_q=0.036183 fraction_q_positive=0.984375 sampling_entropy=5.425671 uniform_entropy=5.545177 entropy_gap=0.119507 max_probability_over_uniform=2.433215 min_probability_over_uniform=0.100000
RG_SCORE round=980 layer=features.24 mean_q=0.028677 max_q=0.104347 fraction_q_positive=0.974609 sampling_entropy=6.046040 uniform_entropy=6.238325 entropy_gap=0.192285 max_probability_over_uniform=3.374870 min_probability_over_uniform=0.100000
RG_SCORE round=980 layer=features.27 mean_q=0.039394 max_q=0.115095 fraction_q_positive=0.996094 sampling_entropy=6.090127 uniform_entropy=6.238325 entropy_gap=0.148198 max_probability_over_uniform=2.729500 min_probability_over_uniform=0.100000
RG_SCORE round=980 layer=features.30 mean_q=0.026788 max_q=0.099940 fraction_q_positive=0.994141 sampling_entropy=6.093438 uniform_entropy=6.238325 entropy_gap=0.144886 max_probability_over_uniform=3.457730 min_probability_over_uniform=0.100000
RG_SCORE round=980 layer=features.34 mean_q=0.090163 max_q=0.292296 fraction_q_positive=0.978516 sampling_entropy=6.020443 uniform_entropy=6.238325 entropy_gap=0.217881 max_probability_over_uniform=3.017687 min_probability_over_uniform=0.100000
RG_SCORE round=980 layer=features.37 mean_q=0.104436 max_q=0.266197 fraction_q_positive=0.978516 sampling_entropy=6.087968 uniform_entropy=6.238325 entropy_gap=0.150357 max_probability_over_uniform=2.394017 min_probability_over_uniform=0.100000
RG_SCORE round=980 layer=features.40 mean_q=0.082845 max_q=0.263161 fraction_q_positive=0.933594 sampling_entropy=6.010194 uniform_entropy=6.238325 entropy_gap=0.228131 max_probability_over_uniform=2.958879 min_probability_over_uniform=0.100000
ROUND_ACCURACY method=FedPhoenixRG round=980 accuracy=78.320000
********************************************************************************
Round 980
ROUND_ACCURACY method=FedPhoenixRG round=981 accuracy=80.360001
********************************************************************************
Round 981
ROUND_ACCURACY method=FedPhoenixRG round=982 accuracy=72.260002
********************************************************************************
Round 982
ROUND_ACCURACY method=FedPhoenixRG round=983 accuracy=81.540001
********************************************************************************
Round 983
ROUND_ACCURACY method=FedPhoenixRG round=984 accuracy=81.669998
********************************************************************************
Round 984
ROUND_ACCURACY method=FedPhoenixRG round=985 accuracy=82.209999
********************************************************************************
Round 985
ROUND_ACCURACY method=FedPhoenixRG round=986 accuracy=82.260002
********************************************************************************
Round 986
ROUND_ACCURACY method=FedPhoenixRG round=987 accuracy=82.099998
********************************************************************************
Round 987
ROUND_ACCURACY method=FedPhoenixRG round=988 accuracy=80.790001
********************************************************************************
Round 988
ROUND_ACCURACY method=FedPhoenixRG round=989 accuracy=67.540001
********************************************************************************
Round 989
ROUND_ACCURACY method=FedPhoenixRG round=990 accuracy=79.199997
********************************************************************************
Round 990
ROUND_ACCURACY method=FedPhoenixRG round=991 accuracy=74.480003
********************************************************************************
Round 991
ROUND_ACCURACY method=FedPhoenixRG round=992 accuracy=80.000000
********************************************************************************
Round 992
ROUND_ACCURACY method=FedPhoenixRG round=993 accuracy=81.110001
********************************************************************************
Round 993
ROUND_ACCURACY method=FedPhoenixRG round=994 accuracy=81.639999
********************************************************************************
Round 994
ROUND_ACCURACY method=FedPhoenixRG round=995 accuracy=78.480003
********************************************************************************
Round 995
ROUND_ACCURACY method=FedPhoenixRG round=996 accuracy=75.320000
********************************************************************************
Round 996
ROUND_ACCURACY method=FedPhoenixRG round=997 accuracy=79.050003
********************************************************************************
Round 997
ROUND_ACCURACY method=FedPhoenixRG round=998 accuracy=81.180000
********************************************************************************
Round 998
ROUND_ACCURACY method=FedPhoenixRG round=999 accuracy=81.370003
********************************************************************************
Round 999
RG_SCORE round=1000 layer=features.0 mean_q=0.043382 max_q=0.213426 fraction_q_positive=0.656250 sampling_entropy=3.613558 uniform_entropy=4.158883 entropy_gap=0.545326 max_probability_over_uniform=4.527712 min_probability_over_uniform=0.100000
RG_SCORE round=1000 layer=features.3 mean_q=0.032224 max_q=0.090134 fraction_q_positive=0.968750 sampling_entropy=3.970684 uniform_entropy=4.158883 entropy_gap=0.188199 max_probability_over_uniform=2.617415 min_probability_over_uniform=0.100000
RG_SCORE round=1000 layer=features.7 mean_q=0.030961 max_q=0.104735 fraction_q_positive=0.945312 sampling_entropy=4.663797 uniform_entropy=4.852030 entropy_gap=0.188233 max_probability_over_uniform=3.144468 min_probability_over_uniform=0.100000
RG_SCORE round=1000 layer=features.10 mean_q=0.027646 max_q=0.087077 fraction_q_positive=0.960938 sampling_entropy=4.737753 uniform_entropy=4.852030 entropy_gap=0.114277 max_probability_over_uniform=2.934722 min_probability_over_uniform=0.100000
RG_SCORE round=1000 layer=features.14 mean_q=0.032291 max_q=0.081504 fraction_q_positive=0.984375 sampling_entropy=5.448114 uniform_entropy=5.545177 entropy_gap=0.097063 max_probability_over_uniform=2.371674 min_probability_over_uniform=0.100000
RG_SCORE round=1000 layer=features.17 mean_q=0.030327 max_q=0.105805 fraction_q_positive=1.000000 sampling_entropy=5.470330 uniform_entropy=5.545177 entropy_gap=0.074848 max_probability_over_uniform=3.239977 min_probability_over_uniform=0.178141
RG_SCORE round=1000 layer=features.20 mean_q=0.026252 max_q=0.078227 fraction_q_positive=0.992188 sampling_entropy=5.471376 uniform_entropy=5.545177 entropy_gap=0.073801 max_probability_over_uniform=2.781859 min_probability_over_uniform=0.100000
RG_SCORE round=1000 layer=features.24 mean_q=0.052748 max_q=0.153088 fraction_q_positive=0.996094 sampling_entropy=6.149917 uniform_entropy=6.238325 entropy_gap=0.088408 max_probability_over_uniform=2.712012 min_probability_over_uniform=0.100000
RG_SCORE round=1000 layer=features.27 mean_q=0.082158 max_q=0.175269 fraction_q_positive=0.998047 sampling_entropy=6.173510 uniform_entropy=6.238325 entropy_gap=0.064815 max_probability_over_uniform=2.019994 min_probability_over_uniform=0.100000
RG_SCORE round=1000 layer=features.30 mean_q=0.061433 max_q=0.126088 fraction_q_positive=1.000000 sampling_entropy=6.176241 uniform_entropy=6.238325 entropy_gap=0.062084 max_probability_over_uniform=1.947213 min_probability_over_uniform=0.150451
RG_SCORE round=1000 layer=features.34 mean_q=0.208947 max_q=0.340139 fraction_q_positive=1.000000 sampling_entropy=6.210808 uniform_entropy=6.238325 entropy_gap=0.027517 max_probability_over_uniform=1.565083 min_probability_over_uniform=0.163535
RG_SCORE round=1000 layer=features.37 mean_q=0.199993 max_q=0.336721 fraction_q_positive=1.000000 sampling_entropy=6.207115 uniform_entropy=6.238325 entropy_gap=0.031209 max_probability_over_uniform=1.615298 min_probability_over_uniform=0.256167
RG_SCORE round=1000 layer=features.40 mean_q=0.127288 max_q=0.504487 fraction_q_positive=0.978516 sampling_entropy=6.101503 uniform_entropy=6.238325 entropy_gap=0.136822 max_probability_over_uniform=3.667022 min_probability_over_uniform=0.100000
ROUND_ACCURACY method=FedPhoenixRG round=1000 accuracy=63.250000
PEAK_ACCURACY method=FedPhoenixRG round=850 accuracy=82.300003
Unified training metrics saved to C:\Users\admin\Desktop\need_do\new_paper_four\FedPhoenix-finish\results\training_metrics\cifar10_vgg_FedPhoenixRG_seed1_pilot1000_mix090_fp1000.csv
