Client partition: 100 clients, min=30, max=1447, mean=500.00, std=220.72
Evaluation protocol: full server test set evaluated every round (10000 samples).
VGG16(
  (features): Sequential(
    (0): Conv2d(3, 64, kernel_size=(3, 3), stride=(1, 1), padding=(1, 1))
    (1): BatchNorm2d(64, eps=1e-05, momentum=0.1, affine=True, track_running_stats=True)
    (2): ReLU(inplace=True)
    (3): Conv2d(64, 64, kernel_size=(3, 3), stride=(1, 1), padding=(1, 1))
    (4): BatchNorm2d(64, eps=1e-05, momentum=0.1, affine=True, track_running_stats=True)
    (5): ReLU(inplace=True)
    (6): MaxPool2d(kernel_size=2, stride=2, padding=0, dilation=1, ceil_mode=False)
    (7): Conv2d(64, 128, kernel_size=(3, 3), stride=(1, 1), padding=(1, 1))
    (8): BatchNorm2d(128, eps=1e-05, momentum=0.1, affine=True, track_running_stats=True)
    (9): ReLU(inplace=True)
    (10): Conv2d(128, 128, kernel_size=(3, 3), stride=(1, 1), padding=(1, 1))
    (11): BatchNorm2d(128, eps=1e-05, momentum=0.1, affine=True, track_running_stats=True)
    (12): ReLU(inplace=True)
    (13): MaxPool2d(kernel_size=2, stride=2, padding=0, dilation=1, ceil_mode=False)
    (14): Conv2d(128, 256, kernel_size=(3, 3), stride=(1, 1), padding=(1, 1))
    (15): BatchNorm2d(256, eps=1e-05, momentum=0.1, affine=True, track_running_stats=True)
    (16): ReLU(inplace=True)
    (17): Conv2d(256, 256, kernel_size=(3, 3), stride=(1, 1), padding=(1, 1))
    (18): BatchNorm2d(256, eps=1e-05, momentum=0.1, affine=True, track_running_stats=True)
    (19): ReLU(inplace=True)
    (20): Conv2d(256, 256, kernel_size=(3, 3), stride=(1, 1), padding=(1, 1))
    (21): BatchNorm2d(256, eps=1e-05, momentum=0.1, affine=True, track_running_stats=True)
    (22): ReLU(inplace=True)
    (23): MaxPool2d(kernel_size=2, stride=2, padding=0, dilation=1, ceil_mode=False)
    (24): Conv2d(256, 512, kernel_size=(3, 3), stride=(1, 1), padding=(1, 1))
    (25): BatchNorm2d(512, eps=1e-05, momentum=0.1, affine=True, track_running_stats=True)
    (26): ReLU(inplace=True)
    (27): Conv2d(512, 512, kernel_size=(3, 3), stride=(1, 1), padding=(1, 1))
    (28): BatchNorm2d(512, eps=1e-05, momentum=0.1, affine=True, track_running_stats=True)
    (29): ReLU(inplace=True)
    (30): Conv2d(512, 512, kernel_size=(3, 3), stride=(1, 1), padding=(1, 1))
    (31): BatchNorm2d(512, eps=1e-05, momentum=0.1, affine=True, track_running_stats=True)
    (32): ReLU(inplace=True)
    (33): MaxPool2d(kernel_size=2, stride=2, padding=0, dilation=1, ceil_mode=False)
    (34): Conv2d(512, 512, kernel_size=(3, 3), stride=(1, 1), padding=(1, 1))
    (35): BatchNorm2d(512, eps=1e-05, momentum=0.1, affine=True, track_running_stats=True)
    (36): ReLU(inplace=True)
    (37): Conv2d(512, 512, kernel_size=(3, 3), stride=(1, 1), padding=(1, 1))
    (38): BatchNorm2d(512, eps=1e-05, momentum=0.1, affine=True, track_running_stats=True)
    (39): ReLU(inplace=True)
    (40): Conv2d(512, 512, kernel_size=(3, 3), stride=(1, 1), padding=(1, 1))
    (41): BatchNorm2d(512, eps=1e-05, momentum=0.1, affine=True, track_running_stats=True)
    (42): ReLU(inplace=True)
    (43): MaxPool2d(kernel_size=2, stride=2, padding=0, dilation=1, ceil_mode=False)
    (44): AdaptiveAvgPool2d(output_size=(1, 1))
  )
  (classifier): Sequential(
    (0): Linear(in_features=512, out_features=4096, bias=True)
    (1): ReLU(inplace=True)
    (2): Dropout(p=0.5, inplace=False)
    (3): Linear(in_features=4096, out_features=4096, bias=True)
    (4): ReLU(inplace=True)
    (5): Dropout(p=0.5, inplace=False)
  )
  (fc): Linear(in_features=4096, out_features=10, bias=True)
)
********************************************************************************
Round   0
ROUND_ACCURACY method=FedPhoenixRG round=1 accuracy=10.000000
********************************************************************************
Round   1
ROUND_ACCURACY method=FedPhoenixRG round=2 accuracy=13.230000
********************************************************************************
Round   2
ROUND_ACCURACY method=FedPhoenixRG round=3 accuracy=12.230000
********************************************************************************
Round   3
ROUND_ACCURACY method=FedPhoenixRG round=4 accuracy=16.290001
********************************************************************************
Round   4
ROUND_ACCURACY method=FedPhoenixRG round=5 accuracy=32.419998
********************************************************************************
Round   5
ROUND_ACCURACY method=FedPhoenixRG round=6 accuracy=17.620001
********************************************************************************
Round   6
ROUND_ACCURACY method=FedPhoenixRG round=7 accuracy=24.139999
********************************************************************************
Round   7
ROUND_ACCURACY method=FedPhoenixRG round=8 accuracy=23.680000
********************************************************************************
Round   8
ROUND_ACCURACY method=FedPhoenixRG round=9 accuracy=30.129999
********************************************************************************
Round   9
ROUND_ACCURACY method=FedPhoenixRG round=10 accuracy=29.730000
********************************************************************************
Round  10
ROUND_ACCURACY method=FedPhoenixRG round=11 accuracy=38.230000
********************************************************************************
Round  11
ROUND_ACCURACY method=FedPhoenixRG round=12 accuracy=36.910000
********************************************************************************
Round  12
ROUND_ACCURACY method=FedPhoenixRG round=13 accuracy=38.220001
********************************************************************************
Round  13
ROUND_ACCURACY method=FedPhoenixRG round=14 accuracy=46.650002
********************************************************************************
Round  14
ROUND_ACCURACY method=FedPhoenixRG round=15 accuracy=45.459999
********************************************************************************
Round  15
ROUND_ACCURACY method=FedPhoenixRG round=16 accuracy=46.720001
********************************************************************************
Round  16
ROUND_ACCURACY method=FedPhoenixRG round=17 accuracy=45.529999
********************************************************************************
Round  17
ROUND_ACCURACY method=FedPhoenixRG round=18 accuracy=35.709999
********************************************************************************
Round  18
ROUND_ACCURACY method=FedPhoenixRG round=19 accuracy=44.220001
********************************************************************************
Round  19
RG_SCORE round=20 layer=features.0 mean_q=0.081847 max_q=0.267023 fraction_q_positive=0.828125 sampling_entropy=3.960480 uniform_entropy=4.158883 entropy_gap=0.198403 max_probability_over_uniform=2.696858 min_probability_over_uniform=0.250000
RG_SCORE round=20 layer=features.3 mean_q=0.059730 max_q=0.116280 fraction_q_positive=1.000000 sampling_entropy=4.113614 uniform_entropy=4.158883 entropy_gap=0.045269 max_probability_over_uniform=1.710082 min_probability_over_uniform=0.418985
RG_SCORE round=20 layer=features.7 mean_q=0.049782 max_q=0.101558 fraction_q_positive=0.992188 sampling_entropy=4.820838 uniform_entropy=4.852030 entropy_gap=0.031192 max_probability_over_uniform=1.780039 min_probability_over_uniform=0.250000
RG_SCORE round=20 layer=features.10 mean_q=0.043774 max_q=0.087141 fraction_q_positive=1.000000 sampling_entropy=4.828476 uniform_entropy=4.852030 entropy_gap=0.023554 max_probability_over_uniform=1.743026 min_probability_over_uniform=0.417044
RG_SCORE round=20 layer=features.14 mean_q=0.040955 max_q=0.081388 fraction_q_positive=1.000000 sampling_entropy=5.517949 uniform_entropy=5.545177 entropy_gap=0.027228 max_probability_over_uniform=1.740433 min_probability_over_uniform=0.493658
RG_SCORE round=20 layer=features.17 mean_q=0.039022 max_q=0.066574 fraction_q_positive=1.000000 sampling_entropy=5.530565 uniform_entropy=5.545177 entropy_gap=0.014612 max_probability_over_uniform=1.529546 min_probability_over_uniform=0.475188
RG_SCORE round=20 layer=features.20 mean_q=0.039846 max_q=0.061646 fraction_q_positive=1.000000 sampling_entropy=5.534711 uniform_entropy=5.545177 entropy_gap=0.010467 max_probability_over_uniform=1.410321 min_probability_over_uniform=0.644390
RG_SCORE round=20 layer=features.24 mean_q=0.041173 max_q=0.078098 fraction_q_positive=1.000000 sampling_entropy=6.211638 uniform_entropy=6.238325 entropy_gap=0.026687 max_probability_over_uniform=1.672632 min_probability_over_uniform=0.330413
RG_SCORE round=20 layer=features.27 mean_q=0.037594 max_q=0.080712 fraction_q_positive=1.000000 sampling_entropy=6.220241 uniform_entropy=6.238325 entropy_gap=0.018084 max_probability_over_uniform=1.860205 min_probability_over_uniform=0.530624
RG_SCORE round=20 layer=features.30 mean_q=0.037160 max_q=0.072138 fraction_q_positive=1.000000 sampling_entropy=6.212488 uniform_entropy=6.238325 entropy_gap=0.025836 max_probability_over_uniform=1.705957 min_probability_over_uniform=0.257568
RG_SCORE round=20 layer=features.34 mean_q=0.057084 max_q=0.134792 fraction_q_positive=0.992188 sampling_entropy=6.190251 uniform_entropy=6.238325 entropy_gap=0.048074 max_probability_over_uniform=2.020960 min_probability_over_uniform=0.250000
RG_SCORE round=20 layer=features.37 mean_q=0.063538 max_q=0.129223 fraction_q_positive=1.000000 sampling_entropy=6.206990 uniform_entropy=6.238325 entropy_gap=0.031334 max_probability_over_uniform=1.775338 min_probability_over_uniform=0.437227
RG_SCORE round=20 layer=features.40 mean_q=0.082664 max_q=0.183493 fraction_q_positive=1.000000 sampling_entropy=6.179332 uniform_entropy=6.238325 entropy_gap=0.058993 max_probability_over_uniform=1.914812 min_probability_over_uniform=0.306321
ROUND_ACCURACY method=FedPhoenixRG round=20 accuracy=45.060001
********************************************************************************
Round  20
ROUND_ACCURACY method=FedPhoenixRG round=21 accuracy=51.549999
********************************************************************************
Round  21
ROUND_ACCURACY method=FedPhoenixRG round=22 accuracy=55.709999
********************************************************************************
Round  22
ROUND_ACCURACY method=FedPhoenixRG round=23 accuracy=46.830002
********************************************************************************
Round  23
ROUND_ACCURACY method=FedPhoenixRG round=24 accuracy=52.770000
********************************************************************************
Round  24
ROUND_ACCURACY method=FedPhoenixRG round=25 accuracy=53.630001
********************************************************************************
Round  25
ROUND_ACCURACY method=FedPhoenixRG round=26 accuracy=51.180000
********************************************************************************
Round  26
ROUND_ACCURACY method=FedPhoenixRG round=27 accuracy=54.279999
********************************************************************************
Round  27
ROUND_ACCURACY method=FedPhoenixRG round=28 accuracy=50.610001
********************************************************************************
Round  28
ROUND_ACCURACY method=FedPhoenixRG round=29 accuracy=45.430000
********************************************************************************
Round  29
ROUND_ACCURACY method=FedPhoenixRG round=30 accuracy=56.060001
********************************************************************************
Round  30
ROUND_ACCURACY method=FedPhoenixRG round=31 accuracy=57.099998
********************************************************************************
Round  31
ROUND_ACCURACY method=FedPhoenixRG round=32 accuracy=58.470001
********************************************************************************
Round  32
ROUND_ACCURACY method=FedPhoenixRG round=33 accuracy=58.500000
********************************************************************************
Round  33
ROUND_ACCURACY method=FedPhoenixRG round=34 accuracy=65.550003
********************************************************************************
Round  34
ROUND_ACCURACY method=FedPhoenixRG round=35 accuracy=53.500000
********************************************************************************
Round  35
ROUND_ACCURACY method=FedPhoenixRG round=36 accuracy=52.959999
********************************************************************************
Round  36
ROUND_ACCURACY method=FedPhoenixRG round=37 accuracy=61.939999
********************************************************************************
Round  37
ROUND_ACCURACY method=FedPhoenixRG round=38 accuracy=58.490002
********************************************************************************
Round  38
ROUND_ACCURACY method=FedPhoenixRG round=39 accuracy=61.119999
********************************************************************************
Round  39
RG_SCORE round=40 layer=features.0 mean_q=0.178524 max_q=0.310149 fraction_q_positive=1.000000 sampling_entropy=4.120052 uniform_entropy=4.158883 entropy_gap=0.038831 max_probability_over_uniform=1.552970 min_probability_over_uniform=0.389150
RG_SCORE round=40 layer=features.3 mean_q=0.163910 max_q=0.198439 fraction_q_positive=1.000000 sampling_entropy=4.153500 uniform_entropy=4.158883 entropy_gap=0.005383 max_probability_over_uniform=1.157995 min_probability_over_uniform=0.653775
RG_SCORE round=40 layer=features.7 mean_q=0.142032 max_q=0.195572 fraction_q_positive=1.000000 sampling_entropy=4.846712 uniform_entropy=4.852030 entropy_gap=0.005318 max_probability_over_uniform=1.282722 min_probability_over_uniform=0.725072
RG_SCORE round=40 layer=features.10 mean_q=0.133905 max_q=0.185048 fraction_q_positive=1.000000 sampling_entropy=4.847508 uniform_entropy=4.852030 entropy_gap=0.004522 max_probability_over_uniform=1.286447 min_probability_over_uniform=0.802295
RG_SCORE round=40 layer=features.14 mean_q=0.128530 max_q=0.191092 fraction_q_positive=1.000000 sampling_entropy=5.540474 uniform_entropy=5.545177 entropy_gap=0.004703 max_probability_over_uniform=1.365062 min_probability_over_uniform=0.754754
RG_SCORE round=40 layer=features.17 mean_q=0.121043 max_q=0.160726 fraction_q_positive=1.000000 sampling_entropy=5.541963 uniform_entropy=5.545177 entropy_gap=0.003215 max_probability_over_uniform=1.245876 min_probability_over_uniform=0.751976
RG_SCORE round=40 layer=features.20 mean_q=0.124501 max_q=0.165964 fraction_q_positive=1.000000 sampling_entropy=5.541325 uniform_entropy=5.545177 entropy_gap=0.003852 max_probability_over_uniform=1.249774 min_probability_over_uniform=0.775672
RG_SCORE round=40 layer=features.24 mean_q=0.119368 max_q=0.175262 fraction_q_positive=1.000000 sampling_entropy=6.231052 uniform_entropy=6.238325 entropy_gap=0.007273 max_probability_over_uniform=1.351193 min_probability_over_uniform=0.648492
RG_SCORE round=40 layer=features.27 mean_q=0.099542 max_q=0.150593 fraction_q_positive=1.000000 sampling_entropy=6.230789 uniform_entropy=6.238325 entropy_gap=0.007536 max_probability_over_uniform=1.384643 min_probability_over_uniform=0.507840
RG_SCORE round=40 layer=features.30 mean_q=0.091693 max_q=0.146450 fraction_q_positive=1.000000 sampling_entropy=6.221496 uniform_entropy=6.238325 entropy_gap=0.016829 max_probability_over_uniform=1.447884 min_probability_over_uniform=0.303438
RG_SCORE round=40 layer=features.34 mean_q=0.131518 max_q=0.355996 fraction_q_positive=0.937500 sampling_entropy=6.158118 uniform_entropy=6.238325 entropy_gap=0.080206 max_probability_over_uniform=2.280121 min_probability_over_uniform=0.250000
RG_SCORE round=40 layer=features.37 mean_q=0.112119 max_q=0.256866 fraction_q_positive=0.929688 sampling_entropy=6.138949 uniform_entropy=6.238325 entropy_gap=0.099375 max_probability_over_uniform=1.968259 min_probability_over_uniform=0.250000
RG_SCORE round=40 layer=features.40 mean_q=0.130038 max_q=0.358129 fraction_q_positive=0.935547 sampling_entropy=6.123763 uniform_entropy=6.238325 entropy_gap=0.114562 max_probability_over_uniform=2.315519 min_probability_over_uniform=0.250000
ROUND_ACCURACY method=FedPhoenixRG round=40 accuracy=66.150002
********************************************************************************
Round  40
ROUND_ACCURACY method=FedPhoenixRG round=41 accuracy=67.300003
********************************************************************************
Round  41
ROUND_ACCURACY method=FedPhoenixRG round=42 accuracy=59.660000
********************************************************************************
Round  42
ROUND_ACCURACY method=FedPhoenixRG round=43 accuracy=60.799999
********************************************************************************
Round  43
ROUND_ACCURACY method=FedPhoenixRG round=44 accuracy=62.060001
********************************************************************************
Round  44
ROUND_ACCURACY method=FedPhoenixRG round=45 accuracy=50.759998
********************************************************************************
Round  45
ROUND_ACCURACY method=FedPhoenixRG round=46 accuracy=66.290001
********************************************************************************
Round  46
ROUND_ACCURACY method=FedPhoenixRG round=47 accuracy=59.919998
********************************************************************************
Round  47
ROUND_ACCURACY method=FedPhoenixRG round=48 accuracy=60.230000
********************************************************************************
Round  48
ROUND_ACCURACY method=FedPhoenixRG round=49 accuracy=60.549999
********************************************************************************
Round  49
ROUND_ACCURACY method=FedPhoenixRG round=50 accuracy=61.680000
********************************************************************************
Round  50
ROUND_ACCURACY method=FedPhoenixRG round=51 accuracy=57.380001
********************************************************************************
Round  51
ROUND_ACCURACY method=FedPhoenixRG round=52 accuracy=66.750000
********************************************************************************
Round  52
ROUND_ACCURACY method=FedPhoenixRG round=53 accuracy=57.939999
********************************************************************************
Round  53
ROUND_ACCURACY method=FedPhoenixRG round=54 accuracy=50.369999
********************************************************************************
Round  54
ROUND_ACCURACY method=FedPhoenixRG round=55 accuracy=66.480003
********************************************************************************
Round  55
ROUND_ACCURACY method=FedPhoenixRG round=56 accuracy=65.620003
********************************************************************************
Round  56
ROUND_ACCURACY method=FedPhoenixRG round=57 accuracy=59.990002
********************************************************************************
Round  57
ROUND_ACCURACY method=FedPhoenixRG round=58 accuracy=44.840000
********************************************************************************
Round  58
ROUND_ACCURACY method=FedPhoenixRG round=59 accuracy=63.689999
********************************************************************************
Round  59
RG_SCORE round=60 layer=features.0 mean_q=0.129396 max_q=0.308248 fraction_q_positive=0.937500 sampling_entropy=4.053327 uniform_entropy=4.158883 entropy_gap=0.105556 max_probability_over_uniform=2.036661 min_probability_over_uniform=0.250000
RG_SCORE round=60 layer=features.3 mean_q=0.153933 max_q=0.216224 fraction_q_positive=1.000000 sampling_entropy=4.147818 uniform_entropy=4.158883 entropy_gap=0.011066 max_probability_over_uniform=1.303495 min_probability_over_uniform=0.486746
RG_SCORE round=60 layer=features.7 mean_q=0.159292 max_q=0.230143 fraction_q_positive=1.000000 sampling_entropy=4.846218 uniform_entropy=4.852030 entropy_gap=0.005812 max_probability_over_uniform=1.333593 min_probability_over_uniform=0.693572
RG_SCORE round=60 layer=features.10 mean_q=0.156845 max_q=0.199652 fraction_q_positive=1.000000 sampling_entropy=4.848693 uniform_entropy=4.852030 entropy_gap=0.003337 max_probability_over_uniform=1.204691 min_probability_over_uniform=0.777309
RG_SCORE round=60 layer=features.14 mean_q=0.155262 max_q=0.229320 fraction_q_positive=1.000000 sampling_entropy=5.540631 uniform_entropy=5.545177 entropy_gap=0.004547 max_probability_over_uniform=1.357741 min_probability_over_uniform=0.753665
RG_SCORE round=60 layer=features.17 mean_q=0.147997 max_q=0.179202 fraction_q_positive=1.000000 sampling_entropy=5.543054 uniform_entropy=5.545177 entropy_gap=0.002123 max_probability_over_uniform=1.158135 min_probability_over_uniform=0.825396
RG_SCORE round=60 layer=features.20 mean_q=0.153578 max_q=0.195473 fraction_q_positive=1.000000 sampling_entropy=5.543137 uniform_entropy=5.545177 entropy_gap=0.002040 max_probability_over_uniform=1.204596 min_probability_over_uniform=0.836657
RG_SCORE round=60 layer=features.24 mean_q=0.150731 max_q=0.197832 fraction_q_positive=1.000000 sampling_entropy=6.234497 uniform_entropy=6.238325 entropy_gap=0.003828 max_probability_over_uniform=1.234360 min_probability_over_uniform=0.744600
RG_SCORE round=60 layer=features.27 mean_q=0.129480 max_q=0.175516 fraction_q_positive=1.000000 sampling_entropy=6.234597 uniform_entropy=6.238325 entropy_gap=0.003727 max_probability_over_uniform=1.266663 min_probability_over_uniform=0.731560
RG_SCORE round=60 layer=features.30 mean_q=0.127269 max_q=0.184791 fraction_q_positive=1.000000 sampling_entropy=6.231856 uniform_entropy=6.238325 entropy_gap=0.006469 max_probability_over_uniform=1.338979 min_probability_over_uniform=0.705523
RG_SCORE round=60 layer=features.34 mean_q=0.226963 max_q=0.347150 fraction_q_positive=1.000000 sampling_entropy=6.231131 uniform_entropy=6.238325 entropy_gap=0.007194 max_probability_over_uniform=1.397156 min_probability_over_uniform=0.497678
RG_SCORE round=60 layer=features.37 mean_q=0.254824 max_q=0.375760 fraction_q_positive=1.000000 sampling_entropy=6.229154 uniform_entropy=6.238325 entropy_gap=0.009171 max_probability_over_uniform=1.355941 min_probability_over_uniform=0.575664
RG_SCORE round=60 layer=features.40 mean_q=0.283831 max_q=0.534046 fraction_q_positive=0.994141 sampling_entropy=6.187725 uniform_entropy=6.238325 entropy_gap=0.050599 max_probability_over_uniform=1.661172 min_probability_over_uniform=0.250000
ROUND_ACCURACY method=FedPhoenixRG round=60 accuracy=65.580002
********************************************************************************
Round  60
ROUND_ACCURACY method=FedPhoenixRG round=61 accuracy=67.169998
********************************************************************************
Round  61
ROUND_ACCURACY method=FedPhoenixRG round=62 accuracy=65.470001
********************************************************************************
Round  62
ROUND_ACCURACY method=FedPhoenixRG round=63 accuracy=66.080002
********************************************************************************
Round  63
ROUND_ACCURACY method=FedPhoenixRG round=64 accuracy=64.389999
********************************************************************************
Round  64
ROUND_ACCURACY method=FedPhoenixRG round=65 accuracy=66.330002
********************************************************************************
Round  65
ROUND_ACCURACY method=FedPhoenixRG round=66 accuracy=64.360001
********************************************************************************
Round  66
ROUND_ACCURACY method=FedPhoenixRG round=67 accuracy=62.200001
********************************************************************************
Round  67
ROUND_ACCURACY method=FedPhoenixRG round=68 accuracy=57.169998
********************************************************************************
Round  68
ROUND_ACCURACY method=FedPhoenixRG round=69 accuracy=70.629997
********************************************************************************
Round  69
ROUND_ACCURACY method=FedPhoenixRG round=70 accuracy=62.660000
********************************************************************************
Round  70
ROUND_ACCURACY method=FedPhoenixRG round=71 accuracy=61.869999
********************************************************************************
Round  71
ROUND_ACCURACY method=FedPhoenixRG round=72 accuracy=63.310001
********************************************************************************
Round  72
ROUND_ACCURACY method=FedPhoenixRG round=73 accuracy=67.029999
********************************************************************************
Round  73
ROUND_ACCURACY method=FedPhoenixRG round=74 accuracy=67.449997
********************************************************************************
Round  74
ROUND_ACCURACY method=FedPhoenixRG round=75 accuracy=72.809998
********************************************************************************
Round  75
ROUND_ACCURACY method=FedPhoenixRG round=76 accuracy=65.669998
********************************************************************************
Round  76
ROUND_ACCURACY method=FedPhoenixRG round=77 accuracy=65.040001
********************************************************************************
Round  77
ROUND_ACCURACY method=FedPhoenixRG round=78 accuracy=65.320000
********************************************************************************
Round  78
ROUND_ACCURACY method=FedPhoenixRG round=79 accuracy=68.699997
********************************************************************************
Round  79
RG_SCORE round=80 layer=features.0 mean_q=0.165303 max_q=0.379367 fraction_q_positive=0.968750 sampling_entropy=4.088840 uniform_entropy=4.158883 entropy_gap=0.070043 max_probability_over_uniform=1.971233 min_probability_over_uniform=0.250000
RG_SCORE round=80 layer=features.3 mean_q=0.193355 max_q=0.249492 fraction_q_positive=1.000000 sampling_entropy=4.155268 uniform_entropy=4.158883 entropy_gap=0.003615 max_probability_over_uniform=1.217746 min_probability_over_uniform=0.834081
RG_SCORE round=80 layer=features.7 mean_q=0.191679 max_q=0.236575 fraction_q_positive=1.000000 sampling_entropy=4.849274 uniform_entropy=4.852030 entropy_gap=0.002756 max_probability_over_uniform=1.175666 min_probability_over_uniform=0.841656
RG_SCORE round=80 layer=features.10 mean_q=0.187559 max_q=0.222734 fraction_q_positive=1.000000 sampling_entropy=4.850165 uniform_entropy=4.852030 entropy_gap=0.001865 max_probability_over_uniform=1.140652 min_probability_over_uniform=0.803494
RG_SCORE round=80 layer=features.14 mean_q=0.188566 max_q=0.245985 fraction_q_positive=1.000000 sampling_entropy=5.542215 uniform_entropy=5.545177 entropy_gap=0.002963 max_probability_over_uniform=1.228377 min_probability_over_uniform=0.785179
RG_SCORE round=80 layer=features.17 mean_q=0.176586 max_q=0.220081 fraction_q_positive=1.000000 sampling_entropy=5.543153 uniform_entropy=5.545177 entropy_gap=0.002024 max_probability_over_uniform=1.184730 min_probability_over_uniform=0.841276
RG_SCORE round=80 layer=features.20 mean_q=0.183091 max_q=0.214679 fraction_q_positive=1.000000 sampling_entropy=5.543810 uniform_entropy=5.545177 entropy_gap=0.001368 max_probability_over_uniform=1.129398 min_probability_over_uniform=0.818028
RG_SCORE round=80 layer=features.24 mean_q=0.188623 max_q=0.256448 fraction_q_positive=1.000000 sampling_entropy=6.235686 uniform_entropy=6.238325 entropy_gap=0.002639 max_probability_over_uniform=1.269683 min_probability_over_uniform=0.792599
RG_SCORE round=80 layer=features.27 mean_q=0.162003 max_q=0.213547 fraction_q_positive=1.000000 sampling_entropy=6.235789 uniform_entropy=6.238325 entropy_gap=0.002535 max_probability_over_uniform=1.238627 min_probability_over_uniform=0.811859
RG_SCORE round=80 layer=features.30 mean_q=0.159644 max_q=0.210930 fraction_q_positive=1.000000 sampling_entropy=6.234606 uniform_entropy=6.238325 entropy_gap=0.003718 max_probability_over_uniform=1.240936 min_probability_over_uniform=0.763565
RG_SCORE round=80 layer=features.34 mean_q=0.306389 max_q=0.402022 fraction_q_positive=1.000000 sampling_entropy=6.234363 uniform_entropy=6.238325 entropy_gap=0.003962 max_probability_over_uniform=1.234097 min_probability_over_uniform=0.680371
RG_SCORE round=80 layer=features.37 mean_q=0.344681 max_q=0.455371 fraction_q_positive=1.000000 sampling_entropy=6.233304 uniform_entropy=6.238325 entropy_gap=0.005021 max_probability_over_uniform=1.240854 min_probability_over_uniform=0.657097
RG_SCORE round=80 layer=features.40 mean_q=0.339569 max_q=0.590318 fraction_q_positive=0.998047 sampling_entropy=6.199032 uniform_entropy=6.238325 entropy_gap=0.039292 max_probability_over_uniform=1.553824 min_probability_over_uniform=0.250000
ROUND_ACCURACY method=FedPhoenixRG round=80 accuracy=65.220001
********************************************************************************
Round  80
ROUND_ACCURACY method=FedPhoenixRG round=81 accuracy=65.660004
********************************************************************************
Round  81
ROUND_ACCURACY method=FedPhoenixRG round=82 accuracy=65.279999
********************************************************************************
Round  82
ROUND_ACCURACY method=FedPhoenixRG round=83 accuracy=69.610001
********************************************************************************
Round  83
ROUND_ACCURACY method=FedPhoenixRG round=84 accuracy=66.510002
********************************************************************************
Round  84
ROUND_ACCURACY method=FedPhoenixRG round=85 accuracy=69.570000
********************************************************************************
Round  85
ROUND_ACCURACY method=FedPhoenixRG round=86 accuracy=69.209999
********************************************************************************
Round  86
ROUND_ACCURACY method=FedPhoenixRG round=87 accuracy=70.370003
********************************************************************************
Round  87
ROUND_ACCURACY method=FedPhoenixRG round=88 accuracy=69.449997
********************************************************************************
Round  88
ROUND_ACCURACY method=FedPhoenixRG round=89 accuracy=70.980003
********************************************************************************
Round  89
ROUND_ACCURACY method=FedPhoenixRG round=90 accuracy=71.139999
********************************************************************************
Round  90
ROUND_ACCURACY method=FedPhoenixRG round=91 accuracy=70.470001
********************************************************************************
Round  91
ROUND_ACCURACY method=FedPhoenixRG round=92 accuracy=67.419998
********************************************************************************
Round  92
ROUND_ACCURACY method=FedPhoenixRG round=93 accuracy=67.989998
********************************************************************************
Round  93
ROUND_ACCURACY method=FedPhoenixRG round=94 accuracy=69.330002
********************************************************************************
Round  94
ROUND_ACCURACY method=FedPhoenixRG round=95 accuracy=70.650002
********************************************************************************
Round  95
ROUND_ACCURACY method=FedPhoenixRG round=96 accuracy=68.720001
********************************************************************************
Round  96
ROUND_ACCURACY method=FedPhoenixRG round=97 accuracy=63.840000
********************************************************************************
Round  97
ROUND_ACCURACY method=FedPhoenixRG round=98 accuracy=65.480003
********************************************************************************
Round  98
ROUND_ACCURACY method=FedPhoenixRG round=99 accuracy=60.020000
********************************************************************************
Round  99
RG_SCORE round=100 layer=features.0 mean_q=0.152795 max_q=0.358557 fraction_q_positive=0.921875 sampling_entropy=4.047699 uniform_entropy=4.158883 entropy_gap=0.111184 max_probability_over_uniform=2.009993 min_probability_over_uniform=0.250000
RG_SCORE round=100 layer=features.3 mean_q=0.193300 max_q=0.246660 fraction_q_positive=1.000000 sampling_entropy=4.154185 uniform_entropy=4.158883 entropy_gap=0.004698 max_probability_over_uniform=1.207035 min_probability_over_uniform=0.785900
RG_SCORE round=100 layer=features.7 mean_q=0.193143 max_q=0.252116 fraction_q_positive=1.000000 sampling_entropy=4.848599 uniform_entropy=4.852030 entropy_gap=0.003432 max_probability_over_uniform=1.228998 min_probability_over_uniform=0.807757
RG_SCORE round=100 layer=features.10 mean_q=0.186597 max_q=0.231857 fraction_q_positive=1.000000 sampling_entropy=4.850106 uniform_entropy=4.852030 entropy_gap=0.001925 max_probability_over_uniform=1.181916 min_probability_over_uniform=0.810853
RG_SCORE round=100 layer=features.14 mean_q=0.188559 max_q=0.237727 fraction_q_positive=1.000000 sampling_entropy=5.542208 uniform_entropy=5.545177 entropy_gap=0.002970 max_probability_over_uniform=1.195567 min_probability_over_uniform=0.755956
RG_SCORE round=100 layer=features.17 mean_q=0.178873 max_q=0.223338 fraction_q_positive=1.000000 sampling_entropy=5.542923 uniform_entropy=5.545177 entropy_gap=0.002255 max_probability_over_uniform=1.186440 min_probability_over_uniform=0.831559
RG_SCORE round=100 layer=features.20 mean_q=0.186717 max_q=0.222248 fraction_q_positive=1.000000 sampling_entropy=5.543912 uniform_entropy=5.545177 entropy_gap=0.001266 max_probability_over_uniform=1.142722 min_probability_over_uniform=0.846129
RG_SCORE round=100 layer=features.24 mean_q=0.197714 max_q=0.255736 fraction_q_positive=1.000000 sampling_entropy=6.235989 uniform_entropy=6.238325 entropy_gap=0.002336 max_probability_over_uniform=1.220097 min_probability_over_uniform=0.715910
RG_SCORE round=100 layer=features.27 mean_q=0.172527 max_q=0.227720 fraction_q_positive=1.000000 sampling_entropy=6.235868 uniform_entropy=6.238325 entropy_gap=0.002457 max_probability_over_uniform=1.239932 min_probability_over_uniform=0.795159
RG_SCORE round=100 layer=features.30 mean_q=0.168019 max_q=0.223000 fraction_q_positive=1.000000 sampling_entropy=6.235280 uniform_entropy=6.238325 entropy_gap=0.003044 max_probability_over_uniform=1.245419 min_probability_over_uniform=0.778525
RG_SCORE round=100 layer=features.34 mean_q=0.323849 max_q=0.432234 fraction_q_positive=1.000000 sampling_entropy=6.234309 uniform_entropy=6.238325 entropy_gap=0.004016 max_probability_over_uniform=1.251010 min_probability_over_uniform=0.626516
RG_SCORE round=100 layer=features.37 mean_q=0.362795 max_q=0.503432 fraction_q_positive=1.000000 sampling_entropy=6.232229 uniform_entropy=6.238325 entropy_gap=0.006096 max_probability_over_uniform=1.290737 min_probability_over_uniform=0.338610
RG_SCORE round=100 layer=features.40 mean_q=0.314005 max_q=0.557157 fraction_q_positive=1.000000 sampling_entropy=6.197439 uniform_entropy=6.238325 entropy_gap=0.040886 max_probability_over_uniform=1.580769 min_probability_over_uniform=0.284039
ROUND_ACCURACY method=FedPhoenixRG round=100 accuracy=63.860001
********************************************************************************
Round 100
ROUND_ACCURACY method=FedPhoenixRG round=101 accuracy=68.320000
********************************************************************************
Round 101
ROUND_ACCURACY method=FedPhoenixRG round=102 accuracy=71.860001
********************************************************************************
Round 102
ROUND_ACCURACY method=FedPhoenixRG round=103 accuracy=72.099998
********************************************************************************
Round 103
ROUND_ACCURACY method=FedPhoenixRG round=104 accuracy=72.129997
********************************************************************************
Round 104
ROUND_ACCURACY method=FedPhoenixRG round=105 accuracy=69.839996
********************************************************************************
Round 105
ROUND_ACCURACY method=FedPhoenixRG round=106 accuracy=69.440002
********************************************************************************
Round 106
ROUND_ACCURACY method=FedPhoenixRG round=107 accuracy=53.830002
********************************************************************************
Round 107
ROUND_ACCURACY method=FedPhoenixRG round=108 accuracy=72.540001
********************************************************************************
Round 108
ROUND_ACCURACY method=FedPhoenixRG round=109 accuracy=72.330002
********************************************************************************
Round 109
ROUND_ACCURACY method=FedPhoenixRG round=110 accuracy=73.080002
********************************************************************************
Round 110
ROUND_ACCURACY method=FedPhoenixRG round=111 accuracy=73.309998
********************************************************************************
Round 111
ROUND_ACCURACY method=FedPhoenixRG round=112 accuracy=71.300003
********************************************************************************
Round 112
ROUND_ACCURACY method=FedPhoenixRG round=113 accuracy=67.860001
********************************************************************************
Round 113
ROUND_ACCURACY method=FedPhoenixRG round=114 accuracy=67.230003
********************************************************************************
Round 114
ROUND_ACCURACY method=FedPhoenixRG round=115 accuracy=63.549999
********************************************************************************
Round 115
ROUND_ACCURACY method=FedPhoenixRG round=116 accuracy=74.919998
********************************************************************************
Round 116
ROUND_ACCURACY method=FedPhoenixRG round=117 accuracy=67.769997
********************************************************************************
Round 117
ROUND_ACCURACY method=FedPhoenixRG round=118 accuracy=72.660004
********************************************************************************
Round 118
ROUND_ACCURACY method=FedPhoenixRG round=119 accuracy=72.209999
********************************************************************************
Round 119
RG_SCORE round=120 layer=features.0 mean_q=0.153539 max_q=0.342533 fraction_q_positive=0.953125 sampling_entropy=4.075447 uniform_entropy=4.158883 entropy_gap=0.083436 max_probability_over_uniform=1.923186 min_probability_over_uniform=0.250000
RG_SCORE round=120 layer=features.3 mean_q=0.197504 max_q=0.242618 fraction_q_positive=1.000000 sampling_entropy=4.155091 uniform_entropy=4.158883 entropy_gap=0.003792 max_probability_over_uniform=1.171313 min_probability_over_uniform=0.753209
RG_SCORE round=120 layer=features.7 mean_q=0.192899 max_q=0.229515 fraction_q_positive=1.000000 sampling_entropy=4.849627 uniform_entropy=4.852030 entropy_gap=0.002403 max_probability_over_uniform=1.142367 min_probability_over_uniform=0.822545
RG_SCORE round=120 layer=features.10 mean_q=0.184382 max_q=0.213929 fraction_q_positive=1.000000 sampling_entropy=4.850630 uniform_entropy=4.852030 entropy_gap=0.001401 max_probability_over_uniform=1.120187 min_probability_over_uniform=0.873983
RG_SCORE round=120 layer=features.14 mean_q=0.192938 max_q=0.247221 fraction_q_positive=1.000000 sampling_entropy=5.542900 uniform_entropy=5.545177 entropy_gap=0.002277 max_probability_over_uniform=1.211010 min_probability_over_uniform=0.812157
RG_SCORE round=120 layer=features.17 mean_q=0.184137 max_q=0.234038 fraction_q_positive=1.000000 sampling_entropy=5.543044 uniform_entropy=5.545177 entropy_gap=0.002133 max_probability_over_uniform=1.203251 min_probability_over_uniform=0.842128
RG_SCORE round=120 layer=features.20 mean_q=0.188851 max_q=0.220537 fraction_q_positive=1.000000 sampling_entropy=5.543829 uniform_entropy=5.545177 entropy_gap=0.001348 max_probability_over_uniform=1.125837 min_probability_over_uniform=0.841584
RG_SCORE round=120 layer=features.24 mean_q=0.200484 max_q=0.242923 fraction_q_positive=1.000000 sampling_entropy=6.236387 uniform_entropy=6.238325 entropy_gap=0.001937 max_probability_over_uniform=1.158762 min_probability_over_uniform=0.796076
RG_SCORE round=120 layer=features.27 mean_q=0.179592 max_q=0.241766 fraction_q_positive=1.000000 sampling_entropy=6.235937 uniform_entropy=6.238325 entropy_gap=0.002388 max_probability_over_uniform=1.259646 min_probability_over_uniform=0.817394
RG_SCORE round=120 layer=features.30 mean_q=0.166780 max_q=0.213207 fraction_q_positive=1.000000 sampling_entropy=6.235007 uniform_entropy=6.238325 entropy_gap=0.003318 max_probability_over_uniform=1.208779 min_probability_over_uniform=0.732422
RG_SCORE round=120 layer=features.34 mean_q=0.280120 max_q=0.409414 fraction_q_positive=1.000000 sampling_entropy=6.221404 uniform_entropy=6.238325 entropy_gap=0.016921 max_probability_over_uniform=1.346176 min_probability_over_uniform=0.269682
RG_SCORE round=120 layer=features.37 mean_q=0.223803 max_q=0.468867 fraction_q_positive=0.994141 sampling_entropy=6.196511 uniform_entropy=6.238325 entropy_gap=0.041814 max_probability_over_uniform=1.821251 min_probability_over_uniform=0.250000
RG_SCORE round=120 layer=features.40 mean_q=0.149444 max_q=0.454734 fraction_q_positive=0.955078 sampling_entropy=6.124359 uniform_entropy=6.238325 entropy_gap=0.113966 max_probability_over_uniform=2.532123 min_probability_over_uniform=0.250000
ROUND_ACCURACY method=FedPhoenixRG round=120 accuracy=68.449997
********************************************************************************
Round 120
ROUND_ACCURACY method=FedPhoenixRG round=121 accuracy=73.300003
********************************************************************************
Round 121
ROUND_ACCURACY method=FedPhoenixRG round=122 accuracy=69.599998
********************************************************************************
Round 122
ROUND_ACCURACY method=FedPhoenixRG round=123 accuracy=69.959999
********************************************************************************
Round 123
ROUND_ACCURACY method=FedPhoenixRG round=124 accuracy=65.180000
********************************************************************************
Round 124
ROUND_ACCURACY method=FedPhoenixRG round=125 accuracy=64.320000
********************************************************************************
Round 125
ROUND_ACCURACY method=FedPhoenixRG round=126 accuracy=64.570000
********************************************************************************
Round 126
ROUND_ACCURACY method=FedPhoenixRG round=127 accuracy=71.949997
********************************************************************************
Round 127
ROUND_ACCURACY method=FedPhoenixRG round=128 accuracy=69.940002
********************************************************************************
Round 128
ROUND_ACCURACY method=FedPhoenixRG round=129 accuracy=74.800003
********************************************************************************
Round 129
ROUND_ACCURACY method=FedPhoenixRG round=130 accuracy=68.209999
********************************************************************************
Round 130
ROUND_ACCURACY method=FedPhoenixRG round=131 accuracy=67.360001
********************************************************************************
Round 131
ROUND_ACCURACY method=FedPhoenixRG round=132 accuracy=76.500000
********************************************************************************
Round 132
ROUND_ACCURACY method=FedPhoenixRG round=133 accuracy=70.089996
********************************************************************************
Round 133
ROUND_ACCURACY method=FedPhoenixRG round=134 accuracy=73.419998
********************************************************************************
Round 134
ROUND_ACCURACY method=FedPhoenixRG round=135 accuracy=67.430000
********************************************************************************
Round 135
ROUND_ACCURACY method=FedPhoenixRG round=136 accuracy=65.790001
********************************************************************************
Round 136
ROUND_ACCURACY method=FedPhoenixRG round=137 accuracy=71.680000
********************************************************************************
Round 137
ROUND_ACCURACY method=FedPhoenixRG round=138 accuracy=73.290001
********************************************************************************
Round 138
ROUND_ACCURACY method=FedPhoenixRG round=139 accuracy=70.230003
********************************************************************************
Round 139
RG_SCORE round=140 layer=features.0 mean_q=0.158750 max_q=0.329531 fraction_q_positive=1.000000 sampling_entropy=4.108937 uniform_entropy=4.158883 entropy_gap=0.049947 max_probability_over_uniform=1.806842 min_probability_over_uniform=0.401340
RG_SCORE round=140 layer=features.3 mean_q=0.199985 max_q=0.236773 fraction_q_positive=1.000000 sampling_entropy=4.156121 uniform_entropy=4.158883 entropy_gap=0.002762 max_probability_over_uniform=1.137964 min_probability_over_uniform=0.798418
RG_SCORE round=140 layer=features.7 mean_q=0.197197 max_q=0.260767 fraction_q_positive=1.000000 sampling_entropy=4.849348 uniform_entropy=4.852030 entropy_gap=0.002682 max_probability_over_uniform=1.241775 min_probability_over_uniform=0.800546
RG_SCORE round=140 layer=features.10 mean_q=0.186826 max_q=0.223850 fraction_q_positive=1.000000 sampling_entropy=4.850254 uniform_entropy=4.852030 entropy_gap=0.001776 max_probability_over_uniform=1.148633 min_probability_over_uniform=0.806327
RG_SCORE round=140 layer=features.14 mean_q=0.195944 max_q=0.263234 fraction_q_positive=1.000000 sampling_entropy=5.542843 uniform_entropy=5.545177 entropy_gap=0.002334 max_probability_over_uniform=1.257563 min_probability_over_uniform=0.840708
RG_SCORE round=140 layer=features.17 mean_q=0.187361 max_q=0.234636 fraction_q_positive=1.000000 sampling_entropy=5.543220 uniform_entropy=5.545177 entropy_gap=0.001958 max_probability_over_uniform=1.189241 min_probability_over_uniform=0.852486
RG_SCORE round=140 layer=features.20 mean_q=0.190192 max_q=0.227516 fraction_q_positive=1.000000 sampling_entropy=5.544134 uniform_entropy=5.545177 entropy_gap=0.001043 max_probability_over_uniform=1.147183 min_probability_over_uniform=0.872019
RG_SCORE round=140 layer=features.24 mean_q=0.205593 max_q=0.258048 fraction_q_positive=1.000000 sampling_entropy=6.236390 uniform_entropy=6.238325 entropy_gap=0.001935 max_probability_over_uniform=1.191355 min_probability_over_uniform=0.797156
RG_SCORE round=140 layer=features.27 mean_q=0.187454 max_q=0.246985 fraction_q_positive=1.000000 sampling_entropy=6.236045 uniform_entropy=6.238325 entropy_gap=0.002280 max_probability_over_uniform=1.238184 min_probability_over_uniform=0.776523
RG_SCORE round=140 layer=features.30 mean_q=0.174655 max_q=0.223833 fraction_q_positive=1.000000 sampling_entropy=6.235494 uniform_entropy=6.238325 entropy_gap=0.002830 max_probability_over_uniform=1.211176 min_probability_over_uniform=0.785140
RG_SCORE round=140 layer=features.34 mean_q=0.308298 max_q=0.443742 fraction_q_positive=1.000000 sampling_entropy=6.224849 uniform_entropy=6.238325 entropy_gap=0.013476 max_probability_over_uniform=1.329494 min_probability_over_uniform=0.341886
RG_SCORE round=140 layer=features.37 mean_q=0.254944 max_q=0.461018 fraction_q_positive=0.996094 sampling_entropy=6.202630 uniform_entropy=6.238325 entropy_gap=0.035695 max_probability_over_uniform=1.606232 min_probability_over_uniform=0.250000
RG_SCORE round=140 layer=features.40 mean_q=0.150690 max_q=0.461524 fraction_q_positive=0.968750 sampling_entropy=6.133880 uniform_entropy=6.238325 entropy_gap=0.104445 max_probability_over_uniform=2.547059 min_probability_over_uniform=0.250000
ROUND_ACCURACY method=FedPhoenixRG round=140 accuracy=73.949997
********************************************************************************
Round 140
ROUND_ACCURACY method=FedPhoenixRG round=141 accuracy=75.839996
********************************************************************************
Round 141
ROUND_ACCURACY method=FedPhoenixRG round=142 accuracy=66.570000
********************************************************************************
Round 142
ROUND_ACCURACY method=FedPhoenixRG round=143 accuracy=62.860001
********************************************************************************
Round 143
ROUND_ACCURACY method=FedPhoenixRG round=144 accuracy=74.970001
********************************************************************************
Round 144
ROUND_ACCURACY method=FedPhoenixRG round=145 accuracy=68.129997
********************************************************************************
Round 145
ROUND_ACCURACY method=FedPhoenixRG round=146 accuracy=66.339996
********************************************************************************
Round 146
ROUND_ACCURACY method=FedPhoenixRG round=147 accuracy=73.040001
********************************************************************************
Round 147
ROUND_ACCURACY method=FedPhoenixRG round=148 accuracy=71.070000
********************************************************************************
Round 148
ROUND_ACCURACY method=FedPhoenixRG round=149 accuracy=70.449997
********************************************************************************
Round 149
ROUND_ACCURACY method=FedPhoenixRG round=150 accuracy=75.290001
********************************************************************************
Round 150
ROUND_ACCURACY method=FedPhoenixRG round=151 accuracy=62.209999
********************************************************************************
Round 151
ROUND_ACCURACY method=FedPhoenixRG round=152 accuracy=65.150002
********************************************************************************
Round 152
ROUND_ACCURACY method=FedPhoenixRG round=153 accuracy=74.139999
********************************************************************************
Round 153
ROUND_ACCURACY method=FedPhoenixRG round=154 accuracy=69.349998
********************************************************************************
Round 154
ROUND_ACCURACY method=FedPhoenixRG round=155 accuracy=69.830002
********************************************************************************
Round 155
ROUND_ACCURACY method=FedPhoenixRG round=156 accuracy=71.589996
********************************************************************************
Round 156
ROUND_ACCURACY method=FedPhoenixRG round=157 accuracy=63.990002
********************************************************************************
Round 157
ROUND_ACCURACY method=FedPhoenixRG round=158 accuracy=69.110001
********************************************************************************
Round 158
ROUND_ACCURACY method=FedPhoenixRG round=159 accuracy=69.860001
********************************************************************************
Round 159
RG_SCORE round=160 layer=features.0 mean_q=0.151797 max_q=0.332066 fraction_q_positive=0.984375 sampling_entropy=4.094824 uniform_entropy=4.158883 entropy_gap=0.064059 max_probability_over_uniform=1.890675 min_probability_over_uniform=0.250000
RG_SCORE round=160 layer=features.3 mean_q=0.185761 max_q=0.225465 fraction_q_positive=1.000000 sampling_entropy=4.155723 uniform_entropy=4.158883 entropy_gap=0.003160 max_probability_over_uniform=1.160302 min_probability_over_uniform=0.778076
RG_SCORE round=160 layer=features.7 mean_q=0.187132 max_q=0.220245 fraction_q_positive=1.000000 sampling_entropy=4.849904 uniform_entropy=4.852030 entropy_gap=0.002126 max_probability_over_uniform=1.132713 min_probability_over_uniform=0.854149
RG_SCORE round=160 layer=features.10 mean_q=0.174335 max_q=0.202453 fraction_q_positive=1.000000 sampling_entropy=4.850706 uniform_entropy=4.852030 entropy_gap=0.001324 max_probability_over_uniform=1.120963 min_probability_over_uniform=0.872419
RG_SCORE round=160 layer=features.14 mean_q=0.185723 max_q=0.230049 fraction_q_positive=1.000000 sampling_entropy=5.542995 uniform_entropy=5.545177 entropy_gap=0.002182 max_probability_over_uniform=1.178998 min_probability_over_uniform=0.853545
RG_SCORE round=160 layer=features.17 mean_q=0.176269 max_q=0.223564 fraction_q_positive=1.000000 sampling_entropy=5.542824 uniform_entropy=5.545177 entropy_gap=0.002354 max_probability_over_uniform=1.201237 min_probability_over_uniform=0.839926
RG_SCORE round=160 layer=features.20 mean_q=0.180418 max_q=0.207019 fraction_q_positive=1.000000 sampling_entropy=5.544061 uniform_entropy=5.545177 entropy_gap=0.001116 max_probability_over_uniform=1.110580 min_probability_over_uniform=0.814596
RG_SCORE round=160 layer=features.24 mean_q=0.198115 max_q=0.241427 fraction_q_positive=1.000000 sampling_entropy=6.236719 uniform_entropy=6.238325 entropy_gap=0.001606 max_probability_over_uniform=1.163968 min_probability_over_uniform=0.852888
RG_SCORE round=160 layer=features.27 mean_q=0.184817 max_q=0.241385 fraction_q_positive=1.000000 sampling_entropy=6.236416 uniform_entropy=6.238325 entropy_gap=0.001909 max_probability_over_uniform=1.229557 min_probability_over_uniform=0.854418
RG_SCORE round=160 layer=features.30 mean_q=0.169176 max_q=0.220895 fraction_q_positive=1.000000 sampling_entropy=6.235840 uniform_entropy=6.238325 entropy_gap=0.002485 max_probability_over_uniform=1.229283 min_probability_over_uniform=0.788943
RG_SCORE round=160 layer=features.34 mean_q=0.296683 max_q=0.439026 fraction_q_positive=1.000000 sampling_entropy=6.227493 uniform_entropy=6.238325 entropy_gap=0.010831 max_probability_over_uniform=1.359836 min_probability_over_uniform=0.360803
RG_SCORE round=160 layer=features.37 mean_q=0.225754 max_q=0.463633 fraction_q_positive=0.982422 sampling_entropy=6.188060 uniform_entropy=6.238325 entropy_gap=0.050264 max_probability_over_uniform=1.790284 min_probability_over_uniform=0.250000
RG_SCORE round=160 layer=features.40 mean_q=0.134145 max_q=0.420664 fraction_q_positive=0.927734 sampling_entropy=6.118840 uniform_entropy=6.238325 entropy_gap=0.119484 max_probability_over_uniform=2.601907 min_probability_over_uniform=0.250000
ROUND_ACCURACY method=FedPhoenixRG round=160 accuracy=68.680000
********************************************************************************
Round 160
ROUND_ACCURACY method=FedPhoenixRG round=161 accuracy=75.139999
********************************************************************************
Round 161
ROUND_ACCURACY method=FedPhoenixRG round=162 accuracy=71.419998
********************************************************************************
Round 162
ROUND_ACCURACY method=FedPhoenixRG round=163 accuracy=71.800003
********************************************************************************
Round 163
ROUND_ACCURACY method=FedPhoenixRG round=164 accuracy=67.989998
********************************************************************************
Round 164
ROUND_ACCURACY method=FedPhoenixRG round=165 accuracy=73.910004
********************************************************************************
Round 165
ROUND_ACCURACY method=FedPhoenixRG round=166 accuracy=71.599998
********************************************************************************
Round 166
ROUND_ACCURACY method=FedPhoenixRG round=167 accuracy=68.180000
********************************************************************************
Round 167
ROUND_ACCURACY method=FedPhoenixRG round=168 accuracy=66.519997
********************************************************************************
Round 168
ROUND_ACCURACY method=FedPhoenixRG round=169 accuracy=70.660004
********************************************************************************
Round 169
ROUND_ACCURACY method=FedPhoenixRG round=170 accuracy=51.230000
********************************************************************************
Round 170
ROUND_ACCURACY method=FedPhoenixRG round=171 accuracy=65.699997
********************************************************************************
Round 171
ROUND_ACCURACY method=FedPhoenixRG round=172 accuracy=68.959999
********************************************************************************
Round 172
ROUND_ACCURACY method=FedPhoenixRG round=173 accuracy=54.029999
********************************************************************************
Round 173
ROUND_ACCURACY method=FedPhoenixRG round=174 accuracy=69.110001
********************************************************************************
Round 174
ROUND_ACCURACY method=FedPhoenixRG round=175 accuracy=73.470001
********************************************************************************
Round 175
ROUND_ACCURACY method=FedPhoenixRG round=176 accuracy=73.599998
********************************************************************************
Round 176
ROUND_ACCURACY method=FedPhoenixRG round=177 accuracy=71.250000
********************************************************************************
Round 177
ROUND_ACCURACY method=FedPhoenixRG round=178 accuracy=66.650002
********************************************************************************
Round 178
ROUND_ACCURACY method=FedPhoenixRG round=179 accuracy=76.110001
********************************************************************************
Round 179
RG_SCORE round=180 layer=features.0 mean_q=0.187592 max_q=0.671913 fraction_q_positive=0.734375 sampling_entropy=3.892903 uniform_entropy=4.158883 entropy_gap=0.265980 max_probability_over_uniform=2.936332 min_probability_over_uniform=0.250000
RG_SCORE round=180 layer=features.3 mean_q=0.144252 max_q=0.286116 fraction_q_positive=1.000000 sampling_entropy=4.109830 uniform_entropy=4.158883 entropy_gap=0.049053 max_probability_over_uniform=1.737581 min_probability_over_uniform=0.297016
RG_SCORE round=180 layer=features.7 mean_q=0.148234 max_q=0.318487 fraction_q_positive=0.992188 sampling_entropy=4.822413 uniform_entropy=4.852030 entropy_gap=0.029617 max_probability_over_uniform=1.861404 min_probability_over_uniform=0.250000
RG_SCORE round=180 layer=features.10 mean_q=0.125400 max_q=0.209812 fraction_q_positive=1.000000 sampling_entropy=4.832432 uniform_entropy=4.852030 entropy_gap=0.019598 max_probability_over_uniform=1.504857 min_probability_over_uniform=0.444240
RG_SCORE round=180 layer=features.14 mean_q=0.132672 max_q=0.222978 fraction_q_positive=0.996094 sampling_entropy=5.525492 uniform_entropy=5.545177 entropy_gap=0.019686 max_probability_over_uniform=1.510499 min_probability_over_uniform=0.250000
RG_SCORE round=180 layer=features.17 mean_q=0.132001 max_q=0.201364 fraction_q_positive=1.000000 sampling_entropy=5.534869 uniform_entropy=5.545177 entropy_gap=0.010309 max_probability_over_uniform=1.394104 min_probability_over_uniform=0.409687
RG_SCORE round=180 layer=features.20 mean_q=0.137767 max_q=0.182690 fraction_q_positive=1.000000 sampling_entropy=5.537659 uniform_entropy=5.545177 entropy_gap=0.007519 max_probability_over_uniform=1.244559 min_probability_over_uniform=0.452922
RG_SCORE round=180 layer=features.24 mean_q=0.148917 max_q=0.227434 fraction_q_positive=1.000000 sampling_entropy=6.224243 uniform_entropy=6.238325 entropy_gap=0.014082 max_probability_over_uniform=1.395443 min_probability_over_uniform=0.420556
RG_SCORE round=180 layer=features.27 mean_q=0.139890 max_q=0.217615 fraction_q_positive=1.000000 sampling_entropy=6.223740 uniform_entropy=6.238325 entropy_gap=0.014585 max_probability_over_uniform=1.416713 min_probability_over_uniform=0.458886
RG_SCORE round=180 layer=features.30 mean_q=0.121898 max_q=0.209927 fraction_q_positive=1.000000 sampling_entropy=6.217948 uniform_entropy=6.238325 entropy_gap=0.020377 max_probability_over_uniform=1.541613 min_probability_over_uniform=0.327039
RG_SCORE round=180 layer=features.34 mean_q=0.240706 max_q=0.411176 fraction_q_positive=0.996094 sampling_entropy=6.206410 uniform_entropy=6.238325 entropy_gap=0.031914 max_probability_over_uniform=1.531153 min_probability_over_uniform=0.250000
RG_SCORE round=180 layer=features.37 mean_q=0.200877 max_q=0.402052 fraction_q_positive=0.984375 sampling_entropy=6.179946 uniform_entropy=6.238325 entropy_gap=0.058378 max_probability_over_uniform=1.751112 min_probability_over_uniform=0.250000
RG_SCORE round=180 layer=features.40 mean_q=0.126557 max_q=0.373938 fraction_q_positive=0.923828 sampling_entropy=6.104170 uniform_entropy=6.238325 entropy_gap=0.134154 max_probability_over_uniform=2.466033 min_probability_over_uniform=0.250000
ROUND_ACCURACY method=FedPhoenixRG round=180 accuracy=73.000000
********************************************************************************
Round 180
ROUND_ACCURACY method=FedPhoenixRG round=181 accuracy=75.070000
********************************************************************************
Round 181
ROUND_ACCURACY method=FedPhoenixRG round=182 accuracy=64.750000
********************************************************************************
Round 182
ROUND_ACCURACY method=FedPhoenixRG round=183 accuracy=77.070000
********************************************************************************
Round 183
ROUND_ACCURACY method=FedPhoenixRG round=184 accuracy=73.839996
********************************************************************************
Round 184
ROUND_ACCURACY method=FedPhoenixRG round=185 accuracy=75.570000
********************************************************************************
Round 185
ROUND_ACCURACY method=FedPhoenixRG round=186 accuracy=72.330002
********************************************************************************
Round 186
ROUND_ACCURACY method=FedPhoenixRG round=187 accuracy=69.820000
********************************************************************************
Round 187
ROUND_ACCURACY method=FedPhoenixRG round=188 accuracy=72.550003
********************************************************************************
Round 188
ROUND_ACCURACY method=FedPhoenixRG round=189 accuracy=67.070000
********************************************************************************
Round 189
ROUND_ACCURACY method=FedPhoenixRG round=190 accuracy=69.050003
********************************************************************************
Round 190
ROUND_ACCURACY method=FedPhoenixRG round=191 accuracy=62.709999
********************************************************************************
Round 191
ROUND_ACCURACY method=FedPhoenixRG round=192 accuracy=70.150002
********************************************************************************
Round 192
ROUND_ACCURACY method=FedPhoenixRG round=193 accuracy=73.599998
********************************************************************************
Round 193
ROUND_ACCURACY method=FedPhoenixRG round=194 accuracy=69.779999
********************************************************************************
Round 194
ROUND_ACCURACY method=FedPhoenixRG round=195 accuracy=73.639999
********************************************************************************
Round 195
ROUND_ACCURACY method=FedPhoenixRG round=196 accuracy=75.900002
********************************************************************************
Round 196
ROUND_ACCURACY method=FedPhoenixRG round=197 accuracy=61.709999
********************************************************************************
Round 197
ROUND_ACCURACY method=FedPhoenixRG round=198 accuracy=70.430000
********************************************************************************
Round 198
ROUND_ACCURACY method=FedPhoenixRG round=199 accuracy=66.250000
********************************************************************************
Round 199
RG_SCORE round=200 layer=features.0 mean_q=0.166033 max_q=0.395725 fraction_q_positive=0.968750 sampling_entropy=4.084370 uniform_entropy=4.158883 entropy_gap=0.074513 max_probability_over_uniform=2.037560 min_probability_over_uniform=0.250000
RG_SCORE round=200 layer=features.3 mean_q=0.178525 max_q=0.233552 fraction_q_positive=1.000000 sampling_entropy=4.152677 uniform_entropy=4.158883 entropy_gap=0.006206 max_probability_over_uniform=1.231176 min_probability_over_uniform=0.667602
RG_SCORE round=200 layer=features.7 mean_q=0.180953 max_q=0.243847 fraction_q_positive=1.000000 sampling_entropy=4.848716 uniform_entropy=4.852030 entropy_gap=0.003315 max_probability_over_uniform=1.260680 min_probability_over_uniform=0.817114
RG_SCORE round=200 layer=features.10 mean_q=0.162645 max_q=0.192923 fraction_q_positive=1.000000 sampling_entropy=4.850008 uniform_entropy=4.852030 entropy_gap=0.002022 max_probability_over_uniform=1.139618 min_probability_over_uniform=0.868024
RG_SCORE round=200 layer=features.14 mean_q=0.173625 max_q=0.250268 fraction_q_positive=1.000000 sampling_entropy=5.542457 uniform_entropy=5.545177 entropy_gap=0.002720 max_probability_over_uniform=1.331071 min_probability_over_uniform=0.815808
RG_SCORE round=200 layer=features.17 mean_q=0.168044 max_q=0.212639 fraction_q_positive=1.000000 sampling_entropy=5.542592 uniform_entropy=5.545177 entropy_gap=0.002585 max_probability_over_uniform=1.199031 min_probability_over_uniform=0.805926
RG_SCORE round=200 layer=features.20 mean_q=0.168330 max_q=0.211161 fraction_q_positive=1.000000 sampling_entropy=5.543539 uniform_entropy=5.545177 entropy_gap=0.001638 max_probability_over_uniform=1.190836 min_probability_over_uniform=0.816605
RG_SCORE round=200 layer=features.24 mean_q=0.184808 max_q=0.248978 fraction_q_positive=1.000000 sampling_entropy=6.235403 uniform_entropy=6.238325 entropy_gap=0.002922 max_probability_over_uniform=1.260422 min_probability_over_uniform=0.748442
RG_SCORE round=200 layer=features.27 mean_q=0.173620 max_q=0.232912 fraction_q_positive=1.000000 sampling_entropy=6.234393 uniform_entropy=6.238325 entropy_gap=0.003931 max_probability_over_uniform=1.256129 min_probability_over_uniform=0.691513
RG_SCORE round=200 layer=features.30 mean_q=0.152530 max_q=0.210179 fraction_q_positive=1.000000 sampling_entropy=6.233069 uniform_entropy=6.238325 entropy_gap=0.005256 max_probability_over_uniform=1.283469 min_probability_over_uniform=0.574813
RG_SCORE round=200 layer=features.34 mean_q=0.272389 max_q=0.420926 fraction_q_positive=0.998047 sampling_entropy=6.216227 uniform_entropy=6.238325 entropy_gap=0.022097 max_probability_over_uniform=1.408986 min_probability_over_uniform=0.250000
RG_SCORE round=200 layer=features.37 mean_q=0.229990 max_q=0.447337 fraction_q_positive=1.000000 sampling_entropy=6.201123 uniform_entropy=6.238325 entropy_gap=0.037201 max_probability_over_uniform=1.708769 min_probability_over_uniform=0.274171
RG_SCORE round=200 layer=features.40 mean_q=0.120540 max_q=0.378578 fraction_q_positive=0.960938 sampling_entropy=6.119321 uniform_entropy=6.238325 entropy_gap=0.119004 max_probability_over_uniform=2.605518 min_probability_over_uniform=0.250000
ROUND_ACCURACY method=FedPhoenixRG round=200 accuracy=58.419998
********************************************************************************
Round 200
ROUND_ACCURACY method=FedPhoenixRG round=201 accuracy=69.430000
********************************************************************************
Round 201
ROUND_ACCURACY method=FedPhoenixRG round=202 accuracy=71.709999
********************************************************************************
Round 202
ROUND_ACCURACY method=FedPhoenixRG round=203 accuracy=62.509998
********************************************************************************
Round 203
ROUND_ACCURACY method=FedPhoenixRG round=204 accuracy=73.120003
********************************************************************************
Round 204
ROUND_ACCURACY method=FedPhoenixRG round=205 accuracy=72.040001
********************************************************************************
Round 205
ROUND_ACCURACY method=FedPhoenixRG round=206 accuracy=75.879997
********************************************************************************
Round 206
ROUND_ACCURACY method=FedPhoenixRG round=207 accuracy=74.949997
********************************************************************************
Round 207
ROUND_ACCURACY method=FedPhoenixRG round=208 accuracy=74.470001
********************************************************************************
Round 208
ROUND_ACCURACY method=FedPhoenixRG round=209 accuracy=70.309998
********************************************************************************
Round 209
ROUND_ACCURACY method=FedPhoenixRG round=210 accuracy=73.110001
********************************************************************************
Round 210
ROUND_ACCURACY method=FedPhoenixRG round=211 accuracy=62.410000
********************************************************************************
Round 211
ROUND_ACCURACY method=FedPhoenixRG round=212 accuracy=77.349998
********************************************************************************
Round 212
ROUND_ACCURACY method=FedPhoenixRG round=213 accuracy=71.059998
********************************************************************************
Round 213
ROUND_ACCURACY method=FedPhoenixRG round=214 accuracy=76.540001
********************************************************************************
Round 214
ROUND_ACCURACY method=FedPhoenixRG round=215 accuracy=74.790001
********************************************************************************
Round 215
ROUND_ACCURACY method=FedPhoenixRG round=216 accuracy=74.279999
********************************************************************************
Round 216
ROUND_ACCURACY method=FedPhoenixRG round=217 accuracy=64.760002
********************************************************************************
Round 217
ROUND_ACCURACY method=FedPhoenixRG round=218 accuracy=77.449997
********************************************************************************
Round 218
ROUND_ACCURACY method=FedPhoenixRG round=219 accuracy=72.010002
********************************************************************************
Round 219
RG_SCORE round=220 layer=features.0 mean_q=0.159376 max_q=0.381823 fraction_q_positive=0.921875 sampling_entropy=4.057141 uniform_entropy=4.158883 entropy_gap=0.101742 max_probability_over_uniform=2.046801 min_probability_over_uniform=0.250000
RG_SCORE round=220 layer=features.3 mean_q=0.180665 max_q=0.242334 fraction_q_positive=1.000000 sampling_entropy=4.153592 uniform_entropy=4.158883 entropy_gap=0.005291 max_probability_over_uniform=1.256010 min_probability_over_uniform=0.790660
RG_SCORE round=220 layer=features.7 mean_q=0.180099 max_q=0.251449 fraction_q_positive=1.000000 sampling_entropy=4.847779 uniform_entropy=4.852030 entropy_gap=0.004252 max_probability_over_uniform=1.297127 min_probability_over_uniform=0.800339
RG_SCORE round=220 layer=features.10 mean_q=0.165166 max_q=0.207105 fraction_q_positive=1.000000 sampling_entropy=4.850197 uniform_entropy=4.852030 entropy_gap=0.001834 max_probability_over_uniform=1.190444 min_probability_over_uniform=0.865436
RG_SCORE round=220 layer=features.14 mean_q=0.170870 max_q=0.233447 fraction_q_positive=1.000000 sampling_entropy=5.541796 uniform_entropy=5.545177 entropy_gap=0.003382 max_probability_over_uniform=1.274668 min_probability_over_uniform=0.793168
RG_SCORE round=220 layer=features.17 mean_q=0.160891 max_q=0.209611 fraction_q_positive=1.000000 sampling_entropy=5.542267 uniform_entropy=5.545177 entropy_gap=0.002910 max_probability_over_uniform=1.227110 min_probability_over_uniform=0.820627
RG_SCORE round=220 layer=features.20 mean_q=0.162749 max_q=0.198248 fraction_q_positive=1.000000 sampling_entropy=5.543021 uniform_entropy=5.545177 entropy_gap=0.002157 max_probability_over_uniform=1.163588 min_probability_over_uniform=0.824887
RG_SCORE round=220 layer=features.24 mean_q=0.180221 max_q=0.245220 fraction_q_positive=1.000000 sampling_entropy=6.235679 uniform_entropy=6.238325 entropy_gap=0.002646 max_probability_over_uniform=1.270495 min_probability_over_uniform=0.796121
RG_SCORE round=220 layer=features.27 mean_q=0.172204 max_q=0.242282 fraction_q_positive=1.000000 sampling_entropy=6.234393 uniform_entropy=6.238325 entropy_gap=0.003932 max_probability_over_uniform=1.305207 min_probability_over_uniform=0.653350
RG_SCORE round=220 layer=features.30 mean_q=0.148695 max_q=0.208801 fraction_q_positive=1.000000 sampling_entropy=6.232536 uniform_entropy=6.238325 entropy_gap=0.005788 max_probability_over_uniform=1.303168 min_probability_over_uniform=0.527673
RG_SCORE round=220 layer=features.34 mean_q=0.271958 max_q=0.449617 fraction_q_positive=0.994141 sampling_entropy=6.215161 uniform_entropy=6.238325 entropy_gap=0.023164 max_probability_over_uniform=1.489942 min_probability_over_uniform=0.250000
RG_SCORE round=220 layer=features.37 mean_q=0.260518 max_q=0.488327 fraction_q_positive=0.990234 sampling_entropy=6.197748 uniform_entropy=6.238325 entropy_gap=0.040576 max_probability_over_uniform=1.655833 min_probability_over_uniform=0.250000
RG_SCORE round=220 layer=features.40 mean_q=0.151120 max_q=0.454005 fraction_q_positive=0.880859 sampling_entropy=6.093833 uniform_entropy=6.238325 entropy_gap=0.144492 max_probability_over_uniform=2.503209 min_probability_over_uniform=0.250000
ROUND_ACCURACY method=FedPhoenixRG round=220 accuracy=68.989998
********************************************************************************
Round 220
ROUND_ACCURACY method=FedPhoenixRG round=221 accuracy=71.589996
********************************************************************************
Round 221
ROUND_ACCURACY method=FedPhoenixRG round=222 accuracy=71.720001
********************************************************************************
Round 222
ROUND_ACCURACY method=FedPhoenixRG round=223 accuracy=75.089996
********************************************************************************
Round 223
ROUND_ACCURACY method=FedPhoenixRG round=224 accuracy=74.480003
********************************************************************************
Round 224
ROUND_ACCURACY method=FedPhoenixRG round=225 accuracy=73.480003
********************************************************************************
Round 225
ROUND_ACCURACY method=FedPhoenixRG round=226 accuracy=66.940002
********************************************************************************
Round 226
ROUND_ACCURACY method=FedPhoenixRG round=227 accuracy=74.550003
********************************************************************************
Round 227
ROUND_ACCURACY method=FedPhoenixRG round=228 accuracy=69.360001
********************************************************************************
Round 228
ROUND_ACCURACY method=FedPhoenixRG round=229 accuracy=74.099998
********************************************************************************
Round 229
ROUND_ACCURACY method=FedPhoenixRG round=230 accuracy=78.300003
********************************************************************************
Round 230
ROUND_ACCURACY method=FedPhoenixRG round=231 accuracy=75.029999
********************************************************************************
Round 231
ROUND_ACCURACY method=FedPhoenixRG round=232 accuracy=77.519997
********************************************************************************
Round 232
ROUND_ACCURACY method=FedPhoenixRG round=233 accuracy=71.339996
********************************************************************************
Round 233
ROUND_ACCURACY method=FedPhoenixRG round=234 accuracy=68.959999
********************************************************************************
Round 234
ROUND_ACCURACY method=FedPhoenixRG round=235 accuracy=65.190002
********************************************************************************
Round 235
ROUND_ACCURACY method=FedPhoenixRG round=236 accuracy=76.160004
********************************************************************************
Round 236
ROUND_ACCURACY method=FedPhoenixRG round=237 accuracy=69.209999
********************************************************************************
Round 237
ROUND_ACCURACY method=FedPhoenixRG round=238 accuracy=70.449997
********************************************************************************
Round 238
ROUND_ACCURACY method=FedPhoenixRG round=239 accuracy=75.889999
********************************************************************************
Round 239
RG_SCORE round=240 layer=features.0 mean_q=0.161457 max_q=0.366063 fraction_q_positive=0.921875 sampling_entropy=4.039476 uniform_entropy=4.158883 entropy_gap=0.119407 max_probability_over_uniform=1.950440 min_probability_over_uniform=0.250000
RG_SCORE round=240 layer=features.3 mean_q=0.173709 max_q=0.238360 fraction_q_positive=1.000000 sampling_entropy=4.154382 uniform_entropy=4.158883 entropy_gap=0.004501 max_probability_over_uniform=1.279135 min_probability_over_uniform=0.688450
RG_SCORE round=240 layer=features.7 mean_q=0.180205 max_q=0.241684 fraction_q_positive=1.000000 sampling_entropy=4.849029 uniform_entropy=4.852030 entropy_gap=0.003001 max_probability_over_uniform=1.255867 min_probability_over_uniform=0.825181
RG_SCORE round=240 layer=features.10 mean_q=0.176290 max_q=0.212953 fraction_q_positive=1.000000 sampling_entropy=4.850270 uniform_entropy=4.852030 entropy_gap=0.001760 max_probability_over_uniform=1.155977 min_probability_over_uniform=0.838297
RG_SCORE round=240 layer=features.14 mean_q=0.179159 max_q=0.233032 fraction_q_positive=1.000000 sampling_entropy=5.542817 uniform_entropy=5.545177 entropy_gap=0.002360 max_probability_over_uniform=1.225528 min_probability_over_uniform=0.824253
RG_SCORE round=240 layer=features.17 mean_q=0.172202 max_q=0.218291 fraction_q_positive=1.000000 sampling_entropy=5.542602 uniform_entropy=5.545177 entropy_gap=0.002575 max_probability_over_uniform=1.200736 min_probability_over_uniform=0.824302
RG_SCORE round=240 layer=features.20 mean_q=0.169711 max_q=0.198760 fraction_q_positive=1.000000 sampling_entropy=5.543716 uniform_entropy=5.545177 entropy_gap=0.001461 max_probability_over_uniform=1.128376 min_probability_over_uniform=0.826196
RG_SCORE round=240 layer=features.24 mean_q=0.188597 max_q=0.257373 fraction_q_positive=1.000000 sampling_entropy=6.235647 uniform_entropy=6.238325 entropy_gap=0.002678 max_probability_over_uniform=1.273503 min_probability_over_uniform=0.729907
RG_SCORE round=240 layer=features.27 mean_q=0.180753 max_q=0.244552 fraction_q_positive=1.000000 sampling_entropy=6.235399 uniform_entropy=6.238325 entropy_gap=0.002926 max_probability_over_uniform=1.264726 min_probability_over_uniform=0.791690
RG_SCORE round=240 layer=features.30 mean_q=0.159625 max_q=0.207085 fraction_q_positive=1.000000 sampling_entropy=6.234502 uniform_entropy=6.238325 entropy_gap=0.003822 max_probability_over_uniform=1.222992 min_probability_over_uniform=0.740812
RG_SCORE round=240 layer=features.34 mean_q=0.292133 max_q=0.430454 fraction_q_positive=0.998047 sampling_entropy=6.214600 uniform_entropy=6.238325 entropy_gap=0.023725 max_probability_over_uniform=1.355116 min_probability_over_uniform=0.250000
RG_SCORE round=240 layer=features.37 mean_q=0.226596 max_q=0.463684 fraction_q_positive=0.968750 sampling_entropy=6.169849 uniform_entropy=6.238325 entropy_gap=0.068476 max_probability_over_uniform=1.784730 min_probability_over_uniform=0.250000
RG_SCORE round=240 layer=features.40 mean_q=0.130664 max_q=0.475222 fraction_q_positive=0.880859 sampling_entropy=6.082144 uniform_entropy=6.238325 entropy_gap=0.156181 max_probability_over_uniform=2.977724 min_probability_over_uniform=0.250000
ROUND_ACCURACY method=FedPhoenixRG round=240 accuracy=65.449997
********************************************************************************
Round 240
ROUND_ACCURACY method=FedPhoenixRG round=241 accuracy=74.010002
********************************************************************************
Round 241
ROUND_ACCURACY method=FedPhoenixRG round=242 accuracy=75.080002
********************************************************************************
Round 242
ROUND_ACCURACY method=FedPhoenixRG round=243 accuracy=73.580002
********************************************************************************
Round 243
ROUND_ACCURACY method=FedPhoenixRG round=244 accuracy=72.699997
********************************************************************************
Round 244
ROUND_ACCURACY method=FedPhoenixRG round=245 accuracy=75.610001
********************************************************************************
Round 245
ROUND_ACCURACY method=FedPhoenixRG round=246 accuracy=75.160004
********************************************************************************
Round 246
ROUND_ACCURACY method=FedPhoenixRG round=247 accuracy=54.689999
********************************************************************************
Round 247
ROUND_ACCURACY method=FedPhoenixRG round=248 accuracy=73.940002
********************************************************************************
Round 248
ROUND_ACCURACY method=FedPhoenixRG round=249 accuracy=70.650002
********************************************************************************
Round 249
ROUND_ACCURACY method=FedPhoenixRG round=250 accuracy=72.750000
********************************************************************************
Round 250
ROUND_ACCURACY method=FedPhoenixRG round=251 accuracy=76.940002
********************************************************************************
Round 251
ROUND_ACCURACY method=FedPhoenixRG round=252 accuracy=72.360001
********************************************************************************
Round 252
ROUND_ACCURACY method=FedPhoenixRG round=253 accuracy=70.629997
********************************************************************************
Round 253
ROUND_ACCURACY method=FedPhoenixRG round=254 accuracy=68.750000
********************************************************************************
Round 254
ROUND_ACCURACY method=FedPhoenixRG round=255 accuracy=77.269997
********************************************************************************
Round 255
ROUND_ACCURACY method=FedPhoenixRG round=256 accuracy=68.250000
********************************************************************************
Round 256
ROUND_ACCURACY method=FedPhoenixRG round=257 accuracy=75.589996
********************************************************************************
Round 257
ROUND_ACCURACY method=FedPhoenixRG round=258 accuracy=74.769997
********************************************************************************
Round 258
ROUND_ACCURACY method=FedPhoenixRG round=259 accuracy=74.489998
********************************************************************************
Round 259
RG_SCORE round=260 layer=features.0 mean_q=0.168058 max_q=0.381997 fraction_q_positive=0.953125 sampling_entropy=4.065391 uniform_entropy=4.158883 entropy_gap=0.093492 max_probability_over_uniform=1.954762 min_probability_over_uniform=0.250000
RG_SCORE round=260 layer=features.3 mean_q=0.186934 max_q=0.232541 fraction_q_positive=1.000000 sampling_entropy=4.156205 uniform_entropy=4.158883 entropy_gap=0.002678 max_probability_over_uniform=1.182980 min_probability_over_uniform=0.831042
RG_SCORE round=260 layer=features.7 mean_q=0.189076 max_q=0.238349 fraction_q_positive=1.000000 sampling_entropy=4.849859 uniform_entropy=4.852030 entropy_gap=0.002171 max_probability_over_uniform=1.195449 min_probability_over_uniform=0.852739
RG_SCORE round=260 layer=features.10 mean_q=0.181201 max_q=0.220093 fraction_q_positive=1.000000 sampling_entropy=4.850660 uniform_entropy=4.852030 entropy_gap=0.001370 max_probability_over_uniform=1.160973 min_probability_over_uniform=0.877558
RG_SCORE round=260 layer=features.14 mean_q=0.181817 max_q=0.234160 fraction_q_positive=1.000000 sampling_entropy=5.542886 uniform_entropy=5.545177 entropy_gap=0.002292 max_probability_over_uniform=1.215918 min_probability_over_uniform=0.810190
RG_SCORE round=260 layer=features.17 mean_q=0.173734 max_q=0.218039 fraction_q_positive=1.000000 sampling_entropy=5.542777 uniform_entropy=5.545177 entropy_gap=0.002400 max_probability_over_uniform=1.191262 min_probability_over_uniform=0.827559
RG_SCORE round=260 layer=features.20 mean_q=0.171049 max_q=0.203219 fraction_q_positive=1.000000 sampling_entropy=5.543754 uniform_entropy=5.545177 entropy_gap=0.001423 max_probability_over_uniform=1.141057 min_probability_over_uniform=0.868609
RG_SCORE round=260 layer=features.24 mean_q=0.193310 max_q=0.250414 fraction_q_positive=1.000000 sampling_entropy=6.236419 uniform_entropy=6.238325 entropy_gap=0.001905 max_probability_over_uniform=1.221553 min_probability_over_uniform=0.839787
RG_SCORE round=260 layer=features.27 mean_q=0.193594 max_q=0.253281 fraction_q_positive=1.000000 sampling_entropy=6.236276 uniform_entropy=6.238325 entropy_gap=0.002049 max_probability_over_uniform=1.231234 min_probability_over_uniform=0.835223
RG_SCORE round=260 layer=features.30 mean_q=0.173576 max_q=0.219842 fraction_q_positive=1.000000 sampling_entropy=6.236108 uniform_entropy=6.238325 entropy_gap=0.002216 max_probability_over_uniform=1.199914 min_probability_over_uniform=0.789793
RG_SCORE round=260 layer=features.34 mean_q=0.359521 max_q=0.468342 fraction_q_positive=1.000000 sampling_entropy=6.234950 uniform_entropy=6.238325 entropy_gap=0.003375 max_probability_over_uniform=1.227011 min_probability_over_uniform=0.733270
RG_SCORE round=260 layer=features.37 mean_q=0.403999 max_q=0.525098 fraction_q_positive=1.000000 sampling_entropy=6.234729 uniform_entropy=6.238325 entropy_gap=0.003596 max_probability_over_uniform=1.224813 min_probability_over_uniform=0.661724
RG_SCORE round=260 layer=features.40 mean_q=0.318719 max_q=0.570742 fraction_q_positive=0.998047 sampling_entropy=6.200725 uniform_entropy=6.238325 entropy_gap=0.037599 max_probability_over_uniform=1.593053 min_probability_over_uniform=0.250000
ROUND_ACCURACY method=FedPhoenixRG round=260 accuracy=75.580002
********************************************************************************
Round 260
ROUND_ACCURACY method=FedPhoenixRG round=261 accuracy=74.739998
********************************************************************************
Round 261
ROUND_ACCURACY method=FedPhoenixRG round=262 accuracy=76.400002
********************************************************************************
Round 262
ROUND_ACCURACY method=FedPhoenixRG round=263 accuracy=69.330002
********************************************************************************
Round 263
ROUND_ACCURACY method=FedPhoenixRG round=264 accuracy=71.970001
********************************************************************************
Round 264
ROUND_ACCURACY method=FedPhoenixRG round=265 accuracy=75.680000
********************************************************************************
Round 265
ROUND_ACCURACY method=FedPhoenixRG round=266 accuracy=75.879997
********************************************************************************
Round 266
ROUND_ACCURACY method=FedPhoenixRG round=267 accuracy=71.339996
********************************************************************************
Round 267
ROUND_ACCURACY method=FedPhoenixRG round=268 accuracy=55.709999
********************************************************************************
Round 268
ROUND_ACCURACY method=FedPhoenixRG round=269 accuracy=72.970001
********************************************************************************
Round 269
ROUND_ACCURACY method=FedPhoenixRG round=270 accuracy=64.070000
********************************************************************************
Round 270
ROUND_ACCURACY method=FedPhoenixRG round=271 accuracy=70.180000
********************************************************************************
Round 271
ROUND_ACCURACY method=FedPhoenixRG round=272 accuracy=57.160000
********************************************************************************
Round 272
ROUND_ACCURACY method=FedPhoenixRG round=273 accuracy=70.800003
********************************************************************************
Round 273
ROUND_ACCURACY method=FedPhoenixRG round=274 accuracy=56.160000
********************************************************************************
Round 274
ROUND_ACCURACY method=FedPhoenixRG round=275 accuracy=76.120003
********************************************************************************
Round 275
ROUND_ACCURACY method=FedPhoenixRG round=276 accuracy=67.040001
********************************************************************************
Round 276
ROUND_ACCURACY method=FedPhoenixRG round=277 accuracy=77.830002
********************************************************************************
Round 277
ROUND_ACCURACY method=FedPhoenixRG round=278 accuracy=70.150002
********************************************************************************
Round 278
ROUND_ACCURACY method=FedPhoenixRG round=279 accuracy=77.660004
********************************************************************************
Round 279
RG_SCORE round=280 layer=features.0 mean_q=0.120541 max_q=0.286222 fraction_q_positive=0.890625 sampling_entropy=4.044539 uniform_entropy=4.158883 entropy_gap=0.114344 max_probability_over_uniform=2.030855 min_probability_over_uniform=0.250000
RG_SCORE round=280 layer=features.3 mean_q=0.151184 max_q=0.204995 fraction_q_positive=1.000000 sampling_entropy=4.151952 uniform_entropy=4.158883 entropy_gap=0.006931 max_probability_over_uniform=1.266944 min_probability_over_uniform=0.659310
RG_SCORE round=280 layer=features.7 mean_q=0.154423 max_q=0.200804 fraction_q_positive=1.000000 sampling_entropy=4.848458 uniform_entropy=4.852030 entropy_gap=0.003572 max_probability_over_uniform=1.225263 min_probability_over_uniform=0.748537
RG_SCORE round=280 layer=features.10 mean_q=0.147999 max_q=0.183854 fraction_q_positive=1.000000 sampling_entropy=4.849636 uniform_entropy=4.852030 entropy_gap=0.002394 max_probability_over_uniform=1.181696 min_probability_over_uniform=0.856981
RG_SCORE round=280 layer=features.14 mean_q=0.147886 max_q=0.200576 fraction_q_positive=1.000000 sampling_entropy=5.541891 uniform_entropy=5.545177 entropy_gap=0.003286 max_probability_over_uniform=1.267218 min_probability_over_uniform=0.734352
RG_SCORE round=280 layer=features.17 mean_q=0.139386 max_q=0.191734 fraction_q_positive=1.000000 sampling_entropy=5.540961 uniform_entropy=5.545177 entropy_gap=0.004217 max_probability_over_uniform=1.281666 min_probability_over_uniform=0.742929
RG_SCORE round=280 layer=features.20 mean_q=0.137233 max_q=0.180785 fraction_q_positive=1.000000 sampling_entropy=5.541172 uniform_entropy=5.545177 entropy_gap=0.004005 max_probability_over_uniform=1.238017 min_probability_over_uniform=0.776933
RG_SCORE round=280 layer=features.24 mean_q=0.148486 max_q=0.221272 fraction_q_positive=1.000000 sampling_entropy=6.229782 uniform_entropy=6.238325 entropy_gap=0.008543 max_probability_over_uniform=1.367642 min_probability_over_uniform=0.489530
RG_SCORE round=280 layer=features.27 mean_q=0.141573 max_q=0.209138 fraction_q_positive=1.000000 sampling_entropy=6.227894 uniform_entropy=6.238325 entropy_gap=0.010431 max_probability_over_uniform=1.357931 min_probability_over_uniform=0.425061
RG_SCORE round=280 layer=features.30 mean_q=0.118341 max_q=0.183285 fraction_q_positive=1.000000 sampling_entropy=6.222385 uniform_entropy=6.238325 entropy_gap=0.015940 max_probability_over_uniform=1.411597 min_probability_over_uniform=0.435304
RG_SCORE round=280 layer=features.34 mean_q=0.222682 max_q=0.395513 fraction_q_positive=0.998047 sampling_entropy=6.206038 uniform_entropy=6.238325 entropy_gap=0.032287 max_probability_over_uniform=1.582099 min_probability_over_uniform=0.250000
RG_SCORE round=280 layer=features.37 mean_q=0.200837 max_q=0.391721 fraction_q_positive=0.998047 sampling_entropy=6.200748 uniform_entropy=6.238325 entropy_gap=0.037577 max_probability_over_uniform=1.712834 min_probability_over_uniform=0.250000
RG_SCORE round=280 layer=features.40 mean_q=0.110161 max_q=0.303148 fraction_q_positive=0.972656 sampling_entropy=6.142049 uniform_entropy=6.238325 entropy_gap=0.096276 max_probability_over_uniform=2.313888 min_probability_over_uniform=0.250000
ROUND_ACCURACY method=FedPhoenixRG round=280 accuracy=75.839996
********************************************************************************
Round 280
ROUND_ACCURACY method=FedPhoenixRG round=281 accuracy=69.430000
********************************************************************************
Round 281
ROUND_ACCURACY method=FedPhoenixRG round=282 accuracy=65.169998
********************************************************************************
Round 282
ROUND_ACCURACY method=FedPhoenixRG round=283 accuracy=73.379997
********************************************************************************
Round 283
ROUND_ACCURACY method=FedPhoenixRG round=284 accuracy=74.790001
********************************************************************************
Round 284
ROUND_ACCURACY method=FedPhoenixRG round=285 accuracy=70.379997
********************************************************************************
Round 285
ROUND_ACCURACY method=FedPhoenixRG round=286 accuracy=67.739998
********************************************************************************
Round 286
ROUND_ACCURACY method=FedPhoenixRG round=287 accuracy=73.940002
********************************************************************************
Round 287
ROUND_ACCURACY method=FedPhoenixRG round=288 accuracy=71.589996
********************************************************************************
Round 288
ROUND_ACCURACY method=FedPhoenixRG round=289 accuracy=74.370003
********************************************************************************
Round 289
ROUND_ACCURACY method=FedPhoenixRG round=290 accuracy=77.879997
********************************************************************************
Round 290
ROUND_ACCURACY method=FedPhoenixRG round=291 accuracy=76.379997
********************************************************************************
Round 291
ROUND_ACCURACY method=FedPhoenixRG round=292 accuracy=69.980003
********************************************************************************
Round 292
ROUND_ACCURACY method=FedPhoenixRG round=293 accuracy=66.320000
********************************************************************************
Round 293
ROUND_ACCURACY method=FedPhoenixRG round=294 accuracy=70.800003
********************************************************************************
Round 294
ROUND_ACCURACY method=FedPhoenixRG round=295 accuracy=73.629997
********************************************************************************
Round 295
ROUND_ACCURACY method=FedPhoenixRG round=296 accuracy=74.470001
********************************************************************************
Round 296
ROUND_ACCURACY method=FedPhoenixRG round=297 accuracy=76.180000
********************************************************************************
Round 297
ROUND_ACCURACY method=FedPhoenixRG round=298 accuracy=61.990002
********************************************************************************
Round 298
ROUND_ACCURACY method=FedPhoenixRG round=299 accuracy=71.830002
********************************************************************************
Round 299
RG_SCORE round=300 layer=features.0 mean_q=0.151815 max_q=0.288115 fraction_q_positive=0.968750 sampling_entropy=4.090938 uniform_entropy=4.158883 entropy_gap=0.067945 max_probability_over_uniform=1.673355 min_probability_over_uniform=0.250000
RG_SCORE round=300 layer=features.3 mean_q=0.170936 max_q=0.217064 fraction_q_positive=1.000000 sampling_entropy=4.153684 uniform_entropy=4.158883 entropy_gap=0.005199 max_probability_over_uniform=1.202390 min_probability_over_uniform=0.755627
RG_SCORE round=300 layer=features.7 mean_q=0.169135 max_q=0.219796 fraction_q_positive=1.000000 sampling_entropy=4.849181 uniform_entropy=4.852030 entropy_gap=0.002849 max_probability_over_uniform=1.224645 min_probability_over_uniform=0.790826
RG_SCORE round=300 layer=features.10 mean_q=0.157770 max_q=0.188452 fraction_q_positive=1.000000 sampling_entropy=4.849940 uniform_entropy=4.852030 entropy_gap=0.002091 max_probability_over_uniform=1.145854 min_probability_over_uniform=0.795375
RG_SCORE round=300 layer=features.14 mean_q=0.160293 max_q=0.205517 fraction_q_positive=1.000000 sampling_entropy=5.542465 uniform_entropy=5.545177 entropy_gap=0.002712 max_probability_over_uniform=1.211599 min_probability_over_uniform=0.805660
RG_SCORE round=300 layer=features.17 mean_q=0.148732 max_q=0.197334 fraction_q_positive=1.000000 sampling_entropy=5.542133 uniform_entropy=5.545177 entropy_gap=0.003044 max_probability_over_uniform=1.245082 min_probability_over_uniform=0.793470
RG_SCORE round=300 layer=features.20 mean_q=0.146252 max_q=0.187510 fraction_q_positive=1.000000 sampling_entropy=5.543116 uniform_entropy=5.545177 entropy_gap=0.002061 max_probability_over_uniform=1.211576 min_probability_over_uniform=0.838420
RG_SCORE round=300 layer=features.24 mean_q=0.162848 max_q=0.219754 fraction_q_positive=1.000000 sampling_entropy=6.234924 uniform_entropy=6.238325 entropy_gap=0.003401 max_probability_over_uniform=1.262081 min_probability_over_uniform=0.762130
RG_SCORE round=300 layer=features.27 mean_q=0.159509 max_q=0.212835 fraction_q_positive=1.000000 sampling_entropy=6.234282 uniform_entropy=6.238325 entropy_gap=0.004043 max_probability_over_uniform=1.250738 min_probability_over_uniform=0.723793
RG_SCORE round=300 layer=features.30 mean_q=0.140692 max_q=0.192826 fraction_q_positive=1.000000 sampling_entropy=6.233433 uniform_entropy=6.238325 entropy_gap=0.004892 max_probability_over_uniform=1.277917 min_probability_over_uniform=0.618245
RG_SCORE round=300 layer=features.34 mean_q=0.258354 max_q=0.422812 fraction_q_positive=0.998047 sampling_entropy=6.213682 uniform_entropy=6.238325 entropy_gap=0.024643 max_probability_over_uniform=1.477417 min_probability_over_uniform=0.250000
RG_SCORE round=300 layer=features.37 mean_q=0.220413 max_q=0.388107 fraction_q_positive=0.990234 sampling_entropy=6.198199 uniform_entropy=6.238325 entropy_gap=0.040126 max_probability_over_uniform=1.570617 min_probability_over_uniform=0.250000
RG_SCORE round=300 layer=features.40 mean_q=0.113005 max_q=0.327575 fraction_q_positive=0.958984 sampling_entropy=6.130099 uniform_entropy=6.238325 entropy_gap=0.108226 max_probability_over_uniform=2.424064 min_probability_over_uniform=0.250000
ROUND_ACCURACY method=FedPhoenixRG round=300 accuracy=75.279999
********************************************************************************
Round 300
ROUND_ACCURACY method=FedPhoenixRG round=301 accuracy=79.300003
********************************************************************************
Round 301
ROUND_ACCURACY method=FedPhoenixRG round=302 accuracy=68.540001
********************************************************************************
Round 302
ROUND_ACCURACY method=FedPhoenixRG round=303 accuracy=77.339996
********************************************************************************
Round 303
ROUND_ACCURACY method=FedPhoenixRG round=304 accuracy=74.139999
********************************************************************************
Round 304
ROUND_ACCURACY method=FedPhoenixRG round=305 accuracy=78.239998
********************************************************************************
Round 305
ROUND_ACCURACY method=FedPhoenixRG round=306 accuracy=73.370003
********************************************************************************
Round 306
ROUND_ACCURACY method=FedPhoenixRG round=307 accuracy=74.580002
********************************************************************************
Round 307
ROUND_ACCURACY method=FedPhoenixRG round=308 accuracy=73.699997
********************************************************************************
Round 308
ROUND_ACCURACY method=FedPhoenixRG round=309 accuracy=75.540001
********************************************************************************
Round 309
ROUND_ACCURACY method=FedPhoenixRG round=310 accuracy=78.169998
********************************************************************************
Round 310
ROUND_ACCURACY method=FedPhoenixRG round=311 accuracy=76.949997
********************************************************************************
Round 311
ROUND_ACCURACY method=FedPhoenixRG round=312 accuracy=76.150002
********************************************************************************
Round 312
ROUND_ACCURACY method=FedPhoenixRG round=313 accuracy=76.169998
********************************************************************************
Round 313
ROUND_ACCURACY method=FedPhoenixRG round=314 accuracy=76.639999
********************************************************************************
Round 314
ROUND_ACCURACY method=FedPhoenixRG round=315 accuracy=73.220001
********************************************************************************
Round 315
ROUND_ACCURACY method=FedPhoenixRG round=316 accuracy=75.519997
********************************************************************************
Round 316
ROUND_ACCURACY method=FedPhoenixRG round=317 accuracy=71.250000
********************************************************************************
Round 317
ROUND_ACCURACY method=FedPhoenixRG round=318 accuracy=65.279999
********************************************************************************
Round 318
ROUND_ACCURACY method=FedPhoenixRG round=319 accuracy=67.169998
********************************************************************************
Round 319
RG_SCORE round=320 layer=features.0 mean_q=0.129116 max_q=0.328105 fraction_q_positive=0.890625 sampling_entropy=4.044299 uniform_entropy=4.158883 entropy_gap=0.114584 max_probability_over_uniform=2.155875 min_probability_over_uniform=0.250000
RG_SCORE round=320 layer=features.3 mean_q=0.151505 max_q=0.213639 fraction_q_positive=1.000000 sampling_entropy=4.150465 uniform_entropy=4.158883 entropy_gap=0.008418 max_probability_over_uniform=1.307587 min_probability_over_uniform=0.695198
RG_SCORE round=320 layer=features.7 mean_q=0.163442 max_q=0.220973 fraction_q_positive=1.000000 sampling_entropy=4.847277 uniform_entropy=4.852030 entropy_gap=0.004753 max_probability_over_uniform=1.263995 min_probability_over_uniform=0.724788
RG_SCORE round=320 layer=features.10 mean_q=0.152921 max_q=0.187313 fraction_q_positive=1.000000 sampling_entropy=4.849068 uniform_entropy=4.852030 entropy_gap=0.002962 max_probability_over_uniform=1.168675 min_probability_over_uniform=0.764784
RG_SCORE round=320 layer=features.14 mean_q=0.152333 max_q=0.207610 fraction_q_positive=1.000000 sampling_entropy=5.540119 uniform_entropy=5.545177 entropy_gap=0.005059 max_probability_over_uniform=1.272149 min_probability_over_uniform=0.692153
RG_SCORE round=320 layer=features.17 mean_q=0.140076 max_q=0.219056 fraction_q_positive=1.000000 sampling_entropy=5.539659 uniform_entropy=5.545177 entropy_gap=0.005519 max_probability_over_uniform=1.422874 min_probability_over_uniform=0.725937
RG_SCORE round=320 layer=features.20 mean_q=0.137441 max_q=0.181218 fraction_q_positive=1.000000 sampling_entropy=5.541413 uniform_entropy=5.545177 entropy_gap=0.003764 max_probability_over_uniform=1.238892 min_probability_over_uniform=0.673743
RG_SCORE round=320 layer=features.24 mean_q=0.150929 max_q=0.235167 fraction_q_positive=1.000000 sampling_entropy=6.227762 uniform_entropy=6.238325 entropy_gap=0.010562 max_probability_over_uniform=1.418596 min_probability_over_uniform=0.575674
RG_SCORE round=320 layer=features.27 mean_q=0.147216 max_q=0.226572 fraction_q_positive=1.000000 sampling_entropy=6.226645 uniform_entropy=6.238325 entropy_gap=0.011680 max_probability_over_uniform=1.404283 min_probability_over_uniform=0.435039
RG_SCORE round=320 layer=features.30 mean_q=0.127976 max_q=0.197465 fraction_q_positive=1.000000 sampling_entropy=6.226635 uniform_entropy=6.238325 entropy_gap=0.011690 max_probability_over_uniform=1.407244 min_probability_over_uniform=0.503596
RG_SCORE round=320 layer=features.34 mean_q=0.273034 max_q=0.443417 fraction_q_positive=0.990234 sampling_entropy=6.206548 uniform_entropy=6.238325 entropy_gap=0.031776 max_probability_over_uniform=1.468029 min_probability_over_uniform=0.250000
RG_SCORE round=320 layer=features.37 mean_q=0.246077 max_q=0.478589 fraction_q_positive=0.984375 sampling_entropy=6.193024 uniform_entropy=6.238325 entropy_gap=0.045300 max_probability_over_uniform=1.708655 min_probability_over_uniform=0.250000
RG_SCORE round=320 layer=features.40 mean_q=0.139233 max_q=0.433949 fraction_q_positive=0.853516 sampling_entropy=6.065202 uniform_entropy=6.238325 entropy_gap=0.173123 max_probability_over_uniform=2.587531 min_probability_over_uniform=0.250000
ROUND_ACCURACY method=FedPhoenixRG round=320 accuracy=73.809998
********************************************************************************
Round 320
ROUND_ACCURACY method=FedPhoenixRG round=321 accuracy=68.889999
********************************************************************************
Round 321
ROUND_ACCURACY method=FedPhoenixRG round=322 accuracy=69.800003
********************************************************************************
Round 322
ROUND_ACCURACY method=FedPhoenixRG round=323 accuracy=67.430000
********************************************************************************
Round 323
ROUND_ACCURACY method=FedPhoenixRG round=324 accuracy=59.720001
********************************************************************************
Round 324
ROUND_ACCURACY method=FedPhoenixRG round=325 accuracy=74.889999
********************************************************************************
Round 325
ROUND_ACCURACY method=FedPhoenixRG round=326 accuracy=76.730003
********************************************************************************
Round 326
ROUND_ACCURACY method=FedPhoenixRG round=327 accuracy=75.110001
********************************************************************************
Round 327
ROUND_ACCURACY method=FedPhoenixRG round=328 accuracy=74.559998
********************************************************************************
Round 328
ROUND_ACCURACY method=FedPhoenixRG round=329 accuracy=77.680000
********************************************************************************
Round 329
ROUND_ACCURACY method=FedPhoenixRG round=330 accuracy=75.419998
********************************************************************************
Round 330
ROUND_ACCURACY method=FedPhoenixRG round=331 accuracy=58.380001
********************************************************************************
Round 331
ROUND_ACCURACY method=FedPhoenixRG round=332 accuracy=71.370003
********************************************************************************
Round 332
ROUND_ACCURACY method=FedPhoenixRG round=333 accuracy=77.239998
********************************************************************************
Round 333
ROUND_ACCURACY method=FedPhoenixRG round=334 accuracy=75.419998
********************************************************************************
Round 334
ROUND_ACCURACY method=FedPhoenixRG round=335 accuracy=79.269997
********************************************************************************
Round 335
ROUND_ACCURACY method=FedPhoenixRG round=336 accuracy=77.779999
********************************************************************************
Round 336
ROUND_ACCURACY method=FedPhoenixRG round=337 accuracy=75.959999
********************************************************************************
Round 337
ROUND_ACCURACY method=FedPhoenixRG round=338 accuracy=79.680000
********************************************************************************
Round 338
ROUND_ACCURACY method=FedPhoenixRG round=339 accuracy=71.870003
********************************************************************************
Round 339
RG_SCORE round=340 layer=features.0 mean_q=0.102803 max_q=0.268161 fraction_q_positive=0.921875 sampling_entropy=4.006102 uniform_entropy=4.158883 entropy_gap=0.152781 max_probability_over_uniform=2.206372 min_probability_over_uniform=0.250000
RG_SCORE round=340 layer=features.3 mean_q=0.130331 max_q=0.189706 fraction_q_positive=1.000000 sampling_entropy=4.142943 uniform_entropy=4.158883 entropy_gap=0.015940 max_probability_over_uniform=1.341680 min_probability_over_uniform=0.496938
RG_SCORE round=340 layer=features.7 mean_q=0.145614 max_q=0.186487 fraction_q_positive=1.000000 sampling_entropy=4.847187 uniform_entropy=4.852030 entropy_gap=0.004843 max_probability_over_uniform=1.210522 min_probability_over_uniform=0.632916
RG_SCORE round=340 layer=features.10 mean_q=0.142880 max_q=0.170638 fraction_q_positive=1.000000 sampling_entropy=4.849655 uniform_entropy=4.852030 entropy_gap=0.002375 max_probability_over_uniform=1.145706 min_probability_over_uniform=0.821947
RG_SCORE round=340 layer=features.14 mean_q=0.143960 max_q=0.212260 fraction_q_positive=1.000000 sampling_entropy=5.540549 uniform_entropy=5.545177 entropy_gap=0.004628 max_probability_over_uniform=1.355827 min_probability_over_uniform=0.720186
RG_SCORE round=340 layer=features.17 mean_q=0.130716 max_q=0.181748 fraction_q_positive=1.000000 sampling_entropy=5.540475 uniform_entropy=5.545177 entropy_gap=0.004702 max_probability_over_uniform=1.292804 min_probability_over_uniform=0.780884
RG_SCORE round=340 layer=features.20 mean_q=0.127307 max_q=0.161444 fraction_q_positive=1.000000 sampling_entropy=5.540981 uniform_entropy=5.545177 entropy_gap=0.004196 max_probability_over_uniform=1.201110 min_probability_over_uniform=0.705192
RG_SCORE round=340 layer=features.24 mean_q=0.134332 max_q=0.197266 fraction_q_positive=1.000000 sampling_entropy=6.224853 uniform_entropy=6.238325 entropy_gap=0.013471 max_probability_over_uniform=1.351371 min_probability_over_uniform=0.385366
RG_SCORE round=340 layer=features.27 mean_q=0.126429 max_q=0.197591 fraction_q_positive=1.000000 sampling_entropy=6.223678 uniform_entropy=6.238325 entropy_gap=0.014647 max_probability_over_uniform=1.422145 min_probability_over_uniform=0.465872
RG_SCORE round=340 layer=features.30 mean_q=0.108928 max_q=0.177744 fraction_q_positive=1.000000 sampling_entropy=6.218638 uniform_entropy=6.238325 entropy_gap=0.019687 max_probability_over_uniform=1.473823 min_probability_over_uniform=0.448931
RG_SCORE round=340 layer=features.34 mean_q=0.213947 max_q=0.381060 fraction_q_positive=0.990234 sampling_entropy=6.192335 uniform_entropy=6.238325 entropy_gap=0.045990 max_probability_over_uniform=1.585819 min_probability_over_uniform=0.250000
RG_SCORE round=340 layer=features.37 mean_q=0.213793 max_q=0.427026 fraction_q_positive=0.998047 sampling_entropy=6.197936 uniform_entropy=6.238325 entropy_gap=0.040389 max_probability_over_uniform=1.748037 min_probability_over_uniform=0.250000
RG_SCORE round=340 layer=features.40 mean_q=0.139184 max_q=0.417909 fraction_q_positive=0.982422 sampling_entropy=6.153323 uniform_entropy=6.238325 entropy_gap=0.085002 max_probability_over_uniform=2.501920 min_probability_over_uniform=0.250000
ROUND_ACCURACY method=FedPhoenixRG round=340 accuracy=74.519997
********************************************************************************
Round 340
ROUND_ACCURACY method=FedPhoenixRG round=341 accuracy=72.029999
********************************************************************************
Round 341
ROUND_ACCURACY method=FedPhoenixRG round=342 accuracy=76.989998
********************************************************************************
Round 342
ROUND_ACCURACY method=FedPhoenixRG round=343 accuracy=64.970001
********************************************************************************
Round 343
ROUND_ACCURACY method=FedPhoenixRG round=344 accuracy=74.599998
********************************************************************************
Round 344
ROUND_ACCURACY method=FedPhoenixRG round=345 accuracy=76.739998
********************************************************************************
Round 345
ROUND_ACCURACY method=FedPhoenixRG round=346 accuracy=76.910004
********************************************************************************
Round 346
ROUND_ACCURACY method=FedPhoenixRG round=347 accuracy=69.190002
********************************************************************************
Round 347
ROUND_ACCURACY method=FedPhoenixRG round=348 accuracy=73.239998
********************************************************************************
Round 348
ROUND_ACCURACY method=FedPhoenixRG round=349 accuracy=79.169998
********************************************************************************
Round 349
ROUND_ACCURACY method=FedPhoenixRG round=350 accuracy=78.290001
********************************************************************************
Round 350
ROUND_ACCURACY method=FedPhoenixRG round=351 accuracy=74.099998
********************************************************************************
Round 351
ROUND_ACCURACY method=FedPhoenixRG round=352 accuracy=77.959999
********************************************************************************
Round 352
ROUND_ACCURACY method=FedPhoenixRG round=353 accuracy=73.010002
********************************************************************************
Round 353
ROUND_ACCURACY method=FedPhoenixRG round=354 accuracy=73.239998
********************************************************************************
Round 354
ROUND_ACCURACY method=FedPhoenixRG round=355 accuracy=69.769997
********************************************************************************
Round 355
ROUND_ACCURACY method=FedPhoenixRG round=356 accuracy=48.410000
********************************************************************************
Round 356
ROUND_ACCURACY method=FedPhoenixRG round=357 accuracy=73.739998
********************************************************************************
Round 357
ROUND_ACCURACY method=FedPhoenixRG round=358 accuracy=75.709999
********************************************************************************
Round 358
ROUND_ACCURACY method=FedPhoenixRG round=359 accuracy=71.239998
********************************************************************************
Round 359
RG_SCORE round=360 layer=features.0 mean_q=0.094890 max_q=0.262772 fraction_q_positive=0.890625 sampling_entropy=4.026111 uniform_entropy=4.158883 entropy_gap=0.132773 max_probability_over_uniform=2.326917 min_probability_over_uniform=0.250000
RG_SCORE round=360 layer=features.3 mean_q=0.097283 max_q=0.149288 fraction_q_positive=1.000000 sampling_entropy=4.136063 uniform_entropy=4.158883 entropy_gap=0.022820 max_probability_over_uniform=1.400933 min_probability_over_uniform=0.605215
RG_SCORE round=360 layer=features.7 mean_q=0.098629 max_q=0.155187 fraction_q_positive=1.000000 sampling_entropy=4.835045 uniform_entropy=4.852030 entropy_gap=0.016985 max_probability_over_uniform=1.430082 min_probability_over_uniform=0.512971
RG_SCORE round=360 layer=features.10 mean_q=0.096008 max_q=0.153781 fraction_q_positive=1.000000 sampling_entropy=4.839192 uniform_entropy=4.852030 entropy_gap=0.012838 max_probability_over_uniform=1.451305 min_probability_over_uniform=0.564650
RG_SCORE round=360 layer=features.14 mean_q=0.102621 max_q=0.168913 fraction_q_positive=1.000000 sampling_entropy=5.530056 uniform_entropy=5.545177 entropy_gap=0.015121 max_probability_over_uniform=1.484497 min_probability_over_uniform=0.551909
RG_SCORE round=360 layer=features.17 mean_q=0.096071 max_q=0.171768 fraction_q_positive=1.000000 sampling_entropy=5.524803 uniform_entropy=5.545177 entropy_gap=0.020375 max_probability_over_uniform=1.590949 min_probability_over_uniform=0.488881
RG_SCORE round=360 layer=features.20 mean_q=0.101476 max_q=0.146237 fraction_q_positive=1.000000 sampling_entropy=5.534646 uniform_entropy=5.545177 entropy_gap=0.010531 max_probability_over_uniform=1.330824 min_probability_over_uniform=0.628562
RG_SCORE round=360 layer=features.24 mean_q=0.122824 max_q=0.193991 fraction_q_positive=1.000000 sampling_entropy=6.225789 uniform_entropy=6.238325 entropy_gap=0.012536 max_probability_over_uniform=1.434564 min_probability_over_uniform=0.509850
RG_SCORE round=360 layer=features.27 mean_q=0.124748 max_q=0.197335 fraction_q_positive=1.000000 sampling_entropy=6.223457 uniform_entropy=6.238325 entropy_gap=0.014868 max_probability_over_uniform=1.436404 min_probability_over_uniform=0.549854
RG_SCORE round=360 layer=features.30 mean_q=0.115273 max_q=0.169094 fraction_q_positive=1.000000 sampling_entropy=6.228410 uniform_entropy=6.238325 entropy_gap=0.009915 max_probability_over_uniform=1.350176 min_probability_over_uniform=0.543108
RG_SCORE round=360 layer=features.34 mean_q=0.266170 max_q=0.406516 fraction_q_positive=1.000000 sampling_entropy=6.221234 uniform_entropy=6.238325 entropy_gap=0.017091 max_probability_over_uniform=1.395459 min_probability_over_uniform=0.319923
RG_SCORE round=360 layer=features.37 mean_q=0.315213 max_q=0.451601 fraction_q_positive=1.000000 sampling_entropy=6.227400 uniform_entropy=6.238325 entropy_gap=0.010925 max_probability_over_uniform=1.324513 min_probability_over_uniform=0.468251
RG_SCORE round=360 layer=features.40 mean_q=0.245410 max_q=0.500160 fraction_q_positive=0.998047 sampling_entropy=6.200397 uniform_entropy=6.238325 entropy_gap=0.037927 max_probability_over_uniform=1.778544 min_probability_over_uniform=0.250000
ROUND_ACCURACY method=FedPhoenixRG round=360 accuracy=74.139999
********************************************************************************
Round 360
ROUND_ACCURACY method=FedPhoenixRG round=361 accuracy=70.519997
********************************************************************************
Round 361
ROUND_ACCURACY method=FedPhoenixRG round=362 accuracy=66.330002
********************************************************************************
Round 362
ROUND_ACCURACY method=FedPhoenixRG round=363 accuracy=64.279999
********************************************************************************
Round 363
ROUND_ACCURACY method=FedPhoenixRG round=364 accuracy=65.529999
********************************************************************************
Round 364
ROUND_ACCURACY method=FedPhoenixRG round=365 accuracy=66.180000
********************************************************************************
Round 365
ROUND_ACCURACY method=FedPhoenixRG round=366 accuracy=68.000000
********************************************************************************
Round 366
ROUND_ACCURACY method=FedPhoenixRG round=367 accuracy=71.389999
********************************************************************************
Round 367
ROUND_ACCURACY method=FedPhoenixRG round=368 accuracy=72.949997
********************************************************************************
Round 368
ROUND_ACCURACY method=FedPhoenixRG round=369 accuracy=74.809998
********************************************************************************
Round 369
ROUND_ACCURACY method=FedPhoenixRG round=370 accuracy=68.730003
********************************************************************************
Round 370
ROUND_ACCURACY method=FedPhoenixRG round=371 accuracy=78.589996
********************************************************************************
Round 371
ROUND_ACCURACY method=FedPhoenixRG round=372 accuracy=67.169998
********************************************************************************
Round 372
ROUND_ACCURACY method=FedPhoenixRG round=373 accuracy=66.830002
********************************************************************************
Round 373
ROUND_ACCURACY method=FedPhoenixRG round=374 accuracy=75.059998
********************************************************************************
Round 374
ROUND_ACCURACY method=FedPhoenixRG round=375 accuracy=75.580002
********************************************************************************
Round 375
ROUND_ACCURACY method=FedPhoenixRG round=376 accuracy=77.099998
********************************************************************************
Round 376
ROUND_ACCURACY method=FedPhoenixRG round=377 accuracy=65.980003
********************************************************************************
Round 377
ROUND_ACCURACY method=FedPhoenixRG round=378 accuracy=71.720001
********************************************************************************
Round 378
ROUND_ACCURACY method=FedPhoenixRG round=379 accuracy=77.879997
********************************************************************************
Round 379
RG_SCORE round=380 layer=features.0 mean_q=0.125577 max_q=0.333525 fraction_q_positive=0.906250 sampling_entropy=4.017625 uniform_entropy=4.158883 entropy_gap=0.141258 max_probability_over_uniform=2.241949 min_probability_over_uniform=0.250000
RG_SCORE round=380 layer=features.3 mean_q=0.139257 max_q=0.184409 fraction_q_positive=1.000000 sampling_entropy=4.152483 uniform_entropy=4.158883 entropy_gap=0.006400 max_probability_over_uniform=1.243174 min_probability_over_uniform=0.731607
RG_SCORE round=380 layer=features.7 mean_q=0.150243 max_q=0.198157 fraction_q_positive=1.000000 sampling_entropy=4.849067 uniform_entropy=4.852030 entropy_gap=0.002964 max_probability_over_uniform=1.239182 min_probability_over_uniform=0.757752
RG_SCORE round=380 layer=features.10 mean_q=0.146700 max_q=0.184586 fraction_q_positive=1.000000 sampling_entropy=4.849707 uniform_entropy=4.852030 entropy_gap=0.002323 max_probability_over_uniform=1.193691 min_probability_over_uniform=0.792471
RG_SCORE round=380 layer=features.14 mean_q=0.147962 max_q=0.214577 fraction_q_positive=1.000000 sampling_entropy=5.542119 uniform_entropy=5.545177 entropy_gap=0.003059 max_probability_over_uniform=1.337661 min_probability_over_uniform=0.763412
RG_SCORE round=380 layer=features.17 mean_q=0.143794 max_q=0.197297 fraction_q_positive=1.000000 sampling_entropy=5.541376 uniform_entropy=5.545177 entropy_gap=0.003801 max_probability_over_uniform=1.279061 min_probability_over_uniform=0.744880
RG_SCORE round=380 layer=features.20 mean_q=0.130295 max_q=0.170766 fraction_q_positive=1.000000 sampling_entropy=5.541954 uniform_entropy=5.545177 entropy_gap=0.003224 max_probability_over_uniform=1.232959 min_probability_over_uniform=0.757397
RG_SCORE round=380 layer=features.24 mean_q=0.149358 max_q=0.204552 fraction_q_positive=1.000000 sampling_entropy=6.234211 uniform_entropy=6.238325 entropy_gap=0.004113 max_probability_over_uniform=1.277160 min_probability_over_uniform=0.714843
RG_SCORE round=380 layer=features.27 mean_q=0.149622 max_q=0.199414 fraction_q_positive=1.000000 sampling_entropy=6.234366 uniform_entropy=6.238325 entropy_gap=0.003958 max_probability_over_uniform=1.249590 min_probability_over_uniform=0.723657
RG_SCORE round=380 layer=features.30 mean_q=0.134545 max_q=0.181208 fraction_q_positive=1.000000 sampling_entropy=6.234682 uniform_entropy=6.238325 entropy_gap=0.003643 max_probability_over_uniform=1.260117 min_probability_over_uniform=0.711185
RG_SCORE round=380 layer=features.34 mean_q=0.278213 max_q=0.388697 fraction_q_positive=1.000000 sampling_entropy=6.229963 uniform_entropy=6.238325 entropy_gap=0.008362 max_probability_over_uniform=1.297839 min_probability_over_uniform=0.373910
RG_SCORE round=380 layer=features.37 mean_q=0.296502 max_q=0.438446 fraction_q_positive=1.000000 sampling_entropy=6.230338 uniform_entropy=6.238325 entropy_gap=0.007986 max_probability_over_uniform=1.359044 min_probability_over_uniform=0.535241
RG_SCORE round=380 layer=features.40 mean_q=0.229560 max_q=0.426137 fraction_q_positive=1.000000 sampling_entropy=6.198004 uniform_entropy=6.238325 entropy_gap=0.040321 max_probability_over_uniform=1.642239 min_probability_over_uniform=0.309589
ROUND_ACCURACY method=FedPhoenixRG round=380 accuracy=80.139999
********************************************************************************
Round 380
ROUND_ACCURACY method=FedPhoenixRG round=381 accuracy=73.199997
********************************************************************************
Round 381
ROUND_ACCURACY method=FedPhoenixRG round=382 accuracy=77.029999
********************************************************************************
Round 382
ROUND_ACCURACY method=FedPhoenixRG round=383 accuracy=68.750000
********************************************************************************
Round 383
ROUND_ACCURACY method=FedPhoenixRG round=384 accuracy=43.619999
********************************************************************************
Round 384
ROUND_ACCURACY method=FedPhoenixRG round=385 accuracy=68.720001
********************************************************************************
Round 385
ROUND_ACCURACY method=FedPhoenixRG round=386 accuracy=75.529999
********************************************************************************
Round 386
ROUND_ACCURACY method=FedPhoenixRG round=387 accuracy=78.400002
********************************************************************************
Round 387
ROUND_ACCURACY method=FedPhoenixRG round=388 accuracy=73.860001
********************************************************************************
Round 388
ROUND_ACCURACY method=FedPhoenixRG round=389 accuracy=77.260002
********************************************************************************
Round 389
ROUND_ACCURACY method=FedPhoenixRG round=390 accuracy=71.379997
********************************************************************************
Round 390
ROUND_ACCURACY method=FedPhoenixRG round=391 accuracy=71.720001
********************************************************************************
Round 391
ROUND_ACCURACY method=FedPhoenixRG round=392 accuracy=69.610001
********************************************************************************
Round 392
ROUND_ACCURACY method=FedPhoenixRG round=393 accuracy=78.680000
********************************************************************************
Round 393
ROUND_ACCURACY method=FedPhoenixRG round=394 accuracy=70.220001
********************************************************************************
Round 394
ROUND_ACCURACY method=FedPhoenixRG round=395 accuracy=68.879997
********************************************************************************
Round 395
ROUND_ACCURACY method=FedPhoenixRG round=396 accuracy=65.930000
********************************************************************************
Round 396
ROUND_ACCURACY method=FedPhoenixRG round=397 accuracy=79.769997
********************************************************************************
Round 397
ROUND_ACCURACY method=FedPhoenixRG round=398 accuracy=74.699997
********************************************************************************
Round 398
ROUND_ACCURACY method=FedPhoenixRG round=399 accuracy=71.779999
********************************************************************************
Round 399
RG_SCORE round=400 layer=features.0 mean_q=0.074918 max_q=0.244477 fraction_q_positive=0.781250 sampling_entropy=3.919730 uniform_entropy=4.158883 entropy_gap=0.239153 max_probability_over_uniform=2.697458 min_probability_over_uniform=0.250000
RG_SCORE round=400 layer=features.3 mean_q=0.087308 max_q=0.168769 fraction_q_positive=1.000000 sampling_entropy=4.133494 uniform_entropy=4.158883 entropy_gap=0.025389 max_probability_over_uniform=1.699775 min_probability_over_uniform=0.390728
RG_SCORE round=400 layer=features.7 mean_q=0.113694 max_q=0.168800 fraction_q_positive=1.000000 sampling_entropy=4.843985 uniform_entropy=4.852030 entropy_gap=0.008046 max_probability_over_uniform=1.363516 min_probability_over_uniform=0.620670
RG_SCORE round=400 layer=features.10 mean_q=0.111935 max_q=0.150885 fraction_q_positive=1.000000 sampling_entropy=4.848297 uniform_entropy=4.852030 entropy_gap=0.003733 max_probability_over_uniform=1.260978 min_probability_over_uniform=0.769551
RG_SCORE round=400 layer=features.14 mean_q=0.112591 max_q=0.175721 fraction_q_positive=1.000000 sampling_entropy=5.540645 uniform_entropy=5.545177 entropy_gap=0.004533 max_probability_over_uniform=1.420527 min_probability_over_uniform=0.717561
RG_SCORE round=400 layer=features.17 mean_q=0.115116 max_q=0.176332 fraction_q_positive=1.000000 sampling_entropy=5.538746 uniform_entropy=5.545177 entropy_gap=0.006432 max_probability_over_uniform=1.398826 min_probability_over_uniform=0.694889
RG_SCORE round=400 layer=features.20 mean_q=0.105604 max_q=0.141049 fraction_q_positive=1.000000 sampling_entropy=5.539802 uniform_entropy=5.545177 entropy_gap=0.005376 max_probability_over_uniform=1.251727 min_probability_over_uniform=0.549797
RG_SCORE round=400 layer=features.24 mean_q=0.124119 max_q=0.182144 fraction_q_positive=1.000000 sampling_entropy=6.230911 uniform_entropy=6.238325 entropy_gap=0.007413 max_probability_over_uniform=1.350626 min_probability_over_uniform=0.529976
RG_SCORE round=400 layer=features.27 mean_q=0.127531 max_q=0.198081 fraction_q_positive=1.000000 sampling_entropy=6.229188 uniform_entropy=6.238325 entropy_gap=0.009137 max_probability_over_uniform=1.414899 min_probability_over_uniform=0.542585
RG_SCORE round=400 layer=features.30 mean_q=0.114411 max_q=0.170527 fraction_q_positive=1.000000 sampling_entropy=6.230268 uniform_entropy=6.238325 entropy_gap=0.008057 max_probability_over_uniform=1.367855 min_probability_over_uniform=0.534539
RG_SCORE round=400 layer=features.34 mean_q=0.254091 max_q=0.382830 fraction_q_positive=1.000000 sampling_entropy=6.226618 uniform_entropy=6.238325 entropy_gap=0.011706 max_probability_over_uniform=1.379996 min_probability_over_uniform=0.540793
RG_SCORE round=400 layer=features.37 mean_q=0.291675 max_q=0.427352 fraction_q_positive=1.000000 sampling_entropy=6.229145 uniform_entropy=6.238325 entropy_gap=0.009180 max_probability_over_uniform=1.348875 min_probability_over_uniform=0.548285
RG_SCORE round=400 layer=features.40 mean_q=0.236610 max_q=0.456246 fraction_q_positive=0.998047 sampling_entropy=6.207729 uniform_entropy=6.238325 entropy_gap=0.030596 max_probability_over_uniform=1.696197 min_probability_over_uniform=0.250000
ROUND_ACCURACY method=FedPhoenixRG round=400 accuracy=76.440002
********************************************************************************
Round 400
ROUND_ACCURACY method=FedPhoenixRG round=401 accuracy=78.269997
********************************************************************************
Round 401
ROUND_ACCURACY method=FedPhoenixRG round=402 accuracy=70.699997
********************************************************************************
Round 402
ROUND_ACCURACY method=FedPhoenixRG round=403 accuracy=71.800003
********************************************************************************
Round 403
ROUND_ACCURACY method=FedPhoenixRG round=404 accuracy=72.680000
********************************************************************************
Round 404
ROUND_ACCURACY method=FedPhoenixRG round=405 accuracy=74.000000
********************************************************************************
Round 405
ROUND_ACCURACY method=FedPhoenixRG round=406 accuracy=66.839996
********************************************************************************
Round 406
ROUND_ACCURACY method=FedPhoenixRG round=407 accuracy=71.959999
********************************************************************************
Round 407
ROUND_ACCURACY method=FedPhoenixRG round=408 accuracy=72.949997
********************************************************************************
Round 408
ROUND_ACCURACY method=FedPhoenixRG round=409 accuracy=76.769997
********************************************************************************
Round 409
ROUND_ACCURACY method=FedPhoenixRG round=410 accuracy=67.519997
********************************************************************************
Round 410
ROUND_ACCURACY method=FedPhoenixRG round=411 accuracy=69.339996
********************************************************************************
Round 411
ROUND_ACCURACY method=FedPhoenixRG round=412 accuracy=67.470001
********************************************************************************
Round 412
ROUND_ACCURACY method=FedPhoenixRG round=413 accuracy=75.910004
********************************************************************************
Round 413
ROUND_ACCURACY method=FedPhoenixRG round=414 accuracy=76.300003
********************************************************************************
Round 414
ROUND_ACCURACY method=FedPhoenixRG round=415 accuracy=79.849998
********************************************************************************
Round 415
ROUND_ACCURACY method=FedPhoenixRG round=416 accuracy=71.580002
********************************************************************************
Round 416
ROUND_ACCURACY method=FedPhoenixRG round=417 accuracy=79.470001
********************************************************************************
Round 417
ROUND_ACCURACY method=FedPhoenixRG round=418 accuracy=67.620003
********************************************************************************
Round 418
ROUND_ACCURACY method=FedPhoenixRG round=419 accuracy=69.809998
********************************************************************************
Round 419
RG_SCORE round=420 layer=features.0 mean_q=0.099759 max_q=0.314328 fraction_q_positive=0.796875 sampling_entropy=3.961712 uniform_entropy=4.158883 entropy_gap=0.197171 max_probability_over_uniform=2.613148 min_probability_over_uniform=0.250000
RG_SCORE round=420 layer=features.3 mean_q=0.133846 max_q=0.180588 fraction_q_positive=1.000000 sampling_entropy=4.154211 uniform_entropy=4.158883 entropy_gap=0.004672 max_probability_over_uniform=1.261917 min_probability_over_uniform=0.809126
RG_SCORE round=420 layer=features.7 mean_q=0.146937 max_q=0.193462 fraction_q_positive=1.000000 sampling_entropy=4.847581 uniform_entropy=4.852030 entropy_gap=0.004449 max_probability_over_uniform=1.237471 min_probability_over_uniform=0.764144
RG_SCORE round=420 layer=features.10 mean_q=0.141221 max_q=0.172395 fraction_q_positive=1.000000 sampling_entropy=4.849582 uniform_entropy=4.852030 entropy_gap=0.002449 max_probability_over_uniform=1.165560 min_probability_over_uniform=0.866619
RG_SCORE round=420 layer=features.14 mean_q=0.139206 max_q=0.200901 fraction_q_positive=1.000000 sampling_entropy=5.540951 uniform_entropy=5.545177 entropy_gap=0.004226 max_probability_over_uniform=1.332389 min_probability_over_uniform=0.807880
RG_SCORE round=420 layer=features.17 mean_q=0.135522 max_q=0.201836 fraction_q_positive=1.000000 sampling_entropy=5.539723 uniform_entropy=5.545177 entropy_gap=0.005454 max_probability_over_uniform=1.366997 min_probability_over_uniform=0.704484
RG_SCORE round=420 layer=features.20 mean_q=0.119141 max_q=0.153420 fraction_q_positive=1.000000 sampling_entropy=5.542043 uniform_entropy=5.545177 entropy_gap=0.003135 max_probability_over_uniform=1.215793 min_probability_over_uniform=0.784764
RG_SCORE round=420 layer=features.24 mean_q=0.137406 max_q=0.192243 fraction_q_positive=1.000000 sampling_entropy=6.232629 uniform_entropy=6.238325 entropy_gap=0.005696 max_probability_over_uniform=1.299314 min_probability_over_uniform=0.677667
RG_SCORE round=420 layer=features.27 mean_q=0.138953 max_q=0.218489 fraction_q_positive=1.000000 sampling_entropy=6.231084 uniform_entropy=6.238325 entropy_gap=0.007240 max_probability_over_uniform=1.429299 min_probability_over_uniform=0.622592
RG_SCORE round=420 layer=features.30 mean_q=0.120112 max_q=0.178710 fraction_q_positive=1.000000 sampling_entropy=6.229888 uniform_entropy=6.238325 entropy_gap=0.008437 max_probability_over_uniform=1.365893 min_probability_over_uniform=0.564392
RG_SCORE round=420 layer=features.34 mean_q=0.249811 max_q=0.427756 fraction_q_positive=0.982422 sampling_entropy=6.204507 uniform_entropy=6.238325 entropy_gap=0.033818 max_probability_over_uniform=1.534239 min_probability_over_uniform=0.250000
RG_SCORE round=420 layer=features.37 mean_q=0.226527 max_q=0.462751 fraction_q_positive=0.988281 sampling_entropy=6.193336 uniform_entropy=6.238325 entropy_gap=0.044988 max_probability_over_uniform=1.782108 min_probability_over_uniform=0.250000
RG_SCORE round=420 layer=features.40 mean_q=0.127549 max_q=0.424284 fraction_q_positive=0.849609 sampling_entropy=6.074065 uniform_entropy=6.238325 entropy_gap=0.164259 max_probability_over_uniform=2.744838 min_probability_over_uniform=0.250000
ROUND_ACCURACY method=FedPhoenixRG round=420 accuracy=78.839996
********************************************************************************
Round 420
ROUND_ACCURACY method=FedPhoenixRG round=421 accuracy=76.059998
********************************************************************************
Round 421
ROUND_ACCURACY method=FedPhoenixRG round=422 accuracy=71.570000
********************************************************************************
Round 422
ROUND_ACCURACY method=FedPhoenixRG round=423 accuracy=75.940002
********************************************************************************
Round 423
ROUND_ACCURACY method=FedPhoenixRG round=424 accuracy=75.190002
********************************************************************************
Round 424
ROUND_ACCURACY method=FedPhoenixRG round=425 accuracy=79.570000
********************************************************************************
Round 425
ROUND_ACCURACY method=FedPhoenixRG round=426 accuracy=68.800003
********************************************************************************
Round 426
ROUND_ACCURACY method=FedPhoenixRG round=427 accuracy=69.050003
********************************************************************************
Round 427
ROUND_ACCURACY method=FedPhoenixRG round=428 accuracy=72.459999
********************************************************************************
Round 428
ROUND_ACCURACY method=FedPhoenixRG round=429 accuracy=70.199997
********************************************************************************
Round 429
ROUND_ACCURACY method=FedPhoenixRG round=430 accuracy=72.940002
********************************************************************************
Round 430
ROUND_ACCURACY method=FedPhoenixRG round=431 accuracy=74.180000
********************************************************************************
Round 431
ROUND_ACCURACY method=FedPhoenixRG round=432 accuracy=76.529999
********************************************************************************
Round 432
ROUND_ACCURACY method=FedPhoenixRG round=433 accuracy=76.550003
********************************************************************************
Round 433
ROUND_ACCURACY method=FedPhoenixRG round=434 accuracy=80.800003
********************************************************************************
Round 434
ROUND_ACCURACY method=FedPhoenixRG round=435 accuracy=77.669998
********************************************************************************
Round 435
ROUND_ACCURACY method=FedPhoenixRG round=436 accuracy=72.209999
********************************************************************************
Round 436
ROUND_ACCURACY method=FedPhoenixRG round=437 accuracy=73.529999
********************************************************************************
Round 437
ROUND_ACCURACY method=FedPhoenixRG round=438 accuracy=74.419998
********************************************************************************
Round 438
ROUND_ACCURACY method=FedPhoenixRG round=439 accuracy=78.370003
********************************************************************************
Round 439
RG_SCORE round=440 layer=features.0 mean_q=0.138804 max_q=0.315307 fraction_q_positive=0.968750 sampling_entropy=4.060601 uniform_entropy=4.158883 entropy_gap=0.098282 max_probability_over_uniform=1.953702 min_probability_over_uniform=0.250000
RG_SCORE round=440 layer=features.3 mean_q=0.161138 max_q=0.214548 fraction_q_positive=1.000000 sampling_entropy=4.153428 uniform_entropy=4.158883 entropy_gap=0.005455 max_probability_over_uniform=1.248591 min_probability_over_uniform=0.757164
RG_SCORE round=440 layer=features.7 mean_q=0.164922 max_q=0.245043 fraction_q_positive=1.000000 sampling_entropy=4.847935 uniform_entropy=4.852030 entropy_gap=0.004095 max_probability_over_uniform=1.364361 min_probability_over_uniform=0.830640
RG_SCORE round=440 layer=features.10 mean_q=0.159083 max_q=0.189171 fraction_q_positive=1.000000 sampling_entropy=4.850956 uniform_entropy=4.852030 entropy_gap=0.001075 max_probability_over_uniform=1.141847 min_probability_over_uniform=0.900160
RG_SCORE round=440 layer=features.14 mean_q=0.164099 max_q=0.205295 fraction_q_positive=1.000000 sampling_entropy=5.543412 uniform_entropy=5.545177 entropy_gap=0.001765 max_probability_over_uniform=1.188280 min_probability_over_uniform=0.857211
RG_SCORE round=440 layer=features.17 mean_q=0.157298 max_q=0.204023 fraction_q_positive=1.000000 sampling_entropy=5.541852 uniform_entropy=5.545177 entropy_gap=0.003325 max_probability_over_uniform=1.222791 min_probability_over_uniform=0.823514
RG_SCORE round=440 layer=features.20 mean_q=0.143701 max_q=0.183460 fraction_q_positive=1.000000 sampling_entropy=5.543571 uniform_entropy=5.545177 entropy_gap=0.001606 max_probability_over_uniform=1.207504 min_probability_over_uniform=0.839029
RG_SCORE round=440 layer=features.24 mean_q=0.168530 max_q=0.221490 fraction_q_positive=1.000000 sampling_entropy=6.235613 uniform_entropy=6.238325 entropy_gap=0.002712 max_probability_over_uniform=1.235686 min_probability_over_uniform=0.754262
RG_SCORE round=440 layer=features.27 mean_q=0.181108 max_q=0.237179 fraction_q_positive=1.000000 sampling_entropy=6.235305 uniform_entropy=6.238325 entropy_gap=0.003019 max_probability_over_uniform=1.232201 min_probability_over_uniform=0.780889
RG_SCORE round=440 layer=features.30 mean_q=0.165871 max_q=0.210338 fraction_q_positive=1.000000 sampling_entropy=6.236141 uniform_entropy=6.238325 entropy_gap=0.002184 max_probability_over_uniform=1.201057 min_probability_over_uniform=0.817668
RG_SCORE round=440 layer=features.34 mean_q=0.368714 max_q=0.462112 fraction_q_positive=1.000000 sampling_entropy=6.235128 uniform_entropy=6.238325 entropy_gap=0.003197 max_probability_over_uniform=1.189980 min_probability_over_uniform=0.645109
RG_SCORE round=440 layer=features.37 mean_q=0.389790 max_q=0.505986 fraction_q_positive=1.000000 sampling_entropy=6.235162 uniform_entropy=6.238325 entropy_gap=0.003162 max_probability_over_uniform=1.223573 min_probability_over_uniform=0.596376
RG_SCORE round=440 layer=features.40 mean_q=0.319616 max_q=0.554319 fraction_q_positive=1.000000 sampling_entropy=6.210877 uniform_entropy=6.238325 entropy_gap=0.027447 max_probability_over_uniform=1.550745 min_probability_over_uniform=0.290189
ROUND_ACCURACY method=FedPhoenixRG round=440 accuracy=76.320000
********************************************************************************
Round 440
ROUND_ACCURACY method=FedPhoenixRG round=441 accuracy=77.900002
********************************************************************************
Round 441
ROUND_ACCURACY method=FedPhoenixRG round=442 accuracy=78.760002
********************************************************************************
Round 442
ROUND_ACCURACY method=FedPhoenixRG round=443 accuracy=72.070000
********************************************************************************
Round 443
ROUND_ACCURACY method=FedPhoenixRG round=444 accuracy=69.209999
********************************************************************************
Round 444
ROUND_ACCURACY method=FedPhoenixRG round=445 accuracy=75.699997
********************************************************************************
Round 445
ROUND_ACCURACY method=FedPhoenixRG round=446 accuracy=69.089996
********************************************************************************
Round 446
ROUND_ACCURACY method=FedPhoenixRG round=447 accuracy=69.860001
********************************************************************************
Round 447
ROUND_ACCURACY method=FedPhoenixRG round=448 accuracy=77.959999
********************************************************************************
Round 448
ROUND_ACCURACY method=FedPhoenixRG round=449 accuracy=69.059998
********************************************************************************
Round 449
ROUND_ACCURACY method=FedPhoenixRG round=450 accuracy=76.000000
********************************************************************************
Round 450
ROUND_ACCURACY method=FedPhoenixRG round=451 accuracy=74.930000
********************************************************************************
Round 451
ROUND_ACCURACY method=FedPhoenixRG round=452 accuracy=80.779999
********************************************************************************
Round 452
ROUND_ACCURACY method=FedPhoenixRG round=453 accuracy=77.599998
********************************************************************************
Round 453
ROUND_ACCURACY method=FedPhoenixRG round=454 accuracy=79.029999
********************************************************************************
Round 454
ROUND_ACCURACY method=FedPhoenixRG round=455 accuracy=79.989998
********************************************************************************
Round 455
ROUND_ACCURACY method=FedPhoenixRG round=456 accuracy=76.559998
********************************************************************************
Round 456
ROUND_ACCURACY method=FedPhoenixRG round=457 accuracy=78.500000
********************************************************************************
Round 457
ROUND_ACCURACY method=FedPhoenixRG round=458 accuracy=69.190002
********************************************************************************
Round 458
ROUND_ACCURACY method=FedPhoenixRG round=459 accuracy=79.339996
********************************************************************************
Round 459
RG_SCORE round=460 layer=features.0 mean_q=0.111459 max_q=0.304809 fraction_q_positive=0.921875 sampling_entropy=4.026227 uniform_entropy=4.158883 entropy_gap=0.132656 max_probability_over_uniform=2.301036 min_probability_over_uniform=0.250000
RG_SCORE round=460 layer=features.3 mean_q=0.118230 max_q=0.189780 fraction_q_positive=1.000000 sampling_entropy=4.144732 uniform_entropy=4.158883 entropy_gap=0.014151 max_probability_over_uniform=1.453881 min_probability_over_uniform=0.566581
RG_SCORE round=460 layer=features.7 mean_q=0.124117 max_q=0.192805 fraction_q_positive=1.000000 sampling_entropy=4.845695 uniform_entropy=4.852030 entropy_gap=0.006335 max_probability_over_uniform=1.415056 min_probability_over_uniform=0.675591
RG_SCORE round=460 layer=features.10 mean_q=0.125338 max_q=0.168740 fraction_q_positive=1.000000 sampling_entropy=4.848165 uniform_entropy=4.852030 entropy_gap=0.003865 max_probability_over_uniform=1.259712 min_probability_over_uniform=0.716440
RG_SCORE round=460 layer=features.14 mean_q=0.131754 max_q=0.177906 fraction_q_positive=1.000000 sampling_entropy=5.540689 uniform_entropy=5.545177 entropy_gap=0.004488 max_probability_over_uniform=1.262717 min_probability_over_uniform=0.710135
RG_SCORE round=460 layer=features.17 mean_q=0.125439 max_q=0.188155 fraction_q_positive=1.000000 sampling_entropy=5.538384 uniform_entropy=5.545177 entropy_gap=0.006793 max_probability_over_uniform=1.374982 min_probability_over_uniform=0.722953
RG_SCORE round=460 layer=features.20 mean_q=0.116439 max_q=0.159169 fraction_q_positive=1.000000 sampling_entropy=5.539393 uniform_entropy=5.545177 entropy_gap=0.005784 max_probability_over_uniform=1.275231 min_probability_over_uniform=0.681579
RG_SCORE round=460 layer=features.24 mean_q=0.135226 max_q=0.192274 fraction_q_positive=1.000000 sampling_entropy=6.229972 uniform_entropy=6.238325 entropy_gap=0.008352 max_probability_over_uniform=1.316405 min_probability_over_uniform=0.414286
RG_SCORE round=460 layer=features.27 mean_q=0.145726 max_q=0.200799 fraction_q_positive=1.000000 sampling_entropy=6.231349 uniform_entropy=6.238325 entropy_gap=0.006975 max_probability_over_uniform=1.283441 min_probability_over_uniform=0.559616
RG_SCORE round=460 layer=features.30 mean_q=0.135136 max_q=0.187992 fraction_q_positive=1.000000 sampling_entropy=6.232143 uniform_entropy=6.238325 entropy_gap=0.006181 max_probability_over_uniform=1.293345 min_probability_over_uniform=0.567103
RG_SCORE round=460 layer=features.34 mean_q=0.302860 max_q=0.416072 fraction_q_positive=1.000000 sampling_entropy=6.230720 uniform_entropy=6.238325 entropy_gap=0.007605 max_probability_over_uniform=1.280359 min_probability_over_uniform=0.405758
RG_SCORE round=460 layer=features.37 mean_q=0.308648 max_q=0.435124 fraction_q_positive=1.000000 sampling_entropy=6.229680 uniform_entropy=6.238325 entropy_gap=0.008645 max_probability_over_uniform=1.307330 min_probability_over_uniform=0.304460
RG_SCORE round=460 layer=features.40 mean_q=0.247781 max_q=0.507454 fraction_q_positive=0.992188 sampling_entropy=6.203826 uniform_entropy=6.238325 entropy_gap=0.034498 max_probability_over_uniform=1.785997 min_probability_over_uniform=0.250000
ROUND_ACCURACY method=FedPhoenixRG round=460 accuracy=62.849998
********************************************************************************
Round 460
ROUND_ACCURACY method=FedPhoenixRG round=461 accuracy=79.879997
********************************************************************************
Round 461
ROUND_ACCURACY method=FedPhoenixRG round=462 accuracy=77.510002
********************************************************************************
Round 462
ROUND_ACCURACY method=FedPhoenixRG round=463 accuracy=79.529999
********************************************************************************
Round 463
ROUND_ACCURACY method=FedPhoenixRG round=464 accuracy=73.860001
********************************************************************************
Round 464
ROUND_ACCURACY method=FedPhoenixRG round=465 accuracy=76.910004
********************************************************************************
Round 465
ROUND_ACCURACY method=FedPhoenixRG round=466 accuracy=78.190002
********************************************************************************
Round 466
ROUND_ACCURACY method=FedPhoenixRG round=467 accuracy=67.739998
********************************************************************************
Round 467
ROUND_ACCURACY method=FedPhoenixRG round=468 accuracy=76.169998
********************************************************************************
Round 468
ROUND_ACCURACY method=FedPhoenixRG round=469 accuracy=75.779999
********************************************************************************
Round 469
ROUND_ACCURACY method=FedPhoenixRG round=470 accuracy=72.709999
********************************************************************************
Round 470
ROUND_ACCURACY method=FedPhoenixRG round=471 accuracy=65.790001
********************************************************************************
Round 471
ROUND_ACCURACY method=FedPhoenixRG round=472 accuracy=79.779999
********************************************************************************
Round 472
ROUND_ACCURACY method=FedPhoenixRG round=473 accuracy=76.230003
********************************************************************************
Round 473
ROUND_ACCURACY method=FedPhoenixRG round=474 accuracy=74.699997
********************************************************************************
Round 474
ROUND_ACCURACY method=FedPhoenixRG round=475 accuracy=75.360001
********************************************************************************
Round 475
ROUND_ACCURACY method=FedPhoenixRG round=476 accuracy=74.580002
********************************************************************************
Round 476
ROUND_ACCURACY method=FedPhoenixRG round=477 accuracy=73.300003
********************************************************************************
Round 477
ROUND_ACCURACY method=FedPhoenixRG round=478 accuracy=69.680000
********************************************************************************
Round 478
ROUND_ACCURACY method=FedPhoenixRG round=479 accuracy=79.769997
********************************************************************************
Round 479
RG_SCORE round=480 layer=features.0 mean_q=0.111195 max_q=0.266781 fraction_q_positive=0.812500 sampling_entropy=3.980413 uniform_entropy=4.158883 entropy_gap=0.178470 max_probability_over_uniform=2.049407 min_probability_over_uniform=0.250000
RG_SCORE round=480 layer=features.3 mean_q=0.113742 max_q=0.173314 fraction_q_positive=1.000000 sampling_entropy=4.145698 uniform_entropy=4.158883 entropy_gap=0.013185 max_probability_over_uniform=1.392809 min_probability_over_uniform=0.625679
RG_SCORE round=480 layer=features.7 mean_q=0.126660 max_q=0.186679 fraction_q_positive=1.000000 sampling_entropy=4.845193 uniform_entropy=4.852030 entropy_gap=0.006837 max_probability_over_uniform=1.355400 min_probability_over_uniform=0.707820
RG_SCORE round=480 layer=features.10 mean_q=0.124105 max_q=0.160137 fraction_q_positive=1.000000 sampling_entropy=4.848936 uniform_entropy=4.852030 entropy_gap=0.003094 max_probability_over_uniform=1.217747 min_probability_over_uniform=0.820396
RG_SCORE round=480 layer=features.14 mean_q=0.129763 max_q=0.183101 fraction_q_positive=1.000000 sampling_entropy=5.541267 uniform_entropy=5.545177 entropy_gap=0.003911 max_probability_over_uniform=1.308283 min_probability_over_uniform=0.775989
RG_SCORE round=480 layer=features.17 mean_q=0.126169 max_q=0.174278 fraction_q_positive=1.000000 sampling_entropy=5.540692 uniform_entropy=5.545177 entropy_gap=0.004485 max_probability_over_uniform=1.285984 min_probability_over_uniform=0.779667
RG_SCORE round=480 layer=features.20 mean_q=0.115972 max_q=0.155182 fraction_q_positive=1.000000 sampling_entropy=5.542339 uniform_entropy=5.545177 entropy_gap=0.002838 max_probability_over_uniform=1.253572 min_probability_over_uniform=0.777737
RG_SCORE round=480 layer=features.24 mean_q=0.133602 max_q=0.180759 fraction_q_positive=1.000000 sampling_entropy=6.234096 uniform_entropy=6.238325 entropy_gap=0.004229 max_probability_over_uniform=1.264729 min_probability_over_uniform=0.663627
RG_SCORE round=480 layer=features.27 mean_q=0.146137 max_q=0.215028 fraction_q_positive=1.000000 sampling_entropy=6.233276 uniform_entropy=6.238325 entropy_gap=0.005049 max_probability_over_uniform=1.353559 min_probability_over_uniform=0.697147
RG_SCORE round=480 layer=features.30 mean_q=0.132254 max_q=0.177482 fraction_q_positive=1.000000 sampling_entropy=6.234241 uniform_entropy=6.238325 entropy_gap=0.004083 max_probability_over_uniform=1.256484 min_probability_over_uniform=0.720278
RG_SCORE round=480 layer=features.34 mean_q=0.281078 max_q=0.421382 fraction_q_positive=1.000000 sampling_entropy=6.226032 uniform_entropy=6.238325 entropy_gap=0.012292 max_probability_over_uniform=1.374373 min_probability_over_uniform=0.346210
RG_SCORE round=480 layer=features.37 mean_q=0.262302 max_q=0.419103 fraction_q_positive=1.000000 sampling_entropy=6.226552 uniform_entropy=6.238325 entropy_gap=0.011773 max_probability_over_uniform=1.448339 min_probability_over_uniform=0.476312
RG_SCORE round=480 layer=features.40 mean_q=0.203882 max_q=0.453394 fraction_q_positive=0.996094 sampling_entropy=6.188451 uniform_entropy=6.238325 entropy_gap=0.049873 max_probability_over_uniform=1.917856 min_probability_over_uniform=0.250000
ROUND_ACCURACY method=FedPhoenixRG round=480 accuracy=80.169998
********************************************************************************
Round 480
ROUND_ACCURACY method=FedPhoenixRG round=481 accuracy=77.660004
********************************************************************************
Round 481
ROUND_ACCURACY method=FedPhoenixRG round=482 accuracy=75.610001
********************************************************************************
Round 482
ROUND_ACCURACY method=FedPhoenixRG round=483 accuracy=74.730003
********************************************************************************
Round 483
ROUND_ACCURACY method=FedPhoenixRG round=484 accuracy=71.410004
********************************************************************************
Round 484
ROUND_ACCURACY method=FedPhoenixRG round=485 accuracy=77.160004
********************************************************************************
Round 485
ROUND_ACCURACY method=FedPhoenixRG round=486 accuracy=70.699997
********************************************************************************
Round 486
ROUND_ACCURACY method=FedPhoenixRG round=487 accuracy=75.790001
********************************************************************************
Round 487
ROUND_ACCURACY method=FedPhoenixRG round=488 accuracy=79.690002
********************************************************************************
Round 488
ROUND_ACCURACY method=FedPhoenixRG round=489 accuracy=78.800003
********************************************************************************
Round 489
ROUND_ACCURACY method=FedPhoenixRG round=490 accuracy=78.680000
********************************************************************************
Round 490
ROUND_ACCURACY method=FedPhoenixRG round=491 accuracy=67.760002
********************************************************************************
Round 491
ROUND_ACCURACY method=FedPhoenixRG round=492 accuracy=78.389999
********************************************************************************
Round 492
ROUND_ACCURACY method=FedPhoenixRG round=493 accuracy=79.220001
********************************************************************************
Round 493
ROUND_ACCURACY method=FedPhoenixRG round=494 accuracy=74.510002
********************************************************************************
Round 494
ROUND_ACCURACY method=FedPhoenixRG round=495 accuracy=73.709999
********************************************************************************
Round 495
ROUND_ACCURACY method=FedPhoenixRG round=496 accuracy=68.769997
********************************************************************************
Round 496
ROUND_ACCURACY method=FedPhoenixRG round=497 accuracy=72.480003
********************************************************************************
Round 497
ROUND_ACCURACY method=FedPhoenixRG round=498 accuracy=80.290001
********************************************************************************
Round 498
ROUND_ACCURACY method=FedPhoenixRG round=499 accuracy=64.080002
********************************************************************************
Round 499
RG_SCORE round=500 layer=features.0 mean_q=0.066004 max_q=0.188288 fraction_q_positive=0.750000 sampling_entropy=3.927217 uniform_entropy=4.158883 entropy_gap=0.231666 max_probability_over_uniform=2.389513 min_probability_over_uniform=0.250000
RG_SCORE round=500 layer=features.3 mean_q=0.077593 max_q=0.133483 fraction_q_positive=1.000000 sampling_entropy=4.112997 uniform_entropy=4.158883 entropy_gap=0.045886 max_probability_over_uniform=1.540220 min_probability_over_uniform=0.318204
RG_SCORE round=500 layer=features.7 mean_q=0.088846 max_q=0.150853 fraction_q_positive=1.000000 sampling_entropy=4.835128 uniform_entropy=4.852030 entropy_gap=0.016902 max_probability_over_uniform=1.523446 min_probability_over_uniform=0.620945
RG_SCORE round=500 layer=features.10 mean_q=0.090116 max_q=0.138451 fraction_q_positive=1.000000 sampling_entropy=4.839607 uniform_entropy=4.852030 entropy_gap=0.012423 max_probability_over_uniform=1.402265 min_probability_over_uniform=0.482647
RG_SCORE round=500 layer=features.14 mean_q=0.096769 max_q=0.151720 fraction_q_positive=1.000000 sampling_entropy=5.536441 uniform_entropy=5.545177 entropy_gap=0.008736 max_probability_over_uniform=1.425897 min_probability_over_uniform=0.611269
RG_SCORE round=500 layer=features.17 mean_q=0.100763 max_q=0.150584 fraction_q_positive=1.000000 sampling_entropy=5.536214 uniform_entropy=5.545177 entropy_gap=0.008963 max_probability_over_uniform=1.370823 min_probability_over_uniform=0.590135
RG_SCORE round=500 layer=features.20 mean_q=0.094804 max_q=0.135792 fraction_q_positive=1.000000 sampling_entropy=5.538558 uniform_entropy=5.545177 entropy_gap=0.006619 max_probability_over_uniform=1.324255 min_probability_over_uniform=0.683001
RG_SCORE round=500 layer=features.24 mean_q=0.112429 max_q=0.167115 fraction_q_positive=1.000000 sampling_entropy=6.226806 uniform_entropy=6.238325 entropy_gap=0.011518 max_probability_over_uniform=1.364805 min_probability_over_uniform=0.492184
RG_SCORE round=500 layer=features.27 mean_q=0.114565 max_q=0.183124 fraction_q_positive=1.000000 sampling_entropy=6.227172 uniform_entropy=6.238325 entropy_gap=0.011152 max_probability_over_uniform=1.448823 min_probability_over_uniform=0.540174
RG_SCORE round=500 layer=features.30 mean_q=0.099549 max_q=0.163397 fraction_q_positive=1.000000 sampling_entropy=6.222800 uniform_entropy=6.238325 entropy_gap=0.015525 max_probability_over_uniform=1.481021 min_probability_over_uniform=0.408097
RG_SCORE round=500 layer=features.34 mean_q=0.194705 max_q=0.320898 fraction_q_positive=0.996094 sampling_entropy=6.202834 uniform_entropy=6.238325 entropy_gap=0.035491 max_probability_over_uniform=1.486095 min_probability_over_uniform=0.250000
RG_SCORE round=500 layer=features.37 mean_q=0.156579 max_q=0.328449 fraction_q_positive=0.992188 sampling_entropy=6.182469 uniform_entropy=6.238325 entropy_gap=0.055855 max_probability_over_uniform=1.823240 min_probability_over_uniform=0.250000
RG_SCORE round=500 layer=features.40 mean_q=0.089326 max_q=0.307082 fraction_q_positive=0.925781 sampling_entropy=6.090516 uniform_entropy=6.238325 entropy_gap=0.147808 max_probability_over_uniform=2.828319 min_probability_over_uniform=0.250000
ROUND_ACCURACY method=FedPhoenixRG round=500 accuracy=79.059998
********************************************************************************
Round 500
ROUND_ACCURACY method=FedPhoenixRG round=501 accuracy=73.709999
********************************************************************************
Round 501
ROUND_ACCURACY method=FedPhoenixRG round=502 accuracy=75.970001
********************************************************************************
Round 502
ROUND_ACCURACY method=FedPhoenixRG round=503 accuracy=75.349998
********************************************************************************
Round 503
ROUND_ACCURACY method=FedPhoenixRG round=504 accuracy=78.290001
********************************************************************************
Round 504
ROUND_ACCURACY method=FedPhoenixRG round=505 accuracy=79.050003
********************************************************************************
Round 505
ROUND_ACCURACY method=FedPhoenixRG round=506 accuracy=62.020000
********************************************************************************
Round 506
ROUND_ACCURACY method=FedPhoenixRG round=507 accuracy=65.830002
********************************************************************************
Round 507
ROUND_ACCURACY method=FedPhoenixRG round=508 accuracy=72.400002
********************************************************************************
Round 508
ROUND_ACCURACY method=FedPhoenixRG round=509 accuracy=72.250000
********************************************************************************
Round 509
ROUND_ACCURACY method=FedPhoenixRG round=510 accuracy=74.199997
********************************************************************************
Round 510
ROUND_ACCURACY method=FedPhoenixRG round=511 accuracy=71.790001
********************************************************************************
Round 511
ROUND_ACCURACY method=FedPhoenixRG round=512 accuracy=61.500000
********************************************************************************
Round 512
ROUND_ACCURACY method=FedPhoenixRG round=513 accuracy=70.050003
********************************************************************************
Round 513
ROUND_ACCURACY method=FedPhoenixRG round=514 accuracy=72.959999
********************************************************************************
Round 514
ROUND_ACCURACY method=FedPhoenixRG round=515 accuracy=78.709999
********************************************************************************
Round 515
ROUND_ACCURACY method=FedPhoenixRG round=516 accuracy=78.400002
********************************************************************************
Round 516
ROUND_ACCURACY method=FedPhoenixRG round=517 accuracy=78.680000
********************************************************************************
Round 517
ROUND_ACCURACY method=FedPhoenixRG round=518 accuracy=74.309998
********************************************************************************
Round 518
ROUND_ACCURACY method=FedPhoenixRG round=519 accuracy=74.730003
********************************************************************************
Round 519
RG_SCORE round=520 layer=features.0 mean_q=0.081339 max_q=0.269577 fraction_q_positive=0.781250 sampling_entropy=3.917957 uniform_entropy=4.158883 entropy_gap=0.240926 max_probability_over_uniform=2.735672 min_probability_over_uniform=0.250000
RG_SCORE round=520 layer=features.3 mean_q=0.078333 max_q=0.139483 fraction_q_positive=1.000000 sampling_entropy=4.125550 uniform_entropy=4.158883 entropy_gap=0.033333 max_probability_over_uniform=1.585469 min_probability_over_uniform=0.447958
RG_SCORE round=520 layer=features.7 mean_q=0.086813 max_q=0.190317 fraction_q_positive=1.000000 sampling_entropy=4.827529 uniform_entropy=4.852030 entropy_gap=0.024502 max_probability_over_uniform=1.894193 min_probability_over_uniform=0.385624
RG_SCORE round=520 layer=features.10 mean_q=0.083087 max_q=0.142780 fraction_q_positive=1.000000 sampling_entropy=4.837937 uniform_entropy=4.852030 entropy_gap=0.014093 max_probability_over_uniform=1.538825 min_probability_over_uniform=0.638141
RG_SCORE round=520 layer=features.14 mean_q=0.089670 max_q=0.141368 fraction_q_positive=1.000000 sampling_entropy=5.533351 uniform_entropy=5.545177 entropy_gap=0.011827 max_probability_over_uniform=1.432407 min_probability_over_uniform=0.493306
RG_SCORE round=520 layer=features.17 mean_q=0.090029 max_q=0.141385 fraction_q_positive=1.000000 sampling_entropy=5.535368 uniform_entropy=5.545177 entropy_gap=0.009809 max_probability_over_uniform=1.427831 min_probability_over_uniform=0.549351
RG_SCORE round=520 layer=features.20 mean_q=0.077469 max_q=0.118322 fraction_q_positive=1.000000 sampling_entropy=5.534446 uniform_entropy=5.545177 entropy_gap=0.010731 max_probability_over_uniform=1.395518 min_probability_over_uniform=0.661908
RG_SCORE round=520 layer=features.24 mean_q=0.098239 max_q=0.159765 fraction_q_positive=1.000000 sampling_entropy=6.217588 uniform_entropy=6.238325 entropy_gap=0.020736 max_probability_over_uniform=1.469719 min_probability_over_uniform=0.357443
RG_SCORE round=520 layer=features.27 mean_q=0.099259 max_q=0.174038 fraction_q_positive=1.000000 sampling_entropy=6.218490 uniform_entropy=6.238325 entropy_gap=0.019834 max_probability_over_uniform=1.565037 min_probability_over_uniform=0.484557
RG_SCORE round=520 layer=features.30 mean_q=0.083568 max_q=0.149965 fraction_q_positive=1.000000 sampling_entropy=6.208407 uniform_entropy=6.238325 entropy_gap=0.029917 max_probability_over_uniform=1.595902 min_probability_over_uniform=0.313344
RG_SCORE round=520 layer=features.34 mean_q=0.184669 max_q=0.379293 fraction_q_positive=0.974609 sampling_entropy=6.181259 uniform_entropy=6.238325 entropy_gap=0.057066 max_probability_over_uniform=1.790430 min_probability_over_uniform=0.250000
RG_SCORE round=520 layer=features.37 mean_q=0.174215 max_q=0.357021 fraction_q_positive=0.980469 sampling_entropy=6.184719 uniform_entropy=6.238325 entropy_gap=0.053606 max_probability_over_uniform=1.786988 min_probability_over_uniform=0.250000
RG_SCORE round=520 layer=features.40 mean_q=0.112497 max_q=0.327470 fraction_q_positive=0.867188 sampling_entropy=6.073530 uniform_entropy=6.238325 entropy_gap=0.164795 max_probability_over_uniform=2.433187 min_probability_over_uniform=0.250000
ROUND_ACCURACY method=FedPhoenixRG round=520 accuracy=78.230003
********************************************************************************
Round 520
ROUND_ACCURACY method=FedPhoenixRG round=521 accuracy=75.959999
********************************************************************************
Round 521
ROUND_ACCURACY method=FedPhoenixRG round=522 accuracy=70.750000
********************************************************************************
Round 522
ROUND_ACCURACY method=FedPhoenixRG round=523 accuracy=56.509998
********************************************************************************
Round 523
ROUND_ACCURACY method=FedPhoenixRG round=524 accuracy=77.029999
********************************************************************************
Round 524
ROUND_ACCURACY method=FedPhoenixRG round=525 accuracy=74.410004
********************************************************************************
Round 525
ROUND_ACCURACY method=FedPhoenixRG round=526 accuracy=74.660004
********************************************************************************
Round 526
ROUND_ACCURACY method=FedPhoenixRG round=527 accuracy=71.860001
********************************************************************************
Round 527
ROUND_ACCURACY method=FedPhoenixRG round=528 accuracy=73.529999
********************************************************************************
Round 528
ROUND_ACCURACY method=FedPhoenixRG round=529 accuracy=79.790001
********************************************************************************
Round 529
ROUND_ACCURACY method=FedPhoenixRG round=530 accuracy=71.199997
********************************************************************************
Round 530
ROUND_ACCURACY method=FedPhoenixRG round=531 accuracy=74.440002
********************************************************************************
Round 531
ROUND_ACCURACY method=FedPhoenixRG round=532 accuracy=74.620003
********************************************************************************
Round 532
ROUND_ACCURACY method=FedPhoenixRG round=533 accuracy=77.029999
********************************************************************************
Round 533
ROUND_ACCURACY method=FedPhoenixRG round=534 accuracy=75.940002
********************************************************************************
Round 534
ROUND_ACCURACY method=FedPhoenixRG round=535 accuracy=76.510002
********************************************************************************
Round 535
ROUND_ACCURACY method=FedPhoenixRG round=536 accuracy=79.580002
********************************************************************************
Round 536
ROUND_ACCURACY method=FedPhoenixRG round=537 accuracy=78.489998
********************************************************************************
Round 537
ROUND_ACCURACY method=FedPhoenixRG round=538 accuracy=79.489998
********************************************************************************
Round 538
ROUND_ACCURACY method=FedPhoenixRG round=539 accuracy=79.769997
********************************************************************************
Round 539
RG_SCORE round=540 layer=features.0 mean_q=0.088062 max_q=0.218237 fraction_q_positive=0.828125 sampling_entropy=3.982927 uniform_entropy=4.158883 entropy_gap=0.175956 max_probability_over_uniform=2.108660 min_probability_over_uniform=0.250000
RG_SCORE round=540 layer=features.3 mean_q=0.091088 max_q=0.143694 fraction_q_positive=1.000000 sampling_entropy=4.136683 uniform_entropy=4.158883 entropy_gap=0.022200 max_probability_over_uniform=1.433147 min_probability_over_uniform=0.565611
RG_SCORE round=540 layer=features.7 mean_q=0.095858 max_q=0.145599 fraction_q_positive=1.000000 sampling_entropy=4.839966 uniform_entropy=4.852030 entropy_gap=0.012065 max_probability_over_uniform=1.389176 min_probability_over_uniform=0.576530
RG_SCORE round=540 layer=features.10 mean_q=0.094486 max_q=0.136513 fraction_q_positive=1.000000 sampling_entropy=4.846216 uniform_entropy=4.852030 entropy_gap=0.005814 max_probability_over_uniform=1.333594 min_probability_over_uniform=0.645134
RG_SCORE round=540 layer=features.14 mean_q=0.104107 max_q=0.153506 fraction_q_positive=1.000000 sampling_entropy=5.540546 uniform_entropy=5.545177 entropy_gap=0.004632 max_probability_over_uniform=1.355876 min_probability_over_uniform=0.755786
RG_SCORE round=540 layer=features.17 mean_q=0.103924 max_q=0.142685 fraction_q_positive=1.000000 sampling_entropy=5.540410 uniform_entropy=5.545177 entropy_gap=0.004768 max_probability_over_uniform=1.279731 min_probability_over_uniform=0.747005
RG_SCORE round=540 layer=features.20 mean_q=0.093447 max_q=0.123755 fraction_q_positive=1.000000 sampling_entropy=5.541290 uniform_entropy=5.545177 entropy_gap=0.003887 max_probability_over_uniform=1.243248 min_probability_over_uniform=0.755925
RG_SCORE round=540 layer=features.24 mean_q=0.121358 max_q=0.185516 fraction_q_positive=1.000000 sampling_entropy=6.231490 uniform_entropy=6.238325 entropy_gap=0.006834 max_probability_over_uniform=1.396496 min_probability_over_uniform=0.559583
RG_SCORE round=540 layer=features.27 mean_q=0.130482 max_q=0.192432 fraction_q_positive=1.000000 sampling_entropy=6.228621 uniform_entropy=6.238325 entropy_gap=0.009704 max_probability_over_uniform=1.356085 min_probability_over_uniform=0.557526
RG_SCORE round=540 layer=features.30 mean_q=0.116570 max_q=0.188542 fraction_q_positive=1.000000 sampling_entropy=6.230809 uniform_entropy=6.238325 entropy_gap=0.007515 max_probability_over_uniform=1.463062 min_probability_over_uniform=0.621251
RG_SCORE round=540 layer=features.34 mean_q=0.269157 max_q=0.393653 fraction_q_positive=1.000000 sampling_entropy=6.230587 uniform_entropy=6.238325 entropy_gap=0.007737 max_probability_over_uniform=1.346905 min_probability_over_uniform=0.408257
RG_SCORE round=540 layer=features.37 mean_q=0.282869 max_q=0.404381 fraction_q_positive=1.000000 sampling_entropy=6.231850 uniform_entropy=6.238325 entropy_gap=0.006475 max_probability_over_uniform=1.322176 min_probability_over_uniform=0.581459
RG_SCORE round=540 layer=features.40 mean_q=0.226650 max_q=0.481954 fraction_q_positive=1.000000 sampling_entropy=6.206785 uniform_entropy=6.238325 entropy_gap=0.031539 max_probability_over_uniform=1.844816 min_probability_over_uniform=0.417494
ROUND_ACCURACY method=FedPhoenixRG round=540 accuracy=68.419998
********************************************************************************
Round 540
ROUND_ACCURACY method=FedPhoenixRG round=541 accuracy=62.549999
********************************************************************************
Round 541
ROUND_ACCURACY method=FedPhoenixRG round=542 accuracy=73.000000
********************************************************************************
Round 542
ROUND_ACCURACY method=FedPhoenixRG round=543 accuracy=53.820000
********************************************************************************
Round 543
ROUND_ACCURACY method=FedPhoenixRG round=544 accuracy=69.900002
********************************************************************************
Round 544
ROUND_ACCURACY method=FedPhoenixRG round=545 accuracy=76.559998
********************************************************************************
Round 545
ROUND_ACCURACY method=FedPhoenixRG round=546 accuracy=77.879997
********************************************************************************
Round 546
ROUND_ACCURACY method=FedPhoenixRG round=547 accuracy=70.680000
********************************************************************************
Round 547
ROUND_ACCURACY method=FedPhoenixRG round=548 accuracy=64.160004
********************************************************************************
Round 548
ROUND_ACCURACY method=FedPhoenixRG round=549 accuracy=60.209999
********************************************************************************
Round 549
ROUND_ACCURACY method=FedPhoenixRG round=550 accuracy=78.730003
********************************************************************************
Round 550
ROUND_ACCURACY method=FedPhoenixRG round=551 accuracy=74.440002
********************************************************************************
Round 551
ROUND_ACCURACY method=FedPhoenixRG round=552 accuracy=75.389999
********************************************************************************
Round 552
ROUND_ACCURACY method=FedPhoenixRG round=553 accuracy=75.790001
********************************************************************************
Round 553
ROUND_ACCURACY method=FedPhoenixRG round=554 accuracy=72.919998
********************************************************************************
Round 554
ROUND_ACCURACY method=FedPhoenixRG round=555 accuracy=77.809998
********************************************************************************
Round 555
ROUND_ACCURACY method=FedPhoenixRG round=556 accuracy=73.580002
********************************************************************************
Round 556
ROUND_ACCURACY method=FedPhoenixRG round=557 accuracy=77.510002
********************************************************************************
Round 557
ROUND_ACCURACY method=FedPhoenixRG round=558 accuracy=78.779999
********************************************************************************
Round 558
ROUND_ACCURACY method=FedPhoenixRG round=559 accuracy=77.330002
********************************************************************************
Round 559
RG_SCORE round=560 layer=features.0 mean_q=0.076501 max_q=0.285076 fraction_q_positive=0.796875 sampling_entropy=3.931863 uniform_entropy=4.158883 entropy_gap=0.227020 max_probability_over_uniform=3.044830 min_probability_over_uniform=0.250000
RG_SCORE round=560 layer=features.3 mean_q=0.050950 max_q=0.104087 fraction_q_positive=0.968750 sampling_entropy=4.089008 uniform_entropy=4.158883 entropy_gap=0.069875 max_probability_over_uniform=1.782197 min_probability_over_uniform=0.250000
RG_SCORE round=560 layer=features.7 mean_q=0.063328 max_q=0.124165 fraction_q_positive=1.000000 sampling_entropy=4.819167 uniform_entropy=4.852030 entropy_gap=0.032863 max_probability_over_uniform=1.720501 min_probability_over_uniform=0.397519
RG_SCORE round=560 layer=features.10 mean_q=0.070212 max_q=0.108648 fraction_q_positive=1.000000 sampling_entropy=4.841227 uniform_entropy=4.852030 entropy_gap=0.010803 max_probability_over_uniform=1.410570 min_probability_over_uniform=0.648276
RG_SCORE round=560 layer=features.14 mean_q=0.074362 max_q=0.114840 fraction_q_positive=1.000000 sampling_entropy=5.533422 uniform_entropy=5.545177 entropy_gap=0.011756 max_probability_over_uniform=1.408243 min_probability_over_uniform=0.602320
RG_SCORE round=560 layer=features.17 mean_q=0.072558 max_q=0.121323 fraction_q_positive=1.000000 sampling_entropy=5.534426 uniform_entropy=5.545177 entropy_gap=0.010751 max_probability_over_uniform=1.504057 min_probability_over_uniform=0.691314
RG_SCORE round=560 layer=features.20 mean_q=0.063686 max_q=0.099382 fraction_q_positive=1.000000 sampling_entropy=5.535055 uniform_entropy=5.545177 entropy_gap=0.010123 max_probability_over_uniform=1.420373 min_probability_over_uniform=0.597960
RG_SCORE round=560 layer=features.24 mean_q=0.080926 max_q=0.143209 fraction_q_positive=1.000000 sampling_entropy=6.215389 uniform_entropy=6.238325 entropy_gap=0.022936 max_probability_over_uniform=1.577219 min_probability_over_uniform=0.437672
RG_SCORE round=560 layer=features.27 mean_q=0.087876 max_q=0.164899 fraction_q_positive=1.000000 sampling_entropy=6.211124 uniform_entropy=6.238325 entropy_gap=0.027201 max_probability_over_uniform=1.657364 min_probability_over_uniform=0.363644
RG_SCORE round=560 layer=features.30 mean_q=0.066661 max_q=0.141249 fraction_q_positive=1.000000 sampling_entropy=6.204065 uniform_entropy=6.238325 entropy_gap=0.034260 max_probability_over_uniform=1.839190 min_probability_over_uniform=0.423806
RG_SCORE round=560 layer=features.34 mean_q=0.152910 max_q=0.323323 fraction_q_positive=0.998047 sampling_entropy=6.181163 uniform_entropy=6.238325 entropy_gap=0.057161 max_probability_over_uniform=1.835849 min_probability_over_uniform=0.250000
RG_SCORE round=560 layer=features.37 mean_q=0.150523 max_q=0.303366 fraction_q_positive=0.988281 sampling_entropy=6.186198 uniform_entropy=6.238325 entropy_gap=0.052126 max_probability_over_uniform=1.761562 min_probability_over_uniform=0.250000
RG_SCORE round=560 layer=features.40 mean_q=0.095358 max_q=0.276937 fraction_q_positive=0.962891 sampling_entropy=6.132664 uniform_entropy=6.238325 entropy_gap=0.105661 max_probability_over_uniform=2.428137 min_probability_over_uniform=0.250000
ROUND_ACCURACY method=FedPhoenixRG round=560 accuracy=77.290001
********************************************************************************
Round 560
ROUND_ACCURACY method=FedPhoenixRG round=561 accuracy=80.510002
********************************************************************************
Round 561
ROUND_ACCURACY method=FedPhoenixRG round=562 accuracy=74.599998
********************************************************************************
Round 562
ROUND_ACCURACY method=FedPhoenixRG round=563 accuracy=72.930000
********************************************************************************
Round 563
ROUND_ACCURACY method=FedPhoenixRG round=564 accuracy=78.559998
********************************************************************************
Round 564
ROUND_ACCURACY method=FedPhoenixRG round=565 accuracy=55.240002
********************************************************************************
Round 565
ROUND_ACCURACY method=FedPhoenixRG round=566 accuracy=66.650002
********************************************************************************
Round 566
ROUND_ACCURACY method=FedPhoenixRG round=567 accuracy=71.239998
********************************************************************************
Round 567
ROUND_ACCURACY method=FedPhoenixRG round=568 accuracy=66.879997
********************************************************************************
Round 568
ROUND_ACCURACY method=FedPhoenixRG round=569 accuracy=66.720001
********************************************************************************
Round 569
ROUND_ACCURACY method=FedPhoenixRG round=570 accuracy=80.699997
********************************************************************************
Round 570
ROUND_ACCURACY method=FedPhoenixRG round=571 accuracy=77.769997
********************************************************************************
Round 571
ROUND_ACCURACY method=FedPhoenixRG round=572 accuracy=80.510002
********************************************************************************
Round 572
ROUND_ACCURACY method=FedPhoenixRG round=573 accuracy=78.989998
********************************************************************************
Round 573
ROUND_ACCURACY method=FedPhoenixRG round=574 accuracy=81.419998
********************************************************************************
Round 574
ROUND_ACCURACY method=FedPhoenixRG round=575 accuracy=67.379997
********************************************************************************
Round 575
ROUND_ACCURACY method=FedPhoenixRG round=576 accuracy=73.589996
********************************************************************************
Round 576
ROUND_ACCURACY method=FedPhoenixRG round=577 accuracy=79.620003
********************************************************************************
Round 577
ROUND_ACCURACY method=FedPhoenixRG round=578 accuracy=70.930000
********************************************************************************
Round 578
ROUND_ACCURACY method=FedPhoenixRG round=579 accuracy=51.630001
********************************************************************************
Round 579
RG_SCORE round=580 layer=features.0 mean_q=0.057215 max_q=0.202020 fraction_q_positive=0.812500 sampling_entropy=3.959339 uniform_entropy=4.158883 entropy_gap=0.199544 max_probability_over_uniform=2.898186 min_probability_over_uniform=0.250000
RG_SCORE round=580 layer=features.3 mean_q=0.048776 max_q=0.104516 fraction_q_positive=1.000000 sampling_entropy=4.118420 uniform_entropy=4.158883 entropy_gap=0.040463 max_probability_over_uniform=1.857069 min_probability_over_uniform=0.437038
RG_SCORE round=580 layer=features.7 mean_q=0.050160 max_q=0.082175 fraction_q_positive=1.000000 sampling_entropy=4.826849 uniform_entropy=4.852030 entropy_gap=0.025181 max_probability_over_uniform=1.478705 min_probability_over_uniform=0.410747
RG_SCORE round=580 layer=features.10 mean_q=0.048297 max_q=0.088759 fraction_q_positive=1.000000 sampling_entropy=4.836970 uniform_entropy=4.852030 entropy_gap=0.015060 max_probability_over_uniform=1.628336 min_probability_over_uniform=0.522744
RG_SCORE round=580 layer=features.14 mean_q=0.053632 max_q=0.103848 fraction_q_positive=1.000000 sampling_entropy=5.524718 uniform_entropy=5.545177 entropy_gap=0.020459 max_probability_over_uniform=1.702230 min_probability_over_uniform=0.564335
RG_SCORE round=580 layer=features.17 mean_q=0.053497 max_q=0.102844 fraction_q_positive=1.000000 sampling_entropy=5.521121 uniform_entropy=5.545177 entropy_gap=0.024057 max_probability_over_uniform=1.691810 min_probability_over_uniform=0.524775
RG_SCORE round=580 layer=features.20 mean_q=0.049971 max_q=0.098096 fraction_q_positive=1.000000 sampling_entropy=5.519444 uniform_entropy=5.545177 entropy_gap=0.025734 max_probability_over_uniform=1.722299 min_probability_over_uniform=0.439354
RG_SCORE round=580 layer=features.24 mean_q=0.065845 max_q=0.138613 fraction_q_positive=0.996094 sampling_entropy=6.180396 uniform_entropy=6.238325 entropy_gap=0.057929 max_probability_over_uniform=1.828858 min_probability_over_uniform=0.250000
RG_SCORE round=580 layer=features.27 mean_q=0.075247 max_q=0.190658 fraction_q_positive=1.000000 sampling_entropy=6.168908 uniform_entropy=6.238325 entropy_gap=0.069417 max_probability_over_uniform=2.150325 min_probability_over_uniform=0.289821
RG_SCORE round=580 layer=features.30 mean_q=0.060902 max_q=0.164341 fraction_q_positive=1.000000 sampling_entropy=6.149944 uniform_entropy=6.238325 entropy_gap=0.088381 max_probability_over_uniform=2.273848 min_probability_over_uniform=0.288324
RG_SCORE round=580 layer=features.34 mean_q=0.167972 max_q=0.372096 fraction_q_positive=0.984375 sampling_entropy=6.159023 uniform_entropy=6.238325 entropy_gap=0.079302 max_probability_over_uniform=1.911422 min_probability_over_uniform=0.250000
RG_SCORE round=580 layer=features.37 mean_q=0.158117 max_q=0.308252 fraction_q_positive=0.988281 sampling_entropy=6.181253 uniform_entropy=6.238325 entropy_gap=0.057072 max_probability_over_uniform=1.712138 min_probability_over_uniform=0.250000
RG_SCORE round=580 layer=features.40 mean_q=0.114820 max_q=0.364094 fraction_q_positive=0.945312 sampling_entropy=6.116824 uniform_entropy=6.238325 entropy_gap=0.121500 max_probability_over_uniform=2.628240 min_probability_over_uniform=0.250000
ROUND_ACCURACY method=FedPhoenixRG round=580 accuracy=75.339996
********************************************************************************
Round 580
ROUND_ACCURACY method=FedPhoenixRG round=581 accuracy=79.239998
********************************************************************************
Round 581
ROUND_ACCURACY method=FedPhoenixRG round=582 accuracy=79.110001
********************************************************************************
Round 582
ROUND_ACCURACY method=FedPhoenixRG round=583 accuracy=72.339996
********************************************************************************
Round 583
ROUND_ACCURACY method=FedPhoenixRG round=584 accuracy=80.180000
********************************************************************************
Round 584
ROUND_ACCURACY method=FedPhoenixRG round=585 accuracy=78.769997
********************************************************************************
Round 585
ROUND_ACCURACY method=FedPhoenixRG round=586 accuracy=75.919998
********************************************************************************
Round 586
ROUND_ACCURACY method=FedPhoenixRG round=587 accuracy=66.019997
********************************************************************************
Round 587
ROUND_ACCURACY method=FedPhoenixRG round=588 accuracy=69.550003
********************************************************************************
Round 588
ROUND_ACCURACY method=FedPhoenixRG round=589 accuracy=77.769997
********************************************************************************
Round 589
ROUND_ACCURACY method=FedPhoenixRG round=590 accuracy=78.910004
********************************************************************************
Round 590
ROUND_ACCURACY method=FedPhoenixRG round=591 accuracy=61.529999
********************************************************************************
Round 591
ROUND_ACCURACY method=FedPhoenixRG round=592 accuracy=67.879997
********************************************************************************
Round 592
ROUND_ACCURACY method=FedPhoenixRG round=593 accuracy=79.660004
********************************************************************************
Round 593
ROUND_ACCURACY method=FedPhoenixRG round=594 accuracy=73.440002
********************************************************************************
Round 594
ROUND_ACCURACY method=FedPhoenixRG round=595 accuracy=78.029999
********************************************************************************
Round 595
ROUND_ACCURACY method=FedPhoenixRG round=596 accuracy=77.279999
********************************************************************************
Round 596
ROUND_ACCURACY method=FedPhoenixRG round=597 accuracy=78.449997
********************************************************************************
Round 597
ROUND_ACCURACY method=FedPhoenixRG round=598 accuracy=75.139999
********************************************************************************
Round 598
ROUND_ACCURACY method=FedPhoenixRG round=599 accuracy=77.320000
********************************************************************************
Round 599
RG_SCORE round=600 layer=features.0 mean_q=0.058957 max_q=0.246901 fraction_q_positive=0.671875 sampling_entropy=3.869067 uniform_entropy=4.158883 entropy_gap=0.289816 max_probability_over_uniform=3.390856 min_probability_over_uniform=0.250000
RG_SCORE round=600 layer=features.3 mean_q=0.066624 max_q=0.114195 fraction_q_positive=1.000000 sampling_entropy=4.121389 uniform_entropy=4.158883 entropy_gap=0.037494 max_probability_over_uniform=1.535508 min_probability_over_uniform=0.328513
RG_SCORE round=600 layer=features.7 mean_q=0.073847 max_q=0.122414 fraction_q_positive=1.000000 sampling_entropy=4.836461 uniform_entropy=4.852030 entropy_gap=0.015569 max_probability_over_uniform=1.493255 min_probability_over_uniform=0.670974
RG_SCORE round=600 layer=features.10 mean_q=0.077685 max_q=0.101986 fraction_q_positive=1.000000 sampling_entropy=4.846559 uniform_entropy=4.852030 entropy_gap=0.005471 max_probability_over_uniform=1.234618 min_probability_over_uniform=0.737249
RG_SCORE round=600 layer=features.14 mean_q=0.084092 max_q=0.134754 fraction_q_positive=1.000000 sampling_entropy=5.538949 uniform_entropy=5.545177 entropy_gap=0.006228 max_probability_over_uniform=1.451842 min_probability_over_uniform=0.744097
RG_SCORE round=600 layer=features.17 mean_q=0.084446 max_q=0.135276 fraction_q_positive=1.000000 sampling_entropy=5.539340 uniform_entropy=5.545177 entropy_gap=0.005837 max_probability_over_uniform=1.451440 min_probability_over_uniform=0.789915
RG_SCORE round=600 layer=features.20 mean_q=0.075120 max_q=0.103474 fraction_q_positive=1.000000 sampling_entropy=5.541247 uniform_entropy=5.545177 entropy_gap=0.003930 max_probability_over_uniform=1.283090 min_probability_over_uniform=0.775483
RG_SCORE round=600 layer=features.24 mean_q=0.104364 max_q=0.165724 fraction_q_positive=1.000000 sampling_entropy=6.231810 uniform_entropy=6.238325 entropy_gap=0.006515 max_probability_over_uniform=1.440957 min_probability_over_uniform=0.676967
RG_SCORE round=600 layer=features.27 mean_q=0.132583 max_q=0.178858 fraction_q_positive=1.000000 sampling_entropy=6.232509 uniform_entropy=6.238325 entropy_gap=0.005815 max_probability_over_uniform=1.261772 min_probability_over_uniform=0.684116
RG_SCORE round=600 layer=features.30 mean_q=0.109927 max_q=0.167288 fraction_q_positive=1.000000 sampling_entropy=6.231778 uniform_entropy=6.238325 entropy_gap=0.006547 max_probability_over_uniform=1.391363 min_probability_over_uniform=0.681413
RG_SCORE round=600 layer=features.34 mean_q=0.253072 max_q=0.367970 fraction_q_positive=1.000000 sampling_entropy=6.231033 uniform_entropy=6.238325 entropy_gap=0.007292 max_probability_over_uniform=1.340509 min_probability_over_uniform=0.495583
RG_SCORE round=600 layer=features.37 mean_q=0.229905 max_q=0.331016 fraction_q_positive=1.000000 sampling_entropy=6.230484 uniform_entropy=6.238325 entropy_gap=0.007840 max_probability_over_uniform=1.329848 min_probability_over_uniform=0.561283
RG_SCORE round=600 layer=features.40 mean_q=0.175281 max_q=0.353127 fraction_q_positive=1.000000 sampling_entropy=6.203264 uniform_entropy=6.238325 entropy_gap=0.035060 max_probability_over_uniform=1.760973 min_probability_over_uniform=0.312671
ROUND_ACCURACY method=FedPhoenixRG round=600 accuracy=79.040001
********************************************************************************
Round 600
ROUND_ACCURACY method=FedPhoenixRG round=601 accuracy=78.230003
********************************************************************************
Round 601
ROUND_ACCURACY method=FedPhoenixRG round=602 accuracy=81.330002
********************************************************************************
Round 602
ROUND_ACCURACY method=FedPhoenixRG round=603 accuracy=80.290001
********************************************************************************
Round 603
ROUND_ACCURACY method=FedPhoenixRG round=604 accuracy=81.070000
********************************************************************************
Round 604
ROUND_ACCURACY method=FedPhoenixRG round=605 accuracy=75.980003
********************************************************************************
Round 605
ROUND_ACCURACY method=FedPhoenixRG round=606 accuracy=79.309998
********************************************************************************
Round 606
ROUND_ACCURACY method=FedPhoenixRG round=607 accuracy=68.400002
********************************************************************************
Round 607
ROUND_ACCURACY method=FedPhoenixRG round=608 accuracy=75.830002
********************************************************************************
Round 608
ROUND_ACCURACY method=FedPhoenixRG round=609 accuracy=80.599998
********************************************************************************
Round 609
ROUND_ACCURACY method=FedPhoenixRG round=610 accuracy=73.139999
********************************************************************************
Round 610
ROUND_ACCURACY method=FedPhoenixRG round=611 accuracy=81.680000
********************************************************************************
Round 611
ROUND_ACCURACY method=FedPhoenixRG round=612 accuracy=80.059998
********************************************************************************
Round 612
ROUND_ACCURACY method=FedPhoenixRG round=613 accuracy=78.730003
********************************************************************************
Round 613
ROUND_ACCURACY method=FedPhoenixRG round=614 accuracy=70.040001
********************************************************************************
Round 614
ROUND_ACCURACY method=FedPhoenixRG round=615 accuracy=74.330002
********************************************************************************
Round 615
ROUND_ACCURACY method=FedPhoenixRG round=616 accuracy=79.709999
********************************************************************************
Round 616
ROUND_ACCURACY method=FedPhoenixRG round=617 accuracy=79.000000
********************************************************************************
Round 617
ROUND_ACCURACY method=FedPhoenixRG round=618 accuracy=74.260002
********************************************************************************
Round 618
ROUND_ACCURACY method=FedPhoenixRG round=619 accuracy=76.400002
********************************************************************************
Round 619
RG_SCORE round=620 layer=features.0 mean_q=0.089924 max_q=0.375115 fraction_q_positive=0.875000 sampling_entropy=3.967503 uniform_entropy=4.158883 entropy_gap=0.191380 max_probability_over_uniform=3.378609 min_probability_over_uniform=0.250000
RG_SCORE round=620 layer=features.3 mean_q=0.087414 max_q=0.127528 fraction_q_positive=1.000000 sampling_entropy=4.141365 uniform_entropy=4.158883 entropy_gap=0.017518 max_probability_over_uniform=1.344176 min_probability_over_uniform=0.497468
RG_SCORE round=620 layer=features.7 mean_q=0.086542 max_q=0.147447 fraction_q_positive=1.000000 sampling_entropy=4.836952 uniform_entropy=4.852030 entropy_gap=0.015078 max_probability_over_uniform=1.527818 min_probability_over_uniform=0.566520
RG_SCORE round=620 layer=features.10 mean_q=0.082159 max_q=0.143769 fraction_q_positive=1.000000 sampling_entropy=4.844491 uniform_entropy=4.852030 entropy_gap=0.007539 max_probability_over_uniform=1.562418 min_probability_over_uniform=0.627571
RG_SCORE round=620 layer=features.14 mean_q=0.090387 max_q=0.146564 fraction_q_positive=1.000000 sampling_entropy=5.538771 uniform_entropy=5.545177 entropy_gap=0.006407 max_probability_over_uniform=1.466137 min_probability_over_uniform=0.728443
RG_SCORE round=620 layer=features.17 mean_q=0.089292 max_q=0.136866 fraction_q_positive=1.000000 sampling_entropy=5.538444 uniform_entropy=5.545177 entropy_gap=0.006734 max_probability_over_uniform=1.399596 min_probability_over_uniform=0.736854
RG_SCORE round=620 layer=features.20 mean_q=0.077557 max_q=0.106919 fraction_q_positive=1.000000 sampling_entropy=5.541447 uniform_entropy=5.545177 entropy_gap=0.003731 max_probability_over_uniform=1.283939 min_probability_over_uniform=0.786366
RG_SCORE round=620 layer=features.24 mean_q=0.117623 max_q=0.177861 fraction_q_positive=1.000000 sampling_entropy=6.231463 uniform_entropy=6.238325 entropy_gap=0.006862 max_probability_over_uniform=1.384092 min_probability_over_uniform=0.724438
RG_SCORE round=620 layer=features.27 mean_q=0.150191 max_q=0.203287 fraction_q_positive=1.000000 sampling_entropy=6.232888 uniform_entropy=6.238325 entropy_gap=0.005437 max_probability_over_uniform=1.265146 min_probability_over_uniform=0.642837
RG_SCORE round=620 layer=features.30 mean_q=0.120977 max_q=0.190831 fraction_q_positive=1.000000 sampling_entropy=6.231864 uniform_entropy=6.238325 entropy_gap=0.006461 max_probability_over_uniform=1.433069 min_probability_over_uniform=0.617334
RG_SCORE round=620 layer=features.34 mean_q=0.252764 max_q=0.419738 fraction_q_positive=0.994141 sampling_entropy=6.207841 uniform_entropy=6.238325 entropy_gap=0.030484 max_probability_over_uniform=1.495441 min_probability_over_uniform=0.250000
RG_SCORE round=620 layer=features.37 mean_q=0.183720 max_q=0.422918 fraction_q_positive=0.974609 sampling_entropy=6.163276 uniform_entropy=6.238325 entropy_gap=0.075049 max_probability_over_uniform=1.976473 min_probability_over_uniform=0.250000
RG_SCORE round=620 layer=features.40 mean_q=0.127006 max_q=0.462254 fraction_q_positive=0.916016 sampling_entropy=6.092415 uniform_entropy=6.238325 entropy_gap=0.145910 max_probability_over_uniform=2.979717 min_probability_over_uniform=0.250000
ROUND_ACCURACY method=FedPhoenixRG round=620 accuracy=70.800003
********************************************************************************
Round 620
ROUND_ACCURACY method=FedPhoenixRG round=621 accuracy=71.180000
********************************************************************************
Round 621
ROUND_ACCURACY method=FedPhoenixRG round=622 accuracy=81.180000
********************************************************************************
Round 622
ROUND_ACCURACY method=FedPhoenixRG round=623 accuracy=59.419998
********************************************************************************
Round 623
ROUND_ACCURACY method=FedPhoenixRG round=624 accuracy=77.129997
********************************************************************************
Round 624
ROUND_ACCURACY method=FedPhoenixRG round=625 accuracy=79.089996
********************************************************************************
Round 625
ROUND_ACCURACY method=FedPhoenixRG round=626 accuracy=69.220001
********************************************************************************
Round 626
ROUND_ACCURACY method=FedPhoenixRG round=627 accuracy=75.779999
********************************************************************************
Round 627
ROUND_ACCURACY method=FedPhoenixRG round=628 accuracy=57.220001
********************************************************************************
Round 628
ROUND_ACCURACY method=FedPhoenixRG round=629 accuracy=77.449997
********************************************************************************
Round 629
ROUND_ACCURACY method=FedPhoenixRG round=630 accuracy=78.309998
********************************************************************************
Round 630
ROUND_ACCURACY method=FedPhoenixRG round=631 accuracy=80.029999
********************************************************************************
Round 631
ROUND_ACCURACY method=FedPhoenixRG round=632 accuracy=76.489998
********************************************************************************
Round 632
ROUND_ACCURACY method=FedPhoenixRG round=633 accuracy=69.809998
********************************************************************************
Round 633
ROUND_ACCURACY method=FedPhoenixRG round=634 accuracy=78.459999
********************************************************************************
Round 634
ROUND_ACCURACY method=FedPhoenixRG round=635 accuracy=75.699997
********************************************************************************
Round 635
ROUND_ACCURACY method=FedPhoenixRG round=636 accuracy=79.419998
********************************************************************************
Round 636
ROUND_ACCURACY method=FedPhoenixRG round=637 accuracy=81.000000
********************************************************************************
Round 637
ROUND_ACCURACY method=FedPhoenixRG round=638 accuracy=78.870003
********************************************************************************
Round 638
ROUND_ACCURACY method=FedPhoenixRG round=639 accuracy=64.690002
********************************************************************************
Round 639
RG_SCORE round=640 layer=features.0 mean_q=0.083792 max_q=0.225221 fraction_q_positive=0.859375 sampling_entropy=3.985149 uniform_entropy=4.158883 entropy_gap=0.173734 max_probability_over_uniform=2.265887 min_probability_over_uniform=0.250000
RG_SCORE round=640 layer=features.3 mean_q=0.062002 max_q=0.096208 fraction_q_positive=1.000000 sampling_entropy=4.129511 uniform_entropy=4.158883 entropy_gap=0.029372 max_probability_over_uniform=1.413771 min_probability_over_uniform=0.404536
RG_SCORE round=640 layer=features.7 mean_q=0.064136 max_q=0.123863 fraction_q_positive=0.992188 sampling_entropy=4.823322 uniform_entropy=4.852030 entropy_gap=0.028708 max_probability_over_uniform=1.698431 min_probability_over_uniform=0.250000
RG_SCORE round=640 layer=features.10 mean_q=0.061042 max_q=0.099059 fraction_q_positive=1.000000 sampling_entropy=4.837613 uniform_entropy=4.852030 entropy_gap=0.014417 max_probability_over_uniform=1.467090 min_probability_over_uniform=0.341322
RG_SCORE round=640 layer=features.14 mean_q=0.067391 max_q=0.139502 fraction_q_positive=0.996094 sampling_entropy=5.528114 uniform_entropy=5.545177 entropy_gap=0.017063 max_probability_over_uniform=1.802536 min_probability_over_uniform=0.250000
RG_SCORE round=640 layer=features.17 mean_q=0.067333 max_q=0.113081 fraction_q_positive=1.000000 sampling_entropy=5.530726 uniform_entropy=5.545177 entropy_gap=0.014452 max_probability_over_uniform=1.509568 min_probability_over_uniform=0.442000
RG_SCORE round=640 layer=features.20 mean_q=0.058907 max_q=0.088692 fraction_q_positive=1.000000 sampling_entropy=5.534075 uniform_entropy=5.545177 entropy_gap=0.011103 max_probability_over_uniform=1.379226 min_probability_over_uniform=0.625033
RG_SCORE round=640 layer=features.24 mean_q=0.085467 max_q=0.170455 fraction_q_positive=1.000000 sampling_entropy=6.219493 uniform_entropy=6.238325 entropy_gap=0.018832 max_probability_over_uniform=1.745796 min_probability_over_uniform=0.463805
RG_SCORE round=640 layer=features.27 mean_q=0.100489 max_q=0.171753 fraction_q_positive=1.000000 sampling_entropy=6.217210 uniform_entropy=6.238325 entropy_gap=0.021114 max_probability_over_uniform=1.531879 min_probability_over_uniform=0.445408
RG_SCORE round=640 layer=features.30 mean_q=0.083143 max_q=0.138918 fraction_q_positive=1.000000 sampling_entropy=6.219242 uniform_entropy=6.238325 entropy_gap=0.019083 max_probability_over_uniform=1.503117 min_probability_over_uniform=0.478813
RG_SCORE round=640 layer=features.34 mean_q=0.172621 max_q=0.355583 fraction_q_positive=0.992188 sampling_entropy=6.192258 uniform_entropy=6.238325 entropy_gap=0.046067 max_probability_over_uniform=1.794930 min_probability_over_uniform=0.250000
RG_SCORE round=640 layer=features.37 mean_q=0.151638 max_q=0.313486 fraction_q_positive=0.988281 sampling_entropy=6.185540 uniform_entropy=6.238325 entropy_gap=0.052785 max_probability_over_uniform=1.800493 min_probability_over_uniform=0.250000
RG_SCORE round=640 layer=features.40 mean_q=0.094042 max_q=0.301814 fraction_q_positive=0.904297 sampling_entropy=6.096685 uniform_entropy=6.238325 entropy_gap=0.141640 max_probability_over_uniform=2.657025 min_probability_over_uniform=0.250000
ROUND_ACCURACY method=FedPhoenixRG round=640 accuracy=77.800003
********************************************************************************
Round 640
ROUND_ACCURACY method=FedPhoenixRG round=641 accuracy=79.320000
********************************************************************************
Round 641
ROUND_ACCURACY method=FedPhoenixRG round=642 accuracy=76.120003
********************************************************************************
Round 642
ROUND_ACCURACY method=FedPhoenixRG round=643 accuracy=76.889999
********************************************************************************
Round 643
ROUND_ACCURACY method=FedPhoenixRG round=644 accuracy=77.779999
********************************************************************************
Round 644
ROUND_ACCURACY method=FedPhoenixRG round=645 accuracy=78.370003
********************************************************************************
Round 645
ROUND_ACCURACY method=FedPhoenixRG round=646 accuracy=76.989998
********************************************************************************
Round 646
ROUND_ACCURACY method=FedPhoenixRG round=647 accuracy=81.070000
********************************************************************************
Round 647
ROUND_ACCURACY method=FedPhoenixRG round=648 accuracy=80.519997
********************************************************************************
Round 648
ROUND_ACCURACY method=FedPhoenixRG round=649 accuracy=80.279999
********************************************************************************
Round 649
ROUND_ACCURACY method=FedPhoenixRG round=650 accuracy=80.620003
********************************************************************************
Round 650
ROUND_ACCURACY method=FedPhoenixRG round=651 accuracy=78.129997
********************************************************************************
Round 651
ROUND_ACCURACY method=FedPhoenixRG round=652 accuracy=74.690002
********************************************************************************
Round 652
ROUND_ACCURACY method=FedPhoenixRG round=653 accuracy=76.680000
********************************************************************************
Round 653
ROUND_ACCURACY method=FedPhoenixRG round=654 accuracy=80.760002
********************************************************************************
Round 654
ROUND_ACCURACY method=FedPhoenixRG round=655 accuracy=80.019997
********************************************************************************
Round 655
ROUND_ACCURACY method=FedPhoenixRG round=656 accuracy=77.389999
********************************************************************************
Round 656
ROUND_ACCURACY method=FedPhoenixRG round=657 accuracy=81.629997
********************************************************************************
Round 657
ROUND_ACCURACY method=FedPhoenixRG round=658 accuracy=80.250000
********************************************************************************
Round 658
ROUND_ACCURACY method=FedPhoenixRG round=659 accuracy=79.220001
********************************************************************************
Round 659
RG_SCORE round=660 layer=features.0 mean_q=0.072329 max_q=0.210278 fraction_q_positive=0.875000 sampling_entropy=3.993357 uniform_entropy=4.158883 entropy_gap=0.165526 max_probability_over_uniform=2.430443 min_probability_over_uniform=0.250000
RG_SCORE round=660 layer=features.3 mean_q=0.065830 max_q=0.116948 fraction_q_positive=1.000000 sampling_entropy=4.132364 uniform_entropy=4.158883 entropy_gap=0.026519 max_probability_over_uniform=1.582379 min_probability_over_uniform=0.523212
RG_SCORE round=660 layer=features.7 mean_q=0.072163 max_q=0.115620 fraction_q_positive=1.000000 sampling_entropy=4.837957 uniform_entropy=4.852030 entropy_gap=0.014074 max_probability_over_uniform=1.451655 min_probability_over_uniform=0.657566
RG_SCORE round=660 layer=features.10 mean_q=0.068723 max_q=0.108077 fraction_q_positive=1.000000 sampling_entropy=4.842672 uniform_entropy=4.852030 entropy_gap=0.009358 max_probability_over_uniform=1.429487 min_probability_over_uniform=0.702245
RG_SCORE round=660 layer=features.14 mean_q=0.076137 max_q=0.115960 fraction_q_positive=1.000000 sampling_entropy=5.537926 uniform_entropy=5.545177 entropy_gap=0.007251 max_probability_over_uniform=1.392277 min_probability_over_uniform=0.703449
RG_SCORE round=660 layer=features.17 mean_q=0.077174 max_q=0.118038 fraction_q_positive=1.000000 sampling_entropy=5.537809 uniform_entropy=5.545177 entropy_gap=0.007368 max_probability_over_uniform=1.397132 min_probability_over_uniform=0.710233
RG_SCORE round=660 layer=features.20 mean_q=0.068514 max_q=0.099183 fraction_q_positive=1.000000 sampling_entropy=5.539833 uniform_entropy=5.545177 entropy_gap=0.005345 max_probability_over_uniform=1.335725 min_probability_over_uniform=0.717516
RG_SCORE round=660 layer=features.24 mean_q=0.110065 max_q=0.207063 fraction_q_positive=1.000000 sampling_entropy=6.230448 uniform_entropy=6.238325 entropy_gap=0.007877 max_probability_over_uniform=1.660960 min_probability_over_uniform=0.706655
RG_SCORE round=660 layer=features.27 mean_q=0.141402 max_q=0.194951 fraction_q_positive=1.000000 sampling_entropy=6.233222 uniform_entropy=6.238325 entropy_gap=0.005103 max_probability_over_uniform=1.284023 min_probability_over_uniform=0.697195
RG_SCORE round=660 layer=features.30 mean_q=0.124618 max_q=0.179530 fraction_q_positive=1.000000 sampling_entropy=6.232991 uniform_entropy=6.238325 entropy_gap=0.005334 max_probability_over_uniform=1.330481 min_probability_over_uniform=0.740663
RG_SCORE round=660 layer=features.34 mean_q=0.291063 max_q=0.411555 fraction_q_positive=1.000000 sampling_entropy=6.231739 uniform_entropy=6.238325 entropy_gap=0.006585 max_probability_over_uniform=1.310478 min_probability_over_uniform=0.519821
RG_SCORE round=660 layer=features.37 mean_q=0.293503 max_q=0.435358 fraction_q_positive=1.000000 sampling_entropy=6.231049 uniform_entropy=6.238325 entropy_gap=0.007275 max_probability_over_uniform=1.362489 min_probability_over_uniform=0.314453
RG_SCORE round=660 layer=features.40 mean_q=0.240224 max_q=0.406894 fraction_q_positive=1.000000 sampling_entropy=6.212999 uniform_entropy=6.238325 entropy_gap=0.025325 max_probability_over_uniform=1.520358 min_probability_over_uniform=0.331323
ROUND_ACCURACY method=FedPhoenixRG round=660 accuracy=71.720001
********************************************************************************
Round 660
ROUND_ACCURACY method=FedPhoenixRG round=661 accuracy=78.209999
********************************************************************************
Round 661
ROUND_ACCURACY method=FedPhoenixRG round=662 accuracy=71.320000
********************************************************************************
Round 662
ROUND_ACCURACY method=FedPhoenixRG round=663 accuracy=79.160004
********************************************************************************
Round 663
ROUND_ACCURACY method=FedPhoenixRG round=664 accuracy=81.139999
********************************************************************************
Round 664
ROUND_ACCURACY method=FedPhoenixRG round=665 accuracy=80.699997
********************************************************************************
Round 665
ROUND_ACCURACY method=FedPhoenixRG round=666 accuracy=81.419998
********************************************************************************
Round 666
ROUND_ACCURACY method=FedPhoenixRG round=667 accuracy=81.419998
********************************************************************************
Round 667
ROUND_ACCURACY method=FedPhoenixRG round=668 accuracy=76.080002
********************************************************************************
Round 668
ROUND_ACCURACY method=FedPhoenixRG round=669 accuracy=81.959999
********************************************************************************
Round 669
ROUND_ACCURACY method=FedPhoenixRG round=670 accuracy=74.779999
********************************************************************************
Round 670
ROUND_ACCURACY method=FedPhoenixRG round=671 accuracy=70.839996
********************************************************************************
Round 671
ROUND_ACCURACY method=FedPhoenixRG round=672 accuracy=71.720001
********************************************************************************
Round 672
ROUND_ACCURACY method=FedPhoenixRG round=673 accuracy=78.930000
********************************************************************************
Round 673
ROUND_ACCURACY method=FedPhoenixRG round=674 accuracy=76.180000
********************************************************************************
Round 674
ROUND_ACCURACY method=FedPhoenixRG round=675 accuracy=72.589996
********************************************************************************
Round 675
ROUND_ACCURACY method=FedPhoenixRG round=676 accuracy=78.730003
********************************************************************************
Round 676
ROUND_ACCURACY method=FedPhoenixRG round=677 accuracy=75.660004
********************************************************************************
Round 677
ROUND_ACCURACY method=FedPhoenixRG round=678 accuracy=75.650002
********************************************************************************
Round 678
ROUND_ACCURACY method=FedPhoenixRG round=679 accuracy=67.129997
********************************************************************************
Round 679
RG_SCORE round=680 layer=features.0 mean_q=0.062439 max_q=0.258235 fraction_q_positive=0.781250 sampling_entropy=3.889179 uniform_entropy=4.158883 entropy_gap=0.269704 max_probability_over_uniform=3.351821 min_probability_over_uniform=0.250000
RG_SCORE round=680 layer=features.3 mean_q=0.059858 max_q=0.121471 fraction_q_positive=1.000000 sampling_entropy=4.128224 uniform_entropy=4.158883 entropy_gap=0.030659 max_probability_over_uniform=1.771994 min_probability_over_uniform=0.453035
RG_SCORE round=680 layer=features.7 mean_q=0.057574 max_q=0.095443 fraction_q_positive=1.000000 sampling_entropy=4.824559 uniform_entropy=4.852030 entropy_gap=0.027472 max_probability_over_uniform=1.493318 min_probability_over_uniform=0.479055
RG_SCORE round=680 layer=features.10 mean_q=0.054248 max_q=0.094882 fraction_q_positive=1.000000 sampling_entropy=4.832249 uniform_entropy=4.852030 entropy_gap=0.019781 max_probability_over_uniform=1.561793 min_probability_over_uniform=0.416282
RG_SCORE round=680 layer=features.14 mean_q=0.062265 max_q=0.109078 fraction_q_positive=1.000000 sampling_entropy=5.529072 uniform_entropy=5.545177 entropy_gap=0.016105 max_probability_over_uniform=1.563871 min_probability_over_uniform=0.489865
RG_SCORE round=680 layer=features.17 mean_q=0.060920 max_q=0.114769 fraction_q_positive=1.000000 sampling_entropy=5.528871 uniform_entropy=5.545177 entropy_gap=0.016306 max_probability_over_uniform=1.662945 min_probability_over_uniform=0.539504
RG_SCORE round=680 layer=features.20 mean_q=0.054207 max_q=0.084207 fraction_q_positive=1.000000 sampling_entropy=5.532526 uniform_entropy=5.545177 entropy_gap=0.012652 max_probability_over_uniform=1.415072 min_probability_over_uniform=0.562022
RG_SCORE round=680 layer=features.24 mean_q=0.080856 max_q=0.173529 fraction_q_positive=1.000000 sampling_entropy=6.212961 uniform_entropy=6.238325 entropy_gap=0.025364 max_probability_over_uniform=1.859616 min_probability_over_uniform=0.409100
RG_SCORE round=680 layer=features.27 mean_q=0.088465 max_q=0.168501 fraction_q_positive=1.000000 sampling_entropy=6.198970 uniform_entropy=6.238325 entropy_gap=0.039355 max_probability_over_uniform=1.678543 min_probability_over_uniform=0.294130
RG_SCORE round=680 layer=features.30 mean_q=0.084970 max_q=0.157719 fraction_q_positive=1.000000 sampling_entropy=6.214587 uniform_entropy=6.238325 entropy_gap=0.023738 max_probability_over_uniform=1.642126 min_probability_over_uniform=0.464592
RG_SCORE round=680 layer=features.34 mean_q=0.210968 max_q=0.373604 fraction_q_positive=1.000000 sampling_entropy=6.214943 uniform_entropy=6.238325 entropy_gap=0.023382 max_probability_over_uniform=1.578178 min_probability_over_uniform=0.351699
RG_SCORE round=680 layer=features.37 mean_q=0.207309 max_q=0.365761 fraction_q_positive=1.000000 sampling_entropy=6.222124 uniform_entropy=6.238325 entropy_gap=0.016201 max_probability_over_uniform=1.573245 min_probability_over_uniform=0.309512
RG_SCORE round=680 layer=features.40 mean_q=0.167926 max_q=0.355529 fraction_q_positive=1.000000 sampling_entropy=6.202870 uniform_entropy=6.238325 entropy_gap=0.035455 max_probability_over_uniform=1.837887 min_probability_over_uniform=0.300441
ROUND_ACCURACY method=FedPhoenixRG round=680 accuracy=70.849998
********************************************************************************
Round 680
ROUND_ACCURACY method=FedPhoenixRG round=681 accuracy=73.720001
********************************************************************************
Round 681
ROUND_ACCURACY method=FedPhoenixRG round=682 accuracy=77.820000
********************************************************************************
Round 682
ROUND_ACCURACY method=FedPhoenixRG round=683 accuracy=81.779999
********************************************************************************
Round 683
ROUND_ACCURACY method=FedPhoenixRG round=684 accuracy=81.400002
********************************************************************************
Round 684
ROUND_ACCURACY method=FedPhoenixRG round=685 accuracy=77.949997
********************************************************************************
Round 685
ROUND_ACCURACY method=FedPhoenixRG round=686 accuracy=79.510002
********************************************************************************
Round 686
ROUND_ACCURACY method=FedPhoenixRG round=687 accuracy=73.730003
********************************************************************************
Round 687
ROUND_ACCURACY method=FedPhoenixRG round=688 accuracy=74.959999
********************************************************************************
Round 688
ROUND_ACCURACY method=FedPhoenixRG round=689 accuracy=79.190002
********************************************************************************
Round 689
ROUND_ACCURACY method=FedPhoenixRG round=690 accuracy=74.870003
********************************************************************************
Round 690
ROUND_ACCURACY method=FedPhoenixRG round=691 accuracy=72.790001
********************************************************************************
Round 691
ROUND_ACCURACY method=FedPhoenixRG round=692 accuracy=68.720001
********************************************************************************
Round 692
ROUND_ACCURACY method=FedPhoenixRG round=693 accuracy=79.400002
********************************************************************************
Round 693
ROUND_ACCURACY method=FedPhoenixRG round=694 accuracy=73.529999
********************************************************************************
Round 694
ROUND_ACCURACY method=FedPhoenixRG round=695 accuracy=80.669998
********************************************************************************
Round 695
ROUND_ACCURACY method=FedPhoenixRG round=696 accuracy=79.919998
********************************************************************************
Round 696
ROUND_ACCURACY method=FedPhoenixRG round=697 accuracy=70.160004
********************************************************************************
Round 697
ROUND_ACCURACY method=FedPhoenixRG round=698 accuracy=80.169998
********************************************************************************
Round 698
ROUND_ACCURACY method=FedPhoenixRG round=699 accuracy=79.169998
********************************************************************************
Round 699
RG_SCORE round=700 layer=features.0 mean_q=0.050327 max_q=0.216008 fraction_q_positive=0.656250 sampling_entropy=3.794754 uniform_entropy=4.158883 entropy_gap=0.364129 max_probability_over_uniform=3.469089 min_probability_over_uniform=0.250000
RG_SCORE round=700 layer=features.3 mean_q=0.054626 max_q=0.120914 fraction_q_positive=0.968750 sampling_entropy=4.107421 uniform_entropy=4.158883 entropy_gap=0.051462 max_probability_over_uniform=1.910106 min_probability_over_uniform=0.250000
RG_SCORE round=700 layer=features.7 mean_q=0.057330 max_q=0.110415 fraction_q_positive=1.000000 sampling_entropy=4.813462 uniform_entropy=4.852030 entropy_gap=0.038568 max_probability_over_uniform=1.694460 min_probability_over_uniform=0.386191
RG_SCORE round=700 layer=features.10 mean_q=0.053107 max_q=0.083477 fraction_q_positive=1.000000 sampling_entropy=4.834832 uniform_entropy=4.852030 entropy_gap=0.017199 max_probability_over_uniform=1.428899 min_probability_over_uniform=0.475652
RG_SCORE round=700 layer=features.14 mean_q=0.060896 max_q=0.116241 fraction_q_positive=1.000000 sampling_entropy=5.525629 uniform_entropy=5.545177 entropy_gap=0.019548 max_probability_over_uniform=1.681628 min_probability_over_uniform=0.350729
RG_SCORE round=700 layer=features.17 mean_q=0.063282 max_q=0.116486 fraction_q_positive=1.000000 sampling_entropy=5.524812 uniform_entropy=5.545177 entropy_gap=0.020366 max_probability_over_uniform=1.630559 min_probability_over_uniform=0.552832
RG_SCORE round=700 layer=features.20 mean_q=0.057086 max_q=0.085796 fraction_q_positive=1.000000 sampling_entropy=5.531884 uniform_entropy=5.545177 entropy_gap=0.013294 max_probability_over_uniform=1.377203 min_probability_over_uniform=0.621710
RG_SCORE round=700 layer=features.24 mean_q=0.100637 max_q=0.207687 fraction_q_positive=1.000000 sampling_entropy=6.218469 uniform_entropy=6.238325 entropy_gap=0.019855 max_probability_over_uniform=1.797784 min_probability_over_uniform=0.495001
RG_SCORE round=700 layer=features.27 mean_q=0.136336 max_q=0.197662 fraction_q_positive=1.000000 sampling_entropy=6.230001 uniform_entropy=6.238325 entropy_gap=0.008324 max_probability_over_uniform=1.337365 min_probability_over_uniform=0.481239
RG_SCORE round=700 layer=features.30 mean_q=0.124675 max_q=0.180824 fraction_q_positive=1.000000 sampling_entropy=6.231517 uniform_entropy=6.238325 entropy_gap=0.006807 max_probability_over_uniform=1.337772 min_probability_over_uniform=0.681535
RG_SCORE round=700 layer=features.34 mean_q=0.292070 max_q=0.421056 fraction_q_positive=1.000000 sampling_entropy=6.230152 uniform_entropy=6.238325 entropy_gap=0.008173 max_probability_over_uniform=1.331222 min_probability_over_uniform=0.282014
RG_SCORE round=700 layer=features.37 mean_q=0.279768 max_q=0.401848 fraction_q_positive=1.000000 sampling_entropy=6.230483 uniform_entropy=6.238325 entropy_gap=0.007841 max_probability_over_uniform=1.327270 min_probability_over_uniform=0.433862
RG_SCORE round=700 layer=features.40 mean_q=0.232374 max_q=0.400634 fraction_q_positive=1.000000 sampling_entropy=6.214382 uniform_entropy=6.238325 entropy_gap=0.023942 max_probability_over_uniform=1.543070 min_probability_over_uniform=0.353426
ROUND_ACCURACY method=FedPhoenixRG round=700 accuracy=79.320000
********************************************************************************
Round 700
ROUND_ACCURACY method=FedPhoenixRG round=701 accuracy=80.129997
********************************************************************************
Round 701
ROUND_ACCURACY method=FedPhoenixRG round=702 accuracy=71.349998
********************************************************************************
Round 702
ROUND_ACCURACY method=FedPhoenixRG round=703 accuracy=77.980003
********************************************************************************
Round 703
ROUND_ACCURACY method=FedPhoenixRG round=704 accuracy=82.220001
********************************************************************************
Round 704
ROUND_ACCURACY method=FedPhoenixRG round=705 accuracy=80.320000
********************************************************************************
Round 705
ROUND_ACCURACY method=FedPhoenixRG round=706 accuracy=82.480003
********************************************************************************
Round 706
ROUND_ACCURACY method=FedPhoenixRG round=707 accuracy=81.599998
********************************************************************************
Round 707
ROUND_ACCURACY method=FedPhoenixRG round=708 accuracy=81.980003
********************************************************************************
Round 708
ROUND_ACCURACY method=FedPhoenixRG round=709 accuracy=78.669998
********************************************************************************
Round 709
ROUND_ACCURACY method=FedPhoenixRG round=710 accuracy=80.820000
********************************************************************************
Round 710
ROUND_ACCURACY method=FedPhoenixRG round=711 accuracy=78.199997
********************************************************************************
Round 711
ROUND_ACCURACY method=FedPhoenixRG round=712 accuracy=73.940002
********************************************************************************
Round 712
ROUND_ACCURACY method=FedPhoenixRG round=713 accuracy=78.510002
********************************************************************************
Round 713
ROUND_ACCURACY method=FedPhoenixRG round=714 accuracy=78.349998
********************************************************************************
Round 714
ROUND_ACCURACY method=FedPhoenixRG round=715 accuracy=76.480003
********************************************************************************
Round 715
ROUND_ACCURACY method=FedPhoenixRG round=716 accuracy=78.980003
********************************************************************************
Round 716
ROUND_ACCURACY method=FedPhoenixRG round=717 accuracy=78.470001
********************************************************************************
Round 717
ROUND_ACCURACY method=FedPhoenixRG round=718 accuracy=79.080002
********************************************************************************
Round 718
ROUND_ACCURACY method=FedPhoenixRG round=719 accuracy=81.500000
********************************************************************************
Round 719
RG_SCORE round=720 layer=features.0 mean_q=0.072904 max_q=0.223499 fraction_q_positive=0.781250 sampling_entropy=3.936108 uniform_entropy=4.158883 entropy_gap=0.222776 max_probability_over_uniform=2.549244 min_probability_over_uniform=0.250000
RG_SCORE round=720 layer=features.3 mean_q=0.043829 max_q=0.093343 fraction_q_positive=0.953125 sampling_entropy=4.071374 uniform_entropy=4.158883 entropy_gap=0.087509 max_probability_over_uniform=1.847291 min_probability_over_uniform=0.250000
RG_SCORE round=720 layer=features.7 mean_q=0.043963 max_q=0.117687 fraction_q_positive=0.992188 sampling_entropy=4.801503 uniform_entropy=4.852030 entropy_gap=0.050528 max_probability_over_uniform=2.257703 min_probability_over_uniform=0.250000
RG_SCORE round=720 layer=features.10 mean_q=0.045786 max_q=0.083875 fraction_q_positive=1.000000 sampling_entropy=4.832490 uniform_entropy=4.852030 entropy_gap=0.019540 max_probability_over_uniform=1.623916 min_probability_over_uniform=0.517274
RG_SCORE round=720 layer=features.14 mean_q=0.052435 max_q=0.109183 fraction_q_positive=1.000000 sampling_entropy=5.520091 uniform_entropy=5.545177 entropy_gap=0.025086 max_probability_over_uniform=1.811680 min_probability_over_uniform=0.418168
RG_SCORE round=720 layer=features.17 mean_q=0.051471 max_q=0.097496 fraction_q_positive=1.000000 sampling_entropy=5.525950 uniform_entropy=5.545177 entropy_gap=0.019228 max_probability_over_uniform=1.670631 min_probability_over_uniform=0.533222
RG_SCORE round=720 layer=features.20 mean_q=0.043906 max_q=0.092267 fraction_q_positive=1.000000 sampling_entropy=5.522648 uniform_entropy=5.545177 entropy_gap=0.022529 max_probability_over_uniform=1.826093 min_probability_over_uniform=0.442482
RG_SCORE round=720 layer=features.24 mean_q=0.071570 max_q=0.169948 fraction_q_positive=0.994141 sampling_entropy=6.206117 uniform_entropy=6.238325 entropy_gap=0.032207 max_probability_over_uniform=2.030923 min_probability_over_uniform=0.250000
RG_SCORE round=720 layer=features.27 mean_q=0.098649 max_q=0.163116 fraction_q_positive=1.000000 sampling_entropy=6.222686 uniform_entropy=6.238325 entropy_gap=0.015639 max_probability_over_uniform=1.490127 min_probability_over_uniform=0.333552
RG_SCORE round=720 layer=features.30 mean_q=0.074793 max_q=0.155995 fraction_q_positive=0.984375 sampling_entropy=6.197530 uniform_entropy=6.238325 entropy_gap=0.040795 max_probability_over_uniform=1.814262 min_probability_over_uniform=0.250000
RG_SCORE round=720 layer=features.34 mean_q=0.166246 max_q=0.328548 fraction_q_positive=0.953125 sampling_entropy=6.161854 uniform_entropy=6.238325 entropy_gap=0.076470 max_probability_over_uniform=1.732209 min_probability_over_uniform=0.250000
RG_SCORE round=720 layer=features.37 mean_q=0.119936 max_q=0.310356 fraction_q_positive=0.933594 sampling_entropy=6.135137 uniform_entropy=6.238325 entropy_gap=0.103188 max_probability_over_uniform=2.190761 min_probability_over_uniform=0.250000
RG_SCORE round=720 layer=features.40 mean_q=0.074144 max_q=0.338091 fraction_q_positive=0.744141 sampling_entropy=5.984948 uniform_entropy=6.238325 entropy_gap=0.253376 max_probability_over_uniform=3.669956 min_probability_over_uniform=0.250000
ROUND_ACCURACY method=FedPhoenixRG round=720 accuracy=79.129997
********************************************************************************
Round 720
ROUND_ACCURACY method=FedPhoenixRG round=721 accuracy=78.910004
********************************************************************************
Round 721
ROUND_ACCURACY method=FedPhoenixRG round=722 accuracy=75.220001
********************************************************************************
Round 722
ROUND_ACCURACY method=FedPhoenixRG round=723 accuracy=79.580002
********************************************************************************
Round 723
ROUND_ACCURACY method=FedPhoenixRG round=724 accuracy=76.900002
********************************************************************************
Round 724
ROUND_ACCURACY method=FedPhoenixRG round=725 accuracy=73.269997
********************************************************************************
Round 725
ROUND_ACCURACY method=FedPhoenixRG round=726 accuracy=71.839996
********************************************************************************
Round 726
ROUND_ACCURACY method=FedPhoenixRG round=727 accuracy=80.360001
********************************************************************************
Round 727
ROUND_ACCURACY method=FedPhoenixRG round=728 accuracy=80.400002
********************************************************************************
Round 728
ROUND_ACCURACY method=FedPhoenixRG round=729 accuracy=72.900002
********************************************************************************
Round 729
ROUND_ACCURACY method=FedPhoenixRG round=730 accuracy=69.419998
********************************************************************************
Round 730
ROUND_ACCURACY method=FedPhoenixRG round=731 accuracy=68.849998
********************************************************************************
Round 731
ROUND_ACCURACY method=FedPhoenixRG round=732 accuracy=76.919998
********************************************************************************
Round 732
ROUND_ACCURACY method=FedPhoenixRG round=733 accuracy=70.449997
********************************************************************************
Round 733
ROUND_ACCURACY method=FedPhoenixRG round=734 accuracy=78.190002
********************************************************************************
Round 734
ROUND_ACCURACY method=FedPhoenixRG round=735 accuracy=78.190002
********************************************************************************
Round 735
ROUND_ACCURACY method=FedPhoenixRG round=736 accuracy=78.589996
********************************************************************************
Round 736
ROUND_ACCURACY method=FedPhoenixRG round=737 accuracy=77.809998
********************************************************************************
Round 737
ROUND_ACCURACY method=FedPhoenixRG round=738 accuracy=74.430000
********************************************************************************
Round 738
ROUND_ACCURACY method=FedPhoenixRG round=739 accuracy=81.099998
********************************************************************************
Round 739
RG_SCORE round=740 layer=features.0 mean_q=0.054196 max_q=0.233390 fraction_q_positive=0.718750 sampling_entropy=3.882941 uniform_entropy=4.158883 entropy_gap=0.275942 max_probability_over_uniform=3.479807 min_probability_over_uniform=0.250000
RG_SCORE round=740 layer=features.3 mean_q=0.049166 max_q=0.105261 fraction_q_positive=0.984375 sampling_entropy=4.108004 uniform_entropy=4.158883 entropy_gap=0.050879 max_probability_over_uniform=1.855701 min_probability_over_uniform=0.250000
RG_SCORE round=740 layer=features.7 mean_q=0.055582 max_q=0.114941 fraction_q_positive=1.000000 sampling_entropy=4.820959 uniform_entropy=4.852030 entropy_gap=0.031071 max_probability_over_uniform=1.800978 min_probability_over_uniform=0.286415
RG_SCORE round=740 layer=features.10 mean_q=0.053318 max_q=0.092533 fraction_q_positive=1.000000 sampling_entropy=4.839917 uniform_entropy=4.852030 entropy_gap=0.012113 max_probability_over_uniform=1.551630 min_probability_over_uniform=0.624971
RG_SCORE round=740 layer=features.14 mean_q=0.058741 max_q=0.117093 fraction_q_positive=1.000000 sampling_entropy=5.530533 uniform_entropy=5.545177 entropy_gap=0.014644 max_probability_over_uniform=1.745031 min_probability_over_uniform=0.586385
RG_SCORE round=740 layer=features.17 mean_q=0.056444 max_q=0.099683 fraction_q_positive=1.000000 sampling_entropy=5.529222 uniform_entropy=5.545177 entropy_gap=0.015955 max_probability_over_uniform=1.574528 min_probability_over_uniform=0.546465
RG_SCORE round=740 layer=features.20 mean_q=0.049242 max_q=0.082085 fraction_q_positive=1.000000 sampling_entropy=5.532031 uniform_entropy=5.545177 entropy_gap=0.013146 max_probability_over_uniform=1.500219 min_probability_over_uniform=0.606733
RG_SCORE round=740 layer=features.24 mean_q=0.082865 max_q=0.178282 fraction_q_positive=1.000000 sampling_entropy=6.219984 uniform_entropy=6.238325 entropy_gap=0.018341 max_probability_over_uniform=1.863602 min_probability_over_uniform=0.479780
RG_SCORE round=740 layer=features.27 mean_q=0.111305 max_q=0.163747 fraction_q_positive=1.000000 sampling_entropy=6.227394 uniform_entropy=6.238325 entropy_gap=0.010930 max_probability_over_uniform=1.353363 min_probability_over_uniform=0.599003
RG_SCORE round=740 layer=features.30 mean_q=0.089663 max_q=0.131406 fraction_q_positive=1.000000 sampling_entropy=6.229560 uniform_entropy=6.238325 entropy_gap=0.008765 max_probability_over_uniform=1.349171 min_probability_over_uniform=0.687593
RG_SCORE round=740 layer=features.34 mean_q=0.229157 max_q=0.320892 fraction_q_positive=1.000000 sampling_entropy=6.229114 uniform_entropy=6.238325 entropy_gap=0.009211 max_probability_over_uniform=1.300237 min_probability_over_uniform=0.304273
RG_SCORE round=740 layer=features.37 mean_q=0.215832 max_q=0.320180 fraction_q_positive=1.000000 sampling_entropy=6.228097 uniform_entropy=6.238325 entropy_gap=0.010228 max_probability_over_uniform=1.362603 min_probability_over_uniform=0.443296
RG_SCORE round=740 layer=features.40 mean_q=0.159138 max_q=0.338305 fraction_q_positive=1.000000 sampling_entropy=6.201022 uniform_entropy=6.238325 entropy_gap=0.037303 max_probability_over_uniform=1.844389 min_probability_over_uniform=0.272773
ROUND_ACCURACY method=FedPhoenixRG round=740 accuracy=54.700001
********************************************************************************
Round 740
ROUND_ACCURACY method=FedPhoenixRG round=741 accuracy=68.889999
********************************************************************************
Round 741
ROUND_ACCURACY method=FedPhoenixRG round=742 accuracy=64.440002
********************************************************************************
Round 742
ROUND_ACCURACY method=FedPhoenixRG round=743 accuracy=76.029999
********************************************************************************
Round 743
ROUND_ACCURACY method=FedPhoenixRG round=744 accuracy=82.040001
********************************************************************************
Round 744
ROUND_ACCURACY method=FedPhoenixRG round=745 accuracy=79.160004
********************************************************************************
Round 745
ROUND_ACCURACY method=FedPhoenixRG round=746 accuracy=73.519997
********************************************************************************
Round 746
ROUND_ACCURACY method=FedPhoenixRG round=747 accuracy=78.489998
********************************************************************************
Round 747
ROUND_ACCURACY method=FedPhoenixRG round=748 accuracy=79.480003
********************************************************************************
Round 748
ROUND_ACCURACY method=FedPhoenixRG round=749 accuracy=80.510002
********************************************************************************
Round 749
ROUND_ACCURACY method=FedPhoenixRG round=750 accuracy=81.750000
********************************************************************************
Round 750
ROUND_ACCURACY method=FedPhoenixRG round=751 accuracy=81.320000
********************************************************************************
Round 751
ROUND_ACCURACY method=FedPhoenixRG round=752 accuracy=78.190002
********************************************************************************
Round 752
ROUND_ACCURACY method=FedPhoenixRG round=753 accuracy=81.260002
********************************************************************************
Round 753
ROUND_ACCURACY method=FedPhoenixRG round=754 accuracy=78.309998
********************************************************************************
Round 754
ROUND_ACCURACY method=FedPhoenixRG round=755 accuracy=77.879997
********************************************************************************
Round 755
ROUND_ACCURACY method=FedPhoenixRG round=756 accuracy=81.680000
********************************************************************************
Round 756
ROUND_ACCURACY method=FedPhoenixRG round=757 accuracy=81.250000
********************************************************************************
Round 757
ROUND_ACCURACY method=FedPhoenixRG round=758 accuracy=80.379997
********************************************************************************
Round 758
ROUND_ACCURACY method=FedPhoenixRG round=759 accuracy=79.650002
********************************************************************************
Round 759
RG_SCORE round=760 layer=features.0 mean_q=0.109311 max_q=0.451012 fraction_q_positive=0.734375 sampling_entropy=3.895727 uniform_entropy=4.158883 entropy_gap=0.263156 max_probability_over_uniform=3.344466 min_probability_over_uniform=0.250000
RG_SCORE round=760 layer=features.3 mean_q=0.034683 max_q=0.157069 fraction_q_positive=0.656250 sampling_entropy=3.874659 uniform_entropy=4.158883 entropy_gap=0.284224 max_probability_over_uniform=3.646514 min_probability_over_uniform=0.250000
RG_SCORE round=760 layer=features.7 mean_q=0.044546 max_q=0.141465 fraction_q_positive=0.882812 sampling_entropy=4.716774 uniform_entropy=4.852030 entropy_gap=0.135256 max_probability_over_uniform=2.631792 min_probability_over_uniform=0.250000
RG_SCORE round=760 layer=features.10 mean_q=0.042505 max_q=0.092293 fraction_q_positive=0.937500 sampling_entropy=4.764467 uniform_entropy=4.852030 entropy_gap=0.087563 max_probability_over_uniform=1.878493 min_probability_over_uniform=0.250000
RG_SCORE round=760 layer=features.14 mean_q=0.042801 max_q=0.128965 fraction_q_positive=0.949219 sampling_entropy=5.450052 uniform_entropy=5.545177 entropy_gap=0.095125 max_probability_over_uniform=2.509867 min_probability_over_uniform=0.250000
RG_SCORE round=760 layer=features.17 mean_q=0.039962 max_q=0.114567 fraction_q_positive=0.929688 sampling_entropy=5.439917 uniform_entropy=5.545177 entropy_gap=0.105261 max_probability_over_uniform=2.400203 min_probability_over_uniform=0.250000
RG_SCORE round=760 layer=features.20 mean_q=0.034924 max_q=0.117390 fraction_q_positive=0.894531 sampling_entropy=5.414705 uniform_entropy=5.545177 entropy_gap=0.130472 max_probability_over_uniform=2.770987 min_probability_over_uniform=0.250000
RG_SCORE round=760 layer=features.24 mean_q=0.061047 max_q=0.197447 fraction_q_positive=0.884766 sampling_entropy=6.107019 uniform_entropy=6.238325 entropy_gap=0.131306 max_probability_over_uniform=2.675772 min_probability_over_uniform=0.250000
RG_SCORE round=760 layer=features.27 mean_q=0.088103 max_q=0.203850 fraction_q_positive=0.917969 sampling_entropy=6.140723 uniform_entropy=6.238325 entropy_gap=0.097602 max_probability_over_uniform=1.985324 min_probability_over_uniform=0.250000
RG_SCORE round=760 layer=features.30 mean_q=0.060588 max_q=0.189599 fraction_q_positive=0.857422 sampling_entropy=6.094820 uniform_entropy=6.238325 entropy_gap=0.143505 max_probability_over_uniform=2.596978 min_probability_over_uniform=0.250000
RG_SCORE round=760 layer=features.34 mean_q=0.164400 max_q=0.374574 fraction_q_positive=0.875000 sampling_entropy=6.119370 uniform_entropy=6.238325 entropy_gap=0.118954 max_probability_over_uniform=1.958825 min_probability_over_uniform=0.250000
RG_SCORE round=760 layer=features.37 mean_q=0.124552 max_q=0.321605 fraction_q_positive=0.884766 sampling_entropy=6.100295 uniform_entropy=6.238325 entropy_gap=0.138030 max_probability_over_uniform=2.186569 min_probability_over_uniform=0.250000
RG_SCORE round=760 layer=features.40 mean_q=0.085145 max_q=0.408844 fraction_q_positive=0.730469 sampling_entropy=5.966720 uniform_entropy=6.238325 entropy_gap=0.271605 max_probability_over_uniform=3.851321 min_probability_over_uniform=0.250000
ROUND_ACCURACY method=FedPhoenixRG round=760 accuracy=81.400002
********************************************************************************
Round 760
ROUND_ACCURACY method=FedPhoenixRG round=761 accuracy=82.300003
********************************************************************************
Round 761
ROUND_ACCURACY method=FedPhoenixRG round=762 accuracy=77.699997
********************************************************************************
Round 762
ROUND_ACCURACY method=FedPhoenixRG round=763 accuracy=79.519997
********************************************************************************
Round 763
ROUND_ACCURACY method=FedPhoenixRG round=764 accuracy=79.059998
********************************************************************************
Round 764
ROUND_ACCURACY method=FedPhoenixRG round=765 accuracy=80.769997
********************************************************************************
Round 765
ROUND_ACCURACY method=FedPhoenixRG round=766 accuracy=79.779999
********************************************************************************
Round 766
ROUND_ACCURACY method=FedPhoenixRG round=767 accuracy=81.580002
********************************************************************************
Round 767
ROUND_ACCURACY method=FedPhoenixRG round=768 accuracy=74.610001
********************************************************************************
Round 768
ROUND_ACCURACY method=FedPhoenixRG round=769 accuracy=79.129997
********************************************************************************
Round 769
ROUND_ACCURACY method=FedPhoenixRG round=770 accuracy=81.800003
********************************************************************************
Round 770
ROUND_ACCURACY method=FedPhoenixRG round=771 accuracy=82.300003
********************************************************************************
Round 771
ROUND_ACCURACY method=FedPhoenixRG round=772 accuracy=80.160004
********************************************************************************
Round 772
ROUND_ACCURACY method=FedPhoenixRG round=773 accuracy=77.540001
********************************************************************************
Round 773
ROUND_ACCURACY method=FedPhoenixRG round=774 accuracy=76.839996
********************************************************************************
Round 774
ROUND_ACCURACY method=FedPhoenixRG round=775 accuracy=78.250000
********************************************************************************
Round 775
ROUND_ACCURACY method=FedPhoenixRG round=776 accuracy=73.470001
********************************************************************************
Round 776
ROUND_ACCURACY method=FedPhoenixRG round=777 accuracy=81.559998
********************************************************************************
Round 777
ROUND_ACCURACY method=FedPhoenixRG round=778 accuracy=76.040001
********************************************************************************
Round 778
ROUND_ACCURACY method=FedPhoenixRG round=779 accuracy=66.220001
********************************************************************************
Round 779
RG_SCORE round=780 layer=features.0 mean_q=0.058680 max_q=0.306704 fraction_q_positive=0.593750 sampling_entropy=3.703772 uniform_entropy=4.158883 entropy_gap=0.455111 max_probability_over_uniform=4.170044 min_probability_over_uniform=0.250000
RG_SCORE round=780 layer=features.3 mean_q=0.042629 max_q=0.120304 fraction_q_positive=0.859375 sampling_entropy=4.014692 uniform_entropy=4.158883 entropy_gap=0.144191 max_probability_over_uniform=2.366606 min_probability_over_uniform=0.250000
RG_SCORE round=780 layer=features.7 mean_q=0.034972 max_q=0.136830 fraction_q_positive=0.898438 sampling_entropy=4.715286 uniform_entropy=4.852030 entropy_gap=0.136744 max_probability_over_uniform=3.184403 min_probability_over_uniform=0.250000
RG_SCORE round=780 layer=features.10 mean_q=0.032978 max_q=0.067553 fraction_q_positive=0.992188 sampling_entropy=4.808543 uniform_entropy=4.852030 entropy_gap=0.043487 max_probability_over_uniform=1.786299 min_probability_over_uniform=0.250000
RG_SCORE round=780 layer=features.14 mean_q=0.038940 max_q=0.084329 fraction_q_positive=0.996094 sampling_entropy=5.508298 uniform_entropy=5.545177 entropy_gap=0.036880 max_probability_over_uniform=1.874201 min_probability_over_uniform=0.250000
RG_SCORE round=780 layer=features.17 mean_q=0.037712 max_q=0.091001 fraction_q_positive=1.000000 sampling_entropy=5.509571 uniform_entropy=5.545177 entropy_gap=0.035607 max_probability_over_uniform=2.059791 min_probability_over_uniform=0.405984
RG_SCORE round=780 layer=features.20 mean_q=0.035623 max_q=0.075256 fraction_q_positive=0.996094 sampling_entropy=5.508358 uniform_entropy=5.545177 entropy_gap=0.036819 max_probability_over_uniform=1.834413 min_probability_over_uniform=0.250000
RG_SCORE round=780 layer=features.24 mean_q=0.068933 max_q=0.164252 fraction_q_positive=1.000000 sampling_entropy=6.211132 uniform_entropy=6.238325 entropy_gap=0.027193 max_probability_over_uniform=2.037078 min_probability_over_uniform=0.287826
RG_SCORE round=780 layer=features.27 mean_q=0.110168 max_q=0.167682 fraction_q_positive=0.998047 sampling_entropy=6.222687 uniform_entropy=6.238325 entropy_gap=0.015638 max_probability_over_uniform=1.391551 min_probability_over_uniform=0.250000
RG_SCORE round=780 layer=features.30 mean_q=0.080012 max_q=0.154666 fraction_q_positive=1.000000 sampling_entropy=6.215122 uniform_entropy=6.238325 entropy_gap=0.023203 max_probability_over_uniform=1.699765 min_probability_over_uniform=0.287487
RG_SCORE round=780 layer=features.34 mean_q=0.223042 max_q=0.341002 fraction_q_positive=1.000000 sampling_entropy=6.218177 uniform_entropy=6.238325 entropy_gap=0.020148 max_probability_over_uniform=1.396651 min_probability_over_uniform=0.312626
RG_SCORE round=780 layer=features.37 mean_q=0.220374 max_q=0.376763 fraction_q_positive=1.000000 sampling_entropy=6.220791 uniform_entropy=6.238325 entropy_gap=0.017534 max_probability_over_uniform=1.532241 min_probability_over_uniform=0.391135
RG_SCORE round=780 layer=features.40 mean_q=0.147250 max_q=0.349468 fraction_q_positive=0.990234 sampling_entropy=6.166600 uniform_entropy=6.238325 entropy_gap=0.071725 max_probability_over_uniform=2.029978 min_probability_over_uniform=0.250000
ROUND_ACCURACY method=FedPhoenixRG round=780 accuracy=79.360001
********************************************************************************
Round 780
ROUND_ACCURACY method=FedPhoenixRG round=781 accuracy=73.550003
********************************************************************************
Round 781
ROUND_ACCURACY method=FedPhoenixRG round=782 accuracy=81.129997
********************************************************************************
Round 782
ROUND_ACCURACY method=FedPhoenixRG round=783 accuracy=82.680000
********************************************************************************
Round 783
ROUND_ACCURACY method=FedPhoenixRG round=784 accuracy=76.870003
********************************************************************************
Round 784
ROUND_ACCURACY method=FedPhoenixRG round=785 accuracy=72.750000
********************************************************************************
Round 785
ROUND_ACCURACY method=FedPhoenixRG round=786 accuracy=72.599998
********************************************************************************
Round 786
ROUND_ACCURACY method=FedPhoenixRG round=787 accuracy=79.699997
********************************************************************************
Round 787
ROUND_ACCURACY method=FedPhoenixRG round=788 accuracy=82.540001
********************************************************************************
Round 788
ROUND_ACCURACY method=FedPhoenixRG round=789 accuracy=80.660004
********************************************************************************
Round 789
ROUND_ACCURACY method=FedPhoenixRG round=790 accuracy=80.169998
********************************************************************************
Round 790
ROUND_ACCURACY method=FedPhoenixRG round=791 accuracy=81.650002
********************************************************************************
Round 791
ROUND_ACCURACY method=FedPhoenixRG round=792 accuracy=80.379997
********************************************************************************
Round 792
ROUND_ACCURACY method=FedPhoenixRG round=793 accuracy=74.489998
********************************************************************************
Round 793
ROUND_ACCURACY method=FedPhoenixRG round=794 accuracy=80.089996
********************************************************************************
Round 794
ROUND_ACCURACY method=FedPhoenixRG round=795 accuracy=81.879997
********************************************************************************
Round 795
ROUND_ACCURACY method=FedPhoenixRG round=796 accuracy=79.820000
********************************************************************************
Round 796
ROUND_ACCURACY method=FedPhoenixRG round=797 accuracy=80.879997
********************************************************************************
Round 797
ROUND_ACCURACY method=FedPhoenixRG round=798 accuracy=81.599998
********************************************************************************
Round 798
ROUND_ACCURACY method=FedPhoenixRG round=799 accuracy=81.360001
********************************************************************************
Round 799
RG_SCORE round=800 layer=features.0 mean_q=0.073407 max_q=0.291835 fraction_q_positive=0.750000 sampling_entropy=3.913440 uniform_entropy=4.158883 entropy_gap=0.245443 max_probability_over_uniform=3.231699 min_probability_over_uniform=0.250000
RG_SCORE round=800 layer=features.3 mean_q=0.050472 max_q=0.113016 fraction_q_positive=1.000000 sampling_entropy=4.100821 uniform_entropy=4.158883 entropy_gap=0.058062 max_probability_over_uniform=1.929393 min_probability_over_uniform=0.403983
RG_SCORE round=800 layer=features.7 mean_q=0.054836 max_q=0.153574 fraction_q_positive=1.000000 sampling_entropy=4.813357 uniform_entropy=4.852030 entropy_gap=0.038674 max_probability_over_uniform=2.350433 min_probability_over_uniform=0.434057
RG_SCORE round=800 layer=features.10 mean_q=0.051386 max_q=0.086127 fraction_q_positive=1.000000 sampling_entropy=4.835885 uniform_entropy=4.852030 entropy_gap=0.016145 max_probability_over_uniform=1.507051 min_probability_over_uniform=0.558883
RG_SCORE round=800 layer=features.14 mean_q=0.055908 max_q=0.119227 fraction_q_positive=1.000000 sampling_entropy=5.524654 uniform_entropy=5.545177 entropy_gap=0.020524 max_probability_over_uniform=1.849427 min_probability_over_uniform=0.550192
RG_SCORE round=800 layer=features.17 mean_q=0.056862 max_q=0.112318 fraction_q_positive=1.000000 sampling_entropy=5.523727 uniform_entropy=5.545177 entropy_gap=0.021450 max_probability_over_uniform=1.731460 min_probability_over_uniform=0.602458
RG_SCORE round=800 layer=features.20 mean_q=0.048665 max_q=0.081573 fraction_q_positive=1.000000 sampling_entropy=5.531737 uniform_entropy=5.545177 entropy_gap=0.013440 max_probability_over_uniform=1.507151 min_probability_over_uniform=0.501345
RG_SCORE round=800 layer=features.24 mean_q=0.090126 max_q=0.190443 fraction_q_positive=1.000000 sampling_entropy=6.221716 uniform_entropy=6.238325 entropy_gap=0.016609 max_probability_over_uniform=1.834814 min_probability_over_uniform=0.589796
RG_SCORE round=800 layer=features.27 mean_q=0.136996 max_q=0.221813 fraction_q_positive=1.000000 sampling_entropy=6.229794 uniform_entropy=6.238325 entropy_gap=0.008530 max_probability_over_uniform=1.464343 min_probability_over_uniform=0.585497
RG_SCORE round=800 layer=features.30 mean_q=0.099869 max_q=0.154198 fraction_q_positive=1.000000 sampling_entropy=6.228272 uniform_entropy=6.238325 entropy_gap=0.010052 max_probability_over_uniform=1.407999 min_probability_over_uniform=0.610744
RG_SCORE round=800 layer=features.34 mean_q=0.243992 max_q=0.371668 fraction_q_positive=1.000000 sampling_entropy=6.216799 uniform_entropy=6.238325 entropy_gap=0.021526 max_probability_over_uniform=1.392457 min_probability_over_uniform=0.303628
RG_SCORE round=800 layer=features.37 mean_q=0.204360 max_q=0.389970 fraction_q_positive=1.000000 sampling_entropy=6.203247 uniform_entropy=6.238325 entropy_gap=0.035078 max_probability_over_uniform=1.681189 min_probability_over_uniform=0.250218
RG_SCORE round=800 layer=features.40 mean_q=0.122035 max_q=0.312074 fraction_q_positive=0.988281 sampling_entropy=6.157098 uniform_entropy=6.238325 entropy_gap=0.081227 max_probability_over_uniform=2.167938 min_probability_over_uniform=0.250000
ROUND_ACCURACY method=FedPhoenixRG round=800 accuracy=81.349998
********************************************************************************
Round 800
ROUND_ACCURACY method=FedPhoenixRG round=801 accuracy=80.760002
********************************************************************************
Round 801
ROUND_ACCURACY method=FedPhoenixRG round=802 accuracy=79.070000
********************************************************************************
Round 802
ROUND_ACCURACY method=FedPhoenixRG round=803 accuracy=82.330002
********************************************************************************
Round 803
ROUND_ACCURACY method=FedPhoenixRG round=804 accuracy=77.300003
********************************************************************************
Round 804
ROUND_ACCURACY method=FedPhoenixRG round=805 accuracy=72.169998
********************************************************************************
Round 805
ROUND_ACCURACY method=FedPhoenixRG round=806 accuracy=79.599998
********************************************************************************
Round 806
ROUND_ACCURACY method=FedPhoenixRG round=807 accuracy=80.470001
********************************************************************************
Round 807
ROUND_ACCURACY method=FedPhoenixRG round=808 accuracy=80.459999
********************************************************************************
Round 808
ROUND_ACCURACY method=FedPhoenixRG round=809 accuracy=79.540001
********************************************************************************
Round 809
ROUND_ACCURACY method=FedPhoenixRG round=810 accuracy=81.029999
********************************************************************************
Round 810
ROUND_ACCURACY method=FedPhoenixRG round=811 accuracy=79.730003
********************************************************************************
Round 811
ROUND_ACCURACY method=FedPhoenixRG round=812 accuracy=81.459999
********************************************************************************
Round 812
ROUND_ACCURACY method=FedPhoenixRG round=813 accuracy=81.809998
********************************************************************************
Round 813
ROUND_ACCURACY method=FedPhoenixRG round=814 accuracy=76.949997
********************************************************************************
Round 814
ROUND_ACCURACY method=FedPhoenixRG round=815 accuracy=81.309998
********************************************************************************
Round 815
ROUND_ACCURACY method=FedPhoenixRG round=816 accuracy=81.510002
********************************************************************************
Round 816
ROUND_ACCURACY method=FedPhoenixRG round=817 accuracy=81.040001
********************************************************************************
Round 817
ROUND_ACCURACY method=FedPhoenixRG round=818 accuracy=80.000000
********************************************************************************
Round 818
ROUND_ACCURACY method=FedPhoenixRG round=819 accuracy=81.470001
********************************************************************************
Round 819
RG_SCORE round=820 layer=features.0 mean_q=0.056106 max_q=0.361319 fraction_q_positive=0.718750 sampling_entropy=3.840220 uniform_entropy=4.158883 entropy_gap=0.318663 max_probability_over_uniform=5.079965 min_probability_over_uniform=0.250000
RG_SCORE round=820 layer=features.3 mean_q=0.048676 max_q=0.115388 fraction_q_positive=0.984375 sampling_entropy=4.105275 uniform_entropy=4.158883 entropy_gap=0.053608 max_probability_over_uniform=2.027887 min_probability_over_uniform=0.250000
RG_SCORE round=820 layer=features.7 mean_q=0.056945 max_q=0.182024 fraction_q_positive=1.000000 sampling_entropy=4.812163 uniform_entropy=4.852030 entropy_gap=0.039867 max_probability_over_uniform=2.647355 min_probability_over_uniform=0.393310
RG_SCORE round=820 layer=features.10 mean_q=0.052331 max_q=0.085990 fraction_q_positive=1.000000 sampling_entropy=4.834012 uniform_entropy=4.852030 entropy_gap=0.018018 max_probability_over_uniform=1.482383 min_probability_over_uniform=0.567185
RG_SCORE round=820 layer=features.14 mean_q=0.059075 max_q=0.118309 fraction_q_positive=1.000000 sampling_entropy=5.526339 uniform_entropy=5.545177 entropy_gap=0.018838 max_probability_over_uniform=1.752017 min_probability_over_uniform=0.605595
RG_SCORE round=820 layer=features.17 mean_q=0.054559 max_q=0.124451 fraction_q_positive=1.000000 sampling_entropy=5.523828 uniform_entropy=5.545177 entropy_gap=0.021350 max_probability_over_uniform=1.960762 min_probability_over_uniform=0.529958
RG_SCORE round=820 layer=features.20 mean_q=0.045493 max_q=0.079779 fraction_q_positive=1.000000 sampling_entropy=5.532271 uniform_entropy=5.545177 entropy_gap=0.012907 max_probability_over_uniform=1.565248 min_probability_over_uniform=0.605677
RG_SCORE round=820 layer=features.24 mean_q=0.085216 max_q=0.184704 fraction_q_positive=1.000000 sampling_entropy=6.220983 uniform_entropy=6.238325 entropy_gap=0.017342 max_probability_over_uniform=1.875621 min_probability_over_uniform=0.598035
RG_SCORE round=820 layer=features.27 mean_q=0.127805 max_q=0.207173 fraction_q_positive=1.000000 sampling_entropy=6.230276 uniform_entropy=6.238325 entropy_gap=0.008049 max_probability_over_uniform=1.465756 min_probability_over_uniform=0.615468
RG_SCORE round=820 layer=features.30 mean_q=0.096700 max_q=0.161387 fraction_q_positive=1.000000 sampling_entropy=6.229927 uniform_entropy=6.238325 entropy_gap=0.008397 max_probability_over_uniform=1.501707 min_probability_over_uniform=0.641583
RG_SCORE round=820 layer=features.34 mean_q=0.291445 max_q=0.391482 fraction_q_positive=1.000000 sampling_entropy=6.231241 uniform_entropy=6.238325 entropy_gap=0.007084 max_probability_over_uniform=1.257435 min_probability_over_uniform=0.496535
RG_SCORE round=820 layer=features.37 mean_q=0.303332 max_q=0.450480 fraction_q_positive=1.000000 sampling_entropy=6.231782 uniform_entropy=6.238325 entropy_gap=0.006543 max_probability_over_uniform=1.363828 min_probability_over_uniform=0.664746
RG_SCORE round=820 layer=features.40 mean_q=0.224287 max_q=0.382699 fraction_q_positive=1.000000 sampling_entropy=6.217018 uniform_entropy=6.238325 entropy_gap=0.021306 max_probability_over_uniform=1.529721 min_probability_over_uniform=0.487461
ROUND_ACCURACY method=FedPhoenixRG round=820 accuracy=82.040001
********************************************************************************
Round 820
ROUND_ACCURACY method=FedPhoenixRG round=821 accuracy=81.379997
********************************************************************************
Round 821
ROUND_ACCURACY method=FedPhoenixRG round=822 accuracy=81.290001
********************************************************************************
Round 822
ROUND_ACCURACY method=FedPhoenixRG round=823 accuracy=65.360001
********************************************************************************
Round 823
ROUND_ACCURACY method=FedPhoenixRG round=824 accuracy=62.619999
********************************************************************************
Round 824
ROUND_ACCURACY method=FedPhoenixRG round=825 accuracy=76.610001
********************************************************************************
Round 825
ROUND_ACCURACY method=FedPhoenixRG round=826 accuracy=74.879997
********************************************************************************
Round 826
ROUND_ACCURACY method=FedPhoenixRG round=827 accuracy=69.889999
********************************************************************************
Round 827
ROUND_ACCURACY method=FedPhoenixRG round=828 accuracy=64.370003
********************************************************************************
Round 828
ROUND_ACCURACY method=FedPhoenixRG round=829 accuracy=79.070000
********************************************************************************
Round 829
ROUND_ACCURACY method=FedPhoenixRG round=830 accuracy=67.849998
********************************************************************************
Round 830
ROUND_ACCURACY method=FedPhoenixRG round=831 accuracy=73.169998
********************************************************************************
Round 831
ROUND_ACCURACY method=FedPhoenixRG round=832 accuracy=80.989998
********************************************************************************
Round 832
ROUND_ACCURACY method=FedPhoenixRG round=833 accuracy=79.550003
********************************************************************************
Round 833
ROUND_ACCURACY method=FedPhoenixRG round=834 accuracy=81.510002
********************************************************************************
Round 834
ROUND_ACCURACY method=FedPhoenixRG round=835 accuracy=81.449997
********************************************************************************
Round 835
ROUND_ACCURACY method=FedPhoenixRG round=836 accuracy=81.040001
********************************************************************************
Round 836
ROUND_ACCURACY method=FedPhoenixRG round=837 accuracy=81.750000
********************************************************************************
Round 837
ROUND_ACCURACY method=FedPhoenixRG round=838 accuracy=82.029999
********************************************************************************
Round 838
ROUND_ACCURACY method=FedPhoenixRG round=839 accuracy=81.239998
********************************************************************************
Round 839
RG_SCORE round=840 layer=features.0 mean_q=0.038811 max_q=0.189938 fraction_q_positive=0.687500 sampling_entropy=3.819559 uniform_entropy=4.158883 entropy_gap=0.339325 max_probability_over_uniform=3.920466 min_probability_over_uniform=0.250000
RG_SCORE round=840 layer=features.3 mean_q=0.026480 max_q=0.061342 fraction_q_positive=1.000000 sampling_entropy=4.091682 uniform_entropy=4.158883 entropy_gap=0.067201 max_probability_over_uniform=1.987396 min_probability_over_uniform=0.360960
RG_SCORE round=840 layer=features.7 mean_q=0.032334 max_q=0.075420 fraction_q_positive=0.992188 sampling_entropy=4.798558 uniform_entropy=4.852030 entropy_gap=0.053472 max_probability_over_uniform=1.999376 min_probability_over_uniform=0.250000
RG_SCORE round=840 layer=features.10 mean_q=0.031350 max_q=0.056295 fraction_q_positive=1.000000 sampling_entropy=4.831592 uniform_entropy=4.852030 entropy_gap=0.020438 max_probability_over_uniform=1.596756 min_probability_over_uniform=0.576366
RG_SCORE round=840 layer=features.14 mean_q=0.035509 max_q=0.079379 fraction_q_positive=1.000000 sampling_entropy=5.520849 uniform_entropy=5.545177 entropy_gap=0.024328 max_probability_over_uniform=1.926596 min_probability_over_uniform=0.438351
RG_SCORE round=840 layer=features.17 mean_q=0.034710 max_q=0.073187 fraction_q_positive=1.000000 sampling_entropy=5.520298 uniform_entropy=5.545177 entropy_gap=0.024880 max_probability_over_uniform=1.831385 min_probability_over_uniform=0.531128
RG_SCORE round=840 layer=features.20 mean_q=0.029577 max_q=0.052467 fraction_q_positive=1.000000 sampling_entropy=5.524440 uniform_entropy=5.545177 entropy_gap=0.020738 max_probability_over_uniform=1.580445 min_probability_over_uniform=0.502133
RG_SCORE round=840 layer=features.24 mean_q=0.054686 max_q=0.147371 fraction_q_positive=1.000000 sampling_entropy=6.191796 uniform_entropy=6.238325 entropy_gap=0.046529 max_probability_over_uniform=2.271156 min_probability_over_uniform=0.376375
RG_SCORE round=840 layer=features.27 mean_q=0.081639 max_q=0.174225 fraction_q_positive=1.000000 sampling_entropy=6.200506 uniform_entropy=6.238325 entropy_gap=0.037819 max_probability_over_uniform=1.850578 min_probability_over_uniform=0.394362
RG_SCORE round=840 layer=features.30 mean_q=0.064499 max_q=0.136529 fraction_q_positive=1.000000 sampling_entropy=6.203960 uniform_entropy=6.238325 entropy_gap=0.034365 max_probability_over_uniform=1.837575 min_probability_over_uniform=0.409618
RG_SCORE round=840 layer=features.34 mean_q=0.188468 max_q=0.380027 fraction_q_positive=1.000000 sampling_entropy=6.187047 uniform_entropy=6.238325 entropy_gap=0.051278 max_probability_over_uniform=1.762296 min_probability_over_uniform=0.268565
RG_SCORE round=840 layer=features.37 mean_q=0.201770 max_q=0.465974 fraction_q_positive=1.000000 sampling_entropy=6.190630 uniform_entropy=6.238325 entropy_gap=0.047695 max_probability_over_uniform=1.982068 min_probability_over_uniform=0.260997
RG_SCORE round=840 layer=features.40 mean_q=0.112516 max_q=0.369776 fraction_q_positive=0.990234 sampling_entropy=6.172821 uniform_entropy=6.238325 entropy_gap=0.065504 max_probability_over_uniform=2.714824 min_probability_over_uniform=0.250000
ROUND_ACCURACY method=FedPhoenixRG round=840 accuracy=70.540001
********************************************************************************
Round 840
ROUND_ACCURACY method=FedPhoenixRG round=841 accuracy=78.529999
********************************************************************************
Round 841
ROUND_ACCURACY method=FedPhoenixRG round=842 accuracy=78.410004
********************************************************************************
Round 842
ROUND_ACCURACY method=FedPhoenixRG round=843 accuracy=81.779999
********************************************************************************
Round 843
ROUND_ACCURACY method=FedPhoenixRG round=844 accuracy=82.290001
********************************************************************************
Round 844
ROUND_ACCURACY method=FedPhoenixRG round=845 accuracy=79.760002
********************************************************************************
Round 845
ROUND_ACCURACY method=FedPhoenixRG round=846 accuracy=71.930000
********************************************************************************
Round 846
ROUND_ACCURACY method=FedPhoenixRG round=847 accuracy=72.309998
********************************************************************************
Round 847
ROUND_ACCURACY method=FedPhoenixRG round=848 accuracy=81.639999
********************************************************************************
Round 848
ROUND_ACCURACY method=FedPhoenixRG round=849 accuracy=81.610001
********************************************************************************
Round 849
ROUND_ACCURACY method=FedPhoenixRG round=850 accuracy=82.180000
********************************************************************************
Round 850
ROUND_ACCURACY method=FedPhoenixRG round=851 accuracy=80.389999
********************************************************************************
Round 851
ROUND_ACCURACY method=FedPhoenixRG round=852 accuracy=81.769997
********************************************************************************
Round 852
ROUND_ACCURACY method=FedPhoenixRG round=853 accuracy=79.930000
********************************************************************************
Round 853
ROUND_ACCURACY method=FedPhoenixRG round=854 accuracy=74.809998
********************************************************************************
Round 854
ROUND_ACCURACY method=FedPhoenixRG round=855 accuracy=74.550003
********************************************************************************
Round 855
ROUND_ACCURACY method=FedPhoenixRG round=856 accuracy=80.470001
********************************************************************************
Round 856
ROUND_ACCURACY method=FedPhoenixRG round=857 accuracy=80.809998
********************************************************************************
Round 857
ROUND_ACCURACY method=FedPhoenixRG round=858 accuracy=81.820000
********************************************************************************
Round 858
ROUND_ACCURACY method=FedPhoenixRG round=859 accuracy=81.269997
********************************************************************************
Round 859
RG_SCORE round=860 layer=features.0 mean_q=0.044141 max_q=0.182558 fraction_q_positive=0.687500 sampling_entropy=3.843821 uniform_entropy=4.158883 entropy_gap=0.315062 max_probability_over_uniform=3.351806 min_probability_over_uniform=0.250000
RG_SCORE round=860 layer=features.3 mean_q=0.039624 max_q=0.094187 fraction_q_positive=0.984375 sampling_entropy=4.101415 uniform_entropy=4.158883 entropy_gap=0.057468 max_probability_over_uniform=2.032761 min_probability_over_uniform=0.250000
RG_SCORE round=860 layer=features.7 mean_q=0.039116 max_q=0.091514 fraction_q_positive=1.000000 sampling_entropy=4.805122 uniform_entropy=4.852030 entropy_gap=0.046908 max_probability_over_uniform=2.004690 min_probability_over_uniform=0.388154
RG_SCORE round=860 layer=features.10 mean_q=0.037208 max_q=0.071977 fraction_q_positive=1.000000 sampling_entropy=4.827364 uniform_entropy=4.852030 entropy_gap=0.024666 max_probability_over_uniform=1.700849 min_probability_over_uniform=0.510675
RG_SCORE round=860 layer=features.14 mean_q=0.043306 max_q=0.084807 fraction_q_positive=1.000000 sampling_entropy=5.516895 uniform_entropy=5.545177 entropy_gap=0.028282 max_probability_over_uniform=1.718731 min_probability_over_uniform=0.509468
RG_SCORE round=860 layer=features.17 mean_q=0.041693 max_q=0.090008 fraction_q_positive=1.000000 sampling_entropy=5.516685 uniform_entropy=5.545177 entropy_gap=0.028493 max_probability_over_uniform=1.869138 min_probability_over_uniform=0.486102
RG_SCORE round=860 layer=features.20 mean_q=0.033302 max_q=0.077826 fraction_q_positive=1.000000 sampling_entropy=5.526794 uniform_entropy=5.545177 entropy_gap=0.018383 max_probability_over_uniform=2.002729 min_probability_over_uniform=0.608669
RG_SCORE round=860 layer=features.24 mean_q=0.068068 max_q=0.144929 fraction_q_positive=1.000000 sampling_entropy=6.214230 uniform_entropy=6.238325 entropy_gap=0.024094 max_probability_over_uniform=1.846885 min_probability_over_uniform=0.269200
RG_SCORE round=860 layer=features.27 mean_q=0.106116 max_q=0.168644 fraction_q_positive=1.000000 sampling_entropy=6.227320 uniform_entropy=6.238325 entropy_gap=0.011005 max_probability_over_uniform=1.441937 min_probability_over_uniform=0.546914
RG_SCORE round=860 layer=features.30 mean_q=0.078792 max_q=0.128815 fraction_q_positive=1.000000 sampling_entropy=6.225110 uniform_entropy=6.238325 entropy_gap=0.013215 max_probability_over_uniform=1.476162 min_probability_over_uniform=0.547934
RG_SCORE round=860 layer=features.34 mean_q=0.227467 max_q=0.331799 fraction_q_positive=1.000000 sampling_entropy=6.219680 uniform_entropy=6.238325 entropy_gap=0.018644 max_probability_over_uniform=1.344002 min_probability_over_uniform=0.378270
RG_SCORE round=860 layer=features.37 mean_q=0.234880 max_q=0.360311 fraction_q_positive=1.000000 sampling_entropy=6.225497 uniform_entropy=6.238325 entropy_gap=0.012828 max_probability_over_uniform=1.400517 min_probability_over_uniform=0.432780
RG_SCORE round=860 layer=features.40 mean_q=0.161232 max_q=0.354203 fraction_q_positive=0.994141 sampling_entropy=6.186877 uniform_entropy=6.238325 entropy_gap=0.051447 max_probability_over_uniform=1.897636 min_probability_over_uniform=0.250000
ROUND_ACCURACY method=FedPhoenixRG round=860 accuracy=78.110001
********************************************************************************
Round 860
ROUND_ACCURACY method=FedPhoenixRG round=861 accuracy=78.349998
********************************************************************************
Round 861
ROUND_ACCURACY method=FedPhoenixRG round=862 accuracy=80.760002
********************************************************************************
Round 862
ROUND_ACCURACY method=FedPhoenixRG round=863 accuracy=73.000000
********************************************************************************
Round 863
ROUND_ACCURACY method=FedPhoenixRG round=864 accuracy=75.050003
********************************************************************************
Round 864
ROUND_ACCURACY method=FedPhoenixRG round=865 accuracy=80.680000
********************************************************************************
Round 865
ROUND_ACCURACY method=FedPhoenixRG round=866 accuracy=74.370003
********************************************************************************
Round 866
ROUND_ACCURACY method=FedPhoenixRG round=867 accuracy=81.660004
********************************************************************************
Round 867
ROUND_ACCURACY method=FedPhoenixRG round=868 accuracy=73.750000
********************************************************************************
Round 868
ROUND_ACCURACY method=FedPhoenixRG round=869 accuracy=82.250000
********************************************************************************
Round 869
ROUND_ACCURACY method=FedPhoenixRG round=870 accuracy=81.720001
********************************************************************************
Round 870
ROUND_ACCURACY method=FedPhoenixRG round=871 accuracy=82.010002
********************************************************************************
Round 871
ROUND_ACCURACY method=FedPhoenixRG round=872 accuracy=81.239998
********************************************************************************
Round 872
ROUND_ACCURACY method=FedPhoenixRG round=873 accuracy=81.419998
********************************************************************************
Round 873
ROUND_ACCURACY method=FedPhoenixRG round=874 accuracy=80.629997
********************************************************************************
Round 874
ROUND_ACCURACY method=FedPhoenixRG round=875 accuracy=82.029999
********************************************************************************
Round 875
ROUND_ACCURACY method=FedPhoenixRG round=876 accuracy=82.419998
********************************************************************************
Round 876
ROUND_ACCURACY method=FedPhoenixRG round=877 accuracy=79.839996
********************************************************************************
Round 877
ROUND_ACCURACY method=FedPhoenixRG round=878 accuracy=77.290001
********************************************************************************
Round 878
ROUND_ACCURACY method=FedPhoenixRG round=879 accuracy=69.349998
********************************************************************************
Round 879
RG_SCORE round=880 layer=features.0 mean_q=0.034678 max_q=0.206454 fraction_q_positive=0.515625 sampling_entropy=3.725485 uniform_entropy=4.158883 entropy_gap=0.433398 max_probability_over_uniform=4.715128 min_probability_over_uniform=0.250000
RG_SCORE round=880 layer=features.3 mean_q=0.051422 max_q=0.107491 fraction_q_positive=0.984375 sampling_entropy=4.106189 uniform_entropy=4.158883 entropy_gap=0.052694 max_probability_over_uniform=1.817764 min_probability_over_uniform=0.250000
RG_SCORE round=880 layer=features.7 mean_q=0.049085 max_q=0.116402 fraction_q_positive=1.000000 sampling_entropy=4.808121 uniform_entropy=4.852030 entropy_gap=0.043909 max_probability_over_uniform=2.028582 min_probability_over_uniform=0.292089
RG_SCORE round=880 layer=features.10 mean_q=0.044162 max_q=0.076760 fraction_q_positive=1.000000 sampling_entropy=4.829554 uniform_entropy=4.852030 entropy_gap=0.022476 max_probability_over_uniform=1.553609 min_probability_over_uniform=0.541307
RG_SCORE round=880 layer=features.14 mean_q=0.051281 max_q=0.141418 fraction_q_positive=1.000000 sampling_entropy=5.524024 uniform_entropy=5.545177 entropy_gap=0.021153 max_probability_over_uniform=2.318269 min_probability_over_uniform=0.525139
RG_SCORE round=880 layer=features.17 mean_q=0.050726 max_q=0.096172 fraction_q_positive=1.000000 sampling_entropy=5.527754 uniform_entropy=5.545177 entropy_gap=0.017424 max_probability_over_uniform=1.671923 min_probability_over_uniform=0.584454
RG_SCORE round=880 layer=features.20 mean_q=0.044325 max_q=0.074227 fraction_q_positive=1.000000 sampling_entropy=5.531779 uniform_entropy=5.545177 entropy_gap=0.013398 max_probability_over_uniform=1.505947 min_probability_over_uniform=0.583937
RG_SCORE round=880 layer=features.24 mean_q=0.074856 max_q=0.181213 fraction_q_positive=1.000000 sampling_entropy=6.222445 uniform_entropy=6.238325 entropy_gap=0.015879 max_probability_over_uniform=2.065607 min_probability_over_uniform=0.608116
RG_SCORE round=880 layer=features.27 mean_q=0.112775 max_q=0.173785 fraction_q_positive=1.000000 sampling_entropy=6.229618 uniform_entropy=6.238325 entropy_gap=0.008707 max_probability_over_uniform=1.405747 min_probability_over_uniform=0.592424
RG_SCORE round=880 layer=features.30 mean_q=0.087282 max_q=0.129119 fraction_q_positive=1.000000 sampling_entropy=6.230949 uniform_entropy=6.238325 entropy_gap=0.007375 max_probability_over_uniform=1.359497 min_probability_over_uniform=0.643565
RG_SCORE round=880 layer=features.34 mean_q=0.257659 max_q=0.361854 fraction_q_positive=1.000000 sampling_entropy=6.230721 uniform_entropy=6.238325 entropy_gap=0.007604 max_probability_over_uniform=1.303295 min_probability_over_uniform=0.364237
RG_SCORE round=880 layer=features.37 mean_q=0.248698 max_q=0.341029 fraction_q_positive=1.000000 sampling_entropy=6.229619 uniform_entropy=6.238325 entropy_gap=0.008706 max_probability_over_uniform=1.278446 min_probability_over_uniform=0.424582
RG_SCORE round=880 layer=features.40 mean_q=0.178422 max_q=0.351096 fraction_q_positive=1.000000 sampling_entropy=6.209330 uniform_entropy=6.238325 entropy_gap=0.028994 max_probability_over_uniform=1.725838 min_probability_over_uniform=0.317903
ROUND_ACCURACY method=FedPhoenixRG round=880 accuracy=81.989998
********************************************************************************
Round 880
ROUND_ACCURACY method=FedPhoenixRG round=881 accuracy=80.769997
********************************************************************************
Round 881
ROUND_ACCURACY method=FedPhoenixRG round=882 accuracy=81.940002
********************************************************************************
Round 882
ROUND_ACCURACY method=FedPhoenixRG round=883 accuracy=81.550003
********************************************************************************
Round 883
ROUND_ACCURACY method=FedPhoenixRG round=884 accuracy=81.919998
********************************************************************************
Round 884
ROUND_ACCURACY method=FedPhoenixRG round=885 accuracy=81.050003
********************************************************************************
Round 885
ROUND_ACCURACY method=FedPhoenixRG round=886 accuracy=55.939999
********************************************************************************
Round 886
ROUND_ACCURACY method=FedPhoenixRG round=887 accuracy=54.779999
********************************************************************************
Round 887
ROUND_ACCURACY method=FedPhoenixRG round=888 accuracy=80.040001
********************************************************************************
Round 888
ROUND_ACCURACY method=FedPhoenixRG round=889 accuracy=81.889999
********************************************************************************
Round 889
ROUND_ACCURACY method=FedPhoenixRG round=890 accuracy=80.860001
********************************************************************************
Round 890
ROUND_ACCURACY method=FedPhoenixRG round=891 accuracy=81.480003
********************************************************************************
Round 891
ROUND_ACCURACY method=FedPhoenixRG round=892 accuracy=75.870003
********************************************************************************
Round 892
ROUND_ACCURACY method=FedPhoenixRG round=893 accuracy=80.900002
********************************************************************************
Round 893
ROUND_ACCURACY method=FedPhoenixRG round=894 accuracy=80.849998
********************************************************************************
Round 894
ROUND_ACCURACY method=FedPhoenixRG round=895 accuracy=72.980003
********************************************************************************
Round 895
ROUND_ACCURACY method=FedPhoenixRG round=896 accuracy=72.559998
********************************************************************************
Round 896
ROUND_ACCURACY method=FedPhoenixRG round=897 accuracy=71.970001
********************************************************************************
Round 897
ROUND_ACCURACY method=FedPhoenixRG round=898 accuracy=72.110001
********************************************************************************
Round 898
ROUND_ACCURACY method=FedPhoenixRG round=899 accuracy=77.910004
********************************************************************************
Round 899
RG_SCORE round=900 layer=features.0 mean_q=0.011903 max_q=0.067945 fraction_q_positive=0.593750 sampling_entropy=3.698691 uniform_entropy=4.158883 entropy_gap=0.460192 max_probability_over_uniform=4.530985 min_probability_over_uniform=0.250000
RG_SCORE round=900 layer=features.3 mean_q=0.004455 max_q=0.019896 fraction_q_positive=0.796875 sampling_entropy=3.873948 uniform_entropy=4.158883 entropy_gap=0.284936 max_probability_over_uniform=3.599186 min_probability_over_uniform=0.250000
RG_SCORE round=900 layer=features.7 mean_q=0.003868 max_q=0.012574 fraction_q_positive=0.804688 sampling_entropy=4.634505 uniform_entropy=4.852030 entropy_gap=0.217525 max_probability_over_uniform=2.687793 min_probability_over_uniform=0.250000
RG_SCORE round=900 layer=features.10 mean_q=0.004172 max_q=0.019307 fraction_q_positive=0.890625 sampling_entropy=4.678800 uniform_entropy=4.852030 entropy_gap=0.173230 max_probability_over_uniform=3.720636 min_probability_over_uniform=0.250000
RG_SCORE round=900 layer=features.14 mean_q=0.005086 max_q=0.046627 fraction_q_positive=0.914062 sampling_entropy=5.337961 uniform_entropy=5.545177 entropy_gap=0.207217 max_probability_over_uniform=7.125516 min_probability_over_uniform=0.250000
RG_SCORE round=900 layer=features.17 mean_q=0.005430 max_q=0.024801 fraction_q_positive=0.968750 sampling_entropy=5.423991 uniform_entropy=5.545177 entropy_gap=0.121186 max_probability_over_uniform=3.675345 min_probability_over_uniform=0.250000
RG_SCORE round=900 layer=features.20 mean_q=0.004728 max_q=0.021272 fraction_q_positive=0.937500 sampling_entropy=5.399172 uniform_entropy=5.545177 entropy_gap=0.146005 max_probability_over_uniform=3.624263 min_probability_over_uniform=0.250000
RG_SCORE round=900 layer=features.24 mean_q=0.011140 max_q=0.060439 fraction_q_positive=0.960938 sampling_entropy=6.039861 uniform_entropy=6.238325 entropy_gap=0.198464 max_probability_over_uniform=4.318944 min_probability_over_uniform=0.250000
RG_SCORE round=900 layer=features.27 mean_q=0.024843 max_q=0.134666 fraction_q_positive=1.000000 sampling_entropy=6.052574 uniform_entropy=6.238325 entropy_gap=0.185751 max_probability_over_uniform=4.315497 min_probability_over_uniform=0.259175
RG_SCORE round=900 layer=features.30 mean_q=0.017684 max_q=0.080332 fraction_q_positive=1.000000 sampling_entropy=6.051466 uniform_entropy=6.238325 entropy_gap=0.186859 max_probability_over_uniform=3.656892 min_probability_over_uniform=0.254918
RG_SCORE round=900 layer=features.34 mean_q=0.087901 max_q=0.323270 fraction_q_positive=1.000000 sampling_entropy=6.030830 uniform_entropy=6.238325 entropy_gap=0.207494 max_probability_over_uniform=3.008239 min_probability_over_uniform=0.250366
RG_SCORE round=900 layer=features.37 mean_q=0.113720 max_q=0.322699 fraction_q_positive=1.000000 sampling_entropy=6.126314 uniform_entropy=6.238325 entropy_gap=0.112011 max_probability_over_uniform=2.378256 min_probability_over_uniform=0.261655
RG_SCORE round=900 layer=features.40 mean_q=0.084082 max_q=0.261530 fraction_q_positive=0.990234 sampling_entropy=6.137163 uniform_entropy=6.238325 entropy_gap=0.101162 max_probability_over_uniform=2.582814 min_probability_over_uniform=0.250000
ROUND_ACCURACY method=FedPhoenixRG round=900 accuracy=70.629997
********************************************************************************
Round 900
ROUND_ACCURACY method=FedPhoenixRG round=901 accuracy=79.599998
********************************************************************************
Round 901
ROUND_ACCURACY method=FedPhoenixRG round=902 accuracy=81.379997
********************************************************************************
Round 902
ROUND_ACCURACY method=FedPhoenixRG round=903 accuracy=80.949997
********************************************************************************
Round 903
ROUND_ACCURACY method=FedPhoenixRG round=904 accuracy=81.120003
********************************************************************************
Round 904
ROUND_ACCURACY method=FedPhoenixRG round=905 accuracy=81.949997
********************************************************************************
Round 905
ROUND_ACCURACY method=FedPhoenixRG round=906 accuracy=81.139999
********************************************************************************
Round 906
ROUND_ACCURACY method=FedPhoenixRG round=907 accuracy=81.739998
********************************************************************************
Round 907
ROUND_ACCURACY method=FedPhoenixRG round=908 accuracy=80.730003
********************************************************************************
Round 908
ROUND_ACCURACY method=FedPhoenixRG round=909 accuracy=80.349998
********************************************************************************
Round 909
ROUND_ACCURACY method=FedPhoenixRG round=910 accuracy=80.959999
********************************************************************************
Round 910
ROUND_ACCURACY method=FedPhoenixRG round=911 accuracy=80.980003
********************************************************************************
Round 911
ROUND_ACCURACY method=FedPhoenixRG round=912 accuracy=81.860001
********************************************************************************
Round 912
ROUND_ACCURACY method=FedPhoenixRG round=913 accuracy=80.680000
********************************************************************************
Round 913
ROUND_ACCURACY method=FedPhoenixRG round=914 accuracy=81.690002
********************************************************************************
Round 914
ROUND_ACCURACY method=FedPhoenixRG round=915 accuracy=82.370003
********************************************************************************
Round 915
ROUND_ACCURACY method=FedPhoenixRG round=916 accuracy=81.220001
********************************************************************************
Round 916
ROUND_ACCURACY method=FedPhoenixRG round=917 accuracy=81.919998
********************************************************************************
Round 917
ROUND_ACCURACY method=FedPhoenixRG round=918 accuracy=82.610001
********************************************************************************
Round 918
ROUND_ACCURACY method=FedPhoenixRG round=919 accuracy=81.410004
********************************************************************************
Round 919
RG_SCORE round=920 layer=features.0 mean_q=0.041744 max_q=0.226033 fraction_q_positive=0.656250 sampling_entropy=3.777829 uniform_entropy=4.158883 entropy_gap=0.381054 max_probability_over_uniform=4.311093 min_probability_over_uniform=0.250000
RG_SCORE round=920 layer=features.3 mean_q=0.036265 max_q=0.086993 fraction_q_positive=0.937500 sampling_entropy=4.062078 uniform_entropy=4.158883 entropy_gap=0.096805 max_probability_over_uniform=2.049082 min_probability_over_uniform=0.250000
RG_SCORE round=920 layer=features.7 mean_q=0.040096 max_q=0.097834 fraction_q_positive=1.000000 sampling_entropy=4.809383 uniform_entropy=4.852030 entropy_gap=0.042647 max_probability_over_uniform=2.079986 min_probability_over_uniform=0.395413
RG_SCORE round=920 layer=features.10 mean_q=0.037992 max_q=0.068360 fraction_q_positive=1.000000 sampling_entropy=4.831249 uniform_entropy=4.852030 entropy_gap=0.020781 max_probability_over_uniform=1.599510 min_probability_over_uniform=0.532396
RG_SCORE round=920 layer=features.14 mean_q=0.043748 max_q=0.124415 fraction_q_positive=1.000000 sampling_entropy=5.520892 uniform_entropy=5.545177 entropy_gap=0.024286 max_probability_over_uniform=2.382932 min_probability_over_uniform=0.420309
RG_SCORE round=920 layer=features.17 mean_q=0.041964 max_q=0.098740 fraction_q_positive=1.000000 sampling_entropy=5.518421 uniform_entropy=5.545177 entropy_gap=0.026757 max_probability_over_uniform=2.014726 min_probability_over_uniform=0.548872
RG_SCORE round=920 layer=features.20 mean_q=0.036573 max_q=0.070947 fraction_q_positive=1.000000 sampling_entropy=5.529475 uniform_entropy=5.545177 entropy_gap=0.015702 max_probability_over_uniform=1.704902 min_probability_over_uniform=0.595657
RG_SCORE round=920 layer=features.24 mean_q=0.071977 max_q=0.183625 fraction_q_positive=1.000000 sampling_entropy=6.211763 uniform_entropy=6.238325 entropy_gap=0.026562 max_probability_over_uniform=2.163375 min_probability_over_uniform=0.479429
RG_SCORE round=920 layer=features.27 mean_q=0.112324 max_q=0.188644 fraction_q_positive=1.000000 sampling_entropy=6.230434 uniform_entropy=6.238325 entropy_gap=0.007891 max_probability_over_uniform=1.509597 min_probability_over_uniform=0.682905
RG_SCORE round=920 layer=features.30 mean_q=0.086646 max_q=0.129158 fraction_q_positive=1.000000 sampling_entropy=6.227403 uniform_entropy=6.238325 entropy_gap=0.010921 max_probability_over_uniform=1.367975 min_probability_over_uniform=0.539619
RG_SCORE round=920 layer=features.34 mean_q=0.275259 max_q=0.394953 fraction_q_positive=0.996094 sampling_entropy=6.223759 uniform_entropy=6.238325 entropy_gap=0.014566 max_probability_over_uniform=1.326133 min_probability_over_uniform=0.250000
RG_SCORE round=920 layer=features.37 mean_q=0.321099 max_q=0.440090 fraction_q_positive=1.000000 sampling_entropy=6.228288 uniform_entropy=6.238325 entropy_gap=0.010036 max_probability_over_uniform=1.277930 min_probability_over_uniform=0.284874
RG_SCORE round=920 layer=features.40 mean_q=0.256146 max_q=0.436886 fraction_q_positive=0.994141 sampling_entropy=6.210761 uniform_entropy=6.238325 entropy_gap=0.027564 max_probability_over_uniform=1.529211 min_probability_over_uniform=0.250000
ROUND_ACCURACY method=FedPhoenixRG round=920 accuracy=75.220001
********************************************************************************
Round 920
ROUND_ACCURACY method=FedPhoenixRG round=921 accuracy=80.440002
********************************************************************************
Round 921
ROUND_ACCURACY method=FedPhoenixRG round=922 accuracy=77.309998
********************************************************************************
Round 922
ROUND_ACCURACY method=FedPhoenixRG round=923 accuracy=65.300003
********************************************************************************
Round 923
ROUND_ACCURACY method=FedPhoenixRG round=924 accuracy=60.230000
********************************************************************************
Round 924
ROUND_ACCURACY method=FedPhoenixRG round=925 accuracy=70.080002
********************************************************************************
Round 925
ROUND_ACCURACY method=FedPhoenixRG round=926 accuracy=75.010002
********************************************************************************
Round 926
ROUND_ACCURACY method=FedPhoenixRG round=927 accuracy=81.599998
********************************************************************************
Round 927
ROUND_ACCURACY method=FedPhoenixRG round=928 accuracy=81.500000
********************************************************************************
Round 928
ROUND_ACCURACY method=FedPhoenixRG round=929 accuracy=78.639999
********************************************************************************
Round 929
ROUND_ACCURACY method=FedPhoenixRG round=930 accuracy=81.830002
********************************************************************************
Round 930
ROUND_ACCURACY method=FedPhoenixRG round=931 accuracy=82.349998
********************************************************************************
Round 931
ROUND_ACCURACY method=FedPhoenixRG round=932 accuracy=82.220001
********************************************************************************
Round 932
ROUND_ACCURACY method=FedPhoenixRG round=933 accuracy=80.940002
********************************************************************************
Round 933
ROUND_ACCURACY method=FedPhoenixRG round=934 accuracy=77.320000
********************************************************************************
Round 934
ROUND_ACCURACY method=FedPhoenixRG round=935 accuracy=80.260002
********************************************************************************
Round 935
ROUND_ACCURACY method=FedPhoenixRG round=936 accuracy=80.250000
********************************************************************************
Round 936
ROUND_ACCURACY method=FedPhoenixRG round=937 accuracy=81.500000
********************************************************************************
Round 937
ROUND_ACCURACY method=FedPhoenixRG round=938 accuracy=82.080002
********************************************************************************
Round 938
ROUND_ACCURACY method=FedPhoenixRG round=939 accuracy=80.500000
********************************************************************************
Round 939
RG_SCORE round=940 layer=features.0 mean_q=0.057524 max_q=0.206076 fraction_q_positive=0.796875 sampling_entropy=3.962293 uniform_entropy=4.158883 entropy_gap=0.196590 max_probability_over_uniform=2.936846 min_probability_over_uniform=0.250000
RG_SCORE round=940 layer=features.3 mean_q=0.023959 max_q=0.095328 fraction_q_positive=0.765625 sampling_entropy=3.894732 uniform_entropy=4.158883 entropy_gap=0.264151 max_probability_over_uniform=3.234078 min_probability_over_uniform=0.250000
RG_SCORE round=940 layer=features.7 mean_q=0.013073 max_q=0.080161 fraction_q_positive=0.656250 sampling_entropy=4.508445 uniform_entropy=4.852030 entropy_gap=0.343585 max_probability_over_uniform=4.848794 min_probability_over_uniform=0.250000
RG_SCORE round=940 layer=features.10 mean_q=0.012214 max_q=0.037811 fraction_q_positive=0.851562 sampling_entropy=4.666323 uniform_entropy=4.852030 entropy_gap=0.185707 max_probability_over_uniform=2.571853 min_probability_over_uniform=0.250000
RG_SCORE round=940 layer=features.14 mean_q=0.014755 max_q=0.058551 fraction_q_positive=0.871094 sampling_entropy=5.365261 uniform_entropy=5.545177 entropy_gap=0.179916 max_probability_over_uniform=3.226116 min_probability_over_uniform=0.250000
RG_SCORE round=940 layer=features.17 mean_q=0.011961 max_q=0.067669 fraction_q_positive=0.832031 sampling_entropy=5.343460 uniform_entropy=5.545177 entropy_gap=0.201717 max_probability_over_uniform=4.493240 min_probability_over_uniform=0.250000
RG_SCORE round=940 layer=features.20 mean_q=0.010008 max_q=0.038444 fraction_q_positive=0.785156 sampling_entropy=5.319216 uniform_entropy=5.545177 entropy_gap=0.225961 max_probability_over_uniform=3.130950 min_probability_over_uniform=0.250000
RG_SCORE round=940 layer=features.24 mean_q=0.021635 max_q=0.083759 fraction_q_positive=0.818359 sampling_entropy=6.014453 uniform_entropy=6.238325 entropy_gap=0.223871 max_probability_over_uniform=3.153573 min_probability_over_uniform=0.250000
RG_SCORE round=940 layer=features.27 mean_q=0.033578 max_q=0.123443 fraction_q_positive=0.824219 sampling_entropy=6.019773 uniform_entropy=6.238325 entropy_gap=0.218551 max_probability_over_uniform=3.007194 min_probability_over_uniform=0.250000
RG_SCORE round=940 layer=features.30 mean_q=0.026053 max_q=0.102984 fraction_q_positive=0.773438 sampling_entropy=6.014643 uniform_entropy=6.238325 entropy_gap=0.223681 max_probability_over_uniform=3.214686 min_probability_over_uniform=0.250000
RG_SCORE round=940 layer=features.34 mean_q=0.082649 max_q=0.253233 fraction_q_positive=0.826172 sampling_entropy=6.024969 uniform_entropy=6.238325 entropy_gap=0.213356 max_probability_over_uniform=2.547980 min_probability_over_uniform=0.250000
RG_SCORE round=940 layer=features.37 mean_q=0.077899 max_q=0.237718 fraction_q_positive=0.892578 sampling_entropy=6.088967 uniform_entropy=6.238325 entropy_gap=0.149358 max_probability_over_uniform=2.538709 min_probability_over_uniform=0.250000
RG_SCORE round=940 layer=features.40 mean_q=0.043523 max_q=0.255842 fraction_q_positive=0.822266 sampling_entropy=6.038043 uniform_entropy=6.238325 entropy_gap=0.200281 max_probability_over_uniform=4.658741 min_probability_over_uniform=0.250000
ROUND_ACCURACY method=FedPhoenixRG round=940 accuracy=82.410004
********************************************************************************
Round 940
ROUND_ACCURACY method=FedPhoenixRG round=941 accuracy=81.769997
********************************************************************************
Round 941
ROUND_ACCURACY method=FedPhoenixRG round=942 accuracy=81.400002
********************************************************************************
Round 942
ROUND_ACCURACY method=FedPhoenixRG round=943 accuracy=82.150002
********************************************************************************
Round 943
ROUND_ACCURACY method=FedPhoenixRG round=944 accuracy=80.809998
********************************************************************************
Round 944
ROUND_ACCURACY method=FedPhoenixRG round=945 accuracy=82.290001
********************************************************************************
Round 945
ROUND_ACCURACY method=FedPhoenixRG round=946 accuracy=67.260002
********************************************************************************
Round 946
ROUND_ACCURACY method=FedPhoenixRG round=947 accuracy=78.139999
********************************************************************************
Round 947
ROUND_ACCURACY method=FedPhoenixRG round=948 accuracy=81.209999
********************************************************************************
Round 948
ROUND_ACCURACY method=FedPhoenixRG round=949 accuracy=81.529999
********************************************************************************
Round 949
ROUND_ACCURACY method=FedPhoenixRG round=950 accuracy=80.720001
********************************************************************************
Round 950
ROUND_ACCURACY method=FedPhoenixRG round=951 accuracy=82.419998
********************************************************************************
Round 951
ROUND_ACCURACY method=FedPhoenixRG round=952 accuracy=81.980003
********************************************************************************
Round 952
ROUND_ACCURACY method=FedPhoenixRG round=953 accuracy=82.190002
********************************************************************************
Round 953
ROUND_ACCURACY method=FedPhoenixRG round=954 accuracy=81.110001
********************************************************************************
Round 954
ROUND_ACCURACY method=FedPhoenixRG round=955 accuracy=81.000000
********************************************************************************
Round 955
ROUND_ACCURACY method=FedPhoenixRG round=956 accuracy=82.309998
********************************************************************************
Round 956
ROUND_ACCURACY method=FedPhoenixRG round=957 accuracy=81.089996
********************************************************************************
Round 957
ROUND_ACCURACY method=FedPhoenixRG round=958 accuracy=81.360001
********************************************************************************
Round 958
ROUND_ACCURACY method=FedPhoenixRG round=959 accuracy=81.989998
********************************************************************************
Round 959
RG_SCORE round=960 layer=features.0 mean_q=0.040800 max_q=0.228599 fraction_q_positive=0.625000 sampling_entropy=3.732777 uniform_entropy=4.158883 entropy_gap=0.426106 max_probability_over_uniform=4.452205 min_probability_over_uniform=0.250000
RG_SCORE round=960 layer=features.3 mean_q=0.036460 max_q=0.117067 fraction_q_positive=0.921875 sampling_entropy=4.023946 uniform_entropy=4.158883 entropy_gap=0.134938 max_probability_over_uniform=2.658090 min_probability_over_uniform=0.250000
RG_SCORE round=960 layer=features.7 mean_q=0.031534 max_q=0.075790 fraction_q_positive=0.960938 sampling_entropy=4.757067 uniform_entropy=4.852030 entropy_gap=0.094963 max_probability_over_uniform=2.052588 min_probability_over_uniform=0.250000
RG_SCORE round=960 layer=features.10 mean_q=0.027874 max_q=0.059204 fraction_q_positive=0.984375 sampling_entropy=4.799732 uniform_entropy=4.852030 entropy_gap=0.052298 max_probability_over_uniform=1.843000 min_probability_over_uniform=0.250000
RG_SCORE round=960 layer=features.14 mean_q=0.032477 max_q=0.091194 fraction_q_positive=0.996094 sampling_entropy=5.491486 uniform_entropy=5.545177 entropy_gap=0.053691 max_probability_over_uniform=2.355973 min_probability_over_uniform=0.250000
RG_SCORE round=960 layer=features.17 mean_q=0.031017 max_q=0.085829 fraction_q_positive=1.000000 sampling_entropy=5.494618 uniform_entropy=5.545177 entropy_gap=0.050560 max_probability_over_uniform=2.325350 min_probability_over_uniform=0.321716
RG_SCORE round=960 layer=features.20 mean_q=0.025517 max_q=0.061527 fraction_q_positive=1.000000 sampling_entropy=5.495704 uniform_entropy=5.545177 entropy_gap=0.049473 max_probability_over_uniform=2.058404 min_probability_over_uniform=0.371541
RG_SCORE round=960 layer=features.24 mean_q=0.044223 max_q=0.115237 fraction_q_positive=0.988281 sampling_entropy=6.165593 uniform_entropy=6.238325 entropy_gap=0.072731 max_probability_over_uniform=2.204366 min_probability_over_uniform=0.250000
RG_SCORE round=960 layer=features.27 mean_q=0.075478 max_q=0.175159 fraction_q_positive=1.000000 sampling_entropy=6.170352 uniform_entropy=6.238325 entropy_gap=0.067973 max_probability_over_uniform=1.990492 min_probability_over_uniform=0.272991
RG_SCORE round=960 layer=features.30 mean_q=0.057079 max_q=0.112775 fraction_q_positive=1.000000 sampling_entropy=6.185218 uniform_entropy=6.238325 entropy_gap=0.053106 max_probability_over_uniform=1.731831 min_probability_over_uniform=0.320340
RG_SCORE round=960 layer=features.34 mean_q=0.220686 max_q=0.386996 fraction_q_positive=0.992188 sampling_entropy=6.183744 uniform_entropy=6.238325 entropy_gap=0.054580 max_probability_over_uniform=1.565204 min_probability_over_uniform=0.250000
RG_SCORE round=960 layer=features.37 mean_q=0.271055 max_q=0.415415 fraction_q_positive=1.000000 sampling_entropy=6.213611 uniform_entropy=6.238325 entropy_gap=0.024714 max_probability_over_uniform=1.399437 min_probability_over_uniform=0.253735
RG_SCORE round=960 layer=features.40 mean_q=0.209830 max_q=0.476690 fraction_q_positive=0.998047 sampling_entropy=6.197329 uniform_entropy=6.238325 entropy_gap=0.040996 max_probability_over_uniform=1.953840 min_probability_over_uniform=0.250000
ROUND_ACCURACY method=FedPhoenixRG round=960 accuracy=79.970001
********************************************************************************
Round 960
ROUND_ACCURACY method=FedPhoenixRG round=961 accuracy=82.160004
********************************************************************************
Round 961
ROUND_ACCURACY method=FedPhoenixRG round=962 accuracy=82.070000
********************************************************************************
Round 962
ROUND_ACCURACY method=FedPhoenixRG round=963 accuracy=82.430000
********************************************************************************
Round 963
ROUND_ACCURACY method=FedPhoenixRG round=964 accuracy=82.389999
********************************************************************************
Round 964
ROUND_ACCURACY method=FedPhoenixRG round=965 accuracy=82.139999
********************************************************************************
Round 965
ROUND_ACCURACY method=FedPhoenixRG round=966 accuracy=81.180000
********************************************************************************
Round 966
ROUND_ACCURACY method=FedPhoenixRG round=967 accuracy=81.889999
********************************************************************************
Round 967
ROUND_ACCURACY method=FedPhoenixRG round=968 accuracy=82.250000
********************************************************************************
Round 968
ROUND_ACCURACY method=FedPhoenixRG round=969 accuracy=82.510002
********************************************************************************
Round 969
ROUND_ACCURACY method=FedPhoenixRG round=970 accuracy=82.669998
********************************************************************************
Round 970
ROUND_ACCURACY method=FedPhoenixRG round=971 accuracy=80.930000
********************************************************************************
Round 971
ROUND_ACCURACY method=FedPhoenixRG round=972 accuracy=81.820000
********************************************************************************
Round 972
ROUND_ACCURACY method=FedPhoenixRG round=973 accuracy=82.019997
********************************************************************************
Round 973
ROUND_ACCURACY method=FedPhoenixRG round=974 accuracy=82.080002
********************************************************************************
Round 974
ROUND_ACCURACY method=FedPhoenixRG round=975 accuracy=81.180000
********************************************************************************
Round 975
ROUND_ACCURACY method=FedPhoenixRG round=976 accuracy=81.910004
********************************************************************************
Round 976
ROUND_ACCURACY method=FedPhoenixRG round=977 accuracy=81.690002
********************************************************************************
Round 977
ROUND_ACCURACY method=FedPhoenixRG round=978 accuracy=80.059998
********************************************************************************
Round 978
ROUND_ACCURACY method=FedPhoenixRG round=979 accuracy=82.529999
********************************************************************************
Round 979
RG_SCORE round=980 layer=features.0 mean_q=0.059101 max_q=0.213530 fraction_q_positive=0.718750 sampling_entropy=3.909369 uniform_entropy=4.158883 entropy_gap=0.249514 max_probability_over_uniform=2.959746 min_probability_over_uniform=0.250000
RG_SCORE round=980 layer=features.3 mean_q=0.027058 max_q=0.071990 fraction_q_positive=0.953125 sampling_entropy=4.056646 uniform_entropy=4.158883 entropy_gap=0.102237 max_probability_over_uniform=2.245448 min_probability_over_uniform=0.250000
RG_SCORE round=980 layer=features.7 mean_q=0.029717 max_q=0.074363 fraction_q_positive=0.976562 sampling_entropy=4.787136 uniform_entropy=4.852030 entropy_gap=0.064894 max_probability_over_uniform=2.126768 min_probability_over_uniform=0.250000
RG_SCORE round=980 layer=features.10 mean_q=0.030378 max_q=0.053288 fraction_q_positive=1.000000 sampling_entropy=4.830242 uniform_entropy=4.852030 entropy_gap=0.021788 max_probability_over_uniform=1.565619 min_probability_over_uniform=0.458451
RG_SCORE round=980 layer=features.14 mean_q=0.034038 max_q=0.070862 fraction_q_positive=1.000000 sampling_entropy=5.507525 uniform_entropy=5.545177 entropy_gap=0.037652 max_probability_over_uniform=1.811380 min_probability_over_uniform=0.289022
RG_SCORE round=980 layer=features.17 mean_q=0.034688 max_q=0.085236 fraction_q_positive=1.000000 sampling_entropy=5.513249 uniform_entropy=5.545177 entropy_gap=0.031928 max_probability_over_uniform=2.092899 min_probability_over_uniform=0.491746
RG_SCORE round=980 layer=features.20 mean_q=0.030770 max_q=0.060080 fraction_q_positive=1.000000 sampling_entropy=5.514996 uniform_entropy=5.545177 entropy_gap=0.030181 max_probability_over_uniform=1.714384 min_probability_over_uniform=0.376370
RG_SCORE round=980 layer=features.24 mean_q=0.049317 max_q=0.114367 fraction_q_positive=1.000000 sampling_entropy=6.194300 uniform_entropy=6.238325 entropy_gap=0.044025 max_probability_over_uniform=1.989273 min_probability_over_uniform=0.294888
RG_SCORE round=980 layer=features.27 mean_q=0.065496 max_q=0.133819 fraction_q_positive=1.000000 sampling_entropy=6.203535 uniform_entropy=6.238325 entropy_gap=0.034790 max_probability_over_uniform=1.782386 min_probability_over_uniform=0.442690
RG_SCORE round=980 layer=features.30 mean_q=0.043846 max_q=0.102975 fraction_q_positive=1.000000 sampling_entropy=6.196370 uniform_entropy=6.238325 entropy_gap=0.041955 max_probability_over_uniform=2.011435 min_probability_over_uniform=0.359945
RG_SCORE round=980 layer=features.34 mean_q=0.130916 max_q=0.292864 fraction_q_positive=0.996094 sampling_entropy=6.166227 uniform_entropy=6.238325 entropy_gap=0.072098 max_probability_over_uniform=1.927782 min_probability_over_uniform=0.250000
RG_SCORE round=980 layer=features.37 mean_q=0.134378 max_q=0.342270 fraction_q_positive=1.000000 sampling_entropy=6.153176 uniform_entropy=6.238325 entropy_gap=0.085149 max_probability_over_uniform=2.160302 min_probability_over_uniform=0.255242
RG_SCORE round=980 layer=features.40 mean_q=0.079776 max_q=0.319635 fraction_q_positive=0.972656 sampling_entropy=6.079700 uniform_entropy=6.238325 entropy_gap=0.158625 max_probability_over_uniform=3.254980 min_probability_over_uniform=0.250000
ROUND_ACCURACY method=FedPhoenixRG round=980 accuracy=81.349998
********************************************************************************
Round 980
ROUND_ACCURACY method=FedPhoenixRG round=981 accuracy=81.680000
********************************************************************************
Round 981
ROUND_ACCURACY method=FedPhoenixRG round=982 accuracy=81.839996
********************************************************************************
Round 982
ROUND_ACCURACY method=FedPhoenixRG round=983 accuracy=82.580002
********************************************************************************
Round 983
ROUND_ACCURACY method=FedPhoenixRG round=984 accuracy=82.489998
********************************************************************************
Round 984
ROUND_ACCURACY method=FedPhoenixRG round=985 accuracy=82.559998
********************************************************************************
Round 985
ROUND_ACCURACY method=FedPhoenixRG round=986 accuracy=81.620003
********************************************************************************
Round 986
ROUND_ACCURACY method=FedPhoenixRG round=987 accuracy=82.750000
********************************************************************************
Round 987
ROUND_ACCURACY method=FedPhoenixRG round=988 accuracy=81.849998
********************************************************************************
Round 988
ROUND_ACCURACY method=FedPhoenixRG round=989 accuracy=82.690002
********************************************************************************
Round 989
ROUND_ACCURACY method=FedPhoenixRG round=990 accuracy=82.180000
********************************************************************************
Round 990
ROUND_ACCURACY method=FedPhoenixRG round=991 accuracy=82.949997
********************************************************************************
Round 991
ROUND_ACCURACY method=FedPhoenixRG round=992 accuracy=82.239998
********************************************************************************
Round 992
ROUND_ACCURACY method=FedPhoenixRG round=993 accuracy=82.349998
********************************************************************************
Round 993
ROUND_ACCURACY method=FedPhoenixRG round=994 accuracy=82.559998
********************************************************************************
Round 994
ROUND_ACCURACY method=FedPhoenixRG round=995 accuracy=82.120003
********************************************************************************
Round 995
ROUND_ACCURACY method=FedPhoenixRG round=996 accuracy=82.059998
********************************************************************************
Round 996
ROUND_ACCURACY method=FedPhoenixRG round=997 accuracy=82.760002
********************************************************************************
Round 997
ROUND_ACCURACY method=FedPhoenixRG round=998 accuracy=82.480003
********************************************************************************
Round 998
ROUND_ACCURACY method=FedPhoenixRG round=999 accuracy=82.440002
********************************************************************************
Round 999
RG_SCORE round=1000 layer=features.0 mean_q=0.052807 max_q=0.210367 fraction_q_positive=0.671875 sampling_entropy=3.863580 uniform_entropy=4.158883 entropy_gap=0.295303 max_probability_over_uniform=3.237792 min_probability_over_uniform=0.250000
RG_SCORE round=1000 layer=features.3 mean_q=0.019751 max_q=0.062613 fraction_q_positive=0.890625 sampling_entropy=3.990343 uniform_entropy=4.158883 entropy_gap=0.168540 max_probability_over_uniform=2.627593 min_probability_over_uniform=0.250000
RG_SCORE round=1000 layer=features.7 mean_q=0.020543 max_q=0.065957 fraction_q_positive=0.929688 sampling_entropy=4.738069 uniform_entropy=4.852030 entropy_gap=0.113962 max_probability_over_uniform=2.658029 min_probability_over_uniform=0.250000
RG_SCORE round=1000 layer=features.10 mean_q=0.017726 max_q=0.048646 fraction_q_positive=0.976562 sampling_entropy=4.780333 uniform_entropy=4.852030 entropy_gap=0.071697 max_probability_over_uniform=2.308193 min_probability_over_uniform=0.250000
RG_SCORE round=1000 layer=features.14 mean_q=0.023490 max_q=0.064520 fraction_q_positive=0.996094 sampling_entropy=5.485695 uniform_entropy=5.545177 entropy_gap=0.059483 max_probability_over_uniform=2.310043 min_probability_over_uniform=0.250000
RG_SCORE round=1000 layer=features.17 mean_q=0.023402 max_q=0.050614 fraction_q_positive=0.996094 sampling_entropy=5.502465 uniform_entropy=5.545177 entropy_gap=0.042713 max_probability_over_uniform=1.872069 min_probability_over_uniform=0.250000
RG_SCORE round=1000 layer=features.20 mean_q=0.020922 max_q=0.042700 fraction_q_positive=1.000000 sampling_entropy=5.504494 uniform_entropy=5.545177 entropy_gap=0.040683 max_probability_over_uniform=1.780700 min_probability_over_uniform=0.329407
RG_SCORE round=1000 layer=features.24 mean_q=0.038209 max_q=0.127344 fraction_q_positive=0.998047 sampling_entropy=6.192068 uniform_entropy=6.238325 entropy_gap=0.046256 max_probability_over_uniform=2.749598 min_probability_over_uniform=0.250000
RG_SCORE round=1000 layer=features.27 mean_q=0.065809 max_q=0.132540 fraction_q_positive=1.000000 sampling_entropy=6.204938 uniform_entropy=6.238325 entropy_gap=0.033386 max_probability_over_uniform=1.760513 min_probability_over_uniform=0.329228
RG_SCORE round=1000 layer=features.30 mean_q=0.049117 max_q=0.098936 fraction_q_positive=1.000000 sampling_entropy=6.214259 uniform_entropy=6.238325 entropy_gap=0.024066 max_probability_over_uniform=1.760719 min_probability_over_uniform=0.341508
RG_SCORE round=1000 layer=features.34 mean_q=0.168531 max_q=0.312146 fraction_q_positive=1.000000 sampling_entropy=6.208012 uniform_entropy=6.238325 entropy_gap=0.030312 max_probability_over_uniform=1.639120 min_probability_over_uniform=0.350757
RG_SCORE round=1000 layer=features.37 mean_q=0.188553 max_q=0.344283 fraction_q_positive=1.000000 sampling_entropy=6.222825 uniform_entropy=6.238325 entropy_gap=0.015499 max_probability_over_uniform=1.619444 min_probability_over_uniform=0.454174
RG_SCORE round=1000 layer=features.40 mean_q=0.139210 max_q=0.349110 fraction_q_positive=0.996094 sampling_entropy=6.184332 uniform_entropy=6.238325 entropy_gap=0.053993 max_probability_over_uniform=2.130850 min_probability_over_uniform=0.250000
ROUND_ACCURACY method=FedPhoenixRG round=1000 accuracy=82.970001
PEAK_ACCURACY method=FedPhoenixRG round=1000 accuracy=82.970001
Unified training metrics saved to C:\Users\admin\Desktop\need_do\new_paper_four\FedPhoenix-finish\results\training_metrics\cifar10_vgg_FedPhoenixRG_seed1_pilot1000_mix075_fp900.csv
