Client partition: 100 clients, min=30, max=1447, mean=500.00, std=220.72
Evaluation protocol: full server test set evaluated every round (10000 samples).
VGG16(
  (features): Sequential(
    (0): Conv2d(3, 64, kernel_size=(3, 3), stride=(1, 1), padding=(1, 1))
    (1): BatchNorm2d(64, eps=1e-05, momentum=0.1, affine=True, track_running_stats=True)
    (2): ReLU(inplace=True)
    (3): Conv2d(64, 64, kernel_size=(3, 3), stride=(1, 1), padding=(1, 1))
    (4): BatchNorm2d(64, eps=1e-05, momentum=0.1, affine=True, track_running_stats=True)
    (5): ReLU(inplace=True)
    (6): MaxPool2d(kernel_size=2, stride=2, padding=0, dilation=1, ceil_mode=False)
    (7): Conv2d(64, 128, kernel_size=(3, 3), stride=(1, 1), padding=(1, 1))
    (8): BatchNorm2d(128, eps=1e-05, momentum=0.1, affine=True, track_running_stats=True)
    (9): ReLU(inplace=True)
    (10): Conv2d(128, 128, kernel_size=(3, 3), stride=(1, 1), padding=(1, 1))
    (11): BatchNorm2d(128, eps=1e-05, momentum=0.1, affine=True, track_running_stats=True)
    (12): ReLU(inplace=True)
    (13): MaxPool2d(kernel_size=2, stride=2, padding=0, dilation=1, ceil_mode=False)
    (14): Conv2d(128, 256, kernel_size=(3, 3), stride=(1, 1), padding=(1, 1))
    (15): BatchNorm2d(256, eps=1e-05, momentum=0.1, affine=True, track_running_stats=True)
    (16): ReLU(inplace=True)
    (17): Conv2d(256, 256, kernel_size=(3, 3), stride=(1, 1), padding=(1, 1))
    (18): BatchNorm2d(256, eps=1e-05, momentum=0.1, affine=True, track_running_stats=True)
    (19): ReLU(inplace=True)
    (20): Conv2d(256, 256, kernel_size=(3, 3), stride=(1, 1), padding=(1, 1))
    (21): BatchNorm2d(256, eps=1e-05, momentum=0.1, affine=True, track_running_stats=True)
    (22): ReLU(inplace=True)
    (23): MaxPool2d(kernel_size=2, stride=2, padding=0, dilation=1, ceil_mode=False)
    (24): Conv2d(256, 512, kernel_size=(3, 3), stride=(1, 1), padding=(1, 1))
    (25): BatchNorm2d(512, eps=1e-05, momentum=0.1, affine=True, track_running_stats=True)
    (26): ReLU(inplace=True)
    (27): Conv2d(512, 512, kernel_size=(3, 3), stride=(1, 1), padding=(1, 1))
    (28): BatchNorm2d(512, eps=1e-05, momentum=0.1, affine=True, track_running_stats=True)
    (29): ReLU(inplace=True)
    (30): Conv2d(512, 512, kernel_size=(3, 3), stride=(1, 1), padding=(1, 1))
    (31): BatchNorm2d(512, eps=1e-05, momentum=0.1, affine=True, track_running_stats=True)
    (32): ReLU(inplace=True)
    (33): MaxPool2d(kernel_size=2, stride=2, padding=0, dilation=1, ceil_mode=False)
    (34): Conv2d(512, 512, kernel_size=(3, 3), stride=(1, 1), padding=(1, 1))
    (35): BatchNorm2d(512, eps=1e-05, momentum=0.1, affine=True, track_running_stats=True)
    (36): ReLU(inplace=True)
    (37): Conv2d(512, 512, kernel_size=(3, 3), stride=(1, 1), padding=(1, 1))
    (38): BatchNorm2d(512, eps=1e-05, momentum=0.1, affine=True, track_running_stats=True)
    (39): ReLU(inplace=True)
    (40): Conv2d(512, 512, kernel_size=(3, 3), stride=(1, 1), padding=(1, 1))
    (41): BatchNorm2d(512, eps=1e-05, momentum=0.1, affine=True, track_running_stats=True)
    (42): ReLU(inplace=True)
    (43): MaxPool2d(kernel_size=2, stride=2, padding=0, dilation=1, ceil_mode=False)
    (44): AdaptiveAvgPool2d(output_size=(1, 1))
  )
  (classifier): Sequential(
    (0): Linear(in_features=512, out_features=4096, bias=True)
    (1): ReLU(inplace=True)
    (2): Dropout(p=0.5, inplace=False)
    (3): Linear(in_features=4096, out_features=4096, bias=True)
    (4): ReLU(inplace=True)
    (5): Dropout(p=0.5, inplace=False)
  )
  (fc): Linear(in_features=4096, out_features=10, bias=True)
)
********************************************************************************
Round   0
ROUND_ACCURACY method=FedPhoenixRG-SIR round=1 accuracy=10.000000
********************************************************************************
Round   1
ROUND_ACCURACY method=FedPhoenixRG-SIR round=2 accuracy=13.230000
********************************************************************************
Round   2
ROUND_ACCURACY method=FedPhoenixRG-SIR round=3 accuracy=12.230000
********************************************************************************
Round   3
ROUND_ACCURACY method=FedPhoenixRG-SIR round=4 accuracy=16.290001
********************************************************************************
Round   4
ROUND_ACCURACY method=FedPhoenixRG-SIR round=5 accuracy=32.419998
********************************************************************************
Round   5
ROUND_ACCURACY method=FedPhoenixRG-SIR round=6 accuracy=17.620001
********************************************************************************
Round   6
ROUND_ACCURACY method=FedPhoenixRG-SIR round=7 accuracy=24.139999
********************************************************************************
Round   7
ROUND_ACCURACY method=FedPhoenixRG-SIR round=8 accuracy=23.680000
********************************************************************************
Round   8
ROUND_ACCURACY method=FedPhoenixRG-SIR round=9 accuracy=30.129999
********************************************************************************
Round   9
ROUND_ACCURACY method=FedPhoenixRG-SIR round=10 accuracy=29.730000
********************************************************************************
Round  10
ROUND_ACCURACY method=FedPhoenixRG-SIR round=11 accuracy=38.230000
********************************************************************************
Round  11
ROUND_ACCURACY method=FedPhoenixRG-SIR round=12 accuracy=36.910000
********************************************************************************
Round  12
ROUND_ACCURACY method=FedPhoenixRG-SIR round=13 accuracy=38.220001
********************************************************************************
Round  13
ROUND_ACCURACY method=FedPhoenixRG-SIR round=14 accuracy=46.650002
********************************************************************************
Round  14
ROUND_ACCURACY method=FedPhoenixRG-SIR round=15 accuracy=45.459999
********************************************************************************
Round  15
ROUND_ACCURACY method=FedPhoenixRG-SIR round=16 accuracy=46.720001
********************************************************************************
Round  16
ROUND_ACCURACY method=FedPhoenixRG-SIR round=17 accuracy=45.529999
********************************************************************************
Round  17
ROUND_ACCURACY method=FedPhoenixRG-SIR round=18 accuracy=35.709999
********************************************************************************
Round  18
ROUND_ACCURACY method=FedPhoenixRG-SIR round=19 accuracy=44.220001
********************************************************************************
Round  19
SIR_SCORE round=20 layer=features.0 rank_corr=0.920463 top_overlap=1.000000 spectrum_diff=0.000e+00
SIR_SCORE round=20 layer=features.3 rank_corr=0.980586 top_overlap=0.000000 spectrum_diff=0.000e+00
SIR_SCORE round=20 layer=features.7 rank_corr=0.983914 top_overlap=1.000000 spectrum_diff=0.000e+00
SIR_SCORE round=20 layer=features.10 rank_corr=0.990209 top_overlap=1.000000 spectrum_diff=0.000e+00
SIR_SCORE round=20 layer=features.14 rank_corr=0.991011 top_overlap=1.000000 spectrum_diff=0.000e+00
SIR_SCORE round=20 layer=features.17 rank_corr=0.987867 top_overlap=0.750000 spectrum_diff=0.000e+00
SIR_SCORE round=20 layer=features.20 rank_corr=0.993868 top_overlap=0.750000 spectrum_diff=0.000e+00
SIR_SCORE round=20 layer=features.24 rank_corr=0.989684 top_overlap=0.875000 spectrum_diff=0.000e+00
SIR_SCORE round=20 layer=features.27 rank_corr=0.993274 top_overlap=1.000000 spectrum_diff=0.000e+00
SIR_SCORE round=20 layer=features.30 rank_corr=0.993816 top_overlap=0.875000 spectrum_diff=0.000e+00
SIR_SCORE round=20 layer=features.34 rank_corr=0.987066 top_overlap=0.625000 spectrum_diff=0.000e+00
SIR_SCORE round=20 layer=features.37 rank_corr=0.988070 top_overlap=1.000000 spectrum_diff=0.000e+00
SIR_SCORE round=20 layer=features.40 rank_corr=0.993568 top_overlap=0.500000 spectrum_diff=0.000e+00
ROUND_ACCURACY method=FedPhoenixRG-SIR round=20 accuracy=45.060001
********************************************************************************
Round  20
ROUND_ACCURACY method=FedPhoenixRG-SIR round=21 accuracy=53.630001
********************************************************************************
Round  21
ROUND_ACCURACY method=FedPhoenixRG-SIR round=22 accuracy=55.540001
********************************************************************************
Round  22
ROUND_ACCURACY method=FedPhoenixRG-SIR round=23 accuracy=44.320000
********************************************************************************
Round  23
ROUND_ACCURACY method=FedPhoenixRG-SIR round=24 accuracy=51.020000
********************************************************************************
Round  24
ROUND_ACCURACY method=FedPhoenixRG-SIR round=25 accuracy=55.490002
********************************************************************************
Round  25
ROUND_ACCURACY method=FedPhoenixRG-SIR round=26 accuracy=50.520000
********************************************************************************
Round  26
ROUND_ACCURACY method=FedPhoenixRG-SIR round=27 accuracy=51.029999
********************************************************************************
Round  27
ROUND_ACCURACY method=FedPhoenixRG-SIR round=28 accuracy=50.770000
********************************************************************************
Round  28
ROUND_ACCURACY method=FedPhoenixRG-SIR round=29 accuracy=47.959999
********************************************************************************
Round  29
ROUND_ACCURACY method=FedPhoenixRG-SIR round=30 accuracy=55.689999
********************************************************************************
Round  30
ROUND_ACCURACY method=FedPhoenixRG-SIR round=31 accuracy=57.080002
********************************************************************************
Round  31
ROUND_ACCURACY method=FedPhoenixRG-SIR round=32 accuracy=59.330002
********************************************************************************
Round  32
ROUND_ACCURACY method=FedPhoenixRG-SIR round=33 accuracy=58.400002
********************************************************************************
Round  33
ROUND_ACCURACY method=FedPhoenixRG-SIR round=34 accuracy=65.750000
********************************************************************************
Round  34
ROUND_ACCURACY method=FedPhoenixRG-SIR round=35 accuracy=54.220001
********************************************************************************
Round  35
ROUND_ACCURACY method=FedPhoenixRG-SIR round=36 accuracy=51.570000
********************************************************************************
Round  36
ROUND_ACCURACY method=FedPhoenixRG-SIR round=37 accuracy=62.189999
********************************************************************************
Round  37
ROUND_ACCURACY method=FedPhoenixRG-SIR round=38 accuracy=58.290001
********************************************************************************
Round  38
ROUND_ACCURACY method=FedPhoenixRG-SIR round=39 accuracy=60.889999
********************************************************************************
Round  39
SIR_SCORE round=40 layer=features.0 rank_corr=0.978984 top_overlap=1.000000 spectrum_diff=0.000e+00
SIR_SCORE round=40 layer=features.3 rank_corr=0.992079 top_overlap=1.000000 spectrum_diff=0.000e+00
SIR_SCORE round=40 layer=features.7 rank_corr=0.989883 top_overlap=1.000000 spectrum_diff=0.000e+00
SIR_SCORE round=40 layer=features.10 rank_corr=0.995262 top_overlap=1.000000 spectrum_diff=0.000e+00
SIR_SCORE round=40 layer=features.14 rank_corr=0.994311 top_overlap=1.000000 spectrum_diff=0.000e+00
SIR_SCORE round=40 layer=features.17 rank_corr=0.994342 top_overlap=1.000000 spectrum_diff=0.000e+00
SIR_SCORE round=40 layer=features.20 rank_corr=0.995405 top_overlap=1.000000 spectrum_diff=0.000e+00
SIR_SCORE round=40 layer=features.24 rank_corr=0.982636 top_overlap=0.875000 spectrum_diff=0.000e+00
SIR_SCORE round=40 layer=features.27 rank_corr=0.972453 top_overlap=1.000000 spectrum_diff=0.000e+00
SIR_SCORE round=40 layer=features.30 rank_corr=0.969678 top_overlap=1.000000 spectrum_diff=0.000e+00
SIR_SCORE round=40 layer=features.34 rank_corr=0.953290 top_overlap=0.125000 spectrum_diff=0.000e+00
SIR_SCORE round=40 layer=features.37 rank_corr=0.969463 top_overlap=0.625000 spectrum_diff=0.000e+00
SIR_SCORE round=40 layer=features.40 rank_corr=0.905795 top_overlap=0.625000 spectrum_diff=0.000e+00
ROUND_ACCURACY method=FedPhoenixRG-SIR round=40 accuracy=66.160004
********************************************************************************
Round  40
ROUND_ACCURACY method=FedPhoenixRG-SIR round=41 accuracy=66.820000
********************************************************************************
Round  41
ROUND_ACCURACY method=FedPhoenixRG-SIR round=42 accuracy=58.779999
********************************************************************************
Round  42
ROUND_ACCURACY method=FedPhoenixRG-SIR round=43 accuracy=61.770000
********************************************************************************
Round  43
ROUND_ACCURACY method=FedPhoenixRG-SIR round=44 accuracy=61.500000
********************************************************************************
Round  44
ROUND_ACCURACY method=FedPhoenixRG-SIR round=45 accuracy=55.250000
********************************************************************************
Round  45
ROUND_ACCURACY method=FedPhoenixRG-SIR round=46 accuracy=66.760002
********************************************************************************
Round  46
ROUND_ACCURACY method=FedPhoenixRG-SIR round=47 accuracy=60.380001
********************************************************************************
Round  47
ROUND_ACCURACY method=FedPhoenixRG-SIR round=48 accuracy=58.759998
********************************************************************************
Round  48
ROUND_ACCURACY method=FedPhoenixRG-SIR round=49 accuracy=58.680000
********************************************************************************
Round  49
ROUND_ACCURACY method=FedPhoenixRG-SIR round=50 accuracy=62.520000
********************************************************************************
Round  50
ROUND_ACCURACY method=FedPhoenixRG-SIR round=51 accuracy=57.450001
********************************************************************************
Round  51
ROUND_ACCURACY method=FedPhoenixRG-SIR round=52 accuracy=65.519997
********************************************************************************
Round  52
ROUND_ACCURACY method=FedPhoenixRG-SIR round=53 accuracy=61.880001
********************************************************************************
Round  53
ROUND_ACCURACY method=FedPhoenixRG-SIR round=54 accuracy=51.040001
********************************************************************************
Round  54
ROUND_ACCURACY method=FedPhoenixRG-SIR round=55 accuracy=66.760002
********************************************************************************
Round  55
ROUND_ACCURACY method=FedPhoenixRG-SIR round=56 accuracy=66.019997
********************************************************************************
Round  56
ROUND_ACCURACY method=FedPhoenixRG-SIR round=57 accuracy=58.900002
********************************************************************************
Round  57
ROUND_ACCURACY method=FedPhoenixRG-SIR round=58 accuracy=48.150002
********************************************************************************
Round  58
ROUND_ACCURACY method=FedPhoenixRG-SIR round=59 accuracy=62.490002
********************************************************************************
Round  59
SIR_SCORE round=60 layer=features.0 rank_corr=0.966161 top_overlap=1.000000 spectrum_diff=0.000e+00
SIR_SCORE round=60 layer=features.3 rank_corr=0.966529 top_overlap=1.000000 spectrum_diff=0.000e+00
SIR_SCORE round=60 layer=features.7 rank_corr=0.970822 top_overlap=1.000000 spectrum_diff=0.000e+00
SIR_SCORE round=60 layer=features.10 rank_corr=0.975205 top_overlap=1.000000 spectrum_diff=0.000e+00
SIR_SCORE round=60 layer=features.14 rank_corr=0.973438 top_overlap=0.750000 spectrum_diff=0.000e+00
SIR_SCORE round=60 layer=features.17 rank_corr=0.983741 top_overlap=1.000000 spectrum_diff=0.000e+00
SIR_SCORE round=60 layer=features.20 rank_corr=0.983914 top_overlap=0.750000 spectrum_diff=0.000e+00
SIR_SCORE round=60 layer=features.24 rank_corr=0.984861 top_overlap=0.875000 spectrum_diff=0.000e+00
SIR_SCORE round=60 layer=features.27 rank_corr=0.979358 top_overlap=0.750000 spectrum_diff=0.000e+00
SIR_SCORE round=60 layer=features.30 rank_corr=0.981755 top_overlap=1.000000 spectrum_diff=0.000e+00
SIR_SCORE round=60 layer=features.34 rank_corr=0.976431 top_overlap=0.875000 spectrum_diff=0.000e+00
SIR_SCORE round=60 layer=features.37 rank_corr=0.979115 top_overlap=1.000000 spectrum_diff=0.000e+00
SIR_SCORE round=60 layer=features.40 rank_corr=0.986379 top_overlap=1.000000 spectrum_diff=0.000e+00
ROUND_ACCURACY method=FedPhoenixRG-SIR round=60 accuracy=65.660004
********************************************************************************
Round  60
ROUND_ACCURACY method=FedPhoenixRG-SIR round=61 accuracy=66.930000
********************************************************************************
Round  61
ROUND_ACCURACY method=FedPhoenixRG-SIR round=62 accuracy=64.300003
********************************************************************************
Round  62
ROUND_ACCURACY method=FedPhoenixRG-SIR round=63 accuracy=66.160004
********************************************************************************
Round  63
ROUND_ACCURACY method=FedPhoenixRG-SIR round=64 accuracy=65.070000
********************************************************************************
Round  64
ROUND_ACCURACY method=FedPhoenixRG-SIR round=65 accuracy=67.800003
********************************************************************************
Round  65
ROUND_ACCURACY method=FedPhoenixRG-SIR round=66 accuracy=66.440002
********************************************************************************
Round  66
ROUND_ACCURACY method=FedPhoenixRG-SIR round=67 accuracy=61.830002
********************************************************************************
Round  67
ROUND_ACCURACY method=FedPhoenixRG-SIR round=68 accuracy=57.619999
********************************************************************************
Round  68
ROUND_ACCURACY method=FedPhoenixRG-SIR round=69 accuracy=70.529999
********************************************************************************
Round  69
ROUND_ACCURACY method=FedPhoenixRG-SIR round=70 accuracy=64.830002
********************************************************************************
Round  70
ROUND_ACCURACY method=FedPhoenixRG-SIR round=71 accuracy=57.419998
********************************************************************************
Round  71
ROUND_ACCURACY method=FedPhoenixRG-SIR round=72 accuracy=63.340000
********************************************************************************
Round  72
ROUND_ACCURACY method=FedPhoenixRG-SIR round=73 accuracy=66.620003
********************************************************************************
Round  73
ROUND_ACCURACY method=FedPhoenixRG-SIR round=74 accuracy=68.309998
********************************************************************************
Round  74
ROUND_ACCURACY method=FedPhoenixRG-SIR round=75 accuracy=72.599998
********************************************************************************
Round  75
ROUND_ACCURACY method=FedPhoenixRG-SIR round=76 accuracy=63.599998
********************************************************************************
Round  76
ROUND_ACCURACY method=FedPhoenixRG-SIR round=77 accuracy=65.650002
********************************************************************************
Round  77
ROUND_ACCURACY method=FedPhoenixRG-SIR round=78 accuracy=65.349998
********************************************************************************
Round  78
ROUND_ACCURACY method=FedPhoenixRG-SIR round=79 accuracy=69.580002
********************************************************************************
Round  79
SIR_SCORE round=80 layer=features.3 rank_corr=0.986722 top_overlap=0.000000 spectrum_diff=0.000e+00
SIR_SCORE round=80 layer=features.7 rank_corr=0.982369 top_overlap=0.500000 spectrum_diff=0.000e+00
SIR_SCORE round=80 layer=features.10 rank_corr=0.992612 top_overlap=1.000000 spectrum_diff=0.000e+00
SIR_SCORE round=80 layer=features.14 rank_corr=0.993013 top_overlap=0.750000 spectrum_diff=0.000e+00
SIR_SCORE round=80 layer=features.17 rank_corr=0.996473 top_overlap=1.000000 spectrum_diff=0.000e+00
SIR_SCORE round=80 layer=features.20 rank_corr=0.994048 top_overlap=1.000000 spectrum_diff=0.000e+00
SIR_SCORE round=80 layer=features.24 rank_corr=0.993933 top_overlap=1.000000 spectrum_diff=0.000e+00
SIR_SCORE round=80 layer=features.27 rank_corr=0.995844 top_overlap=1.000000 spectrum_diff=0.000e+00
SIR_SCORE round=80 layer=features.30 rank_corr=0.995430 top_overlap=0.875000 spectrum_diff=0.000e+00
SIR_SCORE round=80 layer=features.34 rank_corr=0.987801 top_overlap=0.875000 spectrum_diff=0.000e+00
SIR_SCORE round=80 layer=features.37 rank_corr=0.989972 top_overlap=0.875000 spectrum_diff=0.000e+00
SIR_SCORE round=80 layer=features.40 rank_corr=0.996669 top_overlap=0.875000 spectrum_diff=0.000e+00
ROUND_ACCURACY method=FedPhoenixRG-SIR round=80 accuracy=66.839996
********************************************************************************
Round  80
ROUND_ACCURACY method=FedPhoenixRG-SIR round=81 accuracy=65.849998
********************************************************************************
Round  81
ROUND_ACCURACY method=FedPhoenixRG-SIR round=82 accuracy=66.180000
********************************************************************************
Round  82
ROUND_ACCURACY method=FedPhoenixRG-SIR round=83 accuracy=68.900002
********************************************************************************
Round  83
ROUND_ACCURACY method=FedPhoenixRG-SIR round=84 accuracy=66.959999
********************************************************************************
Round  84
ROUND_ACCURACY method=FedPhoenixRG-SIR round=85 accuracy=68.820000
********************************************************************************
Round  85
ROUND_ACCURACY method=FedPhoenixRG-SIR round=86 accuracy=67.389999
********************************************************************************
Round  86
ROUND_ACCURACY method=FedPhoenixRG-SIR round=87 accuracy=68.410004
********************************************************************************
Round  87
ROUND_ACCURACY method=FedPhoenixRG-SIR round=88 accuracy=69.910004
********************************************************************************
Round  88
ROUND_ACCURACY method=FedPhoenixRG-SIR round=89 accuracy=71.449997
********************************************************************************
Round  89
ROUND_ACCURACY method=FedPhoenixRG-SIR round=90 accuracy=67.930000
********************************************************************************
Round  90
ROUND_ACCURACY method=FedPhoenixRG-SIR round=91 accuracy=68.169998
********************************************************************************
Round  91
ROUND_ACCURACY method=FedPhoenixRG-SIR round=92 accuracy=71.360001
********************************************************************************
Round  92
ROUND_ACCURACY method=FedPhoenixRG-SIR round=93 accuracy=67.739998
********************************************************************************
Round  93
ROUND_ACCURACY method=FedPhoenixRG-SIR round=94 accuracy=68.010002
********************************************************************************
Round  94
ROUND_ACCURACY method=FedPhoenixRG-SIR round=95 accuracy=69.750000
********************************************************************************
Round  95
ROUND_ACCURACY method=FedPhoenixRG-SIR round=96 accuracy=69.129997
********************************************************************************
Round  96
ROUND_ACCURACY method=FedPhoenixRG-SIR round=97 accuracy=67.160004
********************************************************************************
Round  97
ROUND_ACCURACY method=FedPhoenixRG-SIR round=98 accuracy=66.800003
********************************************************************************
Round  98
ROUND_ACCURACY method=FedPhoenixRG-SIR round=99 accuracy=60.250000
********************************************************************************
Round  99
SIR_SCORE round=100 layer=features.3 rank_corr=0.967903 top_overlap=1.000000 spectrum_diff=0.000e+00
SIR_SCORE round=100 layer=features.7 rank_corr=0.962106 top_overlap=0.500000 spectrum_diff=0.000e+00
SIR_SCORE round=100 layer=features.10 rank_corr=0.964590 top_overlap=1.000000 spectrum_diff=0.000e+00
SIR_SCORE round=100 layer=features.14 rank_corr=0.967832 top_overlap=0.750000 spectrum_diff=0.000e+00
SIR_SCORE round=100 layer=features.17 rank_corr=0.982110 top_overlap=0.750000 spectrum_diff=0.000e+00
SIR_SCORE round=100 layer=features.20 rank_corr=0.982326 top_overlap=1.000000 spectrum_diff=0.000e+00
SIR_SCORE round=100 layer=features.24 rank_corr=0.987950 top_overlap=0.750000 spectrum_diff=0.000e+00
SIR_SCORE round=100 layer=features.27 rank_corr=0.990097 top_overlap=0.875000 spectrum_diff=0.000e+00
SIR_SCORE round=100 layer=features.30 rank_corr=0.991258 top_overlap=0.750000 spectrum_diff=0.000e+00
SIR_SCORE round=100 layer=features.34 rank_corr=0.986715 top_overlap=0.875000 spectrum_diff=0.000e+00
SIR_SCORE round=100 layer=features.37 rank_corr=0.990452 top_overlap=1.000000 spectrum_diff=0.000e+00
SIR_SCORE round=100 layer=features.40 rank_corr=0.994310 top_overlap=1.000000 spectrum_diff=0.000e+00
ROUND_ACCURACY method=FedPhoenixRG-SIR round=100 accuracy=65.260002
********************************************************************************
Round 100
ROUND_ACCURACY method=FedPhoenixRG-SIR round=101 accuracy=69.290001
********************************************************************************
Round 101
ROUND_ACCURACY method=FedPhoenixRG-SIR round=102 accuracy=72.500000
********************************************************************************
Round 102
ROUND_ACCURACY method=FedPhoenixRG-SIR round=103 accuracy=73.150002
********************************************************************************
Round 103
ROUND_ACCURACY method=FedPhoenixRG-SIR round=104 accuracy=71.870003
********************************************************************************
Round 104
ROUND_ACCURACY method=FedPhoenixRG-SIR round=105 accuracy=71.389999
********************************************************************************
Round 105
ROUND_ACCURACY method=FedPhoenixRG-SIR round=106 accuracy=69.800003
********************************************************************************
Round 106
ROUND_ACCURACY method=FedPhoenixRG-SIR round=107 accuracy=47.959999
********************************************************************************
Round 107
ROUND_ACCURACY method=FedPhoenixRG-SIR round=108 accuracy=70.550003
********************************************************************************
Round 108
ROUND_ACCURACY method=FedPhoenixRG-SIR round=109 accuracy=74.669998
********************************************************************************
Round 109
ROUND_ACCURACY method=FedPhoenixRG-SIR round=110 accuracy=72.379997
********************************************************************************
Round 110
ROUND_ACCURACY method=FedPhoenixRG-SIR round=111 accuracy=71.849998
********************************************************************************
Round 111
ROUND_ACCURACY method=FedPhoenixRG-SIR round=112 accuracy=70.180000
********************************************************************************
Round 112
ROUND_ACCURACY method=FedPhoenixRG-SIR round=113 accuracy=69.830002
********************************************************************************
Round 113
ROUND_ACCURACY method=FedPhoenixRG-SIR round=114 accuracy=68.169998
********************************************************************************
Round 114
ROUND_ACCURACY method=FedPhoenixRG-SIR round=115 accuracy=60.340000
********************************************************************************
Round 115
ROUND_ACCURACY method=FedPhoenixRG-SIR round=116 accuracy=74.110001
********************************************************************************
Round 116
ROUND_ACCURACY method=FedPhoenixRG-SIR round=117 accuracy=67.620003
********************************************************************************
Round 117
ROUND_ACCURACY method=FedPhoenixRG-SIR round=118 accuracy=71.540001
********************************************************************************
Round 118
ROUND_ACCURACY method=FedPhoenixRG-SIR round=119 accuracy=73.339996
********************************************************************************
Round 119
SIR_SCORE round=120 layer=features.3 rank_corr=0.972527 top_overlap=1.000000 spectrum_diff=0.000e+00
SIR_SCORE round=120 layer=features.7 rank_corr=0.984595 top_overlap=1.000000 spectrum_diff=0.000e+00
SIR_SCORE round=120 layer=features.10 rank_corr=0.984075 top_overlap=0.500000 spectrum_diff=0.000e+00
SIR_SCORE round=120 layer=features.14 rank_corr=0.981565 top_overlap=0.500000 spectrum_diff=0.000e+00
SIR_SCORE round=120 layer=features.17 rank_corr=0.991560 top_overlap=0.750000 spectrum_diff=0.000e+00
SIR_SCORE round=120 layer=features.20 rank_corr=0.991449 top_overlap=0.750000 spectrum_diff=0.000e+00
SIR_SCORE round=120 layer=features.24 rank_corr=0.985931 top_overlap=0.875000 spectrum_diff=0.000e+00
SIR_SCORE round=120 layer=features.27 rank_corr=0.973042 top_overlap=0.875000 spectrum_diff=0.000e+00
SIR_SCORE round=120 layer=features.30 rank_corr=0.976088 top_overlap=0.750000 spectrum_diff=0.000e+00
SIR_SCORE round=120 layer=features.34 rank_corr=0.964605 top_overlap=1.000000 spectrum_diff=0.000e+00
SIR_SCORE round=120 layer=features.37 rank_corr=0.952520 top_overlap=0.750000 spectrum_diff=0.000e+00
SIR_SCORE round=120 layer=features.40 rank_corr=0.775480 top_overlap=0.625000 spectrum_diff=0.000e+00
ROUND_ACCURACY method=FedPhoenixRG-SIR round=120 accuracy=68.580002
********************************************************************************
Round 120
ROUND_ACCURACY method=FedPhoenixRG-SIR round=121 accuracy=74.000000
********************************************************************************
Round 121
ROUND_ACCURACY method=FedPhoenixRG-SIR round=122 accuracy=69.029999
********************************************************************************
Round 122
ROUND_ACCURACY method=FedPhoenixRG-SIR round=123 accuracy=68.449997
********************************************************************************
Round 123
ROUND_ACCURACY method=FedPhoenixRG-SIR round=124 accuracy=64.790001
********************************************************************************
Round 124
ROUND_ACCURACY method=FedPhoenixRG-SIR round=125 accuracy=66.519997
********************************************************************************
Round 125
ROUND_ACCURACY method=FedPhoenixRG-SIR round=126 accuracy=63.860001
********************************************************************************
Round 126
ROUND_ACCURACY method=FedPhoenixRG-SIR round=127 accuracy=72.660004
********************************************************************************
Round 127
ROUND_ACCURACY method=FedPhoenixRG-SIR round=128 accuracy=70.349998
********************************************************************************
Round 128
ROUND_ACCURACY method=FedPhoenixRG-SIR round=129 accuracy=74.980003
********************************************************************************
Round 129
ROUND_ACCURACY method=FedPhoenixRG-SIR round=130 accuracy=66.010002
********************************************************************************
Round 130
ROUND_ACCURACY method=FedPhoenixRG-SIR round=131 accuracy=69.199997
********************************************************************************
Round 131
ROUND_ACCURACY method=FedPhoenixRG-SIR round=132 accuracy=76.339996
********************************************************************************
Round 132
ROUND_ACCURACY method=FedPhoenixRG-SIR round=133 accuracy=70.500000
********************************************************************************
Round 133
ROUND_ACCURACY method=FedPhoenixRG-SIR round=134 accuracy=72.839996
********************************************************************************
Round 134
ROUND_ACCURACY method=FedPhoenixRG-SIR round=135 accuracy=65.820000
********************************************************************************
Round 135
ROUND_ACCURACY method=FedPhoenixRG-SIR round=136 accuracy=67.489998
********************************************************************************
Round 136
ROUND_ACCURACY method=FedPhoenixRG-SIR round=137 accuracy=68.900002
********************************************************************************
Round 137
ROUND_ACCURACY method=FedPhoenixRG-SIR round=138 accuracy=74.699997
********************************************************************************
Round 138
ROUND_ACCURACY method=FedPhoenixRG-SIR round=139 accuracy=71.260002
********************************************************************************
Round 139
SIR_SCORE round=140 layer=features.3 rank_corr=0.974313 top_overlap=1.000000 spectrum_diff=0.000e+00
SIR_SCORE round=140 layer=features.7 rank_corr=0.978999 top_overlap=0.500000 spectrum_diff=0.000e+00
SIR_SCORE round=140 layer=features.10 rank_corr=0.985454 top_overlap=1.000000 spectrum_diff=0.000e+00
SIR_SCORE round=140 layer=features.14 rank_corr=0.986984 top_overlap=0.750000 spectrum_diff=0.000e+00
SIR_SCORE round=140 layer=features.17 rank_corr=0.991533 top_overlap=0.750000 spectrum_diff=0.000e+00
SIR_SCORE round=140 layer=features.20 rank_corr=0.989716 top_overlap=1.000000 spectrum_diff=0.000e+00
SIR_SCORE round=140 layer=features.24 rank_corr=0.987977 top_overlap=0.875000 spectrum_diff=0.000e+00
SIR_SCORE round=140 layer=features.27 rank_corr=0.986782 top_overlap=0.875000 spectrum_diff=0.000e+00
SIR_SCORE round=140 layer=features.30 rank_corr=0.986326 top_overlap=0.750000 spectrum_diff=0.000e+00
SIR_SCORE round=140 layer=features.34 rank_corr=0.968695 top_overlap=0.750000 spectrum_diff=0.000e+00
SIR_SCORE round=140 layer=features.37 rank_corr=0.959469 top_overlap=0.875000 spectrum_diff=0.000e+00
SIR_SCORE round=140 layer=features.40 rank_corr=0.810703 top_overlap=0.750000 spectrum_diff=0.000e+00
ROUND_ACCURACY method=FedPhoenixRG-SIR round=140 accuracy=73.220001
********************************************************************************
Round 140
ROUND_ACCURACY method=FedPhoenixRG-SIR round=141 accuracy=75.900002
********************************************************************************
Round 141
ROUND_ACCURACY method=FedPhoenixRG-SIR round=142 accuracy=64.080002
********************************************************************************
Round 142
ROUND_ACCURACY method=FedPhoenixRG-SIR round=143 accuracy=64.599998
********************************************************************************
Round 143
ROUND_ACCURACY method=FedPhoenixRG-SIR round=144 accuracy=74.279999
********************************************************************************
Round 144
ROUND_ACCURACY method=FedPhoenixRG-SIR round=145 accuracy=69.000000
********************************************************************************
Round 145
ROUND_ACCURACY method=FedPhoenixRG-SIR round=146 accuracy=65.580002
********************************************************************************
Round 146
ROUND_ACCURACY method=FedPhoenixRG-SIR round=147 accuracy=71.989998
********************************************************************************
Round 147
ROUND_ACCURACY method=FedPhoenixRG-SIR round=148 accuracy=71.470001
********************************************************************************
Round 148
ROUND_ACCURACY method=FedPhoenixRG-SIR round=149 accuracy=66.459999
********************************************************************************
Round 149
ROUND_ACCURACY method=FedPhoenixRG-SIR round=150 accuracy=74.739998
********************************************************************************
Round 150
ROUND_ACCURACY method=FedPhoenixRG-SIR round=151 accuracy=58.750000
********************************************************************************
Round 151
ROUND_ACCURACY method=FedPhoenixRG-SIR round=152 accuracy=66.849998
********************************************************************************
Round 152
ROUND_ACCURACY method=FedPhoenixRG-SIR round=153 accuracy=73.870003
********************************************************************************
Round 153
ROUND_ACCURACY method=FedPhoenixRG-SIR round=154 accuracy=72.809998
********************************************************************************
Round 154
ROUND_ACCURACY method=FedPhoenixRG-SIR round=155 accuracy=69.820000
********************************************************************************
Round 155
ROUND_ACCURACY method=FedPhoenixRG-SIR round=156 accuracy=72.349998
********************************************************************************
Round 156
ROUND_ACCURACY method=FedPhoenixRG-SIR round=157 accuracy=65.349998
********************************************************************************
Round 157
ROUND_ACCURACY method=FedPhoenixRG-SIR round=158 accuracy=68.900002
********************************************************************************
Round 158
ROUND_ACCURACY method=FedPhoenixRG-SIR round=159 accuracy=70.070000
********************************************************************************
Round 159
SIR_SCORE round=160 layer=features.7 rank_corr=0.977912 top_overlap=1.000000 spectrum_diff=0.000e+00
SIR_SCORE round=160 layer=features.10 rank_corr=0.981860 top_overlap=1.000000 spectrum_diff=0.000e+00
SIR_SCORE round=160 layer=features.14 rank_corr=0.986588 top_overlap=0.750000 spectrum_diff=0.000e+00
SIR_SCORE round=160 layer=features.17 rank_corr=0.994530 top_overlap=1.000000 spectrum_diff=0.000e+00
SIR_SCORE round=160 layer=features.20 rank_corr=0.990694 top_overlap=0.750000 spectrum_diff=0.000e+00
SIR_SCORE round=160 layer=features.24 rank_corr=0.991014 top_overlap=0.875000 spectrum_diff=0.000e+00
SIR_SCORE round=160 layer=features.27 rank_corr=0.986618 top_overlap=0.875000 spectrum_diff=0.000e+00
SIR_SCORE round=160 layer=features.30 rank_corr=0.988520 top_overlap=0.750000 spectrum_diff=0.000e+00
SIR_SCORE round=160 layer=features.34 rank_corr=0.978435 top_overlap=0.875000 spectrum_diff=0.000e+00
SIR_SCORE round=160 layer=features.37 rank_corr=0.945841 top_overlap=0.750000 spectrum_diff=0.000e+00
SIR_SCORE round=160 layer=features.40 rank_corr=0.863862 top_overlap=0.500000 spectrum_diff=0.000e+00
ROUND_ACCURACY method=FedPhoenixRG-SIR round=160 accuracy=70.279999
********************************************************************************
Round 160
ROUND_ACCURACY method=FedPhoenixRG-SIR round=161 accuracy=75.949997
********************************************************************************
Round 161
ROUND_ACCURACY method=FedPhoenixRG-SIR round=162 accuracy=71.239998
********************************************************************************
Round 162
ROUND_ACCURACY method=FedPhoenixRG-SIR round=163 accuracy=70.980003
********************************************************************************
Round 163
ROUND_ACCURACY method=FedPhoenixRG-SIR round=164 accuracy=67.120003
********************************************************************************
Round 164
ROUND_ACCURACY method=FedPhoenixRG-SIR round=165 accuracy=74.779999
********************************************************************************
Round 165
ROUND_ACCURACY method=FedPhoenixRG-SIR round=166 accuracy=71.959999
********************************************************************************
Round 166
ROUND_ACCURACY method=FedPhoenixRG-SIR round=167 accuracy=68.620003
********************************************************************************
Round 167
ROUND_ACCURACY method=FedPhoenixRG-SIR round=168 accuracy=67.070000
********************************************************************************
Round 168
ROUND_ACCURACY method=FedPhoenixRG-SIR round=169 accuracy=71.489998
********************************************************************************
Round 169
ROUND_ACCURACY method=FedPhoenixRG-SIR round=170 accuracy=50.119999
********************************************************************************
Round 170
ROUND_ACCURACY method=FedPhoenixRG-SIR round=171 accuracy=66.849998
********************************************************************************
Round 171
ROUND_ACCURACY method=FedPhoenixRG-SIR round=172 accuracy=68.540001
********************************************************************************
Round 172
ROUND_ACCURACY method=FedPhoenixRG-SIR round=173 accuracy=55.139999
********************************************************************************
Round 173
ROUND_ACCURACY method=FedPhoenixRG-SIR round=174 accuracy=69.050003
********************************************************************************
Round 174
ROUND_ACCURACY method=FedPhoenixRG-SIR round=175 accuracy=73.879997
********************************************************************************
Round 175
ROUND_ACCURACY method=FedPhoenixRG-SIR round=176 accuracy=74.750000
********************************************************************************
Round 176
ROUND_ACCURACY method=FedPhoenixRG-SIR round=177 accuracy=69.669998
********************************************************************************
Round 177
ROUND_ACCURACY method=FedPhoenixRG-SIR round=178 accuracy=66.400002
********************************************************************************
Round 178
ROUND_ACCURACY method=FedPhoenixRG-SIR round=179 accuracy=74.410004
********************************************************************************
Round 179
SIR_SCORE round=180 layer=features.7 rank_corr=0.968624 top_overlap=0.500000 spectrum_diff=0.000e+00
SIR_SCORE round=180 layer=features.10 rank_corr=0.970438 top_overlap=1.000000 spectrum_diff=0.000e+00
SIR_SCORE round=180 layer=features.14 rank_corr=0.965701 top_overlap=0.500000 spectrum_diff=0.000e+00
SIR_SCORE round=180 layer=features.17 rank_corr=0.966872 top_overlap=0.750000 spectrum_diff=0.000e+00
SIR_SCORE round=180 layer=features.20 rank_corr=0.957729 top_overlap=1.000000 spectrum_diff=0.000e+00
SIR_SCORE round=180 layer=features.24 rank_corr=0.974310 top_overlap=1.000000 spectrum_diff=0.000e+00
SIR_SCORE round=180 layer=features.27 rank_corr=0.968426 top_overlap=1.000000 spectrum_diff=0.000e+00
SIR_SCORE round=180 layer=features.30 rank_corr=0.951067 top_overlap=0.500000 spectrum_diff=0.000e+00
SIR_SCORE round=180 layer=features.34 rank_corr=0.961694 top_overlap=0.750000 spectrum_diff=0.000e+00
SIR_SCORE round=180 layer=features.37 rank_corr=0.943590 top_overlap=0.750000 spectrum_diff=0.000e+00
SIR_SCORE round=180 layer=features.40 rank_corr=0.774906 top_overlap=0.500000 spectrum_diff=0.000e+00
ROUND_ACCURACY method=FedPhoenixRG-SIR round=180 accuracy=71.629997
********************************************************************************
Round 180
ROUND_ACCURACY method=FedPhoenixRG-SIR round=181 accuracy=75.580002
********************************************************************************
Round 181
ROUND_ACCURACY method=FedPhoenixRG-SIR round=182 accuracy=65.230003
********************************************************************************
Round 182
ROUND_ACCURACY method=FedPhoenixRG-SIR round=183 accuracy=75.660004
********************************************************************************
Round 183
ROUND_ACCURACY method=FedPhoenixRG-SIR round=184 accuracy=74.129997
********************************************************************************
Round 184
ROUND_ACCURACY method=FedPhoenixRG-SIR round=185 accuracy=76.610001
********************************************************************************
Round 185
ROUND_ACCURACY method=FedPhoenixRG-SIR round=186 accuracy=73.739998
********************************************************************************
Round 186
ROUND_ACCURACY method=FedPhoenixRG-SIR round=187 accuracy=68.970001
********************************************************************************
Round 187
ROUND_ACCURACY method=FedPhoenixRG-SIR round=188 accuracy=72.459999
********************************************************************************
Round 188
ROUND_ACCURACY method=FedPhoenixRG-SIR round=189 accuracy=66.959999
********************************************************************************
Round 189
ROUND_ACCURACY method=FedPhoenixRG-SIR round=190 accuracy=70.559998
********************************************************************************
Round 190
ROUND_ACCURACY method=FedPhoenixRG-SIR round=191 accuracy=63.599998
********************************************************************************
Round 191
ROUND_ACCURACY method=FedPhoenixRG-SIR round=192 accuracy=72.750000
********************************************************************************
Round 192
ROUND_ACCURACY method=FedPhoenixRG-SIR round=193 accuracy=75.769997
********************************************************************************
Round 193
ROUND_ACCURACY method=FedPhoenixRG-SIR round=194 accuracy=71.900002
********************************************************************************
Round 194
ROUND_ACCURACY method=FedPhoenixRG-SIR round=195 accuracy=71.690002
********************************************************************************
Round 195
ROUND_ACCURACY method=FedPhoenixRG-SIR round=196 accuracy=76.949997
********************************************************************************
Round 196
ROUND_ACCURACY method=FedPhoenixRG-SIR round=197 accuracy=59.130001
********************************************************************************
Round 197
ROUND_ACCURACY method=FedPhoenixRG-SIR round=198 accuracy=69.449997
********************************************************************************
Round 198
ROUND_ACCURACY method=FedPhoenixRG-SIR round=199 accuracy=57.340000
********************************************************************************
Round 199
SIR_SCORE round=200 layer=features.7 rank_corr=0.983582 top_overlap=1.000000 spectrum_diff=0.000e+00
SIR_SCORE round=200 layer=features.10 rank_corr=0.984561 top_overlap=0.500000 spectrum_diff=0.000e+00
SIR_SCORE round=200 layer=features.14 rank_corr=0.977482 top_overlap=1.000000 spectrum_diff=0.000e+00
SIR_SCORE round=200 layer=features.17 rank_corr=0.988095 top_overlap=1.000000 spectrum_diff=0.000e+00
SIR_SCORE round=200 layer=features.20 rank_corr=0.984374 top_overlap=0.750000 spectrum_diff=0.000e+00
SIR_SCORE round=200 layer=features.24 rank_corr=0.973664 top_overlap=0.875000 spectrum_diff=0.000e+00
SIR_SCORE round=200 layer=features.27 rank_corr=0.959273 top_overlap=0.875000 spectrum_diff=0.000e+00
SIR_SCORE round=200 layer=features.30 rank_corr=0.965916 top_overlap=0.875000 spectrum_diff=0.000e+00
SIR_SCORE round=200 layer=features.34 rank_corr=0.955756 top_overlap=0.750000 spectrum_diff=0.000e+00
SIR_SCORE round=200 layer=features.37 rank_corr=0.947256 top_overlap=0.625000 spectrum_diff=0.000e+00
SIR_SCORE round=200 layer=features.40 rank_corr=0.774972 top_overlap=0.625000 spectrum_diff=0.000e+00
ROUND_ACCURACY method=FedPhoenixRG-SIR round=200 accuracy=56.709999
********************************************************************************
Round 200
ROUND_ACCURACY method=FedPhoenixRG-SIR round=201 accuracy=68.849998
********************************************************************************
Round 201
ROUND_ACCURACY method=FedPhoenixRG-SIR round=202 accuracy=72.889999
********************************************************************************
Round 202
ROUND_ACCURACY method=FedPhoenixRG-SIR round=203 accuracy=62.040001
********************************************************************************
Round 203
ROUND_ACCURACY method=FedPhoenixRG-SIR round=204 accuracy=74.800003
********************************************************************************
Round 204
ROUND_ACCURACY method=FedPhoenixRG-SIR round=205 accuracy=70.769997
********************************************************************************
Round 205
ROUND_ACCURACY method=FedPhoenixRG-SIR round=206 accuracy=75.070000
********************************************************************************
Round 206
ROUND_ACCURACY method=FedPhoenixRG-SIR round=207 accuracy=75.489998
********************************************************************************
Round 207
ROUND_ACCURACY method=FedPhoenixRG-SIR round=208 accuracy=74.660004
********************************************************************************
Round 208
ROUND_ACCURACY method=FedPhoenixRG-SIR round=209 accuracy=72.239998
********************************************************************************
Round 209
ROUND_ACCURACY method=FedPhoenixRG-SIR round=210 accuracy=75.120003
********************************************************************************
Round 210
ROUND_ACCURACY method=FedPhoenixRG-SIR round=211 accuracy=68.820000
********************************************************************************
Round 211
ROUND_ACCURACY method=FedPhoenixRG-SIR round=212 accuracy=77.410004
********************************************************************************
Round 212
ROUND_ACCURACY method=FedPhoenixRG-SIR round=213 accuracy=73.500000
********************************************************************************
Round 213
ROUND_ACCURACY method=FedPhoenixRG-SIR round=214 accuracy=76.250000
********************************************************************************
Round 214
ROUND_ACCURACY method=FedPhoenixRG-SIR round=215 accuracy=75.040001
********************************************************************************
Round 215
ROUND_ACCURACY method=FedPhoenixRG-SIR round=216 accuracy=72.910004
********************************************************************************
Round 216
ROUND_ACCURACY method=FedPhoenixRG-SIR round=217 accuracy=65.680000
********************************************************************************
Round 217
ROUND_ACCURACY method=FedPhoenixRG-SIR round=218 accuracy=78.110001
********************************************************************************
Round 218
ROUND_ACCURACY method=FedPhoenixRG-SIR round=219 accuracy=71.610001
********************************************************************************
Round 219
SIR_SCORE round=220 layer=features.7 rank_corr=0.974066 top_overlap=0.500000 spectrum_diff=0.000e+00
SIR_SCORE round=220 layer=features.10 rank_corr=0.966421 top_overlap=0.500000 spectrum_diff=0.000e+00
SIR_SCORE round=220 layer=features.14 rank_corr=0.969666 top_overlap=0.750000 spectrum_diff=0.000e+00
SIR_SCORE round=220 layer=features.17 rank_corr=0.978541 top_overlap=0.750000 spectrum_diff=0.000e+00
SIR_SCORE round=220 layer=features.20 rank_corr=0.975447 top_overlap=1.000000 spectrum_diff=0.000e+00
SIR_SCORE round=220 layer=features.24 rank_corr=0.974123 top_overlap=0.625000 spectrum_diff=0.000e+00
SIR_SCORE round=220 layer=features.27 rank_corr=0.968771 top_overlap=0.875000 spectrum_diff=0.000e+00
SIR_SCORE round=220 layer=features.30 rank_corr=0.971067 top_overlap=1.000000 spectrum_diff=0.000e+00
SIR_SCORE round=220 layer=features.34 rank_corr=0.975712 top_overlap=0.750000 spectrum_diff=0.000e+00
SIR_SCORE round=220 layer=features.37 rank_corr=0.955341 top_overlap=0.875000 spectrum_diff=0.000e+00
SIR_SCORE round=220 layer=features.40 rank_corr=0.878157 top_overlap=0.625000 spectrum_diff=0.000e+00
ROUND_ACCURACY method=FedPhoenixRG-SIR round=220 accuracy=68.010002
********************************************************************************
Round 220
ROUND_ACCURACY method=FedPhoenixRG-SIR round=221 accuracy=73.220001
********************************************************************************
Round 221
ROUND_ACCURACY method=FedPhoenixRG-SIR round=222 accuracy=67.750000
********************************************************************************
Round 222
ROUND_ACCURACY method=FedPhoenixRG-SIR round=223 accuracy=75.779999
********************************************************************************
Round 223
ROUND_ACCURACY method=FedPhoenixRG-SIR round=224 accuracy=76.019997
********************************************************************************
Round 224
ROUND_ACCURACY method=FedPhoenixRG-SIR round=225 accuracy=75.879997
********************************************************************************
Round 225
ROUND_ACCURACY method=FedPhoenixRG-SIR round=226 accuracy=66.970001
********************************************************************************
Round 226
ROUND_ACCURACY method=FedPhoenixRG-SIR round=227 accuracy=74.830002
********************************************************************************
Round 227
ROUND_ACCURACY method=FedPhoenixRG-SIR round=228 accuracy=66.730003
********************************************************************************
Round 228
ROUND_ACCURACY method=FedPhoenixRG-SIR round=229 accuracy=66.769997
********************************************************************************
Round 229
ROUND_ACCURACY method=FedPhoenixRG-SIR round=230 accuracy=77.489998
********************************************************************************
Round 230
ROUND_ACCURACY method=FedPhoenixRG-SIR round=231 accuracy=75.080002
********************************************************************************
Round 231
ROUND_ACCURACY method=FedPhoenixRG-SIR round=232 accuracy=77.540001
********************************************************************************
Round 232
ROUND_ACCURACY method=FedPhoenixRG-SIR round=233 accuracy=73.379997
********************************************************************************
Round 233
ROUND_ACCURACY method=FedPhoenixRG-SIR round=234 accuracy=68.980003
********************************************************************************
Round 234
ROUND_ACCURACY method=FedPhoenixRG-SIR round=235 accuracy=61.169998
********************************************************************************
Round 235
ROUND_ACCURACY method=FedPhoenixRG-SIR round=236 accuracy=77.580002
********************************************************************************
Round 236
ROUND_ACCURACY method=FedPhoenixRG-SIR round=237 accuracy=69.260002
********************************************************************************
Round 237
ROUND_ACCURACY method=FedPhoenixRG-SIR round=238 accuracy=65.510002
********************************************************************************
Round 238
ROUND_ACCURACY method=FedPhoenixRG-SIR round=239 accuracy=75.300003
********************************************************************************
Round 239
SIR_SCORE round=240 layer=features.10 rank_corr=0.967274 top_overlap=1.000000 spectrum_diff=0.000e+00
SIR_SCORE round=240 layer=features.14 rank_corr=0.981370 top_overlap=0.750000 spectrum_diff=0.000e+00
SIR_SCORE round=240 layer=features.17 rank_corr=0.983475 top_overlap=1.000000 spectrum_diff=0.000e+00
SIR_SCORE round=240 layer=features.20 rank_corr=0.979325 top_overlap=1.000000 spectrum_diff=0.000e+00
SIR_SCORE round=240 layer=features.24 rank_corr=0.976520 top_overlap=0.750000 spectrum_diff=0.000e+00
SIR_SCORE round=240 layer=features.27 rank_corr=0.969818 top_overlap=1.000000 spectrum_diff=0.000e+00
SIR_SCORE round=240 layer=features.30 rank_corr=0.962693 top_overlap=0.750000 spectrum_diff=0.000e+00
SIR_SCORE round=240 layer=features.34 rank_corr=0.970816 top_overlap=0.625000 spectrum_diff=0.000e+00
SIR_SCORE round=240 layer=features.37 rank_corr=0.968113 top_overlap=0.750000 spectrum_diff=0.000e+00
SIR_SCORE round=240 layer=features.40 rank_corr=0.864187 top_overlap=0.750000 spectrum_diff=0.000e+00
ROUND_ACCURACY method=FedPhoenixRG-SIR round=240 accuracy=67.290001
********************************************************************************
Round 240
ROUND_ACCURACY method=FedPhoenixRG-SIR round=241 accuracy=74.129997
********************************************************************************
Round 241
ROUND_ACCURACY method=FedPhoenixRG-SIR round=242 accuracy=75.730003
********************************************************************************
Round 242
ROUND_ACCURACY method=FedPhoenixRG-SIR round=243 accuracy=73.839996
********************************************************************************
Round 243
ROUND_ACCURACY method=FedPhoenixRG-SIR round=244 accuracy=74.389999
********************************************************************************
Round 244
ROUND_ACCURACY method=FedPhoenixRG-SIR round=245 accuracy=75.169998
********************************************************************************
Round 245
ROUND_ACCURACY method=FedPhoenixRG-SIR round=246 accuracy=75.400002
********************************************************************************
Round 246
ROUND_ACCURACY method=FedPhoenixRG-SIR round=247 accuracy=54.360001
********************************************************************************
Round 247
ROUND_ACCURACY method=FedPhoenixRG-SIR round=248 accuracy=73.129997
********************************************************************************
Round 248
ROUND_ACCURACY method=FedPhoenixRG-SIR round=249 accuracy=71.199997
********************************************************************************
Round 249
ROUND_ACCURACY method=FedPhoenixRG-SIR round=250 accuracy=72.559998
********************************************************************************
Round 250
ROUND_ACCURACY method=FedPhoenixRG-SIR round=251 accuracy=77.239998
********************************************************************************
Round 251
ROUND_ACCURACY method=FedPhoenixRG-SIR round=252 accuracy=72.370003
********************************************************************************
Round 252
ROUND_ACCURACY method=FedPhoenixRG-SIR round=253 accuracy=68.879997
********************************************************************************
Round 253
ROUND_ACCURACY method=FedPhoenixRG-SIR round=254 accuracy=69.110001
********************************************************************************
Round 254
ROUND_ACCURACY method=FedPhoenixRG-SIR round=255 accuracy=78.279999
********************************************************************************
Round 255
ROUND_ACCURACY method=FedPhoenixRG-SIR round=256 accuracy=71.470001
********************************************************************************
Round 256
ROUND_ACCURACY method=FedPhoenixRG-SIR round=257 accuracy=76.800003
********************************************************************************
Round 257
ROUND_ACCURACY method=FedPhoenixRG-SIR round=258 accuracy=74.029999
********************************************************************************
Round 258
ROUND_ACCURACY method=FedPhoenixRG-SIR round=259 accuracy=74.230003
********************************************************************************
Round 259
SIR_SCORE round=260 layer=features.10 rank_corr=0.984658 top_overlap=0.500000 spectrum_diff=0.000e+00
SIR_SCORE round=260 layer=features.14 rank_corr=0.990581 top_overlap=1.000000 spectrum_diff=0.000e+00
SIR_SCORE round=260 layer=features.17 rank_corr=0.991838 top_overlap=1.000000 spectrum_diff=0.000e+00
SIR_SCORE round=260 layer=features.20 rank_corr=0.988285 top_overlap=0.750000 spectrum_diff=0.000e+00
SIR_SCORE round=260 layer=features.24 rank_corr=0.988397 top_overlap=0.875000 spectrum_diff=0.000e+00
SIR_SCORE round=260 layer=features.27 rank_corr=0.983329 top_overlap=0.750000 spectrum_diff=0.000e+00
SIR_SCORE round=260 layer=features.30 rank_corr=0.987255 top_overlap=0.875000 spectrum_diff=0.000e+00
SIR_SCORE round=260 layer=features.34 rank_corr=0.992599 top_overlap=1.000000 spectrum_diff=0.000e+00
SIR_SCORE round=260 layer=features.37 rank_corr=0.990149 top_overlap=1.000000 spectrum_diff=0.000e+00
SIR_SCORE round=260 layer=features.40 rank_corr=0.994392 top_overlap=0.875000 spectrum_diff=0.000e+00
ROUND_ACCURACY method=FedPhoenixRG-SIR round=260 accuracy=76.139999
********************************************************************************
Round 260
ROUND_ACCURACY method=FedPhoenixRG-SIR round=261 accuracy=75.980003
********************************************************************************
Round 261
ROUND_ACCURACY method=FedPhoenixRG-SIR round=262 accuracy=75.500000
********************************************************************************
Round 262
ROUND_ACCURACY method=FedPhoenixRG-SIR round=263 accuracy=68.959999
********************************************************************************
Round 263
ROUND_ACCURACY method=FedPhoenixRG-SIR round=264 accuracy=70.000000
********************************************************************************
Round 264
ROUND_ACCURACY method=FedPhoenixRG-SIR round=265 accuracy=64.790001
********************************************************************************
Round 265
ROUND_ACCURACY method=FedPhoenixRG-SIR round=266 accuracy=74.410004
********************************************************************************
Round 266
ROUND_ACCURACY method=FedPhoenixRG-SIR round=267 accuracy=71.150002
********************************************************************************
Round 267
ROUND_ACCURACY method=FedPhoenixRG-SIR round=268 accuracy=53.790001
********************************************************************************
Round 268
ROUND_ACCURACY method=FedPhoenixRG-SIR round=269 accuracy=72.330002
********************************************************************************
Round 269
ROUND_ACCURACY method=FedPhoenixRG-SIR round=270 accuracy=59.139999
********************************************************************************
Round 270
ROUND_ACCURACY method=FedPhoenixRG-SIR round=271 accuracy=70.230003
********************************************************************************
Round 271
ROUND_ACCURACY method=FedPhoenixRG-SIR round=272 accuracy=64.500000
********************************************************************************
Round 272
ROUND_ACCURACY method=FedPhoenixRG-SIR round=273 accuracy=67.290001
********************************************************************************
Round 273
ROUND_ACCURACY method=FedPhoenixRG-SIR round=274 accuracy=53.529999
********************************************************************************
Round 274
ROUND_ACCURACY method=FedPhoenixRG-SIR round=275 accuracy=75.570000
********************************************************************************
Round 275
ROUND_ACCURACY method=FedPhoenixRG-SIR round=276 accuracy=68.739998
********************************************************************************
Round 276
ROUND_ACCURACY method=FedPhoenixRG-SIR round=277 accuracy=77.199997
********************************************************************************
Round 277
ROUND_ACCURACY method=FedPhoenixRG-SIR round=278 accuracy=69.900002
********************************************************************************
Round 278
ROUND_ACCURACY method=FedPhoenixRG-SIR round=279 accuracy=77.660004
********************************************************************************
Round 279
SIR_SCORE round=280 layer=features.10 rank_corr=0.949929 top_overlap=0.500000 spectrum_diff=0.000e+00
SIR_SCORE round=280 layer=features.14 rank_corr=0.940931 top_overlap=0.750000 spectrum_diff=0.000e+00
SIR_SCORE round=280 layer=features.17 rank_corr=0.960748 top_overlap=1.000000 spectrum_diff=0.000e+00
SIR_SCORE round=280 layer=features.20 rank_corr=0.978461 top_overlap=1.000000 spectrum_diff=0.000e+00
SIR_SCORE round=280 layer=features.24 rank_corr=0.980017 top_overlap=0.750000 spectrum_diff=0.000e+00
SIR_SCORE round=280 layer=features.27 rank_corr=0.972736 top_overlap=1.000000 spectrum_diff=0.000e+00
SIR_SCORE round=280 layer=features.30 rank_corr=0.970343 top_overlap=0.875000 spectrum_diff=0.000e+00
SIR_SCORE round=280 layer=features.34 rank_corr=0.943846 top_overlap=0.625000 spectrum_diff=0.000e+00
SIR_SCORE round=280 layer=features.37 rank_corr=0.931500 top_overlap=0.750000 spectrum_diff=0.000e+00
SIR_SCORE round=280 layer=features.40 rank_corr=0.769959 top_overlap=0.625000 spectrum_diff=0.000e+00
ROUND_ACCURACY method=FedPhoenixRG-SIR round=280 accuracy=75.489998
********************************************************************************
Round 280
ROUND_ACCURACY method=FedPhoenixRG-SIR round=281 accuracy=68.379997
********************************************************************************
Round 281
ROUND_ACCURACY method=FedPhoenixRG-SIR round=282 accuracy=65.709999
********************************************************************************
Round 282
ROUND_ACCURACY method=FedPhoenixRG-SIR round=283 accuracy=75.389999
********************************************************************************
Round 283
ROUND_ACCURACY method=FedPhoenixRG-SIR round=284 accuracy=75.930000
********************************************************************************
Round 284
ROUND_ACCURACY method=FedPhoenixRG-SIR round=285 accuracy=75.459999
********************************************************************************
Round 285
ROUND_ACCURACY method=FedPhoenixRG-SIR round=286 accuracy=43.060001
********************************************************************************
Round 286
ROUND_ACCURACY method=FedPhoenixRG-SIR round=287 accuracy=71.800003
********************************************************************************
Round 287
ROUND_ACCURACY method=FedPhoenixRG-SIR round=288 accuracy=71.260002
********************************************************************************
Round 288
ROUND_ACCURACY method=FedPhoenixRG-SIR round=289 accuracy=75.730003
********************************************************************************
Round 289
ROUND_ACCURACY method=FedPhoenixRG-SIR round=290 accuracy=77.529999
********************************************************************************
Round 290
ROUND_ACCURACY method=FedPhoenixRG-SIR round=291 accuracy=75.110001
********************************************************************************
Round 291
ROUND_ACCURACY method=FedPhoenixRG-SIR round=292 accuracy=71.500000
********************************************************************************
Round 292
ROUND_ACCURACY method=FedPhoenixRG-SIR round=293 accuracy=72.910004
********************************************************************************
Round 293
ROUND_ACCURACY method=FedPhoenixRG-SIR round=294 accuracy=71.430000
********************************************************************************
Round 294
ROUND_ACCURACY method=FedPhoenixRG-SIR round=295 accuracy=71.919998
********************************************************************************
Round 295
ROUND_ACCURACY method=FedPhoenixRG-SIR round=296 accuracy=74.419998
********************************************************************************
Round 296
ROUND_ACCURACY method=FedPhoenixRG-SIR round=297 accuracy=76.160004
********************************************************************************
Round 297
ROUND_ACCURACY method=FedPhoenixRG-SIR round=298 accuracy=60.220001
********************************************************************************
Round 298
ROUND_ACCURACY method=FedPhoenixRG-SIR round=299 accuracy=71.489998
********************************************************************************
Round 299
SIR_SCORE round=300 layer=features.10 rank_corr=0.962318 top_overlap=0.500000 spectrum_diff=0.000e+00
SIR_SCORE round=300 layer=features.14 rank_corr=0.950953 top_overlap=1.000000 spectrum_diff=0.000e+00
SIR_SCORE round=300 layer=features.17 rank_corr=0.951705 top_overlap=0.750000 spectrum_diff=0.000e+00
SIR_SCORE round=300 layer=features.20 rank_corr=0.956735 top_overlap=0.750000 spectrum_diff=0.000e+00
SIR_SCORE round=300 layer=features.24 rank_corr=0.957331 top_overlap=0.750000 spectrum_diff=0.000e+00
SIR_SCORE round=300 layer=features.27 rank_corr=0.964505 top_overlap=0.875000 spectrum_diff=0.000e+00
SIR_SCORE round=300 layer=features.30 rank_corr=0.973233 top_overlap=0.750000 spectrum_diff=0.000e+00
SIR_SCORE round=300 layer=features.34 rank_corr=0.972079 top_overlap=0.750000 spectrum_diff=0.000e+00
SIR_SCORE round=300 layer=features.37 rank_corr=0.956987 top_overlap=0.875000 spectrum_diff=0.000e+00
SIR_SCORE round=300 layer=features.40 rank_corr=0.845270 top_overlap=0.625000 spectrum_diff=0.000e+00
ROUND_ACCURACY method=FedPhoenixRG-SIR round=300 accuracy=72.769997
********************************************************************************
Round 300
ROUND_ACCURACY method=FedPhoenixRG-SIR round=301 accuracy=76.750000
********************************************************************************
Round 301
ROUND_ACCURACY method=FedPhoenixRG-SIR round=302 accuracy=67.800003
********************************************************************************
Round 302
ROUND_ACCURACY method=FedPhoenixRG-SIR round=303 accuracy=76.660004
********************************************************************************
Round 303
ROUND_ACCURACY method=FedPhoenixRG-SIR round=304 accuracy=70.570000
********************************************************************************
Round 304
ROUND_ACCURACY method=FedPhoenixRG-SIR round=305 accuracy=77.599998
********************************************************************************
Round 305
ROUND_ACCURACY method=FedPhoenixRG-SIR round=306 accuracy=73.870003
********************************************************************************
Round 306
ROUND_ACCURACY method=FedPhoenixRG-SIR round=307 accuracy=74.040001
********************************************************************************
Round 307
ROUND_ACCURACY method=FedPhoenixRG-SIR round=308 accuracy=73.919998
********************************************************************************
Round 308
ROUND_ACCURACY method=FedPhoenixRG-SIR round=309 accuracy=74.620003
********************************************************************************
Round 309
ROUND_ACCURACY method=FedPhoenixRG-SIR round=310 accuracy=77.809998
********************************************************************************
Round 310
ROUND_ACCURACY method=FedPhoenixRG-SIR round=311 accuracy=74.680000
********************************************************************************
Round 311
ROUND_ACCURACY method=FedPhoenixRG-SIR round=312 accuracy=77.199997
********************************************************************************
Round 312
ROUND_ACCURACY method=FedPhoenixRG-SIR round=313 accuracy=75.900002
********************************************************************************
Round 313
ROUND_ACCURACY method=FedPhoenixRG-SIR round=314 accuracy=76.120003
********************************************************************************
Round 314
ROUND_ACCURACY method=FedPhoenixRG-SIR round=315 accuracy=74.650002
********************************************************************************
Round 315
ROUND_ACCURACY method=FedPhoenixRG-SIR round=316 accuracy=75.290001
********************************************************************************
Round 316
ROUND_ACCURACY method=FedPhoenixRG-SIR round=317 accuracy=69.510002
********************************************************************************
Round 317
ROUND_ACCURACY method=FedPhoenixRG-SIR round=318 accuracy=65.650002
********************************************************************************
Round 318
ROUND_ACCURACY method=FedPhoenixRG-SIR round=319 accuracy=71.400002
********************************************************************************
Round 319
SIR_SCORE round=320 layer=features.14 rank_corr=0.971779 top_overlap=1.000000 spectrum_diff=0.000e+00
SIR_SCORE round=320 layer=features.17 rank_corr=0.982126 top_overlap=0.750000 spectrum_diff=0.000e+00
SIR_SCORE round=320 layer=features.20 rank_corr=0.983409 top_overlap=1.000000 spectrum_diff=0.000e+00
SIR_SCORE round=320 layer=features.24 rank_corr=0.980448 top_overlap=0.750000 spectrum_diff=0.000e+00
SIR_SCORE round=320 layer=features.27 rank_corr=0.972068 top_overlap=0.875000 spectrum_diff=0.000e+00
SIR_SCORE round=320 layer=features.30 rank_corr=0.973290 top_overlap=0.875000 spectrum_diff=0.000e+00
SIR_SCORE round=320 layer=features.34 rank_corr=0.969145 top_overlap=0.750000 spectrum_diff=0.000e+00
SIR_SCORE round=320 layer=features.37 rank_corr=0.969014 top_overlap=1.000000 spectrum_diff=0.000e+00
SIR_SCORE round=320 layer=features.40 rank_corr=0.860470 top_overlap=0.500000 spectrum_diff=0.000e+00
ROUND_ACCURACY method=FedPhoenixRG-SIR round=320 accuracy=75.419998
********************************************************************************
Round 320
ROUND_ACCURACY method=FedPhoenixRG-SIR round=321 accuracy=70.510002
********************************************************************************
Round 321
ROUND_ACCURACY method=FedPhoenixRG-SIR round=322 accuracy=74.019997
********************************************************************************
Round 322
ROUND_ACCURACY method=FedPhoenixRG-SIR round=323 accuracy=73.669998
********************************************************************************
Round 323
ROUND_ACCURACY method=FedPhoenixRG-SIR round=324 accuracy=72.169998
********************************************************************************
Round 324
ROUND_ACCURACY method=FedPhoenixRG-SIR round=325 accuracy=78.169998
********************************************************************************
Round 325
ROUND_ACCURACY method=FedPhoenixRG-SIR round=326 accuracy=76.089996
********************************************************************************
Round 326
ROUND_ACCURACY method=FedPhoenixRG-SIR round=327 accuracy=75.360001
********************************************************************************
Round 327
ROUND_ACCURACY method=FedPhoenixRG-SIR round=328 accuracy=72.169998
********************************************************************************
Round 328
ROUND_ACCURACY method=FedPhoenixRG-SIR round=329 accuracy=79.110001
********************************************************************************
Round 329
ROUND_ACCURACY method=FedPhoenixRG-SIR round=330 accuracy=76.029999
********************************************************************************
Round 330
ROUND_ACCURACY method=FedPhoenixRG-SIR round=331 accuracy=60.470001
********************************************************************************
Round 331
ROUND_ACCURACY method=FedPhoenixRG-SIR round=332 accuracy=71.849998
********************************************************************************
Round 332
ROUND_ACCURACY method=FedPhoenixRG-SIR round=333 accuracy=75.599998
********************************************************************************
Round 333
ROUND_ACCURACY method=FedPhoenixRG-SIR round=334 accuracy=75.110001
********************************************************************************
Round 334
ROUND_ACCURACY method=FedPhoenixRG-SIR round=335 accuracy=78.040001
********************************************************************************
Round 335
ROUND_ACCURACY method=FedPhoenixRG-SIR round=336 accuracy=76.529999
********************************************************************************
Round 336
ROUND_ACCURACY method=FedPhoenixRG-SIR round=337 accuracy=74.510002
********************************************************************************
Round 337
ROUND_ACCURACY method=FedPhoenixRG-SIR round=338 accuracy=79.769997
********************************************************************************
Round 338
ROUND_ACCURACY method=FedPhoenixRG-SIR round=339 accuracy=73.139999
********************************************************************************
Round 339
SIR_SCORE round=340 layer=features.14 rank_corr=0.951046 top_overlap=1.000000 spectrum_diff=0.000e+00
SIR_SCORE round=340 layer=features.17 rank_corr=0.966051 top_overlap=1.000000 spectrum_diff=0.000e+00
SIR_SCORE round=340 layer=features.20 rank_corr=0.975210 top_overlap=0.750000 spectrum_diff=0.000e+00
SIR_SCORE round=340 layer=features.24 rank_corr=0.964405 top_overlap=0.875000 spectrum_diff=0.000e+00
SIR_SCORE round=340 layer=features.27 rank_corr=0.961728 top_overlap=0.750000 spectrum_diff=0.000e+00
SIR_SCORE round=340 layer=features.30 rank_corr=0.959211 top_overlap=0.875000 spectrum_diff=0.000e+00
SIR_SCORE round=340 layer=features.34 rank_corr=0.961496 top_overlap=0.875000 spectrum_diff=0.000e+00
SIR_SCORE round=340 layer=features.37 rank_corr=0.956307 top_overlap=0.750000 spectrum_diff=0.000e+00
SIR_SCORE round=340 layer=features.40 rank_corr=0.847590 top_overlap=0.750000 spectrum_diff=0.000e+00
ROUND_ACCURACY method=FedPhoenixRG-SIR round=340 accuracy=74.980003
********************************************************************************
Round 340
ROUND_ACCURACY method=FedPhoenixRG-SIR round=341 accuracy=55.189999
********************************************************************************
Round 341
ROUND_ACCURACY method=FedPhoenixRG-SIR round=342 accuracy=74.019997
********************************************************************************
Round 342
ROUND_ACCURACY method=FedPhoenixRG-SIR round=343 accuracy=65.989998
********************************************************************************
Round 343
ROUND_ACCURACY method=FedPhoenixRG-SIR round=344 accuracy=70.250000
********************************************************************************
Round 344
ROUND_ACCURACY method=FedPhoenixRG-SIR round=345 accuracy=74.529999
********************************************************************************
Round 345
ROUND_ACCURACY method=FedPhoenixRG-SIR round=346 accuracy=76.879997
********************************************************************************
Round 346
ROUND_ACCURACY method=FedPhoenixRG-SIR round=347 accuracy=72.379997
********************************************************************************
Round 347
ROUND_ACCURACY method=FedPhoenixRG-SIR round=348 accuracy=67.470001
********************************************************************************
Round 348
ROUND_ACCURACY method=FedPhoenixRG-SIR round=349 accuracy=78.269997
********************************************************************************
Round 349
ROUND_ACCURACY method=FedPhoenixRG-SIR round=350 accuracy=77.349998
********************************************************************************
Round 350
ROUND_ACCURACY method=FedPhoenixRG-SIR round=351 accuracy=74.610001
********************************************************************************
Round 351
ROUND_ACCURACY method=FedPhoenixRG-SIR round=352 accuracy=77.720001
********************************************************************************
Round 352
ROUND_ACCURACY method=FedPhoenixRG-SIR round=353 accuracy=71.940002
********************************************************************************
Round 353
ROUND_ACCURACY method=FedPhoenixRG-SIR round=354 accuracy=69.800003
********************************************************************************
Round 354
ROUND_ACCURACY method=FedPhoenixRG-SIR round=355 accuracy=67.989998
********************************************************************************
Round 355
ROUND_ACCURACY method=FedPhoenixRG-SIR round=356 accuracy=73.150002
********************************************************************************
Round 356
ROUND_ACCURACY method=FedPhoenixRG-SIR round=357 accuracy=77.720001
********************************************************************************
Round 357
ROUND_ACCURACY method=FedPhoenixRG-SIR round=358 accuracy=79.279999
********************************************************************************
Round 358
ROUND_ACCURACY method=FedPhoenixRG-SIR round=359 accuracy=64.750000
********************************************************************************
Round 359
SIR_SCORE round=360 layer=features.14 rank_corr=0.955317 top_overlap=0.750000 spectrum_diff=0.000e+00
SIR_SCORE round=360 layer=features.17 rank_corr=0.956990 top_overlap=0.750000 spectrum_diff=0.000e+00
SIR_SCORE round=360 layer=features.20 rank_corr=0.967865 top_overlap=1.000000 spectrum_diff=0.000e+00
SIR_SCORE round=360 layer=features.24 rank_corr=0.964590 top_overlap=0.500000 spectrum_diff=0.000e+00
SIR_SCORE round=360 layer=features.27 rank_corr=0.969857 top_overlap=1.000000 spectrum_diff=0.000e+00
SIR_SCORE round=360 layer=features.30 rank_corr=0.961925 top_overlap=0.625000 spectrum_diff=0.000e+00
SIR_SCORE round=360 layer=features.34 rank_corr=0.970096 top_overlap=0.500000 spectrum_diff=0.000e+00
SIR_SCORE round=360 layer=features.37 rank_corr=0.969299 top_overlap=0.625000 spectrum_diff=0.000e+00
SIR_SCORE round=360 layer=features.40 rank_corr=0.973808 top_overlap=0.750000 spectrum_diff=0.000e+00
ROUND_ACCURACY method=FedPhoenixRG-SIR round=360 accuracy=75.059998
********************************************************************************
Round 360
ROUND_ACCURACY method=FedPhoenixRG-SIR round=361 accuracy=70.610001
********************************************************************************
Round 361
ROUND_ACCURACY method=FedPhoenixRG-SIR round=362 accuracy=66.680000
********************************************************************************
Round 362
ROUND_ACCURACY method=FedPhoenixRG-SIR round=363 accuracy=66.199997
********************************************************************************
Round 363
ROUND_ACCURACY method=FedPhoenixRG-SIR round=364 accuracy=64.650002
********************************************************************************
Round 364
ROUND_ACCURACY method=FedPhoenixRG-SIR round=365 accuracy=68.540001
********************************************************************************
Round 365
ROUND_ACCURACY method=FedPhoenixRG-SIR round=366 accuracy=77.190002
********************************************************************************
Round 366
ROUND_ACCURACY method=FedPhoenixRG-SIR round=367 accuracy=73.300003
********************************************************************************
Round 367
ROUND_ACCURACY method=FedPhoenixRG-SIR round=368 accuracy=74.860001
********************************************************************************
Round 368
ROUND_ACCURACY method=FedPhoenixRG-SIR round=369 accuracy=74.959999
********************************************************************************
Round 369
ROUND_ACCURACY method=FedPhoenixRG-SIR round=370 accuracy=64.889999
********************************************************************************
Round 370
ROUND_ACCURACY method=FedPhoenixRG-SIR round=371 accuracy=77.669998
********************************************************************************
Round 371
ROUND_ACCURACY method=FedPhoenixRG-SIR round=372 accuracy=69.779999
********************************************************************************
Round 372
ROUND_ACCURACY method=FedPhoenixRG-SIR round=373 accuracy=69.180000
********************************************************************************
Round 373
ROUND_ACCURACY method=FedPhoenixRG-SIR round=374 accuracy=76.980003
********************************************************************************
Round 374
ROUND_ACCURACY method=FedPhoenixRG-SIR round=375 accuracy=71.779999
********************************************************************************
Round 375
ROUND_ACCURACY method=FedPhoenixRG-SIR round=376 accuracy=75.870003
********************************************************************************
Round 376
ROUND_ACCURACY method=FedPhoenixRG-SIR round=377 accuracy=48.700001
********************************************************************************
Round 377
ROUND_ACCURACY method=FedPhoenixRG-SIR round=378 accuracy=74.320000
********************************************************************************
Round 378
ROUND_ACCURACY method=FedPhoenixRG-SIR round=379 accuracy=76.099998
********************************************************************************
Round 379
SIR_SCORE round=380 layer=features.14 rank_corr=0.952841 top_overlap=0.750000 spectrum_diff=0.000e+00
SIR_SCORE round=380 layer=features.17 rank_corr=0.953614 top_overlap=0.500000 spectrum_diff=0.000e+00
SIR_SCORE round=380 layer=features.20 rank_corr=0.955740 top_overlap=0.750000 spectrum_diff=0.000e+00
SIR_SCORE round=380 layer=features.24 rank_corr=0.966947 top_overlap=1.000000 spectrum_diff=0.000e+00
SIR_SCORE round=380 layer=features.27 rank_corr=0.969155 top_overlap=0.875000 spectrum_diff=0.000e+00
SIR_SCORE round=380 layer=features.30 rank_corr=0.965811 top_overlap=0.875000 spectrum_diff=0.000e+00
SIR_SCORE round=380 layer=features.34 rank_corr=0.980821 top_overlap=0.750000 spectrum_diff=0.000e+00
SIR_SCORE round=380 layer=features.37 rank_corr=0.979838 top_overlap=1.000000 spectrum_diff=0.000e+00
SIR_SCORE round=380 layer=features.40 rank_corr=0.986135 top_overlap=0.875000 spectrum_diff=0.000e+00
ROUND_ACCURACY method=FedPhoenixRG-SIR round=380 accuracy=78.440002
********************************************************************************
Round 380
ROUND_ACCURACY method=FedPhoenixRG-SIR round=381 accuracy=69.279999
********************************************************************************
Round 381
ROUND_ACCURACY method=FedPhoenixRG-SIR round=382 accuracy=74.989998
********************************************************************************
Round 382
ROUND_ACCURACY method=FedPhoenixRG-SIR round=383 accuracy=63.049999
********************************************************************************
Round 383
ROUND_ACCURACY method=FedPhoenixRG-SIR round=384 accuracy=63.990002
********************************************************************************
Round 384
ROUND_ACCURACY method=FedPhoenixRG-SIR round=385 accuracy=71.410004
********************************************************************************
Round 385
ROUND_ACCURACY method=FedPhoenixRG-SIR round=386 accuracy=77.489998
********************************************************************************
Round 386
ROUND_ACCURACY method=FedPhoenixRG-SIR round=387 accuracy=77.050003
********************************************************************************
Round 387
ROUND_ACCURACY method=FedPhoenixRG-SIR round=388 accuracy=74.589996
********************************************************************************
Round 388
ROUND_ACCURACY method=FedPhoenixRG-SIR round=389 accuracy=78.480003
********************************************************************************
Round 389
ROUND_ACCURACY method=FedPhoenixRG-SIR round=390 accuracy=69.300003
********************************************************************************
Round 390
ROUND_ACCURACY method=FedPhoenixRG-SIR round=391 accuracy=70.239998
********************************************************************************
Round 391
ROUND_ACCURACY method=FedPhoenixRG-SIR round=392 accuracy=70.360001
********************************************************************************
Round 392
ROUND_ACCURACY method=FedPhoenixRG-SIR round=393 accuracy=76.620003
********************************************************************************
Round 393
ROUND_ACCURACY method=FedPhoenixRG-SIR round=394 accuracy=71.589996
********************************************************************************
Round 394
ROUND_ACCURACY method=FedPhoenixRG-SIR round=395 accuracy=69.610001
********************************************************************************
Round 395
ROUND_ACCURACY method=FedPhoenixRG-SIR round=396 accuracy=65.269997
********************************************************************************
Round 396
ROUND_ACCURACY method=FedPhoenixRG-SIR round=397 accuracy=79.760002
********************************************************************************
Round 397
ROUND_ACCURACY method=FedPhoenixRG-SIR round=398 accuracy=74.980003
********************************************************************************
Round 398
ROUND_ACCURACY method=FedPhoenixRG-SIR round=399 accuracy=75.379997
********************************************************************************
Round 399
SIR_SCORE round=400 layer=features.17 rank_corr=0.965904 top_overlap=0.750000 spectrum_diff=0.000e+00
SIR_SCORE round=400 layer=features.20 rank_corr=0.971516 top_overlap=1.000000 spectrum_diff=0.000e+00
SIR_SCORE round=400 layer=features.24 rank_corr=0.976263 top_overlap=0.625000 spectrum_diff=0.000e+00
SIR_SCORE round=400 layer=features.27 rank_corr=0.980502 top_overlap=0.875000 spectrum_diff=0.000e+00
SIR_SCORE round=400 layer=features.30 rank_corr=0.979297 top_overlap=0.875000 spectrum_diff=0.000e+00
SIR_SCORE round=400 layer=features.34 rank_corr=0.982759 top_overlap=0.875000 spectrum_diff=0.000e+00
SIR_SCORE round=400 layer=features.37 rank_corr=0.980666 top_overlap=0.750000 spectrum_diff=0.000e+00
SIR_SCORE round=400 layer=features.40 rank_corr=0.986061 top_overlap=0.875000 spectrum_diff=0.000e+00
ROUND_ACCURACY method=FedPhoenixRG-SIR round=400 accuracy=77.830002
********************************************************************************
Round 400
ROUND_ACCURACY method=FedPhoenixRG-SIR round=401 accuracy=77.620003
********************************************************************************
Round 401
ROUND_ACCURACY method=FedPhoenixRG-SIR round=402 accuracy=68.680000
********************************************************************************
Round 402
ROUND_ACCURACY method=FedPhoenixRG-SIR round=403 accuracy=74.260002
********************************************************************************
Round 403
ROUND_ACCURACY method=FedPhoenixRG-SIR round=404 accuracy=73.570000
********************************************************************************
Round 404
ROUND_ACCURACY method=FedPhoenixRG-SIR round=405 accuracy=73.570000
********************************************************************************
Round 405
ROUND_ACCURACY method=FedPhoenixRG-SIR round=406 accuracy=73.660004
********************************************************************************
Round 406
ROUND_ACCURACY method=FedPhoenixRG-SIR round=407 accuracy=73.879997
********************************************************************************
Round 407
ROUND_ACCURACY method=FedPhoenixRG-SIR round=408 accuracy=64.730003
********************************************************************************
Round 408
ROUND_ACCURACY method=FedPhoenixRG-SIR round=409 accuracy=77.190002
********************************************************************************
Round 409
ROUND_ACCURACY method=FedPhoenixRG-SIR round=410 accuracy=68.510002
********************************************************************************
Round 410
ROUND_ACCURACY method=FedPhoenixRG-SIR round=411 accuracy=68.260002
********************************************************************************
Round 411
ROUND_ACCURACY method=FedPhoenixRG-SIR round=412 accuracy=64.410004
********************************************************************************
Round 412
ROUND_ACCURACY method=FedPhoenixRG-SIR round=413 accuracy=75.959999
********************************************************************************
Round 413
ROUND_ACCURACY method=FedPhoenixRG-SIR round=414 accuracy=77.279999
********************************************************************************
Round 414
ROUND_ACCURACY method=FedPhoenixRG-SIR round=415 accuracy=77.839996
********************************************************************************
Round 415
ROUND_ACCURACY method=FedPhoenixRG-SIR round=416 accuracy=74.720001
********************************************************************************
Round 416
ROUND_ACCURACY method=FedPhoenixRG-SIR round=417 accuracy=77.750000
********************************************************************************
Round 417
ROUND_ACCURACY method=FedPhoenixRG-SIR round=418 accuracy=69.239998
********************************************************************************
Round 418
ROUND_ACCURACY method=FedPhoenixRG-SIR round=419 accuracy=72.320000
********************************************************************************
Round 419
SIR_SCORE round=420 layer=features.17 rank_corr=0.961491 top_overlap=1.000000 spectrum_diff=0.000e+00
SIR_SCORE round=420 layer=features.20 rank_corr=0.973734 top_overlap=0.500000 spectrum_diff=0.000e+00
SIR_SCORE round=420 layer=features.24 rank_corr=0.970587 top_overlap=0.875000 spectrum_diff=0.000e+00
SIR_SCORE round=420 layer=features.27 rank_corr=0.969492 top_overlap=0.875000 spectrum_diff=0.000e+00
SIR_SCORE round=420 layer=features.30 rank_corr=0.968282 top_overlap=0.750000 spectrum_diff=0.000e+00
SIR_SCORE round=420 layer=features.34 rank_corr=0.974630 top_overlap=0.875000 spectrum_diff=0.000e+00
SIR_SCORE round=420 layer=features.37 rank_corr=0.962387 top_overlap=0.875000 spectrum_diff=0.000e+00
SIR_SCORE round=420 layer=features.40 rank_corr=0.905021 top_overlap=0.750000 spectrum_diff=0.000e+00
ROUND_ACCURACY method=FedPhoenixRG-SIR round=420 accuracy=77.120003
********************************************************************************
Round 420
ROUND_ACCURACY method=FedPhoenixRG-SIR round=421 accuracy=76.349998
********************************************************************************
Round 421
ROUND_ACCURACY method=FedPhoenixRG-SIR round=422 accuracy=73.500000
********************************************************************************
Round 422
ROUND_ACCURACY method=FedPhoenixRG-SIR round=423 accuracy=74.080002
********************************************************************************
Round 423
ROUND_ACCURACY method=FedPhoenixRG-SIR round=424 accuracy=72.029999
********************************************************************************
Round 424
ROUND_ACCURACY method=FedPhoenixRG-SIR round=425 accuracy=78.919998
********************************************************************************
Round 425
ROUND_ACCURACY method=FedPhoenixRG-SIR round=426 accuracy=71.209999
********************************************************************************
Round 426
ROUND_ACCURACY method=FedPhoenixRG-SIR round=427 accuracy=68.360001
********************************************************************************
Round 427
ROUND_ACCURACY method=FedPhoenixRG-SIR round=428 accuracy=71.500000
********************************************************************************
Round 428
ROUND_ACCURACY method=FedPhoenixRG-SIR round=429 accuracy=71.510002
********************************************************************************
Round 429
ROUND_ACCURACY method=FedPhoenixRG-SIR round=430 accuracy=74.660004
********************************************************************************
Round 430
ROUND_ACCURACY method=FedPhoenixRG-SIR round=431 accuracy=75.309998
********************************************************************************
Round 431
ROUND_ACCURACY method=FedPhoenixRG-SIR round=432 accuracy=75.459999
********************************************************************************
Round 432
ROUND_ACCURACY method=FedPhoenixRG-SIR round=433 accuracy=77.470001
********************************************************************************
Round 433
ROUND_ACCURACY method=FedPhoenixRG-SIR round=434 accuracy=79.459999
********************************************************************************
Round 434
ROUND_ACCURACY method=FedPhoenixRG-SIR round=435 accuracy=79.050003
********************************************************************************
Round 435
ROUND_ACCURACY method=FedPhoenixRG-SIR round=436 accuracy=71.639999
********************************************************************************
Round 436
ROUND_ACCURACY method=FedPhoenixRG-SIR round=437 accuracy=71.089996
********************************************************************************
Round 437
ROUND_ACCURACY method=FedPhoenixRG-SIR round=438 accuracy=73.660004
********************************************************************************
Round 438
ROUND_ACCURACY method=FedPhoenixRG-SIR round=439 accuracy=74.540001
********************************************************************************
Round 439
SIR_SCORE round=440 layer=features.17 rank_corr=0.985872 top_overlap=0.750000 spectrum_diff=0.000e+00
SIR_SCORE round=440 layer=features.20 rank_corr=0.989712 top_overlap=0.750000 spectrum_diff=0.000e+00
SIR_SCORE round=440 layer=features.24 rank_corr=0.988411 top_overlap=1.000000 spectrum_diff=0.000e+00
SIR_SCORE round=440 layer=features.27 rank_corr=0.977580 top_overlap=1.000000 spectrum_diff=0.000e+00
SIR_SCORE round=440 layer=features.30 rank_corr=0.988363 top_overlap=0.750000 spectrum_diff=0.000e+00
SIR_SCORE round=440 layer=features.34 rank_corr=0.990684 top_overlap=0.875000 spectrum_diff=0.000e+00
SIR_SCORE round=440 layer=features.37 rank_corr=0.984355 top_overlap=1.000000 spectrum_diff=0.000e+00
SIR_SCORE round=440 layer=features.40 rank_corr=0.995237 top_overlap=1.000000 spectrum_diff=0.000e+00
ROUND_ACCURACY method=FedPhoenixRG-SIR round=440 accuracy=75.750000
********************************************************************************
Round 440
ROUND_ACCURACY method=FedPhoenixRG-SIR round=441 accuracy=78.910004
********************************************************************************
Round 441
ROUND_ACCURACY method=FedPhoenixRG-SIR round=442 accuracy=79.120003
********************************************************************************
Round 442
ROUND_ACCURACY method=FedPhoenixRG-SIR round=443 accuracy=74.830002
********************************************************************************
Round 443
ROUND_ACCURACY method=FedPhoenixRG-SIR round=444 accuracy=71.000000
********************************************************************************
Round 444
ROUND_ACCURACY method=FedPhoenixRG-SIR round=445 accuracy=76.239998
********************************************************************************
Round 445
ROUND_ACCURACY method=FedPhoenixRG-SIR round=446 accuracy=77.070000
********************************************************************************
Round 446
ROUND_ACCURACY method=FedPhoenixRG-SIR round=447 accuracy=77.160004
********************************************************************************
Round 447
ROUND_ACCURACY method=FedPhoenixRG-SIR round=448 accuracy=78.879997
********************************************************************************
Round 448
ROUND_ACCURACY method=FedPhoenixRG-SIR round=449 accuracy=70.489998
********************************************************************************
Round 449
ROUND_ACCURACY method=FedPhoenixRG-SIR round=450 accuracy=76.309998
********************************************************************************
Round 450
ROUND_ACCURACY method=FedPhoenixRG-SIR round=451 accuracy=69.220001
********************************************************************************
Round 451
ROUND_ACCURACY method=FedPhoenixRG-SIR round=452 accuracy=79.199997
********************************************************************************
Round 452
ROUND_ACCURACY method=FedPhoenixRG-SIR round=453 accuracy=77.080002
********************************************************************************
Round 453
ROUND_ACCURACY method=FedPhoenixRG-SIR round=454 accuracy=77.019997
********************************************************************************
Round 454
ROUND_ACCURACY method=FedPhoenixRG-SIR round=455 accuracy=78.839996
********************************************************************************
Round 455
ROUND_ACCURACY method=FedPhoenixRG-SIR round=456 accuracy=78.470001
********************************************************************************
Round 456
ROUND_ACCURACY method=FedPhoenixRG-SIR round=457 accuracy=75.769997
********************************************************************************
Round 457
ROUND_ACCURACY method=FedPhoenixRG-SIR round=458 accuracy=68.110001
********************************************************************************
Round 458
ROUND_ACCURACY method=FedPhoenixRG-SIR round=459 accuracy=79.529999
********************************************************************************
Round 459
SIR_SCORE round=460 layer=features.17 rank_corr=0.993727 top_overlap=0.500000 spectrum_diff=0.000e+00
SIR_SCORE round=460 layer=features.20 rank_corr=0.990285 top_overlap=1.000000 spectrum_diff=0.000e+00
SIR_SCORE round=460 layer=features.24 rank_corr=0.979130 top_overlap=0.875000 spectrum_diff=0.000e+00
SIR_SCORE round=460 layer=features.27 rank_corr=0.984343 top_overlap=0.625000 spectrum_diff=0.000e+00
SIR_SCORE round=460 layer=features.30 rank_corr=0.990569 top_overlap=1.000000 spectrum_diff=0.000e+00
SIR_SCORE round=460 layer=features.34 rank_corr=0.986234 top_overlap=0.875000 spectrum_diff=0.000e+00
SIR_SCORE round=460 layer=features.37 rank_corr=0.982558 top_overlap=0.875000 spectrum_diff=0.000e+00
SIR_SCORE round=460 layer=features.40 rank_corr=0.992257 top_overlap=0.875000 spectrum_diff=0.000e+00
ROUND_ACCURACY method=FedPhoenixRG-SIR round=460 accuracy=70.360001
********************************************************************************
Round 460
ROUND_ACCURACY method=FedPhoenixRG-SIR round=461 accuracy=80.349998
********************************************************************************
Round 461
ROUND_ACCURACY method=FedPhoenixRG-SIR round=462 accuracy=76.300003
********************************************************************************
Round 462
ROUND_ACCURACY method=FedPhoenixRG-SIR round=463 accuracy=79.070000
********************************************************************************
Round 463
ROUND_ACCURACY method=FedPhoenixRG-SIR round=464 accuracy=69.379997
********************************************************************************
Round 464
ROUND_ACCURACY method=FedPhoenixRG-SIR round=465 accuracy=76.660004
********************************************************************************
Round 465
ROUND_ACCURACY method=FedPhoenixRG-SIR round=466 accuracy=78.540001
********************************************************************************
Round 466
ROUND_ACCURACY method=FedPhoenixRG-SIR round=467 accuracy=69.970001
********************************************************************************
Round 467
ROUND_ACCURACY method=FedPhoenixRG-SIR round=468 accuracy=78.169998
********************************************************************************
Round 468
ROUND_ACCURACY method=FedPhoenixRG-SIR round=469 accuracy=74.690002
********************************************************************************
Round 469
ROUND_ACCURACY method=FedPhoenixRG-SIR round=470 accuracy=73.430000
********************************************************************************
Round 470
ROUND_ACCURACY method=FedPhoenixRG-SIR round=471 accuracy=76.139999
********************************************************************************
Round 471
ROUND_ACCURACY method=FedPhoenixRG-SIR round=472 accuracy=79.220001
********************************************************************************
Round 472
ROUND_ACCURACY method=FedPhoenixRG-SIR round=473 accuracy=75.290001
********************************************************************************
Round 473
ROUND_ACCURACY method=FedPhoenixRG-SIR round=474 accuracy=77.900002
********************************************************************************
Round 474
ROUND_ACCURACY method=FedPhoenixRG-SIR round=475 accuracy=76.220001
********************************************************************************
Round 475
ROUND_ACCURACY method=FedPhoenixRG-SIR round=476 accuracy=76.650002
********************************************************************************
Round 476
ROUND_ACCURACY method=FedPhoenixRG-SIR round=477 accuracy=73.540001
********************************************************************************
Round 477
ROUND_ACCURACY method=FedPhoenixRG-SIR round=478 accuracy=68.360001
********************************************************************************
Round 478
ROUND_ACCURACY method=FedPhoenixRG-SIR round=479 accuracy=81.580002
********************************************************************************
Round 479
SIR_SCORE round=480 layer=features.20 rank_corr=0.968435 top_overlap=1.000000 spectrum_diff=0.000e+00
SIR_SCORE round=480 layer=features.24 rank_corr=0.975447 top_overlap=0.875000 spectrum_diff=0.000e+00
SIR_SCORE round=480 layer=features.27 rank_corr=0.963060 top_overlap=0.750000 spectrum_diff=0.000e+00
SIR_SCORE round=480 layer=features.30 rank_corr=0.975767 top_overlap=0.875000 spectrum_diff=0.000e+00
SIR_SCORE round=480 layer=features.34 rank_corr=0.980468 top_overlap=0.625000 spectrum_diff=0.000e+00
SIR_SCORE round=480 layer=features.37 rank_corr=0.974850 top_overlap=1.000000 spectrum_diff=0.000e+00
SIR_SCORE round=480 layer=features.40 rank_corr=0.976174 top_overlap=0.875000 spectrum_diff=0.000e+00
ROUND_ACCURACY method=FedPhoenixRG-SIR round=480 accuracy=74.040001
********************************************************************************
Round 480
ROUND_ACCURACY method=FedPhoenixRG-SIR round=481 accuracy=78.199997
********************************************************************************
Round 481
ROUND_ACCURACY method=FedPhoenixRG-SIR round=482 accuracy=77.150002
********************************************************************************
Round 482
ROUND_ACCURACY method=FedPhoenixRG-SIR round=483 accuracy=75.629997
********************************************************************************
Round 483
ROUND_ACCURACY method=FedPhoenixRG-SIR round=484 accuracy=73.190002
********************************************************************************
Round 484
ROUND_ACCURACY method=FedPhoenixRG-SIR round=485 accuracy=70.449997
********************************************************************************
Round 485
ROUND_ACCURACY method=FedPhoenixRG-SIR round=486 accuracy=67.070000
********************************************************************************
Round 486
ROUND_ACCURACY method=FedPhoenixRG-SIR round=487 accuracy=73.419998
********************************************************************************
Round 487
ROUND_ACCURACY method=FedPhoenixRG-SIR round=488 accuracy=80.019997
********************************************************************************
Round 488
ROUND_ACCURACY method=FedPhoenixRG-SIR round=489 accuracy=79.459999
********************************************************************************
Round 489
ROUND_ACCURACY method=FedPhoenixRG-SIR round=490 accuracy=78.820000
********************************************************************************
Round 490
ROUND_ACCURACY method=FedPhoenixRG-SIR round=491 accuracy=67.779999
********************************************************************************
Round 491
ROUND_ACCURACY method=FedPhoenixRG-SIR round=492 accuracy=75.900002
********************************************************************************
Round 492
ROUND_ACCURACY method=FedPhoenixRG-SIR round=493 accuracy=79.199997
********************************************************************************
Round 493
ROUND_ACCURACY method=FedPhoenixRG-SIR round=494 accuracy=75.930000
********************************************************************************
Round 494
ROUND_ACCURACY method=FedPhoenixRG-SIR round=495 accuracy=74.610001
********************************************************************************
Round 495
ROUND_ACCURACY method=FedPhoenixRG-SIR round=496 accuracy=68.669998
********************************************************************************
Round 496
ROUND_ACCURACY method=FedPhoenixRG-SIR round=497 accuracy=77.559998
********************************************************************************
Round 497
ROUND_ACCURACY method=FedPhoenixRG-SIR round=498 accuracy=80.639999
********************************************************************************
Round 498
ROUND_ACCURACY method=FedPhoenixRG-SIR round=499 accuracy=72.879997
********************************************************************************
Round 499
SIR_SCORE round=500 layer=features.20 rank_corr=0.969633 top_overlap=1.000000 spectrum_diff=0.000e+00
SIR_SCORE round=500 layer=features.24 rank_corr=0.970502 top_overlap=0.750000 spectrum_diff=0.000e+00
SIR_SCORE round=500 layer=features.27 rank_corr=0.967761 top_overlap=0.875000 spectrum_diff=0.000e+00
SIR_SCORE round=500 layer=features.30 rank_corr=0.972564 top_overlap=0.875000 spectrum_diff=0.000e+00
SIR_SCORE round=500 layer=features.34 rank_corr=0.971754 top_overlap=0.625000 spectrum_diff=0.000e+00
SIR_SCORE round=500 layer=features.37 rank_corr=0.953707 top_overlap=0.500000 spectrum_diff=0.000e+00
SIR_SCORE round=500 layer=features.40 rank_corr=0.835284 top_overlap=0.750000 spectrum_diff=0.000e+00
ROUND_ACCURACY method=FedPhoenixRG-SIR round=500 accuracy=79.870003
********************************************************************************
Round 500
ROUND_ACCURACY method=FedPhoenixRG-SIR round=501 accuracy=75.910004
********************************************************************************
Round 501
ROUND_ACCURACY method=FedPhoenixRG-SIR round=502 accuracy=75.470001
********************************************************************************
Round 502
ROUND_ACCURACY method=FedPhoenixRG-SIR round=503 accuracy=75.989998
********************************************************************************
Round 503
ROUND_ACCURACY method=FedPhoenixRG-SIR round=504 accuracy=78.639999
********************************************************************************
Round 504
ROUND_ACCURACY method=FedPhoenixRG-SIR round=505 accuracy=79.639999
********************************************************************************
Round 505
ROUND_ACCURACY method=FedPhoenixRG-SIR round=506 accuracy=62.400002
********************************************************************************
Round 506
ROUND_ACCURACY method=FedPhoenixRG-SIR round=507 accuracy=68.959999
********************************************************************************
Round 507
ROUND_ACCURACY method=FedPhoenixRG-SIR round=508 accuracy=75.040001
********************************************************************************
Round 508
ROUND_ACCURACY method=FedPhoenixRG-SIR round=509 accuracy=73.760002
********************************************************************************
Round 509
ROUND_ACCURACY method=FedPhoenixRG-SIR round=510 accuracy=76.709999
********************************************************************************
Round 510
ROUND_ACCURACY method=FedPhoenixRG-SIR round=511 accuracy=71.239998
********************************************************************************
Round 511
ROUND_ACCURACY method=FedPhoenixRG-SIR round=512 accuracy=68.580002
********************************************************************************
Round 512
ROUND_ACCURACY method=FedPhoenixRG-SIR round=513 accuracy=68.199997
********************************************************************************
Round 513
ROUND_ACCURACY method=FedPhoenixRG-SIR round=514 accuracy=72.449997
********************************************************************************
Round 514
ROUND_ACCURACY method=FedPhoenixRG-SIR round=515 accuracy=77.989998
********************************************************************************
Round 515
ROUND_ACCURACY method=FedPhoenixRG-SIR round=516 accuracy=79.339996
********************************************************************************
Round 516
ROUND_ACCURACY method=FedPhoenixRG-SIR round=517 accuracy=78.019997
********************************************************************************
Round 517
ROUND_ACCURACY method=FedPhoenixRG-SIR round=518 accuracy=73.410004
********************************************************************************
Round 518
ROUND_ACCURACY method=FedPhoenixRG-SIR round=519 accuracy=75.330002
********************************************************************************
Round 519
SIR_SCORE round=520 layer=features.20 rank_corr=0.944898 top_overlap=0.750000 spectrum_diff=0.000e+00
SIR_SCORE round=520 layer=features.24 rank_corr=0.971415 top_overlap=0.875000 spectrum_diff=0.000e+00
SIR_SCORE round=520 layer=features.27 rank_corr=0.960659 top_overlap=0.875000 spectrum_diff=0.000e+00
SIR_SCORE round=520 layer=features.30 rank_corr=0.974034 top_overlap=0.875000 spectrum_diff=0.000e+00
SIR_SCORE round=520 layer=features.34 rank_corr=0.983615 top_overlap=0.375000 spectrum_diff=0.000e+00
SIR_SCORE round=520 layer=features.37 rank_corr=0.968276 top_overlap=0.875000 spectrum_diff=0.000e+00
SIR_SCORE round=520 layer=features.40 rank_corr=0.877817 top_overlap=0.750000 spectrum_diff=0.000e+00
ROUND_ACCURACY method=FedPhoenixRG-SIR round=520 accuracy=74.980003
********************************************************************************
Round 520
ROUND_ACCURACY method=FedPhoenixRG-SIR round=521 accuracy=72.910004
********************************************************************************
Round 521
ROUND_ACCURACY method=FedPhoenixRG-SIR round=522 accuracy=70.190002
********************************************************************************
Round 522
ROUND_ACCURACY method=FedPhoenixRG-SIR round=523 accuracy=71.040001
********************************************************************************
Round 523
ROUND_ACCURACY method=FedPhoenixRG-SIR round=524 accuracy=77.230003
********************************************************************************
Round 524
ROUND_ACCURACY method=FedPhoenixRG-SIR round=525 accuracy=74.070000
********************************************************************************
Round 525
ROUND_ACCURACY method=FedPhoenixRG-SIR round=526 accuracy=74.949997
********************************************************************************
Round 526
ROUND_ACCURACY method=FedPhoenixRG-SIR round=527 accuracy=72.930000
********************************************************************************
Round 527
ROUND_ACCURACY method=FedPhoenixRG-SIR round=528 accuracy=68.639999
********************************************************************************
Round 528
ROUND_ACCURACY method=FedPhoenixRG-SIR round=529 accuracy=78.879997
********************************************************************************
Round 529
ROUND_ACCURACY method=FedPhoenixRG-SIR round=530 accuracy=76.860001
********************************************************************************
Round 530
ROUND_ACCURACY method=FedPhoenixRG-SIR round=531 accuracy=69.529999
********************************************************************************
Round 531
ROUND_ACCURACY method=FedPhoenixRG-SIR round=532 accuracy=76.089996
********************************************************************************
Round 532
ROUND_ACCURACY method=FedPhoenixRG-SIR round=533 accuracy=77.690002
********************************************************************************
Round 533
ROUND_ACCURACY method=FedPhoenixRG-SIR round=534 accuracy=74.559998
********************************************************************************
Round 534
ROUND_ACCURACY method=FedPhoenixRG-SIR round=535 accuracy=75.800003
********************************************************************************
Round 535
ROUND_ACCURACY method=FedPhoenixRG-SIR round=536 accuracy=77.599998
********************************************************************************
Round 536
ROUND_ACCURACY method=FedPhoenixRG-SIR round=537 accuracy=77.320000
********************************************************************************
Round 537
ROUND_ACCURACY method=FedPhoenixRG-SIR round=538 accuracy=78.919998
********************************************************************************
Round 538
ROUND_ACCURACY method=FedPhoenixRG-SIR round=539 accuracy=80.669998
********************************************************************************
Round 539
SIR_SCORE round=540 layer=features.24 rank_corr=0.979765 top_overlap=0.875000 spectrum_diff=0.000e+00
SIR_SCORE round=540 layer=features.27 rank_corr=0.970201 top_overlap=0.750000 spectrum_diff=0.000e+00
SIR_SCORE round=540 layer=features.30 rank_corr=0.973306 top_overlap=0.875000 spectrum_diff=0.000e+00
SIR_SCORE round=540 layer=features.34 rank_corr=0.973827 top_overlap=0.875000 spectrum_diff=0.000e+00
SIR_SCORE round=540 layer=features.37 rank_corr=0.967444 top_overlap=0.750000 spectrum_diff=0.000e+00
SIR_SCORE round=540 layer=features.40 rank_corr=0.967807 top_overlap=0.625000 spectrum_diff=0.000e+00
ROUND_ACCURACY method=FedPhoenixRG-SIR round=540 accuracy=68.720001
********************************************************************************
Round 540
ROUND_ACCURACY method=FedPhoenixRG-SIR round=541 accuracy=67.519997
********************************************************************************
Round 541
ROUND_ACCURACY method=FedPhoenixRG-SIR round=542 accuracy=67.040001
********************************************************************************
Round 542
ROUND_ACCURACY method=FedPhoenixRG-SIR round=543 accuracy=65.709999
********************************************************************************
Round 543
ROUND_ACCURACY method=FedPhoenixRG-SIR round=544 accuracy=74.120003
********************************************************************************
Round 544
ROUND_ACCURACY method=FedPhoenixRG-SIR round=545 accuracy=75.750000
********************************************************************************
Round 545
ROUND_ACCURACY method=FedPhoenixRG-SIR round=546 accuracy=76.050003
********************************************************************************
Round 546
ROUND_ACCURACY method=FedPhoenixRG-SIR round=547 accuracy=70.209999
********************************************************************************
Round 547
ROUND_ACCURACY method=FedPhoenixRG-SIR round=548 accuracy=66.629997
********************************************************************************
Round 548
ROUND_ACCURACY method=FedPhoenixRG-SIR round=549 accuracy=51.939999
********************************************************************************
Round 549
ROUND_ACCURACY method=FedPhoenixRG-SIR round=550 accuracy=77.389999
********************************************************************************
Round 550
ROUND_ACCURACY method=FedPhoenixRG-SIR round=551 accuracy=75.849998
********************************************************************************
Round 551
ROUND_ACCURACY method=FedPhoenixRG-SIR round=552 accuracy=75.879997
********************************************************************************
Round 552
ROUND_ACCURACY method=FedPhoenixRG-SIR round=553 accuracy=76.709999
********************************************************************************
Round 553
ROUND_ACCURACY method=FedPhoenixRG-SIR round=554 accuracy=76.010002
********************************************************************************
Round 554
ROUND_ACCURACY method=FedPhoenixRG-SIR round=555 accuracy=77.669998
********************************************************************************
Round 555
ROUND_ACCURACY method=FedPhoenixRG-SIR round=556 accuracy=74.639999
********************************************************************************
Round 556
ROUND_ACCURACY method=FedPhoenixRG-SIR round=557 accuracy=75.040001
********************************************************************************
Round 557
ROUND_ACCURACY method=FedPhoenixRG-SIR round=558 accuracy=79.080002
********************************************************************************
Round 558
ROUND_ACCURACY method=FedPhoenixRG-SIR round=559 accuracy=78.629997
********************************************************************************
Round 559
SIR_SCORE round=560 layer=features.24 rank_corr=0.976944 top_overlap=0.875000 spectrum_diff=0.000e+00
SIR_SCORE round=560 layer=features.27 rank_corr=0.967997 top_overlap=1.000000 spectrum_diff=0.000e+00
SIR_SCORE round=560 layer=features.30 rank_corr=0.965190 top_overlap=0.375000 spectrum_diff=0.000e+00
SIR_SCORE round=560 layer=features.34 rank_corr=0.967095 top_overlap=0.625000 spectrum_diff=0.000e+00
SIR_SCORE round=560 layer=features.37 rank_corr=0.947211 top_overlap=0.750000 spectrum_diff=0.000e+00
SIR_SCORE round=560 layer=features.40 rank_corr=0.801618 top_overlap=0.625000 spectrum_diff=0.000e+00
ROUND_ACCURACY method=FedPhoenixRG-SIR round=560 accuracy=78.019997
********************************************************************************
Round 560
ROUND_ACCURACY method=FedPhoenixRG-SIR round=561 accuracy=79.629997
********************************************************************************
Round 561
ROUND_ACCURACY method=FedPhoenixRG-SIR round=562 accuracy=78.970001
********************************************************************************
Round 562
ROUND_ACCURACY method=FedPhoenixRG-SIR round=563 accuracy=71.260002
********************************************************************************
Round 563
ROUND_ACCURACY method=FedPhoenixRG-SIR round=564 accuracy=77.379997
********************************************************************************
Round 564
ROUND_ACCURACY method=FedPhoenixRG-SIR round=565 accuracy=73.639999
********************************************************************************
Round 565
ROUND_ACCURACY method=FedPhoenixRG-SIR round=566 accuracy=68.730003
********************************************************************************
Round 566
ROUND_ACCURACY method=FedPhoenixRG-SIR round=567 accuracy=71.650002
********************************************************************************
Round 567
ROUND_ACCURACY method=FedPhoenixRG-SIR round=568 accuracy=65.980003
********************************************************************************
Round 568
ROUND_ACCURACY method=FedPhoenixRG-SIR round=569 accuracy=66.070000
********************************************************************************
Round 569
ROUND_ACCURACY method=FedPhoenixRG-SIR round=570 accuracy=78.910004
********************************************************************************
Round 570
ROUND_ACCURACY method=FedPhoenixRG-SIR round=571 accuracy=73.459999
********************************************************************************
Round 571
ROUND_ACCURACY method=FedPhoenixRG-SIR round=572 accuracy=78.599998
********************************************************************************
Round 572
ROUND_ACCURACY method=FedPhoenixRG-SIR round=573 accuracy=79.669998
********************************************************************************
Round 573
ROUND_ACCURACY method=FedPhoenixRG-SIR round=574 accuracy=81.349998
********************************************************************************
Round 574
ROUND_ACCURACY method=FedPhoenixRG-SIR round=575 accuracy=66.910004
********************************************************************************
Round 575
ROUND_ACCURACY method=FedPhoenixRG-SIR round=576 accuracy=73.629997
********************************************************************************
Round 576
ROUND_ACCURACY method=FedPhoenixRG-SIR round=577 accuracy=78.830002
********************************************************************************
Round 577
ROUND_ACCURACY method=FedPhoenixRG-SIR round=578 accuracy=71.449997
********************************************************************************
Round 578
ROUND_ACCURACY method=FedPhoenixRG-SIR round=579 accuracy=60.220001
********************************************************************************
Round 579
SIR_SCORE round=580 layer=features.24 rank_corr=0.958311 top_overlap=0.875000 spectrum_diff=0.000e+00
SIR_SCORE round=580 layer=features.27 rank_corr=0.943058 top_overlap=0.875000 spectrum_diff=0.000e+00
SIR_SCORE round=580 layer=features.30 rank_corr=0.956535 top_overlap=0.750000 spectrum_diff=0.000e+00
SIR_SCORE round=580 layer=features.34 rank_corr=0.967848 top_overlap=0.875000 spectrum_diff=0.000e+00
SIR_SCORE round=580 layer=features.37 rank_corr=0.972207 top_overlap=0.875000 spectrum_diff=0.000e+00
SIR_SCORE round=580 layer=features.40 rank_corr=0.916058 top_overlap=0.750000 spectrum_diff=0.000e+00
ROUND_ACCURACY method=FedPhoenixRG-SIR round=580 accuracy=79.529999
********************************************************************************
Round 580
ROUND_ACCURACY method=FedPhoenixRG-SIR round=581 accuracy=80.010002
********************************************************************************
Round 581
ROUND_ACCURACY method=FedPhoenixRG-SIR round=582 accuracy=79.250000
********************************************************************************
Round 582
ROUND_ACCURACY method=FedPhoenixRG-SIR round=583 accuracy=75.589996
********************************************************************************
Round 583
ROUND_ACCURACY method=FedPhoenixRG-SIR round=584 accuracy=77.849998
********************************************************************************
Round 584
ROUND_ACCURACY method=FedPhoenixRG-SIR round=585 accuracy=77.919998
********************************************************************************
Round 585
ROUND_ACCURACY method=FedPhoenixRG-SIR round=586 accuracy=74.209999
********************************************************************************
Round 586
ROUND_ACCURACY method=FedPhoenixRG-SIR round=587 accuracy=66.220001
********************************************************************************
Round 587
ROUND_ACCURACY method=FedPhoenixRG-SIR round=588 accuracy=70.500000
********************************************************************************
Round 588
ROUND_ACCURACY method=FedPhoenixRG-SIR round=589 accuracy=69.089996
********************************************************************************
Round 589
ROUND_ACCURACY method=FedPhoenixRG-SIR round=590 accuracy=77.870003
********************************************************************************
Round 590
ROUND_ACCURACY method=FedPhoenixRG-SIR round=591 accuracy=60.730000
********************************************************************************
Round 591
ROUND_ACCURACY method=FedPhoenixRG-SIR round=592 accuracy=63.029999
********************************************************************************
Round 592
ROUND_ACCURACY method=FedPhoenixRG-SIR round=593 accuracy=78.160004
********************************************************************************
Round 593
ROUND_ACCURACY method=FedPhoenixRG-SIR round=594 accuracy=73.870003
********************************************************************************
Round 594
ROUND_ACCURACY method=FedPhoenixRG-SIR round=595 accuracy=79.800003
********************************************************************************
Round 595
ROUND_ACCURACY method=FedPhoenixRG-SIR round=596 accuracy=77.110001
********************************************************************************
Round 596
ROUND_ACCURACY method=FedPhoenixRG-SIR round=597 accuracy=77.989998
********************************************************************************
Round 597
ROUND_ACCURACY method=FedPhoenixRG-SIR round=598 accuracy=70.150002
********************************************************************************
Round 598
ROUND_ACCURACY method=FedPhoenixRG-SIR round=599 accuracy=77.559998
********************************************************************************
Round 599
SIR_SCORE round=600 layer=features.24 rank_corr=0.952104 top_overlap=0.625000 spectrum_diff=0.000e+00
SIR_SCORE round=600 layer=features.27 rank_corr=0.967587 top_overlap=0.875000 spectrum_diff=0.000e+00
SIR_SCORE round=600 layer=features.30 rank_corr=0.951440 top_overlap=0.750000 spectrum_diff=0.000e+00
SIR_SCORE round=600 layer=features.34 rank_corr=0.966317 top_overlap=0.625000 spectrum_diff=0.000e+00
SIR_SCORE round=600 layer=features.37 rank_corr=0.971394 top_overlap=0.875000 spectrum_diff=0.000e+00
SIR_SCORE round=600 layer=features.40 rank_corr=0.970685 top_overlap=0.875000 spectrum_diff=0.000e+00
ROUND_ACCURACY method=FedPhoenixRG-SIR round=600 accuracy=78.650002
********************************************************************************
Round 600
ROUND_ACCURACY method=FedPhoenixRG-SIR round=601 accuracy=79.470001
********************************************************************************
Round 601
ROUND_ACCURACY method=FedPhoenixRG-SIR round=602 accuracy=80.669998
********************************************************************************
Round 602
ROUND_ACCURACY method=FedPhoenixRG-SIR round=603 accuracy=80.279999
********************************************************************************
Round 603
ROUND_ACCURACY method=FedPhoenixRG-SIR round=604 accuracy=81.599998
********************************************************************************
Round 604
ROUND_ACCURACY method=FedPhoenixRG-SIR round=605 accuracy=74.940002
********************************************************************************
Round 605
ROUND_ACCURACY method=FedPhoenixRG-SIR round=606 accuracy=78.599998
********************************************************************************
Round 606
ROUND_ACCURACY method=FedPhoenixRG-SIR round=607 accuracy=69.400002
********************************************************************************
Round 607
ROUND_ACCURACY method=FedPhoenixRG-SIR round=608 accuracy=77.580002
********************************************************************************
Round 608
ROUND_ACCURACY method=FedPhoenixRG-SIR round=609 accuracy=81.620003
********************************************************************************
Round 609
ROUND_ACCURACY method=FedPhoenixRG-SIR round=610 accuracy=74.610001
********************************************************************************
Round 610
ROUND_ACCURACY method=FedPhoenixRG-SIR round=611 accuracy=81.190002
********************************************************************************
Round 611
ROUND_ACCURACY method=FedPhoenixRG-SIR round=612 accuracy=80.550003
********************************************************************************
Round 612
ROUND_ACCURACY method=FedPhoenixRG-SIR round=613 accuracy=80.230003
********************************************************************************
Round 613
ROUND_ACCURACY method=FedPhoenixRG-SIR round=614 accuracy=69.290001
********************************************************************************
Round 614
ROUND_ACCURACY method=FedPhoenixRG-SIR round=615 accuracy=69.139999
********************************************************************************
Round 615
ROUND_ACCURACY method=FedPhoenixRG-SIR round=616 accuracy=78.430000
********************************************************************************
Round 616
ROUND_ACCURACY method=FedPhoenixRG-SIR round=617 accuracy=78.790001
********************************************************************************
Round 617
ROUND_ACCURACY method=FedPhoenixRG-SIR round=618 accuracy=77.849998
********************************************************************************
Round 618
ROUND_ACCURACY method=FedPhoenixRG-SIR round=619 accuracy=74.529999
********************************************************************************
Round 619
SIR_SCORE round=620 layer=features.27 rank_corr=0.959990 top_overlap=0.625000 spectrum_diff=0.000e+00
SIR_SCORE round=620 layer=features.30 rank_corr=0.955314 top_overlap=0.875000 spectrum_diff=0.000e+00
SIR_SCORE round=620 layer=features.34 rank_corr=0.970996 top_overlap=0.875000 spectrum_diff=0.000e+00
SIR_SCORE round=620 layer=features.37 rank_corr=0.971464 top_overlap=0.750000 spectrum_diff=0.000e+00
SIR_SCORE round=620 layer=features.40 rank_corr=0.945831 top_overlap=0.750000 spectrum_diff=0.000e+00
ROUND_ACCURACY method=FedPhoenixRG-SIR round=620 accuracy=69.230003
********************************************************************************
Round 620
ROUND_ACCURACY method=FedPhoenixRG-SIR round=621 accuracy=71.540001
********************************************************************************
Round 621
ROUND_ACCURACY method=FedPhoenixRG-SIR round=622 accuracy=79.279999
********************************************************************************
Round 622
ROUND_ACCURACY method=FedPhoenixRG-SIR round=623 accuracy=57.200001
********************************************************************************
Round 623
ROUND_ACCURACY method=FedPhoenixRG-SIR round=624 accuracy=74.040001
********************************************************************************
Round 624
ROUND_ACCURACY method=FedPhoenixRG-SIR round=625 accuracy=71.449997
********************************************************************************
Round 625
ROUND_ACCURACY method=FedPhoenixRG-SIR round=626 accuracy=69.660004
********************************************************************************
Round 626
ROUND_ACCURACY method=FedPhoenixRG-SIR round=627 accuracy=76.769997
********************************************************************************
Round 627
ROUND_ACCURACY method=FedPhoenixRG-SIR round=628 accuracy=72.459999
********************************************************************************
Round 628
ROUND_ACCURACY method=FedPhoenixRG-SIR round=629 accuracy=77.639999
********************************************************************************
Round 629
ROUND_ACCURACY method=FedPhoenixRG-SIR round=630 accuracy=79.220001
********************************************************************************
Round 630
ROUND_ACCURACY method=FedPhoenixRG-SIR round=631 accuracy=79.970001
********************************************************************************
Round 631
ROUND_ACCURACY method=FedPhoenixRG-SIR round=632 accuracy=75.419998
********************************************************************************
Round 632
ROUND_ACCURACY method=FedPhoenixRG-SIR round=633 accuracy=68.489998
********************************************************************************
Round 633
ROUND_ACCURACY method=FedPhoenixRG-SIR round=634 accuracy=77.610001
********************************************************************************
Round 634
ROUND_ACCURACY method=FedPhoenixRG-SIR round=635 accuracy=74.510002
********************************************************************************
Round 635
ROUND_ACCURACY method=FedPhoenixRG-SIR round=636 accuracy=78.300003
********************************************************************************
Round 636
ROUND_ACCURACY method=FedPhoenixRG-SIR round=637 accuracy=73.879997
********************************************************************************
Round 637
ROUND_ACCURACY method=FedPhoenixRG-SIR round=638 accuracy=76.029999
********************************************************************************
Round 638
ROUND_ACCURACY method=FedPhoenixRG-SIR round=639 accuracy=64.489998
********************************************************************************
Round 639
SIR_SCORE round=640 layer=features.27 rank_corr=0.913712 top_overlap=0.750000 spectrum_diff=0.000e+00
SIR_SCORE round=640 layer=features.30 rank_corr=0.937605 top_overlap=0.750000 spectrum_diff=0.000e+00
SIR_SCORE round=640 layer=features.34 rank_corr=0.948813 top_overlap=0.750000 spectrum_diff=0.000e+00
SIR_SCORE round=640 layer=features.37 rank_corr=0.952698 top_overlap=0.750000 spectrum_diff=0.000e+00
SIR_SCORE round=640 layer=features.40 rank_corr=0.850198 top_overlap=0.625000 spectrum_diff=0.000e+00
ROUND_ACCURACY method=FedPhoenixRG-SIR round=640 accuracy=79.860001
********************************************************************************
Round 640
ROUND_ACCURACY method=FedPhoenixRG-SIR round=641 accuracy=79.599998
********************************************************************************
Round 641
ROUND_ACCURACY method=FedPhoenixRG-SIR round=642 accuracy=76.760002
********************************************************************************
Round 642
ROUND_ACCURACY method=FedPhoenixRG-SIR round=643 accuracy=76.769997
********************************************************************************
Round 643
ROUND_ACCURACY method=FedPhoenixRG-SIR round=644 accuracy=75.250000
********************************************************************************
Round 644
ROUND_ACCURACY method=FedPhoenixRG-SIR round=645 accuracy=73.440002
********************************************************************************
Round 645
ROUND_ACCURACY method=FedPhoenixRG-SIR round=646 accuracy=74.589996
********************************************************************************
Round 646
ROUND_ACCURACY method=FedPhoenixRG-SIR round=647 accuracy=80.540001
********************************************************************************
Round 647
ROUND_ACCURACY method=FedPhoenixRG-SIR round=648 accuracy=79.820000
********************************************************************************
Round 648
ROUND_ACCURACY method=FedPhoenixRG-SIR round=649 accuracy=78.220001
********************************************************************************
Round 649
ROUND_ACCURACY method=FedPhoenixRG-SIR round=650 accuracy=79.669998
********************************************************************************
Round 650
ROUND_ACCURACY method=FedPhoenixRG-SIR round=651 accuracy=77.790001
********************************************************************************
Round 651
ROUND_ACCURACY method=FedPhoenixRG-SIR round=652 accuracy=74.860001
********************************************************************************
Round 652
ROUND_ACCURACY method=FedPhoenixRG-SIR round=653 accuracy=75.029999
********************************************************************************
Round 653
ROUND_ACCURACY method=FedPhoenixRG-SIR round=654 accuracy=80.180000
********************************************************************************
Round 654
ROUND_ACCURACY method=FedPhoenixRG-SIR round=655 accuracy=80.349998
********************************************************************************
Round 655
ROUND_ACCURACY method=FedPhoenixRG-SIR round=656 accuracy=73.550003
********************************************************************************
Round 656
ROUND_ACCURACY method=FedPhoenixRG-SIR round=657 accuracy=80.959999
********************************************************************************
Round 657
ROUND_ACCURACY method=FedPhoenixRG-SIR round=658 accuracy=80.669998
********************************************************************************
Round 658
ROUND_ACCURACY method=FedPhoenixRG-SIR round=659 accuracy=78.790001
********************************************************************************
Round 659
SIR_SCORE round=660 layer=features.27 rank_corr=0.972914 top_overlap=0.750000 spectrum_diff=0.000e+00
SIR_SCORE round=660 layer=features.30 rank_corr=0.968579 top_overlap=0.625000 spectrum_diff=0.000e+00
SIR_SCORE round=660 layer=features.34 rank_corr=0.980249 top_overlap=0.875000 spectrum_diff=0.000e+00
SIR_SCORE round=660 layer=features.37 rank_corr=0.975305 top_overlap=0.500000 spectrum_diff=0.000e+00
SIR_SCORE round=660 layer=features.40 rank_corr=0.977022 top_overlap=0.750000 spectrum_diff=0.000e+00
ROUND_ACCURACY method=FedPhoenixRG-SIR round=660 accuracy=71.809998
********************************************************************************
Round 660
ROUND_ACCURACY method=FedPhoenixRG-SIR round=661 accuracy=80.260002
********************************************************************************
Round 661
ROUND_ACCURACY method=FedPhoenixRG-SIR round=662 accuracy=77.730003
********************************************************************************
Round 662
ROUND_ACCURACY method=FedPhoenixRG-SIR round=663 accuracy=78.709999
********************************************************************************
Round 663
ROUND_ACCURACY method=FedPhoenixRG-SIR round=664 accuracy=80.809998
********************************************************************************
Round 664
ROUND_ACCURACY method=FedPhoenixRG-SIR round=665 accuracy=80.559998
********************************************************************************
Round 665
ROUND_ACCURACY method=FedPhoenixRG-SIR round=666 accuracy=80.720001
********************************************************************************
Round 666
ROUND_ACCURACY method=FedPhoenixRG-SIR round=667 accuracy=78.949997
********************************************************************************
Round 667
ROUND_ACCURACY method=FedPhoenixRG-SIR round=668 accuracy=79.650002
********************************************************************************
Round 668
ROUND_ACCURACY method=FedPhoenixRG-SIR round=669 accuracy=82.360001
********************************************************************************
Round 669
ROUND_ACCURACY method=FedPhoenixRG-SIR round=670 accuracy=75.379997
********************************************************************************
Round 670
ROUND_ACCURACY method=FedPhoenixRG-SIR round=671 accuracy=73.779999
********************************************************************************
Round 671
ROUND_ACCURACY method=FedPhoenixRG-SIR round=672 accuracy=70.190002
********************************************************************************
Round 672
ROUND_ACCURACY method=FedPhoenixRG-SIR round=673 accuracy=75.629997
********************************************************************************
Round 673
ROUND_ACCURACY method=FedPhoenixRG-SIR round=674 accuracy=75.959999
********************************************************************************
Round 674
ROUND_ACCURACY method=FedPhoenixRG-SIR round=675 accuracy=79.440002
********************************************************************************
Round 675
ROUND_ACCURACY method=FedPhoenixRG-SIR round=676 accuracy=79.849998
********************************************************************************
Round 676
ROUND_ACCURACY method=FedPhoenixRG-SIR round=677 accuracy=76.709999
********************************************************************************
Round 677
ROUND_ACCURACY method=FedPhoenixRG-SIR round=678 accuracy=75.160004
********************************************************************************
Round 678
ROUND_ACCURACY method=FedPhoenixRG-SIR round=679 accuracy=65.010002
********************************************************************************
Round 679
SIR_SCORE round=680 layer=features.27 rank_corr=0.962221 top_overlap=0.625000 spectrum_diff=0.000e+00
SIR_SCORE round=680 layer=features.30 rank_corr=0.967741 top_overlap=0.750000 spectrum_diff=0.000e+00
SIR_SCORE round=680 layer=features.34 rank_corr=0.970973 top_overlap=0.750000 spectrum_diff=0.000e+00
SIR_SCORE round=680 layer=features.37 rank_corr=0.972863 top_overlap=0.875000 spectrum_diff=0.000e+00
SIR_SCORE round=680 layer=features.40 rank_corr=0.984962 top_overlap=0.875000 spectrum_diff=0.000e+00
ROUND_ACCURACY method=FedPhoenixRG-SIR round=680 accuracy=70.279999
********************************************************************************
Round 680
ROUND_ACCURACY method=FedPhoenixRG-SIR round=681 accuracy=71.400002
********************************************************************************
Round 681
ROUND_ACCURACY method=FedPhoenixRG-SIR round=682 accuracy=71.379997
********************************************************************************
Round 682
ROUND_ACCURACY method=FedPhoenixRG-SIR round=683 accuracy=79.440002
********************************************************************************
Round 683
ROUND_ACCURACY method=FedPhoenixRG-SIR round=684 accuracy=78.389999
********************************************************************************
Round 684
ROUND_ACCURACY method=FedPhoenixRG-SIR round=685 accuracy=69.099998
********************************************************************************
Round 685
ROUND_ACCURACY method=FedPhoenixRG-SIR round=686 accuracy=76.339996
********************************************************************************
Round 686
ROUND_ACCURACY method=FedPhoenixRG-SIR round=687 accuracy=76.370003
********************************************************************************
Round 687
ROUND_ACCURACY method=FedPhoenixRG-SIR round=688 accuracy=74.110001
********************************************************************************
Round 688
ROUND_ACCURACY method=FedPhoenixRG-SIR round=689 accuracy=77.360001
********************************************************************************
Round 689
ROUND_ACCURACY method=FedPhoenixRG-SIR round=690 accuracy=74.389999
********************************************************************************
Round 690
ROUND_ACCURACY method=FedPhoenixRG-SIR round=691 accuracy=72.680000
********************************************************************************
Round 691
ROUND_ACCURACY method=FedPhoenixRG-SIR round=692 accuracy=57.509998
********************************************************************************
Round 692
ROUND_ACCURACY method=FedPhoenixRG-SIR round=693 accuracy=77.070000
********************************************************************************
Round 693
ROUND_ACCURACY method=FedPhoenixRG-SIR round=694 accuracy=77.900002
********************************************************************************
Round 694
ROUND_ACCURACY method=FedPhoenixRG-SIR round=695 accuracy=78.639999
********************************************************************************
Round 695
ROUND_ACCURACY method=FedPhoenixRG-SIR round=696 accuracy=79.300003
********************************************************************************
Round 696
ROUND_ACCURACY method=FedPhoenixRG-SIR round=697 accuracy=73.910004
********************************************************************************
Round 697
ROUND_ACCURACY method=FedPhoenixRG-SIR round=698 accuracy=81.330002
********************************************************************************
Round 698
ROUND_ACCURACY method=FedPhoenixRG-SIR round=699 accuracy=79.809998
********************************************************************************
Round 699
SIR_SCORE round=700 layer=features.30 rank_corr=0.950350 top_overlap=0.625000 spectrum_diff=0.000e+00
SIR_SCORE round=700 layer=features.34 rank_corr=0.969294 top_overlap=0.750000 spectrum_diff=0.000e+00
SIR_SCORE round=700 layer=features.37 rank_corr=0.971565 top_overlap=0.750000 spectrum_diff=0.000e+00
SIR_SCORE round=700 layer=features.40 rank_corr=0.980706 top_overlap=0.750000 spectrum_diff=0.000e+00
ROUND_ACCURACY method=FedPhoenixRG-SIR round=700 accuracy=80.290001
********************************************************************************
Round 700
ROUND_ACCURACY method=FedPhoenixRG-SIR round=701 accuracy=79.820000
********************************************************************************
Round 701
ROUND_ACCURACY method=FedPhoenixRG-SIR round=702 accuracy=72.190002
********************************************************************************
Round 702
ROUND_ACCURACY method=FedPhoenixRG-SIR round=703 accuracy=74.650002
********************************************************************************
Round 703
ROUND_ACCURACY method=FedPhoenixRG-SIR round=704 accuracy=81.160004
********************************************************************************
Round 704
ROUND_ACCURACY method=FedPhoenixRG-SIR round=705 accuracy=81.779999
********************************************************************************
Round 705
ROUND_ACCURACY method=FedPhoenixRG-SIR round=706 accuracy=82.279999
********************************************************************************
Round 706
ROUND_ACCURACY method=FedPhoenixRG-SIR round=707 accuracy=80.769997
********************************************************************************
Round 707
ROUND_ACCURACY method=FedPhoenixRG-SIR round=708 accuracy=80.690002
********************************************************************************
Round 708
ROUND_ACCURACY method=FedPhoenixRG-SIR round=709 accuracy=79.599998
********************************************************************************
Round 709
ROUND_ACCURACY method=FedPhoenixRG-SIR round=710 accuracy=80.830002
********************************************************************************
Round 710
ROUND_ACCURACY method=FedPhoenixRG-SIR round=711 accuracy=80.050003
********************************************************************************
Round 711
ROUND_ACCURACY method=FedPhoenixRG-SIR round=712 accuracy=67.959999
********************************************************************************
Round 712
ROUND_ACCURACY method=FedPhoenixRG-SIR round=713 accuracy=78.300003
********************************************************************************
Round 713
ROUND_ACCURACY method=FedPhoenixRG-SIR round=714 accuracy=74.050003
********************************************************************************
Round 714
ROUND_ACCURACY method=FedPhoenixRG-SIR round=715 accuracy=77.089996
********************************************************************************
Round 715
ROUND_ACCURACY method=FedPhoenixRG-SIR round=716 accuracy=78.199997
********************************************************************************
Round 716
ROUND_ACCURACY method=FedPhoenixRG-SIR round=717 accuracy=74.800003
********************************************************************************
Round 717
ROUND_ACCURACY method=FedPhoenixRG-SIR round=718 accuracy=75.510002
********************************************************************************
Round 718
ROUND_ACCURACY method=FedPhoenixRG-SIR round=719 accuracy=79.599998
********************************************************************************
Round 719
SIR_SCORE round=720 layer=features.30 rank_corr=0.963635 top_overlap=0.875000 spectrum_diff=0.000e+00
SIR_SCORE round=720 layer=features.34 rank_corr=0.970673 top_overlap=0.750000 spectrum_diff=0.000e+00
SIR_SCORE round=720 layer=features.37 rank_corr=0.937402 top_overlap=0.500000 spectrum_diff=0.000e+00
SIR_SCORE round=720 layer=features.40 rank_corr=0.870309 top_overlap=0.375000 spectrum_diff=0.000e+00
ROUND_ACCURACY method=FedPhoenixRG-SIR round=720 accuracy=77.070000
********************************************************************************
Round 720
ROUND_ACCURACY method=FedPhoenixRG-SIR round=721 accuracy=78.669998
********************************************************************************
Round 721
ROUND_ACCURACY method=FedPhoenixRG-SIR round=722 accuracy=76.370003
********************************************************************************
Round 722
ROUND_ACCURACY method=FedPhoenixRG-SIR round=723 accuracy=77.900002
********************************************************************************
Round 723
ROUND_ACCURACY method=FedPhoenixRG-SIR round=724 accuracy=73.599998
********************************************************************************
Round 724
ROUND_ACCURACY method=FedPhoenixRG-SIR round=725 accuracy=72.750000
********************************************************************************
Round 725
ROUND_ACCURACY method=FedPhoenixRG-SIR round=726 accuracy=71.599998
********************************************************************************
Round 726
ROUND_ACCURACY method=FedPhoenixRG-SIR round=727 accuracy=79.809998
********************************************************************************
Round 727
ROUND_ACCURACY method=FedPhoenixRG-SIR round=728 accuracy=80.790001
********************************************************************************
Round 728
ROUND_ACCURACY method=FedPhoenixRG-SIR round=729 accuracy=79.360001
********************************************************************************
Round 729
ROUND_ACCURACY method=FedPhoenixRG-SIR round=730 accuracy=81.059998
********************************************************************************
Round 730
ROUND_ACCURACY method=FedPhoenixRG-SIR round=731 accuracy=79.660004
********************************************************************************
Round 731
ROUND_ACCURACY method=FedPhoenixRG-SIR round=732 accuracy=77.379997
********************************************************************************
Round 732
ROUND_ACCURACY method=FedPhoenixRG-SIR round=733 accuracy=70.089996
********************************************************************************
Round 733
ROUND_ACCURACY method=FedPhoenixRG-SIR round=734 accuracy=72.500000
********************************************************************************
Round 734
ROUND_ACCURACY method=FedPhoenixRG-SIR round=735 accuracy=67.410004
********************************************************************************
Round 735
ROUND_ACCURACY method=FedPhoenixRG-SIR round=736 accuracy=76.410004
********************************************************************************
Round 736
ROUND_ACCURACY method=FedPhoenixRG-SIR round=737 accuracy=75.300003
********************************************************************************
Round 737
ROUND_ACCURACY method=FedPhoenixRG-SIR round=738 accuracy=74.449997
********************************************************************************
Round 738
ROUND_ACCURACY method=FedPhoenixRG-SIR round=739 accuracy=80.410004
********************************************************************************
Round 739
SIR_SCORE round=740 layer=features.30 rank_corr=0.977138 top_overlap=0.750000 spectrum_diff=0.000e+00
SIR_SCORE round=740 layer=features.34 rank_corr=0.979638 top_overlap=0.875000 spectrum_diff=0.000e+00
SIR_SCORE round=740 layer=features.37 rank_corr=0.978579 top_overlap=0.750000 spectrum_diff=0.000e+00
SIR_SCORE round=740 layer=features.40 rank_corr=0.972079 top_overlap=0.625000 spectrum_diff=0.000e+00
ROUND_ACCURACY method=FedPhoenixRG-SIR round=740 accuracy=57.419998
********************************************************************************
Round 740
ROUND_ACCURACY method=FedPhoenixRG-SIR round=741 accuracy=69.879997
********************************************************************************
Round 741
ROUND_ACCURACY method=FedPhoenixRG-SIR round=742 accuracy=62.560001
********************************************************************************
Round 742
ROUND_ACCURACY method=FedPhoenixRG-SIR round=743 accuracy=76.040001
********************************************************************************
Round 743
ROUND_ACCURACY method=FedPhoenixRG-SIR round=744 accuracy=80.720001
********************************************************************************
Round 744
ROUND_ACCURACY method=FedPhoenixRG-SIR round=745 accuracy=80.389999
********************************************************************************
Round 745
ROUND_ACCURACY method=FedPhoenixRG-SIR round=746 accuracy=77.070000
********************************************************************************
Round 746
ROUND_ACCURACY method=FedPhoenixRG-SIR round=747 accuracy=79.139999
********************************************************************************
Round 747
ROUND_ACCURACY method=FedPhoenixRG-SIR round=748 accuracy=78.830002
********************************************************************************
Round 748
ROUND_ACCURACY method=FedPhoenixRG-SIR round=749 accuracy=78.830002
********************************************************************************
Round 749
ROUND_ACCURACY method=FedPhoenixRG-SIR round=750 accuracy=80.199997
********************************************************************************
Round 750
ROUND_ACCURACY method=FedPhoenixRG-SIR round=751 accuracy=80.470001
********************************************************************************
Round 751
ROUND_ACCURACY method=FedPhoenixRG-SIR round=752 accuracy=74.290001
********************************************************************************
Round 752
ROUND_ACCURACY method=FedPhoenixRG-SIR round=753 accuracy=80.879997
********************************************************************************
Round 753
ROUND_ACCURACY method=FedPhoenixRG-SIR round=754 accuracy=78.389999
********************************************************************************
Round 754
ROUND_ACCURACY method=FedPhoenixRG-SIR round=755 accuracy=80.809998
********************************************************************************
Round 755
ROUND_ACCURACY method=FedPhoenixRG-SIR round=756 accuracy=81.209999
********************************************************************************
Round 756
ROUND_ACCURACY method=FedPhoenixRG-SIR round=757 accuracy=79.680000
********************************************************************************
Round 757
ROUND_ACCURACY method=FedPhoenixRG-SIR round=758 accuracy=79.449997
********************************************************************************
Round 758
ROUND_ACCURACY method=FedPhoenixRG-SIR round=759 accuracy=77.260002
********************************************************************************
Round 759
SIR_SCORE round=760 layer=features.30 rank_corr=0.962196 top_overlap=0.750000 spectrum_diff=0.000e+00
SIR_SCORE round=760 layer=features.34 rank_corr=0.980258 top_overlap=0.625000 spectrum_diff=0.000e+00
SIR_SCORE round=760 layer=features.37 rank_corr=0.966400 top_overlap=0.750000 spectrum_diff=0.000e+00
SIR_SCORE round=760 layer=features.40 rank_corr=0.938665 top_overlap=0.625000 spectrum_diff=0.000e+00
ROUND_ACCURACY method=FedPhoenixRG-SIR round=760 accuracy=80.279999
********************************************************************************
Round 760
ROUND_ACCURACY method=FedPhoenixRG-SIR round=761 accuracy=79.769997
********************************************************************************
Round 761
ROUND_ACCURACY method=FedPhoenixRG-SIR round=762 accuracy=73.709999
********************************************************************************
Round 762
ROUND_ACCURACY method=FedPhoenixRG-SIR round=763 accuracy=78.430000
********************************************************************************
Round 763
ROUND_ACCURACY method=FedPhoenixRG-SIR round=764 accuracy=79.790001
********************************************************************************
Round 764
ROUND_ACCURACY method=FedPhoenixRG-SIR round=765 accuracy=80.709999
********************************************************************************
Round 765
ROUND_ACCURACY method=FedPhoenixRG-SIR round=766 accuracy=79.800003
********************************************************************************
Round 766
ROUND_ACCURACY method=FedPhoenixRG-SIR round=767 accuracy=80.879997
********************************************************************************
Round 767
ROUND_ACCURACY method=FedPhoenixRG-SIR round=768 accuracy=79.169998
********************************************************************************
Round 768
ROUND_ACCURACY method=FedPhoenixRG-SIR round=769 accuracy=81.669998
********************************************************************************
Round 769
ROUND_ACCURACY method=FedPhoenixRG-SIR round=770 accuracy=82.059998
********************************************************************************
Round 770
ROUND_ACCURACY method=FedPhoenixRG-SIR round=771 accuracy=79.279999
********************************************************************************
Round 771
ROUND_ACCURACY method=FedPhoenixRG-SIR round=772 accuracy=78.680000
********************************************************************************
Round 772
ROUND_ACCURACY method=FedPhoenixRG-SIR round=773 accuracy=75.849998
********************************************************************************
Round 773
ROUND_ACCURACY method=FedPhoenixRG-SIR round=774 accuracy=75.459999
********************************************************************************
Round 774
ROUND_ACCURACY method=FedPhoenixRG-SIR round=775 accuracy=75.540001
********************************************************************************
Round 775
ROUND_ACCURACY method=FedPhoenixRG-SIR round=776 accuracy=73.550003
********************************************************************************
Round 776
ROUND_ACCURACY method=FedPhoenixRG-SIR round=777 accuracy=81.010002
********************************************************************************
Round 777
ROUND_ACCURACY method=FedPhoenixRG-SIR round=778 accuracy=71.320000
********************************************************************************
Round 778
ROUND_ACCURACY method=FedPhoenixRG-SIR round=779 accuracy=60.110001
********************************************************************************
Round 779
SIR_SCORE round=780 layer=features.34 rank_corr=0.962923 top_overlap=0.875000 spectrum_diff=0.000e+00
SIR_SCORE round=780 layer=features.37 rank_corr=0.977517 top_overlap=0.750000 spectrum_diff=0.000e+00
SIR_SCORE round=780 layer=features.40 rank_corr=0.977108 top_overlap=0.750000 spectrum_diff=0.000e+00
ROUND_ACCURACY method=FedPhoenixRG-SIR round=780 accuracy=71.339996
********************************************************************************
Round 780
ROUND_ACCURACY method=FedPhoenixRG-SIR round=781 accuracy=72.480003
********************************************************************************
Round 781
ROUND_ACCURACY method=FedPhoenixRG-SIR round=782 accuracy=77.309998
********************************************************************************
Round 782
ROUND_ACCURACY method=FedPhoenixRG-SIR round=783 accuracy=79.730003
********************************************************************************
Round 783
ROUND_ACCURACY method=FedPhoenixRG-SIR round=784 accuracy=71.330002
********************************************************************************
Round 784
ROUND_ACCURACY method=FedPhoenixRG-SIR round=785 accuracy=71.470001
********************************************************************************
Round 785
ROUND_ACCURACY method=FedPhoenixRG-SIR round=786 accuracy=70.879997
********************************************************************************
Round 786
ROUND_ACCURACY method=FedPhoenixRG-SIR round=787 accuracy=79.419998
********************************************************************************
Round 787
ROUND_ACCURACY method=FedPhoenixRG-SIR round=788 accuracy=81.080002
********************************************************************************
Round 788
ROUND_ACCURACY method=FedPhoenixRG-SIR round=789 accuracy=81.680000
********************************************************************************
Round 789
ROUND_ACCURACY method=FedPhoenixRG-SIR round=790 accuracy=81.830002
********************************************************************************
Round 790
ROUND_ACCURACY method=FedPhoenixRG-SIR round=791 accuracy=81.160004
********************************************************************************
Round 791
ROUND_ACCURACY method=FedPhoenixRG-SIR round=792 accuracy=77.699997
********************************************************************************
Round 792
ROUND_ACCURACY method=FedPhoenixRG-SIR round=793 accuracy=78.190002
********************************************************************************
Round 793
ROUND_ACCURACY method=FedPhoenixRG-SIR round=794 accuracy=77.430000
********************************************************************************
Round 794
ROUND_ACCURACY method=FedPhoenixRG-SIR round=795 accuracy=79.669998
********************************************************************************
Round 795
ROUND_ACCURACY method=FedPhoenixRG-SIR round=796 accuracy=78.510002
********************************************************************************
Round 796
ROUND_ACCURACY method=FedPhoenixRG-SIR round=797 accuracy=79.779999
********************************************************************************
Round 797
ROUND_ACCURACY method=FedPhoenixRG-SIR round=798 accuracy=68.540001
********************************************************************************
Round 798
ROUND_ACCURACY method=FedPhoenixRG-SIR round=799 accuracy=81.750000
********************************************************************************
Round 799
SIR_SCORE round=800 layer=features.34 rank_corr=0.952889 top_overlap=0.875000 spectrum_diff=0.000e+00
SIR_SCORE round=800 layer=features.37 rank_corr=0.952648 top_overlap=1.000000 spectrum_diff=0.000e+00
SIR_SCORE round=800 layer=features.40 rank_corr=0.911451 top_overlap=0.625000 spectrum_diff=0.000e+00
ROUND_ACCURACY method=FedPhoenixRG-SIR round=800 accuracy=80.209999
********************************************************************************
Round 800
ROUND_ACCURACY method=FedPhoenixRG-SIR round=801 accuracy=79.150002
********************************************************************************
Round 801
ROUND_ACCURACY method=FedPhoenixRG-SIR round=802 accuracy=78.540001
********************************************************************************
Round 802
ROUND_ACCURACY method=FedPhoenixRG-SIR round=803 accuracy=81.489998
********************************************************************************
Round 803
ROUND_ACCURACY method=FedPhoenixRG-SIR round=804 accuracy=74.010002
********************************************************************************
Round 804
ROUND_ACCURACY method=FedPhoenixRG-SIR round=805 accuracy=71.190002
********************************************************************************
Round 805
ROUND_ACCURACY method=FedPhoenixRG-SIR round=806 accuracy=80.129997
********************************************************************************
Round 806
ROUND_ACCURACY method=FedPhoenixRG-SIR round=807 accuracy=71.629997
********************************************************************************
Round 807
ROUND_ACCURACY method=FedPhoenixRG-SIR round=808 accuracy=78.529999
********************************************************************************
Round 808
ROUND_ACCURACY method=FedPhoenixRG-SIR round=809 accuracy=78.220001
********************************************************************************
Round 809
ROUND_ACCURACY method=FedPhoenixRG-SIR round=810 accuracy=81.360001
********************************************************************************
Round 810
ROUND_ACCURACY method=FedPhoenixRG-SIR round=811 accuracy=75.160004
********************************************************************************
Round 811
ROUND_ACCURACY method=FedPhoenixRG-SIR round=812 accuracy=65.029999
********************************************************************************
Round 812
ROUND_ACCURACY method=FedPhoenixRG-SIR round=813 accuracy=71.419998
********************************************************************************
Round 813
ROUND_ACCURACY method=FedPhoenixRG-SIR round=814 accuracy=69.230003
********************************************************************************
Round 814
ROUND_ACCURACY method=FedPhoenixRG-SIR round=815 accuracy=79.160004
********************************************************************************
Round 815
ROUND_ACCURACY method=FedPhoenixRG-SIR round=816 accuracy=81.430000
********************************************************************************
Round 816
ROUND_ACCURACY method=FedPhoenixRG-SIR round=817 accuracy=81.029999
********************************************************************************
Round 817
ROUND_ACCURACY method=FedPhoenixRG-SIR round=818 accuracy=66.839996
********************************************************************************
Round 818
ROUND_ACCURACY method=FedPhoenixRG-SIR round=819 accuracy=80.239998
********************************************************************************
Round 819
SIR_SCORE round=820 layer=features.34 rank_corr=0.966766 top_overlap=0.625000 spectrum_diff=0.000e+00
SIR_SCORE round=820 layer=features.37 rank_corr=0.968785 top_overlap=0.875000 spectrum_diff=0.000e+00
SIR_SCORE round=820 layer=features.40 rank_corr=0.971945 top_overlap=0.875000 spectrum_diff=0.000e+00
ROUND_ACCURACY method=FedPhoenixRG-SIR round=820 accuracy=77.330002
********************************************************************************
Round 820
ROUND_ACCURACY method=FedPhoenixRG-SIR round=821 accuracy=79.660004
********************************************************************************
Round 821
ROUND_ACCURACY method=FedPhoenixRG-SIR round=822 accuracy=78.379997
********************************************************************************
Round 822
ROUND_ACCURACY method=FedPhoenixRG-SIR round=823 accuracy=72.650002
********************************************************************************
Round 823
ROUND_ACCURACY method=FedPhoenixRG-SIR round=824 accuracy=76.959999
********************************************************************************
Round 824
ROUND_ACCURACY method=FedPhoenixRG-SIR round=825 accuracy=80.050003
********************************************************************************
Round 825
ROUND_ACCURACY method=FedPhoenixRG-SIR round=826 accuracy=78.959999
********************************************************************************
Round 826
ROUND_ACCURACY method=FedPhoenixRG-SIR round=827 accuracy=74.089996
********************************************************************************
Round 827
ROUND_ACCURACY method=FedPhoenixRG-SIR round=828 accuracy=62.040001
********************************************************************************
Round 828
ROUND_ACCURACY method=FedPhoenixRG-SIR round=829 accuracy=79.110001
********************************************************************************
Round 829
ROUND_ACCURACY method=FedPhoenixRG-SIR round=830 accuracy=68.989998
********************************************************************************
Round 830
ROUND_ACCURACY method=FedPhoenixRG-SIR round=831 accuracy=75.980003
********************************************************************************
Round 831
ROUND_ACCURACY method=FedPhoenixRG-SIR round=832 accuracy=81.169998
********************************************************************************
Round 832
ROUND_ACCURACY method=FedPhoenixRG-SIR round=833 accuracy=79.110001
********************************************************************************
Round 833
ROUND_ACCURACY method=FedPhoenixRG-SIR round=834 accuracy=81.110001
********************************************************************************
Round 834
ROUND_ACCURACY method=FedPhoenixRG-SIR round=835 accuracy=82.160004
********************************************************************************
Round 835
ROUND_ACCURACY method=FedPhoenixRG-SIR round=836 accuracy=79.070000
********************************************************************************
Round 836
ROUND_ACCURACY method=FedPhoenixRG-SIR round=837 accuracy=82.040001
********************************************************************************
Round 837
ROUND_ACCURACY method=FedPhoenixRG-SIR round=838 accuracy=81.809998
********************************************************************************
Round 838
ROUND_ACCURACY method=FedPhoenixRG-SIR round=839 accuracy=79.709999
********************************************************************************
Round 839
SIR_SCORE round=840 layer=features.34 rank_corr=0.972927 top_overlap=0.750000 spectrum_diff=0.000e+00
SIR_SCORE round=840 layer=features.37 rank_corr=0.967570 top_overlap=0.375000 spectrum_diff=0.000e+00
SIR_SCORE round=840 layer=features.40 rank_corr=0.891339 top_overlap=0.750000 spectrum_diff=0.000e+00
ROUND_ACCURACY method=FedPhoenixRG-SIR round=840 accuracy=69.000000
********************************************************************************
Round 840
ROUND_ACCURACY method=FedPhoenixRG-SIR round=841 accuracy=79.269997
********************************************************************************
Round 841
ROUND_ACCURACY method=FedPhoenixRG-SIR round=842 accuracy=79.830002
********************************************************************************
Round 842
ROUND_ACCURACY method=FedPhoenixRG-SIR round=843 accuracy=81.529999
********************************************************************************
Round 843
ROUND_ACCURACY method=FedPhoenixRG-SIR round=844 accuracy=79.930000
********************************************************************************
Round 844
ROUND_ACCURACY method=FedPhoenixRG-SIR round=845 accuracy=73.699997
********************************************************************************
Round 845
ROUND_ACCURACY method=FedPhoenixRG-SIR round=846 accuracy=69.489998
********************************************************************************
Round 846
ROUND_ACCURACY method=FedPhoenixRG-SIR round=847 accuracy=63.709999
********************************************************************************
Round 847
ROUND_ACCURACY method=FedPhoenixRG-SIR round=848 accuracy=81.089996
********************************************************************************
Round 848
ROUND_ACCURACY method=FedPhoenixRG-SIR round=849 accuracy=79.190002
********************************************************************************
Round 849
ROUND_ACCURACY method=FedPhoenixRG-SIR round=850 accuracy=64.449997
********************************************************************************
Round 850
ROUND_ACCURACY method=FedPhoenixRG-SIR round=851 accuracy=77.870003
********************************************************************************
Round 851
ROUND_ACCURACY method=FedPhoenixRG-SIR round=852 accuracy=79.400002
********************************************************************************
Round 852
ROUND_ACCURACY method=FedPhoenixRG-SIR round=853 accuracy=78.930000
********************************************************************************
Round 853
ROUND_ACCURACY method=FedPhoenixRG-SIR round=854 accuracy=71.940002
********************************************************************************
Round 854
ROUND_ACCURACY method=FedPhoenixRG-SIR round=855 accuracy=72.470001
********************************************************************************
Round 855
ROUND_ACCURACY method=FedPhoenixRG-SIR round=856 accuracy=80.730003
********************************************************************************
Round 856
ROUND_ACCURACY method=FedPhoenixRG-SIR round=857 accuracy=80.570000
********************************************************************************
Round 857
ROUND_ACCURACY method=FedPhoenixRG-SIR round=858 accuracy=80.870003
********************************************************************************
Round 858
ROUND_ACCURACY method=FedPhoenixRG-SIR round=859 accuracy=80.309998
********************************************************************************
Round 859
SIR_SCORE round=860 layer=features.37 rank_corr=0.948346 top_overlap=0.500000 spectrum_diff=0.000e+00
SIR_SCORE round=860 layer=features.40 rank_corr=0.817547 top_overlap=0.500000 spectrum_diff=0.000e+00
ROUND_ACCURACY method=FedPhoenixRG-SIR round=860 accuracy=75.290001
********************************************************************************
Round 860
ROUND_ACCURACY method=FedPhoenixRG-SIR round=861 accuracy=77.190002
********************************************************************************
Round 861
ROUND_ACCURACY method=FedPhoenixRG-SIR round=862 accuracy=77.239998
********************************************************************************
Round 862
ROUND_ACCURACY method=FedPhoenixRG-SIR round=863 accuracy=72.199997
********************************************************************************
Round 863
ROUND_ACCURACY method=FedPhoenixRG-SIR round=864 accuracy=74.239998
********************************************************************************
Round 864
ROUND_ACCURACY method=FedPhoenixRG-SIR round=865 accuracy=80.760002
********************************************************************************
Round 865
ROUND_ACCURACY method=FedPhoenixRG-SIR round=866 accuracy=73.440002
********************************************************************************
Round 866
ROUND_ACCURACY method=FedPhoenixRG-SIR round=867 accuracy=80.980003
********************************************************************************
Round 867
ROUND_ACCURACY method=FedPhoenixRG-SIR round=868 accuracy=77.269997
********************************************************************************
Round 868
ROUND_ACCURACY method=FedPhoenixRG-SIR round=869 accuracy=80.980003
********************************************************************************
Round 869
ROUND_ACCURACY method=FedPhoenixRG-SIR round=870 accuracy=81.190002
********************************************************************************
Round 870
ROUND_ACCURACY method=FedPhoenixRG-SIR round=871 accuracy=81.760002
********************************************************************************
Round 871
ROUND_ACCURACY method=FedPhoenixRG-SIR round=872 accuracy=80.790001
********************************************************************************
Round 872
ROUND_ACCURACY method=FedPhoenixRG-SIR round=873 accuracy=80.900002
********************************************************************************
Round 873
ROUND_ACCURACY method=FedPhoenixRG-SIR round=874 accuracy=78.010002
********************************************************************************
Round 874
ROUND_ACCURACY method=FedPhoenixRG-SIR round=875 accuracy=79.209999
********************************************************************************
Round 875
ROUND_ACCURACY method=FedPhoenixRG-SIR round=876 accuracy=81.349998
********************************************************************************
Round 876
ROUND_ACCURACY method=FedPhoenixRG-SIR round=877 accuracy=73.180000
********************************************************************************
Round 877
ROUND_ACCURACY method=FedPhoenixRG-SIR round=878 accuracy=76.750000
********************************************************************************
Round 878
ROUND_ACCURACY method=FedPhoenixRG-SIR round=879 accuracy=70.290001
********************************************************************************
Round 879
SIR_SCORE round=880 layer=features.37 rank_corr=0.984136 top_overlap=0.750000 spectrum_diff=0.000e+00
SIR_SCORE round=880 layer=features.40 rank_corr=0.977110 top_overlap=1.000000 spectrum_diff=0.000e+00
ROUND_ACCURACY method=FedPhoenixRG-SIR round=880 accuracy=81.760002
********************************************************************************
Round 880
ROUND_ACCURACY method=FedPhoenixRG-SIR round=881 accuracy=73.500000
********************************************************************************
Round 881
ROUND_ACCURACY method=FedPhoenixRG-SIR round=882 accuracy=81.800003
********************************************************************************
Round 882
ROUND_ACCURACY method=FedPhoenixRG-SIR round=883 accuracy=81.800003
********************************************************************************
Round 883
ROUND_ACCURACY method=FedPhoenixRG-SIR round=884 accuracy=81.570000
********************************************************************************
Round 884
ROUND_ACCURACY method=FedPhoenixRG-SIR round=885 accuracy=80.470001
********************************************************************************
Round 885
ROUND_ACCURACY method=FedPhoenixRG-SIR round=886 accuracy=80.680000
********************************************************************************
Round 886
ROUND_ACCURACY method=FedPhoenixRG-SIR round=887 accuracy=79.800003
********************************************************************************
Round 887
ROUND_ACCURACY method=FedPhoenixRG-SIR round=888 accuracy=82.040001
********************************************************************************
Round 888
ROUND_ACCURACY method=FedPhoenixRG-SIR round=889 accuracy=80.980003
********************************************************************************
Round 889
ROUND_ACCURACY method=FedPhoenixRG-SIR round=890 accuracy=78.470001
********************************************************************************
Round 890
ROUND_ACCURACY method=FedPhoenixRG-SIR round=891 accuracy=81.389999
********************************************************************************
Round 891
ROUND_ACCURACY method=FedPhoenixRG-SIR round=892 accuracy=71.449997
********************************************************************************
Round 892
ROUND_ACCURACY method=FedPhoenixRG-SIR round=893 accuracy=78.139999
********************************************************************************
Round 893
ROUND_ACCURACY method=FedPhoenixRG-SIR round=894 accuracy=75.849998
********************************************************************************
Round 894
ROUND_ACCURACY method=FedPhoenixRG-SIR round=895 accuracy=72.419998
********************************************************************************
Round 895
ROUND_ACCURACY method=FedPhoenixRG-SIR round=896 accuracy=79.830002
********************************************************************************
Round 896
ROUND_ACCURACY method=FedPhoenixRG-SIR round=897 accuracy=72.730003
********************************************************************************
Round 897
ROUND_ACCURACY method=FedPhoenixRG-SIR round=898 accuracy=77.250000
********************************************************************************
Round 898
ROUND_ACCURACY method=FedPhoenixRG-SIR round=899 accuracy=79.010002
********************************************************************************
Round 899
SIR_SCORE round=900 layer=features.37 rank_corr=0.984128 top_overlap=0.875000 spectrum_diff=0.000e+00
SIR_SCORE round=900 layer=features.40 rank_corr=0.975849 top_overlap=0.750000 spectrum_diff=0.000e+00
ROUND_ACCURACY method=FedPhoenixRG-SIR round=900 accuracy=55.509998
********************************************************************************
Round 900
ROUND_ACCURACY method=FedPhoenixRG-SIR round=901 accuracy=74.389999
********************************************************************************
Round 901
ROUND_ACCURACY method=FedPhoenixRG-SIR round=902 accuracy=80.669998
********************************************************************************
Round 902
ROUND_ACCURACY method=FedPhoenixRG-SIR round=903 accuracy=80.080002
********************************************************************************
Round 903
ROUND_ACCURACY method=FedPhoenixRG-SIR round=904 accuracy=79.860001
********************************************************************************
Round 904
ROUND_ACCURACY method=FedPhoenixRG-SIR round=905 accuracy=81.559998
********************************************************************************
Round 905
ROUND_ACCURACY method=FedPhoenixRG-SIR round=906 accuracy=80.080002
********************************************************************************
Round 906
ROUND_ACCURACY method=FedPhoenixRG-SIR round=907 accuracy=79.080002
********************************************************************************
Round 907
ROUND_ACCURACY method=FedPhoenixRG-SIR round=908 accuracy=81.480003
********************************************************************************
Round 908
ROUND_ACCURACY method=FedPhoenixRG-SIR round=909 accuracy=78.239998
********************************************************************************
Round 909
ROUND_ACCURACY method=FedPhoenixRG-SIR round=910 accuracy=80.230003
********************************************************************************
Round 910
ROUND_ACCURACY method=FedPhoenixRG-SIR round=911 accuracy=77.849998
********************************************************************************
Round 911
ROUND_ACCURACY method=FedPhoenixRG-SIR round=912 accuracy=79.540001
********************************************************************************
Round 912
ROUND_ACCURACY method=FedPhoenixRG-SIR round=913 accuracy=76.980003
********************************************************************************
Round 913
ROUND_ACCURACY method=FedPhoenixRG-SIR round=914 accuracy=72.290001
********************************************************************************
Round 914
ROUND_ACCURACY method=FedPhoenixRG-SIR round=915 accuracy=80.070000
********************************************************************************
Round 915
ROUND_ACCURACY method=FedPhoenixRG-SIR round=916 accuracy=80.550003
********************************************************************************
Round 916
ROUND_ACCURACY method=FedPhoenixRG-SIR round=917 accuracy=81.769997
********************************************************************************
Round 917
ROUND_ACCURACY method=FedPhoenixRG-SIR round=918 accuracy=81.629997
********************************************************************************
Round 918
ROUND_ACCURACY method=FedPhoenixRG-SIR round=919 accuracy=81.519997
********************************************************************************
Round 919
SIR_SCORE round=920 layer=features.37 rank_corr=0.972337 top_overlap=0.875000 spectrum_diff=0.000e+00
SIR_SCORE round=920 layer=features.40 rank_corr=0.906868 top_overlap=0.875000 spectrum_diff=0.000e+00
ROUND_ACCURACY method=FedPhoenixRG-SIR round=920 accuracy=66.419998
********************************************************************************
Round 920
ROUND_ACCURACY method=FedPhoenixRG-SIR round=921 accuracy=80.300003
********************************************************************************
Round 921
ROUND_ACCURACY method=FedPhoenixRG-SIR round=922 accuracy=80.860001
********************************************************************************
Round 922
ROUND_ACCURACY method=FedPhoenixRG-SIR round=923 accuracy=81.849998
********************************************************************************
Round 923
ROUND_ACCURACY method=FedPhoenixRG-SIR round=924 accuracy=71.190002
********************************************************************************
Round 924
ROUND_ACCURACY method=FedPhoenixRG-SIR round=925 accuracy=80.760002
********************************************************************************
Round 925
ROUND_ACCURACY method=FedPhoenixRG-SIR round=926 accuracy=79.849998
********************************************************************************
Round 926
ROUND_ACCURACY method=FedPhoenixRG-SIR round=927 accuracy=81.910004
********************************************************************************
Round 927
ROUND_ACCURACY method=FedPhoenixRG-SIR round=928 accuracy=80.190002
********************************************************************************
Round 928
ROUND_ACCURACY method=FedPhoenixRG-SIR round=929 accuracy=81.279999
********************************************************************************
Round 929
ROUND_ACCURACY method=FedPhoenixRG-SIR round=930 accuracy=82.070000
********************************************************************************
Round 930
ROUND_ACCURACY method=FedPhoenixRG-SIR round=931 accuracy=82.190002
********************************************************************************
Round 931
ROUND_ACCURACY method=FedPhoenixRG-SIR round=932 accuracy=82.059998
********************************************************************************
Round 932
ROUND_ACCURACY method=FedPhoenixRG-SIR round=933 accuracy=80.389999
********************************************************************************
Round 933
ROUND_ACCURACY method=FedPhoenixRG-SIR round=934 accuracy=72.010002
********************************************************************************
Round 934
ROUND_ACCURACY method=FedPhoenixRG-SIR round=935 accuracy=78.529999
********************************************************************************
Round 935
ROUND_ACCURACY method=FedPhoenixRG-SIR round=936 accuracy=79.180000
********************************************************************************
Round 936
ROUND_ACCURACY method=FedPhoenixRG-SIR round=937 accuracy=79.169998
********************************************************************************
Round 937
ROUND_ACCURACY method=FedPhoenixRG-SIR round=938 accuracy=81.669998
********************************************************************************
Round 938
ROUND_ACCURACY method=FedPhoenixRG-SIR round=939 accuracy=79.580002
********************************************************************************
Round 939
SIR_SCORE round=940 layer=features.40 rank_corr=0.741251 top_overlap=0.500000 spectrum_diff=0.000e+00
ROUND_ACCURACY method=FedPhoenixRG-SIR round=940 accuracy=80.139999
********************************************************************************
Round 940
ROUND_ACCURACY method=FedPhoenixRG-SIR round=941 accuracy=79.989998
********************************************************************************
Round 941
ROUND_ACCURACY method=FedPhoenixRG-SIR round=942 accuracy=81.400002
********************************************************************************
Round 942
ROUND_ACCURACY method=FedPhoenixRG-SIR round=943 accuracy=81.589996
********************************************************************************
Round 943
ROUND_ACCURACY method=FedPhoenixRG-SIR round=944 accuracy=79.680000
********************************************************************************
Round 944
ROUND_ACCURACY method=FedPhoenixRG-SIR round=945 accuracy=81.910004
********************************************************************************
Round 945
ROUND_ACCURACY method=FedPhoenixRG-SIR round=946 accuracy=73.959999
********************************************************************************
Round 946
ROUND_ACCURACY method=FedPhoenixRG-SIR round=947 accuracy=79.370003
********************************************************************************
Round 947
ROUND_ACCURACY method=FedPhoenixRG-SIR round=948 accuracy=81.080002
********************************************************************************
Round 948
ROUND_ACCURACY method=FedPhoenixRG-SIR round=949 accuracy=81.209999
********************************************************************************
Round 949
ROUND_ACCURACY method=FedPhoenixRG-SIR round=950 accuracy=79.820000
********************************************************************************
Round 950
ROUND_ACCURACY method=FedPhoenixRG-SIR round=951 accuracy=81.489998
********************************************************************************
Round 951
ROUND_ACCURACY method=FedPhoenixRG-SIR round=952 accuracy=80.900002
********************************************************************************
Round 952
ROUND_ACCURACY method=FedPhoenixRG-SIR round=953 accuracy=81.809998
********************************************************************************
Round 953
ROUND_ACCURACY method=FedPhoenixRG-SIR round=954 accuracy=81.389999
********************************************************************************
Round 954
ROUND_ACCURACY method=FedPhoenixRG-SIR round=955 accuracy=80.419998
********************************************************************************
Round 955
ROUND_ACCURACY method=FedPhoenixRG-SIR round=956 accuracy=82.419998
********************************************************************************
Round 956
ROUND_ACCURACY method=FedPhoenixRG-SIR round=957 accuracy=79.050003
********************************************************************************
Round 957
ROUND_ACCURACY method=FedPhoenixRG-SIR round=958 accuracy=81.690002
********************************************************************************
Round 958
ROUND_ACCURACY method=FedPhoenixRG-SIR round=959 accuracy=81.230003
********************************************************************************
Round 959
SIR_SCORE round=960 layer=features.40 rank_corr=0.970746 top_overlap=0.875000 spectrum_diff=0.000e+00
ROUND_ACCURACY method=FedPhoenixRG-SIR round=960 accuracy=73.559998
********************************************************************************
Round 960
ROUND_ACCURACY method=FedPhoenixRG-SIR round=961 accuracy=74.099998
********************************************************************************
Round 961
ROUND_ACCURACY method=FedPhoenixRG-SIR round=962 accuracy=74.330002
********************************************************************************
Round 962
ROUND_ACCURACY method=FedPhoenixRG-SIR round=963 accuracy=79.610001
********************************************************************************
Round 963
ROUND_ACCURACY method=FedPhoenixRG-SIR round=964 accuracy=79.309998
********************************************************************************
Round 964
ROUND_ACCURACY method=FedPhoenixRG-SIR round=965 accuracy=80.769997
********************************************************************************
Round 965
ROUND_ACCURACY method=FedPhoenixRG-SIR round=966 accuracy=82.169998
********************************************************************************
Round 966
ROUND_ACCURACY method=FedPhoenixRG-SIR round=967 accuracy=82.620003
********************************************************************************
Round 967
ROUND_ACCURACY method=FedPhoenixRG-SIR round=968 accuracy=81.529999
********************************************************************************
Round 968
ROUND_ACCURACY method=FedPhoenixRG-SIR round=969 accuracy=82.660004
********************************************************************************
Round 969
ROUND_ACCURACY method=FedPhoenixRG-SIR round=970 accuracy=82.330002
********************************************************************************
Round 970
ROUND_ACCURACY method=FedPhoenixRG-SIR round=971 accuracy=82.120003
********************************************************************************
Round 971
ROUND_ACCURACY method=FedPhoenixRG-SIR round=972 accuracy=82.110001
********************************************************************************
Round 972
ROUND_ACCURACY method=FedPhoenixRG-SIR round=973 accuracy=82.629997
********************************************************************************
Round 973
ROUND_ACCURACY method=FedPhoenixRG-SIR round=974 accuracy=81.860001
********************************************************************************
Round 974
ROUND_ACCURACY method=FedPhoenixRG-SIR round=975 accuracy=75.760002
********************************************************************************
Round 975
ROUND_ACCURACY method=FedPhoenixRG-SIR round=976 accuracy=80.769997
********************************************************************************
Round 976
ROUND_ACCURACY method=FedPhoenixRG-SIR round=977 accuracy=80.769997
********************************************************************************
Round 977
ROUND_ACCURACY method=FedPhoenixRG-SIR round=978 accuracy=71.949997
********************************************************************************
Round 978
ROUND_ACCURACY method=FedPhoenixRG-SIR round=979 accuracy=77.550003
********************************************************************************
Round 979
SIR_SCORE round=980 layer=features.40 rank_corr=0.891202 top_overlap=0.500000 spectrum_diff=0.000e+00
ROUND_ACCURACY method=FedPhoenixRG-SIR round=980 accuracy=76.019997
********************************************************************************
Round 980
ROUND_ACCURACY method=FedPhoenixRG-SIR round=981 accuracy=73.730003
********************************************************************************
Round 981
ROUND_ACCURACY method=FedPhoenixRG-SIR round=982 accuracy=79.349998
********************************************************************************
Round 982
ROUND_ACCURACY method=FedPhoenixRG-SIR round=983 accuracy=81.809998
********************************************************************************
Round 983
ROUND_ACCURACY method=FedPhoenixRG-SIR round=984 accuracy=82.370003
********************************************************************************
Round 984
ROUND_ACCURACY method=FedPhoenixRG-SIR round=985 accuracy=82.099998
********************************************************************************
Round 985
ROUND_ACCURACY method=FedPhoenixRG-SIR round=986 accuracy=82.300003
********************************************************************************
Round 986
ROUND_ACCURACY method=FedPhoenixRG-SIR round=987 accuracy=82.589996
********************************************************************************
Round 987
ROUND_ACCURACY method=FedPhoenixRG-SIR round=988 accuracy=81.730003
********************************************************************************
Round 988
ROUND_ACCURACY method=FedPhoenixRG-SIR round=989 accuracy=81.830002
********************************************************************************
Round 989
ROUND_ACCURACY method=FedPhoenixRG-SIR round=990 accuracy=82.269997
********************************************************************************
Round 990
ROUND_ACCURACY method=FedPhoenixRG-SIR round=991 accuracy=82.230003
********************************************************************************
Round 991
ROUND_ACCURACY method=FedPhoenixRG-SIR round=992 accuracy=81.309998
********************************************************************************
Round 992
ROUND_ACCURACY method=FedPhoenixRG-SIR round=993 accuracy=82.070000
********************************************************************************
Round 993
ROUND_ACCURACY method=FedPhoenixRG-SIR round=994 accuracy=82.209999
********************************************************************************
Round 994
ROUND_ACCURACY method=FedPhoenixRG-SIR round=995 accuracy=80.290001
********************************************************************************
Round 995
ROUND_ACCURACY method=FedPhoenixRG-SIR round=996 accuracy=79.070000
********************************************************************************
Round 996
ROUND_ACCURACY method=FedPhoenixRG-SIR round=997 accuracy=82.220001
********************************************************************************
Round 997
ROUND_ACCURACY method=FedPhoenixRG-SIR round=998 accuracy=81.949997
********************************************************************************
Round 998
ROUND_ACCURACY method=FedPhoenixRG-SIR round=999 accuracy=81.589996
********************************************************************************
Round 999
ROUND_ACCURACY method=FedPhoenixRG-SIR round=1000 accuracy=82.199997
PEAK_ACCURACY method=FedPhoenixRG-SIR round=969 accuracy=82.660004
Unified training metrics saved to C:\Users\admin\Desktop\need_do\new_paper_four\FedPhoenix-finish\results\training_metrics\cifar10_vgg_FedPhoenixRG-SIR_seed1_original_FedPhoenixRG-SIR_seed1_1000.csv
SIR diagnostics saved to C:\Users\admin\Desktop\need_do\new_paper_four\FedPhoenix-finish\results\training_metrics\cifar10_vgg_FedPhoenixRG-SIR_seed1_original_FedPhoenixRG-SIR_seed1_1000_sir_diagnostics.jsonl
